ISO-10303-21;
HEADER;
/* Generated by software containing ST-Developer
 * from STEP Tools, Inc. (www.steptools.com) 
 */

FILE_DESCRIPTION(
/* description */ (''),
/* implementation_level */ '2;1');

FILE_NAME(
/* name */ 
'C:\\Users\\Mateusz Natywa\\OneDrive - Riverdi Sp. z o.o\\TASKS\\LVDS_
5.0_3d\\RVT50HQLFWN00\\3D_RVT50HQLFWN00_Rev.1.0.stp',
/* time_stamp */ '2022-10-14T14:34:18+02:00',
/* author */ ('Mateusz Natywa'),
/* organization */ (''),
/* preprocessor_version */ 'ST-DEVELOPER v17',
/* originating_system */ 'Autodesk Inventor 2019',
/* authorisation */ '');

FILE_SCHEMA (('AUTOMOTIVE_DESIGN { 1 0 10303 214 3 1 1 }'));
ENDSEC;

DATA;
#10=MECHANICAL_DESIGN_GEOMETRIC_PRESENTATION_REPRESENTATION('',(#47,#48,
#49,#50,#51,#52,#53,#54,#55,#56,#57,#58,#59,#60,#61,#62,#63,#64,#65,#66,
#67,#68,#69,#70,#71,#72,#73,#74,#75,#76,#77,#78,#79,#80,#81,#82,#83,#84,
#85,#86,#87,#88,#89,#90,#91),#10674);
#11=SPHERICAL_SURFACE('',#6816,0.3);
#12=SPHERICAL_SURFACE('',#6821,0.3);
#13=SPHERICAL_SURFACE('',#6826,0.3);
#14=SPHERICAL_SURFACE('',#6831,0.3);
#15=ITEM_DEFINED_TRANSFORMATION($,$,#6685,#6799);
#16=ITEM_DEFINED_TRANSFORMATION($,$,#6792,#6800);
#17=ITEM_DEFINED_TRANSFORMATION($,$,#6802,#7100);
#18=ITEM_DEFINED_TRANSFORMATION($,$,#6860,#7101);
#19=ITEM_DEFINED_TRANSFORMATION($,$,#6684,#7102);
#20=ITEM_DEFINED_TRANSFORMATION($,$,#6801,#7103);
#21=(
REPRESENTATION_RELATIONSHIP($,$,#10701,#10700)
REPRESENTATION_RELATIONSHIP_WITH_TRANSFORMATION(#15)
SHAPE_REPRESENTATION_RELATIONSHIP()
);
#22=(
REPRESENTATION_RELATIONSHIP($,$,#10702,#10700)
REPRESENTATION_RELATIONSHIP_WITH_TRANSFORMATION(#16)
SHAPE_REPRESENTATION_RELATIONSHIP()
);
#23=(
REPRESENTATION_RELATIONSHIP($,$,#10704,#10703)
REPRESENTATION_RELATIONSHIP_WITH_TRANSFORMATION(#17)
SHAPE_REPRESENTATION_RELATIONSHIP()
);
#24=(
REPRESENTATION_RELATIONSHIP($,$,#10705,#10703)
REPRESENTATION_RELATIONSHIP_WITH_TRANSFORMATION(#18)
SHAPE_REPRESENTATION_RELATIONSHIP()
);
#25=(
REPRESENTATION_RELATIONSHIP($,$,#10700,#10699)
REPRESENTATION_RELATIONSHIP_WITH_TRANSFORMATION(#19)
SHAPE_REPRESENTATION_RELATIONSHIP()
);
#26=(
REPRESENTATION_RELATIONSHIP($,$,#10703,#10699)
REPRESENTATION_RELATIONSHIP_WITH_TRANSFORMATION(#20)
SHAPE_REPRESENTATION_RELATIONSHIP()
);
#27=CONTEXT_DEPENDENT_SHAPE_REPRESENTATION(#21,#10690);
#28=CONTEXT_DEPENDENT_SHAPE_REPRESENTATION(#22,#10691);
#29=CONTEXT_DEPENDENT_SHAPE_REPRESENTATION(#23,#10695);
#30=CONTEXT_DEPENDENT_SHAPE_REPRESENTATION(#24,#10696);
#31=CONTEXT_DEPENDENT_SHAPE_REPRESENTATION(#25,#10697);
#32=CONTEXT_DEPENDENT_SHAPE_REPRESENTATION(#26,#10698);
#33=NEXT_ASSEMBLY_USAGE_OCCURRENCE('FRAME:1','FRAME:1','FRAME:1',#10708,
#10709,'FRAME:1');
#34=NEXT_ASSEMBLY_USAGE_OCCURRENCE('DST:1','DST:1','DST:1',#10708,#10710,
'DST:1');
#35=NEXT_ASSEMBLY_USAGE_OCCURRENCE('DISP:1','DISP:1','DISP:1',#10711,#10712,
'DISP:1');
#36=NEXT_ASSEMBLY_USAGE_OCCURRENCE('FPC:1','FPC:1','FPC:1',#10711,#10713,
'FPC:1');
#37=NEXT_ASSEMBLY_USAGE_OCCURRENCE('FRAME:1','FRAME:1','FRAME:1',#10707,
#10708,'FRAME:1');
#38=NEXT_ASSEMBLY_USAGE_OCCURRENCE('TFT:1','TFT:1','TFT:1',#10707,#10711,
'TFT:1');
#39=SHAPE_REPRESENTATION_RELATIONSHIP('SRR','None',#10701,#43);
#40=SHAPE_REPRESENTATION_RELATIONSHIP('SRR','None',#10702,#44);
#41=SHAPE_REPRESENTATION_RELATIONSHIP('SRR','None',#10704,#45);
#42=SHAPE_REPRESENTATION_RELATIONSHIP('SRR','None',#10705,#46);
#43=ADVANCED_BREP_SHAPE_REPRESENTATION('',(#92),#10669);
#44=ADVANCED_BREP_SHAPE_REPRESENTATION('',(#93),#10670);
#45=ADVANCED_BREP_SHAPE_REPRESENTATION('',(#94),#10672);
#46=ADVANCED_BREP_SHAPE_REPRESENTATION('',(#95),#10673);
#47=STYLED_ITEM('',(#6599),#92);
#48=STYLED_ITEM('',(#6600),#93);
#49=STYLED_ITEM('',(#6602),#6329);
#50=STYLED_ITEM('',(#6601),#94);
#51=STYLED_ITEM('',(#6604),#6368);
#52=STYLED_ITEM('',(#6604),#6369);
#53=STYLED_ITEM('',(#6604),#6370);
#54=STYLED_ITEM('',(#6604),#6371);
#55=STYLED_ITEM('',(#6604),#6372);
#56=STYLED_ITEM('',(#6604),#6373);
#57=STYLED_ITEM('',(#6604),#6374);
#58=STYLED_ITEM('',(#6604),#6375);
#59=STYLED_ITEM('',(#6604),#6376);
#60=STYLED_ITEM('',(#6604),#6377);
#61=STYLED_ITEM('',(#6604),#6378);
#62=STYLED_ITEM('',(#6604),#6379);
#63=STYLED_ITEM('',(#6604),#6380);
#64=STYLED_ITEM('',(#6604),#6381);
#65=STYLED_ITEM('',(#6604),#6382);
#66=STYLED_ITEM('',(#6604),#6383);
#67=STYLED_ITEM('',(#6604),#6384);
#68=STYLED_ITEM('',(#6604),#6385);
#69=STYLED_ITEM('',(#6604),#6386);
#70=STYLED_ITEM('',(#6604),#6387);
#71=STYLED_ITEM('',(#6604),#6388);
#72=STYLED_ITEM('',(#6604),#6389);
#73=STYLED_ITEM('',(#6604),#6390);
#74=STYLED_ITEM('',(#6604),#6391);
#75=STYLED_ITEM('',(#6604),#6392);
#76=STYLED_ITEM('',(#6604),#6393);
#77=STYLED_ITEM('',(#6604),#6394);
#78=STYLED_ITEM('',(#6604),#6395);
#79=STYLED_ITEM('',(#6604),#6396);
#80=STYLED_ITEM('',(#6604),#6397);
#81=STYLED_ITEM('',(#6604),#6398);
#82=STYLED_ITEM('',(#6604),#6399);
#83=STYLED_ITEM('',(#6604),#6400);
#84=STYLED_ITEM('',(#6604),#6401);
#85=STYLED_ITEM('',(#6604),#6402);
#86=STYLED_ITEM('',(#6604),#6403);
#87=STYLED_ITEM('',(#6604),#6404);
#88=STYLED_ITEM('',(#6604),#6405);
#89=STYLED_ITEM('',(#6604),#6406);
#90=STYLED_ITEM('',(#6604),#6407);
#91=STYLED_ITEM('',(#6603),#95);
#92=MANIFOLD_SOLID_BREP('Solid1',#6550);
#93=MANIFOLD_SOLID_BREP('Solid1',#6551);
#94=MANIFOLD_SOLID_BREP('Solid1',#6552);
#95=MANIFOLD_SOLID_BREP('Solid1',#6553);
#96=CYLINDRICAL_SURFACE('',#6744,0.999999999999724);
#97=CYLINDRICAL_SURFACE('',#6746,0.999999999999804);
#98=CYLINDRICAL_SURFACE('',#6754,0.999999999999724);
#99=CYLINDRICAL_SURFACE('',#6756,0.999999999999806);
#100=CYLINDRICAL_SURFACE('',#6759,0.999999999999818);
#101=CYLINDRICAL_SURFACE('',#6761,1.00000000000014);
#102=CYLINDRICAL_SURFACE('',#6769,0.999999999999819);
#103=CYLINDRICAL_SURFACE('',#6771,1.00000000000013);
#104=CYLINDRICAL_SURFACE('',#6788,1.74999999999972);
#105=CYLINDRICAL_SURFACE('',#6789,1.74999999999972);
#106=CYLINDRICAL_SURFACE('',#6790,1.75000000000001);
#107=CYLINDRICAL_SURFACE('',#6791,1.75000000000001);
#108=CYLINDRICAL_SURFACE('',#6803,0.3);
#109=CYLINDRICAL_SURFACE('',#6810,0.3);
#110=CYLINDRICAL_SURFACE('',#6813,0.3);
#111=CYLINDRICAL_SURFACE('',#6818,0.3);
#112=CYLINDRICAL_SURFACE('',#6823,0.3);
#113=CYLINDRICAL_SURFACE('',#6828,0.3);
#114=CYLINDRICAL_SURFACE('',#6842,0.30000000000102);
#115=CYLINDRICAL_SURFACE('',#6844,0.249999999999545);
#116=CYLINDRICAL_SURFACE('',#6848,0.25);
#117=CYLINDRICAL_SURFACE('',#6851,0.300000000000659);
#118=CYLINDRICAL_SURFACE('',#6854,0.299999999999477);
#119=CYLINDRICAL_SURFACE('',#6857,0.300000000000438);
#120=CYLINDRICAL_SURFACE('',#6866,0.8);
#121=CYLINDRICAL_SURFACE('',#6882,0.900000000000016);
#122=CYLINDRICAL_SURFACE('',#6896,0.8);
#123=CYLINDRICAL_SURFACE('',#6898,0.900000000000016);
#124=CYLINDRICAL_SURFACE('',#6903,0.8);
#125=CYLINDRICAL_SURFACE('',#6905,0.9);
#126=CYLINDRICAL_SURFACE('',#6908,0.9);
#127=CYLINDRICAL_SURFACE('',#7081,0.8);
#128=CYLINDRICAL_SURFACE('',#7083,0.5);
#129=CYLINDRICAL_SURFACE('',#7085,1.);
#130=CYLINDRICAL_SURFACE('',#7087,1.);
#131=CYLINDRICAL_SURFACE('',#7089,0.200000000000724);
#132=CYLINDRICAL_SURFACE('',#7090,0.2);
#133=CYLINDRICAL_SURFACE('',#7092,1.);
#134=CYLINDRICAL_SURFACE('',#7094,1.);
#135=CYLINDRICAL_SURFACE('',#7096,1.);
#136=FACE_BOUND('',#467,.T.);
#137=FACE_BOUND('',#468,.T.);
#138=FACE_BOUND('',#469,.T.);
#139=FACE_BOUND('',#470,.T.);
#140=FACE_BOUND('',#474,.T.);
#141=FACE_BOUND('',#475,.T.);
#142=FACE_BOUND('',#476,.T.);
#143=FACE_BOUND('',#477,.T.);
#144=FACE_BOUND('',#557,.T.);
#145=FACE_BOUND('',#591,.T.);
#146=FACE_OUTER_BOUND('',#466,.T.);
#147=FACE_OUTER_BOUND('',#471,.T.);
#148=FACE_OUTER_BOUND('',#472,.T.);
#149=FACE_OUTER_BOUND('',#473,.T.);
#150=FACE_OUTER_BOUND('',#478,.T.);
#151=FACE_OUTER_BOUND('',#479,.T.);
#152=FACE_OUTER_BOUND('',#480,.T.);
#153=FACE_OUTER_BOUND('',#481,.T.);
#154=FACE_OUTER_BOUND('',#482,.T.);
#155=FACE_OUTER_BOUND('',#483,.T.);
#156=FACE_OUTER_BOUND('',#484,.T.);
#157=FACE_OUTER_BOUND('',#485,.T.);
#158=FACE_OUTER_BOUND('',#486,.T.);
#159=FACE_OUTER_BOUND('',#487,.T.);
#160=FACE_OUTER_BOUND('',#488,.T.);
#161=FACE_OUTER_BOUND('',#489,.T.);
#162=FACE_OUTER_BOUND('',#490,.T.);
#163=FACE_OUTER_BOUND('',#491,.T.);
#164=FACE_OUTER_BOUND('',#492,.T.);
#165=FACE_OUTER_BOUND('',#493,.T.);
#166=FACE_OUTER_BOUND('',#494,.T.);
#167=FACE_OUTER_BOUND('',#495,.T.);
#168=FACE_OUTER_BOUND('',#496,.T.);
#169=FACE_OUTER_BOUND('',#497,.T.);
#170=FACE_OUTER_BOUND('',#498,.T.);
#171=FACE_OUTER_BOUND('',#499,.T.);
#172=FACE_OUTER_BOUND('',#500,.T.);
#173=FACE_OUTER_BOUND('',#501,.T.);
#174=FACE_OUTER_BOUND('',#502,.T.);
#175=FACE_OUTER_BOUND('',#503,.T.);
#176=FACE_OUTER_BOUND('',#504,.T.);
#177=FACE_OUTER_BOUND('',#505,.T.);
#178=FACE_OUTER_BOUND('',#506,.T.);
#179=FACE_OUTER_BOUND('',#507,.T.);
#180=FACE_OUTER_BOUND('',#508,.T.);
#181=FACE_OUTER_BOUND('',#509,.T.);
#182=FACE_OUTER_BOUND('',#510,.T.);
#183=FACE_OUTER_BOUND('',#511,.T.);
#184=FACE_OUTER_BOUND('',#512,.T.);
#185=FACE_OUTER_BOUND('',#513,.T.);
#186=FACE_OUTER_BOUND('',#514,.T.);
#187=FACE_OUTER_BOUND('',#515,.T.);
#188=FACE_OUTER_BOUND('',#516,.T.);
#189=FACE_OUTER_BOUND('',#517,.T.);
#190=FACE_OUTER_BOUND('',#518,.T.);
#191=FACE_OUTER_BOUND('',#519,.T.);
#192=FACE_OUTER_BOUND('',#520,.T.);
#193=FACE_OUTER_BOUND('',#521,.T.);
#194=FACE_OUTER_BOUND('',#522,.T.);
#195=FACE_OUTER_BOUND('',#523,.T.);
#196=FACE_OUTER_BOUND('',#524,.T.);
#197=FACE_OUTER_BOUND('',#525,.T.);
#198=FACE_OUTER_BOUND('',#526,.T.);
#199=FACE_OUTER_BOUND('',#527,.T.);
#200=FACE_OUTER_BOUND('',#528,.T.);
#201=FACE_OUTER_BOUND('',#529,.T.);
#202=FACE_OUTER_BOUND('',#530,.T.);
#203=FACE_OUTER_BOUND('',#531,.T.);
#204=FACE_OUTER_BOUND('',#532,.T.);
#205=FACE_OUTER_BOUND('',#533,.T.);
#206=FACE_OUTER_BOUND('',#534,.T.);
#207=FACE_OUTER_BOUND('',#535,.T.);
#208=FACE_OUTER_BOUND('',#536,.T.);
#209=FACE_OUTER_BOUND('',#537,.T.);
#210=FACE_OUTER_BOUND('',#538,.T.);
#211=FACE_OUTER_BOUND('',#539,.T.);
#212=FACE_OUTER_BOUND('',#540,.T.);
#213=FACE_OUTER_BOUND('',#541,.T.);
#214=FACE_OUTER_BOUND('',#542,.T.);
#215=FACE_OUTER_BOUND('',#543,.T.);
#216=FACE_OUTER_BOUND('',#544,.T.);
#217=FACE_OUTER_BOUND('',#545,.T.);
#218=FACE_OUTER_BOUND('',#546,.T.);
#219=FACE_OUTER_BOUND('',#547,.T.);
#220=FACE_OUTER_BOUND('',#548,.T.);
#221=FACE_OUTER_BOUND('',#549,.T.);
#222=FACE_OUTER_BOUND('',#550,.T.);
#223=FACE_OUTER_BOUND('',#551,.T.);
#224=FACE_OUTER_BOUND('',#552,.T.);
#225=FACE_OUTER_BOUND('',#553,.T.);
#226=FACE_OUTER_BOUND('',#554,.T.);
#227=FACE_OUTER_BOUND('',#555,.T.);
#228=FACE_OUTER_BOUND('',#556,.T.);
#229=FACE_OUTER_BOUND('',#558,.T.);
#230=FACE_OUTER_BOUND('',#559,.T.);
#231=FACE_OUTER_BOUND('',#560,.T.);
#232=FACE_OUTER_BOUND('',#561,.T.);
#233=FACE_OUTER_BOUND('',#562,.T.);
#234=FACE_OUTER_BOUND('',#563,.T.);
#235=FACE_OUTER_BOUND('',#564,.T.);
#236=FACE_OUTER_BOUND('',#565,.T.);
#237=FACE_OUTER_BOUND('',#566,.T.);
#238=FACE_OUTER_BOUND('',#567,.T.);
#239=FACE_OUTER_BOUND('',#568,.T.);
#240=FACE_OUTER_BOUND('',#569,.T.);
#241=FACE_OUTER_BOUND('',#570,.T.);
#242=FACE_OUTER_BOUND('',#571,.T.);
#243=FACE_OUTER_BOUND('',#572,.T.);
#244=FACE_OUTER_BOUND('',#573,.T.);
#245=FACE_OUTER_BOUND('',#574,.T.);
#246=FACE_OUTER_BOUND('',#575,.T.);
#247=FACE_OUTER_BOUND('',#576,.T.);
#248=FACE_OUTER_BOUND('',#577,.T.);
#249=FACE_OUTER_BOUND('',#578,.T.);
#250=FACE_OUTER_BOUND('',#579,.T.);
#251=FACE_OUTER_BOUND('',#580,.T.);
#252=FACE_OUTER_BOUND('',#581,.T.);
#253=FACE_OUTER_BOUND('',#582,.T.);
#254=FACE_OUTER_BOUND('',#583,.T.);
#255=FACE_OUTER_BOUND('',#584,.T.);
#256=FACE_OUTER_BOUND('',#585,.T.);
#257=FACE_OUTER_BOUND('',#586,.T.);
#258=FACE_OUTER_BOUND('',#587,.T.);
#259=FACE_OUTER_BOUND('',#588,.T.);
#260=FACE_OUTER_BOUND('',#589,.T.);
#261=FACE_OUTER_BOUND('',#590,.T.);
#262=FACE_OUTER_BOUND('',#592,.T.);
#263=FACE_OUTER_BOUND('',#593,.T.);
#264=FACE_OUTER_BOUND('',#594,.T.);
#265=FACE_OUTER_BOUND('',#595,.T.);
#266=FACE_OUTER_BOUND('',#596,.T.);
#267=FACE_OUTER_BOUND('',#597,.T.);
#268=FACE_OUTER_BOUND('',#598,.T.);
#269=FACE_OUTER_BOUND('',#599,.T.);
#270=FACE_OUTER_BOUND('',#600,.T.);
#271=FACE_OUTER_BOUND('',#601,.T.);
#272=FACE_OUTER_BOUND('',#602,.T.);
#273=FACE_OUTER_BOUND('',#603,.T.);
#274=FACE_OUTER_BOUND('',#604,.T.);
#275=FACE_OUTER_BOUND('',#605,.T.);
#276=FACE_OUTER_BOUND('',#606,.T.);
#277=FACE_OUTER_BOUND('',#607,.T.);
#278=FACE_OUTER_BOUND('',#608,.T.);
#279=FACE_OUTER_BOUND('',#609,.T.);
#280=FACE_OUTER_BOUND('',#610,.T.);
#281=FACE_OUTER_BOUND('',#611,.T.);
#282=FACE_OUTER_BOUND('',#612,.T.);
#283=FACE_OUTER_BOUND('',#613,.T.);
#284=FACE_OUTER_BOUND('',#614,.T.);
#285=FACE_OUTER_BOUND('',#615,.T.);
#286=FACE_OUTER_BOUND('',#616,.T.);
#287=FACE_OUTER_BOUND('',#617,.T.);
#288=FACE_OUTER_BOUND('',#618,.T.);
#289=FACE_OUTER_BOUND('',#619,.T.);
#290=FACE_OUTER_BOUND('',#620,.T.);
#291=FACE_OUTER_BOUND('',#621,.T.);
#292=FACE_OUTER_BOUND('',#622,.T.);
#293=FACE_OUTER_BOUND('',#623,.T.);
#294=FACE_OUTER_BOUND('',#624,.T.);
#295=FACE_OUTER_BOUND('',#625,.T.);
#296=FACE_OUTER_BOUND('',#626,.T.);
#297=FACE_OUTER_BOUND('',#627,.T.);
#298=FACE_OUTER_BOUND('',#628,.T.);
#299=FACE_OUTER_BOUND('',#629,.T.);
#300=FACE_OUTER_BOUND('',#630,.T.);
#301=FACE_OUTER_BOUND('',#631,.T.);
#302=FACE_OUTER_BOUND('',#632,.T.);
#303=FACE_OUTER_BOUND('',#633,.T.);
#304=FACE_OUTER_BOUND('',#634,.T.);
#305=FACE_OUTER_BOUND('',#635,.T.);
#306=FACE_OUTER_BOUND('',#636,.T.);
#307=FACE_OUTER_BOUND('',#637,.T.);
#308=FACE_OUTER_BOUND('',#638,.T.);
#309=FACE_OUTER_BOUND('',#639,.T.);
#310=FACE_OUTER_BOUND('',#640,.T.);
#311=FACE_OUTER_BOUND('',#641,.T.);
#312=FACE_OUTER_BOUND('',#642,.T.);
#313=FACE_OUTER_BOUND('',#643,.T.);
#314=FACE_OUTER_BOUND('',#644,.T.);
#315=FACE_OUTER_BOUND('',#645,.T.);
#316=FACE_OUTER_BOUND('',#646,.T.);
#317=FACE_OUTER_BOUND('',#647,.T.);
#318=FACE_OUTER_BOUND('',#648,.T.);
#319=FACE_OUTER_BOUND('',#649,.T.);
#320=FACE_OUTER_BOUND('',#650,.T.);
#321=FACE_OUTER_BOUND('',#651,.T.);
#322=FACE_OUTER_BOUND('',#652,.T.);
#323=FACE_OUTER_BOUND('',#653,.T.);
#324=FACE_OUTER_BOUND('',#654,.T.);
#325=FACE_OUTER_BOUND('',#655,.T.);
#326=FACE_OUTER_BOUND('',#656,.T.);
#327=FACE_OUTER_BOUND('',#657,.T.);
#328=FACE_OUTER_BOUND('',#658,.T.);
#329=FACE_OUTER_BOUND('',#659,.T.);
#330=FACE_OUTER_BOUND('',#660,.T.);
#331=FACE_OUTER_BOUND('',#661,.T.);
#332=FACE_OUTER_BOUND('',#662,.T.);
#333=FACE_OUTER_BOUND('',#663,.T.);
#334=FACE_OUTER_BOUND('',#664,.T.);
#335=FACE_OUTER_BOUND('',#665,.T.);
#336=FACE_OUTER_BOUND('',#666,.T.);
#337=FACE_OUTER_BOUND('',#667,.T.);
#338=FACE_OUTER_BOUND('',#668,.T.);
#339=FACE_OUTER_BOUND('',#669,.T.);
#340=FACE_OUTER_BOUND('',#670,.T.);
#341=FACE_OUTER_BOUND('',#671,.T.);
#342=FACE_OUTER_BOUND('',#672,.T.);
#343=FACE_OUTER_BOUND('',#673,.T.);
#344=FACE_OUTER_BOUND('',#674,.T.);
#345=FACE_OUTER_BOUND('',#675,.T.);
#346=FACE_OUTER_BOUND('',#676,.T.);
#347=FACE_OUTER_BOUND('',#677,.T.);
#348=FACE_OUTER_BOUND('',#678,.T.);
#349=FACE_OUTER_BOUND('',#679,.T.);
#350=FACE_OUTER_BOUND('',#680,.T.);
#351=FACE_OUTER_BOUND('',#681,.T.);
#352=FACE_OUTER_BOUND('',#682,.T.);
#353=FACE_OUTER_BOUND('',#683,.T.);
#354=FACE_OUTER_BOUND('',#684,.T.);
#355=FACE_OUTER_BOUND('',#685,.T.);
#356=FACE_OUTER_BOUND('',#686,.T.);
#357=FACE_OUTER_BOUND('',#687,.T.);
#358=FACE_OUTER_BOUND('',#688,.T.);
#359=FACE_OUTER_BOUND('',#689,.T.);
#360=FACE_OUTER_BOUND('',#690,.T.);
#361=FACE_OUTER_BOUND('',#691,.T.);
#362=FACE_OUTER_BOUND('',#692,.T.);
#363=FACE_OUTER_BOUND('',#693,.T.);
#364=FACE_OUTER_BOUND('',#694,.T.);
#365=FACE_OUTER_BOUND('',#695,.T.);
#366=FACE_OUTER_BOUND('',#696,.T.);
#367=FACE_OUTER_BOUND('',#697,.T.);
#368=FACE_OUTER_BOUND('',#698,.T.);
#369=FACE_OUTER_BOUND('',#699,.T.);
#370=FACE_OUTER_BOUND('',#700,.T.);
#371=FACE_OUTER_BOUND('',#701,.T.);
#372=FACE_OUTER_BOUND('',#702,.T.);
#373=FACE_OUTER_BOUND('',#703,.T.);
#374=FACE_OUTER_BOUND('',#704,.T.);
#375=FACE_OUTER_BOUND('',#705,.T.);
#376=FACE_OUTER_BOUND('',#706,.T.);
#377=FACE_OUTER_BOUND('',#707,.T.);
#378=FACE_OUTER_BOUND('',#708,.T.);
#379=FACE_OUTER_BOUND('',#709,.T.);
#380=FACE_OUTER_BOUND('',#710,.T.);
#381=FACE_OUTER_BOUND('',#711,.T.);
#382=FACE_OUTER_BOUND('',#712,.T.);
#383=FACE_OUTER_BOUND('',#713,.T.);
#384=FACE_OUTER_BOUND('',#714,.T.);
#385=FACE_OUTER_BOUND('',#715,.T.);
#386=FACE_OUTER_BOUND('',#716,.T.);
#387=FACE_OUTER_BOUND('',#717,.T.);
#388=FACE_OUTER_BOUND('',#718,.T.);
#389=FACE_OUTER_BOUND('',#719,.T.);
#390=FACE_OUTER_BOUND('',#720,.T.);
#391=FACE_OUTER_BOUND('',#721,.T.);
#392=FACE_OUTER_BOUND('',#722,.T.);
#393=FACE_OUTER_BOUND('',#723,.T.);
#394=FACE_OUTER_BOUND('',#724,.T.);
#395=FACE_OUTER_BOUND('',#725,.T.);
#396=FACE_OUTER_BOUND('',#726,.T.);
#397=FACE_OUTER_BOUND('',#727,.T.);
#398=FACE_OUTER_BOUND('',#728,.T.);
#399=FACE_OUTER_BOUND('',#729,.T.);
#400=FACE_OUTER_BOUND('',#730,.T.);
#401=FACE_OUTER_BOUND('',#731,.T.);
#402=FACE_OUTER_BOUND('',#732,.T.);
#403=FACE_OUTER_BOUND('',#733,.T.);
#404=FACE_OUTER_BOUND('',#734,.T.);
#405=FACE_OUTER_BOUND('',#735,.T.);
#406=FACE_OUTER_BOUND('',#736,.T.);
#407=FACE_OUTER_BOUND('',#737,.T.);
#408=FACE_OUTER_BOUND('',#738,.T.);
#409=FACE_OUTER_BOUND('',#739,.T.);
#410=FACE_OUTER_BOUND('',#740,.T.);
#411=FACE_OUTER_BOUND('',#741,.T.);
#412=FACE_OUTER_BOUND('',#742,.T.);
#413=FACE_OUTER_BOUND('',#743,.T.);
#414=FACE_OUTER_BOUND('',#744,.T.);
#415=FACE_OUTER_BOUND('',#745,.T.);
#416=FACE_OUTER_BOUND('',#746,.T.);
#417=FACE_OUTER_BOUND('',#747,.T.);
#418=FACE_OUTER_BOUND('',#748,.T.);
#419=FACE_OUTER_BOUND('',#749,.T.);
#420=FACE_OUTER_BOUND('',#750,.T.);
#421=FACE_OUTER_BOUND('',#751,.T.);
#422=FACE_OUTER_BOUND('',#752,.T.);
#423=FACE_OUTER_BOUND('',#753,.T.);
#424=FACE_OUTER_BOUND('',#754,.T.);
#425=FACE_OUTER_BOUND('',#755,.T.);
#426=FACE_OUTER_BOUND('',#756,.T.);
#427=FACE_OUTER_BOUND('',#757,.T.);
#428=FACE_OUTER_BOUND('',#758,.T.);
#429=FACE_OUTER_BOUND('',#759,.T.);
#430=FACE_OUTER_BOUND('',#760,.T.);
#431=FACE_OUTER_BOUND('',#761,.T.);
#432=FACE_OUTER_BOUND('',#762,.T.);
#433=FACE_OUTER_BOUND('',#763,.T.);
#434=FACE_OUTER_BOUND('',#764,.T.);
#435=FACE_OUTER_BOUND('',#765,.T.);
#436=FACE_OUTER_BOUND('',#766,.T.);
#437=FACE_OUTER_BOUND('',#767,.T.);
#438=FACE_OUTER_BOUND('',#768,.T.);
#439=FACE_OUTER_BOUND('',#769,.T.);
#440=FACE_OUTER_BOUND('',#770,.T.);
#441=FACE_OUTER_BOUND('',#771,.T.);
#442=FACE_OUTER_BOUND('',#772,.T.);
#443=FACE_OUTER_BOUND('',#773,.T.);
#444=FACE_OUTER_BOUND('',#774,.T.);
#445=FACE_OUTER_BOUND('',#775,.T.);
#446=FACE_OUTER_BOUND('',#776,.T.);
#447=FACE_OUTER_BOUND('',#777,.T.);
#448=FACE_OUTER_BOUND('',#778,.T.);
#449=FACE_OUTER_BOUND('',#779,.T.);
#450=FACE_OUTER_BOUND('',#780,.T.);
#451=FACE_OUTER_BOUND('',#781,.T.);
#452=FACE_OUTER_BOUND('',#782,.T.);
#453=FACE_OUTER_BOUND('',#783,.T.);
#454=FACE_OUTER_BOUND('',#784,.T.);
#455=FACE_OUTER_BOUND('',#785,.T.);
#456=FACE_OUTER_BOUND('',#786,.T.);
#457=FACE_OUTER_BOUND('',#787,.T.);
#458=FACE_OUTER_BOUND('',#788,.T.);
#459=FACE_OUTER_BOUND('',#789,.T.);
#460=FACE_OUTER_BOUND('',#790,.T.);
#461=FACE_OUTER_BOUND('',#791,.T.);
#462=FACE_OUTER_BOUND('',#792,.T.);
#463=FACE_OUTER_BOUND('',#793,.T.);
#464=FACE_OUTER_BOUND('',#794,.T.);
#465=FACE_OUTER_BOUND('',#795,.T.);
#466=EDGE_LOOP('',(#4102,#4103,#4104,#4105,#4106,#4107,#4108,#4109,#4110,
#4111,#4112,#4113,#4114,#4115,#4116,#4117,#4118,#4119,#4120,#4121,#4122,
#4123,#4124,#4125,#4126,#4127,#4128,#4129,#4130,#4131,#4132,#4133));
#467=EDGE_LOOP('',(#4134,#4135));
#468=EDGE_LOOP('',(#4136,#4137));
#469=EDGE_LOOP('',(#4138,#4139));
#470=EDGE_LOOP('',(#4140,#4141));
#471=EDGE_LOOP('',(#4142,#4143,#4144,#4145));
#472=EDGE_LOOP('',(#4146,#4147,#4148,#4149,#4150,#4151,#4152,#4153));
#473=EDGE_LOOP('',(#4154,#4155,#4156,#4157,#4158,#4159,#4160,#4161,#4162,
#4163,#4164,#4165,#4166,#4167,#4168,#4169,#4170,#4171,#4172,#4173,#4174,
#4175,#4176,#4177,#4178,#4179,#4180,#4181,#4182,#4183,#4184,#4185,#4186,
#4187,#4188,#4189,#4190,#4191,#4192,#4193,#4194,#4195,#4196,#4197,#4198,
#4199,#4200,#4201,#4202,#4203,#4204,#4205,#4206,#4207,#4208,#4209,#4210,
#4211,#4212,#4213,#4214,#4215,#4216,#4217));
#474=EDGE_LOOP('',(#4218,#4219));
#475=EDGE_LOOP('',(#4220,#4221));
#476=EDGE_LOOP('',(#4222,#4223));
#477=EDGE_LOOP('',(#4224,#4225));
#478=EDGE_LOOP('',(#4226,#4227,#4228,#4229));
#479=EDGE_LOOP('',(#4230,#4231,#4232,#4233));
#480=EDGE_LOOP('',(#4234,#4235,#4236,#4237));
#481=EDGE_LOOP('',(#4238,#4239,#4240,#4241,#4242,#4243,#4244,#4245));
#482=EDGE_LOOP('',(#4246,#4247,#4248,#4249));
#483=EDGE_LOOP('',(#4250,#4251,#4252,#4253));
#484=EDGE_LOOP('',(#4254,#4255,#4256,#4257,#4258,#4259,#4260,#4261,#4262,
#4263,#4264,#4265));
#485=EDGE_LOOP('',(#4266,#4267,#4268,#4269));
#486=EDGE_LOOP('',(#4270,#4271,#4272,#4273));
#487=EDGE_LOOP('',(#4274,#4275,#4276,#4277));
#488=EDGE_LOOP('',(#4278,#4279,#4280,#4281));
#489=EDGE_LOOP('',(#4282,#4283,#4284,#4285));
#490=EDGE_LOOP('',(#4286,#4287,#4288,#4289,#4290,#4291,#4292,#4293));
#491=EDGE_LOOP('',(#4294,#4295,#4296,#4297));
#492=EDGE_LOOP('',(#4298,#4299,#4300,#4301));
#493=EDGE_LOOP('',(#4302,#4303,#4304,#4305));
#494=EDGE_LOOP('',(#4306,#4307,#4308,#4309,#4310,#4311,#4312,#4313));
#495=EDGE_LOOP('',(#4314,#4315,#4316,#4317));
#496=EDGE_LOOP('',(#4318,#4319,#4320,#4321));
#497=EDGE_LOOP('',(#4322,#4323,#4324,#4325));
#498=EDGE_LOOP('',(#4326,#4327,#4328,#4329));
#499=EDGE_LOOP('',(#4330,#4331,#4332,#4333));
#500=EDGE_LOOP('',(#4334,#4335,#4336,#4337));
#501=EDGE_LOOP('',(#4338,#4339,#4340,#4341));
#502=EDGE_LOOP('',(#4342,#4343,#4344,#4345));
#503=EDGE_LOOP('',(#4346,#4347,#4348,#4349));
#504=EDGE_LOOP('',(#4350,#4351,#4352,#4353,#4354,#4355,#4356,#4357));
#505=EDGE_LOOP('',(#4358,#4359,#4360,#4361));
#506=EDGE_LOOP('',(#4362,#4363,#4364,#4365));
#507=EDGE_LOOP('',(#4366,#4367,#4368,#4369));
#508=EDGE_LOOP('',(#4370,#4371,#4372,#4373));
#509=EDGE_LOOP('',(#4374,#4375,#4376,#4377));
#510=EDGE_LOOP('',(#4378,#4379,#4380,#4381));
#511=EDGE_LOOP('',(#4382,#4383,#4384,#4385));
#512=EDGE_LOOP('',(#4386,#4387,#4388,#4389));
#513=EDGE_LOOP('',(#4390,#4391,#4392,#4393));
#514=EDGE_LOOP('',(#4394,#4395,#4396,#4397));
#515=EDGE_LOOP('',(#4398,#4399,#4400,#4401));
#516=EDGE_LOOP('',(#4402,#4403,#4404,#4405));
#517=EDGE_LOOP('',(#4406,#4407,#4408,#4409));
#518=EDGE_LOOP('',(#4410,#4411,#4412,#4413));
#519=EDGE_LOOP('',(#4414,#4415,#4416,#4417,#4418,#4419,#4420,#4421));
#520=EDGE_LOOP('',(#4422,#4423,#4424,#4425));
#521=EDGE_LOOP('',(#4426,#4427,#4428,#4429));
#522=EDGE_LOOP('',(#4430,#4431,#4432,#4433));
#523=EDGE_LOOP('',(#4434,#4435,#4436,#4437));
#524=EDGE_LOOP('',(#4438,#4439,#4440,#4441));
#525=EDGE_LOOP('',(#4442,#4443,#4444,#4445));
#526=EDGE_LOOP('',(#4446,#4447,#4448,#4449));
#527=EDGE_LOOP('',(#4450,#4451,#4452,#4453));
#528=EDGE_LOOP('',(#4454,#4455,#4456,#4457));
#529=EDGE_LOOP('',(#4458,#4459,#4460,#4461,#4462,#4463,#4464,#4465));
#530=EDGE_LOOP('',(#4466,#4467,#4468,#4469));
#531=EDGE_LOOP('',(#4470,#4471,#4472,#4473));
#532=EDGE_LOOP('',(#4474,#4475,#4476,#4477));
#533=EDGE_LOOP('',(#4478,#4479,#4480,#4481));
#534=EDGE_LOOP('',(#4482,#4483,#4484,#4485));
#535=EDGE_LOOP('',(#4486,#4487,#4488,#4489,#4490,#4491,#4492,#4493));
#536=EDGE_LOOP('',(#4494,#4495,#4496,#4497));
#537=EDGE_LOOP('',(#4498,#4499,#4500,#4501));
#538=EDGE_LOOP('',(#4502,#4503,#4504,#4505));
#539=EDGE_LOOP('',(#4506,#4507,#4508,#4509));
#540=EDGE_LOOP('',(#4510,#4511,#4512,#4513));
#541=EDGE_LOOP('',(#4514,#4515,#4516,#4517));
#542=EDGE_LOOP('',(#4518,#4519,#4520,#4521));
#543=EDGE_LOOP('',(#4522,#4523,#4524,#4525));
#544=EDGE_LOOP('',(#4526,#4527,#4528,#4529,#4530,#4531));
#545=EDGE_LOOP('',(#4532,#4533,#4534,#4535,#4536,#4537));
#546=EDGE_LOOP('',(#4538,#4539,#4540,#4541,#4542,#4543));
#547=EDGE_LOOP('',(#4544,#4545,#4546,#4547,#4548,#4549));
#548=EDGE_LOOP('',(#4550,#4551,#4552,#4553));
#549=EDGE_LOOP('',(#4554,#4555,#4556,#4557));
#550=EDGE_LOOP('',(#4558,#4559,#4560,#4561));
#551=EDGE_LOOP('',(#4562,#4563,#4564,#4565));
#552=EDGE_LOOP('',(#4566,#4567,#4568,#4569));
#553=EDGE_LOOP('',(#4570,#4571,#4572,#4573));
#554=EDGE_LOOP('',(#4574,#4575,#4576,#4577));
#555=EDGE_LOOP('',(#4578,#4579,#4580,#4581,#4582));
#556=EDGE_LOOP('',(#4583,#4584,#4585,#4586,#4587,#4588,#4589,#4590,#4591,
#4592,#4593,#4594));
#557=EDGE_LOOP('',(#4595,#4596,#4597,#4598));
#558=EDGE_LOOP('',(#4599,#4600,#4601,#4602));
#559=EDGE_LOOP('',(#4603,#4604,#4605,#4606));
#560=EDGE_LOOP('',(#4607,#4608,#4609));
#561=EDGE_LOOP('',(#4610,#4611,#4612,#4613));
#562=EDGE_LOOP('',(#4614,#4615,#4616));
#563=EDGE_LOOP('',(#4617,#4618,#4619,#4620));
#564=EDGE_LOOP('',(#4621,#4622,#4623));
#565=EDGE_LOOP('',(#4624,#4625,#4626,#4627));
#566=EDGE_LOOP('',(#4628,#4629,#4630));
#567=EDGE_LOOP('',(#4631,#4632,#4633,#4634));
#568=EDGE_LOOP('',(#4635,#4636,#4637,#4638,#4639));
#569=EDGE_LOOP('',(#4640,#4641,#4642,#4643,#4644));
#570=EDGE_LOOP('',(#4645,#4646,#4647,#4648));
#571=EDGE_LOOP('',(#4649,#4650,#4651,#4652));
#572=EDGE_LOOP('',(#4653,#4654,#4655,#4656));
#573=EDGE_LOOP('',(#4657,#4658,#4659,#4660));
#574=EDGE_LOOP('',(#4661,#4662,#4663,#4664));
#575=EDGE_LOOP('',(#4665,#4666,#4667,#4668));
#576=EDGE_LOOP('',(#4669,#4670,#4671,#4672));
#577=EDGE_LOOP('',(#4673,#4674,#4675,#4676));
#578=EDGE_LOOP('',(#4677,#4678,#4679,#4680,#4681));
#579=EDGE_LOOP('',(#4682,#4683,#4684,#4685));
#580=EDGE_LOOP('',(#4686,#4687,#4688,#4689));
#581=EDGE_LOOP('',(#4690,#4691,#4692,#4693));
#582=EDGE_LOOP('',(#4694,#4695,#4696,#4697));
#583=EDGE_LOOP('',(#4698,#4699,#4700,#4701));
#584=EDGE_LOOP('',(#4702,#4703,#4704,#4705));
#585=EDGE_LOOP('',(#4706,#4707,#4708,#4709));
#586=EDGE_LOOP('',(#4710,#4711,#4712,#4713));
#587=EDGE_LOOP('',(#4714,#4715,#4716,#4717,#4718,#4719,#4720,#4721,#4722,
#4723,#4724,#4725,#4726,#4727,#4728,#4729));
#588=EDGE_LOOP('',(#4730,#4731,#4732,#4733,#4734,#4735,#4736,#4737,#4738,
#4739,#4740,#4741));
#589=EDGE_LOOP('',(#4742,#4743,#4744,#4745));
#590=EDGE_LOOP('',(#4746,#4747,#4748,#4749,#4750,#4751,#4752,#4753,#4754,
#4755,#4756,#4757,#4758,#4759,#4760,#4761,#4762,#4763,#4764,#4765,#4766,
#4767,#4768,#4769,#4770,#4771,#4772,#4773,#4774,#4775,#4776,#4777,#4778,
#4779,#4780,#4781,#4782,#4783,#4784,#4785,#4786,#4787,#4788,#4789,#4790,
#4791,#4792,#4793,#4794,#4795,#4796,#4797,#4798,#4799,#4800,#4801,#4802,
#4803,#4804,#4805,#4806,#4807,#4808,#4809,#4810,#4811,#4812,#4813,#4814,
#4815,#4816,#4817,#4818,#4819,#4820,#4821,#4822,#4823,#4824,#4825,#4826,
#4827,#4828,#4829,#4830,#4831,#4832,#4833,#4834,#4835,#4836,#4837,#4838,
#4839,#4840,#4841,#4842,#4843,#4844,#4845,#4846,#4847,#4848,#4849,#4850,
#4851,#4852,#4853,#4854,#4855,#4856,#4857,#4858,#4859,#4860,#4861,#4862,
#4863,#4864,#4865,#4866,#4867,#4868,#4869,#4870,#4871,#4872,#4873,#4874,
#4875,#4876,#4877,#4878,#4879,#4880,#4881,#4882,#4883,#4884,#4885,#4886,
#4887,#4888,#4889,#4890,#4891,#4892,#4893,#4894,#4895,#4896,#4897,#4898,
#4899,#4900,#4901,#4902,#4903,#4904,#4905,#4906,#4907,#4908,#4909,#4910,
#4911,#4912,#4913,#4914,#4915,#4916,#4917,#4918,#4919,#4920,#4921,#4922,
#4923,#4924,#4925,#4926,#4927));
#591=EDGE_LOOP('',(#4928,#4929,#4930,#4931));
#592=EDGE_LOOP('',(#4932,#4933,#4934,#4935,#4936,#4937,#4938,#4939,#4940,
#4941,#4942,#4943));
#593=EDGE_LOOP('',(#4944,#4945,#4946,#4947));
#594=EDGE_LOOP('',(#4948,#4949,#4950,#4951,#4952,#4953,#4954,#4955,#4956,
#4957,#4958,#4959,#4960,#4961,#4962,#4963,#4964,#4965,#4966,#4967));
#595=EDGE_LOOP('',(#4968,#4969,#4970,#4971,#4972,#4973,#4974,#4975,#4976,
#4977,#4978,#4979));
#596=EDGE_LOOP('',(#4980,#4981,#4982,#4983));
#597=EDGE_LOOP('',(#4984,#4985,#4986,#4987));
#598=EDGE_LOOP('',(#4988,#4989,#4990,#4991));
#599=EDGE_LOOP('',(#4992,#4993,#4994,#4995));
#600=EDGE_LOOP('',(#4996,#4997,#4998,#4999,#5000,#5001,#5002,#5003,#5004,
#5005,#5006,#5007));
#601=EDGE_LOOP('',(#5008,#5009,#5010,#5011));
#602=EDGE_LOOP('',(#5012,#5013,#5014,#5015));
#603=EDGE_LOOP('',(#5016,#5017,#5018,#5019));
#604=EDGE_LOOP('',(#5020,#5021,#5022,#5023));
#605=EDGE_LOOP('',(#5024,#5025,#5026,#5027));
#606=EDGE_LOOP('',(#5028,#5029,#5030,#5031));
#607=EDGE_LOOP('',(#5032,#5033,#5034,#5035));
#608=EDGE_LOOP('',(#5036,#5037,#5038,#5039));
#609=EDGE_LOOP('',(#5040,#5041,#5042,#5043));
#610=EDGE_LOOP('',(#5044,#5045,#5046,#5047));
#611=EDGE_LOOP('',(#5048,#5049,#5050,#5051));
#612=EDGE_LOOP('',(#5052,#5053,#5054,#5055));
#613=EDGE_LOOP('',(#5056,#5057,#5058,#5059));
#614=EDGE_LOOP('',(#5060,#5061,#5062,#5063));
#615=EDGE_LOOP('',(#5064,#5065,#5066,#5067));
#616=EDGE_LOOP('',(#5068,#5069,#5070,#5071));
#617=EDGE_LOOP('',(#5072,#5073,#5074,#5075));
#618=EDGE_LOOP('',(#5076,#5077,#5078,#5079));
#619=EDGE_LOOP('',(#5080,#5081,#5082,#5083));
#620=EDGE_LOOP('',(#5084,#5085,#5086,#5087));
#621=EDGE_LOOP('',(#5088,#5089,#5090,#5091));
#622=EDGE_LOOP('',(#5092,#5093,#5094,#5095));
#623=EDGE_LOOP('',(#5096,#5097,#5098,#5099));
#624=EDGE_LOOP('',(#5100,#5101,#5102,#5103));
#625=EDGE_LOOP('',(#5104,#5105,#5106,#5107));
#626=EDGE_LOOP('',(#5108,#5109,#5110,#5111));
#627=EDGE_LOOP('',(#5112,#5113,#5114,#5115));
#628=EDGE_LOOP('',(#5116,#5117,#5118,#5119));
#629=EDGE_LOOP('',(#5120,#5121,#5122,#5123));
#630=EDGE_LOOP('',(#5124,#5125,#5126,#5127));
#631=EDGE_LOOP('',(#5128,#5129,#5130,#5131));
#632=EDGE_LOOP('',(#5132,#5133,#5134,#5135));
#633=EDGE_LOOP('',(#5136,#5137,#5138,#5139));
#634=EDGE_LOOP('',(#5140,#5141,#5142,#5143));
#635=EDGE_LOOP('',(#5144,#5145,#5146,#5147));
#636=EDGE_LOOP('',(#5148,#5149,#5150,#5151));
#637=EDGE_LOOP('',(#5152,#5153,#5154,#5155));
#638=EDGE_LOOP('',(#5156,#5157,#5158,#5159));
#639=EDGE_LOOP('',(#5160,#5161,#5162,#5163));
#640=EDGE_LOOP('',(#5164,#5165,#5166,#5167));
#641=EDGE_LOOP('',(#5168,#5169,#5170,#5171));
#642=EDGE_LOOP('',(#5172,#5173,#5174,#5175));
#643=EDGE_LOOP('',(#5176,#5177,#5178,#5179));
#644=EDGE_LOOP('',(#5180,#5181,#5182,#5183));
#645=EDGE_LOOP('',(#5184,#5185,#5186,#5187));
#646=EDGE_LOOP('',(#5188,#5189,#5190,#5191));
#647=EDGE_LOOP('',(#5192,#5193,#5194,#5195));
#648=EDGE_LOOP('',(#5196,#5197,#5198,#5199));
#649=EDGE_LOOP('',(#5200,#5201,#5202,#5203));
#650=EDGE_LOOP('',(#5204,#5205,#5206,#5207));
#651=EDGE_LOOP('',(#5208,#5209,#5210,#5211));
#652=EDGE_LOOP('',(#5212,#5213,#5214,#5215));
#653=EDGE_LOOP('',(#5216,#5217,#5218,#5219));
#654=EDGE_LOOP('',(#5220,#5221,#5222,#5223));
#655=EDGE_LOOP('',(#5224,#5225,#5226,#5227));
#656=EDGE_LOOP('',(#5228,#5229,#5230,#5231));
#657=EDGE_LOOP('',(#5232,#5233,#5234,#5235));
#658=EDGE_LOOP('',(#5236,#5237,#5238,#5239));
#659=EDGE_LOOP('',(#5240,#5241,#5242,#5243));
#660=EDGE_LOOP('',(#5244,#5245,#5246,#5247));
#661=EDGE_LOOP('',(#5248,#5249,#5250,#5251));
#662=EDGE_LOOP('',(#5252,#5253,#5254,#5255));
#663=EDGE_LOOP('',(#5256,#5257,#5258,#5259));
#664=EDGE_LOOP('',(#5260,#5261,#5262,#5263));
#665=EDGE_LOOP('',(#5264,#5265,#5266,#5267));
#666=EDGE_LOOP('',(#5268,#5269,#5270,#5271));
#667=EDGE_LOOP('',(#5272,#5273,#5274,#5275));
#668=EDGE_LOOP('',(#5276,#5277,#5278,#5279));
#669=EDGE_LOOP('',(#5280,#5281,#5282,#5283));
#670=EDGE_LOOP('',(#5284,#5285,#5286,#5287));
#671=EDGE_LOOP('',(#5288,#5289,#5290,#5291));
#672=EDGE_LOOP('',(#5292,#5293,#5294,#5295));
#673=EDGE_LOOP('',(#5296,#5297,#5298,#5299));
#674=EDGE_LOOP('',(#5300,#5301,#5302,#5303));
#675=EDGE_LOOP('',(#5304,#5305,#5306,#5307));
#676=EDGE_LOOP('',(#5308,#5309,#5310,#5311));
#677=EDGE_LOOP('',(#5312,#5313,#5314,#5315));
#678=EDGE_LOOP('',(#5316,#5317,#5318,#5319));
#679=EDGE_LOOP('',(#5320,#5321,#5322,#5323));
#680=EDGE_LOOP('',(#5324,#5325,#5326,#5327));
#681=EDGE_LOOP('',(#5328,#5329,#5330,#5331));
#682=EDGE_LOOP('',(#5332,#5333,#5334,#5335));
#683=EDGE_LOOP('',(#5336,#5337,#5338,#5339));
#684=EDGE_LOOP('',(#5340,#5341,#5342,#5343));
#685=EDGE_LOOP('',(#5344,#5345,#5346,#5347));
#686=EDGE_LOOP('',(#5348,#5349,#5350,#5351));
#687=EDGE_LOOP('',(#5352,#5353,#5354,#5355));
#688=EDGE_LOOP('',(#5356,#5357,#5358,#5359));
#689=EDGE_LOOP('',(#5360,#5361,#5362,#5363));
#690=EDGE_LOOP('',(#5364,#5365,#5366,#5367));
#691=EDGE_LOOP('',(#5368,#5369,#5370,#5371));
#692=EDGE_LOOP('',(#5372,#5373,#5374,#5375));
#693=EDGE_LOOP('',(#5376,#5377,#5378,#5379));
#694=EDGE_LOOP('',(#5380,#5381,#5382,#5383));
#695=EDGE_LOOP('',(#5384,#5385,#5386,#5387));
#696=EDGE_LOOP('',(#5388,#5389,#5390,#5391));
#697=EDGE_LOOP('',(#5392,#5393,#5394,#5395));
#698=EDGE_LOOP('',(#5396,#5397,#5398,#5399));
#699=EDGE_LOOP('',(#5400,#5401,#5402,#5403));
#700=EDGE_LOOP('',(#5404,#5405,#5406,#5407));
#701=EDGE_LOOP('',(#5408,#5409,#5410,#5411));
#702=EDGE_LOOP('',(#5412,#5413,#5414,#5415));
#703=EDGE_LOOP('',(#5416,#5417,#5418,#5419));
#704=EDGE_LOOP('',(#5420,#5421,#5422,#5423));
#705=EDGE_LOOP('',(#5424,#5425,#5426,#5427));
#706=EDGE_LOOP('',(#5428,#5429,#5430,#5431));
#707=EDGE_LOOP('',(#5432,#5433,#5434,#5435));
#708=EDGE_LOOP('',(#5436,#5437,#5438,#5439));
#709=EDGE_LOOP('',(#5440,#5441,#5442,#5443));
#710=EDGE_LOOP('',(#5444,#5445,#5446,#5447));
#711=EDGE_LOOP('',(#5448,#5449,#5450,#5451));
#712=EDGE_LOOP('',(#5452,#5453,#5454,#5455));
#713=EDGE_LOOP('',(#5456,#5457,#5458,#5459));
#714=EDGE_LOOP('',(#5460,#5461,#5462,#5463));
#715=EDGE_LOOP('',(#5464,#5465,#5466,#5467));
#716=EDGE_LOOP('',(#5468,#5469,#5470,#5471));
#717=EDGE_LOOP('',(#5472,#5473,#5474,#5475));
#718=EDGE_LOOP('',(#5476,#5477,#5478,#5479));
#719=EDGE_LOOP('',(#5480,#5481,#5482,#5483));
#720=EDGE_LOOP('',(#5484,#5485,#5486,#5487));
#721=EDGE_LOOP('',(#5488,#5489,#5490,#5491));
#722=EDGE_LOOP('',(#5492,#5493,#5494,#5495));
#723=EDGE_LOOP('',(#5496,#5497,#5498,#5499));
#724=EDGE_LOOP('',(#5500,#5501,#5502,#5503));
#725=EDGE_LOOP('',(#5504,#5505,#5506,#5507));
#726=EDGE_LOOP('',(#5508,#5509,#5510,#5511));
#727=EDGE_LOOP('',(#5512,#5513,#5514,#5515));
#728=EDGE_LOOP('',(#5516,#5517,#5518,#5519));
#729=EDGE_LOOP('',(#5520,#5521,#5522,#5523));
#730=EDGE_LOOP('',(#5524,#5525,#5526,#5527));
#731=EDGE_LOOP('',(#5528,#5529,#5530,#5531));
#732=EDGE_LOOP('',(#5532,#5533,#5534,#5535));
#733=EDGE_LOOP('',(#5536,#5537,#5538,#5539));
#734=EDGE_LOOP('',(#5540,#5541,#5542,#5543));
#735=EDGE_LOOP('',(#5544,#5545,#5546,#5547));
#736=EDGE_LOOP('',(#5548,#5549,#5550,#5551));
#737=EDGE_LOOP('',(#5552,#5553,#5554,#5555));
#738=EDGE_LOOP('',(#5556,#5557,#5558,#5559));
#739=EDGE_LOOP('',(#5560,#5561,#5562,#5563));
#740=EDGE_LOOP('',(#5564,#5565,#5566,#5567));
#741=EDGE_LOOP('',(#5568,#5569,#5570,#5571));
#742=EDGE_LOOP('',(#5572,#5573,#5574,#5575));
#743=EDGE_LOOP('',(#5576,#5577,#5578,#5579));
#744=EDGE_LOOP('',(#5580,#5581,#5582,#5583));
#745=EDGE_LOOP('',(#5584,#5585,#5586,#5587));
#746=EDGE_LOOP('',(#5588,#5589,#5590,#5591));
#747=EDGE_LOOP('',(#5592,#5593,#5594,#5595));
#748=EDGE_LOOP('',(#5596,#5597,#5598,#5599));
#749=EDGE_LOOP('',(#5600,#5601,#5602,#5603));
#750=EDGE_LOOP('',(#5604,#5605,#5606,#5607));
#751=EDGE_LOOP('',(#5608,#5609,#5610,#5611));
#752=EDGE_LOOP('',(#5612,#5613,#5614,#5615));
#753=EDGE_LOOP('',(#5616,#5617,#5618,#5619));
#754=EDGE_LOOP('',(#5620,#5621,#5622,#5623));
#755=EDGE_LOOP('',(#5624,#5625,#5626,#5627));
#756=EDGE_LOOP('',(#5628,#5629,#5630,#5631));
#757=EDGE_LOOP('',(#5632,#5633,#5634,#5635));
#758=EDGE_LOOP('',(#5636,#5637,#5638,#5639));
#759=EDGE_LOOP('',(#5640,#5641,#5642,#5643));
#760=EDGE_LOOP('',(#5644,#5645,#5646,#5647));
#761=EDGE_LOOP('',(#5648,#5649,#5650,#5651));
#762=EDGE_LOOP('',(#5652,#5653,#5654,#5655));
#763=EDGE_LOOP('',(#5656,#5657,#5658,#5659));
#764=EDGE_LOOP('',(#5660,#5661,#5662,#5663));
#765=EDGE_LOOP('',(#5664,#5665,#5666,#5667));
#766=EDGE_LOOP('',(#5668,#5669,#5670,#5671));
#767=EDGE_LOOP('',(#5672,#5673,#5674,#5675));
#768=EDGE_LOOP('',(#5676,#5677,#5678,#5679));
#769=EDGE_LOOP('',(#5680,#5681,#5682,#5683));
#770=EDGE_LOOP('',(#5684,#5685,#5686,#5687));
#771=EDGE_LOOP('',(#5688,#5689,#5690,#5691));
#772=EDGE_LOOP('',(#5692,#5693,#5694,#5695));
#773=EDGE_LOOP('',(#5696,#5697,#5698,#5699));
#774=EDGE_LOOP('',(#5700,#5701,#5702,#5703,#5704,#5705,#5706,#5707,#5708,
#5709,#5710,#5711,#5712,#5713,#5714,#5715,#5716,#5717,#5718,#5719,#5720,
#5721,#5722,#5723,#5724,#5725,#5726,#5727,#5728,#5729,#5730,#5731,#5732,
#5733,#5734,#5735,#5736,#5737,#5738,#5739,#5740,#5741,#5742,#5743,#5744,
#5745,#5746,#5747,#5748,#5749,#5750,#5751,#5752,#5753,#5754,#5755,#5756,
#5757,#5758,#5759,#5760,#5761,#5762,#5763,#5764,#5765,#5766,#5767,#5768,
#5769,#5770,#5771,#5772,#5773,#5774,#5775,#5776,#5777,#5778,#5779,#5780,
#5781,#5782,#5783,#5784,#5785,#5786,#5787,#5788,#5789,#5790,#5791,#5792,
#5793,#5794,#5795,#5796,#5797,#5798,#5799,#5800,#5801,#5802,#5803,#5804,
#5805,#5806,#5807,#5808,#5809,#5810,#5811,#5812,#5813,#5814,#5815,#5816,
#5817,#5818,#5819,#5820,#5821,#5822,#5823,#5824,#5825,#5826,#5827,#5828,
#5829,#5830,#5831,#5832,#5833,#5834,#5835,#5836,#5837,#5838,#5839,#5840,
#5841,#5842,#5843,#5844,#5845,#5846,#5847,#5848,#5849,#5850,#5851,#5852,
#5853,#5854,#5855,#5856,#5857,#5858,#5859,#5860,#5861,#5862,#5863));
#775=EDGE_LOOP('',(#5864,#5865,#5866,#5867));
#776=EDGE_LOOP('',(#5868,#5869,#5870,#5871,#5872,#5873));
#777=EDGE_LOOP('',(#5874,#5875,#5876,#5877));
#778=EDGE_LOOP('',(#5878,#5879,#5880,#5881));
#779=EDGE_LOOP('',(#5882,#5883,#5884,#5885));
#780=EDGE_LOOP('',(#5886,#5887,#5888,#5889));
#781=EDGE_LOOP('',(#5890,#5891,#5892,#5893));
#782=EDGE_LOOP('',(#5894,#5895,#5896,#5897));
#783=EDGE_LOOP('',(#5898,#5899,#5900,#5901));
#784=EDGE_LOOP('',(#5902,#5903,#5904,#5905,#5906,#5907));
#785=EDGE_LOOP('',(#5908,#5909,#5910,#5911));
#786=EDGE_LOOP('',(#5912,#5913,#5914,#5915));
#787=EDGE_LOOP('',(#5916,#5917,#5918,#5919,#5920,#5921));
#788=EDGE_LOOP('',(#5922,#5923,#5924,#5925));
#789=EDGE_LOOP('',(#5926,#5927,#5928,#5929));
#790=EDGE_LOOP('',(#5930,#5931,#5932,#5933));
#791=EDGE_LOOP('',(#5934,#5935,#5936,#5937));
#792=EDGE_LOOP('',(#5938,#5939,#5940,#5941));
#793=EDGE_LOOP('',(#5942,#5943,#5944,#5945));
#794=EDGE_LOOP('',(#5946,#5947,#5948,#5949));
#795=EDGE_LOOP('',(#5950,#5951,#5952,#5953));
#796=CIRCLE('',#6687,1.);
#797=CIRCLE('',#6688,1.);
#798=CIRCLE('',#6689,1.);
#799=CIRCLE('',#6690,1.);
#800=CIRCLE('',#6691,1.);
#801=CIRCLE('',#6692,1.);
#802=CIRCLE('',#6693,1.);
#803=CIRCLE('',#6694,1.);
#804=CIRCLE('',#6695,1.75);
#805=CIRCLE('',#6696,1.75);
#806=CIRCLE('',#6697,1.75);
#807=CIRCLE('',#6698,1.75);
#808=CIRCLE('',#6699,1.75);
#809=CIRCLE('',#6700,1.75);
#810=CIRCLE('',#6701,1.75);
#811=CIRCLE('',#6702,1.75);
#812=CIRCLE('',#6706,1.);
#813=CIRCLE('',#6707,1.);
#814=CIRCLE('',#6708,1.);
#815=CIRCLE('',#6709,1.);
#816=CIRCLE('',#6710,1.);
#817=CIRCLE('',#6711,1.);
#818=CIRCLE('',#6712,1.);
#819=CIRCLE('',#6713,1.);
#820=CIRCLE('',#6714,1.75);
#821=CIRCLE('',#6715,1.75);
#822=CIRCLE('',#6716,1.75);
#823=CIRCLE('',#6717,1.75);
#824=CIRCLE('',#6718,1.75);
#825=CIRCLE('',#6719,1.75);
#826=CIRCLE('',#6720,1.75);
#827=CIRCLE('',#6721,1.75);
#828=CIRCLE('',#6804,0.3);
#829=CIRCLE('',#6805,0.3);
#830=CIRCLE('',#6808,0.249999999999545);
#831=CIRCLE('',#6809,0.25);
#832=CIRCLE('',#6811,0.3);
#833=CIRCLE('',#6812,0.3);
#834=CIRCLE('',#6814,0.3);
#835=CIRCLE('',#6815,0.299999999999994);
#836=CIRCLE('',#6817,0.30000000000102);
#837=CIRCLE('',#6819,0.3);
#838=CIRCLE('',#6820,0.300000000000002);
#839=CIRCLE('',#6822,0.300000000000438);
#840=CIRCLE('',#6824,0.3);
#841=CIRCLE('',#6825,0.300000000000003);
#842=CIRCLE('',#6827,0.299999999999478);
#843=CIRCLE('',#6829,0.3);
#844=CIRCLE('',#6830,0.3);
#845=CIRCLE('',#6832,0.300000000000659);
#846=CIRCLE('',#6843,0.30000000000102);
#847=CIRCLE('',#6845,0.249999999999545);
#848=CIRCLE('',#6849,0.25);
#849=CIRCLE('',#6852,0.300000000000659);
#850=CIRCLE('',#6855,0.299999999999477);
#851=CIRCLE('',#6858,0.300000000000438);
#852=CIRCLE('',#6862,0.80000000000001);
#853=CIRCLE('',#6863,0.8);
#854=CIRCLE('',#6864,0.899999999999999);
#855=CIRCLE('',#6865,0.900000000000016);
#856=CIRCLE('',#6867,0.800000000000018);
#857=CIRCLE('',#6869,1.);
#858=CIRCLE('',#6870,1.);
#859=CIRCLE('',#6871,1.);
#860=CIRCLE('',#6872,0.2);
#861=CIRCLE('',#6873,0.200000000000724);
#862=CIRCLE('',#6874,1.);
#863=CIRCLE('',#6875,1.);
#864=CIRCLE('',#6876,0.5);
#865=CIRCLE('',#6878,0.900000000000016);
#866=CIRCLE('',#6879,0.9);
#867=CIRCLE('',#6880,0.800000000000001);
#868=CIRCLE('',#6881,0.800000000000018);
#869=CIRCLE('',#6883,0.900000000000016);
#870=CIRCLE('',#6885,0.5);
#871=CIRCLE('',#6886,1.);
#872=CIRCLE('',#6887,1.);
#873=CIRCLE('',#6888,1.);
#874=CIRCLE('',#6889,1.);
#875=CIRCLE('',#6890,1.);
#876=CIRCLE('',#6892,0.900000000000007);
#877=CIRCLE('',#6893,0.9);
#878=CIRCLE('',#6894,0.800000000000001);
#879=CIRCLE('',#6897,0.80000000000001);
#880=CIRCLE('',#6901,0.8);
#881=CIRCLE('',#6902,0.899999999999999);
#882=CIRCLE('',#7079,0.199999999999996);
#883=CIRCLE('',#7080,0.2);
#884=LINE('',#8790,#1722);
#885=LINE('',#8792,#1723);
#886=LINE('',#8794,#1724);
#887=LINE('',#8798,#1725);
#888=LINE('',#8802,#1726);
#889=LINE('',#8804,#1727);
#890=LINE('',#8806,#1728);
#891=LINE('',#8810,#1729);
#892=LINE('',#8814,#1730);
#893=LINE('',#8816,#1731);
#894=LINE('',#8818,#1732);
#895=LINE('',#8820,#1733);
#896=LINE('',#8822,#1734);
#897=LINE('',#8824,#1735);
#898=LINE('',#8826,#1736);
#899=LINE('',#8830,#1737);
#900=LINE('',#8834,#1738);
#901=LINE('',#8836,#1739);
#902=LINE('',#8838,#1740);
#903=LINE('',#8842,#1741);
#904=LINE('',#8846,#1742);
#905=LINE('',#8848,#1743);
#906=LINE('',#8850,#1744);
#907=LINE('',#8851,#1745);
#908=LINE('',#8870,#1746);
#909=LINE('',#8872,#1747);
#910=LINE('',#8873,#1748);
#911=LINE('',#8877,#1749);
#912=LINE('',#8878,#1750);
#913=LINE('',#8880,#1751);
#914=LINE('',#8882,#1752);
#915=LINE('',#8884,#1753);
#916=LINE('',#8885,#1754);
#917=LINE('',#8889,#1755);
#918=LINE('',#8891,#1756);
#919=LINE('',#8893,#1757);
#920=LINE('',#8895,#1758);
#921=LINE('',#8897,#1759);
#922=LINE('',#8899,#1760);
#923=LINE('',#8901,#1761);
#924=LINE('',#8903,#1762);
#925=LINE('',#8905,#1763);
#926=LINE('',#8907,#1764);
#927=LINE('',#8909,#1765);
#928=LINE('',#8911,#1766);
#929=LINE('',#8913,#1767);
#930=LINE('',#8915,#1768);
#931=LINE('',#8917,#1769);
#932=LINE('',#8919,#1770);
#933=LINE('',#8921,#1771);
#934=LINE('',#8925,#1772);
#935=LINE('',#8929,#1773);
#936=LINE('',#8931,#1774);
#937=LINE('',#8933,#1775);
#938=LINE('',#8935,#1776);
#939=LINE('',#8937,#1777);
#940=LINE('',#8939,#1778);
#941=LINE('',#8941,#1779);
#942=LINE('',#8945,#1780);
#943=LINE('',#8948,#1781);
#944=LINE('',#8950,#1782);
#945=LINE('',#8952,#1783);
#946=LINE('',#8953,#1784);
#947=LINE('',#8955,#1785);
#948=LINE('',#8957,#1786);
#949=LINE('',#8959,#1787);
#950=LINE('',#8961,#1788);
#951=LINE('',#8963,#1789);
#952=LINE('',#8965,#1790);
#953=LINE('',#8967,#1791);
#954=LINE('',#8969,#1792);
#955=LINE('',#8971,#1793);
#956=LINE('',#8973,#1794);
#957=LINE('',#8975,#1795);
#958=LINE('',#8977,#1796);
#959=LINE('',#8981,#1797);
#960=LINE('',#8985,#1798);
#961=LINE('',#8987,#1799);
#962=LINE('',#8989,#1800);
#963=LINE('',#8991,#1801);
#964=LINE('',#8993,#1802);
#965=LINE('',#8995,#1803);
#966=LINE('',#8997,#1804);
#967=LINE('',#9001,#1805);
#968=LINE('',#9005,#1806);
#969=LINE('',#9006,#1807);
#970=LINE('',#9025,#1808);
#971=LINE('',#9027,#1809);
#972=LINE('',#9028,#1810);
#973=LINE('',#9031,#1811);
#974=LINE('',#9032,#1812);
#975=LINE('',#9035,#1813);
#976=LINE('',#9036,#1814);
#977=LINE('',#9038,#1815);
#978=LINE('',#9039,#1816);
#979=LINE('',#9040,#1817);
#980=LINE('',#9043,#1818);
#981=LINE('',#9047,#1819);
#982=LINE('',#9049,#1820);
#983=LINE('',#9051,#1821);
#984=LINE('',#9052,#1822);
#985=LINE('',#9053,#1823);
#986=LINE('',#9055,#1824);
#987=LINE('',#9057,#1825);
#988=LINE('',#9058,#1826);
#989=LINE('',#9061,#1827);
#990=LINE('',#9063,#1828);
#991=LINE('',#9064,#1829);
#992=LINE('',#9067,#1830);
#993=LINE('',#9068,#1831);
#994=LINE('',#9071,#1832);
#995=LINE('',#9072,#1833);
#996=LINE('',#9075,#1834);
#997=LINE('',#9077,#1835);
#998=LINE('',#9078,#1836);
#999=LINE('',#9080,#1837);
#1000=LINE('',#9082,#1838);
#1001=LINE('',#9083,#1839);
#1002=LINE('',#9087,#1840);
#1003=LINE('',#9089,#1841);
#1004=LINE('',#9091,#1842);
#1005=LINE('',#9093,#1843);
#1006=LINE('',#9094,#1844);
#1007=LINE('',#9097,#1845);
#1008=LINE('',#9098,#1846);
#1009=LINE('',#9101,#1847);
#1010=LINE('',#9102,#1848);
#1011=LINE('',#9104,#1849);
#1012=LINE('',#9107,#1850);
#1013=LINE('',#9109,#1851);
#1014=LINE('',#9111,#1852);
#1015=LINE('',#9113,#1853);
#1016=LINE('',#9115,#1854);
#1017=LINE('',#9117,#1855);
#1018=LINE('',#9119,#1856);
#1019=LINE('',#9121,#1857);
#1020=LINE('',#9122,#1858);
#1021=LINE('',#9125,#1859);
#1022=LINE('',#9126,#1860);
#1023=LINE('',#9129,#1861);
#1024=LINE('',#9130,#1862);
#1025=LINE('',#9132,#1863);
#1026=LINE('',#9135,#1864);
#1027=LINE('',#9137,#1865);
#1028=LINE('',#9139,#1866);
#1029=LINE('',#9141,#1867);
#1030=LINE('',#9144,#1868);
#1031=LINE('',#9146,#1869);
#1032=LINE('',#9148,#1870);
#1033=LINE('',#9150,#1871);
#1034=LINE('',#9152,#1872);
#1035=LINE('',#9154,#1873);
#1036=LINE('',#9156,#1874);
#1037=LINE('',#9158,#1875);
#1038=LINE('',#9159,#1876);
#1039=LINE('',#9162,#1877);
#1040=LINE('',#9163,#1878);
#1041=LINE('',#9166,#1879);
#1042=LINE('',#9167,#1880);
#1043=LINE('',#9169,#1881);
#1044=LINE('',#9172,#1882);
#1045=LINE('',#9174,#1883);
#1046=LINE('',#9176,#1884);
#1047=LINE('',#9178,#1885);
#1048=LINE('',#9180,#1886);
#1049=LINE('',#9182,#1887);
#1050=LINE('',#9184,#1888);
#1051=LINE('',#9186,#1889);
#1052=LINE('',#9187,#1890);
#1053=LINE('',#9190,#1891);
#1054=LINE('',#9191,#1892);
#1055=LINE('',#9194,#1893);
#1056=LINE('',#9195,#1894);
#1057=LINE('',#9197,#1895);
#1058=LINE('',#9200,#1896);
#1059=LINE('',#9203,#1897);
#1060=LINE('',#9205,#1898);
#1061=LINE('',#9206,#1899);
#1062=LINE('',#9209,#1900);
#1063=LINE('',#9210,#1901);
#1064=LINE('',#9213,#1902);
#1065=LINE('',#9214,#1903);
#1066=LINE('',#9216,#1904);
#1067=LINE('',#9220,#1905);
#1068=LINE('',#9221,#1906);
#1069=LINE('',#9224,#1907);
#1070=LINE('',#9225,#1908);
#1071=LINE('',#9227,#1909);
#1072=LINE('',#9230,#1910);
#1073=LINE('',#9232,#1911);
#1074=LINE('',#9234,#1912);
#1075=LINE('',#9236,#1913);
#1076=LINE('',#9241,#1914);
#1077=LINE('',#9243,#1915);
#1078=LINE('',#9245,#1916);
#1079=LINE('',#9246,#1917);
#1080=LINE('',#9249,#1918);
#1081=LINE('',#9251,#1919);
#1082=LINE('',#9252,#1920);
#1083=LINE('',#9255,#1921);
#1084=LINE('',#9257,#1922);
#1085=LINE('',#9258,#1923);
#1086=LINE('',#9260,#1924);
#1087=LINE('',#9261,#1925);
#1088=LINE('',#9273,#1926);
#1089=LINE('',#9276,#1927);
#1090=LINE('',#9279,#1928);
#1091=LINE('',#9281,#1929);
#1092=LINE('',#9283,#1930);
#1093=LINE('',#9284,#1931);
#1094=LINE('',#9287,#1932);
#1095=LINE('',#9291,#1933);
#1096=LINE('',#9293,#1934);
#1097=LINE('',#9295,#1935);
#1098=LINE('',#9297,#1936);
#1099=LINE('',#9299,#1937);
#1100=LINE('',#9301,#1938);
#1101=LINE('',#9303,#1939);
#1102=LINE('',#9307,#1940);
#1103=LINE('',#9309,#1941);
#1104=LINE('',#9311,#1942);
#1105=LINE('',#9312,#1943);
#1106=LINE('',#9317,#1944);
#1107=LINE('',#9323,#1945);
#1108=LINE('',#9331,#1946);
#1109=LINE('',#9339,#1947);
#1110=LINE('',#9348,#1948);
#1111=LINE('',#9353,#1949);
#1112=LINE('',#9355,#1950);
#1113=LINE('',#9356,#1951);
#1114=LINE('',#9359,#1952);
#1115=LINE('',#9360,#1953);
#1116=LINE('',#9363,#1954);
#1117=LINE('',#9365,#1955);
#1118=LINE('',#9366,#1956);
#1119=LINE('',#9369,#1957);
#1120=LINE('',#9371,#1958);
#1121=LINE('',#9372,#1959);
#1122=LINE('',#9375,#1960);
#1123=LINE('',#9376,#1961);
#1124=LINE('',#9379,#1962);
#1125=LINE('',#9380,#1963);
#1126=LINE('',#9382,#1964);
#1127=LINE('',#9386,#1965);
#1128=LINE('',#9388,#1966);
#1129=LINE('',#9389,#1967);
#1130=LINE('',#9395,#1968);
#1131=LINE('',#9398,#1969);
#1132=LINE('',#9399,#1970);
#1133=LINE('',#9401,#1971);
#1134=LINE('',#9406,#1972);
#1135=LINE('',#9407,#1973);
#1136=LINE('',#9410,#1974);
#1137=LINE('',#9414,#1975);
#1138=LINE('',#9415,#1976);
#1139=LINE('',#9418,#1977);
#1140=LINE('',#9422,#1978);
#1141=LINE('',#9423,#1979);
#1142=LINE('',#9431,#1980);
#1143=LINE('',#9433,#1981);
#1144=LINE('',#9435,#1982);
#1145=LINE('',#9439,#1983);
#1146=LINE('',#9443,#1984);
#1147=LINE('',#9445,#1985);
#1148=LINE('',#9447,#1986);
#1149=LINE('',#9451,#1987);
#1150=LINE('',#9455,#1988);
#1151=LINE('',#9458,#1989);
#1152=LINE('',#9461,#1990);
#1153=LINE('',#9463,#1991);
#1154=LINE('',#9465,#1992);
#1155=LINE('',#9469,#1993);
#1156=LINE('',#9473,#1994);
#1157=LINE('',#9477,#1995);
#1158=LINE('',#9481,#1996);
#1159=LINE('',#9483,#1997);
#1160=LINE('',#9485,#1998);
#1161=LINE('',#9487,#1999);
#1162=LINE('',#9489,#2000);
#1163=LINE('',#9491,#2001);
#1164=LINE('',#9493,#2002);
#1165=LINE('',#9495,#2003);
#1166=LINE('',#9497,#2004);
#1167=LINE('',#9499,#2005);
#1168=LINE('',#9501,#2006);
#1169=LINE('',#9503,#2007);
#1170=LINE('',#9505,#2008);
#1171=LINE('',#9507,#2009);
#1172=LINE('',#9509,#2010);
#1173=LINE('',#9511,#2011);
#1174=LINE('',#9513,#2012);
#1175=LINE('',#9515,#2013);
#1176=LINE('',#9517,#2014);
#1177=LINE('',#9519,#2015);
#1178=LINE('',#9521,#2016);
#1179=LINE('',#9523,#2017);
#1180=LINE('',#9525,#2018);
#1181=LINE('',#9527,#2019);
#1182=LINE('',#9529,#2020);
#1183=LINE('',#9531,#2021);
#1184=LINE('',#9533,#2022);
#1185=LINE('',#9535,#2023);
#1186=LINE('',#9537,#2024);
#1187=LINE('',#9539,#2025);
#1188=LINE('',#9541,#2026);
#1189=LINE('',#9543,#2027);
#1190=LINE('',#9545,#2028);
#1191=LINE('',#9547,#2029);
#1192=LINE('',#9549,#2030);
#1193=LINE('',#9551,#2031);
#1194=LINE('',#9553,#2032);
#1195=LINE('',#9555,#2033);
#1196=LINE('',#9557,#2034);
#1197=LINE('',#9559,#2035);
#1198=LINE('',#9561,#2036);
#1199=LINE('',#9563,#2037);
#1200=LINE('',#9565,#2038);
#1201=LINE('',#9567,#2039);
#1202=LINE('',#9569,#2040);
#1203=LINE('',#9571,#2041);
#1204=LINE('',#9573,#2042);
#1205=LINE('',#9575,#2043);
#1206=LINE('',#9577,#2044);
#1207=LINE('',#9579,#2045);
#1208=LINE('',#9581,#2046);
#1209=LINE('',#9583,#2047);
#1210=LINE('',#9585,#2048);
#1211=LINE('',#9587,#2049);
#1212=LINE('',#9589,#2050);
#1213=LINE('',#9591,#2051);
#1214=LINE('',#9593,#2052);
#1215=LINE('',#9595,#2053);
#1216=LINE('',#9597,#2054);
#1217=LINE('',#9599,#2055);
#1218=LINE('',#9601,#2056);
#1219=LINE('',#9603,#2057);
#1220=LINE('',#9605,#2058);
#1221=LINE('',#9607,#2059);
#1222=LINE('',#9609,#2060);
#1223=LINE('',#9611,#2061);
#1224=LINE('',#9613,#2062);
#1225=LINE('',#9615,#2063);
#1226=LINE('',#9617,#2064);
#1227=LINE('',#9619,#2065);
#1228=LINE('',#9621,#2066);
#1229=LINE('',#9623,#2067);
#1230=LINE('',#9625,#2068);
#1231=LINE('',#9627,#2069);
#1232=LINE('',#9629,#2070);
#1233=LINE('',#9631,#2071);
#1234=LINE('',#9633,#2072);
#1235=LINE('',#9635,#2073);
#1236=LINE('',#9637,#2074);
#1237=LINE('',#9639,#2075);
#1238=LINE('',#9641,#2076);
#1239=LINE('',#9643,#2077);
#1240=LINE('',#9645,#2078);
#1241=LINE('',#9647,#2079);
#1242=LINE('',#9649,#2080);
#1243=LINE('',#9651,#2081);
#1244=LINE('',#9653,#2082);
#1245=LINE('',#9655,#2083);
#1246=LINE('',#9657,#2084);
#1247=LINE('',#9659,#2085);
#1248=LINE('',#9661,#2086);
#1249=LINE('',#9663,#2087);
#1250=LINE('',#9665,#2088);
#1251=LINE('',#9667,#2089);
#1252=LINE('',#9669,#2090);
#1253=LINE('',#9671,#2091);
#1254=LINE('',#9673,#2092);
#1255=LINE('',#9675,#2093);
#1256=LINE('',#9677,#2094);
#1257=LINE('',#9679,#2095);
#1258=LINE('',#9681,#2096);
#1259=LINE('',#9683,#2097);
#1260=LINE('',#9685,#2098);
#1261=LINE('',#9687,#2099);
#1262=LINE('',#9689,#2100);
#1263=LINE('',#9691,#2101);
#1264=LINE('',#9693,#2102);
#1265=LINE('',#9695,#2103);
#1266=LINE('',#9697,#2104);
#1267=LINE('',#9699,#2105);
#1268=LINE('',#9701,#2106);
#1269=LINE('',#9703,#2107);
#1270=LINE('',#9705,#2108);
#1271=LINE('',#9707,#2109);
#1272=LINE('',#9709,#2110);
#1273=LINE('',#9711,#2111);
#1274=LINE('',#9713,#2112);
#1275=LINE('',#9715,#2113);
#1276=LINE('',#9717,#2114);
#1277=LINE('',#9719,#2115);
#1278=LINE('',#9721,#2116);
#1279=LINE('',#9723,#2117);
#1280=LINE('',#9725,#2118);
#1281=LINE('',#9727,#2119);
#1282=LINE('',#9729,#2120);
#1283=LINE('',#9731,#2121);
#1284=LINE('',#9733,#2122);
#1285=LINE('',#9735,#2123);
#1286=LINE('',#9737,#2124);
#1287=LINE('',#9739,#2125);
#1288=LINE('',#9741,#2126);
#1289=LINE('',#9743,#2127);
#1290=LINE('',#9745,#2128);
#1291=LINE('',#9747,#2129);
#1292=LINE('',#9749,#2130);
#1293=LINE('',#9751,#2131);
#1294=LINE('',#9753,#2132);
#1295=LINE('',#9755,#2133);
#1296=LINE('',#9757,#2134);
#1297=LINE('',#9759,#2135);
#1298=LINE('',#9761,#2136);
#1299=LINE('',#9763,#2137);
#1300=LINE('',#9765,#2138);
#1301=LINE('',#9767,#2139);
#1302=LINE('',#9769,#2140);
#1303=LINE('',#9771,#2141);
#1304=LINE('',#9773,#2142);
#1305=LINE('',#9775,#2143);
#1306=LINE('',#9777,#2144);
#1307=LINE('',#9779,#2145);
#1308=LINE('',#9781,#2146);
#1309=LINE('',#9783,#2147);
#1310=LINE('',#9785,#2148);
#1311=LINE('',#9787,#2149);
#1312=LINE('',#9789,#2150);
#1313=LINE('',#9791,#2151);
#1314=LINE('',#9793,#2152);
#1315=LINE('',#9795,#2153);
#1316=LINE('',#9797,#2154);
#1317=LINE('',#9799,#2155);
#1318=LINE('',#9801,#2156);
#1319=LINE('',#9805,#2157);
#1320=LINE('',#9809,#2158);
#1321=LINE('',#9813,#2159);
#1322=LINE('',#9815,#2160);
#1323=LINE('',#9817,#2161);
#1324=LINE('',#9820,#2162);
#1325=LINE('',#9823,#2163);
#1326=LINE('',#9825,#2164);
#1327=LINE('',#9827,#2165);
#1328=LINE('',#9828,#2166);
#1329=LINE('',#9832,#2167);
#1330=LINE('',#9833,#2168);
#1331=LINE('',#9837,#2169);
#1332=LINE('',#9841,#2170);
#1333=LINE('',#9843,#2171);
#1334=LINE('',#9845,#2172);
#1335=LINE('',#9849,#2173);
#1336=LINE('',#9854,#2174);
#1337=LINE('',#9857,#2175);
#1338=LINE('',#9860,#2176);
#1339=LINE('',#9862,#2177);
#1340=LINE('',#9866,#2178);
#1341=LINE('',#9870,#2179);
#1342=LINE('',#9872,#2180);
#1343=LINE('',#9874,#2181);
#1344=LINE('',#9878,#2182);
#1345=LINE('',#9882,#2183);
#1346=LINE('',#9886,#2184);
#1347=LINE('',#9887,#2185);
#1348=LINE('',#9889,#2186);
#1349=LINE('',#9893,#2187);
#1350=LINE('',#9897,#2188);
#1351=LINE('',#9899,#2189);
#1352=LINE('',#9901,#2190);
#1353=LINE('',#9904,#2191);
#1354=LINE('',#9906,#2192);
#1355=LINE('',#9907,#2193);
#1356=LINE('',#9910,#2194);
#1357=LINE('',#9915,#2195);
#1358=LINE('',#9916,#2196);
#1359=LINE('',#9918,#2197);
#1360=LINE('',#9922,#2198);
#1361=LINE('',#9924,#2199);
#1362=LINE('',#9926,#2200);
#1363=LINE('',#9929,#2201);
#1364=LINE('',#9931,#2202);
#1365=LINE('',#9933,#2203);
#1366=LINE('',#9935,#2204);
#1367=LINE('',#9937,#2205);
#1368=LINE('',#9939,#2206);
#1369=LINE('',#9941,#2207);
#1370=LINE('',#9943,#2208);
#1371=LINE('',#9944,#2209);
#1372=LINE('',#9946,#2210);
#1373=LINE('',#9949,#2211);
#1374=LINE('',#9951,#2212);
#1375=LINE('',#9952,#2213);
#1376=LINE('',#9955,#2214);
#1377=LINE('',#9956,#2215);
#1378=LINE('',#9959,#2216);
#1379=LINE('',#9960,#2217);
#1380=LINE('',#9962,#2218);
#1381=LINE('',#9967,#2219);
#1382=LINE('',#9969,#2220);
#1383=LINE('',#9971,#2221);
#1384=LINE('',#9972,#2222);
#1385=LINE('',#9976,#2223);
#1386=LINE('',#9978,#2224);
#1387=LINE('',#9980,#2225);
#1388=LINE('',#9981,#2226);
#1389=LINE('',#9985,#2227);
#1390=LINE('',#9987,#2228);
#1391=LINE('',#9989,#2229);
#1392=LINE('',#9990,#2230);
#1393=LINE('',#9994,#2231);
#1394=LINE('',#9996,#2232);
#1395=LINE('',#9998,#2233);
#1396=LINE('',#9999,#2234);
#1397=LINE('',#10003,#2235);
#1398=LINE('',#10005,#2236);
#1399=LINE('',#10007,#2237);
#1400=LINE('',#10008,#2238);
#1401=LINE('',#10012,#2239);
#1402=LINE('',#10014,#2240);
#1403=LINE('',#10016,#2241);
#1404=LINE('',#10017,#2242);
#1405=LINE('',#10021,#2243);
#1406=LINE('',#10023,#2244);
#1407=LINE('',#10025,#2245);
#1408=LINE('',#10026,#2246);
#1409=LINE('',#10030,#2247);
#1410=LINE('',#10032,#2248);
#1411=LINE('',#10034,#2249);
#1412=LINE('',#10035,#2250);
#1413=LINE('',#10039,#2251);
#1414=LINE('',#10041,#2252);
#1415=LINE('',#10043,#2253);
#1416=LINE('',#10044,#2254);
#1417=LINE('',#10048,#2255);
#1418=LINE('',#10050,#2256);
#1419=LINE('',#10052,#2257);
#1420=LINE('',#10053,#2258);
#1421=LINE('',#10057,#2259);
#1422=LINE('',#10059,#2260);
#1423=LINE('',#10061,#2261);
#1424=LINE('',#10062,#2262);
#1425=LINE('',#10066,#2263);
#1426=LINE('',#10068,#2264);
#1427=LINE('',#10070,#2265);
#1428=LINE('',#10071,#2266);
#1429=LINE('',#10075,#2267);
#1430=LINE('',#10077,#2268);
#1431=LINE('',#10079,#2269);
#1432=LINE('',#10080,#2270);
#1433=LINE('',#10084,#2271);
#1434=LINE('',#10086,#2272);
#1435=LINE('',#10088,#2273);
#1436=LINE('',#10089,#2274);
#1437=LINE('',#10093,#2275);
#1438=LINE('',#10095,#2276);
#1439=LINE('',#10097,#2277);
#1440=LINE('',#10098,#2278);
#1441=LINE('',#10102,#2279);
#1442=LINE('',#10104,#2280);
#1443=LINE('',#10106,#2281);
#1444=LINE('',#10107,#2282);
#1445=LINE('',#10111,#2283);
#1446=LINE('',#10113,#2284);
#1447=LINE('',#10115,#2285);
#1448=LINE('',#10116,#2286);
#1449=LINE('',#10120,#2287);
#1450=LINE('',#10122,#2288);
#1451=LINE('',#10124,#2289);
#1452=LINE('',#10125,#2290);
#1453=LINE('',#10129,#2291);
#1454=LINE('',#10131,#2292);
#1455=LINE('',#10133,#2293);
#1456=LINE('',#10134,#2294);
#1457=LINE('',#10138,#2295);
#1458=LINE('',#10140,#2296);
#1459=LINE('',#10142,#2297);
#1460=LINE('',#10143,#2298);
#1461=LINE('',#10147,#2299);
#1462=LINE('',#10149,#2300);
#1463=LINE('',#10151,#2301);
#1464=LINE('',#10152,#2302);
#1465=LINE('',#10156,#2303);
#1466=LINE('',#10158,#2304);
#1467=LINE('',#10160,#2305);
#1468=LINE('',#10161,#2306);
#1469=LINE('',#10165,#2307);
#1470=LINE('',#10167,#2308);
#1471=LINE('',#10169,#2309);
#1472=LINE('',#10170,#2310);
#1473=LINE('',#10174,#2311);
#1474=LINE('',#10176,#2312);
#1475=LINE('',#10178,#2313);
#1476=LINE('',#10179,#2314);
#1477=LINE('',#10183,#2315);
#1478=LINE('',#10185,#2316);
#1479=LINE('',#10187,#2317);
#1480=LINE('',#10188,#2318);
#1481=LINE('',#10192,#2319);
#1482=LINE('',#10194,#2320);
#1483=LINE('',#10196,#2321);
#1484=LINE('',#10197,#2322);
#1485=LINE('',#10201,#2323);
#1486=LINE('',#10203,#2324);
#1487=LINE('',#10205,#2325);
#1488=LINE('',#10206,#2326);
#1489=LINE('',#10210,#2327);
#1490=LINE('',#10212,#2328);
#1491=LINE('',#10214,#2329);
#1492=LINE('',#10215,#2330);
#1493=LINE('',#10219,#2331);
#1494=LINE('',#10221,#2332);
#1495=LINE('',#10223,#2333);
#1496=LINE('',#10224,#2334);
#1497=LINE('',#10228,#2335);
#1498=LINE('',#10230,#2336);
#1499=LINE('',#10232,#2337);
#1500=LINE('',#10233,#2338);
#1501=LINE('',#10237,#2339);
#1502=LINE('',#10239,#2340);
#1503=LINE('',#10241,#2341);
#1504=LINE('',#10242,#2342);
#1505=LINE('',#10246,#2343);
#1506=LINE('',#10248,#2344);
#1507=LINE('',#10250,#2345);
#1508=LINE('',#10251,#2346);
#1509=LINE('',#10255,#2347);
#1510=LINE('',#10257,#2348);
#1511=LINE('',#10259,#2349);
#1512=LINE('',#10260,#2350);
#1513=LINE('',#10264,#2351);
#1514=LINE('',#10266,#2352);
#1515=LINE('',#10268,#2353);
#1516=LINE('',#10269,#2354);
#1517=LINE('',#10273,#2355);
#1518=LINE('',#10275,#2356);
#1519=LINE('',#10277,#2357);
#1520=LINE('',#10278,#2358);
#1521=LINE('',#10282,#2359);
#1522=LINE('',#10284,#2360);
#1523=LINE('',#10286,#2361);
#1524=LINE('',#10287,#2362);
#1525=LINE('',#10291,#2363);
#1526=LINE('',#10293,#2364);
#1527=LINE('',#10295,#2365);
#1528=LINE('',#10296,#2366);
#1529=LINE('',#10300,#2367);
#1530=LINE('',#10302,#2368);
#1531=LINE('',#10304,#2369);
#1532=LINE('',#10305,#2370);
#1533=LINE('',#10309,#2371);
#1534=LINE('',#10311,#2372);
#1535=LINE('',#10313,#2373);
#1536=LINE('',#10314,#2374);
#1537=LINE('',#10318,#2375);
#1538=LINE('',#10320,#2376);
#1539=LINE('',#10322,#2377);
#1540=LINE('',#10323,#2378);
#1541=LINE('',#10325,#2379);
#1542=LINE('',#10326,#2380);
#1543=LINE('',#10328,#2381);
#1544=LINE('',#10330,#2382);
#1545=LINE('',#10331,#2383);
#1546=LINE('',#10333,#2384);
#1547=LINE('',#10335,#2385);
#1548=LINE('',#10336,#2386);
#1549=LINE('',#10338,#2387);
#1550=LINE('',#10340,#2388);
#1551=LINE('',#10341,#2389);
#1552=LINE('',#10343,#2390);
#1553=LINE('',#10345,#2391);
#1554=LINE('',#10346,#2392);
#1555=LINE('',#10348,#2393);
#1556=LINE('',#10350,#2394);
#1557=LINE('',#10351,#2395);
#1558=LINE('',#10353,#2396);
#1559=LINE('',#10355,#2397);
#1560=LINE('',#10356,#2398);
#1561=LINE('',#10358,#2399);
#1562=LINE('',#10360,#2400);
#1563=LINE('',#10361,#2401);
#1564=LINE('',#10363,#2402);
#1565=LINE('',#10365,#2403);
#1566=LINE('',#10366,#2404);
#1567=LINE('',#10368,#2405);
#1568=LINE('',#10370,#2406);
#1569=LINE('',#10371,#2407);
#1570=LINE('',#10373,#2408);
#1571=LINE('',#10375,#2409);
#1572=LINE('',#10376,#2410);
#1573=LINE('',#10378,#2411);
#1574=LINE('',#10380,#2412);
#1575=LINE('',#10381,#2413);
#1576=LINE('',#10383,#2414);
#1577=LINE('',#10385,#2415);
#1578=LINE('',#10386,#2416);
#1579=LINE('',#10388,#2417);
#1580=LINE('',#10390,#2418);
#1581=LINE('',#10391,#2419);
#1582=LINE('',#10393,#2420);
#1583=LINE('',#10395,#2421);
#1584=LINE('',#10396,#2422);
#1585=LINE('',#10398,#2423);
#1586=LINE('',#10400,#2424);
#1587=LINE('',#10401,#2425);
#1588=LINE('',#10403,#2426);
#1589=LINE('',#10405,#2427);
#1590=LINE('',#10406,#2428);
#1591=LINE('',#10408,#2429);
#1592=LINE('',#10410,#2430);
#1593=LINE('',#10411,#2431);
#1594=LINE('',#10413,#2432);
#1595=LINE('',#10415,#2433);
#1596=LINE('',#10416,#2434);
#1597=LINE('',#10418,#2435);
#1598=LINE('',#10420,#2436);
#1599=LINE('',#10421,#2437);
#1600=LINE('',#10423,#2438);
#1601=LINE('',#10424,#2439);
#1602=LINE('',#10426,#2440);
#1603=LINE('',#10428,#2441);
#1604=LINE('',#10429,#2442);
#1605=LINE('',#10431,#2443);
#1606=LINE('',#10433,#2444);
#1607=LINE('',#10434,#2445);
#1608=LINE('',#10436,#2446);
#1609=LINE('',#10438,#2447);
#1610=LINE('',#10439,#2448);
#1611=LINE('',#10441,#2449);
#1612=LINE('',#10443,#2450);
#1613=LINE('',#10444,#2451);
#1614=LINE('',#10446,#2452);
#1615=LINE('',#10448,#2453);
#1616=LINE('',#10449,#2454);
#1617=LINE('',#10451,#2455);
#1618=LINE('',#10453,#2456);
#1619=LINE('',#10454,#2457);
#1620=LINE('',#10456,#2458);
#1621=LINE('',#10458,#2459);
#1622=LINE('',#10459,#2460);
#1623=LINE('',#10461,#2461);
#1624=LINE('',#10463,#2462);
#1625=LINE('',#10464,#2463);
#1626=LINE('',#10466,#2464);
#1627=LINE('',#10468,#2465);
#1628=LINE('',#10469,#2466);
#1629=LINE('',#10471,#2467);
#1630=LINE('',#10473,#2468);
#1631=LINE('',#10474,#2469);
#1632=LINE('',#10476,#2470);
#1633=LINE('',#10478,#2471);
#1634=LINE('',#10479,#2472);
#1635=LINE('',#10481,#2473);
#1636=LINE('',#10483,#2474);
#1637=LINE('',#10484,#2475);
#1638=LINE('',#10486,#2476);
#1639=LINE('',#10488,#2477);
#1640=LINE('',#10489,#2478);
#1641=LINE('',#10491,#2479);
#1642=LINE('',#10493,#2480);
#1643=LINE('',#10494,#2481);
#1644=LINE('',#10496,#2482);
#1645=LINE('',#10498,#2483);
#1646=LINE('',#10499,#2484);
#1647=LINE('',#10501,#2485);
#1648=LINE('',#10503,#2486);
#1649=LINE('',#10504,#2487);
#1650=LINE('',#10506,#2488);
#1651=LINE('',#10508,#2489);
#1652=LINE('',#10509,#2490);
#1653=LINE('',#10511,#2491);
#1654=LINE('',#10513,#2492);
#1655=LINE('',#10514,#2493);
#1656=LINE('',#10516,#2494);
#1657=LINE('',#10518,#2495);
#1658=LINE('',#10519,#2496);
#1659=LINE('',#10521,#2497);
#1660=LINE('',#10523,#2498);
#1661=LINE('',#10525,#2499);
#1662=LINE('',#10527,#2500);
#1663=LINE('',#10529,#2501);
#1664=LINE('',#10531,#2502);
#1665=LINE('',#10533,#2503);
#1666=LINE('',#10535,#2504);
#1667=LINE('',#10537,#2505);
#1668=LINE('',#10539,#2506);
#1669=LINE('',#10541,#2507);
#1670=LINE('',#10543,#2508);
#1671=LINE('',#10545,#2509);
#1672=LINE('',#10547,#2510);
#1673=LINE('',#10549,#2511);
#1674=LINE('',#10551,#2512);
#1675=LINE('',#10553,#2513);
#1676=LINE('',#10555,#2514);
#1677=LINE('',#10557,#2515);
#1678=LINE('',#10559,#2516);
#1679=LINE('',#10561,#2517);
#1680=LINE('',#10563,#2518);
#1681=LINE('',#10565,#2519);
#1682=LINE('',#10567,#2520);
#1683=LINE('',#10569,#2521);
#1684=LINE('',#10571,#2522);
#1685=LINE('',#10573,#2523);
#1686=LINE('',#10575,#2524);
#1687=LINE('',#10577,#2525);
#1688=LINE('',#10579,#2526);
#1689=LINE('',#10581,#2527);
#1690=LINE('',#10583,#2528);
#1691=LINE('',#10585,#2529);
#1692=LINE('',#10587,#2530);
#1693=LINE('',#10589,#2531);
#1694=LINE('',#10591,#2532);
#1695=LINE('',#10593,#2533);
#1696=LINE('',#10595,#2534);
#1697=LINE('',#10597,#2535);
#1698=LINE('',#10599,#2536);
#1699=LINE('',#10601,#2537);
#1700=LINE('',#10603,#2538);
#1701=LINE('',#10606,#2539);
#1702=LINE('',#10608,#2540);
#1703=LINE('',#10609,#2541);
#1704=LINE('',#10612,#2542);
#1705=LINE('',#10614,#2543);
#1706=LINE('',#10615,#2544);
#1707=LINE('',#10618,#2545);
#1708=LINE('',#10620,#2546);
#1709=LINE('',#10625,#2547);
#1710=LINE('',#10629,#2548);
#1711=LINE('',#10631,#2549);
#1712=LINE('',#10633,#2550);
#1713=LINE('',#10635,#2551);
#1714=LINE('',#10638,#2552);
#1715=LINE('',#10640,#2553);
#1716=LINE('',#10642,#2554);
#1717=LINE('',#10644,#2555);
#1718=LINE('',#10646,#2556);
#1719=LINE('',#10648,#2557);
#1720=LINE('',#10650,#2558);
#1721=LINE('',#10653,#2559);
#1722=VECTOR('',#7112,0.707106781186548);
#1723=VECTOR('',#7113,4.5);
#1724=VECTOR('',#7114,7.);
#1725=VECTOR('',#7117,6.);
#1726=VECTOR('',#7120,7.);
#1727=VECTOR('',#7121,50.59999999998);
#1728=VECTOR('',#7122,7.);
#1729=VECTOR('',#7125,6.);
#1730=VECTOR('',#7128,7.);
#1731=VECTOR('',#7129,4.5);
#1732=VECTOR('',#7130,0.707106781186548);
#1733=VECTOR('',#7131,120.5);
#1734=VECTOR('',#7132,0.707106781186548);
#1735=VECTOR('',#7133,4.5);
#1736=VECTOR('',#7134,7.);
#1737=VECTOR('',#7137,6.);
#1738=VECTOR('',#7140,7.);
#1739=VECTOR('',#7141,50.59999999998);
#1740=VECTOR('',#7142,7.);
#1741=VECTOR('',#7145,6.);
#1742=VECTOR('',#7148,7.);
#1743=VECTOR('',#7149,4.5);
#1744=VECTOR('',#7150,0.707106781186548);
#1745=VECTOR('',#7151,120.5);
#1746=VECTOR('',#7170,0.3);
#1747=VECTOR('',#7171,0.707106781186548);
#1748=VECTOR('',#7172,0.3);
#1749=VECTOR('',#7175,1.);
#1750=VECTOR('',#7176,0.3);
#1751=VECTOR('',#7177,0.300000000000004);
#1752=VECTOR('',#7178,1.7);
#1753=VECTOR('',#7179,3.2);
#1754=VECTOR('',#7180,1.7);
#1755=VECTOR('',#7183,0.299999999999955);
#1756=VECTOR('',#7184,3.2);
#1757=VECTOR('',#7185,0.299999999999955);
#1758=VECTOR('',#7186,0.299999999999997);
#1759=VECTOR('',#7187,0.707106781186548);
#1760=VECTOR('',#7188,0.299999999999955);
#1761=VECTOR('',#7189,0.299999999999997);
#1762=VECTOR('',#7190,119.9);
#1763=VECTOR('',#7191,0.299999999999997);
#1764=VECTOR('',#7192,0.299999999999955);
#1765=VECTOR('',#7193,0.707106781186548);
#1766=VECTOR('',#7194,0.299999999999997);
#1767=VECTOR('',#7195,0.299999999999955);
#1768=VECTOR('',#7196,3.2);
#1769=VECTOR('',#7197,0.299999999999955);
#1770=VECTOR('',#7198,1.);
#1771=VECTOR('',#7199,7.);
#1772=VECTOR('',#7202,6.);
#1773=VECTOR('',#7205,7.);
#1774=VECTOR('',#7206,1.);
#1775=VECTOR('',#7207,0.299999999999955);
#1776=VECTOR('',#7208,48.59999999998);
#1777=VECTOR('',#7209,0.299999999999955);
#1778=VECTOR('',#7210,1.);
#1779=VECTOR('',#7211,7.);
#1780=VECTOR('',#7214,6.);
#1781=VECTOR('',#7217,7.);
#1782=VECTOR('',#7218,0.299999999999955);
#1783=VECTOR('',#7219,3.2);
#1784=VECTOR('',#7220,0.299999999999955);
#1785=VECTOR('',#7221,0.299999999999955);
#1786=VECTOR('',#7222,0.300000000000004);
#1787=VECTOR('',#7223,119.9);
#1788=VECTOR('',#7224,0.300000000000004);
#1789=VECTOR('',#7225,0.299999999999955);
#1790=VECTOR('',#7226,0.707106781186548);
#1791=VECTOR('',#7227,0.300000000000004);
#1792=VECTOR('',#7228,0.299999999999955);
#1793=VECTOR('',#7229,3.2);
#1794=VECTOR('',#7230,0.299999999999955);
#1795=VECTOR('',#7231,1.);
#1796=VECTOR('',#7232,7.);
#1797=VECTOR('',#7235,6.);
#1798=VECTOR('',#7238,7.);
#1799=VECTOR('',#7239,1.);
#1800=VECTOR('',#7240,0.299999999999955);
#1801=VECTOR('',#7241,48.59999999998);
#1802=VECTOR('',#7242,0.299999999999955);
#1803=VECTOR('',#7243,1.);
#1804=VECTOR('',#7244,7.);
#1805=VECTOR('',#7247,6.);
#1806=VECTOR('',#7250,7.);
#1807=VECTOR('',#7251,1.);
#1808=VECTOR('',#7270,1.7);
#1809=VECTOR('',#7271,0.299999999999955);
#1810=VECTOR('',#7272,1.7);
#1811=VECTOR('',#7275,3.2);
#1812=VECTOR('',#7276,1.7);
#1813=VECTOR('',#7279,0.299999999999955);
#1814=VECTOR('',#7280,1.7);
#1815=VECTOR('',#7283,0.3);
#1816=VECTOR('',#7284,0.3);
#1817=VECTOR('',#7285,3.2);
#1818=VECTOR('',#7290,0.3);
#1819=VECTOR('',#7293,57.1999999999998);
#1820=VECTOR('',#7294,1.);
#1821=VECTOR('',#7295,19.4000000000001);
#1822=VECTOR('',#7296,1.7);
#1823=VECTOR('',#7297,0.3);
#1824=VECTOR('',#7298,1.7);
#1825=VECTOR('',#7299,43.3000000000002);
#1826=VECTOR('',#7300,1.);
#1827=VECTOR('',#7303,0.299999999999997);
#1828=VECTOR('',#7304,57.1999999999998);
#1829=VECTOR('',#7305,0.299999999999997);
#1830=VECTOR('',#7308,1.);
#1831=VECTOR('',#7309,0.299999999999997);
#1832=VECTOR('',#7312,19.4000000000001);
#1833=VECTOR('',#7313,0.299999999999997);
#1834=VECTOR('',#7316,0.299999999999997);
#1835=VECTOR('',#7317,0.299999999999997);
#1836=VECTOR('',#7318,43.3000000000002);
#1837=VECTOR('',#7321,1.7);
#1838=VECTOR('',#7324,1.);
#1839=VECTOR('',#7325,1.7);
#1840=VECTOR('',#7332,0.3);
#1841=VECTOR('',#7335,0.3);
#1842=VECTOR('',#7336,1.7);
#1843=VECTOR('',#7337,3.2);
#1844=VECTOR('',#7338,1.7);
#1845=VECTOR('',#7341,0.299999999999955);
#1846=VECTOR('',#7342,1.7);
#1847=VECTOR('',#7345,3.2);
#1848=VECTOR('',#7346,1.7);
#1849=VECTOR('',#7349,0.299999999999955);
#1850=VECTOR('',#7354,0.3);
#1851=VECTOR('',#7357,0.3);
#1852=VECTOR('',#7360,0.3);
#1853=VECTOR('',#7363,0.3);
#1854=VECTOR('',#7366,0.3);
#1855=VECTOR('',#7369,0.3);
#1856=VECTOR('',#7370,1.7);
#1857=VECTOR('',#7371,48.59999999998);
#1858=VECTOR('',#7372,1.7);
#1859=VECTOR('',#7375,0.299999999999955);
#1860=VECTOR('',#7376,1.7);
#1861=VECTOR('',#7379,48.59999999998);
#1862=VECTOR('',#7380,1.7);
#1863=VECTOR('',#7383,0.299999999999955);
#1864=VECTOR('',#7388,0.3);
#1865=VECTOR('',#7391,0.3);
#1866=VECTOR('',#7394,0.3);
#1867=VECTOR('',#7397,0.3);
#1868=VECTOR('',#7402,0.3);
#1869=VECTOR('',#7405,0.3);
#1870=VECTOR('',#7408,0.3);
#1871=VECTOR('',#7411,0.3);
#1872=VECTOR('',#7414,0.3);
#1873=VECTOR('',#7417,0.3);
#1874=VECTOR('',#7418,1.7);
#1875=VECTOR('',#7419,48.59999999998);
#1876=VECTOR('',#7420,1.7);
#1877=VECTOR('',#7423,0.299999999999955);
#1878=VECTOR('',#7424,1.7);
#1879=VECTOR('',#7427,48.59999999998);
#1880=VECTOR('',#7428,1.7);
#1881=VECTOR('',#7431,0.299999999999955);
#1882=VECTOR('',#7436,0.3);
#1883=VECTOR('',#7439,0.3);
#1884=VECTOR('',#7442,0.3);
#1885=VECTOR('',#7445,0.3);
#1886=VECTOR('',#7448,0.3);
#1887=VECTOR('',#7451,0.3);
#1888=VECTOR('',#7452,1.7);
#1889=VECTOR('',#7453,3.2);
#1890=VECTOR('',#7454,1.7);
#1891=VECTOR('',#7457,0.299999999999955);
#1892=VECTOR('',#7458,1.7);
#1893=VECTOR('',#7461,3.2);
#1894=VECTOR('',#7462,1.7);
#1895=VECTOR('',#7465,0.299999999999955);
#1896=VECTOR('',#7470,0.3);
#1897=VECTOR('',#7473,1.7);
#1898=VECTOR('',#7474,119.9);
#1899=VECTOR('',#7475,1.7);
#1900=VECTOR('',#7478,0.300000000000004);
#1901=VECTOR('',#7479,1.7);
#1902=VECTOR('',#7482,119.9);
#1903=VECTOR('',#7483,1.7);
#1904=VECTOR('',#7486,0.300000000000004);
#1905=VECTOR('',#7491,1.7);
#1906=VECTOR('',#7492,0.299999999999955);
#1907=VECTOR('',#7495,3.2);
#1908=VECTOR('',#7496,0.299999999999955);
#1909=VECTOR('',#7499,1.7);
#1910=VECTOR('',#7504,1.74999999999972);
#1911=VECTOR('',#7507,1.74999999999972);
#1912=VECTOR('',#7510,1.75000000000001);
#1913=VECTOR('',#7513,1.75000000000001);
#1914=VECTOR('',#7518,10.);
#1915=VECTOR('',#7519,10.);
#1916=VECTOR('',#7520,10.);
#1917=VECTOR('',#7521,10.);
#1918=VECTOR('',#7524,10.);
#1919=VECTOR('',#7525,10.);
#1920=VECTOR('',#7526,10.);
#1921=VECTOR('',#7529,10.);
#1922=VECTOR('',#7530,10.);
#1923=VECTOR('',#7531,10.);
#1924=VECTOR('',#7534,10.);
#1925=VECTOR('',#7535,10.);
#1926=VECTOR('',#7552,10.);
#1927=VECTOR('',#7555,10.);
#1928=VECTOR('',#7558,10.);
#1929=VECTOR('',#7559,10.);
#1930=VECTOR('',#7560,10.);
#1931=VECTOR('',#7561,10.);
#1932=VECTOR('',#7564,10.);
#1933=VECTOR('',#7567,10.);
#1934=VECTOR('',#7568,10.);
#1935=VECTOR('',#7569,10.);
#1936=VECTOR('',#7570,10.);
#1937=VECTOR('',#7571,10.);
#1938=VECTOR('',#7572,10.);
#1939=VECTOR('',#7573,10.);
#1940=VECTOR('',#7576,10.);
#1941=VECTOR('',#7577,10.);
#1942=VECTOR('',#7578,10.);
#1943=VECTOR('',#7579,10.);
#1944=VECTOR('',#7584,10.);
#1945=VECTOR('',#7591,10.);
#1946=VECTOR('',#7602,10.);
#1947=VECTOR('',#7613,10.);
#1948=VECTOR('',#7626,10.);
#1949=VECTOR('',#7633,10.);
#1950=VECTOR('',#7634,10.);
#1951=VECTOR('',#7635,10.);
#1952=VECTOR('',#7638,10.);
#1953=VECTOR('',#7639,10.);
#1954=VECTOR('',#7642,10.);
#1955=VECTOR('',#7643,10.);
#1956=VECTOR('',#7644,10.);
#1957=VECTOR('',#7647,10.);
#1958=VECTOR('',#7648,10.);
#1959=VECTOR('',#7649,10.);
#1960=VECTOR('',#7652,10.);
#1961=VECTOR('',#7653,10.);
#1962=VECTOR('',#7656,10.);
#1963=VECTOR('',#7657,10.);
#1964=VECTOR('',#7660,10.);
#1965=VECTOR('',#7665,10.);
#1966=VECTOR('',#7666,10.);
#1967=VECTOR('',#7667,10.);
#1968=VECTOR('',#7676,10.);
#1969=VECTOR('',#7679,10.);
#1970=VECTOR('',#7680,10.);
#1971=VECTOR('',#7683,10.);
#1972=VECTOR('',#7690,10.);
#1973=VECTOR('',#7691,10.);
#1974=VECTOR('',#7694,10.);
#1975=VECTOR('',#7699,10.);
#1976=VECTOR('',#7700,10.);
#1977=VECTOR('',#7703,10.);
#1978=VECTOR('',#7708,10.);
#1979=VECTOR('',#7709,10.);
#1980=VECTOR('',#7720,10.);
#1981=VECTOR('',#7721,10.);
#1982=VECTOR('',#7722,10.);
#1983=VECTOR('',#7725,10.);
#1984=VECTOR('',#7728,10.);
#1985=VECTOR('',#7729,10.);
#1986=VECTOR('',#7730,10.);
#1987=VECTOR('',#7733,10.);
#1988=VECTOR('',#7738,10.);
#1989=VECTOR('',#7741,10.);
#1990=VECTOR('',#7744,10.);
#1991=VECTOR('',#7745,10.);
#1992=VECTOR('',#7746,10.);
#1993=VECTOR('',#7749,10.);
#1994=VECTOR('',#7752,10.);
#1995=VECTOR('',#7755,10.);
#1996=VECTOR('',#7758,10.);
#1997=VECTOR('',#7759,10.);
#1998=VECTOR('',#7760,10.);
#1999=VECTOR('',#7761,10.);
#2000=VECTOR('',#7762,10.);
#2001=VECTOR('',#7763,10.);
#2002=VECTOR('',#7764,10.);
#2003=VECTOR('',#7765,10.);
#2004=VECTOR('',#7766,10.);
#2005=VECTOR('',#7767,10.);
#2006=VECTOR('',#7768,10.);
#2007=VECTOR('',#7769,10.);
#2008=VECTOR('',#7770,10.);
#2009=VECTOR('',#7771,10.);
#2010=VECTOR('',#7772,10.);
#2011=VECTOR('',#7773,10.);
#2012=VECTOR('',#7774,10.);
#2013=VECTOR('',#7775,10.);
#2014=VECTOR('',#7776,10.);
#2015=VECTOR('',#7777,10.);
#2016=VECTOR('',#7778,10.);
#2017=VECTOR('',#7779,10.);
#2018=VECTOR('',#7780,10.);
#2019=VECTOR('',#7781,10.);
#2020=VECTOR('',#7782,10.);
#2021=VECTOR('',#7783,10.);
#2022=VECTOR('',#7784,10.);
#2023=VECTOR('',#7785,10.);
#2024=VECTOR('',#7786,10.);
#2025=VECTOR('',#7787,10.);
#2026=VECTOR('',#7788,10.);
#2027=VECTOR('',#7789,10.);
#2028=VECTOR('',#7790,10.);
#2029=VECTOR('',#7791,10.);
#2030=VECTOR('',#7792,10.);
#2031=VECTOR('',#7793,10.);
#2032=VECTOR('',#7794,10.);
#2033=VECTOR('',#7795,10.);
#2034=VECTOR('',#7796,10.);
#2035=VECTOR('',#7797,10.);
#2036=VECTOR('',#7798,10.);
#2037=VECTOR('',#7799,10.);
#2038=VECTOR('',#7800,10.);
#2039=VECTOR('',#7801,10.);
#2040=VECTOR('',#7802,10.);
#2041=VECTOR('',#7803,10.);
#2042=VECTOR('',#7804,10.);
#2043=VECTOR('',#7805,10.);
#2044=VECTOR('',#7806,10.);
#2045=VECTOR('',#7807,10.);
#2046=VECTOR('',#7808,10.);
#2047=VECTOR('',#7809,10.);
#2048=VECTOR('',#7810,10.);
#2049=VECTOR('',#7811,10.);
#2050=VECTOR('',#7812,10.);
#2051=VECTOR('',#7813,10.);
#2052=VECTOR('',#7814,10.);
#2053=VECTOR('',#7815,10.);
#2054=VECTOR('',#7816,10.);
#2055=VECTOR('',#7817,10.);
#2056=VECTOR('',#7818,10.);
#2057=VECTOR('',#7819,10.);
#2058=VECTOR('',#7820,10.);
#2059=VECTOR('',#7821,10.);
#2060=VECTOR('',#7822,10.);
#2061=VECTOR('',#7823,10.);
#2062=VECTOR('',#7824,10.);
#2063=VECTOR('',#7825,10.);
#2064=VECTOR('',#7826,10.);
#2065=VECTOR('',#7827,10.);
#2066=VECTOR('',#7828,10.);
#2067=VECTOR('',#7829,10.);
#2068=VECTOR('',#7830,10.);
#2069=VECTOR('',#7831,10.);
#2070=VECTOR('',#7832,10.);
#2071=VECTOR('',#7833,10.);
#2072=VECTOR('',#7834,10.);
#2073=VECTOR('',#7835,10.);
#2074=VECTOR('',#7836,10.);
#2075=VECTOR('',#7837,10.);
#2076=VECTOR('',#7838,10.);
#2077=VECTOR('',#7839,10.);
#2078=VECTOR('',#7840,10.);
#2079=VECTOR('',#7841,10.);
#2080=VECTOR('',#7842,10.);
#2081=VECTOR('',#7843,10.);
#2082=VECTOR('',#7844,10.);
#2083=VECTOR('',#7845,10.);
#2084=VECTOR('',#7846,10.);
#2085=VECTOR('',#7847,10.);
#2086=VECTOR('',#7848,10.);
#2087=VECTOR('',#7849,10.);
#2088=VECTOR('',#7850,10.);
#2089=VECTOR('',#7851,10.);
#2090=VECTOR('',#7852,10.);
#2091=VECTOR('',#7853,10.);
#2092=VECTOR('',#7854,10.);
#2093=VECTOR('',#7855,10.);
#2094=VECTOR('',#7856,10.);
#2095=VECTOR('',#7857,10.);
#2096=VECTOR('',#7858,10.);
#2097=VECTOR('',#7859,10.);
#2098=VECTOR('',#7860,10.);
#2099=VECTOR('',#7861,10.);
#2100=VECTOR('',#7862,10.);
#2101=VECTOR('',#7863,10.);
#2102=VECTOR('',#7864,10.);
#2103=VECTOR('',#7865,10.);
#2104=VECTOR('',#7866,10.);
#2105=VECTOR('',#7867,10.);
#2106=VECTOR('',#7868,10.);
#2107=VECTOR('',#7869,10.);
#2108=VECTOR('',#7870,10.);
#2109=VECTOR('',#7871,10.);
#2110=VECTOR('',#7872,10.);
#2111=VECTOR('',#7873,10.);
#2112=VECTOR('',#7874,10.);
#2113=VECTOR('',#7875,10.);
#2114=VECTOR('',#7876,10.);
#2115=VECTOR('',#7877,10.);
#2116=VECTOR('',#7878,10.);
#2117=VECTOR('',#7879,10.);
#2118=VECTOR('',#7880,10.);
#2119=VECTOR('',#7881,10.);
#2120=VECTOR('',#7882,10.);
#2121=VECTOR('',#7883,10.);
#2122=VECTOR('',#7884,10.);
#2123=VECTOR('',#7885,10.);
#2124=VECTOR('',#7886,10.);
#2125=VECTOR('',#7887,10.);
#2126=VECTOR('',#7888,10.);
#2127=VECTOR('',#7889,10.);
#2128=VECTOR('',#7890,10.);
#2129=VECTOR('',#7891,10.);
#2130=VECTOR('',#7892,10.);
#2131=VECTOR('',#7893,10.);
#2132=VECTOR('',#7894,10.);
#2133=VECTOR('',#7895,10.);
#2134=VECTOR('',#7896,10.);
#2135=VECTOR('',#7897,10.);
#2136=VECTOR('',#7898,10.);
#2137=VECTOR('',#7899,10.);
#2138=VECTOR('',#7900,10.);
#2139=VECTOR('',#7901,10.);
#2140=VECTOR('',#7902,10.);
#2141=VECTOR('',#7903,10.);
#2142=VECTOR('',#7904,10.);
#2143=VECTOR('',#7905,10.);
#2144=VECTOR('',#7906,10.);
#2145=VECTOR('',#7907,10.);
#2146=VECTOR('',#7908,10.);
#2147=VECTOR('',#7909,10.);
#2148=VECTOR('',#7910,10.);
#2149=VECTOR('',#7911,10.);
#2150=VECTOR('',#7912,10.);
#2151=VECTOR('',#7913,10.);
#2152=VECTOR('',#7914,10.);
#2153=VECTOR('',#7915,10.);
#2154=VECTOR('',#7916,10.);
#2155=VECTOR('',#7917,10.);
#2156=VECTOR('',#7918,10.);
#2157=VECTOR('',#7921,10.);
#2158=VECTOR('',#7924,10.);
#2159=VECTOR('',#7927,10.);
#2160=VECTOR('',#7928,10.);
#2161=VECTOR('',#7929,10.);
#2162=VECTOR('',#7932,10.);
#2163=VECTOR('',#7933,10.);
#2164=VECTOR('',#7934,10.);
#2165=VECTOR('',#7935,10.);
#2166=VECTOR('',#7936,10.);
#2167=VECTOR('',#7939,10.);
#2168=VECTOR('',#7940,10.);
#2169=VECTOR('',#7943,10.);
#2170=VECTOR('',#7946,10.);
#2171=VECTOR('',#7947,10.);
#2172=VECTOR('',#7948,10.);
#2173=VECTOR('',#7951,10.);
#2174=VECTOR('',#7958,10.);
#2175=VECTOR('',#7961,10.);
#2176=VECTOR('',#7964,10.);
#2177=VECTOR('',#7965,10.);
#2178=VECTOR('',#7968,10.);
#2179=VECTOR('',#7971,10.);
#2180=VECTOR('',#7972,10.);
#2181=VECTOR('',#7973,10.);
#2182=VECTOR('',#7976,10.);
#2183=VECTOR('',#7979,10.);
#2184=VECTOR('',#7982,10.);
#2185=VECTOR('',#7983,10.);
#2186=VECTOR('',#7986,10.);
#2187=VECTOR('',#7989,10.);
#2188=VECTOR('',#7992,10.);
#2189=VECTOR('',#7993,10.);
#2190=VECTOR('',#7994,10.);
#2191=VECTOR('',#7997,10.);
#2192=VECTOR('',#8000,10.);
#2193=VECTOR('',#8001,10.);
#2194=VECTOR('',#8004,10.);
#2195=VECTOR('',#8011,10.);
#2196=VECTOR('',#8012,10.);
#2197=VECTOR('',#8015,10.);
#2198=VECTOR('',#8018,10.);
#2199=VECTOR('',#8019,10.);
#2200=VECTOR('',#8020,10.);
#2201=VECTOR('',#8023,10.);
#2202=VECTOR('',#8026,10.);
#2203=VECTOR('',#8029,10.);
#2204=VECTOR('',#8032,10.);
#2205=VECTOR('',#8035,10.);
#2206=VECTOR('',#8038,10.);
#2207=VECTOR('',#8041,10.);
#2208=VECTOR('',#8044,10.);
#2209=VECTOR('',#8045,10.);
#2210=VECTOR('',#8048,10.);
#2211=VECTOR('',#8051,10.);
#2212=VECTOR('',#8052,10.);
#2213=VECTOR('',#8053,10.);
#2214=VECTOR('',#8056,10.);
#2215=VECTOR('',#8057,10.);
#2216=VECTOR('',#8060,10.);
#2217=VECTOR('',#8061,10.);
#2218=VECTOR('',#8064,10.);
#2219=VECTOR('',#8069,10.);
#2220=VECTOR('',#8070,10.);
#2221=VECTOR('',#8071,10.);
#2222=VECTOR('',#8072,10.);
#2223=VECTOR('',#8075,10.);
#2224=VECTOR('',#8076,10.);
#2225=VECTOR('',#8077,10.);
#2226=VECTOR('',#8078,10.);
#2227=VECTOR('',#8081,10.);
#2228=VECTOR('',#8082,10.);
#2229=VECTOR('',#8083,10.);
#2230=VECTOR('',#8084,10.);
#2231=VECTOR('',#8087,10.);
#2232=VECTOR('',#8088,10.);
#2233=VECTOR('',#8089,10.);
#2234=VECTOR('',#8090,10.);
#2235=VECTOR('',#8093,10.);
#2236=VECTOR('',#8094,10.);
#2237=VECTOR('',#8095,10.);
#2238=VECTOR('',#8096,10.);
#2239=VECTOR('',#8099,10.);
#2240=VECTOR('',#8100,10.);
#2241=VECTOR('',#8101,10.);
#2242=VECTOR('',#8102,10.);
#2243=VECTOR('',#8105,10.);
#2244=VECTOR('',#8106,10.);
#2245=VECTOR('',#8107,10.);
#2246=VECTOR('',#8108,10.);
#2247=VECTOR('',#8111,10.);
#2248=VECTOR('',#8112,10.);
#2249=VECTOR('',#8113,10.);
#2250=VECTOR('',#8114,10.);
#2251=VECTOR('',#8117,10.);
#2252=VECTOR('',#8118,10.);
#2253=VECTOR('',#8119,10.);
#2254=VECTOR('',#8120,10.);
#2255=VECTOR('',#8123,10.);
#2256=VECTOR('',#8124,10.);
#2257=VECTOR('',#8125,10.);
#2258=VECTOR('',#8126,10.);
#2259=VECTOR('',#8129,10.);
#2260=VECTOR('',#8130,10.);
#2261=VECTOR('',#8131,10.);
#2262=VECTOR('',#8132,10.);
#2263=VECTOR('',#8135,10.);
#2264=VECTOR('',#8136,10.);
#2265=VECTOR('',#8137,10.);
#2266=VECTOR('',#8138,10.);
#2267=VECTOR('',#8141,10.);
#2268=VECTOR('',#8142,10.);
#2269=VECTOR('',#8143,10.);
#2270=VECTOR('',#8144,10.);
#2271=VECTOR('',#8147,10.);
#2272=VECTOR('',#8148,10.);
#2273=VECTOR('',#8149,10.);
#2274=VECTOR('',#8150,10.);
#2275=VECTOR('',#8153,10.);
#2276=VECTOR('',#8154,10.);
#2277=VECTOR('',#8155,10.);
#2278=VECTOR('',#8156,10.);
#2279=VECTOR('',#8159,10.);
#2280=VECTOR('',#8160,10.);
#2281=VECTOR('',#8161,10.);
#2282=VECTOR('',#8162,10.);
#2283=VECTOR('',#8165,10.);
#2284=VECTOR('',#8166,10.);
#2285=VECTOR('',#8167,10.);
#2286=VECTOR('',#8168,10.);
#2287=VECTOR('',#8171,10.);
#2288=VECTOR('',#8172,10.);
#2289=VECTOR('',#8173,10.);
#2290=VECTOR('',#8174,10.);
#2291=VECTOR('',#8177,10.);
#2292=VECTOR('',#8178,10.);
#2293=VECTOR('',#8179,10.);
#2294=VECTOR('',#8180,10.);
#2295=VECTOR('',#8183,10.);
#2296=VECTOR('',#8184,10.);
#2297=VECTOR('',#8185,10.);
#2298=VECTOR('',#8186,10.);
#2299=VECTOR('',#8189,10.);
#2300=VECTOR('',#8190,10.);
#2301=VECTOR('',#8191,10.);
#2302=VECTOR('',#8192,10.);
#2303=VECTOR('',#8195,10.);
#2304=VECTOR('',#8196,10.);
#2305=VECTOR('',#8197,10.);
#2306=VECTOR('',#8198,10.);
#2307=VECTOR('',#8201,10.);
#2308=VECTOR('',#8202,10.);
#2309=VECTOR('',#8203,10.);
#2310=VECTOR('',#8204,10.);
#2311=VECTOR('',#8207,10.);
#2312=VECTOR('',#8208,10.);
#2313=VECTOR('',#8209,10.);
#2314=VECTOR('',#8210,10.);
#2315=VECTOR('',#8213,10.);
#2316=VECTOR('',#8214,10.);
#2317=VECTOR('',#8215,10.);
#2318=VECTOR('',#8216,10.);
#2319=VECTOR('',#8219,10.);
#2320=VECTOR('',#8220,10.);
#2321=VECTOR('',#8221,10.);
#2322=VECTOR('',#8222,10.);
#2323=VECTOR('',#8225,10.);
#2324=VECTOR('',#8226,10.);
#2325=VECTOR('',#8227,10.);
#2326=VECTOR('',#8228,10.);
#2327=VECTOR('',#8231,10.);
#2328=VECTOR('',#8232,10.);
#2329=VECTOR('',#8233,10.);
#2330=VECTOR('',#8234,10.);
#2331=VECTOR('',#8237,10.);
#2332=VECTOR('',#8238,10.);
#2333=VECTOR('',#8239,10.);
#2334=VECTOR('',#8240,10.);
#2335=VECTOR('',#8243,10.);
#2336=VECTOR('',#8244,10.);
#2337=VECTOR('',#8245,10.);
#2338=VECTOR('',#8246,10.);
#2339=VECTOR('',#8249,10.);
#2340=VECTOR('',#8250,10.);
#2341=VECTOR('',#8251,10.);
#2342=VECTOR('',#8252,10.);
#2343=VECTOR('',#8255,10.);
#2344=VECTOR('',#8256,10.);
#2345=VECTOR('',#8257,10.);
#2346=VECTOR('',#8258,10.);
#2347=VECTOR('',#8261,10.);
#2348=VECTOR('',#8262,10.);
#2349=VECTOR('',#8263,10.);
#2350=VECTOR('',#8264,10.);
#2351=VECTOR('',#8267,10.);
#2352=VECTOR('',#8268,10.);
#2353=VECTOR('',#8269,10.);
#2354=VECTOR('',#8270,10.);
#2355=VECTOR('',#8273,10.);
#2356=VECTOR('',#8274,10.);
#2357=VECTOR('',#8275,10.);
#2358=VECTOR('',#8276,10.);
#2359=VECTOR('',#8279,10.);
#2360=VECTOR('',#8280,10.);
#2361=VECTOR('',#8281,10.);
#2362=VECTOR('',#8282,10.);
#2363=VECTOR('',#8285,10.);
#2364=VECTOR('',#8286,10.);
#2365=VECTOR('',#8287,10.);
#2366=VECTOR('',#8288,10.);
#2367=VECTOR('',#8291,10.);
#2368=VECTOR('',#8292,10.);
#2369=VECTOR('',#8293,10.);
#2370=VECTOR('',#8294,10.);
#2371=VECTOR('',#8297,10.);
#2372=VECTOR('',#8298,10.);
#2373=VECTOR('',#8299,10.);
#2374=VECTOR('',#8300,10.);
#2375=VECTOR('',#8303,10.);
#2376=VECTOR('',#8304,10.);
#2377=VECTOR('',#8305,10.);
#2378=VECTOR('',#8306,10.);
#2379=VECTOR('',#8309,10.);
#2380=VECTOR('',#8310,10.);
#2381=VECTOR('',#8313,10.);
#2382=VECTOR('',#8316,10.);
#2383=VECTOR('',#8317,10.);
#2384=VECTOR('',#8320,10.);
#2385=VECTOR('',#8323,10.);
#2386=VECTOR('',#8324,10.);
#2387=VECTOR('',#8327,10.);
#2388=VECTOR('',#8330,10.);
#2389=VECTOR('',#8331,10.);
#2390=VECTOR('',#8334,10.);
#2391=VECTOR('',#8337,10.);
#2392=VECTOR('',#8338,10.);
#2393=VECTOR('',#8341,10.);
#2394=VECTOR('',#8344,10.);
#2395=VECTOR('',#8345,10.);
#2396=VECTOR('',#8348,10.);
#2397=VECTOR('',#8351,10.);
#2398=VECTOR('',#8352,10.);
#2399=VECTOR('',#8355,10.);
#2400=VECTOR('',#8358,10.);
#2401=VECTOR('',#8359,10.);
#2402=VECTOR('',#8362,10.);
#2403=VECTOR('',#8365,10.);
#2404=VECTOR('',#8366,10.);
#2405=VECTOR('',#8369,10.);
#2406=VECTOR('',#8372,10.);
#2407=VECTOR('',#8373,10.);
#2408=VECTOR('',#8376,10.);
#2409=VECTOR('',#8379,10.);
#2410=VECTOR('',#8380,10.);
#2411=VECTOR('',#8383,10.);
#2412=VECTOR('',#8386,10.);
#2413=VECTOR('',#8387,10.);
#2414=VECTOR('',#8390,10.);
#2415=VECTOR('',#8393,10.);
#2416=VECTOR('',#8394,10.);
#2417=VECTOR('',#8397,10.);
#2418=VECTOR('',#8400,10.);
#2419=VECTOR('',#8401,10.);
#2420=VECTOR('',#8404,10.);
#2421=VECTOR('',#8407,10.);
#2422=VECTOR('',#8408,10.);
#2423=VECTOR('',#8411,10.);
#2424=VECTOR('',#8414,10.);
#2425=VECTOR('',#8415,10.);
#2426=VECTOR('',#8418,10.);
#2427=VECTOR('',#8421,10.);
#2428=VECTOR('',#8422,10.);
#2429=VECTOR('',#8425,10.);
#2430=VECTOR('',#8428,10.);
#2431=VECTOR('',#8429,10.);
#2432=VECTOR('',#8432,10.);
#2433=VECTOR('',#8435,10.);
#2434=VECTOR('',#8436,10.);
#2435=VECTOR('',#8439,10.);
#2436=VECTOR('',#8442,10.);
#2437=VECTOR('',#8443,10.);
#2438=VECTOR('',#8446,10.);
#2439=VECTOR('',#8447,10.);
#2440=VECTOR('',#8450,10.);
#2441=VECTOR('',#8453,10.);
#2442=VECTOR('',#8454,10.);
#2443=VECTOR('',#8457,10.);
#2444=VECTOR('',#8460,10.);
#2445=VECTOR('',#8461,10.);
#2446=VECTOR('',#8464,10.);
#2447=VECTOR('',#8467,10.);
#2448=VECTOR('',#8468,10.);
#2449=VECTOR('',#8471,10.);
#2450=VECTOR('',#8474,10.);
#2451=VECTOR('',#8475,10.);
#2452=VECTOR('',#8478,10.);
#2453=VECTOR('',#8481,10.);
#2454=VECTOR('',#8482,10.);
#2455=VECTOR('',#8485,10.);
#2456=VECTOR('',#8488,10.);
#2457=VECTOR('',#8489,10.);
#2458=VECTOR('',#8492,10.);
#2459=VECTOR('',#8495,10.);
#2460=VECTOR('',#8496,10.);
#2461=VECTOR('',#8499,10.);
#2462=VECTOR('',#8502,10.);
#2463=VECTOR('',#8503,10.);
#2464=VECTOR('',#8506,10.);
#2465=VECTOR('',#8509,10.);
#2466=VECTOR('',#8510,10.);
#2467=VECTOR('',#8513,10.);
#2468=VECTOR('',#8516,10.);
#2469=VECTOR('',#8517,10.);
#2470=VECTOR('',#8520,10.);
#2471=VECTOR('',#8523,10.);
#2472=VECTOR('',#8524,10.);
#2473=VECTOR('',#8527,10.);
#2474=VECTOR('',#8530,10.);
#2475=VECTOR('',#8531,10.);
#2476=VECTOR('',#8534,10.);
#2477=VECTOR('',#8537,10.);
#2478=VECTOR('',#8538,10.);
#2479=VECTOR('',#8541,10.);
#2480=VECTOR('',#8544,10.);
#2481=VECTOR('',#8545,10.);
#2482=VECTOR('',#8548,10.);
#2483=VECTOR('',#8551,10.);
#2484=VECTOR('',#8552,10.);
#2485=VECTOR('',#8555,10.);
#2486=VECTOR('',#8558,10.);
#2487=VECTOR('',#8559,10.);
#2488=VECTOR('',#8562,10.);
#2489=VECTOR('',#8565,10.);
#2490=VECTOR('',#8566,10.);
#2491=VECTOR('',#8569,10.);
#2492=VECTOR('',#8572,10.);
#2493=VECTOR('',#8573,10.);
#2494=VECTOR('',#8576,10.);
#2495=VECTOR('',#8579,10.);
#2496=VECTOR('',#8580,10.);
#2497=VECTOR('',#8583,10.);
#2498=VECTOR('',#8586,10.);
#2499=VECTOR('',#8589,10.);
#2500=VECTOR('',#8592,10.);
#2501=VECTOR('',#8595,10.);
#2502=VECTOR('',#8598,10.);
#2503=VECTOR('',#8601,10.);
#2504=VECTOR('',#8604,10.);
#2505=VECTOR('',#8607,10.);
#2506=VECTOR('',#8610,10.);
#2507=VECTOR('',#8613,10.);
#2508=VECTOR('',#8616,10.);
#2509=VECTOR('',#8619,10.);
#2510=VECTOR('',#8622,10.);
#2511=VECTOR('',#8625,10.);
#2512=VECTOR('',#8628,10.);
#2513=VECTOR('',#8631,10.);
#2514=VECTOR('',#8634,10.);
#2515=VECTOR('',#8637,10.);
#2516=VECTOR('',#8640,10.);
#2517=VECTOR('',#8643,10.);
#2518=VECTOR('',#8646,10.);
#2519=VECTOR('',#8649,10.);
#2520=VECTOR('',#8652,10.);
#2521=VECTOR('',#8655,10.);
#2522=VECTOR('',#8658,10.);
#2523=VECTOR('',#8661,10.);
#2524=VECTOR('',#8664,10.);
#2525=VECTOR('',#8667,10.);
#2526=VECTOR('',#8670,10.);
#2527=VECTOR('',#8673,10.);
#2528=VECTOR('',#8676,10.);
#2529=VECTOR('',#8679,10.);
#2530=VECTOR('',#8682,10.);
#2531=VECTOR('',#8685,10.);
#2532=VECTOR('',#8688,10.);
#2533=VECTOR('',#8691,10.);
#2534=VECTOR('',#8694,10.);
#2535=VECTOR('',#8697,10.);
#2536=VECTOR('',#8700,10.);
#2537=VECTOR('',#8703,10.);
#2538=VECTOR('',#8706,10.);
#2539=VECTOR('',#8709,10.);
#2540=VECTOR('',#8710,10.);
#2541=VECTOR('',#8711,10.);
#2542=VECTOR('',#8714,10.);
#2543=VECTOR('',#8715,10.);
#2544=VECTOR('',#8716,10.);
#2545=VECTOR('',#8719,10.);
#2546=VECTOR('',#8720,10.);
#2547=VECTOR('',#8729,10.);
#2548=VECTOR('',#8736,10.);
#2549=VECTOR('',#8739,10.);
#2550=VECTOR('',#8742,10.);
#2551=VECTOR('',#8745,10.);
#2552=VECTOR('',#8750,10.);
#2553=VECTOR('',#8753,10.);
#2554=VECTOR('',#8756,10.);
#2555=VECTOR('',#8759,10.);
#2556=VECTOR('',#8762,10.);
#2557=VECTOR('',#8765,10.);
#2558=VECTOR('',#8768,10.);
#2559=VECTOR('',#8773,10.);
#2560=VERTEX_POINT('',#8788);
#2561=VERTEX_POINT('',#8789);
#2562=VERTEX_POINT('',#8791);
#2563=VERTEX_POINT('',#8793);
#2564=VERTEX_POINT('',#8795);
#2565=VERTEX_POINT('',#8797);
#2566=VERTEX_POINT('',#8799);
#2567=VERTEX_POINT('',#8801);
#2568=VERTEX_POINT('',#8803);
#2569=VERTEX_POINT('',#8805);
#2570=VERTEX_POINT('',#8807);
#2571=VERTEX_POINT('',#8809);
#2572=VERTEX_POINT('',#8811);
#2573=VERTEX_POINT('',#8813);
#2574=VERTEX_POINT('',#8815);
#2575=VERTEX_POINT('',#8817);
#2576=VERTEX_POINT('',#8819);
#2577=VERTEX_POINT('',#8821);
#2578=VERTEX_POINT('',#8823);
#2579=VERTEX_POINT('',#8825);
#2580=VERTEX_POINT('',#8827);
#2581=VERTEX_POINT('',#8829);
#2582=VERTEX_POINT('',#8831);
#2583=VERTEX_POINT('',#8833);
#2584=VERTEX_POINT('',#8835);
#2585=VERTEX_POINT('',#8837);
#2586=VERTEX_POINT('',#8839);
#2587=VERTEX_POINT('',#8841);
#2588=VERTEX_POINT('',#8843);
#2589=VERTEX_POINT('',#8845);
#2590=VERTEX_POINT('',#8847);
#2591=VERTEX_POINT('',#8849);
#2592=VERTEX_POINT('',#8852);
#2593=VERTEX_POINT('',#8853);
#2594=VERTEX_POINT('',#8856);
#2595=VERTEX_POINT('',#8857);
#2596=VERTEX_POINT('',#8860);
#2597=VERTEX_POINT('',#8861);
#2598=VERTEX_POINT('',#8864);
#2599=VERTEX_POINT('',#8865);
#2600=VERTEX_POINT('',#8869);
#2601=VERTEX_POINT('',#8871);
#2602=VERTEX_POINT('',#8875);
#2603=VERTEX_POINT('',#8876);
#2604=VERTEX_POINT('',#8879);
#2605=VERTEX_POINT('',#8881);
#2606=VERTEX_POINT('',#8883);
#2607=VERTEX_POINT('',#8887);
#2608=VERTEX_POINT('',#8888);
#2609=VERTEX_POINT('',#8890);
#2610=VERTEX_POINT('',#8892);
#2611=VERTEX_POINT('',#8894);
#2612=VERTEX_POINT('',#8896);
#2613=VERTEX_POINT('',#8898);
#2614=VERTEX_POINT('',#8900);
#2615=VERTEX_POINT('',#8902);
#2616=VERTEX_POINT('',#8904);
#2617=VERTEX_POINT('',#8906);
#2618=VERTEX_POINT('',#8908);
#2619=VERTEX_POINT('',#8910);
#2620=VERTEX_POINT('',#8912);
#2621=VERTEX_POINT('',#8914);
#2622=VERTEX_POINT('',#8916);
#2623=VERTEX_POINT('',#8918);
#2624=VERTEX_POINT('',#8920);
#2625=VERTEX_POINT('',#8922);
#2626=VERTEX_POINT('',#8924);
#2627=VERTEX_POINT('',#8926);
#2628=VERTEX_POINT('',#8928);
#2629=VERTEX_POINT('',#8930);
#2630=VERTEX_POINT('',#8932);
#2631=VERTEX_POINT('',#8934);
#2632=VERTEX_POINT('',#8936);
#2633=VERTEX_POINT('',#8938);
#2634=VERTEX_POINT('',#8940);
#2635=VERTEX_POINT('',#8942);
#2636=VERTEX_POINT('',#8944);
#2637=VERTEX_POINT('',#8946);
#2638=VERTEX_POINT('',#8949);
#2639=VERTEX_POINT('',#8951);
#2640=VERTEX_POINT('',#8954);
#2641=VERTEX_POINT('',#8956);
#2642=VERTEX_POINT('',#8958);
#2643=VERTEX_POINT('',#8960);
#2644=VERTEX_POINT('',#8962);
#2645=VERTEX_POINT('',#8964);
#2646=VERTEX_POINT('',#8966);
#2647=VERTEX_POINT('',#8968);
#2648=VERTEX_POINT('',#8970);
#2649=VERTEX_POINT('',#8972);
#2650=VERTEX_POINT('',#8974);
#2651=VERTEX_POINT('',#8976);
#2652=VERTEX_POINT('',#8978);
#2653=VERTEX_POINT('',#8980);
#2654=VERTEX_POINT('',#8982);
#2655=VERTEX_POINT('',#8984);
#2656=VERTEX_POINT('',#8986);
#2657=VERTEX_POINT('',#8988);
#2658=VERTEX_POINT('',#8990);
#2659=VERTEX_POINT('',#8992);
#2660=VERTEX_POINT('',#8994);
#2661=VERTEX_POINT('',#8996);
#2662=VERTEX_POINT('',#8998);
#2663=VERTEX_POINT('',#9000);
#2664=VERTEX_POINT('',#9002);
#2665=VERTEX_POINT('',#9004);
#2666=VERTEX_POINT('',#9007);
#2667=VERTEX_POINT('',#9008);
#2668=VERTEX_POINT('',#9011);
#2669=VERTEX_POINT('',#9012);
#2670=VERTEX_POINT('',#9015);
#2671=VERTEX_POINT('',#9016);
#2672=VERTEX_POINT('',#9019);
#2673=VERTEX_POINT('',#9020);
#2674=VERTEX_POINT('',#9024);
#2675=VERTEX_POINT('',#9026);
#2676=VERTEX_POINT('',#9030);
#2677=VERTEX_POINT('',#9034);
#2678=VERTEX_POINT('',#9045);
#2679=VERTEX_POINT('',#9046);
#2680=VERTEX_POINT('',#9048);
#2681=VERTEX_POINT('',#9050);
#2682=VERTEX_POINT('',#9054);
#2683=VERTEX_POINT('',#9056);
#2684=VERTEX_POINT('',#9060);
#2685=VERTEX_POINT('',#9062);
#2686=VERTEX_POINT('',#9066);
#2687=VERTEX_POINT('',#9070);
#2688=VERTEX_POINT('',#9074);
#2689=VERTEX_POINT('',#9076);
#2690=VERTEX_POINT('',#9090);
#2691=VERTEX_POINT('',#9092);
#2692=VERTEX_POINT('',#9096);
#2693=VERTEX_POINT('',#9100);
#2694=VERTEX_POINT('',#9118);
#2695=VERTEX_POINT('',#9120);
#2696=VERTEX_POINT('',#9124);
#2697=VERTEX_POINT('',#9128);
#2698=VERTEX_POINT('',#9155);
#2699=VERTEX_POINT('',#9157);
#2700=VERTEX_POINT('',#9161);
#2701=VERTEX_POINT('',#9165);
#2702=VERTEX_POINT('',#9183);
#2703=VERTEX_POINT('',#9185);
#2704=VERTEX_POINT('',#9189);
#2705=VERTEX_POINT('',#9193);
#2706=VERTEX_POINT('',#9202);
#2707=VERTEX_POINT('',#9204);
#2708=VERTEX_POINT('',#9208);
#2709=VERTEX_POINT('',#9212);
#2710=VERTEX_POINT('',#9219);
#2711=VERTEX_POINT('',#9223);
#2712=VERTEX_POINT('',#9239);
#2713=VERTEX_POINT('',#9240);
#2714=VERTEX_POINT('',#9242);
#2715=VERTEX_POINT('',#9244);
#2716=VERTEX_POINT('',#9248);
#2717=VERTEX_POINT('',#9250);
#2718=VERTEX_POINT('',#9254);
#2719=VERTEX_POINT('',#9256);
#2720=VERTEX_POINT('',#9269);
#2721=VERTEX_POINT('',#9270);
#2722=VERTEX_POINT('',#9272);
#2723=VERTEX_POINT('',#9274);
#2724=VERTEX_POINT('',#9278);
#2725=VERTEX_POINT('',#9280);
#2726=VERTEX_POINT('',#9282);
#2727=VERTEX_POINT('',#9286);
#2728=VERTEX_POINT('',#9288);
#2729=VERTEX_POINT('',#9290);
#2730=VERTEX_POINT('',#9292);
#2731=VERTEX_POINT('',#9294);
#2732=VERTEX_POINT('',#9296);
#2733=VERTEX_POINT('',#9298);
#2734=VERTEX_POINT('',#9300);
#2735=VERTEX_POINT('',#9302);
#2736=VERTEX_POINT('',#9305);
#2737=VERTEX_POINT('',#9306);
#2738=VERTEX_POINT('',#9308);
#2739=VERTEX_POINT('',#9310);
#2740=VERTEX_POINT('',#9314);
#2741=VERTEX_POINT('',#9316);
#2742=VERTEX_POINT('',#9320);
#2743=VERTEX_POINT('',#9322);
#2744=VERTEX_POINT('',#9328);
#2745=VERTEX_POINT('',#9330);
#2746=VERTEX_POINT('',#9336);
#2747=VERTEX_POINT('',#9338);
#2748=VERTEX_POINT('',#9344);
#2749=VERTEX_POINT('',#9346);
#2750=VERTEX_POINT('',#9352);
#2751=VERTEX_POINT('',#9354);
#2752=VERTEX_POINT('',#9358);
#2753=VERTEX_POINT('',#9362);
#2754=VERTEX_POINT('',#9364);
#2755=VERTEX_POINT('',#9368);
#2756=VERTEX_POINT('',#9370);
#2757=VERTEX_POINT('',#9374);
#2758=VERTEX_POINT('',#9378);
#2759=VERTEX_POINT('',#9385);
#2760=VERTEX_POINT('',#9387);
#2761=VERTEX_POINT('',#9393);
#2762=VERTEX_POINT('',#9397);
#2763=VERTEX_POINT('',#9405);
#2764=VERTEX_POINT('',#9409);
#2765=VERTEX_POINT('',#9413);
#2766=VERTEX_POINT('',#9417);
#2767=VERTEX_POINT('',#9421);
#2768=VERTEX_POINT('',#9429);
#2769=VERTEX_POINT('',#9430);
#2770=VERTEX_POINT('',#9432);
#2771=VERTEX_POINT('',#9434);
#2772=VERTEX_POINT('',#9436);
#2773=VERTEX_POINT('',#9438);
#2774=VERTEX_POINT('',#9440);
#2775=VERTEX_POINT('',#9442);
#2776=VERTEX_POINT('',#9444);
#2777=VERTEX_POINT('',#9446);
#2778=VERTEX_POINT('',#9448);
#2779=VERTEX_POINT('',#9450);
#2780=VERTEX_POINT('',#9454);
#2781=VERTEX_POINT('',#9456);
#2782=VERTEX_POINT('',#9460);
#2783=VERTEX_POINT('',#9462);
#2784=VERTEX_POINT('',#9464);
#2785=VERTEX_POINT('',#9466);
#2786=VERTEX_POINT('',#9468);
#2787=VERTEX_POINT('',#9470);
#2788=VERTEX_POINT('',#9472);
#2789=VERTEX_POINT('',#9474);
#2790=VERTEX_POINT('',#9476);
#2791=VERTEX_POINT('',#9478);
#2792=VERTEX_POINT('',#9480);
#2793=VERTEX_POINT('',#9482);
#2794=VERTEX_POINT('',#9484);
#2795=VERTEX_POINT('',#9486);
#2796=VERTEX_POINT('',#9488);
#2797=VERTEX_POINT('',#9490);
#2798=VERTEX_POINT('',#9492);
#2799=VERTEX_POINT('',#9494);
#2800=VERTEX_POINT('',#9496);
#2801=VERTEX_POINT('',#9498);
#2802=VERTEX_POINT('',#9500);
#2803=VERTEX_POINT('',#9502);
#2804=VERTEX_POINT('',#9504);
#2805=VERTEX_POINT('',#9506);
#2806=VERTEX_POINT('',#9508);
#2807=VERTEX_POINT('',#9510);
#2808=VERTEX_POINT('',#9512);
#2809=VERTEX_POINT('',#9514);
#2810=VERTEX_POINT('',#9516);
#2811=VERTEX_POINT('',#9518);
#2812=VERTEX_POINT('',#9520);
#2813=VERTEX_POINT('',#9522);
#2814=VERTEX_POINT('',#9524);
#2815=VERTEX_POINT('',#9526);
#2816=VERTEX_POINT('',#9528);
#2817=VERTEX_POINT('',#9530);
#2818=VERTEX_POINT('',#9532);
#2819=VERTEX_POINT('',#9534);
#2820=VERTEX_POINT('',#9536);
#2821=VERTEX_POINT('',#9538);
#2822=VERTEX_POINT('',#9540);
#2823=VERTEX_POINT('',#9542);
#2824=VERTEX_POINT('',#9544);
#2825=VERTEX_POINT('',#9546);
#2826=VERTEX_POINT('',#9548);
#2827=VERTEX_POINT('',#9550);
#2828=VERTEX_POINT('',#9552);
#2829=VERTEX_POINT('',#9554);
#2830=VERTEX_POINT('',#9556);
#2831=VERTEX_POINT('',#9558);
#2832=VERTEX_POINT('',#9560);
#2833=VERTEX_POINT('',#9562);
#2834=VERTEX_POINT('',#9564);
#2835=VERTEX_POINT('',#9566);
#2836=VERTEX_POINT('',#9568);
#2837=VERTEX_POINT('',#9570);
#2838=VERTEX_POINT('',#9572);
#2839=VERTEX_POINT('',#9574);
#2840=VERTEX_POINT('',#9576);
#2841=VERTEX_POINT('',#9578);
#2842=VERTEX_POINT('',#9580);
#2843=VERTEX_POINT('',#9582);
#2844=VERTEX_POINT('',#9584);
#2845=VERTEX_POINT('',#9586);
#2846=VERTEX_POINT('',#9588);
#2847=VERTEX_POINT('',#9590);
#2848=VERTEX_POINT('',#9592);
#2849=VERTEX_POINT('',#9594);
#2850=VERTEX_POINT('',#9596);
#2851=VERTEX_POINT('',#9598);
#2852=VERTEX_POINT('',#9600);
#2853=VERTEX_POINT('',#9602);
#2854=VERTEX_POINT('',#9604);
#2855=VERTEX_POINT('',#9606);
#2856=VERTEX_POINT('',#9608);
#2857=VERTEX_POINT('',#9610);
#2858=VERTEX_POINT('',#9612);
#2859=VERTEX_POINT('',#9614);
#2860=VERTEX_POINT('',#9616);
#2861=VERTEX_POINT('',#9618);
#2862=VERTEX_POINT('',#9620);
#2863=VERTEX_POINT('',#9622);
#2864=VERTEX_POINT('',#9624);
#2865=VERTEX_POINT('',#9626);
#2866=VERTEX_POINT('',#9628);
#2867=VERTEX_POINT('',#9630);
#2868=VERTEX_POINT('',#9632);
#2869=VERTEX_POINT('',#9634);
#2870=VERTEX_POINT('',#9636);
#2871=VERTEX_POINT('',#9638);
#2872=VERTEX_POINT('',#9640);
#2873=VERTEX_POINT('',#9642);
#2874=VERTEX_POINT('',#9644);
#2875=VERTEX_POINT('',#9646);
#2876=VERTEX_POINT('',#9648);
#2877=VERTEX_POINT('',#9650);
#2878=VERTEX_POINT('',#9652);
#2879=VERTEX_POINT('',#9654);
#2880=VERTEX_POINT('',#9656);
#2881=VERTEX_POINT('',#9658);
#2882=VERTEX_POINT('',#9660);
#2883=VERTEX_POINT('',#9662);
#2884=VERTEX_POINT('',#9664);
#2885=VERTEX_POINT('',#9666);
#2886=VERTEX_POINT('',#9668);
#2887=VERTEX_POINT('',#9670);
#2888=VERTEX_POINT('',#9672);
#2889=VERTEX_POINT('',#9674);
#2890=VERTEX_POINT('',#9676);
#2891=VERTEX_POINT('',#9678);
#2892=VERTEX_POINT('',#9680);
#2893=VERTEX_POINT('',#9682);
#2894=VERTEX_POINT('',#9684);
#2895=VERTEX_POINT('',#9686);
#2896=VERTEX_POINT('',#9688);
#2897=VERTEX_POINT('',#9690);
#2898=VERTEX_POINT('',#9692);
#2899=VERTEX_POINT('',#9694);
#2900=VERTEX_POINT('',#9696);
#2901=VERTEX_POINT('',#9698);
#2902=VERTEX_POINT('',#9700);
#2903=VERTEX_POINT('',#9702);
#2904=VERTEX_POINT('',#9704);
#2905=VERTEX_POINT('',#9706);
#2906=VERTEX_POINT('',#9708);
#2907=VERTEX_POINT('',#9710);
#2908=VERTEX_POINT('',#9712);
#2909=VERTEX_POINT('',#9714);
#2910=VERTEX_POINT('',#9716);
#2911=VERTEX_POINT('',#9718);
#2912=VERTEX_POINT('',#9720);
#2913=VERTEX_POINT('',#9722);
#2914=VERTEX_POINT('',#9724);
#2915=VERTEX_POINT('',#9726);
#2916=VERTEX_POINT('',#9728);
#2917=VERTEX_POINT('',#9730);
#2918=VERTEX_POINT('',#9732);
#2919=VERTEX_POINT('',#9734);
#2920=VERTEX_POINT('',#9736);
#2921=VERTEX_POINT('',#9738);
#2922=VERTEX_POINT('',#9740);
#2923=VERTEX_POINT('',#9742);
#2924=VERTEX_POINT('',#9744);
#2925=VERTEX_POINT('',#9746);
#2926=VERTEX_POINT('',#9748);
#2927=VERTEX_POINT('',#9750);
#2928=VERTEX_POINT('',#9752);
#2929=VERTEX_POINT('',#9754);
#2930=VERTEX_POINT('',#9756);
#2931=VERTEX_POINT('',#9758);
#2932=VERTEX_POINT('',#9760);
#2933=VERTEX_POINT('',#9762);
#2934=VERTEX_POINT('',#9764);
#2935=VERTEX_POINT('',#9766);
#2936=VERTEX_POINT('',#9768);
#2937=VERTEX_POINT('',#9770);
#2938=VERTEX_POINT('',#9772);
#2939=VERTEX_POINT('',#9774);
#2940=VERTEX_POINT('',#9776);
#2941=VERTEX_POINT('',#9778);
#2942=VERTEX_POINT('',#9780);
#2943=VERTEX_POINT('',#9782);
#2944=VERTEX_POINT('',#9784);
#2945=VERTEX_POINT('',#9786);
#2946=VERTEX_POINT('',#9788);
#2947=VERTEX_POINT('',#9790);
#2948=VERTEX_POINT('',#9792);
#2949=VERTEX_POINT('',#9794);
#2950=VERTEX_POINT('',#9796);
#2951=VERTEX_POINT('',#9798);
#2952=VERTEX_POINT('',#9800);
#2953=VERTEX_POINT('',#9802);
#2954=VERTEX_POINT('',#9804);
#2955=VERTEX_POINT('',#9806);
#2956=VERTEX_POINT('',#9808);
#2957=VERTEX_POINT('',#9810);
#2958=VERTEX_POINT('',#9812);
#2959=VERTEX_POINT('',#9814);
#2960=VERTEX_POINT('',#9816);
#2961=VERTEX_POINT('',#9818);
#2962=VERTEX_POINT('',#9821);
#2963=VERTEX_POINT('',#9822);
#2964=VERTEX_POINT('',#9824);
#2965=VERTEX_POINT('',#9826);
#2966=VERTEX_POINT('',#9830);
#2967=VERTEX_POINT('',#9831);
#2968=VERTEX_POINT('',#9834);
#2969=VERTEX_POINT('',#9836);
#2970=VERTEX_POINT('',#9838);
#2971=VERTEX_POINT('',#9840);
#2972=VERTEX_POINT('',#9842);
#2973=VERTEX_POINT('',#9844);
#2974=VERTEX_POINT('',#9846);
#2975=VERTEX_POINT('',#9848);
#2976=VERTEX_POINT('',#9852);
#2977=VERTEX_POINT('',#9856);
#2978=VERTEX_POINT('',#9859);
#2979=VERTEX_POINT('',#9861);
#2980=VERTEX_POINT('',#9863);
#2981=VERTEX_POINT('',#9865);
#2982=VERTEX_POINT('',#9867);
#2983=VERTEX_POINT('',#9869);
#2984=VERTEX_POINT('',#9871);
#2985=VERTEX_POINT('',#9873);
#2986=VERTEX_POINT('',#9875);
#2987=VERTEX_POINT('',#9877);
#2988=VERTEX_POINT('',#9879);
#2989=VERTEX_POINT('',#9881);
#2990=VERTEX_POINT('',#9883);
#2991=VERTEX_POINT('',#9885);
#2992=VERTEX_POINT('',#9890);
#2993=VERTEX_POINT('',#9892);
#2994=VERTEX_POINT('',#9894);
#2995=VERTEX_POINT('',#9896);
#2996=VERTEX_POINT('',#9898);
#2997=VERTEX_POINT('',#9900);
#2998=VERTEX_POINT('',#9902);
#2999=VERTEX_POINT('',#9909);
#3000=VERTEX_POINT('',#9914);
#3001=VERTEX_POINT('',#9919);
#3002=VERTEX_POINT('',#9921);
#3003=VERTEX_POINT('',#9923);
#3004=VERTEX_POINT('',#9925);
#3005=VERTEX_POINT('',#9927);
#3006=VERTEX_POINT('',#9948);
#3007=VERTEX_POINT('',#9950);
#3008=VERTEX_POINT('',#9954);
#3009=VERTEX_POINT('',#9958);
#3010=VERTEX_POINT('',#9965);
#3011=VERTEX_POINT('',#9966);
#3012=VERTEX_POINT('',#9968);
#3013=VERTEX_POINT('',#9970);
#3014=VERTEX_POINT('',#9974);
#3015=VERTEX_POINT('',#9975);
#3016=VERTEX_POINT('',#9977);
#3017=VERTEX_POINT('',#9979);
#3018=VERTEX_POINT('',#9983);
#3019=VERTEX_POINT('',#9984);
#3020=VERTEX_POINT('',#9986);
#3021=VERTEX_POINT('',#9988);
#3022=VERTEX_POINT('',#9992);
#3023=VERTEX_POINT('',#9993);
#3024=VERTEX_POINT('',#9995);
#3025=VERTEX_POINT('',#9997);
#3026=VERTEX_POINT('',#10001);
#3027=VERTEX_POINT('',#10002);
#3028=VERTEX_POINT('',#10004);
#3029=VERTEX_POINT('',#10006);
#3030=VERTEX_POINT('',#10010);
#3031=VERTEX_POINT('',#10011);
#3032=VERTEX_POINT('',#10013);
#3033=VERTEX_POINT('',#10015);
#3034=VERTEX_POINT('',#10019);
#3035=VERTEX_POINT('',#10020);
#3036=VERTEX_POINT('',#10022);
#3037=VERTEX_POINT('',#10024);
#3038=VERTEX_POINT('',#10028);
#3039=VERTEX_POINT('',#10029);
#3040=VERTEX_POINT('',#10031);
#3041=VERTEX_POINT('',#10033);
#3042=VERTEX_POINT('',#10037);
#3043=VERTEX_POINT('',#10038);
#3044=VERTEX_POINT('',#10040);
#3045=VERTEX_POINT('',#10042);
#3046=VERTEX_POINT('',#10046);
#3047=VERTEX_POINT('',#10047);
#3048=VERTEX_POINT('',#10049);
#3049=VERTEX_POINT('',#10051);
#3050=VERTEX_POINT('',#10055);
#3051=VERTEX_POINT('',#10056);
#3052=VERTEX_POINT('',#10058);
#3053=VERTEX_POINT('',#10060);
#3054=VERTEX_POINT('',#10064);
#3055=VERTEX_POINT('',#10065);
#3056=VERTEX_POINT('',#10067);
#3057=VERTEX_POINT('',#10069);
#3058=VERTEX_POINT('',#10073);
#3059=VERTEX_POINT('',#10074);
#3060=VERTEX_POINT('',#10076);
#3061=VERTEX_POINT('',#10078);
#3062=VERTEX_POINT('',#10082);
#3063=VERTEX_POINT('',#10083);
#3064=VERTEX_POINT('',#10085);
#3065=VERTEX_POINT('',#10087);
#3066=VERTEX_POINT('',#10091);
#3067=VERTEX_POINT('',#10092);
#3068=VERTEX_POINT('',#10094);
#3069=VERTEX_POINT('',#10096);
#3070=VERTEX_POINT('',#10100);
#3071=VERTEX_POINT('',#10101);
#3072=VERTEX_POINT('',#10103);
#3073=VERTEX_POINT('',#10105);
#3074=VERTEX_POINT('',#10109);
#3075=VERTEX_POINT('',#10110);
#3076=VERTEX_POINT('',#10112);
#3077=VERTEX_POINT('',#10114);
#3078=VERTEX_POINT('',#10118);
#3079=VERTEX_POINT('',#10119);
#3080=VERTEX_POINT('',#10121);
#3081=VERTEX_POINT('',#10123);
#3082=VERTEX_POINT('',#10127);
#3083=VERTEX_POINT('',#10128);
#3084=VERTEX_POINT('',#10130);
#3085=VERTEX_POINT('',#10132);
#3086=VERTEX_POINT('',#10136);
#3087=VERTEX_POINT('',#10137);
#3088=VERTEX_POINT('',#10139);
#3089=VERTEX_POINT('',#10141);
#3090=VERTEX_POINT('',#10145);
#3091=VERTEX_POINT('',#10146);
#3092=VERTEX_POINT('',#10148);
#3093=VERTEX_POINT('',#10150);
#3094=VERTEX_POINT('',#10154);
#3095=VERTEX_POINT('',#10155);
#3096=VERTEX_POINT('',#10157);
#3097=VERTEX_POINT('',#10159);
#3098=VERTEX_POINT('',#10163);
#3099=VERTEX_POINT('',#10164);
#3100=VERTEX_POINT('',#10166);
#3101=VERTEX_POINT('',#10168);
#3102=VERTEX_POINT('',#10172);
#3103=VERTEX_POINT('',#10173);
#3104=VERTEX_POINT('',#10175);
#3105=VERTEX_POINT('',#10177);
#3106=VERTEX_POINT('',#10181);
#3107=VERTEX_POINT('',#10182);
#3108=VERTEX_POINT('',#10184);
#3109=VERTEX_POINT('',#10186);
#3110=VERTEX_POINT('',#10190);
#3111=VERTEX_POINT('',#10191);
#3112=VERTEX_POINT('',#10193);
#3113=VERTEX_POINT('',#10195);
#3114=VERTEX_POINT('',#10199);
#3115=VERTEX_POINT('',#10200);
#3116=VERTEX_POINT('',#10202);
#3117=VERTEX_POINT('',#10204);
#3118=VERTEX_POINT('',#10208);
#3119=VERTEX_POINT('',#10209);
#3120=VERTEX_POINT('',#10211);
#3121=VERTEX_POINT('',#10213);
#3122=VERTEX_POINT('',#10217);
#3123=VERTEX_POINT('',#10218);
#3124=VERTEX_POINT('',#10220);
#3125=VERTEX_POINT('',#10222);
#3126=VERTEX_POINT('',#10226);
#3127=VERTEX_POINT('',#10227);
#3128=VERTEX_POINT('',#10229);
#3129=VERTEX_POINT('',#10231);
#3130=VERTEX_POINT('',#10235);
#3131=VERTEX_POINT('',#10236);
#3132=VERTEX_POINT('',#10238);
#3133=VERTEX_POINT('',#10240);
#3134=VERTEX_POINT('',#10244);
#3135=VERTEX_POINT('',#10245);
#3136=VERTEX_POINT('',#10247);
#3137=VERTEX_POINT('',#10249);
#3138=VERTEX_POINT('',#10253);
#3139=VERTEX_POINT('',#10254);
#3140=VERTEX_POINT('',#10256);
#3141=VERTEX_POINT('',#10258);
#3142=VERTEX_POINT('',#10262);
#3143=VERTEX_POINT('',#10263);
#3144=VERTEX_POINT('',#10265);
#3145=VERTEX_POINT('',#10267);
#3146=VERTEX_POINT('',#10271);
#3147=VERTEX_POINT('',#10272);
#3148=VERTEX_POINT('',#10274);
#3149=VERTEX_POINT('',#10276);
#3150=VERTEX_POINT('',#10280);
#3151=VERTEX_POINT('',#10281);
#3152=VERTEX_POINT('',#10283);
#3153=VERTEX_POINT('',#10285);
#3154=VERTEX_POINT('',#10289);
#3155=VERTEX_POINT('',#10290);
#3156=VERTEX_POINT('',#10292);
#3157=VERTEX_POINT('',#10294);
#3158=VERTEX_POINT('',#10298);
#3159=VERTEX_POINT('',#10299);
#3160=VERTEX_POINT('',#10301);
#3161=VERTEX_POINT('',#10303);
#3162=VERTEX_POINT('',#10307);
#3163=VERTEX_POINT('',#10308);
#3164=VERTEX_POINT('',#10310);
#3165=VERTEX_POINT('',#10312);
#3166=VERTEX_POINT('',#10316);
#3167=VERTEX_POINT('',#10317);
#3168=VERTEX_POINT('',#10319);
#3169=VERTEX_POINT('',#10321);
#3170=VERTEX_POINT('',#10605);
#3171=VERTEX_POINT('',#10607);
#3172=VERTEX_POINT('',#10611);
#3173=VERTEX_POINT('',#10613);
#3174=VERTEX_POINT('',#10617);
#3175=VERTEX_POINT('',#10619);
#3176=EDGE_CURVE('',#2560,#2561,#884,.T.);
#3177=EDGE_CURVE('',#2562,#2560,#885,.T.);
#3178=EDGE_CURVE('',#2563,#2562,#886,.T.);
#3179=EDGE_CURVE('',#2564,#2563,#796,.T.);
#3180=EDGE_CURVE('',#2565,#2564,#887,.T.);
#3181=EDGE_CURVE('',#2566,#2565,#797,.T.);
#3182=EDGE_CURVE('',#2567,#2566,#888,.T.);
#3183=EDGE_CURVE('',#2568,#2567,#889,.T.);
#3184=EDGE_CURVE('',#2569,#2568,#890,.T.);
#3185=EDGE_CURVE('',#2570,#2569,#798,.T.);
#3186=EDGE_CURVE('',#2571,#2570,#891,.T.);
#3187=EDGE_CURVE('',#2572,#2571,#799,.T.);
#3188=EDGE_CURVE('',#2573,#2572,#892,.T.);
#3189=EDGE_CURVE('',#2574,#2573,#893,.T.);
#3190=EDGE_CURVE('',#2575,#2574,#894,.T.);
#3191=EDGE_CURVE('',#2576,#2575,#895,.T.);
#3192=EDGE_CURVE('',#2577,#2576,#896,.T.);
#3193=EDGE_CURVE('',#2578,#2577,#897,.T.);
#3194=EDGE_CURVE('',#2579,#2578,#898,.T.);
#3195=EDGE_CURVE('',#2580,#2579,#800,.T.);
#3196=EDGE_CURVE('',#2581,#2580,#899,.T.);
#3197=EDGE_CURVE('',#2582,#2581,#801,.T.);
#3198=EDGE_CURVE('',#2583,#2582,#900,.T.);
#3199=EDGE_CURVE('',#2584,#2583,#901,.T.);
#3200=EDGE_CURVE('',#2585,#2584,#902,.T.);
#3201=EDGE_CURVE('',#2586,#2585,#802,.T.);
#3202=EDGE_CURVE('',#2587,#2586,#903,.T.);
#3203=EDGE_CURVE('',#2588,#2587,#803,.T.);
#3204=EDGE_CURVE('',#2589,#2588,#904,.T.);
#3205=EDGE_CURVE('',#2590,#2589,#905,.T.);
#3206=EDGE_CURVE('',#2591,#2590,#906,.T.);
#3207=EDGE_CURVE('',#2561,#2591,#907,.T.);
#3208=EDGE_CURVE('',#2592,#2593,#804,.T.);
#3209=EDGE_CURVE('',#2593,#2592,#805,.T.);
#3210=EDGE_CURVE('',#2594,#2595,#806,.T.);
#3211=EDGE_CURVE('',#2595,#2594,#807,.T.);
#3212=EDGE_CURVE('',#2596,#2597,#808,.T.);
#3213=EDGE_CURVE('',#2597,#2596,#809,.T.);
#3214=EDGE_CURVE('',#2598,#2599,#810,.T.);
#3215=EDGE_CURVE('',#2599,#2598,#811,.T.);
#3216=EDGE_CURVE('',#2561,#2600,#908,.T.);
#3217=EDGE_CURVE('',#2601,#2600,#909,.T.);
#3218=EDGE_CURVE('',#2560,#2601,#910,.T.);
#3219=EDGE_CURVE('',#2602,#2603,#911,.T.);
#3220=EDGE_CURVE('',#2562,#2602,#912,.T.);
#3221=EDGE_CURVE('',#2604,#2601,#913,.T.);
#3222=EDGE_CURVE('',#2604,#2605,#914,.T.);
#3223=EDGE_CURVE('',#2606,#2605,#915,.T.);
#3224=EDGE_CURVE('',#2603,#2606,#916,.T.);
#3225=EDGE_CURVE('',#2607,#2608,#917,.T.);
#3226=EDGE_CURVE('',#2609,#2607,#918,.T.);
#3227=EDGE_CURVE('',#2610,#2609,#919,.T.);
#3228=EDGE_CURVE('',#2610,#2611,#920,.T.);
#3229=EDGE_CURVE('',#2611,#2612,#921,.T.);
#3230=EDGE_CURVE('',#2612,#2613,#922,.T.);
#3231=EDGE_CURVE('',#2613,#2614,#923,.T.);
#3232=EDGE_CURVE('',#2615,#2614,#924,.T.);
#3233=EDGE_CURVE('',#2616,#2615,#925,.T.);
#3234=EDGE_CURVE('',#2616,#2617,#926,.T.);
#3235=EDGE_CURVE('',#2617,#2618,#927,.T.);
#3236=EDGE_CURVE('',#2618,#2619,#928,.T.);
#3237=EDGE_CURVE('',#2620,#2619,#929,.T.);
#3238=EDGE_CURVE('',#2621,#2620,#930,.T.);
#3239=EDGE_CURVE('',#2622,#2621,#931,.T.);
#3240=EDGE_CURVE('',#2622,#2623,#932,.T.);
#3241=EDGE_CURVE('',#2623,#2624,#933,.T.);
#3242=EDGE_CURVE('',#2624,#2625,#812,.T.);
#3243=EDGE_CURVE('',#2625,#2626,#934,.T.);
#3244=EDGE_CURVE('',#2626,#2627,#813,.T.);
#3245=EDGE_CURVE('',#2627,#2628,#935,.T.);
#3246=EDGE_CURVE('',#2628,#2629,#936,.T.);
#3247=EDGE_CURVE('',#2630,#2629,#937,.T.);
#3248=EDGE_CURVE('',#2631,#2630,#938,.T.);
#3249=EDGE_CURVE('',#2632,#2631,#939,.T.);
#3250=EDGE_CURVE('',#2632,#2633,#940,.T.);
#3251=EDGE_CURVE('',#2633,#2634,#941,.T.);
#3252=EDGE_CURVE('',#2634,#2635,#814,.T.);
#3253=EDGE_CURVE('',#2635,#2636,#942,.T.);
#3254=EDGE_CURVE('',#2636,#2637,#815,.T.);
#3255=EDGE_CURVE('',#2637,#2602,#943,.T.);
#3256=EDGE_CURVE('',#2638,#2603,#944,.T.);
#3257=EDGE_CURVE('',#2639,#2638,#945,.T.);
#3258=EDGE_CURVE('',#2604,#2639,#946,.T.);
#3259=EDGE_CURVE('',#2600,#2640,#947,.T.);
#3260=EDGE_CURVE('',#2640,#2641,#948,.T.);
#3261=EDGE_CURVE('',#2642,#2641,#949,.T.);
#3262=EDGE_CURVE('',#2643,#2642,#950,.T.);
#3263=EDGE_CURVE('',#2643,#2644,#951,.T.);
#3264=EDGE_CURVE('',#2644,#2645,#952,.T.);
#3265=EDGE_CURVE('',#2645,#2646,#953,.T.);
#3266=EDGE_CURVE('',#2647,#2646,#954,.T.);
#3267=EDGE_CURVE('',#2648,#2647,#955,.T.);
#3268=EDGE_CURVE('',#2649,#2648,#956,.T.);
#3269=EDGE_CURVE('',#2649,#2650,#957,.T.);
#3270=EDGE_CURVE('',#2650,#2651,#958,.T.);
#3271=EDGE_CURVE('',#2651,#2652,#816,.T.);
#3272=EDGE_CURVE('',#2652,#2653,#959,.T.);
#3273=EDGE_CURVE('',#2653,#2654,#817,.T.);
#3274=EDGE_CURVE('',#2654,#2655,#960,.T.);
#3275=EDGE_CURVE('',#2655,#2656,#961,.T.);
#3276=EDGE_CURVE('',#2657,#2656,#962,.T.);
#3277=EDGE_CURVE('',#2658,#2657,#963,.T.);
#3278=EDGE_CURVE('',#2659,#2658,#964,.T.);
#3279=EDGE_CURVE('',#2659,#2660,#965,.T.);
#3280=EDGE_CURVE('',#2660,#2661,#966,.T.);
#3281=EDGE_CURVE('',#2661,#2662,#818,.T.);
#3282=EDGE_CURVE('',#2662,#2663,#967,.T.);
#3283=EDGE_CURVE('',#2663,#2664,#819,.T.);
#3284=EDGE_CURVE('',#2664,#2665,#968,.T.);
#3285=EDGE_CURVE('',#2665,#2608,#969,.T.);
#3286=EDGE_CURVE('',#2666,#2667,#820,.T.);
#3287=EDGE_CURVE('',#2667,#2666,#821,.T.);
#3288=EDGE_CURVE('',#2668,#2669,#822,.T.);
#3289=EDGE_CURVE('',#2669,#2668,#823,.T.);
#3290=EDGE_CURVE('',#2670,#2671,#824,.T.);
#3291=EDGE_CURVE('',#2671,#2670,#825,.T.);
#3292=EDGE_CURVE('',#2672,#2673,#826,.T.);
#3293=EDGE_CURVE('',#2673,#2672,#827,.T.);
#3294=EDGE_CURVE('',#2608,#2674,#970,.T.);
#3295=EDGE_CURVE('',#2675,#2674,#971,.T.);
#3296=EDGE_CURVE('',#2607,#2675,#972,.T.);
#3297=EDGE_CURVE('',#2676,#2675,#973,.T.);
#3298=EDGE_CURVE('',#2609,#2676,#974,.T.);
#3299=EDGE_CURVE('',#2677,#2676,#975,.T.);
#3300=EDGE_CURVE('',#2610,#2677,#976,.T.);
#3301=EDGE_CURVE('',#2578,#2665,#977,.T.);
#3302=EDGE_CURVE('',#2577,#2611,#978,.T.);
#3303=EDGE_CURVE('',#2674,#2677,#979,.T.);
#3304=EDGE_CURVE('',#2576,#2612,#980,.T.);
#3305=EDGE_CURVE('',#2678,#2679,#981,.T.);
#3306=EDGE_CURVE('',#2680,#2678,#982,.T.);
#3307=EDGE_CURVE('',#2681,#2680,#983,.T.);
#3308=EDGE_CURVE('',#2613,#2681,#984,.T.);
#3309=EDGE_CURVE('',#2575,#2617,#985,.T.);
#3310=EDGE_CURVE('',#2616,#2682,#986,.T.);
#3311=EDGE_CURVE('',#2683,#2682,#987,.T.);
#3312=EDGE_CURVE('',#2683,#2679,#988,.T.);
#3313=EDGE_CURVE('',#2679,#2684,#989,.T.);
#3314=EDGE_CURVE('',#2685,#2684,#990,.T.);
#3315=EDGE_CURVE('',#2685,#2678,#991,.T.);
#3316=EDGE_CURVE('',#2686,#2685,#992,.T.);
#3317=EDGE_CURVE('',#2680,#2686,#993,.T.);
#3318=EDGE_CURVE('',#2686,#2687,#994,.T.);
#3319=EDGE_CURVE('',#2687,#2681,#995,.T.);
#3320=EDGE_CURVE('',#2683,#2688,#996,.T.);
#3321=EDGE_CURVE('',#2682,#2689,#997,.T.);
#3322=EDGE_CURVE('',#2689,#2688,#998,.T.);
#3323=EDGE_CURVE('',#2614,#2687,#999,.T.);
#3324=EDGE_CURVE('',#2688,#2684,#1000,.T.);
#3325=EDGE_CURVE('',#2615,#2689,#1001,.T.);
#3326=EDGE_CURVE('',#2574,#2618,#1002,.T.);
#3327=EDGE_CURVE('',#2573,#2623,#1003,.T.);
#3328=EDGE_CURVE('',#2622,#2690,#1004,.T.);
#3329=EDGE_CURVE('',#2691,#2690,#1005,.T.);
#3330=EDGE_CURVE('',#2619,#2691,#1006,.T.);
#3331=EDGE_CURVE('',#2692,#2691,#1007,.T.);
#3332=EDGE_CURVE('',#2620,#2692,#1008,.T.);
#3333=EDGE_CURVE('',#2693,#2692,#1009,.T.);
#3334=EDGE_CURVE('',#2621,#2693,#1010,.T.);
#3335=EDGE_CURVE('',#2690,#2693,#1011,.T.);
#3336=EDGE_CURVE('',#2572,#2624,#1012,.T.);
#3337=EDGE_CURVE('',#2571,#2625,#1013,.T.);
#3338=EDGE_CURVE('',#2570,#2626,#1014,.T.);
#3339=EDGE_CURVE('',#2569,#2627,#1015,.T.);
#3340=EDGE_CURVE('',#2568,#2628,#1016,.T.);
#3341=EDGE_CURVE('',#2567,#2633,#1017,.T.);
#3342=EDGE_CURVE('',#2632,#2694,#1018,.T.);
#3343=EDGE_CURVE('',#2695,#2694,#1019,.T.);
#3344=EDGE_CURVE('',#2629,#2695,#1020,.T.);
#3345=EDGE_CURVE('',#2696,#2695,#1021,.T.);
#3346=EDGE_CURVE('',#2630,#2696,#1022,.T.);
#3347=EDGE_CURVE('',#2697,#2696,#1023,.T.);
#3348=EDGE_CURVE('',#2631,#2697,#1024,.T.);
#3349=EDGE_CURVE('',#2694,#2697,#1025,.T.);
#3350=EDGE_CURVE('',#2566,#2634,#1026,.T.);
#3351=EDGE_CURVE('',#2565,#2635,#1027,.T.);
#3352=EDGE_CURVE('',#2564,#2636,#1028,.T.);
#3353=EDGE_CURVE('',#2563,#2637,#1029,.T.);
#3354=EDGE_CURVE('',#2579,#2664,#1030,.T.);
#3355=EDGE_CURVE('',#2580,#2663,#1031,.T.);
#3356=EDGE_CURVE('',#2581,#2662,#1032,.T.);
#3357=EDGE_CURVE('',#2582,#2661,#1033,.T.);
#3358=EDGE_CURVE('',#2583,#2660,#1034,.T.);
#3359=EDGE_CURVE('',#2584,#2655,#1035,.T.);
#3360=EDGE_CURVE('',#2659,#2698,#1036,.T.);
#3361=EDGE_CURVE('',#2699,#2698,#1037,.T.);
#3362=EDGE_CURVE('',#2656,#2699,#1038,.T.);
#3363=EDGE_CURVE('',#2700,#2699,#1039,.T.);
#3364=EDGE_CURVE('',#2657,#2700,#1040,.T.);
#3365=EDGE_CURVE('',#2701,#2700,#1041,.T.);
#3366=EDGE_CURVE('',#2658,#2701,#1042,.T.);
#3367=EDGE_CURVE('',#2698,#2701,#1043,.T.);
#3368=EDGE_CURVE('',#2585,#2654,#1044,.T.);
#3369=EDGE_CURVE('',#2586,#2653,#1045,.T.);
#3370=EDGE_CURVE('',#2587,#2652,#1046,.T.);
#3371=EDGE_CURVE('',#2588,#2651,#1047,.T.);
#3372=EDGE_CURVE('',#2589,#2650,#1048,.T.);
#3373=EDGE_CURVE('',#2590,#2645,#1049,.T.);
#3374=EDGE_CURVE('',#2649,#2702,#1050,.T.);
#3375=EDGE_CURVE('',#2703,#2702,#1051,.T.);
#3376=EDGE_CURVE('',#2646,#2703,#1052,.T.);
#3377=EDGE_CURVE('',#2704,#2703,#1053,.T.);
#3378=EDGE_CURVE('',#2647,#2704,#1054,.T.);
#3379=EDGE_CURVE('',#2705,#2704,#1055,.T.);
#3380=EDGE_CURVE('',#2648,#2705,#1056,.T.);
#3381=EDGE_CURVE('',#2702,#2705,#1057,.T.);
#3382=EDGE_CURVE('',#2591,#2644,#1058,.T.);
#3383=EDGE_CURVE('',#2643,#2706,#1059,.T.);
#3384=EDGE_CURVE('',#2707,#2706,#1060,.T.);
#3385=EDGE_CURVE('',#2640,#2707,#1061,.T.);
#3386=EDGE_CURVE('',#2708,#2707,#1062,.T.);
#3387=EDGE_CURVE('',#2641,#2708,#1063,.T.);
#3388=EDGE_CURVE('',#2709,#2708,#1064,.T.);
#3389=EDGE_CURVE('',#2642,#2709,#1065,.T.);
#3390=EDGE_CURVE('',#2706,#2709,#1066,.T.);
#3391=EDGE_CURVE('',#2639,#2710,#1067,.T.);
#3392=EDGE_CURVE('',#2605,#2710,#1068,.T.);
#3393=EDGE_CURVE('',#2710,#2711,#1069,.T.);
#3394=EDGE_CURVE('',#2711,#2606,#1070,.T.);
#3395=EDGE_CURVE('',#2638,#2711,#1071,.T.);
#3396=EDGE_CURVE('',#2667,#2593,#1072,.T.);
#3397=EDGE_CURVE('',#2669,#2595,#1073,.T.);
#3398=EDGE_CURVE('',#2671,#2597,#1074,.T.);
#3399=EDGE_CURVE('',#2673,#2599,#1075,.T.);
#3400=EDGE_CURVE('',#2712,#2713,#1076,.T.);
#3401=EDGE_CURVE('',#2713,#2714,#1077,.T.);
#3402=EDGE_CURVE('',#2715,#2714,#1078,.T.);
#3403=EDGE_CURVE('',#2712,#2715,#1079,.T.);
#3404=EDGE_CURVE('',#2716,#2712,#1080,.T.);
#3405=EDGE_CURVE('',#2717,#2715,#1081,.T.);
#3406=EDGE_CURVE('',#2716,#2717,#1082,.T.);
#3407=EDGE_CURVE('',#2718,#2716,#1083,.T.);
#3408=EDGE_CURVE('',#2719,#2717,#1084,.T.);
#3409=EDGE_CURVE('',#2718,#2719,#1085,.T.);
#3410=EDGE_CURVE('',#2713,#2718,#1086,.T.);
#3411=EDGE_CURVE('',#2714,#2719,#1087,.T.);
#3412=EDGE_CURVE('',#2720,#2721,#828,.T.);
#3413=EDGE_CURVE('',#2721,#2722,#1088,.T.);
#3414=EDGE_CURVE('',#2722,#2723,#829,.T.);
#3415=EDGE_CURVE('',#2723,#2720,#1089,.T.);
#3416=EDGE_CURVE('',#2724,#2722,#1090,.T.);
#3417=EDGE_CURVE('',#2725,#2724,#1091,.T.);
#3418=EDGE_CURVE('',#2725,#2726,#1092,.T.);
#3419=EDGE_CURVE('',#2726,#2723,#1093,.T.);
#3420=EDGE_CURVE('',#2721,#2727,#1094,.T.);
#3421=EDGE_CURVE('',#2727,#2728,#830,.T.);
#3422=EDGE_CURVE('',#2728,#2729,#1095,.T.);
#3423=EDGE_CURVE('',#2730,#2729,#1096,.T.);
#3424=EDGE_CURVE('',#2731,#2730,#1097,.T.);
#3425=EDGE_CURVE('',#2732,#2731,#1098,.T.);
#3426=EDGE_CURVE('',#2733,#2732,#1099,.T.);
#3427=EDGE_CURVE('',#2734,#2733,#1100,.T.);
#3428=EDGE_CURVE('',#2734,#2735,#1101,.T.);
#3429=EDGE_CURVE('',#2735,#2724,#831,.T.);
#3430=EDGE_CURVE('',#2736,#2737,#1102,.T.);
#3431=EDGE_CURVE('',#2737,#2738,#1103,.T.);
#3432=EDGE_CURVE('',#2738,#2739,#1104,.T.);
#3433=EDGE_CURVE('',#2739,#2736,#1105,.T.);
#3434=EDGE_CURVE('',#2729,#2740,#832,.T.);
#3435=EDGE_CURVE('',#2740,#2741,#1106,.T.);
#3436=EDGE_CURVE('',#2741,#2730,#833,.T.);
#3437=EDGE_CURVE('',#2730,#2742,#834,.T.);
#3438=EDGE_CURVE('',#2742,#2743,#1107,.T.);
#3439=EDGE_CURVE('',#2743,#2731,#835,.T.);
#3440=EDGE_CURVE('',#2741,#2742,#836,.T.);
#3441=EDGE_CURVE('',#2731,#2744,#837,.T.);
#3442=EDGE_CURVE('',#2744,#2745,#1108,.T.);
#3443=EDGE_CURVE('',#2745,#2732,#838,.T.);
#3444=EDGE_CURVE('',#2743,#2744,#839,.T.);
#3445=EDGE_CURVE('',#2732,#2746,#840,.T.);
#3446=EDGE_CURVE('',#2746,#2747,#1109,.T.);
#3447=EDGE_CURVE('',#2747,#2733,#841,.T.);
#3448=EDGE_CURVE('',#2745,#2746,#842,.T.);
#3449=EDGE_CURVE('',#2748,#2734,#843,.T.);
#3450=EDGE_CURVE('',#2733,#2749,#844,.T.);
#3451=EDGE_CURVE('',#2749,#2748,#1110,.T.);
#3452=EDGE_CURVE('',#2747,#2749,#845,.T.);
#3453=EDGE_CURVE('',#2750,#2740,#1111,.T.);
#3454=EDGE_CURVE('',#2750,#2751,#1112,.T.);
#3455=EDGE_CURVE('',#2751,#2741,#1113,.T.);
#3456=EDGE_CURVE('',#2752,#2728,#1114,.T.);
#3457=EDGE_CURVE('',#2752,#2750,#1115,.T.);
#3458=EDGE_CURVE('',#2753,#2748,#1116,.T.);
#3459=EDGE_CURVE('',#2753,#2754,#1117,.T.);
#3460=EDGE_CURVE('',#2754,#2735,#1118,.T.);
#3461=EDGE_CURVE('',#2736,#2755,#1119,.T.);
#3462=EDGE_CURVE('',#2755,#2756,#1120,.T.);
#3463=EDGE_CURVE('',#2737,#2756,#1121,.T.);
#3464=EDGE_CURVE('',#2739,#2757,#1122,.T.);
#3465=EDGE_CURVE('',#2757,#2755,#1123,.T.);
#3466=EDGE_CURVE('',#2738,#2758,#1124,.T.);
#3467=EDGE_CURVE('',#2758,#2757,#1125,.T.);
#3468=EDGE_CURVE('',#2756,#2758,#1126,.T.);
#3469=EDGE_CURVE('',#2759,#2742,#1127,.T.);
#3470=EDGE_CURVE('',#2759,#2760,#1128,.T.);
#3471=EDGE_CURVE('',#2760,#2743,#1129,.T.);
#3472=EDGE_CURVE('',#2751,#2759,#846,.T.);
#3473=EDGE_CURVE('',#2761,#2752,#847,.T.);
#3474=EDGE_CURVE('',#2761,#2727,#1130,.T.);
#3475=EDGE_CURVE('',#2762,#2720,#1131,.T.);
#3476=EDGE_CURVE('',#2762,#2761,#1132,.T.);
#3477=EDGE_CURVE('',#2726,#2762,#1133,.T.);
#3478=EDGE_CURVE('',#2754,#2725,#848,.T.);
#3479=EDGE_CURVE('',#2763,#2749,#1134,.T.);
#3480=EDGE_CURVE('',#2763,#2753,#1135,.T.);
#3481=EDGE_CURVE('',#2764,#2747,#1136,.T.);
#3482=EDGE_CURVE('',#2764,#2763,#849,.T.);
#3483=EDGE_CURVE('',#2765,#2746,#1137,.T.);
#3484=EDGE_CURVE('',#2765,#2764,#1138,.T.);
#3485=EDGE_CURVE('',#2766,#2745,#1139,.T.);
#3486=EDGE_CURVE('',#2766,#2765,#850,.T.);
#3487=EDGE_CURVE('',#2767,#2744,#1140,.T.);
#3488=EDGE_CURVE('',#2767,#2766,#1141,.T.);
#3489=EDGE_CURVE('',#2760,#2767,#851,.T.);
#3490=EDGE_CURVE('',#2768,#2769,#1142,.T.);
#3491=EDGE_CURVE('',#2770,#2768,#1143,.T.);
#3492=EDGE_CURVE('',#2771,#2770,#1144,.T.);
#3493=EDGE_CURVE('',#2772,#2771,#852,.T.);
#3494=EDGE_CURVE('',#2773,#2772,#1145,.T.);
#3495=EDGE_CURVE('',#2774,#2773,#853,.T.);
#3496=EDGE_CURVE('',#2775,#2774,#1146,.T.);
#3497=EDGE_CURVE('',#2775,#2776,#1147,.T.);
#3498=EDGE_CURVE('',#2777,#2776,#1148,.T.);
#3499=EDGE_CURVE('',#2778,#2777,#854,.T.);
#3500=EDGE_CURVE('',#2779,#2778,#1149,.T.);
#3501=EDGE_CURVE('',#2769,#2779,#855,.T.);
#3502=EDGE_CURVE('',#2780,#2771,#1150,.T.);
#3503=EDGE_CURVE('',#2780,#2781,#856,.T.);
#3504=EDGE_CURVE('',#2781,#2772,#1151,.T.);
#3505=EDGE_CURVE('',#2769,#2782,#1152,.T.);
#3506=EDGE_CURVE('',#2782,#2783,#1153,.T.);
#3507=EDGE_CURVE('',#2783,#2784,#1154,.T.);
#3508=EDGE_CURVE('',#2784,#2785,#857,.T.);
#3509=EDGE_CURVE('',#2785,#2786,#1155,.T.);
#3510=EDGE_CURVE('',#2786,#2787,#858,.T.);
#3511=EDGE_CURVE('',#2787,#2788,#1156,.T.);
#3512=EDGE_CURVE('',#2788,#2789,#859,.T.);
#3513=EDGE_CURVE('',#2789,#2790,#1157,.T.);
#3514=EDGE_CURVE('',#2790,#2791,#860,.T.);
#3515=EDGE_CURVE('',#2791,#2792,#1158,.T.);
#3516=EDGE_CURVE('',#2792,#2793,#1159,.T.);
#3517=EDGE_CURVE('',#2793,#2794,#1160,.T.);
#3518=EDGE_CURVE('',#2794,#2795,#1161,.T.);
#3519=EDGE_CURVE('',#2795,#2796,#1162,.T.);
#3520=EDGE_CURVE('',#2796,#2797,#1163,.T.);
#3521=EDGE_CURVE('',#2797,#2798,#1164,.T.);
#3522=EDGE_CURVE('',#2798,#2799,#1165,.T.);
#3523=EDGE_CURVE('',#2799,#2800,#1166,.T.);
#3524=EDGE_CURVE('',#2800,#2801,#1167,.T.);
#3525=EDGE_CURVE('',#2801,#2802,#1168,.T.);
#3526=EDGE_CURVE('',#2802,#2803,#1169,.T.);
#3527=EDGE_CURVE('',#2803,#2804,#1170,.T.);
#3528=EDGE_CURVE('',#2804,#2805,#1171,.T.);
#3529=EDGE_CURVE('',#2805,#2806,#1172,.T.);
#3530=EDGE_CURVE('',#2806,#2807,#1173,.T.);
#3531=EDGE_CURVE('',#2807,#2808,#1174,.T.);
#3532=EDGE_CURVE('',#2808,#2809,#1175,.T.);
#3533=EDGE_CURVE('',#2809,#2810,#1176,.T.);
#3534=EDGE_CURVE('',#2810,#2811,#1177,.T.);
#3535=EDGE_CURVE('',#2811,#2812,#1178,.T.);
#3536=EDGE_CURVE('',#2812,#2813,#1179,.T.);
#3537=EDGE_CURVE('',#2813,#2814,#1180,.T.);
#3538=EDGE_CURVE('',#2814,#2815,#1181,.T.);
#3539=EDGE_CURVE('',#2815,#2816,#1182,.T.);
#3540=EDGE_CURVE('',#2816,#2817,#1183,.T.);
#3541=EDGE_CURVE('',#2817,#2818,#1184,.T.);
#3542=EDGE_CURVE('',#2818,#2819,#1185,.T.);
#3543=EDGE_CURVE('',#2819,#2820,#1186,.T.);
#3544=EDGE_CURVE('',#2820,#2821,#1187,.T.);
#3545=EDGE_CURVE('',#2821,#2822,#1188,.T.);
#3546=EDGE_CURVE('',#2822,#2823,#1189,.T.);
#3547=EDGE_CURVE('',#2823,#2824,#1190,.T.);
#3548=EDGE_CURVE('',#2824,#2825,#1191,.T.);
#3549=EDGE_CURVE('',#2825,#2826,#1192,.T.);
#3550=EDGE_CURVE('',#2826,#2827,#1193,.T.);
#3551=EDGE_CURVE('',#2827,#2828,#1194,.T.);
#3552=EDGE_CURVE('',#2828,#2829,#1195,.T.);
#3553=EDGE_CURVE('',#2829,#2830,#1196,.T.);
#3554=EDGE_CURVE('',#2830,#2831,#1197,.T.);
#3555=EDGE_CURVE('',#2831,#2832,#1198,.T.);
#3556=EDGE_CURVE('',#2832,#2833,#1199,.T.);
#3557=EDGE_CURVE('',#2833,#2834,#1200,.T.);
#3558=EDGE_CURVE('',#2834,#2835,#1201,.T.);
#3559=EDGE_CURVE('',#2835,#2836,#1202,.T.);
#3560=EDGE_CURVE('',#2836,#2837,#1203,.T.);
#3561=EDGE_CURVE('',#2837,#2838,#1204,.T.);
#3562=EDGE_CURVE('',#2838,#2839,#1205,.T.);
#3563=EDGE_CURVE('',#2839,#2840,#1206,.T.);
#3564=EDGE_CURVE('',#2840,#2841,#1207,.T.);
#3565=EDGE_CURVE('',#2841,#2842,#1208,.T.);
#3566=EDGE_CURVE('',#2842,#2843,#1209,.T.);
#3567=EDGE_CURVE('',#2843,#2844,#1210,.T.);
#3568=EDGE_CURVE('',#2844,#2845,#1211,.T.);
#3569=EDGE_CURVE('',#2845,#2846,#1212,.T.);
#3570=EDGE_CURVE('',#2846,#2847,#1213,.T.);
#3571=EDGE_CURVE('',#2847,#2848,#1214,.T.);
#3572=EDGE_CURVE('',#2848,#2849,#1215,.T.);
#3573=EDGE_CURVE('',#2849,#2850,#1216,.T.);
#3574=EDGE_CURVE('',#2850,#2851,#1217,.T.);
#3575=EDGE_CURVE('',#2851,#2852,#1218,.T.);
#3576=EDGE_CURVE('',#2852,#2853,#1219,.T.);
#3577=EDGE_CURVE('',#2853,#2854,#1220,.T.);
#3578=EDGE_CURVE('',#2854,#2855,#1221,.T.);
#3579=EDGE_CURVE('',#2855,#2856,#1222,.T.);
#3580=EDGE_CURVE('',#2856,#2857,#1223,.T.);
#3581=EDGE_CURVE('',#2857,#2858,#1224,.T.);
#3582=EDGE_CURVE('',#2858,#2859,#1225,.T.);
#3583=EDGE_CURVE('',#2859,#2860,#1226,.T.);
#3584=EDGE_CURVE('',#2860,#2861,#1227,.T.);
#3585=EDGE_CURVE('',#2861,#2862,#1228,.T.);
#3586=EDGE_CURVE('',#2862,#2863,#1229,.T.);
#3587=EDGE_CURVE('',#2863,#2864,#1230,.T.);
#3588=EDGE_CURVE('',#2864,#2865,#1231,.T.);
#3589=EDGE_CURVE('',#2865,#2866,#1232,.T.);
#3590=EDGE_CURVE('',#2866,#2867,#1233,.T.);
#3591=EDGE_CURVE('',#2867,#2868,#1234,.T.);
#3592=EDGE_CURVE('',#2868,#2869,#1235,.T.);
#3593=EDGE_CURVE('',#2869,#2870,#1236,.T.);
#3594=EDGE_CURVE('',#2870,#2871,#1237,.T.);
#3595=EDGE_CURVE('',#2871,#2872,#1238,.T.);
#3596=EDGE_CURVE('',#2872,#2873,#1239,.T.);
#3597=EDGE_CURVE('',#2873,#2874,#1240,.T.);
#3598=EDGE_CURVE('',#2874,#2875,#1241,.T.);
#3599=EDGE_CURVE('',#2875,#2876,#1242,.T.);
#3600=EDGE_CURVE('',#2876,#2877,#1243,.T.);
#3601=EDGE_CURVE('',#2877,#2878,#1244,.T.);
#3602=EDGE_CURVE('',#2878,#2879,#1245,.T.);
#3603=EDGE_CURVE('',#2879,#2880,#1246,.T.);
#3604=EDGE_CURVE('',#2880,#2881,#1247,.T.);
#3605=EDGE_CURVE('',#2881,#2882,#1248,.T.);
#3606=EDGE_CURVE('',#2882,#2883,#1249,.T.);
#3607=EDGE_CURVE('',#2883,#2884,#1250,.T.);
#3608=EDGE_CURVE('',#2884,#2885,#1251,.T.);
#3609=EDGE_CURVE('',#2885,#2886,#1252,.T.);
#3610=EDGE_CURVE('',#2886,#2887,#1253,.T.);
#3611=EDGE_CURVE('',#2887,#2888,#1254,.T.);
#3612=EDGE_CURVE('',#2888,#2889,#1255,.T.);
#3613=EDGE_CURVE('',#2889,#2890,#1256,.T.);
#3614=EDGE_CURVE('',#2890,#2891,#1257,.T.);
#3615=EDGE_CURVE('',#2891,#2892,#1258,.T.);
#3616=EDGE_CURVE('',#2892,#2893,#1259,.T.);
#3617=EDGE_CURVE('',#2893,#2894,#1260,.T.);
#3618=EDGE_CURVE('',#2894,#2895,#1261,.T.);
#3619=EDGE_CURVE('',#2895,#2896,#1262,.T.);
#3620=EDGE_CURVE('',#2896,#2897,#1263,.T.);
#3621=EDGE_CURVE('',#2897,#2898,#1264,.T.);
#3622=EDGE_CURVE('',#2898,#2899,#1265,.T.);
#3623=EDGE_CURVE('',#2899,#2900,#1266,.T.);
#3624=EDGE_CURVE('',#2900,#2901,#1267,.T.);
#3625=EDGE_CURVE('',#2901,#2902,#1268,.T.);
#3626=EDGE_CURVE('',#2902,#2903,#1269,.T.);
#3627=EDGE_CURVE('',#2903,#2904,#1270,.T.);
#3628=EDGE_CURVE('',#2904,#2905,#1271,.T.);
#3629=EDGE_CURVE('',#2905,#2906,#1272,.T.);
#3630=EDGE_CURVE('',#2906,#2907,#1273,.T.);
#3631=EDGE_CURVE('',#2907,#2908,#1274,.T.);
#3632=EDGE_CURVE('',#2908,#2909,#1275,.T.);
#3633=EDGE_CURVE('',#2909,#2910,#1276,.T.);
#3634=EDGE_CURVE('',#2910,#2911,#1277,.T.);
#3635=EDGE_CURVE('',#2911,#2912,#1278,.T.);
#3636=EDGE_CURVE('',#2912,#2913,#1279,.T.);
#3637=EDGE_CURVE('',#2913,#2914,#1280,.T.);
#3638=EDGE_CURVE('',#2914,#2915,#1281,.T.);
#3639=EDGE_CURVE('',#2915,#2916,#1282,.T.);
#3640=EDGE_CURVE('',#2916,#2917,#1283,.T.);
#3641=EDGE_CURVE('',#2917,#2918,#1284,.T.);
#3642=EDGE_CURVE('',#2918,#2919,#1285,.T.);
#3643=EDGE_CURVE('',#2919,#2920,#1286,.T.);
#3644=EDGE_CURVE('',#2920,#2921,#1287,.T.);
#3645=EDGE_CURVE('',#2921,#2922,#1288,.T.);
#3646=EDGE_CURVE('',#2922,#2923,#1289,.T.);
#3647=EDGE_CURVE('',#2923,#2924,#1290,.T.);
#3648=EDGE_CURVE('',#2924,#2925,#1291,.T.);
#3649=EDGE_CURVE('',#2925,#2926,#1292,.T.);
#3650=EDGE_CURVE('',#2926,#2927,#1293,.T.);
#3651=EDGE_CURVE('',#2927,#2928,#1294,.T.);
#3652=EDGE_CURVE('',#2928,#2929,#1295,.T.);
#3653=EDGE_CURVE('',#2929,#2930,#1296,.T.);
#3654=EDGE_CURVE('',#2930,#2931,#1297,.T.);
#3655=EDGE_CURVE('',#2931,#2932,#1298,.T.);
#3656=EDGE_CURVE('',#2932,#2933,#1299,.T.);
#3657=EDGE_CURVE('',#2933,#2934,#1300,.T.);
#3658=EDGE_CURVE('',#2934,#2935,#1301,.T.);
#3659=EDGE_CURVE('',#2935,#2936,#1302,.T.);
#3660=EDGE_CURVE('',#2936,#2937,#1303,.T.);
#3661=EDGE_CURVE('',#2937,#2938,#1304,.T.);
#3662=EDGE_CURVE('',#2938,#2939,#1305,.T.);
#3663=EDGE_CURVE('',#2939,#2940,#1306,.T.);
#3664=EDGE_CURVE('',#2940,#2941,#1307,.T.);
#3665=EDGE_CURVE('',#2941,#2942,#1308,.T.);
#3666=EDGE_CURVE('',#2942,#2943,#1309,.T.);
#3667=EDGE_CURVE('',#2943,#2944,#1310,.T.);
#3668=EDGE_CURVE('',#2944,#2945,#1311,.T.);
#3669=EDGE_CURVE('',#2945,#2946,#1312,.T.);
#3670=EDGE_CURVE('',#2946,#2947,#1313,.T.);
#3671=EDGE_CURVE('',#2947,#2948,#1314,.T.);
#3672=EDGE_CURVE('',#2948,#2949,#1315,.T.);
#3673=EDGE_CURVE('',#2949,#2950,#1316,.T.);
#3674=EDGE_CURVE('',#2950,#2951,#1317,.T.);
#3675=EDGE_CURVE('',#2951,#2952,#1318,.T.);
#3676=EDGE_CURVE('',#2952,#2953,#861,.T.);
#3677=EDGE_CURVE('',#2953,#2954,#1319,.T.);
#3678=EDGE_CURVE('',#2954,#2955,#862,.T.);
#3679=EDGE_CURVE('',#2955,#2956,#1320,.T.);
#3680=EDGE_CURVE('',#2956,#2957,#863,.T.);
#3681=EDGE_CURVE('',#2957,#2958,#1321,.T.);
#3682=EDGE_CURVE('',#2958,#2959,#1322,.T.);
#3683=EDGE_CURVE('',#2959,#2960,#1323,.T.);
#3684=EDGE_CURVE('',#2960,#2961,#864,.T.);
#3685=EDGE_CURVE('',#2961,#2768,#1324,.T.);
#3686=EDGE_CURVE('',#2962,#2963,#1325,.T.);
#3687=EDGE_CURVE('',#2963,#2964,#1326,.T.);
#3688=EDGE_CURVE('',#2964,#2965,#1327,.T.);
#3689=EDGE_CURVE('',#2965,#2962,#1328,.T.);
#3690=EDGE_CURVE('',#2966,#2967,#1329,.T.);
#3691=EDGE_CURVE('',#2966,#2960,#1330,.T.);
#3692=EDGE_CURVE('',#2968,#2959,#865,.T.);
#3693=EDGE_CURVE('',#2969,#2968,#1331,.T.);
#3694=EDGE_CURVE('',#2970,#2969,#866,.T.);
#3695=EDGE_CURVE('',#2971,#2970,#1332,.T.);
#3696=EDGE_CURVE('',#2972,#2971,#1333,.T.);
#3697=EDGE_CURVE('',#2973,#2972,#1334,.T.);
#3698=EDGE_CURVE('',#2974,#2973,#867,.T.);
#3699=EDGE_CURVE('',#2975,#2974,#1335,.T.);
#3700=EDGE_CURVE('',#2967,#2975,#868,.T.);
#3701=EDGE_CURVE('',#2958,#2976,#869,.T.);
#3702=EDGE_CURVE('',#2976,#2968,#1336,.T.);
#3703=EDGE_CURVE('',#2770,#2977,#1337,.T.);
#3704=EDGE_CURVE('',#2977,#2966,#870,.T.);
#3705=EDGE_CURVE('',#2967,#2978,#1338,.T.);
#3706=EDGE_CURVE('',#2978,#2979,#1339,.T.);
#3707=EDGE_CURVE('',#2979,#2980,#871,.T.);
#3708=EDGE_CURVE('',#2980,#2981,#1340,.T.);
#3709=EDGE_CURVE('',#2981,#2982,#872,.T.);
#3710=EDGE_CURVE('',#2982,#2983,#1341,.T.);
#3711=EDGE_CURVE('',#2983,#2984,#1342,.T.);
#3712=EDGE_CURVE('',#2984,#2985,#1343,.T.);
#3713=EDGE_CURVE('',#2985,#2986,#873,.T.);
#3714=EDGE_CURVE('',#2986,#2987,#1344,.T.);
#3715=EDGE_CURVE('',#2987,#2988,#874,.T.);
#3716=EDGE_CURVE('',#2988,#2989,#1345,.T.);
#3717=EDGE_CURVE('',#2989,#2990,#875,.T.);
#3718=EDGE_CURVE('',#2990,#2991,#1346,.T.);
#3719=EDGE_CURVE('',#2991,#2780,#1347,.T.);
#3720=EDGE_CURVE('',#2991,#2783,#1348,.T.);
#3721=EDGE_CURVE('',#2992,#2782,#876,.T.);
#3722=EDGE_CURVE('',#2993,#2992,#1349,.T.);
#3723=EDGE_CURVE('',#2994,#2993,#877,.T.);
#3724=EDGE_CURVE('',#2995,#2994,#1350,.T.);
#3725=EDGE_CURVE('',#2996,#2995,#1351,.T.);
#3726=EDGE_CURVE('',#2997,#2996,#1352,.T.);
#3727=EDGE_CURVE('',#2998,#2997,#878,.T.);
#3728=EDGE_CURVE('',#2781,#2998,#1353,.T.);
#3729=EDGE_CURVE('',#2779,#2992,#1354,.T.);
#3730=EDGE_CURVE('',#2778,#2993,#1355,.T.);
#3731=EDGE_CURVE('',#2975,#2999,#1356,.T.);
#3732=EDGE_CURVE('',#2999,#2978,#879,.T.);
#3733=EDGE_CURVE('',#2974,#3000,#1357,.T.);
#3734=EDGE_CURVE('',#3000,#2999,#1358,.T.);
#3735=EDGE_CURVE('',#2979,#2957,#1359,.T.);
#3736=EDGE_CURVE('',#3001,#3000,#880,.T.);
#3737=EDGE_CURVE('',#3002,#3001,#1360,.T.);
#3738=EDGE_CURVE('',#3002,#3003,#1361,.T.);
#3739=EDGE_CURVE('',#3004,#3003,#1362,.T.);
#3740=EDGE_CURVE('',#3005,#3004,#881,.T.);
#3741=EDGE_CURVE('',#2976,#3005,#1363,.T.);
#3742=EDGE_CURVE('',#2973,#3001,#1364,.T.);
#3743=EDGE_CURVE('',#3005,#2969,#1365,.T.);
#3744=EDGE_CURVE('',#2777,#2994,#1366,.T.);
#3745=EDGE_CURVE('',#2998,#2773,#1367,.T.);
#3746=EDGE_CURVE('',#2972,#3002,#1368,.T.);
#3747=EDGE_CURVE('',#3004,#2970,#1369,.T.);
#3748=EDGE_CURVE('',#2997,#2774,#1370,.T.);
#3749=EDGE_CURVE('',#2996,#2775,#1371,.T.);
#3750=EDGE_CURVE('',#3003,#2971,#1372,.T.);
#3751=EDGE_CURVE('',#2962,#3006,#1373,.T.);
#3752=EDGE_CURVE('',#3007,#3006,#1374,.T.);
#3753=EDGE_CURVE('',#2963,#3007,#1375,.T.);
#3754=EDGE_CURVE('',#3008,#3007,#1376,.T.);
#3755=EDGE_CURVE('',#2964,#3008,#1377,.T.);
#3756=EDGE_CURVE('',#3009,#3008,#1378,.T.);
#3757=EDGE_CURVE('',#2965,#3009,#1379,.T.);
#3758=EDGE_CURVE('',#3006,#3009,#1380,.T.);
#3759=EDGE_CURVE('',#3010,#3011,#1381,.T.);
#3760=EDGE_CURVE('',#3012,#3011,#1382,.T.);
#3761=EDGE_CURVE('',#3013,#3012,#1383,.T.);
#3762=EDGE_CURVE('',#3010,#3013,#1384,.T.);
#3763=EDGE_CURVE('',#3014,#3015,#1385,.T.);
#3764=EDGE_CURVE('',#3016,#3015,#1386,.T.);
#3765=EDGE_CURVE('',#3017,#3016,#1387,.T.);
#3766=EDGE_CURVE('',#3014,#3017,#1388,.T.);
#3767=EDGE_CURVE('',#3018,#3019,#1389,.T.);
#3768=EDGE_CURVE('',#3020,#3019,#1390,.T.);
#3769=EDGE_CURVE('',#3021,#3020,#1391,.T.);
#3770=EDGE_CURVE('',#3018,#3021,#1392,.T.);
#3771=EDGE_CURVE('',#3022,#3023,#1393,.T.);
#3772=EDGE_CURVE('',#3024,#3023,#1394,.T.);
#3773=EDGE_CURVE('',#3025,#3024,#1395,.T.);
#3774=EDGE_CURVE('',#3022,#3025,#1396,.T.);
#3775=EDGE_CURVE('',#3026,#3027,#1397,.T.);
#3776=EDGE_CURVE('',#3028,#3027,#1398,.T.);
#3777=EDGE_CURVE('',#3029,#3028,#1399,.T.);
#3778=EDGE_CURVE('',#3026,#3029,#1400,.T.);
#3779=EDGE_CURVE('',#3030,#3031,#1401,.T.);
#3780=EDGE_CURVE('',#3032,#3031,#1402,.T.);
#3781=EDGE_CURVE('',#3033,#3032,#1403,.T.);
#3782=EDGE_CURVE('',#3030,#3033,#1404,.T.);
#3783=EDGE_CURVE('',#3034,#3035,#1405,.T.);
#3784=EDGE_CURVE('',#3036,#3035,#1406,.T.);
#3785=EDGE_CURVE('',#3037,#3036,#1407,.T.);
#3786=EDGE_CURVE('',#3034,#3037,#1408,.T.);
#3787=EDGE_CURVE('',#3038,#3039,#1409,.T.);
#3788=EDGE_CURVE('',#3040,#3039,#1410,.T.);
#3789=EDGE_CURVE('',#3041,#3040,#1411,.T.);
#3790=EDGE_CURVE('',#3038,#3041,#1412,.T.);
#3791=EDGE_CURVE('',#3042,#3043,#1413,.T.);
#3792=EDGE_CURVE('',#3044,#3043,#1414,.T.);
#3793=EDGE_CURVE('',#3045,#3044,#1415,.T.);
#3794=EDGE_CURVE('',#3042,#3045,#1416,.T.);
#3795=EDGE_CURVE('',#3046,#3047,#1417,.T.);
#3796=EDGE_CURVE('',#3048,#3047,#1418,.T.);
#3797=EDGE_CURVE('',#3049,#3048,#1419,.T.);
#3798=EDGE_CURVE('',#3046,#3049,#1420,.T.);
#3799=EDGE_CURVE('',#3050,#3051,#1421,.T.);
#3800=EDGE_CURVE('',#3052,#3051,#1422,.T.);
#3801=EDGE_CURVE('',#3053,#3052,#1423,.T.);
#3802=EDGE_CURVE('',#3050,#3053,#1424,.T.);
#3803=EDGE_CURVE('',#3054,#3055,#1425,.T.);
#3804=EDGE_CURVE('',#3056,#3055,#1426,.T.);
#3805=EDGE_CURVE('',#3057,#3056,#1427,.T.);
#3806=EDGE_CURVE('',#3054,#3057,#1428,.T.);
#3807=EDGE_CURVE('',#3058,#3059,#1429,.T.);
#3808=EDGE_CURVE('',#3060,#3059,#1430,.T.);
#3809=EDGE_CURVE('',#3061,#3060,#1431,.T.);
#3810=EDGE_CURVE('',#3058,#3061,#1432,.T.);
#3811=EDGE_CURVE('',#3062,#3063,#1433,.T.);
#3812=EDGE_CURVE('',#3064,#3063,#1434,.T.);
#3813=EDGE_CURVE('',#3065,#3064,#1435,.T.);
#3814=EDGE_CURVE('',#3062,#3065,#1436,.T.);
#3815=EDGE_CURVE('',#3066,#3067,#1437,.T.);
#3816=EDGE_CURVE('',#3068,#3067,#1438,.T.);
#3817=EDGE_CURVE('',#3069,#3068,#1439,.T.);
#3818=EDGE_CURVE('',#3066,#3069,#1440,.T.);
#3819=EDGE_CURVE('',#3070,#3071,#1441,.T.);
#3820=EDGE_CURVE('',#3072,#3071,#1442,.T.);
#3821=EDGE_CURVE('',#3073,#3072,#1443,.T.);
#3822=EDGE_CURVE('',#3070,#3073,#1444,.T.);
#3823=EDGE_CURVE('',#3074,#3075,#1445,.T.);
#3824=EDGE_CURVE('',#3076,#3075,#1446,.T.);
#3825=EDGE_CURVE('',#3077,#3076,#1447,.T.);
#3826=EDGE_CURVE('',#3074,#3077,#1448,.T.);
#3827=EDGE_CURVE('',#3078,#3079,#1449,.T.);
#3828=EDGE_CURVE('',#3080,#3079,#1450,.T.);
#3829=EDGE_CURVE('',#3081,#3080,#1451,.T.);
#3830=EDGE_CURVE('',#3078,#3081,#1452,.T.);
#3831=EDGE_CURVE('',#3082,#3083,#1453,.T.);
#3832=EDGE_CURVE('',#3084,#3083,#1454,.T.);
#3833=EDGE_CURVE('',#3085,#3084,#1455,.T.);
#3834=EDGE_CURVE('',#3082,#3085,#1456,.T.);
#3835=EDGE_CURVE('',#3086,#3087,#1457,.T.);
#3836=EDGE_CURVE('',#3086,#3088,#1458,.T.);
#3837=EDGE_CURVE('',#3089,#3088,#1459,.T.);
#3838=EDGE_CURVE('',#3087,#3089,#1460,.T.);
#3839=EDGE_CURVE('',#3090,#3091,#1461,.T.);
#3840=EDGE_CURVE('',#3092,#3091,#1462,.T.);
#3841=EDGE_CURVE('',#3093,#3092,#1463,.T.);
#3842=EDGE_CURVE('',#3090,#3093,#1464,.T.);
#3843=EDGE_CURVE('',#3094,#3095,#1465,.T.);
#3844=EDGE_CURVE('',#3096,#3095,#1466,.T.);
#3845=EDGE_CURVE('',#3097,#3096,#1467,.T.);
#3846=EDGE_CURVE('',#3094,#3097,#1468,.T.);
#3847=EDGE_CURVE('',#3098,#3099,#1469,.T.);
#3848=EDGE_CURVE('',#3100,#3099,#1470,.T.);
#3849=EDGE_CURVE('',#3101,#3100,#1471,.T.);
#3850=EDGE_CURVE('',#3098,#3101,#1472,.T.);
#3851=EDGE_CURVE('',#3102,#3103,#1473,.T.);
#3852=EDGE_CURVE('',#3104,#3103,#1474,.T.);
#3853=EDGE_CURVE('',#3105,#3104,#1475,.T.);
#3854=EDGE_CURVE('',#3102,#3105,#1476,.T.);
#3855=EDGE_CURVE('',#3106,#3107,#1477,.T.);
#3856=EDGE_CURVE('',#3108,#3107,#1478,.T.);
#3857=EDGE_CURVE('',#3109,#3108,#1479,.T.);
#3858=EDGE_CURVE('',#3106,#3109,#1480,.T.);
#3859=EDGE_CURVE('',#3110,#3111,#1481,.T.);
#3860=EDGE_CURVE('',#3112,#3111,#1482,.T.);
#3861=EDGE_CURVE('',#3113,#3112,#1483,.T.);
#3862=EDGE_CURVE('',#3110,#3113,#1484,.T.);
#3863=EDGE_CURVE('',#3114,#3115,#1485,.T.);
#3864=EDGE_CURVE('',#3116,#3115,#1486,.T.);
#3865=EDGE_CURVE('',#3117,#3116,#1487,.T.);
#3866=EDGE_CURVE('',#3114,#3117,#1488,.T.);
#3867=EDGE_CURVE('',#3118,#3119,#1489,.T.);
#3868=EDGE_CURVE('',#3120,#3119,#1490,.T.);
#3869=EDGE_CURVE('',#3121,#3120,#1491,.T.);
#3870=EDGE_CURVE('',#3118,#3121,#1492,.T.);
#3871=EDGE_CURVE('',#3122,#3123,#1493,.T.);
#3872=EDGE_CURVE('',#3124,#3123,#1494,.T.);
#3873=EDGE_CURVE('',#3125,#3124,#1495,.T.);
#3874=EDGE_CURVE('',#3122,#3125,#1496,.T.);
#3875=EDGE_CURVE('',#3126,#3127,#1497,.T.);
#3876=EDGE_CURVE('',#3128,#3127,#1498,.T.);
#3877=EDGE_CURVE('',#3129,#3128,#1499,.T.);
#3878=EDGE_CURVE('',#3126,#3129,#1500,.T.);
#3879=EDGE_CURVE('',#3130,#3131,#1501,.T.);
#3880=EDGE_CURVE('',#3132,#3131,#1502,.T.);
#3881=EDGE_CURVE('',#3133,#3132,#1503,.T.);
#3882=EDGE_CURVE('',#3130,#3133,#1504,.T.);
#3883=EDGE_CURVE('',#3134,#3135,#1505,.T.);
#3884=EDGE_CURVE('',#3136,#3135,#1506,.T.);
#3885=EDGE_CURVE('',#3137,#3136,#1507,.T.);
#3886=EDGE_CURVE('',#3134,#3137,#1508,.T.);
#3887=EDGE_CURVE('',#3138,#3139,#1509,.T.);
#3888=EDGE_CURVE('',#3140,#3139,#1510,.T.);
#3889=EDGE_CURVE('',#3141,#3140,#1511,.T.);
#3890=EDGE_CURVE('',#3138,#3141,#1512,.T.);
#3891=EDGE_CURVE('',#3142,#3143,#1513,.T.);
#3892=EDGE_CURVE('',#3144,#3143,#1514,.T.);
#3893=EDGE_CURVE('',#3145,#3144,#1515,.T.);
#3894=EDGE_CURVE('',#3142,#3145,#1516,.T.);
#3895=EDGE_CURVE('',#3146,#3147,#1517,.T.);
#3896=EDGE_CURVE('',#3148,#3147,#1518,.T.);
#3897=EDGE_CURVE('',#3149,#3148,#1519,.T.);
#3898=EDGE_CURVE('',#3146,#3149,#1520,.T.);
#3899=EDGE_CURVE('',#3150,#3151,#1521,.T.);
#3900=EDGE_CURVE('',#3152,#3151,#1522,.T.);
#3901=EDGE_CURVE('',#3153,#3152,#1523,.T.);
#3902=EDGE_CURVE('',#3150,#3153,#1524,.T.);
#3903=EDGE_CURVE('',#3154,#3155,#1525,.T.);
#3904=EDGE_CURVE('',#3156,#3155,#1526,.T.);
#3905=EDGE_CURVE('',#3157,#3156,#1527,.T.);
#3906=EDGE_CURVE('',#3154,#3157,#1528,.T.);
#3907=EDGE_CURVE('',#3158,#3159,#1529,.T.);
#3908=EDGE_CURVE('',#3160,#3159,#1530,.T.);
#3909=EDGE_CURVE('',#3161,#3160,#1531,.T.);
#3910=EDGE_CURVE('',#3158,#3161,#1532,.T.);
#3911=EDGE_CURVE('',#3162,#3163,#1533,.T.);
#3912=EDGE_CURVE('',#3164,#3163,#1534,.T.);
#3913=EDGE_CURVE('',#3165,#3164,#1535,.T.);
#3914=EDGE_CURVE('',#3162,#3165,#1536,.T.);
#3915=EDGE_CURVE('',#3166,#3167,#1537,.T.);
#3916=EDGE_CURVE('',#3168,#3167,#1538,.T.);
#3917=EDGE_CURVE('',#3169,#3168,#1539,.T.);
#3918=EDGE_CURVE('',#3166,#3169,#1540,.T.);
#3919=EDGE_CURVE('',#2813,#3013,#1541,.T.);
#3920=EDGE_CURVE('',#3010,#2812,#1542,.T.);
#3921=EDGE_CURVE('',#2814,#3012,#1543,.T.);
#3922=EDGE_CURVE('',#2821,#3017,#1544,.T.);
#3923=EDGE_CURVE('',#3014,#2820,#1545,.T.);
#3924=EDGE_CURVE('',#2822,#3016,#1546,.T.);
#3925=EDGE_CURVE('',#2829,#3021,#1547,.T.);
#3926=EDGE_CURVE('',#3018,#2828,#1548,.T.);
#3927=EDGE_CURVE('',#2830,#3020,#1549,.T.);
#3928=EDGE_CURVE('',#2837,#3025,#1550,.T.);
#3929=EDGE_CURVE('',#3022,#2836,#1551,.T.);
#3930=EDGE_CURVE('',#2838,#3024,#1552,.T.);
#3931=EDGE_CURVE('',#2845,#3029,#1553,.T.);
#3932=EDGE_CURVE('',#3026,#2844,#1554,.T.);
#3933=EDGE_CURVE('',#2846,#3028,#1555,.T.);
#3934=EDGE_CURVE('',#2853,#3033,#1556,.T.);
#3935=EDGE_CURVE('',#3030,#2852,#1557,.T.);
#3936=EDGE_CURVE('',#2854,#3032,#1558,.T.);
#3937=EDGE_CURVE('',#2861,#3037,#1559,.T.);
#3938=EDGE_CURVE('',#3034,#2860,#1560,.T.);
#3939=EDGE_CURVE('',#2862,#3036,#1561,.T.);
#3940=EDGE_CURVE('',#2869,#3041,#1562,.T.);
#3941=EDGE_CURVE('',#3038,#2868,#1563,.T.);
#3942=EDGE_CURVE('',#2870,#3040,#1564,.T.);
#3943=EDGE_CURVE('',#2877,#3045,#1565,.T.);
#3944=EDGE_CURVE('',#3042,#2876,#1566,.T.);
#3945=EDGE_CURVE('',#2878,#3044,#1567,.T.);
#3946=EDGE_CURVE('',#2885,#3049,#1568,.T.);
#3947=EDGE_CURVE('',#3046,#2884,#1569,.T.);
#3948=EDGE_CURVE('',#2886,#3048,#1570,.T.);
#3949=EDGE_CURVE('',#2893,#3053,#1571,.T.);
#3950=EDGE_CURVE('',#3050,#2892,#1572,.T.);
#3951=EDGE_CURVE('',#2894,#3052,#1573,.T.);
#3952=EDGE_CURVE('',#2901,#3057,#1574,.T.);
#3953=EDGE_CURVE('',#3054,#2900,#1575,.T.);
#3954=EDGE_CURVE('',#2902,#3056,#1576,.T.);
#3955=EDGE_CURVE('',#2909,#3061,#1577,.T.);
#3956=EDGE_CURVE('',#3058,#2908,#1578,.T.);
#3957=EDGE_CURVE('',#2910,#3060,#1579,.T.);
#3958=EDGE_CURVE('',#2917,#3065,#1580,.T.);
#3959=EDGE_CURVE('',#3062,#2916,#1581,.T.);
#3960=EDGE_CURVE('',#2918,#3064,#1582,.T.);
#3961=EDGE_CURVE('',#2925,#3069,#1583,.T.);
#3962=EDGE_CURVE('',#3066,#2924,#1584,.T.);
#3963=EDGE_CURVE('',#2926,#3068,#1585,.T.);
#3964=EDGE_CURVE('',#2933,#3073,#1586,.T.);
#3965=EDGE_CURVE('',#3070,#2932,#1587,.T.);
#3966=EDGE_CURVE('',#2934,#3072,#1588,.T.);
#3967=EDGE_CURVE('',#2941,#3077,#1589,.T.);
#3968=EDGE_CURVE('',#3074,#2940,#1590,.T.);
#3969=EDGE_CURVE('',#2942,#3076,#1591,.T.);
#3970=EDGE_CURVE('',#2949,#3081,#1592,.T.);
#3971=EDGE_CURVE('',#3078,#2948,#1593,.T.);
#3972=EDGE_CURVE('',#2950,#3080,#1594,.T.);
#3973=EDGE_CURVE('',#2801,#3085,#1595,.T.);
#3974=EDGE_CURVE('',#3082,#2800,#1596,.T.);
#3975=EDGE_CURVE('',#2802,#3084,#1597,.T.);
#3976=EDGE_CURVE('',#2795,#3088,#1598,.T.);
#3977=EDGE_CURVE('',#2794,#3089,#1599,.T.);
#3978=EDGE_CURVE('',#2797,#3093,#1600,.T.);
#3979=EDGE_CURVE('',#3090,#2796,#1601,.T.);
#3980=EDGE_CURVE('',#2798,#3092,#1602,.T.);
#3981=EDGE_CURVE('',#2805,#3097,#1603,.T.);
#3982=EDGE_CURVE('',#3094,#2804,#1604,.T.);
#3983=EDGE_CURVE('',#2806,#3096,#1605,.T.);
#3984=EDGE_CURVE('',#2945,#3101,#1606,.T.);
#3985=EDGE_CURVE('',#3098,#2944,#1607,.T.);
#3986=EDGE_CURVE('',#2946,#3100,#1608,.T.);
#3987=EDGE_CURVE('',#2937,#3105,#1609,.T.);
#3988=EDGE_CURVE('',#3102,#2936,#1610,.T.);
#3989=EDGE_CURVE('',#2938,#3104,#1611,.T.);
#3990=EDGE_CURVE('',#2929,#3109,#1612,.T.);
#3991=EDGE_CURVE('',#3106,#2928,#1613,.T.);
#3992=EDGE_CURVE('',#2930,#3108,#1614,.T.);
#3993=EDGE_CURVE('',#2921,#3113,#1615,.T.);
#3994=EDGE_CURVE('',#3110,#2920,#1616,.T.);
#3995=EDGE_CURVE('',#2922,#3112,#1617,.T.);
#3996=EDGE_CURVE('',#2913,#3117,#1618,.T.);
#3997=EDGE_CURVE('',#3114,#2912,#1619,.T.);
#3998=EDGE_CURVE('',#2914,#3116,#1620,.T.);
#3999=EDGE_CURVE('',#2905,#3121,#1621,.T.);
#4000=EDGE_CURVE('',#3118,#2904,#1622,.T.);
#4001=EDGE_CURVE('',#2906,#3120,#1623,.T.);
#4002=EDGE_CURVE('',#2897,#3125,#1624,.T.);
#4003=EDGE_CURVE('',#3122,#2896,#1625,.T.);
#4004=EDGE_CURVE('',#2898,#3124,#1626,.T.);
#4005=EDGE_CURVE('',#2889,#3129,#1627,.T.);
#4006=EDGE_CURVE('',#3126,#2888,#1628,.T.);
#4007=EDGE_CURVE('',#2890,#3128,#1629,.T.);
#4008=EDGE_CURVE('',#2881,#3133,#1630,.T.);
#4009=EDGE_CURVE('',#3130,#2880,#1631,.T.);
#4010=EDGE_CURVE('',#2882,#3132,#1632,.T.);
#4011=EDGE_CURVE('',#2873,#3137,#1633,.T.);
#4012=EDGE_CURVE('',#3134,#2872,#1634,.T.);
#4013=EDGE_CURVE('',#2874,#3136,#1635,.T.);
#4014=EDGE_CURVE('',#2865,#3141,#1636,.T.);
#4015=EDGE_CURVE('',#3138,#2864,#1637,.T.);
#4016=EDGE_CURVE('',#2866,#3140,#1638,.T.);
#4017=EDGE_CURVE('',#2857,#3145,#1639,.T.);
#4018=EDGE_CURVE('',#3142,#2856,#1640,.T.);
#4019=EDGE_CURVE('',#2858,#3144,#1641,.T.);
#4020=EDGE_CURVE('',#2849,#3149,#1642,.T.);
#4021=EDGE_CURVE('',#3146,#2848,#1643,.T.);
#4022=EDGE_CURVE('',#2850,#3148,#1644,.T.);
#4023=EDGE_CURVE('',#2841,#3153,#1645,.T.);
#4024=EDGE_CURVE('',#3150,#2840,#1646,.T.);
#4025=EDGE_CURVE('',#2842,#3152,#1647,.T.);
#4026=EDGE_CURVE('',#2833,#3157,#1648,.T.);
#4027=EDGE_CURVE('',#3154,#2832,#1649,.T.);
#4028=EDGE_CURVE('',#2834,#3156,#1650,.T.);
#4029=EDGE_CURVE('',#2825,#3161,#1651,.T.);
#4030=EDGE_CURVE('',#3158,#2824,#1652,.T.);
#4031=EDGE_CURVE('',#2826,#3160,#1653,.T.);
#4032=EDGE_CURVE('',#2817,#3165,#1654,.T.);
#4033=EDGE_CURVE('',#3162,#2816,#1655,.T.);
#4034=EDGE_CURVE('',#2818,#3164,#1656,.T.);
#4035=EDGE_CURVE('',#2809,#3169,#1657,.T.);
#4036=EDGE_CURVE('',#3166,#2808,#1658,.T.);
#4037=EDGE_CURVE('',#2810,#3168,#1659,.T.);
#4038=EDGE_CURVE('',#2799,#3091,#1660,.T.);
#4039=EDGE_CURVE('',#2807,#3095,#1661,.T.);
#4040=EDGE_CURVE('',#2815,#3011,#1662,.T.);
#4041=EDGE_CURVE('',#2823,#3015,#1663,.T.);
#4042=EDGE_CURVE('',#2831,#3019,#1664,.T.);
#4043=EDGE_CURVE('',#2839,#3023,#1665,.T.);
#4044=EDGE_CURVE('',#2847,#3027,#1666,.T.);
#4045=EDGE_CURVE('',#2855,#3031,#1667,.T.);
#4046=EDGE_CURVE('',#2863,#3035,#1668,.T.);
#4047=EDGE_CURVE('',#2871,#3039,#1669,.T.);
#4048=EDGE_CURVE('',#2879,#3043,#1670,.T.);
#4049=EDGE_CURVE('',#2887,#3047,#1671,.T.);
#4050=EDGE_CURVE('',#2895,#3051,#1672,.T.);
#4051=EDGE_CURVE('',#2903,#3055,#1673,.T.);
#4052=EDGE_CURVE('',#2911,#3059,#1674,.T.);
#4053=EDGE_CURVE('',#2919,#3063,#1675,.T.);
#4054=EDGE_CURVE('',#2927,#3067,#1676,.T.);
#4055=EDGE_CURVE('',#2935,#3071,#1677,.T.);
#4056=EDGE_CURVE('',#2943,#3075,#1678,.T.);
#4057=EDGE_CURVE('',#2951,#3079,#1679,.T.);
#4058=EDGE_CURVE('',#2947,#3099,#1680,.T.);
#4059=EDGE_CURVE('',#2939,#3103,#1681,.T.);
#4060=EDGE_CURVE('',#2931,#3107,#1682,.T.);
#4061=EDGE_CURVE('',#2923,#3111,#1683,.T.);
#4062=EDGE_CURVE('',#2915,#3115,#1684,.T.);
#4063=EDGE_CURVE('',#2907,#3119,#1685,.T.);
#4064=EDGE_CURVE('',#2899,#3123,#1686,.T.);
#4065=EDGE_CURVE('',#2891,#3127,#1687,.T.);
#4066=EDGE_CURVE('',#2883,#3131,#1688,.T.);
#4067=EDGE_CURVE('',#2875,#3135,#1689,.T.);
#4068=EDGE_CURVE('',#2867,#3139,#1690,.T.);
#4069=EDGE_CURVE('',#2859,#3143,#1691,.T.);
#4070=EDGE_CURVE('',#2851,#3147,#1692,.T.);
#4071=EDGE_CURVE('',#2843,#3151,#1693,.T.);
#4072=EDGE_CURVE('',#2835,#3155,#1694,.T.);
#4073=EDGE_CURVE('',#2827,#3159,#1695,.T.);
#4074=EDGE_CURVE('',#2819,#3163,#1696,.T.);
#4075=EDGE_CURVE('',#2811,#3167,#1697,.T.);
#4076=EDGE_CURVE('',#2803,#3083,#1698,.T.);
#4077=EDGE_CURVE('',#2793,#3087,#1699,.T.);
#4078=EDGE_CURVE('',#3086,#2792,#1700,.T.);
#4079=EDGE_CURVE('',#2791,#3170,#1701,.T.);
#4080=EDGE_CURVE('',#3171,#3170,#1702,.T.);
#4081=EDGE_CURVE('',#2952,#3171,#1703,.T.);
#4082=EDGE_CURVE('',#2983,#3172,#1704,.T.);
#4083=EDGE_CURVE('',#3173,#3172,#1705,.T.);
#4084=EDGE_CURVE('',#2984,#3173,#1706,.T.);
#4085=EDGE_CURVE('',#3174,#3173,#1707,.T.);
#4086=EDGE_CURVE('',#3172,#3175,#1708,.T.);
#4087=EDGE_CURVE('',#3175,#3171,#882,.T.);
#4088=EDGE_CURVE('',#3170,#3174,#883,.T.);
#4089=EDGE_CURVE('',#2977,#2961,#1709,.T.);
#4090=EDGE_CURVE('',#2980,#2956,#1710,.T.);
#4091=EDGE_CURVE('',#2981,#2955,#1711,.T.);
#4092=EDGE_CURVE('',#2982,#2954,#1712,.T.);
#4093=EDGE_CURVE('',#2953,#3175,#1713,.T.);
#4094=EDGE_CURVE('',#2790,#3174,#1714,.T.);
#4095=EDGE_CURVE('',#2985,#2789,#1715,.T.);
#4096=EDGE_CURVE('',#2986,#2788,#1716,.T.);
#4097=EDGE_CURVE('',#2987,#2787,#1717,.T.);
#4098=EDGE_CURVE('',#2988,#2786,#1718,.T.);
#4099=EDGE_CURVE('',#2989,#2785,#1719,.T.);
#4100=EDGE_CURVE('',#2990,#2784,#1720,.T.);
#4101=EDGE_CURVE('',#2776,#2995,#1721,.T.);
#4102=ORIENTED_EDGE('',*,*,#3176,.F.);
#4103=ORIENTED_EDGE('',*,*,#3177,.F.);
#4104=ORIENTED_EDGE('',*,*,#3178,.F.);
#4105=ORIENTED_EDGE('',*,*,#3179,.F.);
#4106=ORIENTED_EDGE('',*,*,#3180,.F.);
#4107=ORIENTED_EDGE('',*,*,#3181,.F.);
#4108=ORIENTED_EDGE('',*,*,#3182,.F.);
#4109=ORIENTED_EDGE('',*,*,#3183,.F.);
#4110=ORIENTED_EDGE('',*,*,#3184,.F.);
#4111=ORIENTED_EDGE('',*,*,#3185,.F.);
#4112=ORIENTED_EDGE('',*,*,#3186,.F.);
#4113=ORIENTED_EDGE('',*,*,#3187,.F.);
#4114=ORIENTED_EDGE('',*,*,#3188,.F.);
#4115=ORIENTED_EDGE('',*,*,#3189,.F.);
#4116=ORIENTED_EDGE('',*,*,#3190,.F.);
#4117=ORIENTED_EDGE('',*,*,#3191,.F.);
#4118=ORIENTED_EDGE('',*,*,#3192,.F.);
#4119=ORIENTED_EDGE('',*,*,#3193,.F.);
#4120=ORIENTED_EDGE('',*,*,#3194,.F.);
#4121=ORIENTED_EDGE('',*,*,#3195,.F.);
#4122=ORIENTED_EDGE('',*,*,#3196,.F.);
#4123=ORIENTED_EDGE('',*,*,#3197,.F.);
#4124=ORIENTED_EDGE('',*,*,#3198,.F.);
#4125=ORIENTED_EDGE('',*,*,#3199,.F.);
#4126=ORIENTED_EDGE('',*,*,#3200,.F.);
#4127=ORIENTED_EDGE('',*,*,#3201,.F.);
#4128=ORIENTED_EDGE('',*,*,#3202,.F.);
#4129=ORIENTED_EDGE('',*,*,#3203,.F.);
#4130=ORIENTED_EDGE('',*,*,#3204,.F.);
#4131=ORIENTED_EDGE('',*,*,#3205,.F.);
#4132=ORIENTED_EDGE('',*,*,#3206,.F.);
#4133=ORIENTED_EDGE('',*,*,#3207,.F.);
#4134=ORIENTED_EDGE('',*,*,#3208,.T.);
#4135=ORIENTED_EDGE('',*,*,#3209,.T.);
#4136=ORIENTED_EDGE('',*,*,#3210,.T.);
#4137=ORIENTED_EDGE('',*,*,#3211,.T.);
#4138=ORIENTED_EDGE('',*,*,#3212,.T.);
#4139=ORIENTED_EDGE('',*,*,#3213,.T.);
#4140=ORIENTED_EDGE('',*,*,#3214,.T.);
#4141=ORIENTED_EDGE('',*,*,#3215,.T.);
#4142=ORIENTED_EDGE('',*,*,#3176,.T.);
#4143=ORIENTED_EDGE('',*,*,#3216,.T.);
#4144=ORIENTED_EDGE('',*,*,#3217,.F.);
#4145=ORIENTED_EDGE('',*,*,#3218,.F.);
#4146=ORIENTED_EDGE('',*,*,#3219,.F.);
#4147=ORIENTED_EDGE('',*,*,#3220,.F.);
#4148=ORIENTED_EDGE('',*,*,#3177,.T.);
#4149=ORIENTED_EDGE('',*,*,#3218,.T.);
#4150=ORIENTED_EDGE('',*,*,#3221,.F.);
#4151=ORIENTED_EDGE('',*,*,#3222,.T.);
#4152=ORIENTED_EDGE('',*,*,#3223,.F.);
#4153=ORIENTED_EDGE('',*,*,#3224,.F.);
#4154=ORIENTED_EDGE('',*,*,#3225,.F.);
#4155=ORIENTED_EDGE('',*,*,#3226,.F.);
#4156=ORIENTED_EDGE('',*,*,#3227,.F.);
#4157=ORIENTED_EDGE('',*,*,#3228,.T.);
#4158=ORIENTED_EDGE('',*,*,#3229,.T.);
#4159=ORIENTED_EDGE('',*,*,#3230,.T.);
#4160=ORIENTED_EDGE('',*,*,#3231,.T.);
#4161=ORIENTED_EDGE('',*,*,#3232,.F.);
#4162=ORIENTED_EDGE('',*,*,#3233,.F.);
#4163=ORIENTED_EDGE('',*,*,#3234,.T.);
#4164=ORIENTED_EDGE('',*,*,#3235,.T.);
#4165=ORIENTED_EDGE('',*,*,#3236,.T.);
#4166=ORIENTED_EDGE('',*,*,#3237,.F.);
#4167=ORIENTED_EDGE('',*,*,#3238,.F.);
#4168=ORIENTED_EDGE('',*,*,#3239,.F.);
#4169=ORIENTED_EDGE('',*,*,#3240,.T.);
#4170=ORIENTED_EDGE('',*,*,#3241,.T.);
#4171=ORIENTED_EDGE('',*,*,#3242,.T.);
#4172=ORIENTED_EDGE('',*,*,#3243,.T.);
#4173=ORIENTED_EDGE('',*,*,#3244,.T.);
#4174=ORIENTED_EDGE('',*,*,#3245,.T.);
#4175=ORIENTED_EDGE('',*,*,#3246,.T.);
#4176=ORIENTED_EDGE('',*,*,#3247,.F.);
#4177=ORIENTED_EDGE('',*,*,#3248,.F.);
#4178=ORIENTED_EDGE('',*,*,#3249,.F.);
#4179=ORIENTED_EDGE('',*,*,#3250,.T.);
#4180=ORIENTED_EDGE('',*,*,#3251,.T.);
#4181=ORIENTED_EDGE('',*,*,#3252,.T.);
#4182=ORIENTED_EDGE('',*,*,#3253,.T.);
#4183=ORIENTED_EDGE('',*,*,#3254,.T.);
#4184=ORIENTED_EDGE('',*,*,#3255,.T.);
#4185=ORIENTED_EDGE('',*,*,#3219,.T.);
#4186=ORIENTED_EDGE('',*,*,#3256,.F.);
#4187=ORIENTED_EDGE('',*,*,#3257,.F.);
#4188=ORIENTED_EDGE('',*,*,#3258,.F.);
#4189=ORIENTED_EDGE('',*,*,#3221,.T.);
#4190=ORIENTED_EDGE('',*,*,#3217,.T.);
#4191=ORIENTED_EDGE('',*,*,#3259,.T.);
#4192=ORIENTED_EDGE('',*,*,#3260,.T.);
#4193=ORIENTED_EDGE('',*,*,#3261,.F.);
#4194=ORIENTED_EDGE('',*,*,#3262,.F.);
#4195=ORIENTED_EDGE('',*,*,#3263,.T.);
#4196=ORIENTED_EDGE('',*,*,#3264,.T.);
#4197=ORIENTED_EDGE('',*,*,#3265,.T.);
#4198=ORIENTED_EDGE('',*,*,#3266,.F.);
#4199=ORIENTED_EDGE('',*,*,#3267,.F.);
#4200=ORIENTED_EDGE('',*,*,#3268,.F.);
#4201=ORIENTED_EDGE('',*,*,#3269,.T.);
#4202=ORIENTED_EDGE('',*,*,#3270,.T.);
#4203=ORIENTED_EDGE('',*,*,#3271,.T.);
#4204=ORIENTED_EDGE('',*,*,#3272,.T.);
#4205=ORIENTED_EDGE('',*,*,#3273,.T.);
#4206=ORIENTED_EDGE('',*,*,#3274,.T.);
#4207=ORIENTED_EDGE('',*,*,#3275,.T.);
#4208=ORIENTED_EDGE('',*,*,#3276,.F.);
#4209=ORIENTED_EDGE('',*,*,#3277,.F.);
#4210=ORIENTED_EDGE('',*,*,#3278,.F.);
#4211=ORIENTED_EDGE('',*,*,#3279,.T.);
#4212=ORIENTED_EDGE('',*,*,#3280,.T.);
#4213=ORIENTED_EDGE('',*,*,#3281,.T.);
#4214=ORIENTED_EDGE('',*,*,#3282,.T.);
#4215=ORIENTED_EDGE('',*,*,#3283,.T.);
#4216=ORIENTED_EDGE('',*,*,#3284,.T.);
#4217=ORIENTED_EDGE('',*,*,#3285,.T.);
#4218=ORIENTED_EDGE('',*,*,#3286,.F.);
#4219=ORIENTED_EDGE('',*,*,#3287,.F.);
#4220=ORIENTED_EDGE('',*,*,#3288,.F.);
#4221=ORIENTED_EDGE('',*,*,#3289,.F.);
#4222=ORIENTED_EDGE('',*,*,#3290,.F.);
#4223=ORIENTED_EDGE('',*,*,#3291,.F.);
#4224=ORIENTED_EDGE('',*,*,#3292,.F.);
#4225=ORIENTED_EDGE('',*,*,#3293,.F.);
#4226=ORIENTED_EDGE('',*,*,#3225,.T.);
#4227=ORIENTED_EDGE('',*,*,#3294,.T.);
#4228=ORIENTED_EDGE('',*,*,#3295,.F.);
#4229=ORIENTED_EDGE('',*,*,#3296,.F.);
#4230=ORIENTED_EDGE('',*,*,#3226,.T.);
#4231=ORIENTED_EDGE('',*,*,#3296,.T.);
#4232=ORIENTED_EDGE('',*,*,#3297,.F.);
#4233=ORIENTED_EDGE('',*,*,#3298,.F.);
#4234=ORIENTED_EDGE('',*,*,#3227,.T.);
#4235=ORIENTED_EDGE('',*,*,#3298,.T.);
#4236=ORIENTED_EDGE('',*,*,#3299,.F.);
#4237=ORIENTED_EDGE('',*,*,#3300,.F.);
#4238=ORIENTED_EDGE('',*,*,#3285,.F.);
#4239=ORIENTED_EDGE('',*,*,#3301,.F.);
#4240=ORIENTED_EDGE('',*,*,#3193,.T.);
#4241=ORIENTED_EDGE('',*,*,#3302,.T.);
#4242=ORIENTED_EDGE('',*,*,#3228,.F.);
#4243=ORIENTED_EDGE('',*,*,#3300,.T.);
#4244=ORIENTED_EDGE('',*,*,#3303,.F.);
#4245=ORIENTED_EDGE('',*,*,#3294,.F.);
#4246=ORIENTED_EDGE('',*,*,#3295,.T.);
#4247=ORIENTED_EDGE('',*,*,#3303,.T.);
#4248=ORIENTED_EDGE('',*,*,#3299,.T.);
#4249=ORIENTED_EDGE('',*,*,#3297,.T.);
#4250=ORIENTED_EDGE('',*,*,#3192,.T.);
#4251=ORIENTED_EDGE('',*,*,#3304,.T.);
#4252=ORIENTED_EDGE('',*,*,#3229,.F.);
#4253=ORIENTED_EDGE('',*,*,#3302,.F.);
#4254=ORIENTED_EDGE('',*,*,#3305,.F.);
#4255=ORIENTED_EDGE('',*,*,#3306,.F.);
#4256=ORIENTED_EDGE('',*,*,#3307,.F.);
#4257=ORIENTED_EDGE('',*,*,#3308,.F.);
#4258=ORIENTED_EDGE('',*,*,#3230,.F.);
#4259=ORIENTED_EDGE('',*,*,#3304,.F.);
#4260=ORIENTED_EDGE('',*,*,#3191,.T.);
#4261=ORIENTED_EDGE('',*,*,#3309,.T.);
#4262=ORIENTED_EDGE('',*,*,#3234,.F.);
#4263=ORIENTED_EDGE('',*,*,#3310,.T.);
#4264=ORIENTED_EDGE('',*,*,#3311,.F.);
#4265=ORIENTED_EDGE('',*,*,#3312,.T.);
#4266=ORIENTED_EDGE('',*,*,#3305,.T.);
#4267=ORIENTED_EDGE('',*,*,#3313,.T.);
#4268=ORIENTED_EDGE('',*,*,#3314,.F.);
#4269=ORIENTED_EDGE('',*,*,#3315,.T.);
#4270=ORIENTED_EDGE('',*,*,#3306,.T.);
#4271=ORIENTED_EDGE('',*,*,#3315,.F.);
#4272=ORIENTED_EDGE('',*,*,#3316,.F.);
#4273=ORIENTED_EDGE('',*,*,#3317,.F.);
#4274=ORIENTED_EDGE('',*,*,#3317,.T.);
#4275=ORIENTED_EDGE('',*,*,#3318,.T.);
#4276=ORIENTED_EDGE('',*,*,#3319,.T.);
#4277=ORIENTED_EDGE('',*,*,#3307,.T.);
#4278=ORIENTED_EDGE('',*,*,#3320,.F.);
#4279=ORIENTED_EDGE('',*,*,#3311,.T.);
#4280=ORIENTED_EDGE('',*,*,#3321,.T.);
#4281=ORIENTED_EDGE('',*,*,#3322,.T.);
#4282=ORIENTED_EDGE('',*,*,#3231,.F.);
#4283=ORIENTED_EDGE('',*,*,#3308,.T.);
#4284=ORIENTED_EDGE('',*,*,#3319,.F.);
#4285=ORIENTED_EDGE('',*,*,#3323,.F.);
#4286=ORIENTED_EDGE('',*,*,#3314,.T.);
#4287=ORIENTED_EDGE('',*,*,#3324,.F.);
#4288=ORIENTED_EDGE('',*,*,#3322,.F.);
#4289=ORIENTED_EDGE('',*,*,#3325,.F.);
#4290=ORIENTED_EDGE('',*,*,#3232,.T.);
#4291=ORIENTED_EDGE('',*,*,#3323,.T.);
#4292=ORIENTED_EDGE('',*,*,#3318,.F.);
#4293=ORIENTED_EDGE('',*,*,#3316,.T.);
#4294=ORIENTED_EDGE('',*,*,#3233,.T.);
#4295=ORIENTED_EDGE('',*,*,#3325,.T.);
#4296=ORIENTED_EDGE('',*,*,#3321,.F.);
#4297=ORIENTED_EDGE('',*,*,#3310,.F.);
#4298=ORIENTED_EDGE('',*,*,#3312,.F.);
#4299=ORIENTED_EDGE('',*,*,#3320,.T.);
#4300=ORIENTED_EDGE('',*,*,#3324,.T.);
#4301=ORIENTED_EDGE('',*,*,#3313,.F.);
#4302=ORIENTED_EDGE('',*,*,#3190,.T.);
#4303=ORIENTED_EDGE('',*,*,#3326,.T.);
#4304=ORIENTED_EDGE('',*,*,#3235,.F.);
#4305=ORIENTED_EDGE('',*,*,#3309,.F.);
#4306=ORIENTED_EDGE('',*,*,#3236,.F.);
#4307=ORIENTED_EDGE('',*,*,#3326,.F.);
#4308=ORIENTED_EDGE('',*,*,#3189,.T.);
#4309=ORIENTED_EDGE('',*,*,#3327,.T.);
#4310=ORIENTED_EDGE('',*,*,#3240,.F.);
#4311=ORIENTED_EDGE('',*,*,#3328,.T.);
#4312=ORIENTED_EDGE('',*,*,#3329,.F.);
#4313=ORIENTED_EDGE('',*,*,#3330,.F.);
#4314=ORIENTED_EDGE('',*,*,#3237,.T.);
#4315=ORIENTED_EDGE('',*,*,#3330,.T.);
#4316=ORIENTED_EDGE('',*,*,#3331,.F.);
#4317=ORIENTED_EDGE('',*,*,#3332,.F.);
#4318=ORIENTED_EDGE('',*,*,#3238,.T.);
#4319=ORIENTED_EDGE('',*,*,#3332,.T.);
#4320=ORIENTED_EDGE('',*,*,#3333,.F.);
#4321=ORIENTED_EDGE('',*,*,#3334,.F.);
#4322=ORIENTED_EDGE('',*,*,#3239,.T.);
#4323=ORIENTED_EDGE('',*,*,#3334,.T.);
#4324=ORIENTED_EDGE('',*,*,#3335,.F.);
#4325=ORIENTED_EDGE('',*,*,#3328,.F.);
#4326=ORIENTED_EDGE('',*,*,#3333,.T.);
#4327=ORIENTED_EDGE('',*,*,#3331,.T.);
#4328=ORIENTED_EDGE('',*,*,#3329,.T.);
#4329=ORIENTED_EDGE('',*,*,#3335,.T.);
#4330=ORIENTED_EDGE('',*,*,#3188,.T.);
#4331=ORIENTED_EDGE('',*,*,#3336,.T.);
#4332=ORIENTED_EDGE('',*,*,#3241,.F.);
#4333=ORIENTED_EDGE('',*,*,#3327,.F.);
#4334=ORIENTED_EDGE('',*,*,#3187,.T.);
#4335=ORIENTED_EDGE('',*,*,#3337,.T.);
#4336=ORIENTED_EDGE('',*,*,#3242,.F.);
#4337=ORIENTED_EDGE('',*,*,#3336,.F.);
#4338=ORIENTED_EDGE('',*,*,#3186,.T.);
#4339=ORIENTED_EDGE('',*,*,#3338,.T.);
#4340=ORIENTED_EDGE('',*,*,#3243,.F.);
#4341=ORIENTED_EDGE('',*,*,#3337,.F.);
#4342=ORIENTED_EDGE('',*,*,#3185,.T.);
#4343=ORIENTED_EDGE('',*,*,#3339,.T.);
#4344=ORIENTED_EDGE('',*,*,#3244,.F.);
#4345=ORIENTED_EDGE('',*,*,#3338,.F.);
#4346=ORIENTED_EDGE('',*,*,#3184,.T.);
#4347=ORIENTED_EDGE('',*,*,#3340,.T.);
#4348=ORIENTED_EDGE('',*,*,#3245,.F.);
#4349=ORIENTED_EDGE('',*,*,#3339,.F.);
#4350=ORIENTED_EDGE('',*,*,#3246,.F.);
#4351=ORIENTED_EDGE('',*,*,#3340,.F.);
#4352=ORIENTED_EDGE('',*,*,#3183,.T.);
#4353=ORIENTED_EDGE('',*,*,#3341,.T.);
#4354=ORIENTED_EDGE('',*,*,#3250,.F.);
#4355=ORIENTED_EDGE('',*,*,#3342,.T.);
#4356=ORIENTED_EDGE('',*,*,#3343,.F.);
#4357=ORIENTED_EDGE('',*,*,#3344,.F.);
#4358=ORIENTED_EDGE('',*,*,#3247,.T.);
#4359=ORIENTED_EDGE('',*,*,#3344,.T.);
#4360=ORIENTED_EDGE('',*,*,#3345,.F.);
#4361=ORIENTED_EDGE('',*,*,#3346,.F.);
#4362=ORIENTED_EDGE('',*,*,#3248,.T.);
#4363=ORIENTED_EDGE('',*,*,#3346,.T.);
#4364=ORIENTED_EDGE('',*,*,#3347,.F.);
#4365=ORIENTED_EDGE('',*,*,#3348,.F.);
#4366=ORIENTED_EDGE('',*,*,#3249,.T.);
#4367=ORIENTED_EDGE('',*,*,#3348,.T.);
#4368=ORIENTED_EDGE('',*,*,#3349,.F.);
#4369=ORIENTED_EDGE('',*,*,#3342,.F.);
#4370=ORIENTED_EDGE('',*,*,#3347,.T.);
#4371=ORIENTED_EDGE('',*,*,#3345,.T.);
#4372=ORIENTED_EDGE('',*,*,#3343,.T.);
#4373=ORIENTED_EDGE('',*,*,#3349,.T.);
#4374=ORIENTED_EDGE('',*,*,#3182,.T.);
#4375=ORIENTED_EDGE('',*,*,#3350,.T.);
#4376=ORIENTED_EDGE('',*,*,#3251,.F.);
#4377=ORIENTED_EDGE('',*,*,#3341,.F.);
#4378=ORIENTED_EDGE('',*,*,#3181,.T.);
#4379=ORIENTED_EDGE('',*,*,#3351,.T.);
#4380=ORIENTED_EDGE('',*,*,#3252,.F.);
#4381=ORIENTED_EDGE('',*,*,#3350,.F.);
#4382=ORIENTED_EDGE('',*,*,#3180,.T.);
#4383=ORIENTED_EDGE('',*,*,#3352,.T.);
#4384=ORIENTED_EDGE('',*,*,#3253,.F.);
#4385=ORIENTED_EDGE('',*,*,#3351,.F.);
#4386=ORIENTED_EDGE('',*,*,#3179,.T.);
#4387=ORIENTED_EDGE('',*,*,#3353,.T.);
#4388=ORIENTED_EDGE('',*,*,#3254,.F.);
#4389=ORIENTED_EDGE('',*,*,#3352,.F.);
#4390=ORIENTED_EDGE('',*,*,#3178,.T.);
#4391=ORIENTED_EDGE('',*,*,#3220,.T.);
#4392=ORIENTED_EDGE('',*,*,#3255,.F.);
#4393=ORIENTED_EDGE('',*,*,#3353,.F.);
#4394=ORIENTED_EDGE('',*,*,#3194,.T.);
#4395=ORIENTED_EDGE('',*,*,#3301,.T.);
#4396=ORIENTED_EDGE('',*,*,#3284,.F.);
#4397=ORIENTED_EDGE('',*,*,#3354,.F.);
#4398=ORIENTED_EDGE('',*,*,#3195,.T.);
#4399=ORIENTED_EDGE('',*,*,#3354,.T.);
#4400=ORIENTED_EDGE('',*,*,#3283,.F.);
#4401=ORIENTED_EDGE('',*,*,#3355,.F.);
#4402=ORIENTED_EDGE('',*,*,#3196,.T.);
#4403=ORIENTED_EDGE('',*,*,#3355,.T.);
#4404=ORIENTED_EDGE('',*,*,#3282,.F.);
#4405=ORIENTED_EDGE('',*,*,#3356,.F.);
#4406=ORIENTED_EDGE('',*,*,#3197,.T.);
#4407=ORIENTED_EDGE('',*,*,#3356,.T.);
#4408=ORIENTED_EDGE('',*,*,#3281,.F.);
#4409=ORIENTED_EDGE('',*,*,#3357,.F.);
#4410=ORIENTED_EDGE('',*,*,#3198,.T.);
#4411=ORIENTED_EDGE('',*,*,#3357,.T.);
#4412=ORIENTED_EDGE('',*,*,#3280,.F.);
#4413=ORIENTED_EDGE('',*,*,#3358,.F.);
#4414=ORIENTED_EDGE('',*,*,#3275,.F.);
#4415=ORIENTED_EDGE('',*,*,#3359,.F.);
#4416=ORIENTED_EDGE('',*,*,#3199,.T.);
#4417=ORIENTED_EDGE('',*,*,#3358,.T.);
#4418=ORIENTED_EDGE('',*,*,#3279,.F.);
#4419=ORIENTED_EDGE('',*,*,#3360,.T.);
#4420=ORIENTED_EDGE('',*,*,#3361,.F.);
#4421=ORIENTED_EDGE('',*,*,#3362,.F.);
#4422=ORIENTED_EDGE('',*,*,#3276,.T.);
#4423=ORIENTED_EDGE('',*,*,#3362,.T.);
#4424=ORIENTED_EDGE('',*,*,#3363,.F.);
#4425=ORIENTED_EDGE('',*,*,#3364,.F.);
#4426=ORIENTED_EDGE('',*,*,#3277,.T.);
#4427=ORIENTED_EDGE('',*,*,#3364,.T.);
#4428=ORIENTED_EDGE('',*,*,#3365,.F.);
#4429=ORIENTED_EDGE('',*,*,#3366,.F.);
#4430=ORIENTED_EDGE('',*,*,#3278,.T.);
#4431=ORIENTED_EDGE('',*,*,#3366,.T.);
#4432=ORIENTED_EDGE('',*,*,#3367,.F.);
#4433=ORIENTED_EDGE('',*,*,#3360,.F.);
#4434=ORIENTED_EDGE('',*,*,#3363,.T.);
#4435=ORIENTED_EDGE('',*,*,#3361,.T.);
#4436=ORIENTED_EDGE('',*,*,#3367,.T.);
#4437=ORIENTED_EDGE('',*,*,#3365,.T.);
#4438=ORIENTED_EDGE('',*,*,#3200,.T.);
#4439=ORIENTED_EDGE('',*,*,#3359,.T.);
#4440=ORIENTED_EDGE('',*,*,#3274,.F.);
#4441=ORIENTED_EDGE('',*,*,#3368,.F.);
#4442=ORIENTED_EDGE('',*,*,#3201,.T.);
#4443=ORIENTED_EDGE('',*,*,#3368,.T.);
#4444=ORIENTED_EDGE('',*,*,#3273,.F.);
#4445=ORIENTED_EDGE('',*,*,#3369,.F.);
#4446=ORIENTED_EDGE('',*,*,#3202,.T.);
#4447=ORIENTED_EDGE('',*,*,#3369,.T.);
#4448=ORIENTED_EDGE('',*,*,#3272,.F.);
#4449=ORIENTED_EDGE('',*,*,#3370,.F.);
#4450=ORIENTED_EDGE('',*,*,#3203,.T.);
#4451=ORIENTED_EDGE('',*,*,#3370,.T.);
#4452=ORIENTED_EDGE('',*,*,#3271,.F.);
#4453=ORIENTED_EDGE('',*,*,#3371,.F.);
#4454=ORIENTED_EDGE('',*,*,#3204,.T.);
#4455=ORIENTED_EDGE('',*,*,#3371,.T.);
#4456=ORIENTED_EDGE('',*,*,#3270,.F.);
#4457=ORIENTED_EDGE('',*,*,#3372,.F.);
#4458=ORIENTED_EDGE('',*,*,#3265,.F.);
#4459=ORIENTED_EDGE('',*,*,#3373,.F.);
#4460=ORIENTED_EDGE('',*,*,#3205,.T.);
#4461=ORIENTED_EDGE('',*,*,#3372,.T.);
#4462=ORIENTED_EDGE('',*,*,#3269,.F.);
#4463=ORIENTED_EDGE('',*,*,#3374,.T.);
#4464=ORIENTED_EDGE('',*,*,#3375,.F.);
#4465=ORIENTED_EDGE('',*,*,#3376,.F.);
#4466=ORIENTED_EDGE('',*,*,#3266,.T.);
#4467=ORIENTED_EDGE('',*,*,#3376,.T.);
#4468=ORIENTED_EDGE('',*,*,#3377,.F.);
#4469=ORIENTED_EDGE('',*,*,#3378,.F.);
#4470=ORIENTED_EDGE('',*,*,#3267,.T.);
#4471=ORIENTED_EDGE('',*,*,#3378,.T.);
#4472=ORIENTED_EDGE('',*,*,#3379,.F.);
#4473=ORIENTED_EDGE('',*,*,#3380,.F.);
#4474=ORIENTED_EDGE('',*,*,#3268,.T.);
#4475=ORIENTED_EDGE('',*,*,#3380,.T.);
#4476=ORIENTED_EDGE('',*,*,#3381,.F.);
#4477=ORIENTED_EDGE('',*,*,#3374,.F.);
#4478=ORIENTED_EDGE('',*,*,#3375,.T.);
#4479=ORIENTED_EDGE('',*,*,#3381,.T.);
#4480=ORIENTED_EDGE('',*,*,#3379,.T.);
#4481=ORIENTED_EDGE('',*,*,#3377,.T.);
#4482=ORIENTED_EDGE('',*,*,#3206,.T.);
#4483=ORIENTED_EDGE('',*,*,#3373,.T.);
#4484=ORIENTED_EDGE('',*,*,#3264,.F.);
#4485=ORIENTED_EDGE('',*,*,#3382,.F.);
#4486=ORIENTED_EDGE('',*,*,#3259,.F.);
#4487=ORIENTED_EDGE('',*,*,#3216,.F.);
#4488=ORIENTED_EDGE('',*,*,#3207,.T.);
#4489=ORIENTED_EDGE('',*,*,#3382,.T.);
#4490=ORIENTED_EDGE('',*,*,#3263,.F.);
#4491=ORIENTED_EDGE('',*,*,#3383,.T.);
#4492=ORIENTED_EDGE('',*,*,#3384,.F.);
#4493=ORIENTED_EDGE('',*,*,#3385,.F.);
#4494=ORIENTED_EDGE('',*,*,#3260,.F.);
#4495=ORIENTED_EDGE('',*,*,#3385,.T.);
#4496=ORIENTED_EDGE('',*,*,#3386,.F.);
#4497=ORIENTED_EDGE('',*,*,#3387,.F.);
#4498=ORIENTED_EDGE('',*,*,#3261,.T.);
#4499=ORIENTED_EDGE('',*,*,#3387,.T.);
#4500=ORIENTED_EDGE('',*,*,#3388,.F.);
#4501=ORIENTED_EDGE('',*,*,#3389,.F.);
#4502=ORIENTED_EDGE('',*,*,#3262,.T.);
#4503=ORIENTED_EDGE('',*,*,#3389,.T.);
#4504=ORIENTED_EDGE('',*,*,#3390,.F.);
#4505=ORIENTED_EDGE('',*,*,#3383,.F.);
#4506=ORIENTED_EDGE('',*,*,#3388,.T.);
#4507=ORIENTED_EDGE('',*,*,#3386,.T.);
#4508=ORIENTED_EDGE('',*,*,#3384,.T.);
#4509=ORIENTED_EDGE('',*,*,#3390,.T.);
#4510=ORIENTED_EDGE('',*,*,#3258,.T.);
#4511=ORIENTED_EDGE('',*,*,#3391,.T.);
#4512=ORIENTED_EDGE('',*,*,#3392,.F.);
#4513=ORIENTED_EDGE('',*,*,#3222,.F.);
#4514=ORIENTED_EDGE('',*,*,#3393,.T.);
#4515=ORIENTED_EDGE('',*,*,#3394,.T.);
#4516=ORIENTED_EDGE('',*,*,#3223,.T.);
#4517=ORIENTED_EDGE('',*,*,#3392,.T.);
#4518=ORIENTED_EDGE('',*,*,#3257,.T.);
#4519=ORIENTED_EDGE('',*,*,#3395,.T.);
#4520=ORIENTED_EDGE('',*,*,#3393,.F.);
#4521=ORIENTED_EDGE('',*,*,#3391,.F.);
#4522=ORIENTED_EDGE('',*,*,#3256,.T.);
#4523=ORIENTED_EDGE('',*,*,#3224,.T.);
#4524=ORIENTED_EDGE('',*,*,#3394,.F.);
#4525=ORIENTED_EDGE('',*,*,#3395,.F.);
#4526=ORIENTED_EDGE('',*,*,#3286,.T.);
#4527=ORIENTED_EDGE('',*,*,#3396,.T.);
#4528=ORIENTED_EDGE('',*,*,#3208,.F.);
#4529=ORIENTED_EDGE('',*,*,#3209,.F.);
#4530=ORIENTED_EDGE('',*,*,#3396,.F.);
#4531=ORIENTED_EDGE('',*,*,#3287,.T.);
#4532=ORIENTED_EDGE('',*,*,#3288,.T.);
#4533=ORIENTED_EDGE('',*,*,#3397,.T.);
#4534=ORIENTED_EDGE('',*,*,#3210,.F.);
#4535=ORIENTED_EDGE('',*,*,#3211,.F.);
#4536=ORIENTED_EDGE('',*,*,#3397,.F.);
#4537=ORIENTED_EDGE('',*,*,#3289,.T.);
#4538=ORIENTED_EDGE('',*,*,#3290,.T.);
#4539=ORIENTED_EDGE('',*,*,#3398,.T.);
#4540=ORIENTED_EDGE('',*,*,#3212,.F.);
#4541=ORIENTED_EDGE('',*,*,#3213,.F.);
#4542=ORIENTED_EDGE('',*,*,#3398,.F.);
#4543=ORIENTED_EDGE('',*,*,#3291,.T.);
#4544=ORIENTED_EDGE('',*,*,#3292,.T.);
#4545=ORIENTED_EDGE('',*,*,#3399,.T.);
#4546=ORIENTED_EDGE('',*,*,#3214,.F.);
#4547=ORIENTED_EDGE('',*,*,#3215,.F.);
#4548=ORIENTED_EDGE('',*,*,#3399,.F.);
#4549=ORIENTED_EDGE('',*,*,#3293,.T.);
#4550=ORIENTED_EDGE('',*,*,#3400,.T.);
#4551=ORIENTED_EDGE('',*,*,#3401,.T.);
#4552=ORIENTED_EDGE('',*,*,#3402,.F.);
#4553=ORIENTED_EDGE('',*,*,#3403,.F.);
#4554=ORIENTED_EDGE('',*,*,#3404,.T.);
#4555=ORIENTED_EDGE('',*,*,#3403,.T.);
#4556=ORIENTED_EDGE('',*,*,#3405,.F.);
#4557=ORIENTED_EDGE('',*,*,#3406,.F.);
#4558=ORIENTED_EDGE('',*,*,#3407,.T.);
#4559=ORIENTED_EDGE('',*,*,#3406,.T.);
#4560=ORIENTED_EDGE('',*,*,#3408,.F.);
#4561=ORIENTED_EDGE('',*,*,#3409,.F.);
#4562=ORIENTED_EDGE('',*,*,#3410,.T.);
#4563=ORIENTED_EDGE('',*,*,#3409,.T.);
#4564=ORIENTED_EDGE('',*,*,#3411,.F.);
#4565=ORIENTED_EDGE('',*,*,#3401,.F.);
#4566=ORIENTED_EDGE('',*,*,#3411,.T.);
#4567=ORIENTED_EDGE('',*,*,#3408,.T.);
#4568=ORIENTED_EDGE('',*,*,#3405,.T.);
#4569=ORIENTED_EDGE('',*,*,#3402,.T.);
#4570=ORIENTED_EDGE('',*,*,#3410,.F.);
#4571=ORIENTED_EDGE('',*,*,#3400,.F.);
#4572=ORIENTED_EDGE('',*,*,#3404,.F.);
#4573=ORIENTED_EDGE('',*,*,#3407,.F.);
#4574=ORIENTED_EDGE('',*,*,#3412,.T.);
#4575=ORIENTED_EDGE('',*,*,#3413,.T.);
#4576=ORIENTED_EDGE('',*,*,#3414,.T.);
#4577=ORIENTED_EDGE('',*,*,#3415,.T.);
#4578=ORIENTED_EDGE('',*,*,#3414,.F.);
#4579=ORIENTED_EDGE('',*,*,#3416,.F.);
#4580=ORIENTED_EDGE('',*,*,#3417,.F.);
#4581=ORIENTED_EDGE('',*,*,#3418,.T.);
#4582=ORIENTED_EDGE('',*,*,#3419,.T.);
#4583=ORIENTED_EDGE('',*,*,#3413,.F.);
#4584=ORIENTED_EDGE('',*,*,#3420,.T.);
#4585=ORIENTED_EDGE('',*,*,#3421,.T.);
#4586=ORIENTED_EDGE('',*,*,#3422,.T.);
#4587=ORIENTED_EDGE('',*,*,#3423,.F.);
#4588=ORIENTED_EDGE('',*,*,#3424,.F.);
#4589=ORIENTED_EDGE('',*,*,#3425,.F.);
#4590=ORIENTED_EDGE('',*,*,#3426,.F.);
#4591=ORIENTED_EDGE('',*,*,#3427,.F.);
#4592=ORIENTED_EDGE('',*,*,#3428,.T.);
#4593=ORIENTED_EDGE('',*,*,#3429,.T.);
#4594=ORIENTED_EDGE('',*,*,#3416,.T.);
#4595=ORIENTED_EDGE('',*,*,#3430,.T.);
#4596=ORIENTED_EDGE('',*,*,#3431,.T.);
#4597=ORIENTED_EDGE('',*,*,#3432,.T.);
#4598=ORIENTED_EDGE('',*,*,#3433,.T.);
#4599=ORIENTED_EDGE('',*,*,#3434,.T.);
#4600=ORIENTED_EDGE('',*,*,#3435,.T.);
#4601=ORIENTED_EDGE('',*,*,#3436,.T.);
#4602=ORIENTED_EDGE('',*,*,#3423,.T.);
#4603=ORIENTED_EDGE('',*,*,#3437,.T.);
#4604=ORIENTED_EDGE('',*,*,#3438,.T.);
#4605=ORIENTED_EDGE('',*,*,#3439,.T.);
#4606=ORIENTED_EDGE('',*,*,#3424,.T.);
#4607=ORIENTED_EDGE('',*,*,#3437,.F.);
#4608=ORIENTED_EDGE('',*,*,#3436,.F.);
#4609=ORIENTED_EDGE('',*,*,#3440,.T.);
#4610=ORIENTED_EDGE('',*,*,#3441,.T.);
#4611=ORIENTED_EDGE('',*,*,#3442,.T.);
#4612=ORIENTED_EDGE('',*,*,#3443,.T.);
#4613=ORIENTED_EDGE('',*,*,#3425,.T.);
#4614=ORIENTED_EDGE('',*,*,#3441,.F.);
#4615=ORIENTED_EDGE('',*,*,#3439,.F.);
#4616=ORIENTED_EDGE('',*,*,#3444,.T.);
#4617=ORIENTED_EDGE('',*,*,#3445,.T.);
#4618=ORIENTED_EDGE('',*,*,#3446,.T.);
#4619=ORIENTED_EDGE('',*,*,#3447,.T.);
#4620=ORIENTED_EDGE('',*,*,#3426,.T.);
#4621=ORIENTED_EDGE('',*,*,#3445,.F.);
#4622=ORIENTED_EDGE('',*,*,#3443,.F.);
#4623=ORIENTED_EDGE('',*,*,#3448,.T.);
#4624=ORIENTED_EDGE('',*,*,#3449,.T.);
#4625=ORIENTED_EDGE('',*,*,#3427,.T.);
#4626=ORIENTED_EDGE('',*,*,#3450,.T.);
#4627=ORIENTED_EDGE('',*,*,#3451,.T.);
#4628=ORIENTED_EDGE('',*,*,#3450,.F.);
#4629=ORIENTED_EDGE('',*,*,#3447,.F.);
#4630=ORIENTED_EDGE('',*,*,#3452,.T.);
#4631=ORIENTED_EDGE('',*,*,#3435,.F.);
#4632=ORIENTED_EDGE('',*,*,#3453,.F.);
#4633=ORIENTED_EDGE('',*,*,#3454,.T.);
#4634=ORIENTED_EDGE('',*,*,#3455,.T.);
#4635=ORIENTED_EDGE('',*,*,#3434,.F.);
#4636=ORIENTED_EDGE('',*,*,#3422,.F.);
#4637=ORIENTED_EDGE('',*,*,#3456,.F.);
#4638=ORIENTED_EDGE('',*,*,#3457,.T.);
#4639=ORIENTED_EDGE('',*,*,#3453,.T.);
#4640=ORIENTED_EDGE('',*,*,#3449,.F.);
#4641=ORIENTED_EDGE('',*,*,#3458,.F.);
#4642=ORIENTED_EDGE('',*,*,#3459,.T.);
#4643=ORIENTED_EDGE('',*,*,#3460,.T.);
#4644=ORIENTED_EDGE('',*,*,#3428,.F.);
#4645=ORIENTED_EDGE('',*,*,#3430,.F.);
#4646=ORIENTED_EDGE('',*,*,#3461,.T.);
#4647=ORIENTED_EDGE('',*,*,#3462,.T.);
#4648=ORIENTED_EDGE('',*,*,#3463,.F.);
#4649=ORIENTED_EDGE('',*,*,#3433,.F.);
#4650=ORIENTED_EDGE('',*,*,#3464,.T.);
#4651=ORIENTED_EDGE('',*,*,#3465,.T.);
#4652=ORIENTED_EDGE('',*,*,#3461,.F.);
#4653=ORIENTED_EDGE('',*,*,#3432,.F.);
#4654=ORIENTED_EDGE('',*,*,#3466,.T.);
#4655=ORIENTED_EDGE('',*,*,#3467,.T.);
#4656=ORIENTED_EDGE('',*,*,#3464,.F.);
#4657=ORIENTED_EDGE('',*,*,#3431,.F.);
#4658=ORIENTED_EDGE('',*,*,#3463,.T.);
#4659=ORIENTED_EDGE('',*,*,#3468,.T.);
#4660=ORIENTED_EDGE('',*,*,#3466,.F.);
#4661=ORIENTED_EDGE('',*,*,#3468,.F.);
#4662=ORIENTED_EDGE('',*,*,#3462,.F.);
#4663=ORIENTED_EDGE('',*,*,#3465,.F.);
#4664=ORIENTED_EDGE('',*,*,#3467,.F.);
#4665=ORIENTED_EDGE('',*,*,#3438,.F.);
#4666=ORIENTED_EDGE('',*,*,#3469,.F.);
#4667=ORIENTED_EDGE('',*,*,#3470,.T.);
#4668=ORIENTED_EDGE('',*,*,#3471,.T.);
#4669=ORIENTED_EDGE('',*,*,#3440,.F.);
#4670=ORIENTED_EDGE('',*,*,#3455,.F.);
#4671=ORIENTED_EDGE('',*,*,#3472,.T.);
#4672=ORIENTED_EDGE('',*,*,#3469,.T.);
#4673=ORIENTED_EDGE('',*,*,#3473,.T.);
#4674=ORIENTED_EDGE('',*,*,#3456,.T.);
#4675=ORIENTED_EDGE('',*,*,#3421,.F.);
#4676=ORIENTED_EDGE('',*,*,#3474,.F.);
#4677=ORIENTED_EDGE('',*,*,#3412,.F.);
#4678=ORIENTED_EDGE('',*,*,#3475,.F.);
#4679=ORIENTED_EDGE('',*,*,#3476,.T.);
#4680=ORIENTED_EDGE('',*,*,#3474,.T.);
#4681=ORIENTED_EDGE('',*,*,#3420,.F.);
#4682=ORIENTED_EDGE('',*,*,#3415,.F.);
#4683=ORIENTED_EDGE('',*,*,#3419,.F.);
#4684=ORIENTED_EDGE('',*,*,#3477,.T.);
#4685=ORIENTED_EDGE('',*,*,#3475,.T.);
#4686=ORIENTED_EDGE('',*,*,#3478,.T.);
#4687=ORIENTED_EDGE('',*,*,#3417,.T.);
#4688=ORIENTED_EDGE('',*,*,#3429,.F.);
#4689=ORIENTED_EDGE('',*,*,#3460,.F.);
#4690=ORIENTED_EDGE('',*,*,#3451,.F.);
#4691=ORIENTED_EDGE('',*,*,#3479,.F.);
#4692=ORIENTED_EDGE('',*,*,#3480,.T.);
#4693=ORIENTED_EDGE('',*,*,#3458,.T.);
#4694=ORIENTED_EDGE('',*,*,#3452,.F.);
#4695=ORIENTED_EDGE('',*,*,#3481,.F.);
#4696=ORIENTED_EDGE('',*,*,#3482,.T.);
#4697=ORIENTED_EDGE('',*,*,#3479,.T.);
#4698=ORIENTED_EDGE('',*,*,#3446,.F.);
#4699=ORIENTED_EDGE('',*,*,#3483,.F.);
#4700=ORIENTED_EDGE('',*,*,#3484,.T.);
#4701=ORIENTED_EDGE('',*,*,#3481,.T.);
#4702=ORIENTED_EDGE('',*,*,#3448,.F.);
#4703=ORIENTED_EDGE('',*,*,#3485,.F.);
#4704=ORIENTED_EDGE('',*,*,#3486,.T.);
#4705=ORIENTED_EDGE('',*,*,#3483,.T.);
#4706=ORIENTED_EDGE('',*,*,#3442,.F.);
#4707=ORIENTED_EDGE('',*,*,#3487,.F.);
#4708=ORIENTED_EDGE('',*,*,#3488,.T.);
#4709=ORIENTED_EDGE('',*,*,#3485,.T.);
#4710=ORIENTED_EDGE('',*,*,#3444,.F.);
#4711=ORIENTED_EDGE('',*,*,#3471,.F.);
#4712=ORIENTED_EDGE('',*,*,#3489,.T.);
#4713=ORIENTED_EDGE('',*,*,#3487,.T.);
#4714=ORIENTED_EDGE('',*,*,#3489,.F.);
#4715=ORIENTED_EDGE('',*,*,#3470,.F.);
#4716=ORIENTED_EDGE('',*,*,#3472,.F.);
#4717=ORIENTED_EDGE('',*,*,#3454,.F.);
#4718=ORIENTED_EDGE('',*,*,#3457,.F.);
#4719=ORIENTED_EDGE('',*,*,#3473,.F.);
#4720=ORIENTED_EDGE('',*,*,#3476,.F.);
#4721=ORIENTED_EDGE('',*,*,#3477,.F.);
#4722=ORIENTED_EDGE('',*,*,#3418,.F.);
#4723=ORIENTED_EDGE('',*,*,#3478,.F.);
#4724=ORIENTED_EDGE('',*,*,#3459,.F.);
#4725=ORIENTED_EDGE('',*,*,#3480,.F.);
#4726=ORIENTED_EDGE('',*,*,#3482,.F.);
#4727=ORIENTED_EDGE('',*,*,#3484,.F.);
#4728=ORIENTED_EDGE('',*,*,#3486,.F.);
#4729=ORIENTED_EDGE('',*,*,#3488,.F.);
#4730=ORIENTED_EDGE('',*,*,#3490,.F.);
#4731=ORIENTED_EDGE('',*,*,#3491,.F.);
#4732=ORIENTED_EDGE('',*,*,#3492,.F.);
#4733=ORIENTED_EDGE('',*,*,#3493,.F.);
#4734=ORIENTED_EDGE('',*,*,#3494,.F.);
#4735=ORIENTED_EDGE('',*,*,#3495,.F.);
#4736=ORIENTED_EDGE('',*,*,#3496,.F.);
#4737=ORIENTED_EDGE('',*,*,#3497,.T.);
#4738=ORIENTED_EDGE('',*,*,#3498,.F.);
#4739=ORIENTED_EDGE('',*,*,#3499,.F.);
#4740=ORIENTED_EDGE('',*,*,#3500,.F.);
#4741=ORIENTED_EDGE('',*,*,#3501,.F.);
#4742=ORIENTED_EDGE('',*,*,#3502,.F.);
#4743=ORIENTED_EDGE('',*,*,#3503,.T.);
#4744=ORIENTED_EDGE('',*,*,#3504,.T.);
#4745=ORIENTED_EDGE('',*,*,#3493,.T.);
#4746=ORIENTED_EDGE('',*,*,#3505,.T.);
#4747=ORIENTED_EDGE('',*,*,#3506,.T.);
#4748=ORIENTED_EDGE('',*,*,#3507,.T.);
#4749=ORIENTED_EDGE('',*,*,#3508,.T.);
#4750=ORIENTED_EDGE('',*,*,#3509,.T.);
#4751=ORIENTED_EDGE('',*,*,#3510,.T.);
#4752=ORIENTED_EDGE('',*,*,#3511,.T.);
#4753=ORIENTED_EDGE('',*,*,#3512,.T.);
#4754=ORIENTED_EDGE('',*,*,#3513,.T.);
#4755=ORIENTED_EDGE('',*,*,#3514,.T.);
#4756=ORIENTED_EDGE('',*,*,#3515,.T.);
#4757=ORIENTED_EDGE('',*,*,#3516,.T.);
#4758=ORIENTED_EDGE('',*,*,#3517,.T.);
#4759=ORIENTED_EDGE('',*,*,#3518,.T.);
#4760=ORIENTED_EDGE('',*,*,#3519,.T.);
#4761=ORIENTED_EDGE('',*,*,#3520,.T.);
#4762=ORIENTED_EDGE('',*,*,#3521,.T.);
#4763=ORIENTED_EDGE('',*,*,#3522,.T.);
#4764=ORIENTED_EDGE('',*,*,#3523,.T.);
#4765=ORIENTED_EDGE('',*,*,#3524,.T.);
#4766=ORIENTED_EDGE('',*,*,#3525,.T.);
#4767=ORIENTED_EDGE('',*,*,#3526,.T.);
#4768=ORIENTED_EDGE('',*,*,#3527,.T.);
#4769=ORIENTED_EDGE('',*,*,#3528,.T.);
#4770=ORIENTED_EDGE('',*,*,#3529,.T.);
#4771=ORIENTED_EDGE('',*,*,#3530,.T.);
#4772=ORIENTED_EDGE('',*,*,#3531,.T.);
#4773=ORIENTED_EDGE('',*,*,#3532,.T.);
#4774=ORIENTED_EDGE('',*,*,#3533,.T.);
#4775=ORIENTED_EDGE('',*,*,#3534,.T.);
#4776=ORIENTED_EDGE('',*,*,#3535,.T.);
#4777=ORIENTED_EDGE('',*,*,#3536,.T.);
#4778=ORIENTED_EDGE('',*,*,#3537,.T.);
#4779=ORIENTED_EDGE('',*,*,#3538,.T.);
#4780=ORIENTED_EDGE('',*,*,#3539,.T.);
#4781=ORIENTED_EDGE('',*,*,#3540,.T.);
#4782=ORIENTED_EDGE('',*,*,#3541,.T.);
#4783=ORIENTED_EDGE('',*,*,#3542,.T.);
#4784=ORIENTED_EDGE('',*,*,#3543,.T.);
#4785=ORIENTED_EDGE('',*,*,#3544,.T.);
#4786=ORIENTED_EDGE('',*,*,#3545,.T.);
#4787=ORIENTED_EDGE('',*,*,#3546,.T.);
#4788=ORIENTED_EDGE('',*,*,#3547,.T.);
#4789=ORIENTED_EDGE('',*,*,#3548,.T.);
#4790=ORIENTED_EDGE('',*,*,#3549,.T.);
#4791=ORIENTED_EDGE('',*,*,#3550,.T.);
#4792=ORIENTED_EDGE('',*,*,#3551,.T.);
#4793=ORIENTED_EDGE('',*,*,#3552,.T.);
#4794=ORIENTED_EDGE('',*,*,#3553,.T.);
#4795=ORIENTED_EDGE('',*,*,#3554,.T.);
#4796=ORIENTED_EDGE('',*,*,#3555,.T.);
#4797=ORIENTED_EDGE('',*,*,#3556,.T.);
#4798=ORIENTED_EDGE('',*,*,#3557,.T.);
#4799=ORIENTED_EDGE('',*,*,#3558,.T.);
#4800=ORIENTED_EDGE('',*,*,#3559,.T.);
#4801=ORIENTED_EDGE('',*,*,#3560,.T.);
#4802=ORIENTED_EDGE('',*,*,#3561,.T.);
#4803=ORIENTED_EDGE('',*,*,#3562,.T.);
#4804=ORIENTED_EDGE('',*,*,#3563,.T.);
#4805=ORIENTED_EDGE('',*,*,#3564,.T.);
#4806=ORIENTED_EDGE('',*,*,#3565,.T.);
#4807=ORIENTED_EDGE('',*,*,#3566,.T.);
#4808=ORIENTED_EDGE('',*,*,#3567,.T.);
#4809=ORIENTED_EDGE('',*,*,#3568,.T.);
#4810=ORIENTED_EDGE('',*,*,#3569,.T.);
#4811=ORIENTED_EDGE('',*,*,#3570,.T.);
#4812=ORIENTED_EDGE('',*,*,#3571,.T.);
#4813=ORIENTED_EDGE('',*,*,#3572,.T.);
#4814=ORIENTED_EDGE('',*,*,#3573,.T.);
#4815=ORIENTED_EDGE('',*,*,#3574,.T.);
#4816=ORIENTED_EDGE('',*,*,#3575,.T.);
#4817=ORIENTED_EDGE('',*,*,#3576,.T.);
#4818=ORIENTED_EDGE('',*,*,#3577,.T.);
#4819=ORIENTED_EDGE('',*,*,#3578,.T.);
#4820=ORIENTED_EDGE('',*,*,#3579,.T.);
#4821=ORIENTED_EDGE('',*,*,#3580,.T.);
#4822=ORIENTED_EDGE('',*,*,#3581,.T.);
#4823=ORIENTED_EDGE('',*,*,#3582,.T.);
#4824=ORIENTED_EDGE('',*,*,#3583,.T.);
#4825=ORIENTED_EDGE('',*,*,#3584,.T.);
#4826=ORIENTED_EDGE('',*,*,#3585,.T.);
#4827=ORIENTED_EDGE('',*,*,#3586,.T.);
#4828=ORIENTED_EDGE('',*,*,#3587,.T.);
#4829=ORIENTED_EDGE('',*,*,#3588,.T.);
#4830=ORIENTED_EDGE('',*,*,#3589,.T.);
#4831=ORIENTED_EDGE('',*,*,#3590,.T.);
#4832=ORIENTED_EDGE('',*,*,#3591,.T.);
#4833=ORIENTED_EDGE('',*,*,#3592,.T.);
#4834=ORIENTED_EDGE('',*,*,#3593,.T.);
#4835=ORIENTED_EDGE('',*,*,#3594,.T.);
#4836=ORIENTED_EDGE('',*,*,#3595,.T.);
#4837=ORIENTED_EDGE('',*,*,#3596,.T.);
#4838=ORIENTED_EDGE('',*,*,#3597,.T.);
#4839=ORIENTED_EDGE('',*,*,#3598,.T.);
#4840=ORIENTED_EDGE('',*,*,#3599,.T.);
#4841=ORIENTED_EDGE('',*,*,#3600,.T.);
#4842=ORIENTED_EDGE('',*,*,#3601,.T.);
#4843=ORIENTED_EDGE('',*,*,#3602,.T.);
#4844=ORIENTED_EDGE('',*,*,#3603,.T.);
#4845=ORIENTED_EDGE('',*,*,#3604,.T.);
#4846=ORIENTED_EDGE('',*,*,#3605,.T.);
#4847=ORIENTED_EDGE('',*,*,#3606,.T.);
#4848=ORIENTED_EDGE('',*,*,#3607,.T.);
#4849=ORIENTED_EDGE('',*,*,#3608,.T.);
#4850=ORIENTED_EDGE('',*,*,#3609,.T.);
#4851=ORIENTED_EDGE('',*,*,#3610,.T.);
#4852=ORIENTED_EDGE('',*,*,#3611,.T.);
#4853=ORIENTED_EDGE('',*,*,#3612,.T.);
#4854=ORIENTED_EDGE('',*,*,#3613,.T.);
#4855=ORIENTED_EDGE('',*,*,#3614,.T.);
#4856=ORIENTED_EDGE('',*,*,#3615,.T.);
#4857=ORIENTED_EDGE('',*,*,#3616,.T.);
#4858=ORIENTED_EDGE('',*,*,#3617,.T.);
#4859=ORIENTED_EDGE('',*,*,#3618,.T.);
#4860=ORIENTED_EDGE('',*,*,#3619,.T.);
#4861=ORIENTED_EDGE('',*,*,#3620,.T.);
#4862=ORIENTED_EDGE('',*,*,#3621,.T.);
#4863=ORIENTED_EDGE('',*,*,#3622,.T.);
#4864=ORIENTED_EDGE('',*,*,#3623,.T.);
#4865=ORIENTED_EDGE('',*,*,#3624,.T.);
#4866=ORIENTED_EDGE('',*,*,#3625,.T.);
#4867=ORIENTED_EDGE('',*,*,#3626,.T.);
#4868=ORIENTED_EDGE('',*,*,#3627,.T.);
#4869=ORIENTED_EDGE('',*,*,#3628,.T.);
#4870=ORIENTED_EDGE('',*,*,#3629,.T.);
#4871=ORIENTED_EDGE('',*,*,#3630,.T.);
#4872=ORIENTED_EDGE('',*,*,#3631,.T.);
#4873=ORIENTED_EDGE('',*,*,#3632,.T.);
#4874=ORIENTED_EDGE('',*,*,#3633,.T.);
#4875=ORIENTED_EDGE('',*,*,#3634,.T.);
#4876=ORIENTED_EDGE('',*,*,#3635,.T.);
#4877=ORIENTED_EDGE('',*,*,#3636,.T.);
#4878=ORIENTED_EDGE('',*,*,#3637,.T.);
#4879=ORIENTED_EDGE('',*,*,#3638,.T.);
#4880=ORIENTED_EDGE('',*,*,#3639,.T.);
#4881=ORIENTED_EDGE('',*,*,#3640,.T.);
#4882=ORIENTED_EDGE('',*,*,#3641,.T.);
#4883=ORIENTED_EDGE('',*,*,#3642,.T.);
#4884=ORIENTED_EDGE('',*,*,#3643,.T.);
#4885=ORIENTED_EDGE('',*,*,#3644,.T.);
#4886=ORIENTED_EDGE('',*,*,#3645,.T.);
#4887=ORIENTED_EDGE('',*,*,#3646,.T.);
#4888=ORIENTED_EDGE('',*,*,#3647,.T.);
#4889=ORIENTED_EDGE('',*,*,#3648,.T.);
#4890=ORIENTED_EDGE('',*,*,#3649,.T.);
#4891=ORIENTED_EDGE('',*,*,#3650,.T.);
#4892=ORIENTED_EDGE('',*,*,#3651,.T.);
#4893=ORIENTED_EDGE('',*,*,#3652,.T.);
#4894=ORIENTED_EDGE('',*,*,#3653,.T.);
#4895=ORIENTED_EDGE('',*,*,#3654,.T.);
#4896=ORIENTED_EDGE('',*,*,#3655,.T.);
#4897=ORIENTED_EDGE('',*,*,#3656,.T.);
#4898=ORIENTED_EDGE('',*,*,#3657,.T.);
#4899=ORIENTED_EDGE('',*,*,#3658,.T.);
#4900=ORIENTED_EDGE('',*,*,#3659,.T.);
#4901=ORIENTED_EDGE('',*,*,#3660,.T.);
#4902=ORIENTED_EDGE('',*,*,#3661,.T.);
#4903=ORIENTED_EDGE('',*,*,#3662,.T.);
#4904=ORIENTED_EDGE('',*,*,#3663,.T.);
#4905=ORIENTED_EDGE('',*,*,#3664,.T.);
#4906=ORIENTED_EDGE('',*,*,#3665,.T.);
#4907=ORIENTED_EDGE('',*,*,#3666,.T.);
#4908=ORIENTED_EDGE('',*,*,#3667,.T.);
#4909=ORIENTED_EDGE('',*,*,#3668,.T.);
#4910=ORIENTED_EDGE('',*,*,#3669,.T.);
#4911=ORIENTED_EDGE('',*,*,#3670,.T.);
#4912=ORIENTED_EDGE('',*,*,#3671,.T.);
#4913=ORIENTED_EDGE('',*,*,#3672,.T.);
#4914=ORIENTED_EDGE('',*,*,#3673,.T.);
#4915=ORIENTED_EDGE('',*,*,#3674,.T.);
#4916=ORIENTED_EDGE('',*,*,#3675,.T.);
#4917=ORIENTED_EDGE('',*,*,#3676,.T.);
#4918=ORIENTED_EDGE('',*,*,#3677,.T.);
#4919=ORIENTED_EDGE('',*,*,#3678,.T.);
#4920=ORIENTED_EDGE('',*,*,#3679,.T.);
#4921=ORIENTED_EDGE('',*,*,#3680,.T.);
#4922=ORIENTED_EDGE('',*,*,#3681,.T.);
#4923=ORIENTED_EDGE('',*,*,#3682,.T.);
#4924=ORIENTED_EDGE('',*,*,#3683,.T.);
#4925=ORIENTED_EDGE('',*,*,#3684,.T.);
#4926=ORIENTED_EDGE('',*,*,#3685,.T.);
#4927=ORIENTED_EDGE('',*,*,#3490,.T.);
#4928=ORIENTED_EDGE('',*,*,#3686,.T.);
#4929=ORIENTED_EDGE('',*,*,#3687,.T.);
#4930=ORIENTED_EDGE('',*,*,#3688,.T.);
#4931=ORIENTED_EDGE('',*,*,#3689,.T.);
#4932=ORIENTED_EDGE('',*,*,#3690,.F.);
#4933=ORIENTED_EDGE('',*,*,#3691,.T.);
#4934=ORIENTED_EDGE('',*,*,#3683,.F.);
#4935=ORIENTED_EDGE('',*,*,#3692,.F.);
#4936=ORIENTED_EDGE('',*,*,#3693,.F.);
#4937=ORIENTED_EDGE('',*,*,#3694,.F.);
#4938=ORIENTED_EDGE('',*,*,#3695,.F.);
#4939=ORIENTED_EDGE('',*,*,#3696,.F.);
#4940=ORIENTED_EDGE('',*,*,#3697,.F.);
#4941=ORIENTED_EDGE('',*,*,#3698,.F.);
#4942=ORIENTED_EDGE('',*,*,#3699,.F.);
#4943=ORIENTED_EDGE('',*,*,#3700,.F.);
#4944=ORIENTED_EDGE('',*,*,#3682,.F.);
#4945=ORIENTED_EDGE('',*,*,#3701,.T.);
#4946=ORIENTED_EDGE('',*,*,#3702,.T.);
#4947=ORIENTED_EDGE('',*,*,#3692,.T.);
#4948=ORIENTED_EDGE('',*,*,#3502,.T.);
#4949=ORIENTED_EDGE('',*,*,#3492,.T.);
#4950=ORIENTED_EDGE('',*,*,#3703,.T.);
#4951=ORIENTED_EDGE('',*,*,#3704,.T.);
#4952=ORIENTED_EDGE('',*,*,#3690,.T.);
#4953=ORIENTED_EDGE('',*,*,#3705,.T.);
#4954=ORIENTED_EDGE('',*,*,#3706,.T.);
#4955=ORIENTED_EDGE('',*,*,#3707,.T.);
#4956=ORIENTED_EDGE('',*,*,#3708,.T.);
#4957=ORIENTED_EDGE('',*,*,#3709,.T.);
#4958=ORIENTED_EDGE('',*,*,#3710,.T.);
#4959=ORIENTED_EDGE('',*,*,#3711,.T.);
#4960=ORIENTED_EDGE('',*,*,#3712,.T.);
#4961=ORIENTED_EDGE('',*,*,#3713,.T.);
#4962=ORIENTED_EDGE('',*,*,#3714,.T.);
#4963=ORIENTED_EDGE('',*,*,#3715,.T.);
#4964=ORIENTED_EDGE('',*,*,#3716,.T.);
#4965=ORIENTED_EDGE('',*,*,#3717,.T.);
#4966=ORIENTED_EDGE('',*,*,#3718,.T.);
#4967=ORIENTED_EDGE('',*,*,#3719,.T.);
#4968=ORIENTED_EDGE('',*,*,#3719,.F.);
#4969=ORIENTED_EDGE('',*,*,#3720,.T.);
#4970=ORIENTED_EDGE('',*,*,#3506,.F.);
#4971=ORIENTED_EDGE('',*,*,#3721,.F.);
#4972=ORIENTED_EDGE('',*,*,#3722,.F.);
#4973=ORIENTED_EDGE('',*,*,#3723,.F.);
#4974=ORIENTED_EDGE('',*,*,#3724,.F.);
#4975=ORIENTED_EDGE('',*,*,#3725,.F.);
#4976=ORIENTED_EDGE('',*,*,#3726,.F.);
#4977=ORIENTED_EDGE('',*,*,#3727,.F.);
#4978=ORIENTED_EDGE('',*,*,#3728,.F.);
#4979=ORIENTED_EDGE('',*,*,#3503,.F.);
#4980=ORIENTED_EDGE('',*,*,#3729,.F.);
#4981=ORIENTED_EDGE('',*,*,#3500,.T.);
#4982=ORIENTED_EDGE('',*,*,#3730,.T.);
#4983=ORIENTED_EDGE('',*,*,#3722,.T.);
#4984=ORIENTED_EDGE('',*,*,#3705,.F.);
#4985=ORIENTED_EDGE('',*,*,#3700,.T.);
#4986=ORIENTED_EDGE('',*,*,#3731,.T.);
#4987=ORIENTED_EDGE('',*,*,#3732,.T.);
#4988=ORIENTED_EDGE('',*,*,#3505,.F.);
#4989=ORIENTED_EDGE('',*,*,#3501,.T.);
#4990=ORIENTED_EDGE('',*,*,#3729,.T.);
#4991=ORIENTED_EDGE('',*,*,#3721,.T.);
#4992=ORIENTED_EDGE('',*,*,#3731,.F.);
#4993=ORIENTED_EDGE('',*,*,#3699,.T.);
#4994=ORIENTED_EDGE('',*,*,#3733,.T.);
#4995=ORIENTED_EDGE('',*,*,#3734,.T.);
#4996=ORIENTED_EDGE('',*,*,#3681,.F.);
#4997=ORIENTED_EDGE('',*,*,#3735,.F.);
#4998=ORIENTED_EDGE('',*,*,#3706,.F.);
#4999=ORIENTED_EDGE('',*,*,#3732,.F.);
#5000=ORIENTED_EDGE('',*,*,#3734,.F.);
#5001=ORIENTED_EDGE('',*,*,#3736,.F.);
#5002=ORIENTED_EDGE('',*,*,#3737,.F.);
#5003=ORIENTED_EDGE('',*,*,#3738,.T.);
#5004=ORIENTED_EDGE('',*,*,#3739,.F.);
#5005=ORIENTED_EDGE('',*,*,#3740,.F.);
#5006=ORIENTED_EDGE('',*,*,#3741,.F.);
#5007=ORIENTED_EDGE('',*,*,#3701,.F.);
#5008=ORIENTED_EDGE('',*,*,#3733,.F.);
#5009=ORIENTED_EDGE('',*,*,#3698,.T.);
#5010=ORIENTED_EDGE('',*,*,#3742,.T.);
#5011=ORIENTED_EDGE('',*,*,#3736,.T.);
#5012=ORIENTED_EDGE('',*,*,#3702,.F.);
#5013=ORIENTED_EDGE('',*,*,#3741,.T.);
#5014=ORIENTED_EDGE('',*,*,#3743,.T.);
#5015=ORIENTED_EDGE('',*,*,#3693,.T.);
#5016=ORIENTED_EDGE('',*,*,#3730,.F.);
#5017=ORIENTED_EDGE('',*,*,#3499,.T.);
#5018=ORIENTED_EDGE('',*,*,#3744,.T.);
#5019=ORIENTED_EDGE('',*,*,#3723,.T.);
#5020=ORIENTED_EDGE('',*,*,#3504,.F.);
#5021=ORIENTED_EDGE('',*,*,#3728,.T.);
#5022=ORIENTED_EDGE('',*,*,#3745,.T.);
#5023=ORIENTED_EDGE('',*,*,#3494,.T.);
#5024=ORIENTED_EDGE('',*,*,#3742,.F.);
#5025=ORIENTED_EDGE('',*,*,#3697,.T.);
#5026=ORIENTED_EDGE('',*,*,#3746,.T.);
#5027=ORIENTED_EDGE('',*,*,#3737,.T.);
#5028=ORIENTED_EDGE('',*,*,#3743,.F.);
#5029=ORIENTED_EDGE('',*,*,#3740,.T.);
#5030=ORIENTED_EDGE('',*,*,#3747,.T.);
#5031=ORIENTED_EDGE('',*,*,#3694,.T.);
#5032=ORIENTED_EDGE('',*,*,#3748,.F.);
#5033=ORIENTED_EDGE('',*,*,#3726,.T.);
#5034=ORIENTED_EDGE('',*,*,#3749,.T.);
#5035=ORIENTED_EDGE('',*,*,#3496,.T.);
#5036=ORIENTED_EDGE('',*,*,#3747,.F.);
#5037=ORIENTED_EDGE('',*,*,#3739,.T.);
#5038=ORIENTED_EDGE('',*,*,#3750,.T.);
#5039=ORIENTED_EDGE('',*,*,#3695,.T.);
#5040=ORIENTED_EDGE('',*,*,#3686,.F.);
#5041=ORIENTED_EDGE('',*,*,#3751,.T.);
#5042=ORIENTED_EDGE('',*,*,#3752,.F.);
#5043=ORIENTED_EDGE('',*,*,#3753,.F.);
#5044=ORIENTED_EDGE('',*,*,#3687,.F.);
#5045=ORIENTED_EDGE('',*,*,#3753,.T.);
#5046=ORIENTED_EDGE('',*,*,#3754,.F.);
#5047=ORIENTED_EDGE('',*,*,#3755,.F.);
#5048=ORIENTED_EDGE('',*,*,#3688,.F.);
#5049=ORIENTED_EDGE('',*,*,#3755,.T.);
#5050=ORIENTED_EDGE('',*,*,#3756,.F.);
#5051=ORIENTED_EDGE('',*,*,#3757,.F.);
#5052=ORIENTED_EDGE('',*,*,#3689,.F.);
#5053=ORIENTED_EDGE('',*,*,#3757,.T.);
#5054=ORIENTED_EDGE('',*,*,#3758,.F.);
#5055=ORIENTED_EDGE('',*,*,#3751,.F.);
#5056=ORIENTED_EDGE('',*,*,#3758,.T.);
#5057=ORIENTED_EDGE('',*,*,#3756,.T.);
#5058=ORIENTED_EDGE('',*,*,#3754,.T.);
#5059=ORIENTED_EDGE('',*,*,#3752,.T.);
#5060=ORIENTED_EDGE('',*,*,#3759,.T.);
#5061=ORIENTED_EDGE('',*,*,#3760,.F.);
#5062=ORIENTED_EDGE('',*,*,#3761,.F.);
#5063=ORIENTED_EDGE('',*,*,#3762,.F.);
#5064=ORIENTED_EDGE('',*,*,#3763,.T.);
#5065=ORIENTED_EDGE('',*,*,#3764,.F.);
#5066=ORIENTED_EDGE('',*,*,#3765,.F.);
#5067=ORIENTED_EDGE('',*,*,#3766,.F.);
#5068=ORIENTED_EDGE('',*,*,#3767,.T.);
#5069=ORIENTED_EDGE('',*,*,#3768,.F.);
#5070=ORIENTED_EDGE('',*,*,#3769,.F.);
#5071=ORIENTED_EDGE('',*,*,#3770,.F.);
#5072=ORIENTED_EDGE('',*,*,#3771,.T.);
#5073=ORIENTED_EDGE('',*,*,#3772,.F.);
#5074=ORIENTED_EDGE('',*,*,#3773,.F.);
#5075=ORIENTED_EDGE('',*,*,#3774,.F.);
#5076=ORIENTED_EDGE('',*,*,#3775,.T.);
#5077=ORIENTED_EDGE('',*,*,#3776,.F.);
#5078=ORIENTED_EDGE('',*,*,#3777,.F.);
#5079=ORIENTED_EDGE('',*,*,#3778,.F.);
#5080=ORIENTED_EDGE('',*,*,#3779,.T.);
#5081=ORIENTED_EDGE('',*,*,#3780,.F.);
#5082=ORIENTED_EDGE('',*,*,#3781,.F.);
#5083=ORIENTED_EDGE('',*,*,#3782,.F.);
#5084=ORIENTED_EDGE('',*,*,#3783,.T.);
#5085=ORIENTED_EDGE('',*,*,#3784,.F.);
#5086=ORIENTED_EDGE('',*,*,#3785,.F.);
#5087=ORIENTED_EDGE('',*,*,#3786,.F.);
#5088=ORIENTED_EDGE('',*,*,#3787,.T.);
#5089=ORIENTED_EDGE('',*,*,#3788,.F.);
#5090=ORIENTED_EDGE('',*,*,#3789,.F.);
#5091=ORIENTED_EDGE('',*,*,#3790,.F.);
#5092=ORIENTED_EDGE('',*,*,#3791,.T.);
#5093=ORIENTED_EDGE('',*,*,#3792,.F.);
#5094=ORIENTED_EDGE('',*,*,#3793,.F.);
#5095=ORIENTED_EDGE('',*,*,#3794,.F.);
#5096=ORIENTED_EDGE('',*,*,#3795,.T.);
#5097=ORIENTED_EDGE('',*,*,#3796,.F.);
#5098=ORIENTED_EDGE('',*,*,#3797,.F.);
#5099=ORIENTED_EDGE('',*,*,#3798,.F.);
#5100=ORIENTED_EDGE('',*,*,#3799,.T.);
#5101=ORIENTED_EDGE('',*,*,#3800,.F.);
#5102=ORIENTED_EDGE('',*,*,#3801,.F.);
#5103=ORIENTED_EDGE('',*,*,#3802,.F.);
#5104=ORIENTED_EDGE('',*,*,#3803,.T.);
#5105=ORIENTED_EDGE('',*,*,#3804,.F.);
#5106=ORIENTED_EDGE('',*,*,#3805,.F.);
#5107=ORIENTED_EDGE('',*,*,#3806,.F.);
#5108=ORIENTED_EDGE('',*,*,#3807,.T.);
#5109=ORIENTED_EDGE('',*,*,#3808,.F.);
#5110=ORIENTED_EDGE('',*,*,#3809,.F.);
#5111=ORIENTED_EDGE('',*,*,#3810,.F.);
#5112=ORIENTED_EDGE('',*,*,#3811,.T.);
#5113=ORIENTED_EDGE('',*,*,#3812,.F.);
#5114=ORIENTED_EDGE('',*,*,#3813,.F.);
#5115=ORIENTED_EDGE('',*,*,#3814,.F.);
#5116=ORIENTED_EDGE('',*,*,#3815,.T.);
#5117=ORIENTED_EDGE('',*,*,#3816,.F.);
#5118=ORIENTED_EDGE('',*,*,#3817,.F.);
#5119=ORIENTED_EDGE('',*,*,#3818,.F.);
#5120=ORIENTED_EDGE('',*,*,#3819,.T.);
#5121=ORIENTED_EDGE('',*,*,#3820,.F.);
#5122=ORIENTED_EDGE('',*,*,#3821,.F.);
#5123=ORIENTED_EDGE('',*,*,#3822,.F.);
#5124=ORIENTED_EDGE('',*,*,#3823,.T.);
#5125=ORIENTED_EDGE('',*,*,#3824,.F.);
#5126=ORIENTED_EDGE('',*,*,#3825,.F.);
#5127=ORIENTED_EDGE('',*,*,#3826,.F.);
#5128=ORIENTED_EDGE('',*,*,#3827,.T.);
#5129=ORIENTED_EDGE('',*,*,#3828,.F.);
#5130=ORIENTED_EDGE('',*,*,#3829,.F.);
#5131=ORIENTED_EDGE('',*,*,#3830,.F.);
#5132=ORIENTED_EDGE('',*,*,#3831,.T.);
#5133=ORIENTED_EDGE('',*,*,#3832,.F.);
#5134=ORIENTED_EDGE('',*,*,#3833,.F.);
#5135=ORIENTED_EDGE('',*,*,#3834,.F.);
#5136=ORIENTED_EDGE('',*,*,#3835,.F.);
#5137=ORIENTED_EDGE('',*,*,#3836,.T.);
#5138=ORIENTED_EDGE('',*,*,#3837,.F.);
#5139=ORIENTED_EDGE('',*,*,#3838,.F.);
#5140=ORIENTED_EDGE('',*,*,#3839,.T.);
#5141=ORIENTED_EDGE('',*,*,#3840,.F.);
#5142=ORIENTED_EDGE('',*,*,#3841,.F.);
#5143=ORIENTED_EDGE('',*,*,#3842,.F.);
#5144=ORIENTED_EDGE('',*,*,#3843,.T.);
#5145=ORIENTED_EDGE('',*,*,#3844,.F.);
#5146=ORIENTED_EDGE('',*,*,#3845,.F.);
#5147=ORIENTED_EDGE('',*,*,#3846,.F.);
#5148=ORIENTED_EDGE('',*,*,#3847,.T.);
#5149=ORIENTED_EDGE('',*,*,#3848,.F.);
#5150=ORIENTED_EDGE('',*,*,#3849,.F.);
#5151=ORIENTED_EDGE('',*,*,#3850,.F.);
#5152=ORIENTED_EDGE('',*,*,#3851,.T.);
#5153=ORIENTED_EDGE('',*,*,#3852,.F.);
#5154=ORIENTED_EDGE('',*,*,#3853,.F.);
#5155=ORIENTED_EDGE('',*,*,#3854,.F.);
#5156=ORIENTED_EDGE('',*,*,#3855,.T.);
#5157=ORIENTED_EDGE('',*,*,#3856,.F.);
#5158=ORIENTED_EDGE('',*,*,#3857,.F.);
#5159=ORIENTED_EDGE('',*,*,#3858,.F.);
#5160=ORIENTED_EDGE('',*,*,#3859,.T.);
#5161=ORIENTED_EDGE('',*,*,#3860,.F.);
#5162=ORIENTED_EDGE('',*,*,#3861,.F.);
#5163=ORIENTED_EDGE('',*,*,#3862,.F.);
#5164=ORIENTED_EDGE('',*,*,#3863,.T.);
#5165=ORIENTED_EDGE('',*,*,#3864,.F.);
#5166=ORIENTED_EDGE('',*,*,#3865,.F.);
#5167=ORIENTED_EDGE('',*,*,#3866,.F.);
#5168=ORIENTED_EDGE('',*,*,#3867,.T.);
#5169=ORIENTED_EDGE('',*,*,#3868,.F.);
#5170=ORIENTED_EDGE('',*,*,#3869,.F.);
#5171=ORIENTED_EDGE('',*,*,#3870,.F.);
#5172=ORIENTED_EDGE('',*,*,#3871,.T.);
#5173=ORIENTED_EDGE('',*,*,#3872,.F.);
#5174=ORIENTED_EDGE('',*,*,#3873,.F.);
#5175=ORIENTED_EDGE('',*,*,#3874,.F.);
#5176=ORIENTED_EDGE('',*,*,#3875,.T.);
#5177=ORIENTED_EDGE('',*,*,#3876,.F.);
#5178=ORIENTED_EDGE('',*,*,#3877,.F.);
#5179=ORIENTED_EDGE('',*,*,#3878,.F.);
#5180=ORIENTED_EDGE('',*,*,#3879,.T.);
#5181=ORIENTED_EDGE('',*,*,#3880,.F.);
#5182=ORIENTED_EDGE('',*,*,#3881,.F.);
#5183=ORIENTED_EDGE('',*,*,#3882,.F.);
#5184=ORIENTED_EDGE('',*,*,#3883,.T.);
#5185=ORIENTED_EDGE('',*,*,#3884,.F.);
#5186=ORIENTED_EDGE('',*,*,#3885,.F.);
#5187=ORIENTED_EDGE('',*,*,#3886,.F.);
#5188=ORIENTED_EDGE('',*,*,#3887,.T.);
#5189=ORIENTED_EDGE('',*,*,#3888,.F.);
#5190=ORIENTED_EDGE('',*,*,#3889,.F.);
#5191=ORIENTED_EDGE('',*,*,#3890,.F.);
#5192=ORIENTED_EDGE('',*,*,#3891,.T.);
#5193=ORIENTED_EDGE('',*,*,#3892,.F.);
#5194=ORIENTED_EDGE('',*,*,#3893,.F.);
#5195=ORIENTED_EDGE('',*,*,#3894,.F.);
#5196=ORIENTED_EDGE('',*,*,#3895,.T.);
#5197=ORIENTED_EDGE('',*,*,#3896,.F.);
#5198=ORIENTED_EDGE('',*,*,#3897,.F.);
#5199=ORIENTED_EDGE('',*,*,#3898,.F.);
#5200=ORIENTED_EDGE('',*,*,#3899,.T.);
#5201=ORIENTED_EDGE('',*,*,#3900,.F.);
#5202=ORIENTED_EDGE('',*,*,#3901,.F.);
#5203=ORIENTED_EDGE('',*,*,#3902,.F.);
#5204=ORIENTED_EDGE('',*,*,#3903,.T.);
#5205=ORIENTED_EDGE('',*,*,#3904,.F.);
#5206=ORIENTED_EDGE('',*,*,#3905,.F.);
#5207=ORIENTED_EDGE('',*,*,#3906,.F.);
#5208=ORIENTED_EDGE('',*,*,#3907,.T.);
#5209=ORIENTED_EDGE('',*,*,#3908,.F.);
#5210=ORIENTED_EDGE('',*,*,#3909,.F.);
#5211=ORIENTED_EDGE('',*,*,#3910,.F.);
#5212=ORIENTED_EDGE('',*,*,#3911,.T.);
#5213=ORIENTED_EDGE('',*,*,#3912,.F.);
#5214=ORIENTED_EDGE('',*,*,#3913,.F.);
#5215=ORIENTED_EDGE('',*,*,#3914,.F.);
#5216=ORIENTED_EDGE('',*,*,#3915,.T.);
#5217=ORIENTED_EDGE('',*,*,#3916,.F.);
#5218=ORIENTED_EDGE('',*,*,#3917,.F.);
#5219=ORIENTED_EDGE('',*,*,#3918,.F.);
#5220=ORIENTED_EDGE('',*,*,#3762,.T.);
#5221=ORIENTED_EDGE('',*,*,#3919,.F.);
#5222=ORIENTED_EDGE('',*,*,#3536,.F.);
#5223=ORIENTED_EDGE('',*,*,#3920,.F.);
#5224=ORIENTED_EDGE('',*,*,#3761,.T.);
#5225=ORIENTED_EDGE('',*,*,#3921,.F.);
#5226=ORIENTED_EDGE('',*,*,#3537,.F.);
#5227=ORIENTED_EDGE('',*,*,#3919,.T.);
#5228=ORIENTED_EDGE('',*,*,#3766,.T.);
#5229=ORIENTED_EDGE('',*,*,#3922,.F.);
#5230=ORIENTED_EDGE('',*,*,#3544,.F.);
#5231=ORIENTED_EDGE('',*,*,#3923,.F.);
#5232=ORIENTED_EDGE('',*,*,#3765,.T.);
#5233=ORIENTED_EDGE('',*,*,#3924,.F.);
#5234=ORIENTED_EDGE('',*,*,#3545,.F.);
#5235=ORIENTED_EDGE('',*,*,#3922,.T.);
#5236=ORIENTED_EDGE('',*,*,#3770,.T.);
#5237=ORIENTED_EDGE('',*,*,#3925,.F.);
#5238=ORIENTED_EDGE('',*,*,#3552,.F.);
#5239=ORIENTED_EDGE('',*,*,#3926,.F.);
#5240=ORIENTED_EDGE('',*,*,#3769,.T.);
#5241=ORIENTED_EDGE('',*,*,#3927,.F.);
#5242=ORIENTED_EDGE('',*,*,#3553,.F.);
#5243=ORIENTED_EDGE('',*,*,#3925,.T.);
#5244=ORIENTED_EDGE('',*,*,#3774,.T.);
#5245=ORIENTED_EDGE('',*,*,#3928,.F.);
#5246=ORIENTED_EDGE('',*,*,#3560,.F.);
#5247=ORIENTED_EDGE('',*,*,#3929,.F.);
#5248=ORIENTED_EDGE('',*,*,#3773,.T.);
#5249=ORIENTED_EDGE('',*,*,#3930,.F.);
#5250=ORIENTED_EDGE('',*,*,#3561,.F.);
#5251=ORIENTED_EDGE('',*,*,#3928,.T.);
#5252=ORIENTED_EDGE('',*,*,#3778,.T.);
#5253=ORIENTED_EDGE('',*,*,#3931,.F.);
#5254=ORIENTED_EDGE('',*,*,#3568,.F.);
#5255=ORIENTED_EDGE('',*,*,#3932,.F.);
#5256=ORIENTED_EDGE('',*,*,#3777,.T.);
#5257=ORIENTED_EDGE('',*,*,#3933,.F.);
#5258=ORIENTED_EDGE('',*,*,#3569,.F.);
#5259=ORIENTED_EDGE('',*,*,#3931,.T.);
#5260=ORIENTED_EDGE('',*,*,#3782,.T.);
#5261=ORIENTED_EDGE('',*,*,#3934,.F.);
#5262=ORIENTED_EDGE('',*,*,#3576,.F.);
#5263=ORIENTED_EDGE('',*,*,#3935,.F.);
#5264=ORIENTED_EDGE('',*,*,#3781,.T.);
#5265=ORIENTED_EDGE('',*,*,#3936,.F.);
#5266=ORIENTED_EDGE('',*,*,#3577,.F.);
#5267=ORIENTED_EDGE('',*,*,#3934,.T.);
#5268=ORIENTED_EDGE('',*,*,#3786,.T.);
#5269=ORIENTED_EDGE('',*,*,#3937,.F.);
#5270=ORIENTED_EDGE('',*,*,#3584,.F.);
#5271=ORIENTED_EDGE('',*,*,#3938,.F.);
#5272=ORIENTED_EDGE('',*,*,#3785,.T.);
#5273=ORIENTED_EDGE('',*,*,#3939,.F.);
#5274=ORIENTED_EDGE('',*,*,#3585,.F.);
#5275=ORIENTED_EDGE('',*,*,#3937,.T.);
#5276=ORIENTED_EDGE('',*,*,#3790,.T.);
#5277=ORIENTED_EDGE('',*,*,#3940,.F.);
#5278=ORIENTED_EDGE('',*,*,#3592,.F.);
#5279=ORIENTED_EDGE('',*,*,#3941,.F.);
#5280=ORIENTED_EDGE('',*,*,#3789,.T.);
#5281=ORIENTED_EDGE('',*,*,#3942,.F.);
#5282=ORIENTED_EDGE('',*,*,#3593,.F.);
#5283=ORIENTED_EDGE('',*,*,#3940,.T.);
#5284=ORIENTED_EDGE('',*,*,#3794,.T.);
#5285=ORIENTED_EDGE('',*,*,#3943,.F.);
#5286=ORIENTED_EDGE('',*,*,#3600,.F.);
#5287=ORIENTED_EDGE('',*,*,#3944,.F.);
#5288=ORIENTED_EDGE('',*,*,#3793,.T.);
#5289=ORIENTED_EDGE('',*,*,#3945,.F.);
#5290=ORIENTED_EDGE('',*,*,#3601,.F.);
#5291=ORIENTED_EDGE('',*,*,#3943,.T.);
#5292=ORIENTED_EDGE('',*,*,#3798,.T.);
#5293=ORIENTED_EDGE('',*,*,#3946,.F.);
#5294=ORIENTED_EDGE('',*,*,#3608,.F.);
#5295=ORIENTED_EDGE('',*,*,#3947,.F.);
#5296=ORIENTED_EDGE('',*,*,#3797,.T.);
#5297=ORIENTED_EDGE('',*,*,#3948,.F.);
#5298=ORIENTED_EDGE('',*,*,#3609,.F.);
#5299=ORIENTED_EDGE('',*,*,#3946,.T.);
#5300=ORIENTED_EDGE('',*,*,#3802,.T.);
#5301=ORIENTED_EDGE('',*,*,#3949,.F.);
#5302=ORIENTED_EDGE('',*,*,#3616,.F.);
#5303=ORIENTED_EDGE('',*,*,#3950,.F.);
#5304=ORIENTED_EDGE('',*,*,#3801,.T.);
#5305=ORIENTED_EDGE('',*,*,#3951,.F.);
#5306=ORIENTED_EDGE('',*,*,#3617,.F.);
#5307=ORIENTED_EDGE('',*,*,#3949,.T.);
#5308=ORIENTED_EDGE('',*,*,#3806,.T.);
#5309=ORIENTED_EDGE('',*,*,#3952,.F.);
#5310=ORIENTED_EDGE('',*,*,#3624,.F.);
#5311=ORIENTED_EDGE('',*,*,#3953,.F.);
#5312=ORIENTED_EDGE('',*,*,#3805,.T.);
#5313=ORIENTED_EDGE('',*,*,#3954,.F.);
#5314=ORIENTED_EDGE('',*,*,#3625,.F.);
#5315=ORIENTED_EDGE('',*,*,#3952,.T.);
#5316=ORIENTED_EDGE('',*,*,#3810,.T.);
#5317=ORIENTED_EDGE('',*,*,#3955,.F.);
#5318=ORIENTED_EDGE('',*,*,#3632,.F.);
#5319=ORIENTED_EDGE('',*,*,#3956,.F.);
#5320=ORIENTED_EDGE('',*,*,#3809,.T.);
#5321=ORIENTED_EDGE('',*,*,#3957,.F.);
#5322=ORIENTED_EDGE('',*,*,#3633,.F.);
#5323=ORIENTED_EDGE('',*,*,#3955,.T.);
#5324=ORIENTED_EDGE('',*,*,#3814,.T.);
#5325=ORIENTED_EDGE('',*,*,#3958,.F.);
#5326=ORIENTED_EDGE('',*,*,#3640,.F.);
#5327=ORIENTED_EDGE('',*,*,#3959,.F.);
#5328=ORIENTED_EDGE('',*,*,#3813,.T.);
#5329=ORIENTED_EDGE('',*,*,#3960,.F.);
#5330=ORIENTED_EDGE('',*,*,#3641,.F.);
#5331=ORIENTED_EDGE('',*,*,#3958,.T.);
#5332=ORIENTED_EDGE('',*,*,#3818,.T.);
#5333=ORIENTED_EDGE('',*,*,#3961,.F.);
#5334=ORIENTED_EDGE('',*,*,#3648,.F.);
#5335=ORIENTED_EDGE('',*,*,#3962,.F.);
#5336=ORIENTED_EDGE('',*,*,#3817,.T.);
#5337=ORIENTED_EDGE('',*,*,#3963,.F.);
#5338=ORIENTED_EDGE('',*,*,#3649,.F.);
#5339=ORIENTED_EDGE('',*,*,#3961,.T.);
#5340=ORIENTED_EDGE('',*,*,#3822,.T.);
#5341=ORIENTED_EDGE('',*,*,#3964,.F.);
#5342=ORIENTED_EDGE('',*,*,#3656,.F.);
#5343=ORIENTED_EDGE('',*,*,#3965,.F.);
#5344=ORIENTED_EDGE('',*,*,#3821,.T.);
#5345=ORIENTED_EDGE('',*,*,#3966,.F.);
#5346=ORIENTED_EDGE('',*,*,#3657,.F.);
#5347=ORIENTED_EDGE('',*,*,#3964,.T.);
#5348=ORIENTED_EDGE('',*,*,#3826,.T.);
#5349=ORIENTED_EDGE('',*,*,#3967,.F.);
#5350=ORIENTED_EDGE('',*,*,#3664,.F.);
#5351=ORIENTED_EDGE('',*,*,#3968,.F.);
#5352=ORIENTED_EDGE('',*,*,#3825,.T.);
#5353=ORIENTED_EDGE('',*,*,#3969,.F.);
#5354=ORIENTED_EDGE('',*,*,#3665,.F.);
#5355=ORIENTED_EDGE('',*,*,#3967,.T.);
#5356=ORIENTED_EDGE('',*,*,#3830,.T.);
#5357=ORIENTED_EDGE('',*,*,#3970,.F.);
#5358=ORIENTED_EDGE('',*,*,#3672,.F.);
#5359=ORIENTED_EDGE('',*,*,#3971,.F.);
#5360=ORIENTED_EDGE('',*,*,#3829,.T.);
#5361=ORIENTED_EDGE('',*,*,#3972,.F.);
#5362=ORIENTED_EDGE('',*,*,#3673,.F.);
#5363=ORIENTED_EDGE('',*,*,#3970,.T.);
#5364=ORIENTED_EDGE('',*,*,#3834,.T.);
#5365=ORIENTED_EDGE('',*,*,#3973,.F.);
#5366=ORIENTED_EDGE('',*,*,#3524,.F.);
#5367=ORIENTED_EDGE('',*,*,#3974,.F.);
#5368=ORIENTED_EDGE('',*,*,#3833,.T.);
#5369=ORIENTED_EDGE('',*,*,#3975,.F.);
#5370=ORIENTED_EDGE('',*,*,#3525,.F.);
#5371=ORIENTED_EDGE('',*,*,#3973,.T.);
#5372=ORIENTED_EDGE('',*,*,#3837,.T.);
#5373=ORIENTED_EDGE('',*,*,#3976,.F.);
#5374=ORIENTED_EDGE('',*,*,#3518,.F.);
#5375=ORIENTED_EDGE('',*,*,#3977,.T.);
#5376=ORIENTED_EDGE('',*,*,#3842,.T.);
#5377=ORIENTED_EDGE('',*,*,#3978,.F.);
#5378=ORIENTED_EDGE('',*,*,#3520,.F.);
#5379=ORIENTED_EDGE('',*,*,#3979,.F.);
#5380=ORIENTED_EDGE('',*,*,#3841,.T.);
#5381=ORIENTED_EDGE('',*,*,#3980,.F.);
#5382=ORIENTED_EDGE('',*,*,#3521,.F.);
#5383=ORIENTED_EDGE('',*,*,#3978,.T.);
#5384=ORIENTED_EDGE('',*,*,#3846,.T.);
#5385=ORIENTED_EDGE('',*,*,#3981,.F.);
#5386=ORIENTED_EDGE('',*,*,#3528,.F.);
#5387=ORIENTED_EDGE('',*,*,#3982,.F.);
#5388=ORIENTED_EDGE('',*,*,#3845,.T.);
#5389=ORIENTED_EDGE('',*,*,#3983,.F.);
#5390=ORIENTED_EDGE('',*,*,#3529,.F.);
#5391=ORIENTED_EDGE('',*,*,#3981,.T.);
#5392=ORIENTED_EDGE('',*,*,#3850,.T.);
#5393=ORIENTED_EDGE('',*,*,#3984,.F.);
#5394=ORIENTED_EDGE('',*,*,#3668,.F.);
#5395=ORIENTED_EDGE('',*,*,#3985,.F.);
#5396=ORIENTED_EDGE('',*,*,#3849,.T.);
#5397=ORIENTED_EDGE('',*,*,#3986,.F.);
#5398=ORIENTED_EDGE('',*,*,#3669,.F.);
#5399=ORIENTED_EDGE('',*,*,#3984,.T.);
#5400=ORIENTED_EDGE('',*,*,#3854,.T.);
#5401=ORIENTED_EDGE('',*,*,#3987,.F.);
#5402=ORIENTED_EDGE('',*,*,#3660,.F.);
#5403=ORIENTED_EDGE('',*,*,#3988,.F.);
#5404=ORIENTED_EDGE('',*,*,#3853,.T.);
#5405=ORIENTED_EDGE('',*,*,#3989,.F.);
#5406=ORIENTED_EDGE('',*,*,#3661,.F.);
#5407=ORIENTED_EDGE('',*,*,#3987,.T.);
#5408=ORIENTED_EDGE('',*,*,#3858,.T.);
#5409=ORIENTED_EDGE('',*,*,#3990,.F.);
#5410=ORIENTED_EDGE('',*,*,#3652,.F.);
#5411=ORIENTED_EDGE('',*,*,#3991,.F.);
#5412=ORIENTED_EDGE('',*,*,#3857,.T.);
#5413=ORIENTED_EDGE('',*,*,#3992,.F.);
#5414=ORIENTED_EDGE('',*,*,#3653,.F.);
#5415=ORIENTED_EDGE('',*,*,#3990,.T.);
#5416=ORIENTED_EDGE('',*,*,#3862,.T.);
#5417=ORIENTED_EDGE('',*,*,#3993,.F.);
#5418=ORIENTED_EDGE('',*,*,#3644,.F.);
#5419=ORIENTED_EDGE('',*,*,#3994,.F.);
#5420=ORIENTED_EDGE('',*,*,#3861,.T.);
#5421=ORIENTED_EDGE('',*,*,#3995,.F.);
#5422=ORIENTED_EDGE('',*,*,#3645,.F.);
#5423=ORIENTED_EDGE('',*,*,#3993,.T.);
#5424=ORIENTED_EDGE('',*,*,#3866,.T.);
#5425=ORIENTED_EDGE('',*,*,#3996,.F.);
#5426=ORIENTED_EDGE('',*,*,#3636,.F.);
#5427=ORIENTED_EDGE('',*,*,#3997,.F.);
#5428=ORIENTED_EDGE('',*,*,#3865,.T.);
#5429=ORIENTED_EDGE('',*,*,#3998,.F.);
#5430=ORIENTED_EDGE('',*,*,#3637,.F.);
#5431=ORIENTED_EDGE('',*,*,#3996,.T.);
#5432=ORIENTED_EDGE('',*,*,#3870,.T.);
#5433=ORIENTED_EDGE('',*,*,#3999,.F.);
#5434=ORIENTED_EDGE('',*,*,#3628,.F.);
#5435=ORIENTED_EDGE('',*,*,#4000,.F.);
#5436=ORIENTED_EDGE('',*,*,#3869,.T.);
#5437=ORIENTED_EDGE('',*,*,#4001,.F.);
#5438=ORIENTED_EDGE('',*,*,#3629,.F.);
#5439=ORIENTED_EDGE('',*,*,#3999,.T.);
#5440=ORIENTED_EDGE('',*,*,#3874,.T.);
#5441=ORIENTED_EDGE('',*,*,#4002,.F.);
#5442=ORIENTED_EDGE('',*,*,#3620,.F.);
#5443=ORIENTED_EDGE('',*,*,#4003,.F.);
#5444=ORIENTED_EDGE('',*,*,#3873,.T.);
#5445=ORIENTED_EDGE('',*,*,#4004,.F.);
#5446=ORIENTED_EDGE('',*,*,#3621,.F.);
#5447=ORIENTED_EDGE('',*,*,#4002,.T.);
#5448=ORIENTED_EDGE('',*,*,#3878,.T.);
#5449=ORIENTED_EDGE('',*,*,#4005,.F.);
#5450=ORIENTED_EDGE('',*,*,#3612,.F.);
#5451=ORIENTED_EDGE('',*,*,#4006,.F.);
#5452=ORIENTED_EDGE('',*,*,#3877,.T.);
#5453=ORIENTED_EDGE('',*,*,#4007,.F.);
#5454=ORIENTED_EDGE('',*,*,#3613,.F.);
#5455=ORIENTED_EDGE('',*,*,#4005,.T.);
#5456=ORIENTED_EDGE('',*,*,#3882,.T.);
#5457=ORIENTED_EDGE('',*,*,#4008,.F.);
#5458=ORIENTED_EDGE('',*,*,#3604,.F.);
#5459=ORIENTED_EDGE('',*,*,#4009,.F.);
#5460=ORIENTED_EDGE('',*,*,#3881,.T.);
#5461=ORIENTED_EDGE('',*,*,#4010,.F.);
#5462=ORIENTED_EDGE('',*,*,#3605,.F.);
#5463=ORIENTED_EDGE('',*,*,#4008,.T.);
#5464=ORIENTED_EDGE('',*,*,#3886,.T.);
#5465=ORIENTED_EDGE('',*,*,#4011,.F.);
#5466=ORIENTED_EDGE('',*,*,#3596,.F.);
#5467=ORIENTED_EDGE('',*,*,#4012,.F.);
#5468=ORIENTED_EDGE('',*,*,#3885,.T.);
#5469=ORIENTED_EDGE('',*,*,#4013,.F.);
#5470=ORIENTED_EDGE('',*,*,#3597,.F.);
#5471=ORIENTED_EDGE('',*,*,#4011,.T.);
#5472=ORIENTED_EDGE('',*,*,#3890,.T.);
#5473=ORIENTED_EDGE('',*,*,#4014,.F.);
#5474=ORIENTED_EDGE('',*,*,#3588,.F.);
#5475=ORIENTED_EDGE('',*,*,#4015,.F.);
#5476=ORIENTED_EDGE('',*,*,#3889,.T.);
#5477=ORIENTED_EDGE('',*,*,#4016,.F.);
#5478=ORIENTED_EDGE('',*,*,#3589,.F.);
#5479=ORIENTED_EDGE('',*,*,#4014,.T.);
#5480=ORIENTED_EDGE('',*,*,#3894,.T.);
#5481=ORIENTED_EDGE('',*,*,#4017,.F.);
#5482=ORIENTED_EDGE('',*,*,#3580,.F.);
#5483=ORIENTED_EDGE('',*,*,#4018,.F.);
#5484=ORIENTED_EDGE('',*,*,#3893,.T.);
#5485=ORIENTED_EDGE('',*,*,#4019,.F.);
#5486=ORIENTED_EDGE('',*,*,#3581,.F.);
#5487=ORIENTED_EDGE('',*,*,#4017,.T.);
#5488=ORIENTED_EDGE('',*,*,#3898,.T.);
#5489=ORIENTED_EDGE('',*,*,#4020,.F.);
#5490=ORIENTED_EDGE('',*,*,#3572,.F.);
#5491=ORIENTED_EDGE('',*,*,#4021,.F.);
#5492=ORIENTED_EDGE('',*,*,#3897,.T.);
#5493=ORIENTED_EDGE('',*,*,#4022,.F.);
#5494=ORIENTED_EDGE('',*,*,#3573,.F.);
#5495=ORIENTED_EDGE('',*,*,#4020,.T.);
#5496=ORIENTED_EDGE('',*,*,#3902,.T.);
#5497=ORIENTED_EDGE('',*,*,#4023,.F.);
#5498=ORIENTED_EDGE('',*,*,#3564,.F.);
#5499=ORIENTED_EDGE('',*,*,#4024,.F.);
#5500=ORIENTED_EDGE('',*,*,#3901,.T.);
#5501=ORIENTED_EDGE('',*,*,#4025,.F.);
#5502=ORIENTED_EDGE('',*,*,#3565,.F.);
#5503=ORIENTED_EDGE('',*,*,#4023,.T.);
#5504=ORIENTED_EDGE('',*,*,#3906,.T.);
#5505=ORIENTED_EDGE('',*,*,#4026,.F.);
#5506=ORIENTED_EDGE('',*,*,#3556,.F.);
#5507=ORIENTED_EDGE('',*,*,#4027,.F.);
#5508=ORIENTED_EDGE('',*,*,#3905,.T.);
#5509=ORIENTED_EDGE('',*,*,#4028,.F.);
#5510=ORIENTED_EDGE('',*,*,#3557,.F.);
#5511=ORIENTED_EDGE('',*,*,#4026,.T.);
#5512=ORIENTED_EDGE('',*,*,#3910,.T.);
#5513=ORIENTED_EDGE('',*,*,#4029,.F.);
#5514=ORIENTED_EDGE('',*,*,#3548,.F.);
#5515=ORIENTED_EDGE('',*,*,#4030,.F.);
#5516=ORIENTED_EDGE('',*,*,#3909,.T.);
#5517=ORIENTED_EDGE('',*,*,#4031,.F.);
#5518=ORIENTED_EDGE('',*,*,#3549,.F.);
#5519=ORIENTED_EDGE('',*,*,#4029,.T.);
#5520=ORIENTED_EDGE('',*,*,#3914,.T.);
#5521=ORIENTED_EDGE('',*,*,#4032,.F.);
#5522=ORIENTED_EDGE('',*,*,#3540,.F.);
#5523=ORIENTED_EDGE('',*,*,#4033,.F.);
#5524=ORIENTED_EDGE('',*,*,#3913,.T.);
#5525=ORIENTED_EDGE('',*,*,#4034,.F.);
#5526=ORIENTED_EDGE('',*,*,#3541,.F.);
#5527=ORIENTED_EDGE('',*,*,#4032,.T.);
#5528=ORIENTED_EDGE('',*,*,#3918,.T.);
#5529=ORIENTED_EDGE('',*,*,#4035,.F.);
#5530=ORIENTED_EDGE('',*,*,#3532,.F.);
#5531=ORIENTED_EDGE('',*,*,#4036,.F.);
#5532=ORIENTED_EDGE('',*,*,#3917,.T.);
#5533=ORIENTED_EDGE('',*,*,#4037,.F.);
#5534=ORIENTED_EDGE('',*,*,#3533,.F.);
#5535=ORIENTED_EDGE('',*,*,#4035,.T.);
#5536=ORIENTED_EDGE('',*,*,#3840,.T.);
#5537=ORIENTED_EDGE('',*,*,#4038,.F.);
#5538=ORIENTED_EDGE('',*,*,#3522,.F.);
#5539=ORIENTED_EDGE('',*,*,#3980,.T.);
#5540=ORIENTED_EDGE('',*,*,#3844,.T.);
#5541=ORIENTED_EDGE('',*,*,#4039,.F.);
#5542=ORIENTED_EDGE('',*,*,#3530,.F.);
#5543=ORIENTED_EDGE('',*,*,#3983,.T.);
#5544=ORIENTED_EDGE('',*,*,#3760,.T.);
#5545=ORIENTED_EDGE('',*,*,#4040,.F.);
#5546=ORIENTED_EDGE('',*,*,#3538,.F.);
#5547=ORIENTED_EDGE('',*,*,#3921,.T.);
#5548=ORIENTED_EDGE('',*,*,#3764,.T.);
#5549=ORIENTED_EDGE('',*,*,#4041,.F.);
#5550=ORIENTED_EDGE('',*,*,#3546,.F.);
#5551=ORIENTED_EDGE('',*,*,#3924,.T.);
#5552=ORIENTED_EDGE('',*,*,#3768,.T.);
#5553=ORIENTED_EDGE('',*,*,#4042,.F.);
#5554=ORIENTED_EDGE('',*,*,#3554,.F.);
#5555=ORIENTED_EDGE('',*,*,#3927,.T.);
#5556=ORIENTED_EDGE('',*,*,#3772,.T.);
#5557=ORIENTED_EDGE('',*,*,#4043,.F.);
#5558=ORIENTED_EDGE('',*,*,#3562,.F.);
#5559=ORIENTED_EDGE('',*,*,#3930,.T.);
#5560=ORIENTED_EDGE('',*,*,#3776,.T.);
#5561=ORIENTED_EDGE('',*,*,#4044,.F.);
#5562=ORIENTED_EDGE('',*,*,#3570,.F.);
#5563=ORIENTED_EDGE('',*,*,#3933,.T.);
#5564=ORIENTED_EDGE('',*,*,#3780,.T.);
#5565=ORIENTED_EDGE('',*,*,#4045,.F.);
#5566=ORIENTED_EDGE('',*,*,#3578,.F.);
#5567=ORIENTED_EDGE('',*,*,#3936,.T.);
#5568=ORIENTED_EDGE('',*,*,#3784,.T.);
#5569=ORIENTED_EDGE('',*,*,#4046,.F.);
#5570=ORIENTED_EDGE('',*,*,#3586,.F.);
#5571=ORIENTED_EDGE('',*,*,#3939,.T.);
#5572=ORIENTED_EDGE('',*,*,#3788,.T.);
#5573=ORIENTED_EDGE('',*,*,#4047,.F.);
#5574=ORIENTED_EDGE('',*,*,#3594,.F.);
#5575=ORIENTED_EDGE('',*,*,#3942,.T.);
#5576=ORIENTED_EDGE('',*,*,#3792,.T.);
#5577=ORIENTED_EDGE('',*,*,#4048,.F.);
#5578=ORIENTED_EDGE('',*,*,#3602,.F.);
#5579=ORIENTED_EDGE('',*,*,#3945,.T.);
#5580=ORIENTED_EDGE('',*,*,#3796,.T.);
#5581=ORIENTED_EDGE('',*,*,#4049,.F.);
#5582=ORIENTED_EDGE('',*,*,#3610,.F.);
#5583=ORIENTED_EDGE('',*,*,#3948,.T.);
#5584=ORIENTED_EDGE('',*,*,#3800,.T.);
#5585=ORIENTED_EDGE('',*,*,#4050,.F.);
#5586=ORIENTED_EDGE('',*,*,#3618,.F.);
#5587=ORIENTED_EDGE('',*,*,#3951,.T.);
#5588=ORIENTED_EDGE('',*,*,#3804,.T.);
#5589=ORIENTED_EDGE('',*,*,#4051,.F.);
#5590=ORIENTED_EDGE('',*,*,#3626,.F.);
#5591=ORIENTED_EDGE('',*,*,#3954,.T.);
#5592=ORIENTED_EDGE('',*,*,#3808,.T.);
#5593=ORIENTED_EDGE('',*,*,#4052,.F.);
#5594=ORIENTED_EDGE('',*,*,#3634,.F.);
#5595=ORIENTED_EDGE('',*,*,#3957,.T.);
#5596=ORIENTED_EDGE('',*,*,#3812,.T.);
#5597=ORIENTED_EDGE('',*,*,#4053,.F.);
#5598=ORIENTED_EDGE('',*,*,#3642,.F.);
#5599=ORIENTED_EDGE('',*,*,#3960,.T.);
#5600=ORIENTED_EDGE('',*,*,#3816,.T.);
#5601=ORIENTED_EDGE('',*,*,#4054,.F.);
#5602=ORIENTED_EDGE('',*,*,#3650,.F.);
#5603=ORIENTED_EDGE('',*,*,#3963,.T.);
#5604=ORIENTED_EDGE('',*,*,#3820,.T.);
#5605=ORIENTED_EDGE('',*,*,#4055,.F.);
#5606=ORIENTED_EDGE('',*,*,#3658,.F.);
#5607=ORIENTED_EDGE('',*,*,#3966,.T.);
#5608=ORIENTED_EDGE('',*,*,#3824,.T.);
#5609=ORIENTED_EDGE('',*,*,#4056,.F.);
#5610=ORIENTED_EDGE('',*,*,#3666,.F.);
#5611=ORIENTED_EDGE('',*,*,#3969,.T.);
#5612=ORIENTED_EDGE('',*,*,#3828,.T.);
#5613=ORIENTED_EDGE('',*,*,#4057,.F.);
#5614=ORIENTED_EDGE('',*,*,#3674,.F.);
#5615=ORIENTED_EDGE('',*,*,#3972,.T.);
#5616=ORIENTED_EDGE('',*,*,#3848,.T.);
#5617=ORIENTED_EDGE('',*,*,#4058,.F.);
#5618=ORIENTED_EDGE('',*,*,#3670,.F.);
#5619=ORIENTED_EDGE('',*,*,#3986,.T.);
#5620=ORIENTED_EDGE('',*,*,#3852,.T.);
#5621=ORIENTED_EDGE('',*,*,#4059,.F.);
#5622=ORIENTED_EDGE('',*,*,#3662,.F.);
#5623=ORIENTED_EDGE('',*,*,#3989,.T.);
#5624=ORIENTED_EDGE('',*,*,#3856,.T.);
#5625=ORIENTED_EDGE('',*,*,#4060,.F.);
#5626=ORIENTED_EDGE('',*,*,#3654,.F.);
#5627=ORIENTED_EDGE('',*,*,#3992,.T.);
#5628=ORIENTED_EDGE('',*,*,#3860,.T.);
#5629=ORIENTED_EDGE('',*,*,#4061,.F.);
#5630=ORIENTED_EDGE('',*,*,#3646,.F.);
#5631=ORIENTED_EDGE('',*,*,#3995,.T.);
#5632=ORIENTED_EDGE('',*,*,#3864,.T.);
#5633=ORIENTED_EDGE('',*,*,#4062,.F.);
#5634=ORIENTED_EDGE('',*,*,#3638,.F.);
#5635=ORIENTED_EDGE('',*,*,#3998,.T.);
#5636=ORIENTED_EDGE('',*,*,#3868,.T.);
#5637=ORIENTED_EDGE('',*,*,#4063,.F.);
#5638=ORIENTED_EDGE('',*,*,#3630,.F.);
#5639=ORIENTED_EDGE('',*,*,#4001,.T.);
#5640=ORIENTED_EDGE('',*,*,#3872,.T.);
#5641=ORIENTED_EDGE('',*,*,#4064,.F.);
#5642=ORIENTED_EDGE('',*,*,#3622,.F.);
#5643=ORIENTED_EDGE('',*,*,#4004,.T.);
#5644=ORIENTED_EDGE('',*,*,#3876,.T.);
#5645=ORIENTED_EDGE('',*,*,#4065,.F.);
#5646=ORIENTED_EDGE('',*,*,#3614,.F.);
#5647=ORIENTED_EDGE('',*,*,#4007,.T.);
#5648=ORIENTED_EDGE('',*,*,#3880,.T.);
#5649=ORIENTED_EDGE('',*,*,#4066,.F.);
#5650=ORIENTED_EDGE('',*,*,#3606,.F.);
#5651=ORIENTED_EDGE('',*,*,#4010,.T.);
#5652=ORIENTED_EDGE('',*,*,#3884,.T.);
#5653=ORIENTED_EDGE('',*,*,#4067,.F.);
#5654=ORIENTED_EDGE('',*,*,#3598,.F.);
#5655=ORIENTED_EDGE('',*,*,#4013,.T.);
#5656=ORIENTED_EDGE('',*,*,#3888,.T.);
#5657=ORIENTED_EDGE('',*,*,#4068,.F.);
#5658=ORIENTED_EDGE('',*,*,#3590,.F.);
#5659=ORIENTED_EDGE('',*,*,#4016,.T.);
#5660=ORIENTED_EDGE('',*,*,#3892,.T.);
#5661=ORIENTED_EDGE('',*,*,#4069,.F.);
#5662=ORIENTED_EDGE('',*,*,#3582,.F.);
#5663=ORIENTED_EDGE('',*,*,#4019,.T.);
#5664=ORIENTED_EDGE('',*,*,#3896,.T.);
#5665=ORIENTED_EDGE('',*,*,#4070,.F.);
#5666=ORIENTED_EDGE('',*,*,#3574,.F.);
#5667=ORIENTED_EDGE('',*,*,#4022,.T.);
#5668=ORIENTED_EDGE('',*,*,#3900,.T.);
#5669=ORIENTED_EDGE('',*,*,#4071,.F.);
#5670=ORIENTED_EDGE('',*,*,#3566,.F.);
#5671=ORIENTED_EDGE('',*,*,#4025,.T.);
#5672=ORIENTED_EDGE('',*,*,#3904,.T.);
#5673=ORIENTED_EDGE('',*,*,#4072,.F.);
#5674=ORIENTED_EDGE('',*,*,#3558,.F.);
#5675=ORIENTED_EDGE('',*,*,#4028,.T.);
#5676=ORIENTED_EDGE('',*,*,#3908,.T.);
#5677=ORIENTED_EDGE('',*,*,#4073,.F.);
#5678=ORIENTED_EDGE('',*,*,#3550,.F.);
#5679=ORIENTED_EDGE('',*,*,#4031,.T.);
#5680=ORIENTED_EDGE('',*,*,#3912,.T.);
#5681=ORIENTED_EDGE('',*,*,#4074,.F.);
#5682=ORIENTED_EDGE('',*,*,#3542,.F.);
#5683=ORIENTED_EDGE('',*,*,#4034,.T.);
#5684=ORIENTED_EDGE('',*,*,#3916,.T.);
#5685=ORIENTED_EDGE('',*,*,#4075,.F.);
#5686=ORIENTED_EDGE('',*,*,#3534,.F.);
#5687=ORIENTED_EDGE('',*,*,#4037,.T.);
#5688=ORIENTED_EDGE('',*,*,#3832,.T.);
#5689=ORIENTED_EDGE('',*,*,#4076,.F.);
#5690=ORIENTED_EDGE('',*,*,#3526,.F.);
#5691=ORIENTED_EDGE('',*,*,#3975,.T.);
#5692=ORIENTED_EDGE('',*,*,#3838,.T.);
#5693=ORIENTED_EDGE('',*,*,#3977,.F.);
#5694=ORIENTED_EDGE('',*,*,#3517,.F.);
#5695=ORIENTED_EDGE('',*,*,#4077,.T.);
#5696=ORIENTED_EDGE('',*,*,#3835,.T.);
#5697=ORIENTED_EDGE('',*,*,#4077,.F.);
#5698=ORIENTED_EDGE('',*,*,#3516,.F.);
#5699=ORIENTED_EDGE('',*,*,#4078,.F.);
#5700=ORIENTED_EDGE('',*,*,#4038,.T.);
#5701=ORIENTED_EDGE('',*,*,#3839,.F.);
#5702=ORIENTED_EDGE('',*,*,#3979,.T.);
#5703=ORIENTED_EDGE('',*,*,#3519,.F.);
#5704=ORIENTED_EDGE('',*,*,#3976,.T.);
#5705=ORIENTED_EDGE('',*,*,#3836,.F.);
#5706=ORIENTED_EDGE('',*,*,#4078,.T.);
#5707=ORIENTED_EDGE('',*,*,#3515,.F.);
#5708=ORIENTED_EDGE('',*,*,#4079,.T.);
#5709=ORIENTED_EDGE('',*,*,#4080,.F.);
#5710=ORIENTED_EDGE('',*,*,#4081,.F.);
#5711=ORIENTED_EDGE('',*,*,#3675,.F.);
#5712=ORIENTED_EDGE('',*,*,#4057,.T.);
#5713=ORIENTED_EDGE('',*,*,#3827,.F.);
#5714=ORIENTED_EDGE('',*,*,#3971,.T.);
#5715=ORIENTED_EDGE('',*,*,#3671,.F.);
#5716=ORIENTED_EDGE('',*,*,#4058,.T.);
#5717=ORIENTED_EDGE('',*,*,#3847,.F.);
#5718=ORIENTED_EDGE('',*,*,#3985,.T.);
#5719=ORIENTED_EDGE('',*,*,#3667,.F.);
#5720=ORIENTED_EDGE('',*,*,#4056,.T.);
#5721=ORIENTED_EDGE('',*,*,#3823,.F.);
#5722=ORIENTED_EDGE('',*,*,#3968,.T.);
#5723=ORIENTED_EDGE('',*,*,#3663,.F.);
#5724=ORIENTED_EDGE('',*,*,#4059,.T.);
#5725=ORIENTED_EDGE('',*,*,#3851,.F.);
#5726=ORIENTED_EDGE('',*,*,#3988,.T.);
#5727=ORIENTED_EDGE('',*,*,#3659,.F.);
#5728=ORIENTED_EDGE('',*,*,#4055,.T.);
#5729=ORIENTED_EDGE('',*,*,#3819,.F.);
#5730=ORIENTED_EDGE('',*,*,#3965,.T.);
#5731=ORIENTED_EDGE('',*,*,#3655,.F.);
#5732=ORIENTED_EDGE('',*,*,#4060,.T.);
#5733=ORIENTED_EDGE('',*,*,#3855,.F.);
#5734=ORIENTED_EDGE('',*,*,#3991,.T.);
#5735=ORIENTED_EDGE('',*,*,#3651,.F.);
#5736=ORIENTED_EDGE('',*,*,#4054,.T.);
#5737=ORIENTED_EDGE('',*,*,#3815,.F.);
#5738=ORIENTED_EDGE('',*,*,#3962,.T.);
#5739=ORIENTED_EDGE('',*,*,#3647,.F.);
#5740=ORIENTED_EDGE('',*,*,#4061,.T.);
#5741=ORIENTED_EDGE('',*,*,#3859,.F.);
#5742=ORIENTED_EDGE('',*,*,#3994,.T.);
#5743=ORIENTED_EDGE('',*,*,#3643,.F.);
#5744=ORIENTED_EDGE('',*,*,#4053,.T.);
#5745=ORIENTED_EDGE('',*,*,#3811,.F.);
#5746=ORIENTED_EDGE('',*,*,#3959,.T.);
#5747=ORIENTED_EDGE('',*,*,#3639,.F.);
#5748=ORIENTED_EDGE('',*,*,#4062,.T.);
#5749=ORIENTED_EDGE('',*,*,#3863,.F.);
#5750=ORIENTED_EDGE('',*,*,#3997,.T.);
#5751=ORIENTED_EDGE('',*,*,#3635,.F.);
#5752=ORIENTED_EDGE('',*,*,#4052,.T.);
#5753=ORIENTED_EDGE('',*,*,#3807,.F.);
#5754=ORIENTED_EDGE('',*,*,#3956,.T.);
#5755=ORIENTED_EDGE('',*,*,#3631,.F.);
#5756=ORIENTED_EDGE('',*,*,#4063,.T.);
#5757=ORIENTED_EDGE('',*,*,#3867,.F.);
#5758=ORIENTED_EDGE('',*,*,#4000,.T.);
#5759=ORIENTED_EDGE('',*,*,#3627,.F.);
#5760=ORIENTED_EDGE('',*,*,#4051,.T.);
#5761=ORIENTED_EDGE('',*,*,#3803,.F.);
#5762=ORIENTED_EDGE('',*,*,#3953,.T.);
#5763=ORIENTED_EDGE('',*,*,#3623,.F.);
#5764=ORIENTED_EDGE('',*,*,#4064,.T.);
#5765=ORIENTED_EDGE('',*,*,#3871,.F.);
#5766=ORIENTED_EDGE('',*,*,#4003,.T.);
#5767=ORIENTED_EDGE('',*,*,#3619,.F.);
#5768=ORIENTED_EDGE('',*,*,#4050,.T.);
#5769=ORIENTED_EDGE('',*,*,#3799,.F.);
#5770=ORIENTED_EDGE('',*,*,#3950,.T.);
#5771=ORIENTED_EDGE('',*,*,#3615,.F.);
#5772=ORIENTED_EDGE('',*,*,#4065,.T.);
#5773=ORIENTED_EDGE('',*,*,#3875,.F.);
#5774=ORIENTED_EDGE('',*,*,#4006,.T.);
#5775=ORIENTED_EDGE('',*,*,#3611,.F.);
#5776=ORIENTED_EDGE('',*,*,#4049,.T.);
#5777=ORIENTED_EDGE('',*,*,#3795,.F.);
#5778=ORIENTED_EDGE('',*,*,#3947,.T.);
#5779=ORIENTED_EDGE('',*,*,#3607,.F.);
#5780=ORIENTED_EDGE('',*,*,#4066,.T.);
#5781=ORIENTED_EDGE('',*,*,#3879,.F.);
#5782=ORIENTED_EDGE('',*,*,#4009,.T.);
#5783=ORIENTED_EDGE('',*,*,#3603,.F.);
#5784=ORIENTED_EDGE('',*,*,#4048,.T.);
#5785=ORIENTED_EDGE('',*,*,#3791,.F.);
#5786=ORIENTED_EDGE('',*,*,#3944,.T.);
#5787=ORIENTED_EDGE('',*,*,#3599,.F.);
#5788=ORIENTED_EDGE('',*,*,#4067,.T.);
#5789=ORIENTED_EDGE('',*,*,#3883,.F.);
#5790=ORIENTED_EDGE('',*,*,#4012,.T.);
#5791=ORIENTED_EDGE('',*,*,#3595,.F.);
#5792=ORIENTED_EDGE('',*,*,#4047,.T.);
#5793=ORIENTED_EDGE('',*,*,#3787,.F.);
#5794=ORIENTED_EDGE('',*,*,#3941,.T.);
#5795=ORIENTED_EDGE('',*,*,#3591,.F.);
#5796=ORIENTED_EDGE('',*,*,#4068,.T.);
#5797=ORIENTED_EDGE('',*,*,#3887,.F.);
#5798=ORIENTED_EDGE('',*,*,#4015,.T.);
#5799=ORIENTED_EDGE('',*,*,#3587,.F.);
#5800=ORIENTED_EDGE('',*,*,#4046,.T.);
#5801=ORIENTED_EDGE('',*,*,#3783,.F.);
#5802=ORIENTED_EDGE('',*,*,#3938,.T.);
#5803=ORIENTED_EDGE('',*,*,#3583,.F.);
#5804=ORIENTED_EDGE('',*,*,#4069,.T.);
#5805=ORIENTED_EDGE('',*,*,#3891,.F.);
#5806=ORIENTED_EDGE('',*,*,#4018,.T.);
#5807=ORIENTED_EDGE('',*,*,#3579,.F.);
#5808=ORIENTED_EDGE('',*,*,#4045,.T.);
#5809=ORIENTED_EDGE('',*,*,#3779,.F.);
#5810=ORIENTED_EDGE('',*,*,#3935,.T.);
#5811=ORIENTED_EDGE('',*,*,#3575,.F.);
#5812=ORIENTED_EDGE('',*,*,#4070,.T.);
#5813=ORIENTED_EDGE('',*,*,#3895,.F.);
#5814=ORIENTED_EDGE('',*,*,#4021,.T.);
#5815=ORIENTED_EDGE('',*,*,#3571,.F.);
#5816=ORIENTED_EDGE('',*,*,#4044,.T.);
#5817=ORIENTED_EDGE('',*,*,#3775,.F.);
#5818=ORIENTED_EDGE('',*,*,#3932,.T.);
#5819=ORIENTED_EDGE('',*,*,#3567,.F.);
#5820=ORIENTED_EDGE('',*,*,#4071,.T.);
#5821=ORIENTED_EDGE('',*,*,#3899,.F.);
#5822=ORIENTED_EDGE('',*,*,#4024,.T.);
#5823=ORIENTED_EDGE('',*,*,#3563,.F.);
#5824=ORIENTED_EDGE('',*,*,#4043,.T.);
#5825=ORIENTED_EDGE('',*,*,#3771,.F.);
#5826=ORIENTED_EDGE('',*,*,#3929,.T.);
#5827=ORIENTED_EDGE('',*,*,#3559,.F.);
#5828=ORIENTED_EDGE('',*,*,#4072,.T.);
#5829=ORIENTED_EDGE('',*,*,#3903,.F.);
#5830=ORIENTED_EDGE('',*,*,#4027,.T.);
#5831=ORIENTED_EDGE('',*,*,#3555,.F.);
#5832=ORIENTED_EDGE('',*,*,#4042,.T.);
#5833=ORIENTED_EDGE('',*,*,#3767,.F.);
#5834=ORIENTED_EDGE('',*,*,#3926,.T.);
#5835=ORIENTED_EDGE('',*,*,#3551,.F.);
#5836=ORIENTED_EDGE('',*,*,#4073,.T.);
#5837=ORIENTED_EDGE('',*,*,#3907,.F.);
#5838=ORIENTED_EDGE('',*,*,#4030,.T.);
#5839=ORIENTED_EDGE('',*,*,#3547,.F.);
#5840=ORIENTED_EDGE('',*,*,#4041,.T.);
#5841=ORIENTED_EDGE('',*,*,#3763,.F.);
#5842=ORIENTED_EDGE('',*,*,#3923,.T.);
#5843=ORIENTED_EDGE('',*,*,#3543,.F.);
#5844=ORIENTED_EDGE('',*,*,#4074,.T.);
#5845=ORIENTED_EDGE('',*,*,#3911,.F.);
#5846=ORIENTED_EDGE('',*,*,#4033,.T.);
#5847=ORIENTED_EDGE('',*,*,#3539,.F.);
#5848=ORIENTED_EDGE('',*,*,#4040,.T.);
#5849=ORIENTED_EDGE('',*,*,#3759,.F.);
#5850=ORIENTED_EDGE('',*,*,#3920,.T.);
#5851=ORIENTED_EDGE('',*,*,#3535,.F.);
#5852=ORIENTED_EDGE('',*,*,#4075,.T.);
#5853=ORIENTED_EDGE('',*,*,#3915,.F.);
#5854=ORIENTED_EDGE('',*,*,#4036,.T.);
#5855=ORIENTED_EDGE('',*,*,#3531,.F.);
#5856=ORIENTED_EDGE('',*,*,#4039,.T.);
#5857=ORIENTED_EDGE('',*,*,#3843,.F.);
#5858=ORIENTED_EDGE('',*,*,#3982,.T.);
#5859=ORIENTED_EDGE('',*,*,#3527,.F.);
#5860=ORIENTED_EDGE('',*,*,#4076,.T.);
#5861=ORIENTED_EDGE('',*,*,#3831,.F.);
#5862=ORIENTED_EDGE('',*,*,#3974,.T.);
#5863=ORIENTED_EDGE('',*,*,#3523,.F.);
#5864=ORIENTED_EDGE('',*,*,#3711,.F.);
#5865=ORIENTED_EDGE('',*,*,#4082,.T.);
#5866=ORIENTED_EDGE('',*,*,#4083,.F.);
#5867=ORIENTED_EDGE('',*,*,#4084,.F.);
#5868=ORIENTED_EDGE('',*,*,#4085,.T.);
#5869=ORIENTED_EDGE('',*,*,#4083,.T.);
#5870=ORIENTED_EDGE('',*,*,#4086,.T.);
#5871=ORIENTED_EDGE('',*,*,#4087,.T.);
#5872=ORIENTED_EDGE('',*,*,#4080,.T.);
#5873=ORIENTED_EDGE('',*,*,#4088,.T.);
#5874=ORIENTED_EDGE('',*,*,#3745,.F.);
#5875=ORIENTED_EDGE('',*,*,#3727,.T.);
#5876=ORIENTED_EDGE('',*,*,#3748,.T.);
#5877=ORIENTED_EDGE('',*,*,#3495,.T.);
#5878=ORIENTED_EDGE('',*,*,#3703,.F.);
#5879=ORIENTED_EDGE('',*,*,#3491,.T.);
#5880=ORIENTED_EDGE('',*,*,#3685,.F.);
#5881=ORIENTED_EDGE('',*,*,#4089,.F.);
#5882=ORIENTED_EDGE('',*,*,#3704,.F.);
#5883=ORIENTED_EDGE('',*,*,#4089,.T.);
#5884=ORIENTED_EDGE('',*,*,#3684,.F.);
#5885=ORIENTED_EDGE('',*,*,#3691,.F.);
#5886=ORIENTED_EDGE('',*,*,#3746,.F.);
#5887=ORIENTED_EDGE('',*,*,#3696,.T.);
#5888=ORIENTED_EDGE('',*,*,#3750,.F.);
#5889=ORIENTED_EDGE('',*,*,#3738,.F.);
#5890=ORIENTED_EDGE('',*,*,#3707,.F.);
#5891=ORIENTED_EDGE('',*,*,#3735,.T.);
#5892=ORIENTED_EDGE('',*,*,#3680,.F.);
#5893=ORIENTED_EDGE('',*,*,#4090,.F.);
#5894=ORIENTED_EDGE('',*,*,#3708,.F.);
#5895=ORIENTED_EDGE('',*,*,#4090,.T.);
#5896=ORIENTED_EDGE('',*,*,#3679,.F.);
#5897=ORIENTED_EDGE('',*,*,#4091,.F.);
#5898=ORIENTED_EDGE('',*,*,#3709,.F.);
#5899=ORIENTED_EDGE('',*,*,#4091,.T.);
#5900=ORIENTED_EDGE('',*,*,#3678,.F.);
#5901=ORIENTED_EDGE('',*,*,#4092,.F.);
#5902=ORIENTED_EDGE('',*,*,#3710,.F.);
#5903=ORIENTED_EDGE('',*,*,#4092,.T.);
#5904=ORIENTED_EDGE('',*,*,#3677,.F.);
#5905=ORIENTED_EDGE('',*,*,#4093,.T.);
#5906=ORIENTED_EDGE('',*,*,#4086,.F.);
#5907=ORIENTED_EDGE('',*,*,#4082,.F.);
#5908=ORIENTED_EDGE('',*,*,#4093,.F.);
#5909=ORIENTED_EDGE('',*,*,#3676,.F.);
#5910=ORIENTED_EDGE('',*,*,#4081,.T.);
#5911=ORIENTED_EDGE('',*,*,#4087,.F.);
#5912=ORIENTED_EDGE('',*,*,#4079,.F.);
#5913=ORIENTED_EDGE('',*,*,#3514,.F.);
#5914=ORIENTED_EDGE('',*,*,#4094,.T.);
#5915=ORIENTED_EDGE('',*,*,#4088,.F.);
#5916=ORIENTED_EDGE('',*,*,#4094,.F.);
#5917=ORIENTED_EDGE('',*,*,#3513,.F.);
#5918=ORIENTED_EDGE('',*,*,#4095,.F.);
#5919=ORIENTED_EDGE('',*,*,#3712,.F.);
#5920=ORIENTED_EDGE('',*,*,#4084,.T.);
#5921=ORIENTED_EDGE('',*,*,#4085,.F.);
#5922=ORIENTED_EDGE('',*,*,#3713,.F.);
#5923=ORIENTED_EDGE('',*,*,#4095,.T.);
#5924=ORIENTED_EDGE('',*,*,#3512,.F.);
#5925=ORIENTED_EDGE('',*,*,#4096,.F.);
#5926=ORIENTED_EDGE('',*,*,#3714,.F.);
#5927=ORIENTED_EDGE('',*,*,#4096,.T.);
#5928=ORIENTED_EDGE('',*,*,#3511,.F.);
#5929=ORIENTED_EDGE('',*,*,#4097,.F.);
#5930=ORIENTED_EDGE('',*,*,#3715,.F.);
#5931=ORIENTED_EDGE('',*,*,#4097,.T.);
#5932=ORIENTED_EDGE('',*,*,#3510,.F.);
#5933=ORIENTED_EDGE('',*,*,#4098,.F.);
#5934=ORIENTED_EDGE('',*,*,#3716,.F.);
#5935=ORIENTED_EDGE('',*,*,#4098,.T.);
#5936=ORIENTED_EDGE('',*,*,#3509,.F.);
#5937=ORIENTED_EDGE('',*,*,#4099,.F.);
#5938=ORIENTED_EDGE('',*,*,#3717,.F.);
#5939=ORIENTED_EDGE('',*,*,#4099,.T.);
#5940=ORIENTED_EDGE('',*,*,#3508,.F.);
#5941=ORIENTED_EDGE('',*,*,#4100,.F.);
#5942=ORIENTED_EDGE('',*,*,#3718,.F.);
#5943=ORIENTED_EDGE('',*,*,#4100,.T.);
#5944=ORIENTED_EDGE('',*,*,#3507,.F.);
#5945=ORIENTED_EDGE('',*,*,#3720,.F.);
#5946=ORIENTED_EDGE('',*,*,#3749,.F.);
#5947=ORIENTED_EDGE('',*,*,#3725,.T.);
#5948=ORIENTED_EDGE('',*,*,#4101,.F.);
#5949=ORIENTED_EDGE('',*,*,#3497,.F.);
#5950=ORIENTED_EDGE('',*,*,#3744,.F.);
#5951=ORIENTED_EDGE('',*,*,#3498,.T.);
#5952=ORIENTED_EDGE('',*,*,#4101,.T.);
#5953=ORIENTED_EDGE('',*,*,#3724,.T.);
#5954=PLANE('',#6686);
#5955=PLANE('',#6703);
#5956=PLANE('',#6704);
#5957=PLANE('',#6705);
#5958=PLANE('',#6722);
#5959=PLANE('',#6723);
#5960=PLANE('',#6724);
#5961=PLANE('',#6725);
#5962=PLANE('',#6726);
#5963=PLANE('',#6727);
#5964=PLANE('',#6728);
#5965=PLANE('',#6729);
#5966=PLANE('',#6730);
#5967=PLANE('',#6731);
#5968=PLANE('',#6732);
#5969=PLANE('',#6733);
#5970=PLANE('',#6734);
#5971=PLANE('',#6735);
#5972=PLANE('',#6736);
#5973=PLANE('',#6737);
#5974=PLANE('',#6738);
#5975=PLANE('',#6739);
#5976=PLANE('',#6740);
#5977=PLANE('',#6741);
#5978=PLANE('',#6742);
#5979=PLANE('',#6743);
#5980=PLANE('',#6745);
#5981=PLANE('',#6747);
#5982=PLANE('',#6748);
#5983=PLANE('',#6749);
#5984=PLANE('',#6750);
#5985=PLANE('',#6751);
#5986=PLANE('',#6752);
#5987=PLANE('',#6753);
#5988=PLANE('',#6755);
#5989=PLANE('',#6757);
#5990=PLANE('',#6758);
#5991=PLANE('',#6760);
#5992=PLANE('',#6762);
#5993=PLANE('',#6763);
#5994=PLANE('',#6764);
#5995=PLANE('',#6765);
#5996=PLANE('',#6766);
#5997=PLANE('',#6767);
#5998=PLANE('',#6768);
#5999=PLANE('',#6770);
#6000=PLANE('',#6772);
#6001=PLANE('',#6773);
#6002=PLANE('',#6774);
#6003=PLANE('',#6775);
#6004=PLANE('',#6776);
#6005=PLANE('',#6777);
#6006=PLANE('',#6778);
#6007=PLANE('',#6779);
#6008=PLANE('',#6780);
#6009=PLANE('',#6781);
#6010=PLANE('',#6782);
#6011=PLANE('',#6783);
#6012=PLANE('',#6784);
#6013=PLANE('',#6785);
#6014=PLANE('',#6786);
#6015=PLANE('',#6787);
#6016=PLANE('',#6793);
#6017=PLANE('',#6794);
#6018=PLANE('',#6795);
#6019=PLANE('',#6796);
#6020=PLANE('',#6797);
#6021=PLANE('',#6798);
#6022=PLANE('',#6806);
#6023=PLANE('',#6807);
#6024=PLANE('',#6833);
#6025=PLANE('',#6834);
#6026=PLANE('',#6835);
#6027=PLANE('',#6836);
#6028=PLANE('',#6837);
#6029=PLANE('',#6838);
#6030=PLANE('',#6839);
#6031=PLANE('',#6840);
#6032=PLANE('',#6841);
#6033=PLANE('',#6846);
#6034=PLANE('',#6847);
#6035=PLANE('',#6850);
#6036=PLANE('',#6853);
#6037=PLANE('',#6856);
#6038=PLANE('',#6859);
#6039=PLANE('',#6861);
#6040=PLANE('',#6868);
#6041=PLANE('',#6877);
#6042=PLANE('',#6884);
#6043=PLANE('',#6891);
#6044=PLANE('',#6895);
#6045=PLANE('',#6899);
#6046=PLANE('',#6900);
#6047=PLANE('',#6904);
#6048=PLANE('',#6906);
#6049=PLANE('',#6907);
#6050=PLANE('',#6909);
#6051=PLANE('',#6910);
#6052=PLANE('',#6911);
#6053=PLANE('',#6912);
#6054=PLANE('',#6913);
#6055=PLANE('',#6914);
#6056=PLANE('',#6915);
#6057=PLANE('',#6916);
#6058=PLANE('',#6917);
#6059=PLANE('',#6918);
#6060=PLANE('',#6919);
#6061=PLANE('',#6920);
#6062=PLANE('',#6921);
#6063=PLANE('',#6922);
#6064=PLANE('',#6923);
#6065=PLANE('',#6924);
#6066=PLANE('',#6925);
#6067=PLANE('',#6926);
#6068=PLANE('',#6927);
#6069=PLANE('',#6928);
#6070=PLANE('',#6929);
#6071=PLANE('',#6930);
#6072=PLANE('',#6931);
#6073=PLANE('',#6932);
#6074=PLANE('',#6933);
#6075=PLANE('',#6934);
#6076=PLANE('',#6935);
#6077=PLANE('',#6936);
#6078=PLANE('',#6937);
#6079=PLANE('',#6938);
#6080=PLANE('',#6939);
#6081=PLANE('',#6940);
#6082=PLANE('',#6941);
#6083=PLANE('',#6942);
#6084=PLANE('',#6943);
#6085=PLANE('',#6944);
#6086=PLANE('',#6945);
#6087=PLANE('',#6946);
#6088=PLANE('',#6947);
#6089=PLANE('',#6948);
#6090=PLANE('',#6949);
#6091=PLANE('',#6950);
#6092=PLANE('',#6951);
#6093=PLANE('',#6952);
#6094=PLANE('',#6953);
#6095=PLANE('',#6954);
#6096=PLANE('',#6955);
#6097=PLANE('',#6956);
#6098=PLANE('',#6957);
#6099=PLANE('',#6958);
#6100=PLANE('',#6959);
#6101=PLANE('',#6960);
#6102=PLANE('',#6961);
#6103=PLANE('',#6962);
#6104=PLANE('',#6963);
#6105=PLANE('',#6964);
#6106=PLANE('',#6965);
#6107=PLANE('',#6966);
#6108=PLANE('',#6967);
#6109=PLANE('',#6968);
#6110=PLANE('',#6969);
#6111=PLANE('',#6970);
#6112=PLANE('',#6971);
#6113=PLANE('',#6972);
#6114=PLANE('',#6973);
#6115=PLANE('',#6974);
#6116=PLANE('',#6975);
#6117=PLANE('',#6976);
#6118=PLANE('',#6977);
#6119=PLANE('',#6978);
#6120=PLANE('',#6979);
#6121=PLANE('',#6980);
#6122=PLANE('',#6981);
#6123=PLANE('',#6982);
#6124=PLANE('',#6983);
#6125=PLANE('',#6984);
#6126=PLANE('',#6985);
#6127=PLANE('',#6986);
#6128=PLANE('',#6987);
#6129=PLANE('',#6988);
#6130=PLANE('',#6989);
#6131=PLANE('',#6990);
#6132=PLANE('',#6991);
#6133=PLANE('',#6992);
#6134=PLANE('',#6993);
#6135=PLANE('',#6994);
#6136=PLANE('',#6995);
#6137=PLANE('',#6996);
#6138=PLANE('',#6997);
#6139=PLANE('',#6998);
#6140=PLANE('',#6999);
#6141=PLANE('',#7000);
#6142=PLANE('',#7001);
#6143=PLANE('',#7002);
#6144=PLANE('',#7003);
#6145=PLANE('',#7004);
#6146=PLANE('',#7005);
#6147=PLANE('',#7006);
#6148=PLANE('',#7007);
#6149=PLANE('',#7008);
#6150=PLANE('',#7009);
#6151=PLANE('',#7010);
#6152=PLANE('',#7011);
#6153=PLANE('',#7012);
#6154=PLANE('',#7013);
#6155=PLANE('',#7014);
#6156=PLANE('',#7015);
#6157=PLANE('',#7016);
#6158=PLANE('',#7017);
#6159=PLANE('',#7018);
#6160=PLANE('',#7019);
#6161=PLANE('',#7020);
#6162=PLANE('',#7021);
#6163=PLANE('',#7022);
#6164=PLANE('',#7023);
#6165=PLANE('',#7024);
#6166=PLANE('',#7025);
#6167=PLANE('',#7026);
#6168=PLANE('',#7027);
#6169=PLANE('',#7028);
#6170=PLANE('',#7029);
#6171=PLANE('',#7030);
#6172=PLANE('',#7031);
#6173=PLANE('',#7032);
#6174=PLANE('',#7033);
#6175=PLANE('',#7034);
#6176=PLANE('',#7035);
#6177=PLANE('',#7036);
#6178=PLANE('',#7037);
#6179=PLANE('',#7038);
#6180=PLANE('',#7039);
#6181=PLANE('',#7040);
#6182=PLANE('',#7041);
#6183=PLANE('',#7042);
#6184=PLANE('',#7043);
#6185=PLANE('',#7044);
#6186=PLANE('',#7045);
#6187=PLANE('',#7046);
#6188=PLANE('',#7047);
#6189=PLANE('',#7048);
#6190=PLANE('',#7049);
#6191=PLANE('',#7050);
#6192=PLANE('',#7051);
#6193=PLANE('',#7052);
#6194=PLANE('',#7053);
#6195=PLANE('',#7054);
#6196=PLANE('',#7055);
#6197=PLANE('',#7056);
#6198=PLANE('',#7057);
#6199=PLANE('',#7058);
#6200=PLANE('',#7059);
#6201=PLANE('',#7060);
#6202=PLANE('',#7061);
#6203=PLANE('',#7062);
#6204=PLANE('',#7063);
#6205=PLANE('',#7064);
#6206=PLANE('',#7065);
#6207=PLANE('',#7066);
#6208=PLANE('',#7067);
#6209=PLANE('',#7068);
#6210=PLANE('',#7069);
#6211=PLANE('',#7070);
#6212=PLANE('',#7071);
#6213=PLANE('',#7072);
#6214=PLANE('',#7073);
#6215=PLANE('',#7074);
#6216=PLANE('',#7075);
#6217=PLANE('',#7076);
#6218=PLANE('',#7077);
#6219=PLANE('',#7078);
#6220=PLANE('',#7082);
#6221=PLANE('',#7084);
#6222=PLANE('',#7086);
#6223=PLANE('',#7088);
#6224=PLANE('',#7091);
#6225=PLANE('',#7093);
#6226=PLANE('',#7095);
#6227=PLANE('',#7097);
#6228=PLANE('',#7098);
#6229=PLANE('',#7099);
#6230=ADVANCED_FACE('',(#146,#136,#137,#138,#139),#5954,.F.);
#6231=ADVANCED_FACE('',(#147),#5955,.T.);
#6232=ADVANCED_FACE('',(#148),#5956,.T.);
#6233=ADVANCED_FACE('',(#149,#140,#141,#142,#143),#5957,.T.);
#6234=ADVANCED_FACE('',(#150),#5958,.T.);
#6235=ADVANCED_FACE('',(#151),#5959,.T.);
#6236=ADVANCED_FACE('',(#152),#5960,.T.);
#6237=ADVANCED_FACE('',(#153),#5961,.T.);
#6238=ADVANCED_FACE('',(#154),#5962,.T.);
#6239=ADVANCED_FACE('',(#155),#5963,.T.);
#6240=ADVANCED_FACE('',(#156),#5964,.T.);
#6241=ADVANCED_FACE('',(#157),#5965,.T.);
#6242=ADVANCED_FACE('',(#158),#5966,.F.);
#6243=ADVANCED_FACE('',(#159),#5967,.T.);
#6244=ADVANCED_FACE('',(#160),#5968,.T.);
#6245=ADVANCED_FACE('',(#161),#5969,.T.);
#6246=ADVANCED_FACE('',(#162),#5970,.T.);
#6247=ADVANCED_FACE('',(#163),#5971,.T.);
#6248=ADVANCED_FACE('',(#164),#5972,.F.);
#6249=ADVANCED_FACE('',(#165),#5973,.T.);
#6250=ADVANCED_FACE('',(#166),#5974,.T.);
#6251=ADVANCED_FACE('',(#167),#5975,.T.);
#6252=ADVANCED_FACE('',(#168),#5976,.T.);
#6253=ADVANCED_FACE('',(#169),#5977,.T.);
#6254=ADVANCED_FACE('',(#170),#5978,.T.);
#6255=ADVANCED_FACE('',(#171),#5979,.T.);
#6256=ADVANCED_FACE('',(#172),#96,.T.);
#6257=ADVANCED_FACE('',(#173),#5980,.T.);
#6258=ADVANCED_FACE('',(#174),#97,.T.);
#6259=ADVANCED_FACE('',(#175),#5981,.T.);
#6260=ADVANCED_FACE('',(#176),#5982,.T.);
#6261=ADVANCED_FACE('',(#177),#5983,.T.);
#6262=ADVANCED_FACE('',(#178),#5984,.T.);
#6263=ADVANCED_FACE('',(#179),#5985,.T.);
#6264=ADVANCED_FACE('',(#180),#5986,.T.);
#6265=ADVANCED_FACE('',(#181),#5987,.T.);
#6266=ADVANCED_FACE('',(#182),#98,.T.);
#6267=ADVANCED_FACE('',(#183),#5988,.T.);
#6268=ADVANCED_FACE('',(#184),#99,.T.);
#6269=ADVANCED_FACE('',(#185),#5989,.T.);
#6270=ADVANCED_FACE('',(#186),#5990,.T.);
#6271=ADVANCED_FACE('',(#187),#100,.T.);
#6272=ADVANCED_FACE('',(#188),#5991,.T.);
#6273=ADVANCED_FACE('',(#189),#101,.T.);
#6274=ADVANCED_FACE('',(#190),#5992,.T.);
#6275=ADVANCED_FACE('',(#191),#5993,.T.);
#6276=ADVANCED_FACE('',(#192),#5994,.T.);
#6277=ADVANCED_FACE('',(#193),#5995,.T.);
#6278=ADVANCED_FACE('',(#194),#5996,.T.);
#6279=ADVANCED_FACE('',(#195),#5997,.T.);
#6280=ADVANCED_FACE('',(#196),#5998,.T.);
#6281=ADVANCED_FACE('',(#197),#102,.T.);
#6282=ADVANCED_FACE('',(#198),#5999,.T.);
#6283=ADVANCED_FACE('',(#199),#103,.T.);
#6284=ADVANCED_FACE('',(#200),#6000,.T.);
#6285=ADVANCED_FACE('',(#201),#6001,.T.);
#6286=ADVANCED_FACE('',(#202),#6002,.T.);
#6287=ADVANCED_FACE('',(#203),#6003,.T.);
#6288=ADVANCED_FACE('',(#204),#6004,.T.);
#6289=ADVANCED_FACE('',(#205),#6005,.T.);
#6290=ADVANCED_FACE('',(#206),#6006,.T.);
#6291=ADVANCED_FACE('',(#207),#6007,.T.);
#6292=ADVANCED_FACE('',(#208),#6008,.T.);
#6293=ADVANCED_FACE('',(#209),#6009,.T.);
#6294=ADVANCED_FACE('',(#210),#6010,.T.);
#6295=ADVANCED_FACE('',(#211),#6011,.T.);
#6296=ADVANCED_FACE('',(#212),#6012,.T.);
#6297=ADVANCED_FACE('',(#213),#6013,.T.);
#6298=ADVANCED_FACE('',(#214),#6014,.T.);
#6299=ADVANCED_FACE('',(#215),#6015,.T.);
#6300=ADVANCED_FACE('',(#216),#104,.F.);
#6301=ADVANCED_FACE('',(#217),#105,.F.);
#6302=ADVANCED_FACE('',(#218),#106,.F.);
#6303=ADVANCED_FACE('',(#219),#107,.F.);
#6304=ADVANCED_FACE('',(#220),#6016,.T.);
#6305=ADVANCED_FACE('',(#221),#6017,.T.);
#6306=ADVANCED_FACE('',(#222),#6018,.T.);
#6307=ADVANCED_FACE('',(#223),#6019,.T.);
#6308=ADVANCED_FACE('',(#224),#6020,.T.);
#6309=ADVANCED_FACE('',(#225),#6021,.F.);
#6310=ADVANCED_FACE('',(#226),#108,.T.);
#6311=ADVANCED_FACE('',(#227),#6022,.T.);
#6312=ADVANCED_FACE('',(#228,#144),#6023,.T.);
#6313=ADVANCED_FACE('',(#229),#109,.T.);
#6314=ADVANCED_FACE('',(#230),#110,.T.);
#6315=ADVANCED_FACE('',(#231),#11,.T.);
#6316=ADVANCED_FACE('',(#232),#111,.T.);
#6317=ADVANCED_FACE('',(#233),#12,.T.);
#6318=ADVANCED_FACE('',(#234),#112,.T.);
#6319=ADVANCED_FACE('',(#235),#13,.T.);
#6320=ADVANCED_FACE('',(#236),#113,.T.);
#6321=ADVANCED_FACE('',(#237),#14,.T.);
#6322=ADVANCED_FACE('',(#238),#6024,.T.);
#6323=ADVANCED_FACE('',(#239),#6025,.T.);
#6324=ADVANCED_FACE('',(#240),#6026,.T.);
#6325=ADVANCED_FACE('',(#241),#6027,.F.);
#6326=ADVANCED_FACE('',(#242),#6028,.F.);
#6327=ADVANCED_FACE('',(#243),#6029,.F.);
#6328=ADVANCED_FACE('',(#244),#6030,.F.);
#6329=ADVANCED_FACE('',(#245),#6031,.F.);
#6330=ADVANCED_FACE('',(#246),#6032,.T.);
#6331=ADVANCED_FACE('',(#247),#114,.T.);
#6332=ADVANCED_FACE('',(#248),#115,.F.);
#6333=ADVANCED_FACE('',(#249),#6033,.T.);
#6334=ADVANCED_FACE('',(#250),#6034,.T.);
#6335=ADVANCED_FACE('',(#251),#116,.F.);
#6336=ADVANCED_FACE('',(#252),#6035,.T.);
#6337=ADVANCED_FACE('',(#253),#117,.T.);
#6338=ADVANCED_FACE('',(#254),#6036,.T.);
#6339=ADVANCED_FACE('',(#255),#118,.T.);
#6340=ADVANCED_FACE('',(#256),#6037,.T.);
#6341=ADVANCED_FACE('',(#257),#119,.T.);
#6342=ADVANCED_FACE('',(#258),#6038,.F.);
#6343=ADVANCED_FACE('',(#259),#6039,.T.);
#6344=ADVANCED_FACE('',(#260),#120,.F.);
#6345=ADVANCED_FACE('',(#261,#145),#6040,.T.);
#6346=ADVANCED_FACE('',(#262),#6041,.T.);
#6347=ADVANCED_FACE('',(#263),#121,.T.);
#6348=ADVANCED_FACE('',(#264),#6042,.F.);
#6349=ADVANCED_FACE('',(#265),#6043,.T.);
#6350=ADVANCED_FACE('',(#266),#6044,.T.);
#6351=ADVANCED_FACE('',(#267),#122,.F.);
#6352=ADVANCED_FACE('',(#268),#123,.T.);
#6353=ADVANCED_FACE('',(#269),#6045,.F.);
#6354=ADVANCED_FACE('',(#270),#6046,.T.);
#6355=ADVANCED_FACE('',(#271),#124,.F.);
#6356=ADVANCED_FACE('',(#272),#6047,.T.);
#6357=ADVANCED_FACE('',(#273),#125,.T.);
#6358=ADVANCED_FACE('',(#274),#6048,.F.);
#6359=ADVANCED_FACE('',(#275),#6049,.F.);
#6360=ADVANCED_FACE('',(#276),#126,.T.);
#6361=ADVANCED_FACE('',(#277),#6050,.F.);
#6362=ADVANCED_FACE('',(#278),#6051,.T.);
#6363=ADVANCED_FACE('',(#279),#6052,.T.);
#6364=ADVANCED_FACE('',(#280),#6053,.T.);
#6365=ADVANCED_FACE('',(#281),#6054,.T.);
#6366=ADVANCED_FACE('',(#282),#6055,.T.);
#6367=ADVANCED_FACE('',(#283),#6056,.T.);
#6368=ADVANCED_FACE('',(#284),#6057,.T.);
#6369=ADVANCED_FACE('',(#285),#6058,.T.);
#6370=ADVANCED_FACE('',(#286),#6059,.T.);
#6371=ADVANCED_FACE('',(#287),#6060,.T.);
#6372=ADVANCED_FACE('',(#288),#6061,.T.);
#6373=ADVANCED_FACE('',(#289),#6062,.T.);
#6374=ADVANCED_FACE('',(#290),#6063,.T.);
#6375=ADVANCED_FACE('',(#291),#6064,.T.);
#6376=ADVANCED_FACE('',(#292),#6065,.T.);
#6377=ADVANCED_FACE('',(#293),#6066,.T.);
#6378=ADVANCED_FACE('',(#294),#6067,.T.);
#6379=ADVANCED_FACE('',(#295),#6068,.T.);
#6380=ADVANCED_FACE('',(#296),#6069,.T.);
#6381=ADVANCED_FACE('',(#297),#6070,.T.);
#6382=ADVANCED_FACE('',(#298),#6071,.T.);
#6383=ADVANCED_FACE('',(#299),#6072,.T.);
#6384=ADVANCED_FACE('',(#300),#6073,.T.);
#6385=ADVANCED_FACE('',(#301),#6074,.T.);
#6386=ADVANCED_FACE('',(#302),#6075,.T.);
#6387=ADVANCED_FACE('',(#303),#6076,.T.);
#6388=ADVANCED_FACE('',(#304),#6077,.T.);
#6389=ADVANCED_FACE('',(#305),#6078,.T.);
#6390=ADVANCED_FACE('',(#306),#6079,.T.);
#6391=ADVANCED_FACE('',(#307),#6080,.T.);
#6392=ADVANCED_FACE('',(#308),#6081,.T.);
#6393=ADVANCED_FACE('',(#309),#6082,.T.);
#6394=ADVANCED_FACE('',(#310),#6083,.T.);
#6395=ADVANCED_FACE('',(#311),#6084,.T.);
#6396=ADVANCED_FACE('',(#312),#6085,.T.);
#6397=ADVANCED_FACE('',(#313),#6086,.T.);
#6398=ADVANCED_FACE('',(#314),#6087,.T.);
#6399=ADVANCED_FACE('',(#315),#6088,.T.);
#6400=ADVANCED_FACE('',(#316),#6089,.T.);
#6401=ADVANCED_FACE('',(#317),#6090,.T.);
#6402=ADVANCED_FACE('',(#318),#6091,.T.);
#6403=ADVANCED_FACE('',(#319),#6092,.T.);
#6404=ADVANCED_FACE('',(#320),#6093,.T.);
#6405=ADVANCED_FACE('',(#321),#6094,.T.);
#6406=ADVANCED_FACE('',(#322),#6095,.T.);
#6407=ADVANCED_FACE('',(#323),#6096,.T.);
#6408=ADVANCED_FACE('',(#324),#6097,.F.);
#6409=ADVANCED_FACE('',(#325),#6098,.F.);
#6410=ADVANCED_FACE('',(#326),#6099,.F.);
#6411=ADVANCED_FACE('',(#327),#6100,.F.);
#6412=ADVANCED_FACE('',(#328),#6101,.F.);
#6413=ADVANCED_FACE('',(#329),#6102,.F.);
#6414=ADVANCED_FACE('',(#330),#6103,.F.);
#6415=ADVANCED_FACE('',(#331),#6104,.F.);
#6416=ADVANCED_FACE('',(#332),#6105,.F.);
#6417=ADVANCED_FACE('',(#333),#6106,.F.);
#6418=ADVANCED_FACE('',(#334),#6107,.F.);
#6419=ADVANCED_FACE('',(#335),#6108,.F.);
#6420=ADVANCED_FACE('',(#336),#6109,.F.);
#6421=ADVANCED_FACE('',(#337),#6110,.F.);
#6422=ADVANCED_FACE('',(#338),#6111,.F.);
#6423=ADVANCED_FACE('',(#339),#6112,.F.);
#6424=ADVANCED_FACE('',(#340),#6113,.F.);
#6425=ADVANCED_FACE('',(#341),#6114,.F.);
#6426=ADVANCED_FACE('',(#342),#6115,.F.);
#6427=ADVANCED_FACE('',(#343),#6116,.F.);
#6428=ADVANCED_FACE('',(#344),#6117,.F.);
#6429=ADVANCED_FACE('',(#345),#6118,.F.);
#6430=ADVANCED_FACE('',(#346),#6119,.F.);
#6431=ADVANCED_FACE('',(#347),#6120,.F.);
#6432=ADVANCED_FACE('',(#348),#6121,.F.);
#6433=ADVANCED_FACE('',(#349),#6122,.F.);
#6434=ADVANCED_FACE('',(#350),#6123,.F.);
#6435=ADVANCED_FACE('',(#351),#6124,.F.);
#6436=ADVANCED_FACE('',(#352),#6125,.F.);
#6437=ADVANCED_FACE('',(#353),#6126,.F.);
#6438=ADVANCED_FACE('',(#354),#6127,.F.);
#6439=ADVANCED_FACE('',(#355),#6128,.F.);
#6440=ADVANCED_FACE('',(#356),#6129,.F.);
#6441=ADVANCED_FACE('',(#357),#6130,.F.);
#6442=ADVANCED_FACE('',(#358),#6131,.F.);
#6443=ADVANCED_FACE('',(#359),#6132,.F.);
#6444=ADVANCED_FACE('',(#360),#6133,.F.);
#6445=ADVANCED_FACE('',(#361),#6134,.F.);
#6446=ADVANCED_FACE('',(#362),#6135,.F.);
#6447=ADVANCED_FACE('',(#363),#6136,.F.);
#6448=ADVANCED_FACE('',(#364),#6137,.F.);
#6449=ADVANCED_FACE('',(#365),#6138,.F.);
#6450=ADVANCED_FACE('',(#366),#6139,.F.);
#6451=ADVANCED_FACE('',(#367),#6140,.F.);
#6452=ADVANCED_FACE('',(#368),#6141,.F.);
#6453=ADVANCED_FACE('',(#369),#6142,.F.);
#6454=ADVANCED_FACE('',(#370),#6143,.F.);
#6455=ADVANCED_FACE('',(#371),#6144,.F.);
#6456=ADVANCED_FACE('',(#372),#6145,.F.);
#6457=ADVANCED_FACE('',(#373),#6146,.F.);
#6458=ADVANCED_FACE('',(#374),#6147,.F.);
#6459=ADVANCED_FACE('',(#375),#6148,.F.);
#6460=ADVANCED_FACE('',(#376),#6149,.F.);
#6461=ADVANCED_FACE('',(#377),#6150,.F.);
#6462=ADVANCED_FACE('',(#378),#6151,.F.);
#6463=ADVANCED_FACE('',(#379),#6152,.F.);
#6464=ADVANCED_FACE('',(#380),#6153,.F.);
#6465=ADVANCED_FACE('',(#381),#6154,.F.);
#6466=ADVANCED_FACE('',(#382),#6155,.F.);
#6467=ADVANCED_FACE('',(#383),#6156,.F.);
#6468=ADVANCED_FACE('',(#384),#6157,.F.);
#6469=ADVANCED_FACE('',(#385),#6158,.F.);
#6470=ADVANCED_FACE('',(#386),#6159,.F.);
#6471=ADVANCED_FACE('',(#387),#6160,.F.);
#6472=ADVANCED_FACE('',(#388),#6161,.F.);
#6473=ADVANCED_FACE('',(#389),#6162,.F.);
#6474=ADVANCED_FACE('',(#390),#6163,.F.);
#6475=ADVANCED_FACE('',(#391),#6164,.F.);
#6476=ADVANCED_FACE('',(#392),#6165,.F.);
#6477=ADVANCED_FACE('',(#393),#6166,.F.);
#6478=ADVANCED_FACE('',(#394),#6167,.F.);
#6479=ADVANCED_FACE('',(#395),#6168,.F.);
#6480=ADVANCED_FACE('',(#396),#6169,.F.);
#6481=ADVANCED_FACE('',(#397),#6170,.F.);
#6482=ADVANCED_FACE('',(#398),#6171,.F.);
#6483=ADVANCED_FACE('',(#399),#6172,.F.);
#6484=ADVANCED_FACE('',(#400),#6173,.F.);
#6485=ADVANCED_FACE('',(#401),#6174,.F.);
#6486=ADVANCED_FACE('',(#402),#6175,.F.);
#6487=ADVANCED_FACE('',(#403),#6176,.F.);
#6488=ADVANCED_FACE('',(#404),#6177,.F.);
#6489=ADVANCED_FACE('',(#405),#6178,.F.);
#6490=ADVANCED_FACE('',(#406),#6179,.F.);
#6491=ADVANCED_FACE('',(#407),#6180,.F.);
#6492=ADVANCED_FACE('',(#408),#6181,.F.);
#6493=ADVANCED_FACE('',(#409),#6182,.F.);
#6494=ADVANCED_FACE('',(#410),#6183,.F.);
#6495=ADVANCED_FACE('',(#411),#6184,.F.);
#6496=ADVANCED_FACE('',(#412),#6185,.F.);
#6497=ADVANCED_FACE('',(#413),#6186,.F.);
#6498=ADVANCED_FACE('',(#414),#6187,.F.);
#6499=ADVANCED_FACE('',(#415),#6188,.F.);
#6500=ADVANCED_FACE('',(#416),#6189,.F.);
#6501=ADVANCED_FACE('',(#417),#6190,.F.);
#6502=ADVANCED_FACE('',(#418),#6191,.F.);
#6503=ADVANCED_FACE('',(#419),#6192,.F.);
#6504=ADVANCED_FACE('',(#420),#6193,.F.);
#6505=ADVANCED_FACE('',(#421),#6194,.F.);
#6506=ADVANCED_FACE('',(#422),#6195,.F.);
#6507=ADVANCED_FACE('',(#423),#6196,.F.);
#6508=ADVANCED_FACE('',(#424),#6197,.F.);
#6509=ADVANCED_FACE('',(#425),#6198,.F.);
#6510=ADVANCED_FACE('',(#426),#6199,.F.);
#6511=ADVANCED_FACE('',(#427),#6200,.F.);
#6512=ADVANCED_FACE('',(#428),#6201,.F.);
#6513=ADVANCED_FACE('',(#429),#6202,.F.);
#6514=ADVANCED_FACE('',(#430),#6203,.F.);
#6515=ADVANCED_FACE('',(#431),#6204,.F.);
#6516=ADVANCED_FACE('',(#432),#6205,.F.);
#6517=ADVANCED_FACE('',(#433),#6206,.F.);
#6518=ADVANCED_FACE('',(#434),#6207,.F.);
#6519=ADVANCED_FACE('',(#435),#6208,.F.);
#6520=ADVANCED_FACE('',(#436),#6209,.F.);
#6521=ADVANCED_FACE('',(#437),#6210,.F.);
#6522=ADVANCED_FACE('',(#438),#6211,.F.);
#6523=ADVANCED_FACE('',(#439),#6212,.F.);
#6524=ADVANCED_FACE('',(#440),#6213,.F.);
#6525=ADVANCED_FACE('',(#441),#6214,.F.);
#6526=ADVANCED_FACE('',(#442),#6215,.F.);
#6527=ADVANCED_FACE('',(#443),#6216,.F.);
#6528=ADVANCED_FACE('',(#444),#6217,.T.);
#6529=ADVANCED_FACE('',(#445),#6218,.T.);
#6530=ADVANCED_FACE('',(#446),#6219,.F.);
#6531=ADVANCED_FACE('',(#447),#127,.F.);
#6532=ADVANCED_FACE('',(#448),#6220,.T.);
#6533=ADVANCED_FACE('',(#449),#128,.F.);
#6534=ADVANCED_FACE('',(#450),#6221,.T.);
#6535=ADVANCED_FACE('',(#451),#129,.T.);
#6536=ADVANCED_FACE('',(#452),#6222,.T.);
#6537=ADVANCED_FACE('',(#453),#130,.F.);
#6538=ADVANCED_FACE('',(#454),#6223,.T.);
#6539=ADVANCED_FACE('',(#455),#131,.T.);
#6540=ADVANCED_FACE('',(#456),#132,.T.);
#6541=ADVANCED_FACE('',(#457),#6224,.T.);
#6542=ADVANCED_FACE('',(#458),#133,.F.);
#6543=ADVANCED_FACE('',(#459),#6225,.T.);
#6544=ADVANCED_FACE('',(#460),#134,.T.);
#6545=ADVANCED_FACE('',(#461),#6226,.T.);
#6546=ADVANCED_FACE('',(#462),#135,.T.);
#6547=ADVANCED_FACE('',(#463),#6227,.T.);
#6548=ADVANCED_FACE('',(#464),#6228,.T.);
#6549=ADVANCED_FACE('',(#465),#6229,.T.);
#6550=CLOSED_SHELL('',(#6230,#6231,#6232,#6233,#6234,#6235,#6236,#6237,
#6238,#6239,#6240,#6241,#6242,#6243,#6244,#6245,#6246,#6247,#6248,#6249,
#6250,#6251,#6252,#6253,#6254,#6255,#6256,#6257,#6258,#6259,#6260,#6261,
#6262,#6263,#6264,#6265,#6266,#6267,#6268,#6269,#6270,#6271,#6272,#6273,
#6274,#6275,#6276,#6277,#6278,#6279,#6280,#6281,#6282,#6283,#6284,#6285,
#6286,#6287,#6288,#6289,#6290,#6291,#6292,#6293,#6294,#6295,#6296,#6297,
#6298,#6299,#6300,#6301,#6302,#6303));
#6551=CLOSED_SHELL('',(#6304,#6305,#6306,#6307,#6308,#6309));
#6552=CLOSED_SHELL('',(#6310,#6311,#6312,#6313,#6314,#6315,#6316,#6317,
#6318,#6319,#6320,#6321,#6322,#6323,#6324,#6325,#6326,#6327,#6328,#6329,
#6330,#6331,#6332,#6333,#6334,#6335,#6336,#6337,#6338,#6339,#6340,#6341,
#6342));
#6553=CLOSED_SHELL('',(#6343,#6344,#6345,#6346,#6347,#6348,#6349,#6350,
#6351,#6352,#6353,#6354,#6355,#6356,#6357,#6358,#6359,#6360,#6361,#6362,
#6363,#6364,#6365,#6366,#6367,#6368,#6369,#6370,#6371,#6372,#6373,#6374,
#6375,#6376,#6377,#6378,#6379,#6380,#6381,#6382,#6383,#6384,#6385,#6386,
#6387,#6388,#6389,#6390,#6391,#6392,#6393,#6394,#6395,#6396,#6397,#6398,
#6399,#6400,#6401,#6402,#6403,#6404,#6405,#6406,#6407,#6408,#6409,#6410,
#6411,#6412,#6413,#6414,#6415,#6416,#6417,#6418,#6419,#6420,#6421,#6422,
#6423,#6424,#6425,#6426,#6427,#6428,#6429,#6430,#6431,#6432,#6433,#6434,
#6435,#6436,#6437,#6438,#6439,#6440,#6441,#6442,#6443,#6444,#6445,#6446,
#6447,#6448,#6449,#6450,#6451,#6452,#6453,#6454,#6455,#6456,#6457,#6458,
#6459,#6460,#6461,#6462,#6463,#6464,#6465,#6466,#6467,#6468,#6469,#6470,
#6471,#6472,#6473,#6474,#6475,#6476,#6477,#6478,#6479,#6480,#6481,#6482,
#6483,#6484,#6485,#6486,#6487,#6488,#6489,#6490,#6491,#6492,#6493,#6494,
#6495,#6496,#6497,#6498,#6499,#6500,#6501,#6502,#6503,#6504,#6505,#6506,
#6507,#6508,#6509,#6510,#6511,#6512,#6513,#6514,#6515,#6516,#6517,#6518,
#6519,#6520,#6521,#6522,#6523,#6524,#6525,#6526,#6527,#6528,#6529,#6530,
#6531,#6532,#6533,#6534,#6535,#6536,#6537,#6538,#6539,#6540,#6541,#6542,
#6543,#6544,#6545,#6546,#6547,#6548,#6549));
#6554=DERIVED_UNIT_ELEMENT(#6562,1.);
#6555=DERIVED_UNIT_ELEMENT(#10676,3.);
#6556=DERIVED_UNIT_ELEMENT(#6562,1.);
#6557=DERIVED_UNIT_ELEMENT(#10676,3.);
#6558=DERIVED_UNIT_ELEMENT(#6562,1.);
#6559=DERIVED_UNIT_ELEMENT(#10676,3.);
#6560=DERIVED_UNIT_ELEMENT(#6562,1.);
#6561=DERIVED_UNIT_ELEMENT(#10676,3.);
#6562=(
MASS_UNIT()
NAMED_UNIT(*)
SI_UNIT($,.GRAM.)
);
#6563=DERIVED_UNIT((#6554,#6555));
#6564=DERIVED_UNIT((#6556,#6557));
#6565=DERIVED_UNIT((#6558,#6559));
#6566=DERIVED_UNIT((#6560,#6561));
#6567=MEASURE_REPRESENTATION_ITEM('density measure',
POSITIVE_RATIO_MEASURE(1.),#6563);
#6568=MEASURE_REPRESENTATION_ITEM('density measure',
POSITIVE_RATIO_MEASURE(1.),#6564);
#6569=MEASURE_REPRESENTATION_ITEM('density measure',
POSITIVE_RATIO_MEASURE(1.),#6565);
#6570=MEASURE_REPRESENTATION_ITEM('density measure',
POSITIVE_RATIO_MEASURE(1.),#6566);
#6571=PROPERTY_DEFINITION_REPRESENTATION(#6591,#6579);
#6572=PROPERTY_DEFINITION_REPRESENTATION(#6592,#6580);
#6573=PROPERTY_DEFINITION_REPRESENTATION(#6593,#6581);
#6574=PROPERTY_DEFINITION_REPRESENTATION(#6594,#6582);
#6575=PROPERTY_DEFINITION_REPRESENTATION(#6595,#6583);
#6576=PROPERTY_DEFINITION_REPRESENTATION(#6596,#6584);
#6577=PROPERTY_DEFINITION_REPRESENTATION(#6597,#6585);
#6578=PROPERTY_DEFINITION_REPRESENTATION(#6598,#6586);
#6579=REPRESENTATION('material name',(#6587),#10669);
#6580=REPRESENTATION('density',(#6567),#10669);
#6581=REPRESENTATION('material name',(#6588),#10670);
#6582=REPRESENTATION('density',(#6568),#10670);
#6583=REPRESENTATION('material name',(#6589),#10672);
#6584=REPRESENTATION('density',(#6569),#10672);
#6585=REPRESENTATION('material name',(#6590),#10673);
#6586=REPRESENTATION('density',(#6570),#10673);
#6587=DESCRIPTIVE_REPRESENTATION_ITEM('Generic','Generic');
#6588=DESCRIPTIVE_REPRESENTATION_ITEM('Generic','Generic');
#6589=DESCRIPTIVE_REPRESENTATION_ITEM('Generic','Generic');
#6590=DESCRIPTIVE_REPRESENTATION_ITEM('Generic','Generic');
#6591=PROPERTY_DEFINITION('material property','material name',#10709);
#6592=PROPERTY_DEFINITION('material property','density of part',#10709);
#6593=PROPERTY_DEFINITION('material property','material name',#10710);
#6594=PROPERTY_DEFINITION('material property','density of part',#10710);
#6595=PROPERTY_DEFINITION('material property','material name',#10712);
#6596=PROPERTY_DEFINITION('material property','density of part',#10712);
#6597=PROPERTY_DEFINITION('material property','material name',#10713);
#6598=PROPERTY_DEFINITION('material property','density of part',#10713);
#6599=PRESENTATION_STYLE_ASSIGNMENT((#6605));
#6600=PRESENTATION_STYLE_ASSIGNMENT((#6606));
#6601=PRESENTATION_STYLE_ASSIGNMENT((#6607));
#6602=PRESENTATION_STYLE_ASSIGNMENT((#6608));
#6603=PRESENTATION_STYLE_ASSIGNMENT((#6609));
#6604=PRESENTATION_STYLE_ASSIGNMENT((#6610));
#6605=SURFACE_STYLE_USAGE(.BOTH.,#6611);
#6606=SURFACE_STYLE_USAGE(.BOTH.,#6612);
#6607=SURFACE_STYLE_USAGE(.BOTH.,#6613);
#6608=SURFACE_STYLE_USAGE(.BOTH.,#6614);
#6609=SURFACE_STYLE_USAGE(.BOTH.,#6615);
#6610=SURFACE_STYLE_USAGE(.BOTH.,#6616);
#6611=SURFACE_SIDE_STYLE('',(#6617));
#6612=SURFACE_SIDE_STYLE('',(#6618));
#6613=SURFACE_SIDE_STYLE('',(#6619));
#6614=SURFACE_SIDE_STYLE('',(#6620));
#6615=SURFACE_SIDE_STYLE('',(#6621));
#6616=SURFACE_SIDE_STYLE('',(#6622));
#6617=SURFACE_STYLE_FILL_AREA(#6623);
#6618=SURFACE_STYLE_FILL_AREA(#6624);
#6619=SURFACE_STYLE_FILL_AREA(#6625);
#6620=SURFACE_STYLE_FILL_AREA(#6626);
#6621=SURFACE_STYLE_FILL_AREA(#6627);
#6622=SURFACE_STYLE_FILL_AREA(#6628);
#6623=FILL_AREA_STYLE('',(#6629));
#6624=FILL_AREA_STYLE('',(#6630));
#6625=FILL_AREA_STYLE('',(#6631));
#6626=FILL_AREA_STYLE('',(#6632));
#6627=FILL_AREA_STYLE('',(#6633));
#6628=FILL_AREA_STYLE('',(#6634));
#6629=FILL_AREA_STYLE_COLOUR('',#6635);
#6630=FILL_AREA_STYLE_COLOUR('',#6636);
#6631=FILL_AREA_STYLE_COLOUR('',#6637);
#6632=FILL_AREA_STYLE_COLOUR('',#6638);
#6633=FILL_AREA_STYLE_COLOUR('',#6639);
#6634=FILL_AREA_STYLE_COLOUR('',#6640);
#6635=COLOUR_RGB('',0.749019607843137,0.749019607843137,0.749019607843137);
#6636=COLOUR_RGB('',0.372549019607843,0.372549019607843,0.380392156862745);
#6637=COLOUR_RGB('',0.956862745098039,0.956862745098039,0.956862745098039);
#6638=COLOUR_RGB('',0.,0.,0.);
#6639=COLOUR_RGB('',0.737254901960784,0.313725490196078,0.184313725490196);
#6640=COLOUR_RGB('',1.,0.56078431372549,0.184313725490196);
#6641=DATE_TIME_ROLE('creation_date');
#6642=DATE_TIME_ROLE('creation_date');
#6643=DATE_TIME_ROLE('creation_date');
#6644=DATE_TIME_ROLE('creation_date');
#6645=DATE_TIME_ROLE('creation_date');
#6646=DATE_TIME_ROLE('creation_date');
#6647=DATE_TIME_ROLE('creation_date');
#6648=APPLIED_DATE_AND_TIME_ASSIGNMENT(#6655,#6641,(#10707));
#6649=APPLIED_DATE_AND_TIME_ASSIGNMENT(#6656,#6642,(#10708));
#6650=APPLIED_DATE_AND_TIME_ASSIGNMENT(#6657,#6643,(#10709));
#6651=APPLIED_DATE_AND_TIME_ASSIGNMENT(#6658,#6644,(#10710));
#6652=APPLIED_DATE_AND_TIME_ASSIGNMENT(#6659,#6645,(#10711));
#6653=APPLIED_DATE_AND_TIME_ASSIGNMENT(#6660,#6646,(#10712));
#6654=APPLIED_DATE_AND_TIME_ASSIGNMENT(#6661,#6647,(#10713));
#6655=DATE_AND_TIME(#6662,#6669);
#6656=DATE_AND_TIME(#6663,#6670);
#6657=DATE_AND_TIME(#6664,#6671);
#6658=DATE_AND_TIME(#6665,#6672);
#6659=DATE_AND_TIME(#6666,#6673);
#6660=DATE_AND_TIME(#6667,#6674);
#6661=DATE_AND_TIME(#6668,#6675);
#6662=CALENDAR_DATE(2020,16,9);
#6663=CALENDAR_DATE(2020,16,9);
#6664=CALENDAR_DATE(2018,13,9);
#6665=CALENDAR_DATE(2020,13,8);
#6666=CALENDAR_DATE(2020,9,9);
#6667=CALENDAR_DATE(2020,9,9);
#6668=CALENDAR_DATE(2020,9,9);
#6669=LOCAL_TIME(13,38,29.,#6676);
#6670=LOCAL_TIME(13,33,37.,#6677);
#6671=LOCAL_TIME(18,2,14.,#6678);
#6672=LOCAL_TIME(10,5,57.,#6679);
#6673=LOCAL_TIME(8,20,25.,#6680);
#6674=LOCAL_TIME(7,48,9.,#6681);
#6675=LOCAL_TIME(8,5,36.,#6682);
#6676=COORDINATED_UNIVERSAL_TIME_OFFSET(0,0,.BEHIND.);
#6677=COORDINATED_UNIVERSAL_TIME_OFFSET(0,0,.BEHIND.);
#6678=COORDINATED_UNIVERSAL_TIME_OFFSET(0,0,.BEHIND.);
#6679=COORDINATED_UNIVERSAL_TIME_OFFSET(0,0,.BEHIND.);
#6680=COORDINATED_UNIVERSAL_TIME_OFFSET(0,0,.BEHIND.);
#6681=COORDINATED_UNIVERSAL_TIME_OFFSET(0,0,.BEHIND.);
#6682=COORDINATED_UNIVERSAL_TIME_OFFSET(0,0,.BEHIND.);
#6683=AXIS2_PLACEMENT_3D('placement',#8784,#7104,#7105);
#6684=AXIS2_PLACEMENT_3D('placement',#8785,#7106,#7107);
#6685=AXIS2_PLACEMENT_3D('placement',#8786,#7108,#7109);
#6686=AXIS2_PLACEMENT_3D('',#8787,#7110,#7111);
#6687=AXIS2_PLACEMENT_3D('',#8796,#7115,#7116);
#6688=AXIS2_PLACEMENT_3D('',#8800,#7118,#7119);
#6689=AXIS2_PLACEMENT_3D('',#8808,#7123,#7124);
#6690=AXIS2_PLACEMENT_3D('',#8812,#7126,#7127);
#6691=AXIS2_PLACEMENT_3D('',#8828,#7135,#7136);
#6692=AXIS2_PLACEMENT_3D('',#8832,#7138,#7139);
#6693=AXIS2_PLACEMENT_3D('',#8840,#7143,#7144);
#6694=AXIS2_PLACEMENT_3D('',#8844,#7146,#7147);
#6695=AXIS2_PLACEMENT_3D('',#8854,#7152,#7153);
#6696=AXIS2_PLACEMENT_3D('',#8855,#7154,#7155);
#6697=AXIS2_PLACEMENT_3D('',#8858,#7156,#7157);
#6698=AXIS2_PLACEMENT_3D('',#8859,#7158,#7159);
#6699=AXIS2_PLACEMENT_3D('',#8862,#7160,#7161);
#6700=AXIS2_PLACEMENT_3D('',#8863,#7162,#7163);
#6701=AXIS2_PLACEMENT_3D('',#8866,#7164,#7165);
#6702=AXIS2_PLACEMENT_3D('',#8867,#7166,#7167);
#6703=AXIS2_PLACEMENT_3D('',#8868,#7168,#7169);
#6704=AXIS2_PLACEMENT_3D('',#8874,#7173,#7174);
#6705=AXIS2_PLACEMENT_3D('',#8886,#7181,#7182);
#6706=AXIS2_PLACEMENT_3D('',#8923,#7200,#7201);
#6707=AXIS2_PLACEMENT_3D('',#8927,#7203,#7204);
#6708=AXIS2_PLACEMENT_3D('',#8943,#7212,#7213);
#6709=AXIS2_PLACEMENT_3D('',#8947,#7215,#7216);
#6710=AXIS2_PLACEMENT_3D('',#8979,#7233,#7234);
#6711=AXIS2_PLACEMENT_3D('',#8983,#7236,#7237);
#6712=AXIS2_PLACEMENT_3D('',#8999,#7245,#7246);
#6713=AXIS2_PLACEMENT_3D('',#9003,#7248,#7249);
#6714=AXIS2_PLACEMENT_3D('',#9009,#7252,#7253);
#6715=AXIS2_PLACEMENT_3D('',#9010,#7254,#7255);
#6716=AXIS2_PLACEMENT_3D('',#9013,#7256,#7257);
#6717=AXIS2_PLACEMENT_3D('',#9014,#7258,#7259);
#6718=AXIS2_PLACEMENT_3D('',#9017,#7260,#7261);
#6719=AXIS2_PLACEMENT_3D('',#9018,#7262,#7263);
#6720=AXIS2_PLACEMENT_3D('',#9021,#7264,#7265);
#6721=AXIS2_PLACEMENT_3D('',#9022,#7266,#7267);
#6722=AXIS2_PLACEMENT_3D('',#9023,#7268,#7269);
#6723=AXIS2_PLACEMENT_3D('',#9029,#7273,#7274);
#6724=AXIS2_PLACEMENT_3D('',#9033,#7277,#7278);
#6725=AXIS2_PLACEMENT_3D('',#9037,#7281,#7282);
#6726=AXIS2_PLACEMENT_3D('',#9041,#7286,#7287);
#6727=AXIS2_PLACEMENT_3D('',#9042,#7288,#7289);
#6728=AXIS2_PLACEMENT_3D('',#9044,#7291,#7292);
#6729=AXIS2_PLACEMENT_3D('',#9059,#7301,#7302);
#6730=AXIS2_PLACEMENT_3D('',#9065,#7306,#7307);
#6731=AXIS2_PLACEMENT_3D('',#9069,#7310,#7311);
#6732=AXIS2_PLACEMENT_3D('',#9073,#7314,#7315);
#6733=AXIS2_PLACEMENT_3D('',#9079,#7319,#7320);
#6734=AXIS2_PLACEMENT_3D('',#9081,#7322,#7323);
#6735=AXIS2_PLACEMENT_3D('',#9084,#7326,#7327);
#6736=AXIS2_PLACEMENT_3D('',#9085,#7328,#7329);
#6737=AXIS2_PLACEMENT_3D('',#9086,#7330,#7331);
#6738=AXIS2_PLACEMENT_3D('',#9088,#7333,#7334);
#6739=AXIS2_PLACEMENT_3D('',#9095,#7339,#7340);
#6740=AXIS2_PLACEMENT_3D('',#9099,#7343,#7344);
#6741=AXIS2_PLACEMENT_3D('',#9103,#7347,#7348);
#6742=AXIS2_PLACEMENT_3D('',#9105,#7350,#7351);
#6743=AXIS2_PLACEMENT_3D('',#9106,#7352,#7353);
#6744=AXIS2_PLACEMENT_3D('',#9108,#7355,#7356);
#6745=AXIS2_PLACEMENT_3D('',#9110,#7358,#7359);
#6746=AXIS2_PLACEMENT_3D('',#9112,#7361,#7362);
#6747=AXIS2_PLACEMENT_3D('',#9114,#7364,#7365);
#6748=AXIS2_PLACEMENT_3D('',#9116,#7367,#7368);
#6749=AXIS2_PLACEMENT_3D('',#9123,#7373,#7374);
#6750=AXIS2_PLACEMENT_3D('',#9127,#7377,#7378);
#6751=AXIS2_PLACEMENT_3D('',#9131,#7381,#7382);
#6752=AXIS2_PLACEMENT_3D('',#9133,#7384,#7385);
#6753=AXIS2_PLACEMENT_3D('',#9134,#7386,#7387);
#6754=AXIS2_PLACEMENT_3D('',#9136,#7389,#7390);
#6755=AXIS2_PLACEMENT_3D('',#9138,#7392,#7393);
#6756=AXIS2_PLACEMENT_3D('',#9140,#7395,#7396);
#6757=AXIS2_PLACEMENT_3D('',#9142,#7398,#7399);
#6758=AXIS2_PLACEMENT_3D('',#9143,#7400,#7401);
#6759=AXIS2_PLACEMENT_3D('',#9145,#7403,#7404);
#6760=AXIS2_PLACEMENT_3D('',#9147,#7406,#7407);
#6761=AXIS2_PLACEMENT_3D('',#9149,#7409,#7410);
#6762=AXIS2_PLACEMENT_3D('',#9151,#7412,#7413);
#6763=AXIS2_PLACEMENT_3D('',#9153,#7415,#7416);
#6764=AXIS2_PLACEMENT_3D('',#9160,#7421,#7422);
#6765=AXIS2_PLACEMENT_3D('',#9164,#7425,#7426);
#6766=AXIS2_PLACEMENT_3D('',#9168,#7429,#7430);
#6767=AXIS2_PLACEMENT_3D('',#9170,#7432,#7433);
#6768=AXIS2_PLACEMENT_3D('',#9171,#7434,#7435);
#6769=AXIS2_PLACEMENT_3D('',#9173,#7437,#7438);
#6770=AXIS2_PLACEMENT_3D('',#9175,#7440,#7441);
#6771=AXIS2_PLACEMENT_3D('',#9177,#7443,#7444);
#6772=AXIS2_PLACEMENT_3D('',#9179,#7446,#7447);
#6773=AXIS2_PLACEMENT_3D('',#9181,#7449,#7450);
#6774=AXIS2_PLACEMENT_3D('',#9188,#7455,#7456);
#6775=AXIS2_PLACEMENT_3D('',#9192,#7459,#7460);
#6776=AXIS2_PLACEMENT_3D('',#9196,#7463,#7464);
#6777=AXIS2_PLACEMENT_3D('',#9198,#7466,#7467);
#6778=AXIS2_PLACEMENT_3D('',#9199,#7468,#7469);
#6779=AXIS2_PLACEMENT_3D('',#9201,#7471,#7472);
#6780=AXIS2_PLACEMENT_3D('',#9207,#7476,#7477);
#6781=AXIS2_PLACEMENT_3D('',#9211,#7480,#7481);
#6782=AXIS2_PLACEMENT_3D('',#9215,#7484,#7485);
#6783=AXIS2_PLACEMENT_3D('',#9217,#7487,#7488);
#6784=AXIS2_PLACEMENT_3D('',#9218,#7489,#7490);
#6785=AXIS2_PLACEMENT_3D('',#9222,#7493,#7494);
#6786=AXIS2_PLACEMENT_3D('',#9226,#7497,#7498);
#6787=AXIS2_PLACEMENT_3D('',#9228,#7500,#7501);
#6788=AXIS2_PLACEMENT_3D('',#9229,#7502,#7503);
#6789=AXIS2_PLACEMENT_3D('',#9231,#7505,#7506);
#6790=AXIS2_PLACEMENT_3D('',#9233,#7508,#7509);
#6791=AXIS2_PLACEMENT_3D('',#9235,#7511,#7512);
#6792=AXIS2_PLACEMENT_3D('placement',#9237,#7514,#7515);
#6793=AXIS2_PLACEMENT_3D('',#9238,#7516,#7517);
#6794=AXIS2_PLACEMENT_3D('',#9247,#7522,#7523);
#6795=AXIS2_PLACEMENT_3D('',#9253,#7527,#7528);
#6796=AXIS2_PLACEMENT_3D('',#9259,#7532,#7533);
#6797=AXIS2_PLACEMENT_3D('',#9262,#7536,#7537);
#6798=AXIS2_PLACEMENT_3D('',#9263,#7538,#7539);
#6799=AXIS2_PLACEMENT_3D('',#9264,#7540,#7541);
#6800=AXIS2_PLACEMENT_3D('',#9265,#7542,#7543);
#6801=AXIS2_PLACEMENT_3D('placement',#9266,#7544,#7545);
#6802=AXIS2_PLACEMENT_3D('placement',#9267,#7546,#7547);
#6803=AXIS2_PLACEMENT_3D('',#9268,#7548,#7549);
#6804=AXIS2_PLACEMENT_3D('',#9271,#7550,#7551);
#6805=AXIS2_PLACEMENT_3D('',#9275,#7553,#7554);
#6806=AXIS2_PLACEMENT_3D('',#9277,#7556,#7557);
#6807=AXIS2_PLACEMENT_3D('',#9285,#7562,#7563);
#6808=AXIS2_PLACEMENT_3D('',#9289,#7565,#7566);
#6809=AXIS2_PLACEMENT_3D('',#9304,#7574,#7575);
#6810=AXIS2_PLACEMENT_3D('',#9313,#7580,#7581);
#6811=AXIS2_PLACEMENT_3D('',#9315,#7582,#7583);
#6812=AXIS2_PLACEMENT_3D('',#9318,#7585,#7586);
#6813=AXIS2_PLACEMENT_3D('',#9319,#7587,#7588);
#6814=AXIS2_PLACEMENT_3D('',#9321,#7589,#7590);
#6815=AXIS2_PLACEMENT_3D('',#9324,#7592,#7593);
#6816=AXIS2_PLACEMENT_3D('',#9325,#7594,#7595);
#6817=AXIS2_PLACEMENT_3D('',#9326,#7596,#7597);
#6818=AXIS2_PLACEMENT_3D('',#9327,#7598,#7599);
#6819=AXIS2_PLACEMENT_3D('',#9329,#7600,#7601);
#6820=AXIS2_PLACEMENT_3D('',#9332,#7603,#7604);
#6821=AXIS2_PLACEMENT_3D('',#9333,#7605,#7606);
#6822=AXIS2_PLACEMENT_3D('',#9334,#7607,#7608);
#6823=AXIS2_PLACEMENT_3D('',#9335,#7609,#7610);
#6824=AXIS2_PLACEMENT_3D('',#9337,#7611,#7612);
#6825=AXIS2_PLACEMENT_3D('',#9340,#7614,#7615);
#6826=AXIS2_PLACEMENT_3D('',#9341,#7616,#7617);
#6827=AXIS2_PLACEMENT_3D('',#9342,#7618,#7619);
#6828=AXIS2_PLACEMENT_3D('',#9343,#7620,#7621);
#6829=AXIS2_PLACEMENT_3D('',#9345,#7622,#7623);
#6830=AXIS2_PLACEMENT_3D('',#9347,#7624,#7625);
#6831=AXIS2_PLACEMENT_3D('',#9349,#7627,#7628);
#6832=AXIS2_PLACEMENT_3D('',#9350,#7629,#7630);
#6833=AXIS2_PLACEMENT_3D('',#9351,#7631,#7632);
#6834=AXIS2_PLACEMENT_3D('',#9357,#7636,#7637);
#6835=AXIS2_PLACEMENT_3D('',#9361,#7640,#7641);
#6836=AXIS2_PLACEMENT_3D('',#9367,#7645,#7646);
#6837=AXIS2_PLACEMENT_3D('',#9373,#7650,#7651);
#6838=AXIS2_PLACEMENT_3D('',#9377,#7654,#7655);
#6839=AXIS2_PLACEMENT_3D('',#9381,#7658,#7659);
#6840=AXIS2_PLACEMENT_3D('',#9383,#7661,#7662);
#6841=AXIS2_PLACEMENT_3D('',#9384,#7663,#7664);
#6842=AXIS2_PLACEMENT_3D('',#9390,#7668,#7669);
#6843=AXIS2_PLACEMENT_3D('',#9391,#7670,#7671);
#6844=AXIS2_PLACEMENT_3D('',#9392,#7672,#7673);
#6845=AXIS2_PLACEMENT_3D('',#9394,#7674,#7675);
#6846=AXIS2_PLACEMENT_3D('',#9396,#7677,#7678);
#6847=AXIS2_PLACEMENT_3D('',#9400,#7681,#7682);
#6848=AXIS2_PLACEMENT_3D('',#9402,#7684,#7685);
#6849=AXIS2_PLACEMENT_3D('',#9403,#7686,#7687);
#6850=AXIS2_PLACEMENT_3D('',#9404,#7688,#7689);
#6851=AXIS2_PLACEMENT_3D('',#9408,#7692,#7693);
#6852=AXIS2_PLACEMENT_3D('',#9411,#7695,#7696);
#6853=AXIS2_PLACEMENT_3D('',#9412,#7697,#7698);
#6854=AXIS2_PLACEMENT_3D('',#9416,#7701,#7702);
#6855=AXIS2_PLACEMENT_3D('',#9419,#7704,#7705);
#6856=AXIS2_PLACEMENT_3D('',#9420,#7706,#7707);
#6857=AXIS2_PLACEMENT_3D('',#9424,#7710,#7711);
#6858=AXIS2_PLACEMENT_3D('',#9425,#7712,#7713);
#6859=AXIS2_PLACEMENT_3D('',#9426,#7714,#7715);
#6860=AXIS2_PLACEMENT_3D('placement',#9427,#7716,#7717);
#6861=AXIS2_PLACEMENT_3D('',#9428,#7718,#7719);
#6862=AXIS2_PLACEMENT_3D('',#9437,#7723,#7724);
#6863=AXIS2_PLACEMENT_3D('',#9441,#7726,#7727);
#6864=AXIS2_PLACEMENT_3D('',#9449,#7731,#7732);
#6865=AXIS2_PLACEMENT_3D('',#9452,#7734,#7735);
#6866=AXIS2_PLACEMENT_3D('',#9453,#7736,#7737);
#6867=AXIS2_PLACEMENT_3D('',#9457,#7739,#7740);
#6868=AXIS2_PLACEMENT_3D('',#9459,#7742,#7743);
#6869=AXIS2_PLACEMENT_3D('',#9467,#7747,#7748);
#6870=AXIS2_PLACEMENT_3D('',#9471,#7750,#7751);
#6871=AXIS2_PLACEMENT_3D('',#9475,#7753,#7754);
#6872=AXIS2_PLACEMENT_3D('',#9479,#7756,#7757);
#6873=AXIS2_PLACEMENT_3D('',#9803,#7919,#7920);
#6874=AXIS2_PLACEMENT_3D('',#9807,#7922,#7923);
#6875=AXIS2_PLACEMENT_3D('',#9811,#7925,#7926);
#6876=AXIS2_PLACEMENT_3D('',#9819,#7930,#7931);
#6877=AXIS2_PLACEMENT_3D('',#9829,#7937,#7938);
#6878=AXIS2_PLACEMENT_3D('',#9835,#7941,#7942);
#6879=AXIS2_PLACEMENT_3D('',#9839,#7944,#7945);
#6880=AXIS2_PLACEMENT_3D('',#9847,#7949,#7950);
#6881=AXIS2_PLACEMENT_3D('',#9850,#7952,#7953);
#6882=AXIS2_PLACEMENT_3D('',#9851,#7954,#7955);
#6883=AXIS2_PLACEMENT_3D('',#9853,#7956,#7957);
#6884=AXIS2_PLACEMENT_3D('',#9855,#7959,#7960);
#6885=AXIS2_PLACEMENT_3D('',#9858,#7962,#7963);
#6886=AXIS2_PLACEMENT_3D('',#9864,#7966,#7967);
#6887=AXIS2_PLACEMENT_3D('',#9868,#7969,#7970);
#6888=AXIS2_PLACEMENT_3D('',#9876,#7974,#7975);
#6889=AXIS2_PLACEMENT_3D('',#9880,#7977,#7978);
#6890=AXIS2_PLACEMENT_3D('',#9884,#7980,#7981);
#6891=AXIS2_PLACEMENT_3D('',#9888,#7984,#7985);
#6892=AXIS2_PLACEMENT_3D('',#9891,#7987,#7988);
#6893=AXIS2_PLACEMENT_3D('',#9895,#7990,#7991);
#6894=AXIS2_PLACEMENT_3D('',#9903,#7995,#7996);
#6895=AXIS2_PLACEMENT_3D('',#9905,#7998,#7999);
#6896=AXIS2_PLACEMENT_3D('',#9908,#8002,#8003);
#6897=AXIS2_PLACEMENT_3D('',#9911,#8005,#8006);
#6898=AXIS2_PLACEMENT_3D('',#9912,#8007,#8008);
#6899=AXIS2_PLACEMENT_3D('',#9913,#8009,#8010);
#6900=AXIS2_PLACEMENT_3D('',#9917,#8013,#8014);
#6901=AXIS2_PLACEMENT_3D('',#9920,#8016,#8017);
#6902=AXIS2_PLACEMENT_3D('',#9928,#8021,#8022);
#6903=AXIS2_PLACEMENT_3D('',#9930,#8024,#8025);
#6904=AXIS2_PLACEMENT_3D('',#9932,#8027,#8028);
#6905=AXIS2_PLACEMENT_3D('',#9934,#8030,#8031);
#6906=AXIS2_PLACEMENT_3D('',#9936,#8033,#8034);
#6907=AXIS2_PLACEMENT_3D('',#9938,#8036,#8037);
#6908=AXIS2_PLACEMENT_3D('',#9940,#8039,#8040);
#6909=AXIS2_PLACEMENT_3D('',#9942,#8042,#8043);
#6910=AXIS2_PLACEMENT_3D('',#9945,#8046,#8047);
#6911=AXIS2_PLACEMENT_3D('',#9947,#8049,#8050);
#6912=AXIS2_PLACEMENT_3D('',#9953,#8054,#8055);
#6913=AXIS2_PLACEMENT_3D('',#9957,#8058,#8059);
#6914=AXIS2_PLACEMENT_3D('',#9961,#8062,#8063);
#6915=AXIS2_PLACEMENT_3D('',#9963,#8065,#8066);
#6916=AXIS2_PLACEMENT_3D('',#9964,#8067,#8068);
#6917=AXIS2_PLACEMENT_3D('',#9973,#8073,#8074);
#6918=AXIS2_PLACEMENT_3D('',#9982,#8079,#8080);
#6919=AXIS2_PLACEMENT_3D('',#9991,#8085,#8086);
#6920=AXIS2_PLACEMENT_3D('',#10000,#8091,#8092);
#6921=AXIS2_PLACEMENT_3D('',#10009,#8097,#8098);
#6922=AXIS2_PLACEMENT_3D('',#10018,#8103,#8104);
#6923=AXIS2_PLACEMENT_3D('',#10027,#8109,#8110);
#6924=AXIS2_PLACEMENT_3D('',#10036,#8115,#8116);
#6925=AXIS2_PLACEMENT_3D('',#10045,#8121,#8122);
#6926=AXIS2_PLACEMENT_3D('',#10054,#8127,#8128);
#6927=AXIS2_PLACEMENT_3D('',#10063,#8133,#8134);
#6928=AXIS2_PLACEMENT_3D('',#10072,#8139,#8140);
#6929=AXIS2_PLACEMENT_3D('',#10081,#8145,#8146);
#6930=AXIS2_PLACEMENT_3D('',#10090,#8151,#8152);
#6931=AXIS2_PLACEMENT_3D('',#10099,#8157,#8158);
#6932=AXIS2_PLACEMENT_3D('',#10108,#8163,#8164);
#6933=AXIS2_PLACEMENT_3D('',#10117,#8169,#8170);
#6934=AXIS2_PLACEMENT_3D('',#10126,#8175,#8176);
#6935=AXIS2_PLACEMENT_3D('',#10135,#8181,#8182);
#6936=AXIS2_PLACEMENT_3D('',#10144,#8187,#8188);
#6937=AXIS2_PLACEMENT_3D('',#10153,#8193,#8194);
#6938=AXIS2_PLACEMENT_3D('',#10162,#8199,#8200);
#6939=AXIS2_PLACEMENT_3D('',#10171,#8205,#8206);
#6940=AXIS2_PLACEMENT_3D('',#10180,#8211,#8212);
#6941=AXIS2_PLACEMENT_3D('',#10189,#8217,#8218);
#6942=AXIS2_PLACEMENT_3D('',#10198,#8223,#8224);
#6943=AXIS2_PLACEMENT_3D('',#10207,#8229,#8230);
#6944=AXIS2_PLACEMENT_3D('',#10216,#8235,#8236);
#6945=AXIS2_PLACEMENT_3D('',#10225,#8241,#8242);
#6946=AXIS2_PLACEMENT_3D('',#10234,#8247,#8248);
#6947=AXIS2_PLACEMENT_3D('',#10243,#8253,#8254);
#6948=AXIS2_PLACEMENT_3D('',#10252,#8259,#8260);
#6949=AXIS2_PLACEMENT_3D('',#10261,#8265,#8266);
#6950=AXIS2_PLACEMENT_3D('',#10270,#8271,#8272);
#6951=AXIS2_PLACEMENT_3D('',#10279,#8277,#8278);
#6952=AXIS2_PLACEMENT_3D('',#10288,#8283,#8284);
#6953=AXIS2_PLACEMENT_3D('',#10297,#8289,#8290);
#6954=AXIS2_PLACEMENT_3D('',#10306,#8295,#8296);
#6955=AXIS2_PLACEMENT_3D('',#10315,#8301,#8302);
#6956=AXIS2_PLACEMENT_3D('',#10324,#8307,#8308);
#6957=AXIS2_PLACEMENT_3D('',#10327,#8311,#8312);
#6958=AXIS2_PLACEMENT_3D('',#10329,#8314,#8315);
#6959=AXIS2_PLACEMENT_3D('',#10332,#8318,#8319);
#6960=AXIS2_PLACEMENT_3D('',#10334,#8321,#8322);
#6961=AXIS2_PLACEMENT_3D('',#10337,#8325,#8326);
#6962=AXIS2_PLACEMENT_3D('',#10339,#8328,#8329);
#6963=AXIS2_PLACEMENT_3D('',#10342,#8332,#8333);
#6964=AXIS2_PLACEMENT_3D('',#10344,#8335,#8336);
#6965=AXIS2_PLACEMENT_3D('',#10347,#8339,#8340);
#6966=AXIS2_PLACEMENT_3D('',#10349,#8342,#8343);
#6967=AXIS2_PLACEMENT_3D('',#10352,#8346,#8347);
#6968=AXIS2_PLACEMENT_3D('',#10354,#8349,#8350);
#6969=AXIS2_PLACEMENT_3D('',#10357,#8353,#8354);
#6970=AXIS2_PLACEMENT_3D('',#10359,#8356,#8357);
#6971=AXIS2_PLACEMENT_3D('',#10362,#8360,#8361);
#6972=AXIS2_PLACEMENT_3D('',#10364,#8363,#8364);
#6973=AXIS2_PLACEMENT_3D('',#10367,#8367,#8368);
#6974=AXIS2_PLACEMENT_3D('',#10369,#8370,#8371);
#6975=AXIS2_PLACEMENT_3D('',#10372,#8374,#8375);
#6976=AXIS2_PLACEMENT_3D('',#10374,#8377,#8378);
#6977=AXIS2_PLACEMENT_3D('',#10377,#8381,#8382);
#6978=AXIS2_PLACEMENT_3D('',#10379,#8384,#8385);
#6979=AXIS2_PLACEMENT_3D('',#10382,#8388,#8389);
#6980=AXIS2_PLACEMENT_3D('',#10384,#8391,#8392);
#6981=AXIS2_PLACEMENT_3D('',#10387,#8395,#8396);
#6982=AXIS2_PLACEMENT_3D('',#10389,#8398,#8399);
#6983=AXIS2_PLACEMENT_3D('',#10392,#8402,#8403);
#6984=AXIS2_PLACEMENT_3D('',#10394,#8405,#8406);
#6985=AXIS2_PLACEMENT_3D('',#10397,#8409,#8410);
#6986=AXIS2_PLACEMENT_3D('',#10399,#8412,#8413);
#6987=AXIS2_PLACEMENT_3D('',#10402,#8416,#8417);
#6988=AXIS2_PLACEMENT_3D('',#10404,#8419,#8420);
#6989=AXIS2_PLACEMENT_3D('',#10407,#8423,#8424);
#6990=AXIS2_PLACEMENT_3D('',#10409,#8426,#8427);
#6991=AXIS2_PLACEMENT_3D('',#10412,#8430,#8431);
#6992=AXIS2_PLACEMENT_3D('',#10414,#8433,#8434);
#6993=AXIS2_PLACEMENT_3D('',#10417,#8437,#8438);
#6994=AXIS2_PLACEMENT_3D('',#10419,#8440,#8441);
#6995=AXIS2_PLACEMENT_3D('',#10422,#8444,#8445);
#6996=AXIS2_PLACEMENT_3D('',#10425,#8448,#8449);
#6997=AXIS2_PLACEMENT_3D('',#10427,#8451,#8452);
#6998=AXIS2_PLACEMENT_3D('',#10430,#8455,#8456);
#6999=AXIS2_PLACEMENT_3D('',#10432,#8458,#8459);
#7000=AXIS2_PLACEMENT_3D('',#10435,#8462,#8463);
#7001=AXIS2_PLACEMENT_3D('',#10437,#8465,#8466);
#7002=AXIS2_PLACEMENT_3D('',#10440,#8469,#8470);
#7003=AXIS2_PLACEMENT_3D('',#10442,#8472,#8473);
#7004=AXIS2_PLACEMENT_3D('',#10445,#8476,#8477);
#7005=AXIS2_PLACEMENT_3D('',#10447,#8479,#8480);
#7006=AXIS2_PLACEMENT_3D('',#10450,#8483,#8484);
#7007=AXIS2_PLACEMENT_3D('',#10452,#8486,#8487);
#7008=AXIS2_PLACEMENT_3D('',#10455,#8490,#8491);
#7009=AXIS2_PLACEMENT_3D('',#10457,#8493,#8494);
#7010=AXIS2_PLACEMENT_3D('',#10460,#8497,#8498);
#7011=AXIS2_PLACEMENT_3D('',#10462,#8500,#8501);
#7012=AXIS2_PLACEMENT_3D('',#10465,#8504,#8505);
#7013=AXIS2_PLACEMENT_3D('',#10467,#8507,#8508);
#7014=AXIS2_PLACEMENT_3D('',#10470,#8511,#8512);
#7015=AXIS2_PLACEMENT_3D('',#10472,#8514,#8515);
#7016=AXIS2_PLACEMENT_3D('',#10475,#8518,#8519);
#7017=AXIS2_PLACEMENT_3D('',#10477,#8521,#8522);
#7018=AXIS2_PLACEMENT_3D('',#10480,#8525,#8526);
#7019=AXIS2_PLACEMENT_3D('',#10482,#8528,#8529);
#7020=AXIS2_PLACEMENT_3D('',#10485,#8532,#8533);
#7021=AXIS2_PLACEMENT_3D('',#10487,#8535,#8536);
#7022=AXIS2_PLACEMENT_3D('',#10490,#8539,#8540);
#7023=AXIS2_PLACEMENT_3D('',#10492,#8542,#8543);
#7024=AXIS2_PLACEMENT_3D('',#10495,#8546,#8547);
#7025=AXIS2_PLACEMENT_3D('',#10497,#8549,#8550);
#7026=AXIS2_PLACEMENT_3D('',#10500,#8553,#8554);
#7027=AXIS2_PLACEMENT_3D('',#10502,#8556,#8557);
#7028=AXIS2_PLACEMENT_3D('',#10505,#8560,#8561);
#7029=AXIS2_PLACEMENT_3D('',#10507,#8563,#8564);
#7030=AXIS2_PLACEMENT_3D('',#10510,#8567,#8568);
#7031=AXIS2_PLACEMENT_3D('',#10512,#8570,#8571);
#7032=AXIS2_PLACEMENT_3D('',#10515,#8574,#8575);
#7033=AXIS2_PLACEMENT_3D('',#10517,#8577,#8578);
#7034=AXIS2_PLACEMENT_3D('',#10520,#8581,#8582);
#7035=AXIS2_PLACEMENT_3D('',#10522,#8584,#8585);
#7036=AXIS2_PLACEMENT_3D('',#10524,#8587,#8588);
#7037=AXIS2_PLACEMENT_3D('',#10526,#8590,#8591);
#7038=AXIS2_PLACEMENT_3D('',#10528,#8593,#8594);
#7039=AXIS2_PLACEMENT_3D('',#10530,#8596,#8597);
#7040=AXIS2_PLACEMENT_3D('',#10532,#8599,#8600);
#7041=AXIS2_PLACEMENT_3D('',#10534,#8602,#8603);
#7042=AXIS2_PLACEMENT_3D('',#10536,#8605,#8606);
#7043=AXIS2_PLACEMENT_3D('',#10538,#8608,#8609);
#7044=AXIS2_PLACEMENT_3D('',#10540,#8611,#8612);
#7045=AXIS2_PLACEMENT_3D('',#10542,#8614,#8615);
#7046=AXIS2_PLACEMENT_3D('',#10544,#8617,#8618);
#7047=AXIS2_PLACEMENT_3D('',#10546,#8620,#8621);
#7048=AXIS2_PLACEMENT_3D('',#10548,#8623,#8624);
#7049=AXIS2_PLACEMENT_3D('',#10550,#8626,#8627);
#7050=AXIS2_PLACEMENT_3D('',#10552,#8629,#8630);
#7051=AXIS2_PLACEMENT_3D('',#10554,#8632,#8633);
#7052=AXIS2_PLACEMENT_3D('',#10556,#8635,#8636);
#7053=AXIS2_PLACEMENT_3D('',#10558,#8638,#8639);
#7054=AXIS2_PLACEMENT_3D('',#10560,#8641,#8642);
#7055=AXIS2_PLACEMENT_3D('',#10562,#8644,#8645);
#7056=AXIS2_PLACEMENT_3D('',#10564,#8647,#8648);
#7057=AXIS2_PLACEMENT_3D('',#10566,#8650,#8651);
#7058=AXIS2_PLACEMENT_3D('',#10568,#8653,#8654);
#7059=AXIS2_PLACEMENT_3D('',#10570,#8656,#8657);
#7060=AXIS2_PLACEMENT_3D('',#10572,#8659,#8660);
#7061=AXIS2_PLACEMENT_3D('',#10574,#8662,#8663);
#7062=AXIS2_PLACEMENT_3D('',#10576,#8665,#8666);
#7063=AXIS2_PLACEMENT_3D('',#10578,#8668,#8669);
#7064=AXIS2_PLACEMENT_3D('',#10580,#8671,#8672);
#7065=AXIS2_PLACEMENT_3D('',#10582,#8674,#8675);
#7066=AXIS2_PLACEMENT_3D('',#10584,#8677,#8678);
#7067=AXIS2_PLACEMENT_3D('',#10586,#8680,#8681);
#7068=AXIS2_PLACEMENT_3D('',#10588,#8683,#8684);
#7069=AXIS2_PLACEMENT_3D('',#10590,#8686,#8687);
#7070=AXIS2_PLACEMENT_3D('',#10592,#8689,#8690);
#7071=AXIS2_PLACEMENT_3D('',#10594,#8692,#8693);
#7072=AXIS2_PLACEMENT_3D('',#10596,#8695,#8696);
#7073=AXIS2_PLACEMENT_3D('',#10598,#8698,#8699);
#7074=AXIS2_PLACEMENT_3D('',#10600,#8701,#8702);
#7075=AXIS2_PLACEMENT_3D('',#10602,#8704,#8705);
#7076=AXIS2_PLACEMENT_3D('',#10604,#8707,#8708);
#7077=AXIS2_PLACEMENT_3D('',#10610,#8712,#8713);
#7078=AXIS2_PLACEMENT_3D('',#10616,#8717,#8718);
#7079=AXIS2_PLACEMENT_3D('',#10621,#8721,#8722);
#7080=AXIS2_PLACEMENT_3D('',#10622,#8723,#8724);
#7081=AXIS2_PLACEMENT_3D('',#10623,#8725,#8726);
#7082=AXIS2_PLACEMENT_3D('',#10624,#8727,#8728);
#7083=AXIS2_PLACEMENT_3D('',#10626,#8730,#8731);
#7084=AXIS2_PLACEMENT_3D('',#10627,#8732,#8733);
#7085=AXIS2_PLACEMENT_3D('',#10628,#8734,#8735);
#7086=AXIS2_PLACEMENT_3D('',#10630,#8737,#8738);
#7087=AXIS2_PLACEMENT_3D('',#10632,#8740,#8741);
#7088=AXIS2_PLACEMENT_3D('',#10634,#8743,#8744);
#7089=AXIS2_PLACEMENT_3D('',#10636,#8746,#8747);
#7090=AXIS2_PLACEMENT_3D('',#10637,#8748,#8749);
#7091=AXIS2_PLACEMENT_3D('',#10639,#8751,#8752);
#7092=AXIS2_PLACEMENT_3D('',#10641,#8754,#8755);
#7093=AXIS2_PLACEMENT_3D('',#10643,#8757,#8758);
#7094=AXIS2_PLACEMENT_3D('',#10645,#8760,#8761);
#7095=AXIS2_PLACEMENT_3D('',#10647,#8763,#8764);
#7096=AXIS2_PLACEMENT_3D('',#10649,#8766,#8767);
#7097=AXIS2_PLACEMENT_3D('',#10651,#8769,#8770);
#7098=AXIS2_PLACEMENT_3D('',#10652,#8771,#8772);
#7099=AXIS2_PLACEMENT_3D('',#10654,#8774,#8775);
#7100=AXIS2_PLACEMENT_3D('',#10655,#8776,#8777);
#7101=AXIS2_PLACEMENT_3D('',#10656,#8778,#8779);
#7102=AXIS2_PLACEMENT_3D('',#10657,#8780,#8781);
#7103=AXIS2_PLACEMENT_3D('',#10658,#8782,#8783);
#7104=DIRECTION('axis',(0.,0.,1.));
#7105=DIRECTION('refdir',(1.,0.,0.));
#7106=DIRECTION('axis',(0.,0.,1.));
#7107=DIRECTION('refdir',(1.,0.,0.));
#7108=DIRECTION('axis',(0.,0.,1.));
#7109=DIRECTION('refdir',(1.,0.,0.));
#7110=DIRECTION('center_axis',(0.,0.,1.));
#7111=DIRECTION('ref_axis',(1.,0.,0.));
#7112=DIRECTION('',(-0.707106781186547,0.707106781186547,0.));
#7113=DIRECTION('',(0.,1.,0.));
#7114=DIRECTION('',(-1.,0.,0.));
#7115=DIRECTION('center_axis',(0.,0.,1.));
#7116=DIRECTION('ref_axis',(1.,0.,0.));
#7117=DIRECTION('',(0.,1.,0.));
#7118=DIRECTION('center_axis',(0.,0.,1.));
#7119=DIRECTION('ref_axis',(0.,-1.,0.));
#7120=DIRECTION('',(1.,0.,0.));
#7121=DIRECTION('',(0.,1.,0.));
#7122=DIRECTION('',(-1.,0.,0.));
#7123=DIRECTION('center_axis',(0.,0.,1.));
#7124=DIRECTION('ref_axis',(1.,0.,0.));
#7125=DIRECTION('',(0.,1.,0.));
#7126=DIRECTION('center_axis',(0.,0.,1.));
#7127=DIRECTION('ref_axis',(0.,-1.,0.));
#7128=DIRECTION('',(1.,0.,0.));
#7129=DIRECTION('',(0.,1.,0.));
#7130=DIRECTION('',(0.707106781186547,0.707106781186547,0.));
#7131=DIRECTION('',(1.,0.,0.));
#7132=DIRECTION('',(0.707106781186547,-0.707106781186547,0.));
#7133=DIRECTION('',(0.,-1.,0.));
#7134=DIRECTION('',(1.,0.,0.));
#7135=DIRECTION('center_axis',(0.,0.,1.));
#7136=DIRECTION('ref_axis',(-1.,0.,0.));
#7137=DIRECTION('',(0.,-1.,0.));
#7138=DIRECTION('center_axis',(0.,0.,1.));
#7139=DIRECTION('ref_axis',(0.,1.,0.));
#7140=DIRECTION('',(-1.,0.,0.));
#7141=DIRECTION('',(0.,-1.,0.));
#7142=DIRECTION('',(1.,0.,0.));
#7143=DIRECTION('center_axis',(0.,0.,1.));
#7144=DIRECTION('ref_axis',(-1.,-3.396394276933E-12,0.));
#7145=DIRECTION('',(0.,-1.,0.));
#7146=DIRECTION('center_axis',(0.,0.,1.));
#7147=DIRECTION('ref_axis',(0.,1.,0.));
#7148=DIRECTION('',(-1.,0.,0.));
#7149=DIRECTION('',(0.,-1.,0.));
#7150=DIRECTION('',(-0.707106781186547,-0.707106781186547,0.));
#7151=DIRECTION('',(-1.,0.,0.));
#7152=DIRECTION('center_axis',(0.,0.,1.));
#7153=DIRECTION('ref_axis',(1.,0.,0.));
#7154=DIRECTION('center_axis',(0.,0.,1.));
#7155=DIRECTION('ref_axis',(1.,0.,0.));
#7156=DIRECTION('center_axis',(0.,0.,1.));
#7157=DIRECTION('ref_axis',(1.,0.,0.));
#7158=DIRECTION('center_axis',(0.,0.,1.));
#7159=DIRECTION('ref_axis',(1.,0.,0.));
#7160=DIRECTION('center_axis',(0.,0.,1.));
#7161=DIRECTION('ref_axis',(1.,0.,0.));
#7162=DIRECTION('center_axis',(0.,0.,1.));
#7163=DIRECTION('ref_axis',(1.,0.,0.));
#7164=DIRECTION('center_axis',(0.,0.,1.));
#7165=DIRECTION('ref_axis',(1.,0.,0.));
#7166=DIRECTION('center_axis',(0.,0.,1.));
#7167=DIRECTION('ref_axis',(1.,0.,0.));
#7168=DIRECTION('center_axis',(0.70710678137096,0.707106781002136,0.));
#7169=DIRECTION('ref_axis',(0.,0.,-1.));
#7170=DIRECTION('',(0.,0.,1.));
#7171=DIRECTION('',(-0.707106781186547,0.707106781186547,0.));
#7172=DIRECTION('',(0.,0.,1.));
#7173=DIRECTION('center_axis',(1.,0.,0.));
#7174=DIRECTION('ref_axis',(0.,0.,-1.));
#7175=DIRECTION('',(0.,1.,0.));
#7176=DIRECTION('',(0.,0.,1.));
#7177=DIRECTION('',(0.,1.,0.));
#7178=DIRECTION('',(0.,0.,1.));
#7179=DIRECTION('',(0.,1.,0.));
#7180=DIRECTION('',(0.,0.,1.));
#7181=DIRECTION('center_axis',(0.,0.,1.));
#7182=DIRECTION('ref_axis',(1.,0.,0.));
#7183=DIRECTION('',(-1.,0.,0.));
#7184=DIRECTION('',(0.,1.,0.));
#7185=DIRECTION('',(1.,0.,0.));
#7186=DIRECTION('',(0.,-1.,0.));
#7187=DIRECTION('',(0.707106781186547,-0.707106781186547,0.));
#7188=DIRECTION('',(1.,0.,0.));
#7189=DIRECTION('',(0.,1.,0.));
#7190=DIRECTION('',(-1.,0.,0.));
#7191=DIRECTION('',(0.,1.,0.));
#7192=DIRECTION('',(1.,0.,0.));
#7193=DIRECTION('',(0.707106781186547,0.707106781186547,0.));
#7194=DIRECTION('',(0.,1.,0.));
#7195=DIRECTION('',(1.,0.,0.));
#7196=DIRECTION('',(0.,-1.,0.));
#7197=DIRECTION('',(-1.,0.,0.));
#7198=DIRECTION('',(0.,1.,0.));
#7199=DIRECTION('',(1.,0.,0.));
#7200=DIRECTION('center_axis',(0.,0.,1.));
#7201=DIRECTION('ref_axis',(0.,-1.,0.));
#7202=DIRECTION('',(0.,1.,0.));
#7203=DIRECTION('center_axis',(0.,0.,1.));
#7204=DIRECTION('ref_axis',(1.,0.,0.));
#7205=DIRECTION('',(-1.,0.,0.));
#7206=DIRECTION('',(0.,1.,0.));
#7207=DIRECTION('',(1.,0.,0.));
#7208=DIRECTION('',(0.,-1.,0.));
#7209=DIRECTION('',(-1.,0.,0.));
#7210=DIRECTION('',(0.,1.,0.));
#7211=DIRECTION('',(1.,0.,0.));
#7212=DIRECTION('center_axis',(0.,0.,1.));
#7213=DIRECTION('ref_axis',(0.,-1.,0.));
#7214=DIRECTION('',(0.,1.,0.));
#7215=DIRECTION('center_axis',(0.,0.,1.));
#7216=DIRECTION('ref_axis',(1.,0.,0.));
#7217=DIRECTION('',(-1.,0.,0.));
#7218=DIRECTION('',(1.,0.,0.));
#7219=DIRECTION('',(0.,-1.,0.));
#7220=DIRECTION('',(-1.,0.,0.));
#7221=DIRECTION('',(-1.,0.,0.));
#7222=DIRECTION('',(0.,-1.,0.));
#7223=DIRECTION('',(1.,0.,0.));
#7224=DIRECTION('',(0.,-1.,0.));
#7225=DIRECTION('',(-1.,0.,0.));
#7226=DIRECTION('',(-0.707106781186547,-0.707106781186547,0.));
#7227=DIRECTION('',(0.,-1.,0.));
#7228=DIRECTION('',(-1.,0.,0.));
#7229=DIRECTION('',(0.,1.,0.));
#7230=DIRECTION('',(1.,0.,0.));
#7231=DIRECTION('',(0.,-1.,0.));
#7232=DIRECTION('',(-1.,0.,0.));
#7233=DIRECTION('center_axis',(0.,0.,1.));
#7234=DIRECTION('ref_axis',(0.,1.,0.));
#7235=DIRECTION('',(0.,-1.,0.));
#7236=DIRECTION('center_axis',(0.,0.,1.));
#7237=DIRECTION('ref_axis',(-1.,-3.396394276933E-12,0.));
#7238=DIRECTION('',(1.,0.,0.));
#7239=DIRECTION('',(0.,-1.,0.));
#7240=DIRECTION('',(-1.,0.,0.));
#7241=DIRECTION('',(0.,1.,0.));
#7242=DIRECTION('',(1.,0.,0.));
#7243=DIRECTION('',(0.,-1.,0.));
#7244=DIRECTION('',(-1.,0.,0.));
#7245=DIRECTION('center_axis',(0.,0.,1.));
#7246=DIRECTION('ref_axis',(0.,1.,0.));
#7247=DIRECTION('',(0.,-1.,0.));
#7248=DIRECTION('center_axis',(0.,0.,1.));
#7249=DIRECTION('ref_axis',(-1.,0.,0.));
#7250=DIRECTION('',(1.,0.,0.));
#7251=DIRECTION('',(0.,-1.,0.));
#7252=DIRECTION('center_axis',(0.,0.,1.));
#7253=DIRECTION('ref_axis',(1.,0.,0.));
#7254=DIRECTION('center_axis',(0.,0.,1.));
#7255=DIRECTION('ref_axis',(1.,0.,0.));
#7256=DIRECTION('center_axis',(0.,0.,1.));
#7257=DIRECTION('ref_axis',(1.,0.,0.));
#7258=DIRECTION('center_axis',(0.,0.,1.));
#7259=DIRECTION('ref_axis',(1.,0.,0.));
#7260=DIRECTION('center_axis',(0.,0.,1.));
#7261=DIRECTION('ref_axis',(1.,0.,0.));
#7262=DIRECTION('center_axis',(0.,0.,1.));
#7263=DIRECTION('ref_axis',(1.,0.,0.));
#7264=DIRECTION('center_axis',(0.,0.,1.));
#7265=DIRECTION('ref_axis',(1.,0.,0.));
#7266=DIRECTION('center_axis',(0.,0.,1.));
#7267=DIRECTION('ref_axis',(1.,0.,0.));
#7268=DIRECTION('center_axis',(0.,1.,0.));
#7269=DIRECTION('ref_axis',(0.,0.,1.));
#7270=DIRECTION('',(0.,0.,1.));
#7271=DIRECTION('',(-1.,0.,0.));
#7272=DIRECTION('',(0.,0.,1.));
#7273=DIRECTION('center_axis',(1.,0.,0.));
#7274=DIRECTION('ref_axis',(0.,0.,-1.));
#7275=DIRECTION('',(0.,1.,0.));
#7276=DIRECTION('',(0.,0.,1.));
#7277=DIRECTION('center_axis',(0.,-1.,0.));
#7278=DIRECTION('ref_axis',(0.,0.,-1.));
#7279=DIRECTION('',(1.,0.,0.));
#7280=DIRECTION('',(0.,0.,1.));
#7281=DIRECTION('center_axis',(-1.,0.,0.));
#7282=DIRECTION('ref_axis',(0.,0.,1.));
#7283=DIRECTION('',(0.,0.,1.));
#7284=DIRECTION('',(0.,0.,1.));
#7285=DIRECTION('',(0.,-1.,0.));
#7286=DIRECTION('center_axis',(0.,0.,1.));
#7287=DIRECTION('ref_axis',(1.,0.,0.));
#7288=DIRECTION('center_axis',(-0.707106781370964,-0.707106781002132,0.));
#7289=DIRECTION('ref_axis',(0.,0.,1.));
#7290=DIRECTION('',(0.,0.,1.));
#7291=DIRECTION('center_axis',(0.,-1.,0.));
#7292=DIRECTION('ref_axis',(0.,0.,-1.));
#7293=DIRECTION('',(1.,0.,0.));
#7294=DIRECTION('',(0.,0.,-1.));
#7295=DIRECTION('',(1.,0.,0.));
#7296=DIRECTION('',(0.,0.,1.));
#7297=DIRECTION('',(0.,0.,1.));
#7298=DIRECTION('',(0.,0.,1.));
#7299=DIRECTION('',(1.,0.,0.));
#7300=DIRECTION('',(0.,0.,-1.));
#7301=DIRECTION('center_axis',(0.,0.,1.));
#7302=DIRECTION('ref_axis',(1.,0.,0.));
#7303=DIRECTION('',(0.,1.,0.));
#7304=DIRECTION('',(1.,0.,0.));
#7305=DIRECTION('',(0.,-1.,0.));
#7306=DIRECTION('center_axis',(-1.,0.,0.));
#7307=DIRECTION('ref_axis',(0.,0.,1.));
#7308=DIRECTION('',(0.,0.,-1.));
#7309=DIRECTION('',(0.,1.,0.));
#7310=DIRECTION('center_axis',(0.,0.,1.));
#7311=DIRECTION('ref_axis',(1.,0.,0.));
#7312=DIRECTION('',(-1.,0.,0.));
#7313=DIRECTION('',(0.,-1.,0.));
#7314=DIRECTION('center_axis',(0.,0.,1.));
#7315=DIRECTION('ref_axis',(1.,0.,0.));
#7316=DIRECTION('',(0.,1.,0.));
#7317=DIRECTION('',(0.,1.,0.));
#7318=DIRECTION('',(-1.,0.,0.));
#7319=DIRECTION('center_axis',(-1.,0.,0.));
#7320=DIRECTION('ref_axis',(0.,0.,1.));
#7321=DIRECTION('',(0.,0.,1.));
#7322=DIRECTION('center_axis',(0.,1.,0.));
#7323=DIRECTION('ref_axis',(0.,0.,1.));
#7324=DIRECTION('',(0.,0.,-1.));
#7325=DIRECTION('',(0.,0.,1.));
#7326=DIRECTION('center_axis',(1.,0.,0.));
#7327=DIRECTION('ref_axis',(0.,0.,-1.));
#7328=DIRECTION('center_axis',(1.,0.,0.));
#7329=DIRECTION('ref_axis',(0.,0.,-1.));
#7330=DIRECTION('center_axis',(0.707106781370964,-0.707106781002132,0.));
#7331=DIRECTION('ref_axis',(0.,0.,-1.));
#7332=DIRECTION('',(0.,0.,1.));
#7333=DIRECTION('center_axis',(1.,0.,0.));
#7334=DIRECTION('ref_axis',(0.,0.,-1.));
#7335=DIRECTION('',(0.,0.,1.));
#7336=DIRECTION('',(0.,0.,1.));
#7337=DIRECTION('',(0.,1.,0.));
#7338=DIRECTION('',(0.,0.,1.));
#7339=DIRECTION('center_axis',(0.,-1.,0.));
#7340=DIRECTION('ref_axis',(0.,0.,-1.));
#7341=DIRECTION('',(1.,0.,0.));
#7342=DIRECTION('',(0.,0.,1.));
#7343=DIRECTION('center_axis',(-1.,0.,0.));
#7344=DIRECTION('ref_axis',(0.,0.,1.));
#7345=DIRECTION('',(0.,-1.,0.));
#7346=DIRECTION('',(0.,0.,1.));
#7347=DIRECTION('center_axis',(0.,1.,0.));
#7348=DIRECTION('ref_axis',(0.,0.,1.));
#7349=DIRECTION('',(-1.,0.,0.));
#7350=DIRECTION('center_axis',(0.,0.,1.));
#7351=DIRECTION('ref_axis',(1.,0.,0.));
#7352=DIRECTION('center_axis',(0.,-1.,0.));
#7353=DIRECTION('ref_axis',(0.,0.,-1.));
#7354=DIRECTION('',(0.,0.,1.));
#7355=DIRECTION('center_axis',(0.,0.,1.));
#7356=DIRECTION('ref_axis',(-0.18777035130176,-0.982212958157249,0.));
#7357=DIRECTION('',(0.,0.,1.));
#7358=DIRECTION('center_axis',(1.,0.,0.));
#7359=DIRECTION('ref_axis',(0.,0.,-1.));
#7360=DIRECTION('',(0.,0.,1.));
#7361=DIRECTION('center_axis',(0.,0.,1.));
#7362=DIRECTION('ref_axis',(0.982212958157242,-0.187770351301798,0.));
#7363=DIRECTION('',(0.,0.,1.));
#7364=DIRECTION('center_axis',(0.,1.,0.));
#7365=DIRECTION('ref_axis',(0.,0.,1.));
#7366=DIRECTION('',(0.,0.,1.));
#7367=DIRECTION('center_axis',(1.,0.,0.));
#7368=DIRECTION('ref_axis',(0.,0.,-1.));
#7369=DIRECTION('',(0.,0.,1.));
#7370=DIRECTION('',(0.,0.,1.));
#7371=DIRECTION('',(0.,1.,0.));
#7372=DIRECTION('',(0.,0.,1.));
#7373=DIRECTION('center_axis',(0.,-1.,0.));
#7374=DIRECTION('ref_axis',(0.,0.,-1.));
#7375=DIRECTION('',(1.,0.,0.));
#7376=DIRECTION('',(0.,0.,1.));
#7377=DIRECTION('center_axis',(-1.,0.,0.));
#7378=DIRECTION('ref_axis',(0.,0.,1.));
#7379=DIRECTION('',(0.,-1.,0.));
#7380=DIRECTION('',(0.,0.,1.));
#7381=DIRECTION('center_axis',(0.,1.,0.));
#7382=DIRECTION('ref_axis',(0.,0.,1.));
#7383=DIRECTION('',(-1.,0.,0.));
#7384=DIRECTION('center_axis',(0.,0.,1.));
#7385=DIRECTION('ref_axis',(1.,0.,0.));
#7386=DIRECTION('center_axis',(0.,-1.,0.));
#7387=DIRECTION('ref_axis',(0.,0.,-1.));
#7388=DIRECTION('',(0.,0.,1.));
#7389=DIRECTION('center_axis',(0.,0.,1.));
#7390=DIRECTION('ref_axis',(-0.18777035130176,-0.982212958157249,0.));
#7391=DIRECTION('',(0.,0.,1.));
#7392=DIRECTION('center_axis',(1.,0.,0.));
#7393=DIRECTION('ref_axis',(0.,0.,-1.));
#7394=DIRECTION('',(0.,0.,1.));
#7395=DIRECTION('center_axis',(0.,0.,1.));
#7396=DIRECTION('ref_axis',(0.98221295815724,-0.187770351301807,0.));
#7397=DIRECTION('',(0.,0.,1.));
#7398=DIRECTION('center_axis',(0.,1.,0.));
#7399=DIRECTION('ref_axis',(0.,0.,1.));
#7400=DIRECTION('center_axis',(0.,-1.,0.));
#7401=DIRECTION('ref_axis',(0.,0.,-1.));
#7402=DIRECTION('',(0.,0.,1.));
#7403=DIRECTION('center_axis',(0.,0.,1.));
#7404=DIRECTION('ref_axis',(-0.982212958157229,0.187770351301867,0.));
#7405=DIRECTION('',(0.,0.,1.));
#7406=DIRECTION('center_axis',(-1.,0.,0.));
#7407=DIRECTION('ref_axis',(0.,0.,1.));
#7408=DIRECTION('',(0.,0.,1.));
#7409=DIRECTION('center_axis',(0.,0.,1.));
#7410=DIRECTION('ref_axis',(0.187770351301965,0.98221295815721,0.));
#7411=DIRECTION('',(0.,0.,1.));
#7412=DIRECTION('center_axis',(0.,1.,0.));
#7413=DIRECTION('ref_axis',(0.,0.,1.));
#7414=DIRECTION('',(0.,0.,1.));
#7415=DIRECTION('center_axis',(-1.,0.,0.));
#7416=DIRECTION('ref_axis',(0.,0.,1.));
#7417=DIRECTION('',(0.,0.,1.));
#7418=DIRECTION('',(0.,0.,1.));
#7419=DIRECTION('',(0.,-1.,0.));
#7420=DIRECTION('',(0.,0.,1.));
#7421=DIRECTION('center_axis',(0.,1.,0.));
#7422=DIRECTION('ref_axis',(0.,0.,1.));
#7423=DIRECTION('',(-1.,0.,0.));
#7424=DIRECTION('',(0.,0.,1.));
#7425=DIRECTION('center_axis',(1.,0.,0.));
#7426=DIRECTION('ref_axis',(0.,0.,-1.));
#7427=DIRECTION('',(0.,1.,0.));
#7428=DIRECTION('',(0.,0.,1.));
#7429=DIRECTION('center_axis',(0.,-1.,0.));
#7430=DIRECTION('ref_axis',(0.,0.,-1.));
#7431=DIRECTION('',(1.,0.,0.));
#7432=DIRECTION('center_axis',(0.,0.,1.));
#7433=DIRECTION('ref_axis',(1.,0.,0.));
#7434=DIRECTION('center_axis',(0.,-1.,0.));
#7435=DIRECTION('ref_axis',(0.,0.,-1.));
#7436=DIRECTION('',(0.,0.,1.));
#7437=DIRECTION('center_axis',(0.,0.,1.));
#7438=DIRECTION('ref_axis',(-0.982212958157227,0.187770351301875,0.));
#7439=DIRECTION('',(0.,0.,1.));
#7440=DIRECTION('center_axis',(-1.,0.,0.));
#7441=DIRECTION('ref_axis',(0.,0.,1.));
#7442=DIRECTION('',(0.,0.,1.));
#7443=DIRECTION('center_axis',(0.,0.,1.));
#7444=DIRECTION('ref_axis',(0.187770351301969,0.982212958157209,0.));
#7445=DIRECTION('',(0.,0.,1.));
#7446=DIRECTION('center_axis',(0.,1.,0.));
#7447=DIRECTION('ref_axis',(0.,0.,1.));
#7448=DIRECTION('',(0.,0.,1.));
#7449=DIRECTION('center_axis',(-1.,0.,0.));
#7450=DIRECTION('ref_axis',(0.,0.,1.));
#7451=DIRECTION('',(0.,0.,1.));
#7452=DIRECTION('',(0.,0.,1.));
#7453=DIRECTION('',(0.,-1.,0.));
#7454=DIRECTION('',(0.,0.,1.));
#7455=DIRECTION('center_axis',(0.,1.,0.));
#7456=DIRECTION('ref_axis',(0.,0.,1.));
#7457=DIRECTION('',(-1.,0.,0.));
#7458=DIRECTION('',(0.,0.,1.));
#7459=DIRECTION('center_axis',(1.,0.,0.));
#7460=DIRECTION('ref_axis',(0.,0.,-1.));
#7461=DIRECTION('',(0.,1.,0.));
#7462=DIRECTION('',(0.,0.,1.));
#7463=DIRECTION('center_axis',(0.,-1.,0.));
#7464=DIRECTION('ref_axis',(0.,0.,-1.));
#7465=DIRECTION('',(1.,0.,0.));
#7466=DIRECTION('center_axis',(0.,0.,1.));
#7467=DIRECTION('ref_axis',(1.,0.,0.));
#7468=DIRECTION('center_axis',(-0.707106781370959,0.707106781002136,0.));
#7469=DIRECTION('ref_axis',(0.,0.,1.));
#7470=DIRECTION('',(0.,0.,1.));
#7471=DIRECTION('center_axis',(0.,1.,0.));
#7472=DIRECTION('ref_axis',(0.,0.,1.));
#7473=DIRECTION('',(0.,0.,1.));
#7474=DIRECTION('',(-1.,0.,0.));
#7475=DIRECTION('',(0.,0.,1.));
#7476=DIRECTION('center_axis',(1.,0.,0.));
#7477=DIRECTION('ref_axis',(0.,0.,-1.));
#7478=DIRECTION('',(0.,1.,0.));
#7479=DIRECTION('',(0.,0.,1.));
#7480=DIRECTION('center_axis',(0.,-1.,0.));
#7481=DIRECTION('ref_axis',(0.,0.,-1.));
#7482=DIRECTION('',(1.,0.,0.));
#7483=DIRECTION('',(0.,0.,1.));
#7484=DIRECTION('center_axis',(-1.,0.,0.));
#7485=DIRECTION('ref_axis',(0.,0.,1.));
#7486=DIRECTION('',(0.,-1.,0.));
#7487=DIRECTION('center_axis',(0.,0.,1.));
#7488=DIRECTION('ref_axis',(1.,0.,0.));
#7489=DIRECTION('center_axis',(0.,1.,0.));
#7490=DIRECTION('ref_axis',(0.,0.,1.));
#7491=DIRECTION('',(0.,0.,1.));
#7492=DIRECTION('',(-1.,0.,0.));
#7493=DIRECTION('center_axis',(0.,0.,1.));
#7494=DIRECTION('ref_axis',(1.,0.,0.));
#7495=DIRECTION('',(0.,-1.,0.));
#7496=DIRECTION('',(1.,0.,0.));
#7497=DIRECTION('center_axis',(-1.,0.,0.));
#7498=DIRECTION('ref_axis',(0.,0.,1.));
#7499=DIRECTION('',(0.,0.,1.));
#7500=DIRECTION('center_axis',(0.,-1.,0.));
#7501=DIRECTION('ref_axis',(0.,0.,-1.));
#7502=DIRECTION('center_axis',(0.,0.,1.));
#7503=DIRECTION('ref_axis',(0.994180339819352,-0.107728603057299,0.));
#7504=DIRECTION('',(0.,0.,-1.));
#7505=DIRECTION('center_axis',(0.,0.,1.));
#7506=DIRECTION('ref_axis',(0.994180339819352,-0.107728603057299,0.));
#7507=DIRECTION('',(0.,0.,-1.));
#7508=DIRECTION('center_axis',(0.,0.,1.));
#7509=DIRECTION('ref_axis',(0.994180339819353,-0.107728603057292,0.));
#7510=DIRECTION('',(0.,0.,-1.));
#7511=DIRECTION('center_axis',(0.,0.,1.));
#7512=DIRECTION('ref_axis',(0.994180339819353,-0.107728603057292,0.));
#7513=DIRECTION('',(0.,0.,-1.));
#7514=DIRECTION('axis',(0.,0.,1.));
#7515=DIRECTION('refdir',(1.,0.,0.));
#7516=DIRECTION('center_axis',(-1.,-2.69144975666705E-16,0.));
#7517=DIRECTION('ref_axis',(2.69144975666705E-16,-1.,0.));
#7518=DIRECTION('',(2.69144975666705E-16,-1.,0.));
#7519=DIRECTION('',(0.,0.,1.));
#7520=DIRECTION('',(2.69144975666705E-16,-1.,0.));
#7521=DIRECTION('',(0.,0.,1.));
#7522=DIRECTION('center_axis',(-1.60176450802547E-16,1.,0.));
#7523=DIRECTION('ref_axis',(-1.,-1.60176450802547E-16,0.));
#7524=DIRECTION('',(-1.,-1.60176450802547E-16,0.));
#7525=DIRECTION('',(-1.,-1.60176450802547E-16,0.));
#7526=DIRECTION('',(0.,0.,1.));
#7527=DIRECTION('center_axis',(1.,2.69144975666705E-16,0.));
#7528=DIRECTION('ref_axis',(-2.69144975666705E-16,1.,0.));
#7529=DIRECTION('',(-2.69144975666705E-16,1.,0.));
#7530=DIRECTION('',(-2.69144975666705E-16,1.,0.));
#7531=DIRECTION('',(0.,0.,1.));
#7532=DIRECTION('center_axis',(-4.00441127006368E-17,-1.,0.));
#7533=DIRECTION('ref_axis',(1.,-4.00441127006368E-17,0.));
#7534=DIRECTION('',(1.,-4.00441127006368E-17,0.));
#7535=DIRECTION('',(1.,-4.00441127006368E-17,0.));
#7536=DIRECTION('center_axis',(0.,0.,1.));
#7537=DIRECTION('ref_axis',(1.,0.,0.));
#7538=DIRECTION('center_axis',(0.,0.,1.));
#7539=DIRECTION('ref_axis',(1.,0.,0.));
#7540=DIRECTION('',(0.,0.,1.));
#7541=DIRECTION('',(1.,0.,0.));
#7542=DIRECTION('',(0.,0.,1.));
#7543=DIRECTION('',(1.,-2.69144975666705E-16,0.));
#7544=DIRECTION('axis',(0.,0.,1.));
#7545=DIRECTION('refdir',(1.,0.,0.));
#7546=DIRECTION('axis',(0.,0.,1.));
#7547=DIRECTION('refdir',(1.,0.,0.));
#7548=DIRECTION('center_axis',(1.,0.,0.));
#7549=DIRECTION('ref_axis',(0.,-0.707106781186546,0.707106781186549));
#7550=DIRECTION('center_axis',(-1.,1.66331594961968E-12,0.));
#7551=DIRECTION('ref_axis',(0.,-0.707106781186546,0.707106781186549));
#7552=DIRECTION('',(-1.,0.,0.));
#7553=DIRECTION('center_axis',(1.,0.,0.));
#7554=DIRECTION('ref_axis',(0.,-0.707106781186546,0.707106781186549));
#7555=DIRECTION('',(1.,0.,0.));
#7556=DIRECTION('center_axis',(-1.,0.,0.));
#7557=DIRECTION('ref_axis',(0.,-1.,0.));
#7558=DIRECTION('',(0.,-1.,0.));
#7559=DIRECTION('',(0.,0.,1.));
#7560=DIRECTION('',(0.,-1.,0.));
#7561=DIRECTION('',(0.,0.,1.));
#7562=DIRECTION('center_axis',(0.,0.,1.));
#7563=DIRECTION('ref_axis',(1.,0.,0.));
#7564=DIRECTION('',(1.66331594961968E-12,1.,0.));
#7565=DIRECTION('center_axis',(0.,0.,-1.));
#7566=DIRECTION('ref_axis',(-1.,0.,0.));
#7567=DIRECTION('',(0.,-1.,0.));
#7568=DIRECTION('',(-1.,-6.34921093803689E-17,0.));
#7569=DIRECTION('',(-1.22833189041918E-14,-1.,0.));
#7570=DIRECTION('',(1.,-9.46601479780321E-15,0.));
#7571=DIRECTION('',(-1.20941602221487E-14,1.,0.));
#7572=DIRECTION('',(-1.,4.63838587195526E-14,0.));
#7573=DIRECTION('',(0.,1.,0.));
#7574=DIRECTION('center_axis',(0.,0.,-1.));
#7575=DIRECTION('ref_axis',(-1.,0.,0.));
#7576=DIRECTION('',(0.,1.,0.));
#7577=DIRECTION('',(1.,0.,0.));
#7578=DIRECTION('',(0.,-1.,0.));
#7579=DIRECTION('',(-1.,0.,0.));
#7580=DIRECTION('center_axis',(1.,6.34921093803689E-17,0.));
#7581=DIRECTION('ref_axis',(0.,-0.707106781186547,0.707106781186548));
#7582=DIRECTION('center_axis',(1.,0.,0.));
#7583=DIRECTION('ref_axis',(0.,-0.707106781186547,0.707106781186548));
#7584=DIRECTION('',(1.,6.34921093803689E-17,0.));
#7585=DIRECTION('center_axis',(-1.,0.,0.));
#7586=DIRECTION('ref_axis',(0.,-1.,0.));
#7587=DIRECTION('center_axis',(1.22833189041918E-14,1.,0.));
#7588=DIRECTION('ref_axis',(0.707106781186561,-1.04672830578916E-14,0.707106781186534));
#7589=DIRECTION('center_axis',(1.1564823173179E-14,1.,0.));
#7590=DIRECTION('ref_axis',(0.,0.,1.));
#7591=DIRECTION('',(1.22833189041918E-14,1.,0.));
#7592=DIRECTION('center_axis',(-2.96059473233381E-14,-1.,0.));
#7593=DIRECTION('ref_axis',(1.,-2.96059473233381E-14,0.));
#7594=DIRECTION('center_axis',(-0.816496580926713,-0.408248290466989,0.408248290462763));
#7595=DIRECTION('ref_axis',(0.577350269191051,-0.577350269191902,0.577350269185925));
#7596=DIRECTION('center_axis',(0.,0.,1.));
#7597=DIRECTION('ref_axis',(2.78295904838426E-12,-1.,0.));
#7598=DIRECTION('center_axis',(-1.,9.46601479780321E-15,0.));
#7599=DIRECTION('ref_axis',(0.,0.70710678118654,0.707106781186555));
#7600=DIRECTION('center_axis',(-1.,0.,0.));
#7601=DIRECTION('ref_axis',(0.,0.,1.));
#7602=DIRECTION('',(-1.,9.46601479780321E-15,0.));
#7603=DIRECTION('center_axis',(1.,-1.20274161001058E-14,0.));
#7604=DIRECTION('ref_axis',(1.20274161001058E-14,1.,0.));
#7605=DIRECTION('center_axis',(-0.816496580928164,0.408248290465621,0.408248290461229));
#7606=DIRECTION('ref_axis',(0.577350269189011,0.577350269193037,0.577350269186829));
#7607=DIRECTION('center_axis',(0.,0.,1.));
#7608=DIRECTION('ref_axis',(1.,4.64813372975721E-12,0.));
#7609=DIRECTION('center_axis',(1.20941602221487E-14,-1.,0.));
#7610=DIRECTION('ref_axis',(-0.707106781186551,0.,0.707106781186544));
#7611=DIRECTION('center_axis',(0.,-1.,0.));
#7612=DIRECTION('ref_axis',(0.,0.,1.));
#7613=DIRECTION('',(1.20941602221487E-14,-1.,0.));
#7614=DIRECTION('center_axis',(-5.08852219619859E-15,1.,0.));
#7615=DIRECTION('ref_axis',(-1.,-5.08852219619859E-15,0.));
#7616=DIRECTION('center_axis',(-0.408248290461613,-0.816496580928663,0.408248290464238));
#7617=DIRECTION('ref_axis',(-0.577350269188433,0.577350269188298,0.577350269192146));
#7618=DIRECTION('center_axis',(0.,0.,1.));
#7619=DIRECTION('ref_axis',(2.34950947586707E-12,1.,0.));
#7620=DIRECTION('center_axis',(1.,-4.63838587195526E-14,0.));
#7621=DIRECTION('ref_axis',(-2.09345661157837E-14,-0.707106781186545,0.70710678118655));
#7622=DIRECTION('center_axis',(-1.,0.,0.));
#7623=DIRECTION('ref_axis',(-2.09345661157837E-14,-0.707106781186545,0.70710678118655));
#7624=DIRECTION('center_axis',(1.,-4.71844785465694E-14,0.));
#7625=DIRECTION('ref_axis',(0.,0.,1.));
#7626=DIRECTION('',(1.,-4.63838587195526E-14,0.));
#7627=DIRECTION('center_axis',(-0.816496580927037,0.408248290467196,-0.408248290461908));
#7628=DIRECTION('ref_axis',(-0.577350269190601,-0.577350269192877,0.577350269185399));
#7629=DIRECTION('center_axis',(0.,0.,1.));
#7630=DIRECTION('ref_axis',(-1.,-5.38041833307784E-12,0.));
#7631=DIRECTION('center_axis',(6.34921093803689E-17,-1.,0.));
#7632=DIRECTION('ref_axis',(1.,6.34921093803689E-17,0.));
#7633=DIRECTION('',(0.,0.,1.));
#7634=DIRECTION('',(1.,6.34921093803689E-17,0.));
#7635=DIRECTION('',(0.,0.,1.));
#7636=DIRECTION('center_axis',(-1.,0.,0.));
#7637=DIRECTION('ref_axis',(0.,-1.,0.));
#7638=DIRECTION('',(0.,0.,1.));
#7639=DIRECTION('',(0.,-1.,0.));
#7640=DIRECTION('center_axis',(1.,0.,0.));
#7641=DIRECTION('ref_axis',(0.,1.,0.));
#7642=DIRECTION('',(0.,0.,1.));
#7643=DIRECTION('',(0.,1.,0.));
#7644=DIRECTION('',(0.,0.,1.));
#7645=DIRECTION('center_axis',(-1.,0.,0.));
#7646=DIRECTION('ref_axis',(0.,1.,0.));
#7647=DIRECTION('',(0.,0.,-1.));
#7648=DIRECTION('',(0.,1.,0.));
#7649=DIRECTION('',(0.,0.,-1.));
#7650=DIRECTION('center_axis',(0.,-1.,0.));
#7651=DIRECTION('ref_axis',(-1.,0.,0.));
#7652=DIRECTION('',(0.,0.,-1.));
#7653=DIRECTION('',(-1.,0.,0.));
#7654=DIRECTION('center_axis',(1.,0.,0.));
#7655=DIRECTION('ref_axis',(0.,-1.,0.));
#7656=DIRECTION('',(0.,0.,-1.));
#7657=DIRECTION('',(0.,-1.,0.));
#7658=DIRECTION('center_axis',(0.,1.,0.));
#7659=DIRECTION('ref_axis',(1.,0.,0.));
#7660=DIRECTION('',(1.,0.,0.));
#7661=DIRECTION('center_axis',(0.,0.,-1.));
#7662=DIRECTION('ref_axis',(-1.,0.,0.));
#7663=DIRECTION('center_axis',(1.,-1.22833189041918E-14,0.));
#7664=DIRECTION('ref_axis',(1.22833189041918E-14,1.,0.));
#7665=DIRECTION('',(0.,0.,1.));
#7666=DIRECTION('',(1.22833189041918E-14,1.,0.));
#7667=DIRECTION('',(0.,0.,1.));
#7668=DIRECTION('center_axis',(0.,0.,1.));
#7669=DIRECTION('ref_axis',(2.78295904838426E-12,-1.,0.));
#7670=DIRECTION('center_axis',(0.,0.,1.));
#7671=DIRECTION('ref_axis',(2.78295904838426E-12,-1.,0.));
#7672=DIRECTION('center_axis',(0.,0.,1.));
#7673=DIRECTION('ref_axis',(-1.,0.,0.));
#7674=DIRECTION('center_axis',(0.,0.,-1.));
#7675=DIRECTION('ref_axis',(-1.,0.,0.));
#7676=DIRECTION('',(0.,0.,1.));
#7677=DIRECTION('center_axis',(1.,-1.66331594961968E-12,0.));
#7678=DIRECTION('ref_axis',(1.66331594961968E-12,1.,0.));
#7679=DIRECTION('',(0.,0.,1.));
#7680=DIRECTION('',(1.66331594961968E-12,1.,0.));
#7681=DIRECTION('center_axis',(0.,-1.,0.));
#7682=DIRECTION('ref_axis',(1.,0.,0.));
#7683=DIRECTION('',(1.,0.,0.));
#7684=DIRECTION('center_axis',(0.,0.,1.));
#7685=DIRECTION('ref_axis',(-1.,0.,0.));
#7686=DIRECTION('center_axis',(0.,0.,-1.));
#7687=DIRECTION('ref_axis',(-1.,0.,0.));
#7688=DIRECTION('center_axis',(-4.63838587195526E-14,-1.,0.));
#7689=DIRECTION('ref_axis',(1.,-4.63838587195526E-14,0.));
#7690=DIRECTION('',(0.,0.,1.));
#7691=DIRECTION('',(1.,-4.63838587195526E-14,0.));
#7692=DIRECTION('center_axis',(0.,0.,1.));
#7693=DIRECTION('ref_axis',(-1.,-5.38041833307784E-12,0.));
#7694=DIRECTION('',(0.,0.,1.));
#7695=DIRECTION('center_axis',(0.,0.,1.));
#7696=DIRECTION('ref_axis',(-1.,-5.38041833307784E-12,0.));
#7697=DIRECTION('center_axis',(-1.,-1.20941602221487E-14,0.));
#7698=DIRECTION('ref_axis',(1.20941602221487E-14,-1.,0.));
#7699=DIRECTION('',(0.,0.,1.));
#7700=DIRECTION('',(1.20941602221487E-14,-1.,0.));
#7701=DIRECTION('center_axis',(0.,0.,1.));
#7702=DIRECTION('ref_axis',(2.34950947586714E-12,1.,0.));
#7703=DIRECTION('',(0.,0.,1.));
#7704=DIRECTION('center_axis',(0.,0.,1.));
#7705=DIRECTION('ref_axis',(2.34950947586714E-12,1.,0.));
#7706=DIRECTION('center_axis',(9.46601479780321E-15,1.,0.));
#7707=DIRECTION('ref_axis',(-1.,9.46601479780321E-15,0.));
#7708=DIRECTION('',(0.,0.,1.));
#7709=DIRECTION('',(-1.,9.46601479780321E-15,0.));
#7710=DIRECTION('center_axis',(0.,0.,1.));
#7711=DIRECTION('ref_axis',(1.,4.64813372975721E-12,0.));
#7712=DIRECTION('center_axis',(0.,0.,1.));
#7713=DIRECTION('ref_axis',(1.,4.64813372975721E-12,0.));
#7714=DIRECTION('center_axis',(0.,0.,1.));
#7715=DIRECTION('ref_axis',(1.,0.,0.));
#7716=DIRECTION('axis',(0.,0.,1.));
#7717=DIRECTION('refdir',(1.,0.,0.));
#7718=DIRECTION('center_axis',(1.,7.10668672620344E-14,-1.21490884960003E-16));
#7719=DIRECTION('ref_axis',(7.10668672620344E-14,-1.,-8.53727491216149E-15));
#7720=DIRECTION('',(7.10668672620344E-14,-1.,-8.53727491216149E-15));
#7721=DIRECTION('',(-1.21490884960609E-16,8.53727491216149E-15,-1.));
#7722=DIRECTION('',(-7.10668672620344E-14,1.,8.53727491216149E-15));
#7723=DIRECTION('center_axis',(1.,1.06003184139073E-30,-1.21490884960609E-16));
#7724=DIRECTION('ref_axis',(0.,-1.,-1.14491749414468E-14));
#7725=DIRECTION('',(-7.1188358146995E-14,8.59850725211885E-15,-1.));
#7726=DIRECTION('center_axis',(1.,1.53915859905983E-32,0.));
#7727=DIRECTION('ref_axis',(-1.35762282392222E-46,2.22044604925031E-16,
1.));
#7728=DIRECTION('',(-7.1188358146995E-14,-1.,2.22044604925031E-16));
#7729=DIRECTION('',(-1.35762282392222E-46,2.22044604925031E-16,1.));
#7730=DIRECTION('',(7.1188358146995E-14,1.,-2.22044604925031E-16));
#7731=DIRECTION('center_axis',(-1.,-1.53915859905983E-32,0.));
#7732=DIRECTION('ref_axis',(1.53915859905983E-32,-1.,-8.5672210066908E-15));
#7733=DIRECTION('',(7.1188358146995E-14,-8.59850725211885E-15,1.));
#7734=DIRECTION('center_axis',(-1.,-1.06003184139073E-30,1.21490884960609E-16));
#7735=DIRECTION('ref_axis',(0.,9.86864910777899E-15,-1.));
#7736=DIRECTION('center_axis',(1.,1.06003184139073E-30,-1.21490884960609E-16));
#7737=DIRECTION('ref_axis',(0.,-1.,-8.82055185704388E-15));
#7738=DIRECTION('',(1.,-4.41499498443113E-20,-1.21490884960609E-16));
#7739=DIRECTION('center_axis',(-1.,-1.06003184139073E-30,1.21490884960609E-16));
#7740=DIRECTION('ref_axis',(0.,1.11022302462513E-14,-1.));
#7741=DIRECTION('',(1.,1.05965221772681E-30,-1.21446735010764E-16));
#7742=DIRECTION('center_axis',(-1.21490884960609E-16,8.53727491216149E-15,
-1.));
#7743=DIRECTION('ref_axis',(1.,-1.21490884960608E-16,-1.2149088496061E-16));
#7744=DIRECTION('',(-1.,4.41499498443113E-20,1.21490884960609E-16));
#7745=DIRECTION('',(-5.64104405847111E-14,1.,8.53727491216149E-15));
#7746=DIRECTION('',(-1.,1.21490884960608E-16,1.2149088496061E-16));
#7747=DIRECTION('center_axis',(-1.21490884960609E-16,8.53727491216149E-15,
-1.));
#7748=DIRECTION('ref_axis',(1.21490884960609E-16,1.,8.53727491216149E-15));
#7749=DIRECTION('',(1.21490884960609E-16,1.,8.53727491216149E-15));
#7750=DIRECTION('center_axis',(-1.21490884960609E-16,8.53727491216149E-15,
-1.));
#7751=DIRECTION('ref_axis',(1.,-1.21490884960608E-16,-1.2149088496061E-16));
#7752=DIRECTION('',(1.,-1.21490884960608E-16,-1.2149088496061E-16));
#7753=DIRECTION('center_axis',(1.21490884960609E-16,-8.53727491216149E-15,
1.));
#7754=DIRECTION('ref_axis',(1.,-1.21490884960608E-16,-1.2149088496061E-16));
#7755=DIRECTION('',(-8.40269420220786E-15,1.,8.53727491216149E-15));
#7756=DIRECTION('center_axis',(-1.21490884960609E-16,8.53727491216149E-15,
-1.));
#7757=DIRECTION('ref_axis',(1.,-1.21490884960608E-16,-1.2149088496061E-16));
#7758=DIRECTION('',(1.,3.52288939787261E-14,-1.21490884960309E-16));
#7759=DIRECTION('',(-1.21490884960609E-16,-1.,-8.53727491216149E-15));
#7760=DIRECTION('',(1.,-1.21490884960608E-16,-1.2149088496061E-16));
#7761=DIRECTION('',(1.21490884960609E-16,1.,8.53727491216149E-15));
#7762=DIRECTION('',(1.,3.52288939787261E-14,-1.21490884960309E-16));
#7763=DIRECTION('',(-1.21490884960609E-16,-1.,-8.53727491216149E-15));
#7764=DIRECTION('',(1.,-1.21490884960608E-16,-1.2149088496061E-16));
#7765=DIRECTION('',(1.21490884960609E-16,1.,8.53727491216149E-15));
#7766=DIRECTION('',(1.,3.52288939787261E-14,-1.21490884960309E-16));
#7767=DIRECTION('',(-1.21490884960609E-16,-1.,-8.53727491216149E-15));
#7768=DIRECTION('',(1.,-1.21490884960608E-16,-1.2149088496061E-16));
#7769=DIRECTION('',(1.21490884960609E-16,1.,8.53727491216149E-15));
#7770=DIRECTION('',(1.,3.52288939787261E-14,-1.21490884960309E-16));
#7771=DIRECTION('',(-1.21490884960609E-16,-1.,-8.53727491216149E-15));
#7772=DIRECTION('',(1.,-1.21490884960608E-16,-1.2149088496061E-16));
#7773=DIRECTION('',(1.21490884960609E-16,1.,8.53727491216149E-15));
#7774=DIRECTION('',(1.,3.52288939787261E-14,-1.21490884960309E-16));
#7775=DIRECTION('',(-1.21490884960609E-16,-1.,-8.53727491216149E-15));
#7776=DIRECTION('',(1.,-1.21490884960608E-16,-1.2149088496061E-16));
#7777=DIRECTION('',(1.21490884960609E-16,1.,8.53727491216149E-15));
#7778=DIRECTION('',(1.,3.52288939787261E-14,-1.21490884960309E-16));
#7779=DIRECTION('',(-1.21490884960609E-16,-1.,-8.53727491216149E-15));
#7780=DIRECTION('',(1.,-1.21490884960608E-16,-1.2149088496061E-16));
#7781=DIRECTION('',(1.21490884960609E-16,1.,8.53727491216149E-15));
#7782=DIRECTION('',(1.,3.52288939787261E-14,-1.21490884960309E-16));
#7783=DIRECTION('',(-1.21490884960609E-16,-1.,-8.53727491216149E-15));
#7784=DIRECTION('',(1.,-1.21490884960608E-16,-1.2149088496061E-16));
#7785=DIRECTION('',(1.21490884960609E-16,1.,8.53727491216149E-15));
#7786=DIRECTION('',(1.,3.52288939787261E-14,-1.21490884960309E-16));
#7787=DIRECTION('',(-1.21490884960609E-16,-1.,-8.53727491216149E-15));
#7788=DIRECTION('',(1.,-1.21490884960608E-16,-1.2149088496061E-16));
#7789=DIRECTION('',(1.21490884960609E-16,1.,8.53727491216149E-15));
#7790=DIRECTION('',(1.,3.52288939787261E-14,-1.21490884960309E-16));
#7791=DIRECTION('',(-1.21490884960609E-16,-1.,-8.53727491216149E-15));
#7792=DIRECTION('',(1.,-1.21490884960608E-16,-1.2149088496061E-16));
#7793=DIRECTION('',(1.21490884960609E-16,1.,8.53727491216149E-15));
#7794=DIRECTION('',(1.,3.52288939787261E-14,-1.21490884960309E-16));
#7795=DIRECTION('',(-1.21490884960609E-16,-1.,-8.53727491216149E-15));
#7796=DIRECTION('',(1.,-1.21490884960608E-16,-1.2149088496061E-16));
#7797=DIRECTION('',(1.21490884960609E-16,1.,8.53727491216149E-15));
#7798=DIRECTION('',(1.,3.52288939787261E-14,-1.21490884960309E-16));
#7799=DIRECTION('',(-1.21490884960609E-16,-1.,-8.53727491216149E-15));
#7800=DIRECTION('',(1.,-1.21490884960608E-16,-1.2149088496061E-16));
#7801=DIRECTION('',(1.21490884960609E-16,1.,8.53727491216149E-15));
#7802=DIRECTION('',(1.,3.52288939787261E-14,-1.21490884960309E-16));
#7803=DIRECTION('',(-1.21490884960609E-16,-1.,-8.53727491216149E-15));
#7804=DIRECTION('',(1.,-1.21490884960608E-16,-1.2149088496061E-16));
#7805=DIRECTION('',(1.21490884960609E-16,1.,8.53727491216149E-15));
#7806=DIRECTION('',(1.,3.52288939787261E-14,-1.21490884960309E-16));
#7807=DIRECTION('',(-1.21490884960609E-16,-1.,-8.53727491216149E-15));
#7808=DIRECTION('',(1.,-1.21490884960608E-16,-1.2149088496061E-16));
#7809=DIRECTION('',(1.21490884960609E-16,1.,8.53727491216149E-15));
#7810=DIRECTION('',(1.,3.52288939787261E-14,-1.21490884960309E-16));
#7811=DIRECTION('',(-1.21490884960609E-16,-1.,-8.53727491216149E-15));
#7812=DIRECTION('',(1.,-1.21490884960608E-16,-1.2149088496061E-16));
#7813=DIRECTION('',(1.21490884960609E-16,1.,8.53727491216149E-15));
#7814=DIRECTION('',(1.,3.52288939787261E-14,-1.21490884960309E-16));
#7815=DIRECTION('',(-1.21490884960609E-16,-1.,-8.53727491216149E-15));
#7816=DIRECTION('',(1.,-1.21490884960608E-16,-1.2149088496061E-16));
#7817=DIRECTION('',(1.21490884960609E-16,1.,8.53727491216149E-15));
#7818=DIRECTION('',(1.,3.52288939787261E-14,-1.21490884960309E-16));
#7819=DIRECTION('',(-1.21490884960609E-16,-1.,-8.53727491216149E-15));
#7820=DIRECTION('',(1.,-1.21490884960608E-16,-1.2149088496061E-16));
#7821=DIRECTION('',(1.21490884960609E-16,1.,8.53727491216149E-15));
#7822=DIRECTION('',(1.,3.52288939787261E-14,-1.21490884960309E-16));
#7823=DIRECTION('',(-1.21490884960609E-16,-1.,-8.53727491216149E-15));
#7824=DIRECTION('',(1.,-1.21490884960608E-16,-1.2149088496061E-16));
#7825=DIRECTION('',(1.21490884960609E-16,1.,8.53727491216149E-15));
#7826=DIRECTION('',(1.,3.52288939787261E-14,-1.21490884960309E-16));
#7827=DIRECTION('',(-1.21490884960609E-16,-1.,-8.53727491216149E-15));
#7828=DIRECTION('',(1.,-1.21490884960608E-16,-1.2149088496061E-16));
#7829=DIRECTION('',(1.21490884960609E-16,1.,8.53727491216149E-15));
#7830=DIRECTION('',(1.,3.52288939787261E-14,-1.21490884960309E-16));
#7831=DIRECTION('',(-1.21490884960609E-16,-1.,-8.53727491216149E-15));
#7832=DIRECTION('',(1.,-1.21490884960608E-16,-1.2149088496061E-16));
#7833=DIRECTION('',(1.21490884960609E-16,1.,8.53727491216149E-15));
#7834=DIRECTION('',(1.,3.52288939787261E-14,-1.21490884960309E-16));
#7835=DIRECTION('',(-1.21490884960609E-16,-1.,-8.53727491216149E-15));
#7836=DIRECTION('',(1.,-1.21490884960608E-16,-1.2149088496061E-16));
#7837=DIRECTION('',(1.21490884960609E-16,1.,8.53727491216149E-15));
#7838=DIRECTION('',(1.,3.52288939787261E-14,-1.21490884960309E-16));
#7839=DIRECTION('',(-1.21490884960609E-16,-1.,-8.53727491216149E-15));
#7840=DIRECTION('',(1.,-1.21490884960608E-16,-1.2149088496061E-16));
#7841=DIRECTION('',(1.21490884960609E-16,1.,8.53727491216149E-15));
#7842=DIRECTION('',(1.,3.52288939787261E-14,-1.21490884960309E-16));
#7843=DIRECTION('',(-1.21490884960609E-16,-1.,-8.53727491216149E-15));
#7844=DIRECTION('',(1.,-1.21490884960608E-16,-1.2149088496061E-16));
#7845=DIRECTION('',(1.21490884960609E-16,1.,8.53727491216149E-15));
#7846=DIRECTION('',(1.,3.52288939787261E-14,-1.21490884960309E-16));
#7847=DIRECTION('',(-1.21490884960609E-16,-1.,-8.53727491216149E-15));
#7848=DIRECTION('',(1.,-1.21490884960608E-16,-1.2149088496061E-16));
#7849=DIRECTION('',(1.21490884960609E-16,1.,8.53727491216149E-15));
#7850=DIRECTION('',(1.,3.52288939787261E-14,-1.21490884960309E-16));
#7851=DIRECTION('',(-1.21490884960609E-16,-1.,-8.53727491216149E-15));
#7852=DIRECTION('',(1.,-1.21490884960608E-16,-1.2149088496061E-16));
#7853=DIRECTION('',(1.21490884960609E-16,1.,8.53727491216149E-15));
#7854=DIRECTION('',(1.,3.52288939787261E-14,-1.21490884960309E-16));
#7855=DIRECTION('',(-1.21490884960609E-16,-1.,-8.53727491216149E-15));
#7856=DIRECTION('',(1.,-1.21490884960608E-16,-1.2149088496061E-16));
#7857=DIRECTION('',(1.21490884960609E-16,1.,8.53727491216149E-15));
#7858=DIRECTION('',(1.,3.52288939787261E-14,-1.21490884960309E-16));
#7859=DIRECTION('',(-1.21490884960609E-16,-1.,-8.53727491216149E-15));
#7860=DIRECTION('',(1.,-1.21490884960608E-16,-1.2149088496061E-16));
#7861=DIRECTION('',(1.21490884960609E-16,1.,8.53727491216149E-15));
#7862=DIRECTION('',(1.,3.52288939787261E-14,-1.21490884960309E-16));
#7863=DIRECTION('',(-1.21490884960609E-16,-1.,-8.53727491216149E-15));
#7864=DIRECTION('',(1.,-1.21490884960608E-16,-1.2149088496061E-16));
#7865=DIRECTION('',(1.21490884960609E-16,1.,8.53727491216149E-15));
#7866=DIRECTION('',(1.,3.52288939787261E-14,-1.21490884960309E-16));
#7867=DIRECTION('',(-1.21490884960609E-16,-1.,-8.53727491216149E-15));
#7868=DIRECTION('',(1.,-1.21490884960608E-16,-1.2149088496061E-16));
#7869=DIRECTION('',(1.21490884960609E-16,1.,8.53727491216149E-15));
#7870=DIRECTION('',(1.,3.52288939787261E-14,-1.21490884960309E-16));
#7871=DIRECTION('',(-1.21490884960609E-16,-1.,-8.53727491216149E-15));
#7872=DIRECTION('',(1.,-1.21490884960608E-16,-1.2149088496061E-16));
#7873=DIRECTION('',(1.21490884960609E-16,1.,8.53727491216149E-15));
#7874=DIRECTION('',(1.,3.52288939787261E-14,-1.21490884960309E-16));
#7875=DIRECTION('',(-1.21490884960609E-16,-1.,-8.53727491216149E-15));
#7876=DIRECTION('',(1.,-1.21490884960608E-16,-1.2149088496061E-16));
#7877=DIRECTION('',(1.21490884960609E-16,1.,8.53727491216149E-15));
#7878=DIRECTION('',(1.,3.52288939787261E-14,-1.21490884960309E-16));
#7879=DIRECTION('',(-1.21490884960609E-16,-1.,-8.53727491216149E-15));
#7880=DIRECTION('',(1.,-1.21490884960608E-16,-1.2149088496061E-16));
#7881=DIRECTION('',(1.21490884960609E-16,1.,8.53727491216149E-15));
#7882=DIRECTION('',(1.,3.52288939787261E-14,-1.21490884960309E-16));
#7883=DIRECTION('',(-1.21490884960609E-16,-1.,-8.53727491216149E-15));
#7884=DIRECTION('',(1.,-1.21490884960608E-16,-1.2149088496061E-16));
#7885=DIRECTION('',(1.21490884960609E-16,1.,8.53727491216149E-15));
#7886=DIRECTION('',(1.,3.52288939787261E-14,-1.21490884960309E-16));
#7887=DIRECTION('',(-1.21490884960609E-16,-1.,-8.53727491216149E-15));
#7888=DIRECTION('',(1.,-1.21490884960608E-16,-1.2149088496061E-16));
#7889=DIRECTION('',(1.21490884960609E-16,1.,8.53727491216149E-15));
#7890=DIRECTION('',(1.,3.52288939787261E-14,-1.21490884960309E-16));
#7891=DIRECTION('',(-1.21490884960609E-16,-1.,-8.53727491216149E-15));
#7892=DIRECTION('',(1.,-1.21490884960608E-16,-1.2149088496061E-16));
#7893=DIRECTION('',(1.21490884960609E-16,1.,8.53727491216149E-15));
#7894=DIRECTION('',(1.,3.52288939787261E-14,-1.21490884960309E-16));
#7895=DIRECTION('',(-1.21490884960609E-16,-1.,-8.53727491216149E-15));
#7896=DIRECTION('',(1.,-1.21490884960608E-16,-1.2149088496061E-16));
#7897=DIRECTION('',(1.21490884960609E-16,1.,8.53727491216149E-15));
#7898=DIRECTION('',(1.,3.52288939787261E-14,-1.21490884960309E-16));
#7899=DIRECTION('',(-1.21490884960609E-16,-1.,-8.53727491216149E-15));
#7900=DIRECTION('',(1.,-1.21490884960608E-16,-1.2149088496061E-16));
#7901=DIRECTION('',(1.21490884960609E-16,1.,8.53727491216149E-15));
#7902=DIRECTION('',(1.,3.52288939787261E-14,-1.21490884960309E-16));
#7903=DIRECTION('',(-1.21490884960609E-16,-1.,-8.53727491216149E-15));
#7904=DIRECTION('',(1.,-1.21490884960608E-16,-1.2149088496061E-16));
#7905=DIRECTION('',(1.21490884960609E-16,1.,8.53727491216149E-15));
#7906=DIRECTION('',(1.,3.52288939787261E-14,-1.21490884960309E-16));
#7907=DIRECTION('',(-1.21490884960609E-16,-1.,-8.53727491216149E-15));
#7908=DIRECTION('',(1.,-1.21490884960608E-16,-1.2149088496061E-16));
#7909=DIRECTION('',(1.21490884960609E-16,1.,8.53727491216149E-15));
#7910=DIRECTION('',(1.,3.52288939787261E-14,-1.21490884960309E-16));
#7911=DIRECTION('',(-1.21490884960609E-16,-1.,-8.53727491216149E-15));
#7912=DIRECTION('',(1.,-1.21490884960608E-16,-1.2149088496061E-16));
#7913=DIRECTION('',(1.21490884960609E-16,1.,8.53727491216149E-15));
#7914=DIRECTION('',(1.,3.52288939787261E-14,-1.21490884960309E-16));
#7915=DIRECTION('',(-1.21490884960609E-16,-1.,-8.53727491216149E-15));
#7916=DIRECTION('',(1.,-1.21490884960608E-16,-1.2149088496061E-16));
#7917=DIRECTION('',(1.21490884960609E-16,1.,8.53727491216149E-15));
#7918=DIRECTION('',(1.,3.52288939787261E-14,-1.21490884960309E-16));
#7919=DIRECTION('center_axis',(-1.21490884960609E-16,8.53727491216149E-15,
-1.));
#7920=DIRECTION('ref_axis',(-2.30938538209713E-12,-1.,-8.53727491216121E-15));
#7921=DIRECTION('',(-1.21490884960609E-16,-1.,-8.53727491216149E-15));
#7922=DIRECTION('center_axis',(1.21490884960609E-16,-8.53727491216149E-15,
1.));
#7923=DIRECTION('ref_axis',(8.76029331204067E-15,-1.,-8.53727491216149E-15));
#7924=DIRECTION('',(1.,-1.21490884960608E-16,-1.2149088496061E-16));
#7925=DIRECTION('center_axis',(-1.21490884960609E-16,8.53727491216149E-15,
-1.));
#7926=DIRECTION('ref_axis',(-1.21490884960609E-16,-1.,-8.53727491216149E-15));
#7927=DIRECTION('',(1.84285998390901E-14,-1.,-8.53727491216149E-15));
#7928=DIRECTION('',(-1.,4.41499498443113E-20,1.21490884960609E-16));
#7929=DIRECTION('',(1.21490884960609E-16,1.,8.53727491216149E-15));
#7930=DIRECTION('center_axis',(1.21490884960609E-16,-8.53727491216149E-15,
1.));
#7931=DIRECTION('ref_axis',(1.21490884960609E-16,1.,8.53727491216149E-15));
#7932=DIRECTION('',(-1.,-5.94204860164435E-16,1.21490884960604E-16));
#7933=DIRECTION('',(-1.21490884960609E-16,-1.,-8.53727491216149E-15));
#7934=DIRECTION('',(1.,-1.21490884960608E-16,-1.2149088496061E-16));
#7935=DIRECTION('',(1.21490884960609E-16,1.,8.53727491216149E-15));
#7936=DIRECTION('',(-1.,1.21490884960608E-16,1.2149088496061E-16));
#7937=DIRECTION('center_axis',(-1.,1.21490884960608E-16,1.2149088496061E-16));
#7938=DIRECTION('ref_axis',(1.21490884960609E-16,1.,8.53727491216149E-15));
#7939=DIRECTION('',(-1.21490884960609E-16,-1.,-8.53727491216149E-15));
#7940=DIRECTION('',(-1.21490884960609E-16,8.53727491216149E-15,-1.));
#7941=DIRECTION('center_axis',(1.,1.07161665095321E-30,-1.21490884960609E-16));
#7942=DIRECTION('ref_axis',(0.,-1.,-1.11022302462514E-14));
#7943=DIRECTION('',(0.,8.82055185704388E-15,-1.));
#7944=DIRECTION('center_axis',(1.,0.,0.));
#7945=DIRECTION('ref_axis',(0.,0.,1.));
#7946=DIRECTION('',(0.,-1.,0.));
#7947=DIRECTION('',(0.,0.,1.));
#7948=DIRECTION('',(0.,1.,0.));
#7949=DIRECTION('center_axis',(-1.,0.,0.));
#7950=DIRECTION('ref_axis',(0.,-1.,-8.84708972748171E-15));
#7951=DIRECTION('',(0.,-8.82055185704388E-15,1.));
#7952=DIRECTION('center_axis',(-1.,-1.07161665095321E-30,1.21490884960609E-16));
#7953=DIRECTION('ref_axis',(0.,1.11022302462513E-14,-1.));
#7954=DIRECTION('center_axis',(1.,1.07161665095321E-30,-1.21490884960609E-16));
#7955=DIRECTION('ref_axis',(0.,-1.,-8.82055185704388E-15));
#7956=DIRECTION('center_axis',(-1.,-1.07161665095321E-30,1.21490884960609E-16));
#7957=DIRECTION('ref_axis',(0.,9.86864910777899E-15,-1.));
#7958=DIRECTION('',(-1.,-1.07122722403111E-30,1.21446735010764E-16));
#7959=DIRECTION('center_axis',(-1.21490884960609E-16,8.53727491216149E-15,
-1.));
#7960=DIRECTION('ref_axis',(1.,-1.21490884960608E-16,-1.2149088496061E-16));
#7961=DIRECTION('',(1.,5.94204860164435E-16,-1.21490884960604E-16));
#7962=DIRECTION('center_axis',(-1.21490884960609E-16,8.53727491216149E-15,
-1.));
#7963=DIRECTION('ref_axis',(1.21490884960609E-16,1.,8.53727491216149E-15));
#7964=DIRECTION('',(1.,-4.41499498443113E-20,-1.21490884960609E-16));
#7965=DIRECTION('',(-1.84285998390901E-14,1.,8.53727491216149E-15));
#7966=DIRECTION('center_axis',(1.21490884960609E-16,-8.53727491216149E-15,
1.));
#7967=DIRECTION('ref_axis',(-1.21490884960609E-16,-1.,-8.53727491216149E-15));
#7968=DIRECTION('',(-1.,1.21490884960608E-16,1.2149088496061E-16));
#7969=DIRECTION('center_axis',(-1.21490884960609E-16,8.53727491216149E-15,
-1.));
#7970=DIRECTION('ref_axis',(8.76029331204067E-15,-1.,-8.53727491216149E-15));
#7971=DIRECTION('',(1.21490884960609E-16,1.,8.53727491216149E-15));
#7972=DIRECTION('',(-1.,1.21490884960608E-16,1.2149088496061E-16));
#7973=DIRECTION('',(8.40269420220786E-15,-1.,-8.53727491216149E-15));
#7974=DIRECTION('center_axis',(-1.21490884960609E-16,8.53727491216149E-15,
-1.));
#7975=DIRECTION('ref_axis',(1.,-1.21490884960608E-16,-1.2149088496061E-16));
#7976=DIRECTION('',(-1.,1.21490884960608E-16,1.2149088496061E-16));
#7977=DIRECTION('center_axis',(1.21490884960609E-16,-8.53727491216149E-15,
1.));
#7978=DIRECTION('ref_axis',(1.,-1.21490884960608E-16,-1.2149088496061E-16));
#7979=DIRECTION('',(-1.21490884960609E-16,-1.,-8.53727491216149E-15));
#7980=DIRECTION('center_axis',(1.21490884960609E-16,-8.53727491216149E-15,
1.));
#7981=DIRECTION('ref_axis',(1.21490884960609E-16,1.,8.53727491216149E-15));
#7982=DIRECTION('',(1.,-1.21490884960608E-16,-1.2149088496061E-16));
#7983=DIRECTION('',(5.64104405847111E-14,-1.,-8.53727491216149E-15));
#7984=DIRECTION('center_axis',(-1.,-5.64104405847111E-14,1.21490884960128E-16));
#7985=DIRECTION('ref_axis',(-5.64104405847111E-14,1.,8.53727491216149E-15));
#7986=DIRECTION('',(-1.21490884960609E-16,8.53727491216149E-15,-1.));
#7987=DIRECTION('center_axis',(1.,1.06003184139073E-30,-1.21490884960609E-16));
#7988=DIRECTION('ref_axis',(0.,-1.,-1.11022302462515E-14));
#7989=DIRECTION('',(-5.65319314696717E-14,8.59850725211885E-15,-1.));
#7990=DIRECTION('center_axis',(1.,1.53915859905983E-32,0.));
#7991=DIRECTION('ref_axis',(-1.35762282392222E-46,2.22044604925031E-16,
1.));
#7992=DIRECTION('',(-5.65319314696717E-14,-1.,2.22044604925031E-16));
#7993=DIRECTION('',(-1.35762282392222E-46,2.22044604925031E-16,1.));
#7994=DIRECTION('',(5.65319314696717E-14,1.,-2.22044604925031E-16));
#7995=DIRECTION('center_axis',(-1.,-1.53915859905983E-32,0.));
#7996=DIRECTION('ref_axis',(1.53915859905983E-32,-1.,-8.62504512255668E-15));
#7997=DIRECTION('',(5.65319314696717E-14,-8.59850725211885E-15,1.));
#7998=DIRECTION('center_axis',(1.53915859905983E-32,-1.,-8.59850725211885E-15));
#7999=DIRECTION('ref_axis',(1.,1.53915859905983E-32,0.));
#8000=DIRECTION('',(-1.,-1.05965221772681E-30,1.21446735010764E-16));
#8001=DIRECTION('',(-1.,-1.53915859905983E-32,0.));
#8002=DIRECTION('center_axis',(1.,1.07161665095321E-30,-1.21490884960609E-16));
#8003=DIRECTION('ref_axis',(0.,-1.,-8.82055185704388E-15));
#8004=DIRECTION('',(1.,1.07122722403111E-30,-1.21446735010764E-16));
#8005=DIRECTION('center_axis',(1.,1.07161665095321E-30,-1.21490884960609E-16));
#8006=DIRECTION('ref_axis',(0.,-1.,-1.07552855510561E-14));
#8007=DIRECTION('center_axis',(1.,1.06003184139073E-30,-1.21490884960609E-16));
#8008=DIRECTION('ref_axis',(0.,-1.,-8.82055185704388E-15));
#8009=DIRECTION('center_axis',(0.,-1.,-8.82055185704388E-15));
#8010=DIRECTION('ref_axis',(1.,0.,0.));
#8011=DIRECTION('',(1.,0.,0.));
#8012=DIRECTION('',(-1.85500907240507E-14,8.82055185704388E-15,-1.));
#8013=DIRECTION('center_axis',(1.,1.84285998390901E-14,-1.21490884960452E-16));
#8014=DIRECTION('ref_axis',(1.84285998390901E-14,-1.,-8.53727491216149E-15));
#8015=DIRECTION('',(-1.21490884960609E-16,8.53727491216149E-15,-1.));
#8016=DIRECTION('center_axis',(1.,0.,0.));
#8017=DIRECTION('ref_axis',(0.,0.,1.));
#8018=DIRECTION('',(-1.85500907240507E-14,-1.,0.));
#8019=DIRECTION('',(0.,0.,1.));
#8020=DIRECTION('',(1.85500907240507E-14,1.,0.));
#8021=DIRECTION('center_axis',(-1.,0.,0.));
#8022=DIRECTION('ref_axis',(0.,-1.,-8.78926561161584E-15));
#8023=DIRECTION('',(1.85500907240507E-14,-8.82055185704388E-15,1.));
#8024=DIRECTION('center_axis',(1.,0.,0.));
#8025=DIRECTION('ref_axis',(0.,0.,1.));
#8026=DIRECTION('',(1.,0.,0.));
#8027=DIRECTION('center_axis',(0.,-1.,-8.82055185704388E-15));
#8028=DIRECTION('ref_axis',(1.,0.,0.));
#8029=DIRECTION('',(-1.,0.,0.));
#8030=DIRECTION('center_axis',(1.,1.53915859905983E-32,0.));
#8031=DIRECTION('ref_axis',(-1.35762282392222E-46,2.22044604925031E-16,
1.));
#8032=DIRECTION('',(-1.,-1.53915859905983E-32,0.));
#8033=DIRECTION('center_axis',(1.53915859905983E-32,-1.,-8.59850725211885E-15));
#8034=DIRECTION('ref_axis',(1.,1.53915859905983E-32,0.));
#8035=DIRECTION('',(1.,1.53915859905983E-32,0.));
#8036=DIRECTION('center_axis',(0.,0.,1.));
#8037=DIRECTION('ref_axis',(1.,0.,0.));
#8038=DIRECTION('',(1.,2.13771348356011E-15,0.));
#8039=DIRECTION('center_axis',(1.,0.,0.));
#8040=DIRECTION('ref_axis',(0.,0.,1.));
#8041=DIRECTION('',(-1.,0.,0.));
#8042=DIRECTION('center_axis',(-1.35762282392222E-46,2.22044604925031E-16,
1.));
#8043=DIRECTION('ref_axis',(1.,1.53915859905983E-32,0.));
#8044=DIRECTION('',(1.,1.53915859905983E-32,0.));
#8045=DIRECTION('',(1.,-1.77635683940014E-14,3.94430452610481E-30));
#8046=DIRECTION('center_axis',(0.,0.,1.));
#8047=DIRECTION('ref_axis',(1.,0.,0.));
#8048=DIRECTION('',(-1.,-2.13771348356011E-15,0.));
#8049=DIRECTION('center_axis',(-1.,1.21490884960608E-16,1.2149088496061E-16));
#8050=DIRECTION('ref_axis',(1.21490884960609E-16,1.,8.53727491216149E-15));
#8051=DIRECTION('',(-1.21490884960609E-16,8.53727491216149E-15,-1.));
#8052=DIRECTION('',(1.21490884960609E-16,1.,8.53727491216149E-15));
#8053=DIRECTION('',(-1.21490884960609E-16,8.53727491216149E-15,-1.));
#8054=DIRECTION('center_axis',(-1.21490884960609E-16,-1.,-8.53727491216149E-15));
#8055=DIRECTION('ref_axis',(-1.,1.21490884960608E-16,1.2149088496061E-16));
#8056=DIRECTION('',(-1.,1.21490884960608E-16,1.2149088496061E-16));
#8057=DIRECTION('',(-1.21490884960609E-16,8.53727491216149E-15,-1.));
#8058=DIRECTION('center_axis',(1.,-1.21490884960608E-16,-1.2149088496061E-16));
#8059=DIRECTION('ref_axis',(-1.21490884960609E-16,-1.,-8.53727491216149E-15));
#8060=DIRECTION('',(-1.21490884960609E-16,-1.,-8.53727491216149E-15));
#8061=DIRECTION('',(-1.21490884960609E-16,8.53727491216149E-15,-1.));
#8062=DIRECTION('center_axis',(1.21490884960609E-16,1.,8.53727491216149E-15));
#8063=DIRECTION('ref_axis',(1.,-1.21490884960608E-16,-1.2149088496061E-16));
#8064=DIRECTION('',(1.,-1.21490884960608E-16,-1.2149088496061E-16));
#8065=DIRECTION('center_axis',(-1.21490884960609E-16,8.53727491216149E-15,
-1.));
#8066=DIRECTION('ref_axis',(1.,-1.21490884960608E-16,-1.2149088496061E-16));
#8067=DIRECTION('center_axis',(-1.21490884960609E-16,8.53727491216149E-15,
-1.));
#8068=DIRECTION('ref_axis',(1.,-1.21490884960608E-16,-1.2149088496061E-16));
#8069=DIRECTION('',(1.,-1.21490884960608E-16,-1.2149088496061E-16));
#8070=DIRECTION('',(1.21490884960609E-16,1.,8.53727491216149E-15));
#8071=DIRECTION('',(1.,-1.21490884960608E-16,-1.2149088496061E-16));
#8072=DIRECTION('',(-1.21490884960609E-16,-1.,-8.53727491216149E-15));
#8073=DIRECTION('center_axis',(-1.21490884960609E-16,8.53727491216149E-15,
-1.));
#8074=DIRECTION('ref_axis',(1.,-1.21490884960608E-16,-1.2149088496061E-16));
#8075=DIRECTION('',(1.,-1.21490884960608E-16,-1.2149088496061E-16));
#8076=DIRECTION('',(1.21490884960609E-16,1.,8.53727491216149E-15));
#8077=DIRECTION('',(1.,-1.21490884960608E-16,-1.2149088496061E-16));
#8078=DIRECTION('',(-1.21490884960609E-16,-1.,-8.53727491216149E-15));
#8079=DIRECTION('center_axis',(-1.21490884960609E-16,8.53727491216149E-15,
-1.));
#8080=DIRECTION('ref_axis',(1.,-1.21490884960608E-16,-1.2149088496061E-16));
#8081=DIRECTION('',(1.,-1.21490884960608E-16,-1.2149088496061E-16));
#8082=DIRECTION('',(1.21490884960609E-16,1.,8.53727491216149E-15));
#8083=DIRECTION('',(1.,-1.21490884960608E-16,-1.2149088496061E-16));
#8084=DIRECTION('',(-1.21490884960609E-16,-1.,-8.53727491216149E-15));
#8085=DIRECTION('center_axis',(-1.21490884960609E-16,8.53727491216149E-15,
-1.));
#8086=DIRECTION('ref_axis',(1.,-1.21490884960608E-16,-1.2149088496061E-16));
#8087=DIRECTION('',(1.,-1.21490884960608E-16,-1.2149088496061E-16));
#8088=DIRECTION('',(1.21490884960609E-16,1.,8.53727491216149E-15));
#8089=DIRECTION('',(1.,-1.21490884960608E-16,-1.2149088496061E-16));
#8090=DIRECTION('',(-1.21490884960609E-16,-1.,-8.53727491216149E-15));
#8091=DIRECTION('center_axis',(-1.21490884960609E-16,8.53727491216149E-15,
-1.));
#8092=DIRECTION('ref_axis',(1.,-1.21490884960608E-16,-1.2149088496061E-16));
#8093=DIRECTION('',(1.,-1.21490884960608E-16,-1.2149088496061E-16));
#8094=DIRECTION('',(1.21490884960609E-16,1.,8.53727491216149E-15));
#8095=DIRECTION('',(1.,-1.21490884960608E-16,-1.2149088496061E-16));
#8096=DIRECTION('',(-1.21490884960609E-16,-1.,-8.53727491216149E-15));
#8097=DIRECTION('center_axis',(-1.21490884960609E-16,8.53727491216149E-15,
-1.));
#8098=DIRECTION('ref_axis',(1.,-1.21490884960608E-16,-1.2149088496061E-16));
#8099=DIRECTION('',(1.,-1.21490884960608E-16,-1.2149088496061E-16));
#8100=DIRECTION('',(1.21490884960609E-16,1.,8.53727491216149E-15));
#8101=DIRECTION('',(1.,-1.21490884960608E-16,-1.2149088496061E-16));
#8102=DIRECTION('',(-1.21490884960609E-16,-1.,-8.53727491216149E-15));
#8103=DIRECTION('center_axis',(-1.21490884960609E-16,8.53727491216149E-15,
-1.));
#8104=DIRECTION('ref_axis',(1.,-1.21490884960608E-16,-1.2149088496061E-16));
#8105=DIRECTION('',(1.,-1.21490884960608E-16,-1.2149088496061E-16));
#8106=DIRECTION('',(1.21490884960609E-16,1.,8.53727491216149E-15));
#8107=DIRECTION('',(1.,-1.21490884960608E-16,-1.2149088496061E-16));
#8108=DIRECTION('',(-1.21490884960609E-16,-1.,-8.53727491216149E-15));
#8109=DIRECTION('center_axis',(-1.21490884960609E-16,8.53727491216149E-15,
-1.));
#8110=DIRECTION('ref_axis',(1.,-1.21490884960608E-16,-1.2149088496061E-16));
#8111=DIRECTION('',(1.,-1.21490884960608E-16,-1.2149088496061E-16));
#8112=DIRECTION('',(1.21490884960609E-16,1.,8.53727491216149E-15));
#8113=DIRECTION('',(1.,-1.21490884960608E-16,-1.2149088496061E-16));
#8114=DIRECTION('',(-1.21490884960609E-16,-1.,-8.53727491216149E-15));
#8115=DIRECTION('center_axis',(-1.21490884960609E-16,8.53727491216149E-15,
-1.));
#8116=DIRECTION('ref_axis',(1.,-1.21490884960608E-16,-1.2149088496061E-16));
#8117=DIRECTION('',(1.,-1.21490884960608E-16,-1.2149088496061E-16));
#8118=DIRECTION('',(1.21490884960609E-16,1.,8.53727491216149E-15));
#8119=DIRECTION('',(1.,-1.21490884960608E-16,-1.2149088496061E-16));
#8120=DIRECTION('',(-1.21490884960609E-16,-1.,-8.53727491216149E-15));
#8121=DIRECTION('center_axis',(-1.21490884960609E-16,8.53727491216149E-15,
-1.));
#8122=DIRECTION('ref_axis',(1.,-1.21490884960608E-16,-1.2149088496061E-16));
#8123=DIRECTION('',(1.,-1.21490884960608E-16,-1.2149088496061E-16));
#8124=DIRECTION('',(1.21490884960609E-16,1.,8.53727491216149E-15));
#8125=DIRECTION('',(1.,-1.21490884960608E-16,-1.2149088496061E-16));
#8126=DIRECTION('',(-1.21490884960609E-16,-1.,-8.53727491216149E-15));
#8127=DIRECTION('center_axis',(-1.21490884960609E-16,8.53727491216149E-15,
-1.));
#8128=DIRECTION('ref_axis',(1.,-1.21490884960608E-16,-1.2149088496061E-16));
#8129=DIRECTION('',(1.,-1.21490884960608E-16,-1.2149088496061E-16));
#8130=DIRECTION('',(1.21490884960609E-16,1.,8.53727491216149E-15));
#8131=DIRECTION('',(1.,-1.21490884960608E-16,-1.2149088496061E-16));
#8132=DIRECTION('',(-1.21490884960609E-16,-1.,-8.53727491216149E-15));
#8133=DIRECTION('center_axis',(-1.21490884960609E-16,8.53727491216149E-15,
-1.));
#8134=DIRECTION('ref_axis',(1.,-1.21490884960608E-16,-1.2149088496061E-16));
#8135=DIRECTION('',(1.,-1.21490884960608E-16,-1.2149088496061E-16));
#8136=DIRECTION('',(1.21490884960609E-16,1.,8.53727491216149E-15));
#8137=DIRECTION('',(1.,-1.21490884960608E-16,-1.2149088496061E-16));
#8138=DIRECTION('',(-1.21490884960609E-16,-1.,-8.53727491216149E-15));
#8139=DIRECTION('center_axis',(-1.21490884960609E-16,8.53727491216149E-15,
-1.));
#8140=DIRECTION('ref_axis',(1.,-1.21490884960608E-16,-1.2149088496061E-16));
#8141=DIRECTION('',(1.,-1.21490884960608E-16,-1.2149088496061E-16));
#8142=DIRECTION('',(1.21490884960609E-16,1.,8.53727491216149E-15));
#8143=DIRECTION('',(1.,-1.21490884960608E-16,-1.2149088496061E-16));
#8144=DIRECTION('',(-1.21490884960609E-16,-1.,-8.53727491216149E-15));
#8145=DIRECTION('center_axis',(-1.21490884960609E-16,8.53727491216149E-15,
-1.));
#8146=DIRECTION('ref_axis',(1.,-1.21490884960608E-16,-1.2149088496061E-16));
#8147=DIRECTION('',(1.,-1.21490884960608E-16,-1.2149088496061E-16));
#8148=DIRECTION('',(1.21490884960609E-16,1.,8.53727491216149E-15));
#8149=DIRECTION('',(1.,-1.21490884960608E-16,-1.2149088496061E-16));
#8150=DIRECTION('',(-1.21490884960609E-16,-1.,-8.53727491216149E-15));
#8151=DIRECTION('center_axis',(-1.21490884960609E-16,8.53727491216149E-15,
-1.));
#8152=DIRECTION('ref_axis',(1.,-1.21490884960608E-16,-1.2149088496061E-16));
#8153=DIRECTION('',(1.,-1.21490884960608E-16,-1.2149088496061E-16));
#8154=DIRECTION('',(1.21490884960609E-16,1.,8.53727491216149E-15));
#8155=DIRECTION('',(1.,-1.21490884960608E-16,-1.2149088496061E-16));
#8156=DIRECTION('',(-1.21490884960609E-16,-1.,-8.53727491216149E-15));
#8157=DIRECTION('center_axis',(-1.21490884960609E-16,8.53727491216149E-15,
-1.));
#8158=DIRECTION('ref_axis',(1.,-1.21490884960608E-16,-1.2149088496061E-16));
#8159=DIRECTION('',(1.,-1.21490884960608E-16,-1.2149088496061E-16));
#8160=DIRECTION('',(1.21490884960609E-16,1.,8.53727491216149E-15));
#8161=DIRECTION('',(1.,-1.21490884960608E-16,-1.2149088496061E-16));
#8162=DIRECTION('',(-1.21490884960609E-16,-1.,-8.53727491216149E-15));
#8163=DIRECTION('center_axis',(-1.21490884960609E-16,8.53727491216149E-15,
-1.));
#8164=DIRECTION('ref_axis',(1.,-1.21490884960608E-16,-1.2149088496061E-16));
#8165=DIRECTION('',(1.,-1.21490884960608E-16,-1.2149088496061E-16));
#8166=DIRECTION('',(1.21490884960609E-16,1.,8.53727491216149E-15));
#8167=DIRECTION('',(1.,-1.21490884960608E-16,-1.2149088496061E-16));
#8168=DIRECTION('',(-1.21490884960609E-16,-1.,-8.53727491216149E-15));
#8169=DIRECTION('center_axis',(-1.21490884960609E-16,8.53727491216149E-15,
-1.));
#8170=DIRECTION('ref_axis',(1.,-1.21490884960608E-16,-1.2149088496061E-16));
#8171=DIRECTION('',(1.,-1.21490884960608E-16,-1.2149088496061E-16));
#8172=DIRECTION('',(1.21490884960609E-16,1.,8.53727491216149E-15));
#8173=DIRECTION('',(1.,-1.21490884960608E-16,-1.2149088496061E-16));
#8174=DIRECTION('',(-1.21490884960609E-16,-1.,-8.53727491216149E-15));
#8175=DIRECTION('center_axis',(-1.21490884960609E-16,8.53727491216149E-15,
-1.));
#8176=DIRECTION('ref_axis',(1.,-1.21490884960608E-16,-1.2149088496061E-16));
#8177=DIRECTION('',(1.,-1.21490884960608E-16,-1.2149088496061E-16));
#8178=DIRECTION('',(1.21490884960609E-16,1.,8.53727491216149E-15));
#8179=DIRECTION('',(1.,-1.21490884960608E-16,-1.2149088496061E-16));
#8180=DIRECTION('',(-1.21490884960609E-16,-1.,-8.53727491216149E-15));
#8181=DIRECTION('center_axis',(-1.21490884960609E-16,8.53727491216149E-15,
-1.));
#8182=DIRECTION('ref_axis',(1.,-1.21490884960608E-16,-1.2149088496061E-16));
#8183=DIRECTION('',(-1.21490884960609E-16,-1.,-8.53727491216149E-15));
#8184=DIRECTION('',(1.,-1.21490884960608E-16,-1.2149088496061E-16));
#8185=DIRECTION('',(1.21490884960609E-16,1.,8.53727491216149E-15));
#8186=DIRECTION('',(1.,-1.21490884960608E-16,-1.2149088496061E-16));
#8187=DIRECTION('center_axis',(-1.21490884960609E-16,8.53727491216149E-15,
-1.));
#8188=DIRECTION('ref_axis',(1.,-1.21490884960608E-16,-1.2149088496061E-16));
#8189=DIRECTION('',(1.,-1.21490884960608E-16,-1.2149088496061E-16));
#8190=DIRECTION('',(1.21490884960609E-16,1.,8.53727491216149E-15));
#8191=DIRECTION('',(1.,-1.21490884960608E-16,-1.2149088496061E-16));
#8192=DIRECTION('',(-1.21490884960609E-16,-1.,-8.53727491216149E-15));
#8193=DIRECTION('center_axis',(-1.21490884960609E-16,8.53727491216149E-15,
-1.));
#8194=DIRECTION('ref_axis',(1.,-1.21490884960608E-16,-1.2149088496061E-16));
#8195=DIRECTION('',(1.,-1.21490884960608E-16,-1.2149088496061E-16));
#8196=DIRECTION('',(1.21490884960609E-16,1.,8.53727491216149E-15));
#8197=DIRECTION('',(1.,-1.21490884960608E-16,-1.2149088496061E-16));
#8198=DIRECTION('',(-1.21490884960609E-16,-1.,-8.53727491216149E-15));
#8199=DIRECTION('center_axis',(-1.21490884960609E-16,8.53727491216149E-15,
-1.));
#8200=DIRECTION('ref_axis',(1.,-1.21490884960608E-16,-1.2149088496061E-16));
#8201=DIRECTION('',(1.,-1.21490884960608E-16,-1.2149088496061E-16));
#8202=DIRECTION('',(1.21490884960609E-16,1.,8.53727491216149E-15));
#8203=DIRECTION('',(1.,-1.21490884960608E-16,-1.2149088496061E-16));
#8204=DIRECTION('',(-1.21490884960609E-16,-1.,-8.53727491216149E-15));
#8205=DIRECTION('center_axis',(-1.21490884960609E-16,8.53727491216149E-15,
-1.));
#8206=DIRECTION('ref_axis',(1.,-1.21490884960608E-16,-1.2149088496061E-16));
#8207=DIRECTION('',(1.,-1.21490884960608E-16,-1.2149088496061E-16));
#8208=DIRECTION('',(1.21490884960609E-16,1.,8.53727491216149E-15));
#8209=DIRECTION('',(1.,-1.21490884960608E-16,-1.2149088496061E-16));
#8210=DIRECTION('',(-1.21490884960609E-16,-1.,-8.53727491216149E-15));
#8211=DIRECTION('center_axis',(-1.21490884960609E-16,8.53727491216149E-15,
-1.));
#8212=DIRECTION('ref_axis',(1.,-1.21490884960608E-16,-1.2149088496061E-16));
#8213=DIRECTION('',(1.,-1.21490884960608E-16,-1.2149088496061E-16));
#8214=DIRECTION('',(1.21490884960609E-16,1.,8.53727491216149E-15));
#8215=DIRECTION('',(1.,-1.21490884960608E-16,-1.2149088496061E-16));
#8216=DIRECTION('',(-1.21490884960609E-16,-1.,-8.53727491216149E-15));
#8217=DIRECTION('center_axis',(-1.21490884960609E-16,8.53727491216149E-15,
-1.));
#8218=DIRECTION('ref_axis',(1.,-1.21490884960608E-16,-1.2149088496061E-16));
#8219=DIRECTION('',(1.,-1.21490884960608E-16,-1.2149088496061E-16));
#8220=DIRECTION('',(1.21490884960609E-16,1.,8.53727491216149E-15));
#8221=DIRECTION('',(1.,-1.21490884960608E-16,-1.2149088496061E-16));
#8222=DIRECTION('',(-1.21490884960609E-16,-1.,-8.53727491216149E-15));
#8223=DIRECTION('center_axis',(-1.21490884960609E-16,8.53727491216149E-15,
-1.));
#8224=DIRECTION('ref_axis',(1.,-1.21490884960608E-16,-1.2149088496061E-16));
#8225=DIRECTION('',(1.,-1.21490884960608E-16,-1.2149088496061E-16));
#8226=DIRECTION('',(1.21490884960609E-16,1.,8.53727491216149E-15));
#8227=DIRECTION('',(1.,-1.21490884960608E-16,-1.2149088496061E-16));
#8228=DIRECTION('',(-1.21490884960609E-16,-1.,-8.53727491216149E-15));
#8229=DIRECTION('center_axis',(-1.21490884960609E-16,8.53727491216149E-15,
-1.));
#8230=DIRECTION('ref_axis',(1.,-1.21490884960608E-16,-1.2149088496061E-16));
#8231=DIRECTION('',(1.,-1.21490884960608E-16,-1.2149088496061E-16));
#8232=DIRECTION('',(1.21490884960609E-16,1.,8.53727491216149E-15));
#8233=DIRECTION('',(1.,-1.21490884960608E-16,-1.2149088496061E-16));
#8234=DIRECTION('',(-1.21490884960609E-16,-1.,-8.53727491216149E-15));
#8235=DIRECTION('center_axis',(-1.21490884960609E-16,8.53727491216149E-15,
-1.));
#8236=DIRECTION('ref_axis',(1.,-1.21490884960608E-16,-1.2149088496061E-16));
#8237=DIRECTION('',(1.,-1.21490884960608E-16,-1.2149088496061E-16));
#8238=DIRECTION('',(1.21490884960609E-16,1.,8.53727491216149E-15));
#8239=DIRECTION('',(1.,-1.21490884960608E-16,-1.2149088496061E-16));
#8240=DIRECTION('',(-1.21490884960609E-16,-1.,-8.53727491216149E-15));
#8241=DIRECTION('center_axis',(-1.21490884960609E-16,8.53727491216149E-15,
-1.));
#8242=DIRECTION('ref_axis',(1.,-1.21490884960608E-16,-1.2149088496061E-16));
#8243=DIRECTION('',(1.,-1.21490884960608E-16,-1.2149088496061E-16));
#8244=DIRECTION('',(1.21490884960609E-16,1.,8.53727491216149E-15));
#8245=DIRECTION('',(1.,-1.21490884960608E-16,-1.2149088496061E-16));
#8246=DIRECTION('',(-1.21490884960609E-16,-1.,-8.53727491216149E-15));
#8247=DIRECTION('center_axis',(-1.21490884960609E-16,8.53727491216149E-15,
-1.));
#8248=DIRECTION('ref_axis',(1.,-1.21490884960608E-16,-1.2149088496061E-16));
#8249=DIRECTION('',(1.,-1.21490884960608E-16,-1.2149088496061E-16));
#8250=DIRECTION('',(1.21490884960609E-16,1.,8.53727491216149E-15));
#8251=DIRECTION('',(1.,-1.21490884960608E-16,-1.2149088496061E-16));
#8252=DIRECTION('',(-1.21490884960609E-16,-1.,-8.53727491216149E-15));
#8253=DIRECTION('center_axis',(-1.21490884960609E-16,8.53727491216149E-15,
-1.));
#8254=DIRECTION('ref_axis',(1.,-1.21490884960608E-16,-1.2149088496061E-16));
#8255=DIRECTION('',(1.,-1.21490884960608E-16,-1.2149088496061E-16));
#8256=DIRECTION('',(1.21490884960609E-16,1.,8.53727491216149E-15));
#8257=DIRECTION('',(1.,-1.21490884960608E-16,-1.2149088496061E-16));
#8258=DIRECTION('',(-1.21490884960609E-16,-1.,-8.53727491216149E-15));
#8259=DIRECTION('center_axis',(-1.21490884960609E-16,8.53727491216149E-15,
-1.));
#8260=DIRECTION('ref_axis',(1.,-1.21490884960608E-16,-1.2149088496061E-16));
#8261=DIRECTION('',(1.,-1.21490884960608E-16,-1.2149088496061E-16));
#8262=DIRECTION('',(1.21490884960609E-16,1.,8.53727491216149E-15));
#8263=DIRECTION('',(1.,-1.21490884960608E-16,-1.2149088496061E-16));
#8264=DIRECTION('',(-1.21490884960609E-16,-1.,-8.53727491216149E-15));
#8265=DIRECTION('center_axis',(-1.21490884960609E-16,8.53727491216149E-15,
-1.));
#8266=DIRECTION('ref_axis',(1.,-1.21490884960608E-16,-1.2149088496061E-16));
#8267=DIRECTION('',(1.,-1.21490884960608E-16,-1.2149088496061E-16));
#8268=DIRECTION('',(1.21490884960609E-16,1.,8.53727491216149E-15));
#8269=DIRECTION('',(1.,-1.21490884960608E-16,-1.2149088496061E-16));
#8270=DIRECTION('',(-1.21490884960609E-16,-1.,-8.53727491216149E-15));
#8271=DIRECTION('center_axis',(-1.21490884960609E-16,8.53727491216149E-15,
-1.));
#8272=DIRECTION('ref_axis',(1.,-1.21490884960608E-16,-1.2149088496061E-16));
#8273=DIRECTION('',(1.,-1.21490884960608E-16,-1.2149088496061E-16));
#8274=DIRECTION('',(1.21490884960609E-16,1.,8.53727491216149E-15));
#8275=DIRECTION('',(1.,-1.21490884960608E-16,-1.2149088496061E-16));
#8276=DIRECTION('',(-1.21490884960609E-16,-1.,-8.53727491216149E-15));
#8277=DIRECTION('center_axis',(-1.21490884960609E-16,8.53727491216149E-15,
-1.));
#8278=DIRECTION('ref_axis',(1.,-1.21490884960608E-16,-1.2149088496061E-16));
#8279=DIRECTION('',(1.,-1.21490884960608E-16,-1.2149088496061E-16));
#8280=DIRECTION('',(1.21490884960609E-16,1.,8.53727491216149E-15));
#8281=DIRECTION('',(1.,-1.21490884960608E-16,-1.2149088496061E-16));
#8282=DIRECTION('',(-1.21490884960609E-16,-1.,-8.53727491216149E-15));
#8283=DIRECTION('center_axis',(-1.21490884960609E-16,8.53727491216149E-15,
-1.));
#8284=DIRECTION('ref_axis',(1.,-1.21490884960608E-16,-1.2149088496061E-16));
#8285=DIRECTION('',(1.,-1.21490884960608E-16,-1.2149088496061E-16));
#8286=DIRECTION('',(1.21490884960609E-16,1.,8.53727491216149E-15));
#8287=DIRECTION('',(1.,-1.21490884960608E-16,-1.2149088496061E-16));
#8288=DIRECTION('',(-1.21490884960609E-16,-1.,-8.53727491216149E-15));
#8289=DIRECTION('center_axis',(-1.21490884960609E-16,8.53727491216149E-15,
-1.));
#8290=DIRECTION('ref_axis',(1.,-1.21490884960608E-16,-1.2149088496061E-16));
#8291=DIRECTION('',(1.,-1.21490884960608E-16,-1.2149088496061E-16));
#8292=DIRECTION('',(1.21490884960609E-16,1.,8.53727491216149E-15));
#8293=DIRECTION('',(1.,-1.21490884960608E-16,-1.2149088496061E-16));
#8294=DIRECTION('',(-1.21490884960609E-16,-1.,-8.53727491216149E-15));
#8295=DIRECTION('center_axis',(-1.21490884960609E-16,8.53727491216149E-15,
-1.));
#8296=DIRECTION('ref_axis',(1.,-1.21490884960608E-16,-1.2149088496061E-16));
#8297=DIRECTION('',(1.,-1.21490884960608E-16,-1.2149088496061E-16));
#8298=DIRECTION('',(1.21490884960609E-16,1.,8.53727491216149E-15));
#8299=DIRECTION('',(1.,-1.21490884960608E-16,-1.2149088496061E-16));
#8300=DIRECTION('',(-1.21490884960609E-16,-1.,-8.53727491216149E-15));
#8301=DIRECTION('center_axis',(-1.21490884960609E-16,8.53727491216149E-15,
-1.));
#8302=DIRECTION('ref_axis',(1.,-1.21490884960608E-16,-1.2149088496061E-16));
#8303=DIRECTION('',(1.,-1.21490884960608E-16,-1.2149088496061E-16));
#8304=DIRECTION('',(1.21490884960609E-16,1.,8.53727491216149E-15));
#8305=DIRECTION('',(1.,-1.21490884960608E-16,-1.2149088496061E-16));
#8306=DIRECTION('',(-1.21490884960609E-16,-1.,-8.53727491216149E-15));
#8307=DIRECTION('center_axis',(-1.,1.21490884960608E-16,1.2149088496061E-16));
#8308=DIRECTION('ref_axis',(-1.21490884960609E-16,-1.,-8.53727491216149E-15));
#8309=DIRECTION('',(1.21490884960609E-16,-8.53727491216149E-15,1.));
#8310=DIRECTION('',(-1.21490884960609E-16,8.53727491216149E-15,-1.));
#8311=DIRECTION('center_axis',(-1.21490884960609E-16,-1.,-8.53727491216149E-15));
#8312=DIRECTION('ref_axis',(1.,-1.21490884960608E-16,-1.2149088496061E-16));
#8313=DIRECTION('',(1.21490884960609E-16,-8.53727491216149E-15,1.));
#8314=DIRECTION('center_axis',(-1.,1.21490884960608E-16,1.2149088496061E-16));
#8315=DIRECTION('ref_axis',(-1.21490884960609E-16,-1.,-8.53727491216149E-15));
#8316=DIRECTION('',(1.21490884960609E-16,-8.53727491216149E-15,1.));
#8317=DIRECTION('',(-1.21490884960609E-16,8.53727491216149E-15,-1.));
#8318=DIRECTION('center_axis',(-1.21490884960609E-16,-1.,-8.53727491216149E-15));
#8319=DIRECTION('ref_axis',(1.,-1.21490884960608E-16,-1.2149088496061E-16));
#8320=DIRECTION('',(1.21490884960609E-16,-8.53727491216149E-15,1.));
#8321=DIRECTION('center_axis',(-1.,1.21490884960608E-16,1.2149088496061E-16));
#8322=DIRECTION('ref_axis',(-1.21490884960609E-16,-1.,-8.53727491216149E-15));
#8323=DIRECTION('',(1.21490884960609E-16,-8.53727491216149E-15,1.));
#8324=DIRECTION('',(-1.21490884960609E-16,8.53727491216149E-15,-1.));
#8325=DIRECTION('center_axis',(-1.21490884960609E-16,-1.,-8.53727491216149E-15));
#8326=DIRECTION('ref_axis',(1.,-1.21490884960608E-16,-1.2149088496061E-16));
#8327=DIRECTION('',(1.21490884960609E-16,-8.53727491216149E-15,1.));
#8328=DIRECTION('center_axis',(-1.,1.21490884960608E-16,1.2149088496061E-16));
#8329=DIRECTION('ref_axis',(-1.21490884960609E-16,-1.,-8.53727491216149E-15));
#8330=DIRECTION('',(1.21490884960609E-16,-8.53727491216149E-15,1.));
#8331=DIRECTION('',(-1.21490884960609E-16,8.53727491216149E-15,-1.));
#8332=DIRECTION('center_axis',(-1.21490884960609E-16,-1.,-8.53727491216149E-15));
#8333=DIRECTION('ref_axis',(1.,-1.21490884960608E-16,-1.2149088496061E-16));
#8334=DIRECTION('',(1.21490884960609E-16,-8.53727491216149E-15,1.));
#8335=DIRECTION('center_axis',(-1.,1.21490884960608E-16,1.2149088496061E-16));
#8336=DIRECTION('ref_axis',(-1.21490884960609E-16,-1.,-8.53727491216149E-15));
#8337=DIRECTION('',(1.21490884960609E-16,-8.53727491216149E-15,1.));
#8338=DIRECTION('',(-1.21490884960609E-16,8.53727491216149E-15,-1.));
#8339=DIRECTION('center_axis',(-1.21490884960609E-16,-1.,-8.53727491216149E-15));
#8340=DIRECTION('ref_axis',(1.,-1.21490884960608E-16,-1.2149088496061E-16));
#8341=DIRECTION('',(1.21490884960609E-16,-8.53727491216149E-15,1.));
#8342=DIRECTION('center_axis',(-1.,1.21490884960608E-16,1.2149088496061E-16));
#8343=DIRECTION('ref_axis',(-1.21490884960609E-16,-1.,-8.53727491216149E-15));
#8344=DIRECTION('',(1.21490884960609E-16,-8.53727491216149E-15,1.));
#8345=DIRECTION('',(-1.21490884960609E-16,8.53727491216149E-15,-1.));
#8346=DIRECTION('center_axis',(-1.21490884960609E-16,-1.,-8.53727491216149E-15));
#8347=DIRECTION('ref_axis',(1.,-1.21490884960608E-16,-1.2149088496061E-16));
#8348=DIRECTION('',(1.21490884960609E-16,-8.53727491216149E-15,1.));
#8349=DIRECTION('center_axis',(-1.,1.21490884960608E-16,1.2149088496061E-16));
#8350=DIRECTION('ref_axis',(-1.21490884960609E-16,-1.,-8.53727491216149E-15));
#8351=DIRECTION('',(1.21490884960609E-16,-8.53727491216149E-15,1.));
#8352=DIRECTION('',(-1.21490884960609E-16,8.53727491216149E-15,-1.));
#8353=DIRECTION('center_axis',(-1.21490884960609E-16,-1.,-8.53727491216149E-15));
#8354=DIRECTION('ref_axis',(1.,-1.21490884960608E-16,-1.2149088496061E-16));
#8355=DIRECTION('',(1.21490884960609E-16,-8.53727491216149E-15,1.));
#8356=DIRECTION('center_axis',(-1.,1.21490884960608E-16,1.2149088496061E-16));
#8357=DIRECTION('ref_axis',(-1.21490884960609E-16,-1.,-8.53727491216149E-15));
#8358=DIRECTION('',(1.21490884960609E-16,-8.53727491216149E-15,1.));
#8359=DIRECTION('',(-1.21490884960609E-16,8.53727491216149E-15,-1.));
#8360=DIRECTION('center_axis',(-1.21490884960609E-16,-1.,-8.53727491216149E-15));
#8361=DIRECTION('ref_axis',(1.,-1.21490884960608E-16,-1.2149088496061E-16));
#8362=DIRECTION('',(1.21490884960609E-16,-8.53727491216149E-15,1.));
#8363=DIRECTION('center_axis',(-1.,1.21490884960608E-16,1.2149088496061E-16));
#8364=DIRECTION('ref_axis',(-1.21490884960609E-16,-1.,-8.53727491216149E-15));
#8365=DIRECTION('',(1.21490884960609E-16,-8.53727491216149E-15,1.));
#8366=DIRECTION('',(-1.21490884960609E-16,8.53727491216149E-15,-1.));
#8367=DIRECTION('center_axis',(-1.21490884960609E-16,-1.,-8.53727491216149E-15));
#8368=DIRECTION('ref_axis',(1.,-1.21490884960608E-16,-1.2149088496061E-16));
#8369=DIRECTION('',(1.21490884960609E-16,-8.53727491216149E-15,1.));
#8370=DIRECTION('center_axis',(-1.,1.21490884960608E-16,1.2149088496061E-16));
#8371=DIRECTION('ref_axis',(-1.21490884960609E-16,-1.,-8.53727491216149E-15));
#8372=DIRECTION('',(1.21490884960609E-16,-8.53727491216149E-15,1.));
#8373=DIRECTION('',(-1.21490884960609E-16,8.53727491216149E-15,-1.));
#8374=DIRECTION('center_axis',(-1.21490884960609E-16,-1.,-8.53727491216149E-15));
#8375=DIRECTION('ref_axis',(1.,-1.21490884960608E-16,-1.2149088496061E-16));
#8376=DIRECTION('',(1.21490884960609E-16,-8.53727491216149E-15,1.));
#8377=DIRECTION('center_axis',(-1.,1.21490884960608E-16,1.2149088496061E-16));
#8378=DIRECTION('ref_axis',(-1.21490884960609E-16,-1.,-8.53727491216149E-15));
#8379=DIRECTION('',(1.21490884960609E-16,-8.53727491216149E-15,1.));
#8380=DIRECTION('',(-1.21490884960609E-16,8.53727491216149E-15,-1.));
#8381=DIRECTION('center_axis',(-1.21490884960609E-16,-1.,-8.53727491216149E-15));
#8382=DIRECTION('ref_axis',(1.,-1.21490884960608E-16,-1.2149088496061E-16));
#8383=DIRECTION('',(1.21490884960609E-16,-8.53727491216149E-15,1.));
#8384=DIRECTION('center_axis',(-1.,1.21490884960608E-16,1.2149088496061E-16));
#8385=DIRECTION('ref_axis',(-1.21490884960609E-16,-1.,-8.53727491216149E-15));
#8386=DIRECTION('',(1.21490884960609E-16,-8.53727491216149E-15,1.));
#8387=DIRECTION('',(-1.21490884960609E-16,8.53727491216149E-15,-1.));
#8388=DIRECTION('center_axis',(-1.21490884960609E-16,-1.,-8.53727491216149E-15));
#8389=DIRECTION('ref_axis',(1.,-1.21490884960608E-16,-1.2149088496061E-16));
#8390=DIRECTION('',(1.21490884960609E-16,-8.53727491216149E-15,1.));
#8391=DIRECTION('center_axis',(-1.,1.21490884960608E-16,1.2149088496061E-16));
#8392=DIRECTION('ref_axis',(-1.21490884960609E-16,-1.,-8.53727491216149E-15));
#8393=DIRECTION('',(1.21490884960609E-16,-8.53727491216149E-15,1.));
#8394=DIRECTION('',(-1.21490884960609E-16,8.53727491216149E-15,-1.));
#8395=DIRECTION('center_axis',(-1.21490884960609E-16,-1.,-8.53727491216149E-15));
#8396=DIRECTION('ref_axis',(1.,-1.21490884960608E-16,-1.2149088496061E-16));
#8397=DIRECTION('',(1.21490884960609E-16,-8.53727491216149E-15,1.));
#8398=DIRECTION('center_axis',(-1.,1.21490884960608E-16,1.2149088496061E-16));
#8399=DIRECTION('ref_axis',(-1.21490884960609E-16,-1.,-8.53727491216149E-15));
#8400=DIRECTION('',(1.21490884960609E-16,-8.53727491216149E-15,1.));
#8401=DIRECTION('',(-1.21490884960609E-16,8.53727491216149E-15,-1.));
#8402=DIRECTION('center_axis',(-1.21490884960609E-16,-1.,-8.53727491216149E-15));
#8403=DIRECTION('ref_axis',(1.,-1.21490884960608E-16,-1.2149088496061E-16));
#8404=DIRECTION('',(1.21490884960609E-16,-8.53727491216149E-15,1.));
#8405=DIRECTION('center_axis',(-1.,1.21490884960608E-16,1.2149088496061E-16));
#8406=DIRECTION('ref_axis',(-1.21490884960609E-16,-1.,-8.53727491216149E-15));
#8407=DIRECTION('',(1.21490884960609E-16,-8.53727491216149E-15,1.));
#8408=DIRECTION('',(-1.21490884960609E-16,8.53727491216149E-15,-1.));
#8409=DIRECTION('center_axis',(-1.21490884960609E-16,-1.,-8.53727491216149E-15));
#8410=DIRECTION('ref_axis',(1.,-1.21490884960608E-16,-1.2149088496061E-16));
#8411=DIRECTION('',(1.21490884960609E-16,-8.53727491216149E-15,1.));
#8412=DIRECTION('center_axis',(-1.,1.21490884960608E-16,1.2149088496061E-16));
#8413=DIRECTION('ref_axis',(-1.21490884960609E-16,-1.,-8.53727491216149E-15));
#8414=DIRECTION('',(1.21490884960609E-16,-8.53727491216149E-15,1.));
#8415=DIRECTION('',(-1.21490884960609E-16,8.53727491216149E-15,-1.));
#8416=DIRECTION('center_axis',(-1.21490884960609E-16,-1.,-8.53727491216149E-15));
#8417=DIRECTION('ref_axis',(1.,-1.21490884960608E-16,-1.2149088496061E-16));
#8418=DIRECTION('',(1.21490884960609E-16,-8.53727491216149E-15,1.));
#8419=DIRECTION('center_axis',(-1.,1.21490884960608E-16,1.2149088496061E-16));
#8420=DIRECTION('ref_axis',(-1.21490884960609E-16,-1.,-8.53727491216149E-15));
#8421=DIRECTION('',(1.21490884960609E-16,-8.53727491216149E-15,1.));
#8422=DIRECTION('',(-1.21490884960609E-16,8.53727491216149E-15,-1.));
#8423=DIRECTION('center_axis',(-1.21490884960609E-16,-1.,-8.53727491216149E-15));
#8424=DIRECTION('ref_axis',(1.,-1.21490884960608E-16,-1.2149088496061E-16));
#8425=DIRECTION('',(1.21490884960609E-16,-8.53727491216149E-15,1.));
#8426=DIRECTION('center_axis',(-1.,1.21490884960608E-16,1.2149088496061E-16));
#8427=DIRECTION('ref_axis',(-1.21490884960609E-16,-1.,-8.53727491216149E-15));
#8428=DIRECTION('',(1.21490884960609E-16,-8.53727491216149E-15,1.));
#8429=DIRECTION('',(-1.21490884960609E-16,8.53727491216149E-15,-1.));
#8430=DIRECTION('center_axis',(-1.21490884960609E-16,-1.,-8.53727491216149E-15));
#8431=DIRECTION('ref_axis',(1.,-1.21490884960608E-16,-1.2149088496061E-16));
#8432=DIRECTION('',(1.21490884960609E-16,-8.53727491216149E-15,1.));
#8433=DIRECTION('center_axis',(-1.,1.21490884960608E-16,1.2149088496061E-16));
#8434=DIRECTION('ref_axis',(-1.21490884960609E-16,-1.,-8.53727491216149E-15));
#8435=DIRECTION('',(1.21490884960609E-16,-8.53727491216149E-15,1.));
#8436=DIRECTION('',(-1.21490884960609E-16,8.53727491216149E-15,-1.));
#8437=DIRECTION('center_axis',(-1.21490884960609E-16,-1.,-8.53727491216149E-15));
#8438=DIRECTION('ref_axis',(1.,-1.21490884960608E-16,-1.2149088496061E-16));
#8439=DIRECTION('',(1.21490884960609E-16,-8.53727491216149E-15,1.));
#8440=DIRECTION('center_axis',(1.,-1.21490884960608E-16,-1.2149088496061E-16));
#8441=DIRECTION('ref_axis',(1.21490884960609E-16,1.,8.53727491216149E-15));
#8442=DIRECTION('',(1.21490884960609E-16,-8.53727491216149E-15,1.));
#8443=DIRECTION('',(1.21490884960609E-16,-8.53727491216149E-15,1.));
#8444=DIRECTION('center_axis',(-1.,1.21490884960608E-16,1.2149088496061E-16));
#8445=DIRECTION('ref_axis',(-1.21490884960609E-16,-1.,-8.53727491216149E-15));
#8446=DIRECTION('',(1.21490884960609E-16,-8.53727491216149E-15,1.));
#8447=DIRECTION('',(-1.21490884960609E-16,8.53727491216149E-15,-1.));
#8448=DIRECTION('center_axis',(-1.21490884960609E-16,-1.,-8.53727491216149E-15));
#8449=DIRECTION('ref_axis',(1.,-1.21490884960608E-16,-1.2149088496061E-16));
#8450=DIRECTION('',(1.21490884960609E-16,-8.53727491216149E-15,1.));
#8451=DIRECTION('center_axis',(-1.,1.21490884960608E-16,1.2149088496061E-16));
#8452=DIRECTION('ref_axis',(-1.21490884960609E-16,-1.,-8.53727491216149E-15));
#8453=DIRECTION('',(1.21490884960609E-16,-8.53727491216149E-15,1.));
#8454=DIRECTION('',(-1.21490884960609E-16,8.53727491216149E-15,-1.));
#8455=DIRECTION('center_axis',(-1.21490884960609E-16,-1.,-8.53727491216149E-15));
#8456=DIRECTION('ref_axis',(1.,-1.21490884960608E-16,-1.2149088496061E-16));
#8457=DIRECTION('',(1.21490884960609E-16,-8.53727491216149E-15,1.));
#8458=DIRECTION('center_axis',(-1.,1.21490884960608E-16,1.2149088496061E-16));
#8459=DIRECTION('ref_axis',(-1.21490884960609E-16,-1.,-8.53727491216149E-15));
#8460=DIRECTION('',(1.21490884960609E-16,-8.53727491216149E-15,1.));
#8461=DIRECTION('',(-1.21490884960609E-16,8.53727491216149E-15,-1.));
#8462=DIRECTION('center_axis',(-1.21490884960609E-16,-1.,-8.53727491216149E-15));
#8463=DIRECTION('ref_axis',(1.,-1.21490884960608E-16,-1.2149088496061E-16));
#8464=DIRECTION('',(1.21490884960609E-16,-8.53727491216149E-15,1.));
#8465=DIRECTION('center_axis',(-1.,1.21490884960608E-16,1.2149088496061E-16));
#8466=DIRECTION('ref_axis',(-1.21490884960609E-16,-1.,-8.53727491216149E-15));
#8467=DIRECTION('',(1.21490884960609E-16,-8.53727491216149E-15,1.));
#8468=DIRECTION('',(-1.21490884960609E-16,8.53727491216149E-15,-1.));
#8469=DIRECTION('center_axis',(-1.21490884960609E-16,-1.,-8.53727491216149E-15));
#8470=DIRECTION('ref_axis',(1.,-1.21490884960608E-16,-1.2149088496061E-16));
#8471=DIRECTION('',(1.21490884960609E-16,-8.53727491216149E-15,1.));
#8472=DIRECTION('center_axis',(-1.,1.21490884960608E-16,1.2149088496061E-16));
#8473=DIRECTION('ref_axis',(-1.21490884960609E-16,-1.,-8.53727491216149E-15));
#8474=DIRECTION('',(1.21490884960609E-16,-8.53727491216149E-15,1.));
#8475=DIRECTION('',(-1.21490884960609E-16,8.53727491216149E-15,-1.));
#8476=DIRECTION('center_axis',(-1.21490884960609E-16,-1.,-8.53727491216149E-15));
#8477=DIRECTION('ref_axis',(1.,-1.21490884960608E-16,-1.2149088496061E-16));
#8478=DIRECTION('',(1.21490884960609E-16,-8.53727491216149E-15,1.));
#8479=DIRECTION('center_axis',(-1.,1.21490884960608E-16,1.2149088496061E-16));
#8480=DIRECTION('ref_axis',(-1.21490884960609E-16,-1.,-8.53727491216149E-15));
#8481=DIRECTION('',(1.21490884960609E-16,-8.53727491216149E-15,1.));
#8482=DIRECTION('',(-1.21490884960609E-16,8.53727491216149E-15,-1.));
#8483=DIRECTION('center_axis',(-1.21490884960609E-16,-1.,-8.53727491216149E-15));
#8484=DIRECTION('ref_axis',(1.,-1.21490884960608E-16,-1.2149088496061E-16));
#8485=DIRECTION('',(1.21490884960609E-16,-8.53727491216149E-15,1.));
#8486=DIRECTION('center_axis',(-1.,1.21490884960608E-16,1.2149088496061E-16));
#8487=DIRECTION('ref_axis',(-1.21490884960609E-16,-1.,-8.53727491216149E-15));
#8488=DIRECTION('',(1.21490884960609E-16,-8.53727491216149E-15,1.));
#8489=DIRECTION('',(-1.21490884960609E-16,8.53727491216149E-15,-1.));
#8490=DIRECTION('center_axis',(-1.21490884960609E-16,-1.,-8.53727491216149E-15));
#8491=DIRECTION('ref_axis',(1.,-1.21490884960608E-16,-1.2149088496061E-16));
#8492=DIRECTION('',(1.21490884960609E-16,-8.53727491216149E-15,1.));
#8493=DIRECTION('center_axis',(-1.,1.21490884960608E-16,1.2149088496061E-16));
#8494=DIRECTION('ref_axis',(-1.21490884960609E-16,-1.,-8.53727491216149E-15));
#8495=DIRECTION('',(1.21490884960609E-16,-8.53727491216149E-15,1.));
#8496=DIRECTION('',(-1.21490884960609E-16,8.53727491216149E-15,-1.));
#8497=DIRECTION('center_axis',(-1.21490884960609E-16,-1.,-8.53727491216149E-15));
#8498=DIRECTION('ref_axis',(1.,-1.21490884960608E-16,-1.2149088496061E-16));
#8499=DIRECTION('',(1.21490884960609E-16,-8.53727491216149E-15,1.));
#8500=DIRECTION('center_axis',(-1.,1.21490884960608E-16,1.2149088496061E-16));
#8501=DIRECTION('ref_axis',(-1.21490884960609E-16,-1.,-8.53727491216149E-15));
#8502=DIRECTION('',(1.21490884960609E-16,-8.53727491216149E-15,1.));
#8503=DIRECTION('',(-1.21490884960609E-16,8.53727491216149E-15,-1.));
#8504=DIRECTION('center_axis',(-1.21490884960609E-16,-1.,-8.53727491216149E-15));
#8505=DIRECTION('ref_axis',(1.,-1.21490884960608E-16,-1.2149088496061E-16));
#8506=DIRECTION('',(1.21490884960609E-16,-8.53727491216149E-15,1.));
#8507=DIRECTION('center_axis',(-1.,1.21490884960608E-16,1.2149088496061E-16));
#8508=DIRECTION('ref_axis',(-1.21490884960609E-16,-1.,-8.53727491216149E-15));
#8509=DIRECTION('',(1.21490884960609E-16,-8.53727491216149E-15,1.));
#8510=DIRECTION('',(-1.21490884960609E-16,8.53727491216149E-15,-1.));
#8511=DIRECTION('center_axis',(-1.21490884960609E-16,-1.,-8.53727491216149E-15));
#8512=DIRECTION('ref_axis',(1.,-1.21490884960608E-16,-1.2149088496061E-16));
#8513=DIRECTION('',(1.21490884960609E-16,-8.53727491216149E-15,1.));
#8514=DIRECTION('center_axis',(-1.,1.21490884960608E-16,1.2149088496061E-16));
#8515=DIRECTION('ref_axis',(-1.21490884960609E-16,-1.,-8.53727491216149E-15));
#8516=DIRECTION('',(1.21490884960609E-16,-8.53727491216149E-15,1.));
#8517=DIRECTION('',(-1.21490884960609E-16,8.53727491216149E-15,-1.));
#8518=DIRECTION('center_axis',(-1.21490884960609E-16,-1.,-8.53727491216149E-15));
#8519=DIRECTION('ref_axis',(1.,-1.21490884960608E-16,-1.2149088496061E-16));
#8520=DIRECTION('',(1.21490884960609E-16,-8.53727491216149E-15,1.));
#8521=DIRECTION('center_axis',(-1.,1.21490884960608E-16,1.2149088496061E-16));
#8522=DIRECTION('ref_axis',(-1.21490884960609E-16,-1.,-8.53727491216149E-15));
#8523=DIRECTION('',(1.21490884960609E-16,-8.53727491216149E-15,1.));
#8524=DIRECTION('',(-1.21490884960609E-16,8.53727491216149E-15,-1.));
#8525=DIRECTION('center_axis',(-1.21490884960609E-16,-1.,-8.53727491216149E-15));
#8526=DIRECTION('ref_axis',(1.,-1.21490884960608E-16,-1.2149088496061E-16));
#8527=DIRECTION('',(1.21490884960609E-16,-8.53727491216149E-15,1.));
#8528=DIRECTION('center_axis',(-1.,1.21490884960608E-16,1.2149088496061E-16));
#8529=DIRECTION('ref_axis',(-1.21490884960609E-16,-1.,-8.53727491216149E-15));
#8530=DIRECTION('',(1.21490884960609E-16,-8.53727491216149E-15,1.));
#8531=DIRECTION('',(-1.21490884960609E-16,8.53727491216149E-15,-1.));
#8532=DIRECTION('center_axis',(-1.21490884960609E-16,-1.,-8.53727491216149E-15));
#8533=DIRECTION('ref_axis',(1.,-1.21490884960608E-16,-1.2149088496061E-16));
#8534=DIRECTION('',(1.21490884960609E-16,-8.53727491216149E-15,1.));
#8535=DIRECTION('center_axis',(-1.,1.21490884960608E-16,1.2149088496061E-16));
#8536=DIRECTION('ref_axis',(-1.21490884960609E-16,-1.,-8.53727491216149E-15));
#8537=DIRECTION('',(1.21490884960609E-16,-8.53727491216149E-15,1.));
#8538=DIRECTION('',(-1.21490884960609E-16,8.53727491216149E-15,-1.));
#8539=DIRECTION('center_axis',(-1.21490884960609E-16,-1.,-8.53727491216149E-15));
#8540=DIRECTION('ref_axis',(1.,-1.21490884960608E-16,-1.2149088496061E-16));
#8541=DIRECTION('',(1.21490884960609E-16,-8.53727491216149E-15,1.));
#8542=DIRECTION('center_axis',(-1.,1.21490884960608E-16,1.2149088496061E-16));
#8543=DIRECTION('ref_axis',(-1.21490884960609E-16,-1.,-8.53727491216149E-15));
#8544=DIRECTION('',(1.21490884960609E-16,-8.53727491216149E-15,1.));
#8545=DIRECTION('',(-1.21490884960609E-16,8.53727491216149E-15,-1.));
#8546=DIRECTION('center_axis',(-1.21490884960609E-16,-1.,-8.53727491216149E-15));
#8547=DIRECTION('ref_axis',(1.,-1.21490884960608E-16,-1.2149088496061E-16));
#8548=DIRECTION('',(1.21490884960609E-16,-8.53727491216149E-15,1.));
#8549=DIRECTION('center_axis',(-1.,1.21490884960608E-16,1.2149088496061E-16));
#8550=DIRECTION('ref_axis',(-1.21490884960609E-16,-1.,-8.53727491216149E-15));
#8551=DIRECTION('',(1.21490884960609E-16,-8.53727491216149E-15,1.));
#8552=DIRECTION('',(-1.21490884960609E-16,8.53727491216149E-15,-1.));
#8553=DIRECTION('center_axis',(-1.21490884960609E-16,-1.,-8.53727491216149E-15));
#8554=DIRECTION('ref_axis',(1.,-1.21490884960608E-16,-1.2149088496061E-16));
#8555=DIRECTION('',(1.21490884960609E-16,-8.53727491216149E-15,1.));
#8556=DIRECTION('center_axis',(-1.,1.21490884960608E-16,1.2149088496061E-16));
#8557=DIRECTION('ref_axis',(-1.21490884960609E-16,-1.,-8.53727491216149E-15));
#8558=DIRECTION('',(1.21490884960609E-16,-8.53727491216149E-15,1.));
#8559=DIRECTION('',(-1.21490884960609E-16,8.53727491216149E-15,-1.));
#8560=DIRECTION('center_axis',(-1.21490884960609E-16,-1.,-8.53727491216149E-15));
#8561=DIRECTION('ref_axis',(1.,-1.21490884960608E-16,-1.2149088496061E-16));
#8562=DIRECTION('',(1.21490884960609E-16,-8.53727491216149E-15,1.));
#8563=DIRECTION('center_axis',(-1.,1.21490884960608E-16,1.2149088496061E-16));
#8564=DIRECTION('ref_axis',(-1.21490884960609E-16,-1.,-8.53727491216149E-15));
#8565=DIRECTION('',(1.21490884960609E-16,-8.53727491216149E-15,1.));
#8566=DIRECTION('',(-1.21490884960609E-16,8.53727491216149E-15,-1.));
#8567=DIRECTION('center_axis',(-1.21490884960609E-16,-1.,-8.53727491216149E-15));
#8568=DIRECTION('ref_axis',(1.,-1.21490884960608E-16,-1.2149088496061E-16));
#8569=DIRECTION('',(1.21490884960609E-16,-8.53727491216149E-15,1.));
#8570=DIRECTION('center_axis',(-1.,1.21490884960608E-16,1.2149088496061E-16));
#8571=DIRECTION('ref_axis',(-1.21490884960609E-16,-1.,-8.53727491216149E-15));
#8572=DIRECTION('',(1.21490884960609E-16,-8.53727491216149E-15,1.));
#8573=DIRECTION('',(-1.21490884960609E-16,8.53727491216149E-15,-1.));
#8574=DIRECTION('center_axis',(-1.21490884960609E-16,-1.,-8.53727491216149E-15));
#8575=DIRECTION('ref_axis',(1.,-1.21490884960608E-16,-1.2149088496061E-16));
#8576=DIRECTION('',(1.21490884960609E-16,-8.53727491216149E-15,1.));
#8577=DIRECTION('center_axis',(-1.,1.21490884960608E-16,1.2149088496061E-16));
#8578=DIRECTION('ref_axis',(-1.21490884960609E-16,-1.,-8.53727491216149E-15));
#8579=DIRECTION('',(1.21490884960609E-16,-8.53727491216149E-15,1.));
#8580=DIRECTION('',(-1.21490884960609E-16,8.53727491216149E-15,-1.));
#8581=DIRECTION('center_axis',(-1.21490884960609E-16,-1.,-8.53727491216149E-15));
#8582=DIRECTION('ref_axis',(1.,-1.21490884960608E-16,-1.2149088496061E-16));
#8583=DIRECTION('',(1.21490884960609E-16,-8.53727491216149E-15,1.));
#8584=DIRECTION('center_axis',(1.,-1.21490884960608E-16,-1.2149088496061E-16));
#8585=DIRECTION('ref_axis',(1.21490884960609E-16,1.,8.53727491216149E-15));
#8586=DIRECTION('',(1.21490884960609E-16,-8.53727491216149E-15,1.));
#8587=DIRECTION('center_axis',(1.,-1.21490884960608E-16,-1.2149088496061E-16));
#8588=DIRECTION('ref_axis',(1.21490884960609E-16,1.,8.53727491216149E-15));
#8589=DIRECTION('',(1.21490884960609E-16,-8.53727491216149E-15,1.));
#8590=DIRECTION('center_axis',(1.,-1.21490884960608E-16,-1.2149088496061E-16));
#8591=DIRECTION('ref_axis',(1.21490884960609E-16,1.,8.53727491216149E-15));
#8592=DIRECTION('',(1.21490884960609E-16,-8.53727491216149E-15,1.));
#8593=DIRECTION('center_axis',(1.,-1.21490884960608E-16,-1.2149088496061E-16));
#8594=DIRECTION('ref_axis',(1.21490884960609E-16,1.,8.53727491216149E-15));
#8595=DIRECTION('',(1.21490884960609E-16,-8.53727491216149E-15,1.));
#8596=DIRECTION('center_axis',(1.,-1.21490884960608E-16,-1.2149088496061E-16));
#8597=DIRECTION('ref_axis',(1.21490884960609E-16,1.,8.53727491216149E-15));
#8598=DIRECTION('',(1.21490884960609E-16,-8.53727491216149E-15,1.));
#8599=DIRECTION('center_axis',(1.,-1.21490884960608E-16,-1.2149088496061E-16));
#8600=DIRECTION('ref_axis',(1.21490884960609E-16,1.,8.53727491216149E-15));
#8601=DIRECTION('',(1.21490884960609E-16,-8.53727491216149E-15,1.));
#8602=DIRECTION('center_axis',(1.,-1.21490884960608E-16,-1.2149088496061E-16));
#8603=DIRECTION('ref_axis',(1.21490884960609E-16,1.,8.53727491216149E-15));
#8604=DIRECTION('',(1.21490884960609E-16,-8.53727491216149E-15,1.));
#8605=DIRECTION('center_axis',(1.,-1.21490884960608E-16,-1.2149088496061E-16));
#8606=DIRECTION('ref_axis',(1.21490884960609E-16,1.,8.53727491216149E-15));
#8607=DIRECTION('',(1.21490884960609E-16,-8.53727491216149E-15,1.));
#8608=DIRECTION('center_axis',(1.,-1.21490884960608E-16,-1.2149088496061E-16));
#8609=DIRECTION('ref_axis',(1.21490884960609E-16,1.,8.53727491216149E-15));
#8610=DIRECTION('',(1.21490884960609E-16,-8.53727491216149E-15,1.));
#8611=DIRECTION('center_axis',(1.,-1.21490884960608E-16,-1.2149088496061E-16));
#8612=DIRECTION('ref_axis',(1.21490884960609E-16,1.,8.53727491216149E-15));
#8613=DIRECTION('',(1.21490884960609E-16,-8.53727491216149E-15,1.));
#8614=DIRECTION('center_axis',(1.,-1.21490884960608E-16,-1.2149088496061E-16));
#8615=DIRECTION('ref_axis',(1.21490884960609E-16,1.,8.53727491216149E-15));
#8616=DIRECTION('',(1.21490884960609E-16,-8.53727491216149E-15,1.));
#8617=DIRECTION('center_axis',(1.,-1.21490884960608E-16,-1.2149088496061E-16));
#8618=DIRECTION('ref_axis',(1.21490884960609E-16,1.,8.53727491216149E-15));
#8619=DIRECTION('',(1.21490884960609E-16,-8.53727491216149E-15,1.));
#8620=DIRECTION('center_axis',(1.,-1.21490884960608E-16,-1.2149088496061E-16));
#8621=DIRECTION('ref_axis',(1.21490884960609E-16,1.,8.53727491216149E-15));
#8622=DIRECTION('',(1.21490884960609E-16,-8.53727491216149E-15,1.));
#8623=DIRECTION('center_axis',(1.,-1.21490884960608E-16,-1.2149088496061E-16));
#8624=DIRECTION('ref_axis',(1.21490884960609E-16,1.,8.53727491216149E-15));
#8625=DIRECTION('',(1.21490884960609E-16,-8.53727491216149E-15,1.));
#8626=DIRECTION('center_axis',(1.,-1.21490884960608E-16,-1.2149088496061E-16));
#8627=DIRECTION('ref_axis',(1.21490884960609E-16,1.,8.53727491216149E-15));
#8628=DIRECTION('',(1.21490884960609E-16,-8.53727491216149E-15,1.));
#8629=DIRECTION('center_axis',(1.,-1.21490884960608E-16,-1.2149088496061E-16));
#8630=DIRECTION('ref_axis',(1.21490884960609E-16,1.,8.53727491216149E-15));
#8631=DIRECTION('',(1.21490884960609E-16,-8.53727491216149E-15,1.));
#8632=DIRECTION('center_axis',(1.,-1.21490884960608E-16,-1.2149088496061E-16));
#8633=DIRECTION('ref_axis',(1.21490884960609E-16,1.,8.53727491216149E-15));
#8634=DIRECTION('',(1.21490884960609E-16,-8.53727491216149E-15,1.));
#8635=DIRECTION('center_axis',(1.,-1.21490884960608E-16,-1.2149088496061E-16));
#8636=DIRECTION('ref_axis',(1.21490884960609E-16,1.,8.53727491216149E-15));
#8637=DIRECTION('',(1.21490884960609E-16,-8.53727491216149E-15,1.));
#8638=DIRECTION('center_axis',(1.,-1.21490884960608E-16,-1.2149088496061E-16));
#8639=DIRECTION('ref_axis',(1.21490884960609E-16,1.,8.53727491216149E-15));
#8640=DIRECTION('',(1.21490884960609E-16,-8.53727491216149E-15,1.));
#8641=DIRECTION('center_axis',(1.,-1.21490884960608E-16,-1.2149088496061E-16));
#8642=DIRECTION('ref_axis',(1.21490884960609E-16,1.,8.53727491216149E-15));
#8643=DIRECTION('',(1.21490884960609E-16,-8.53727491216149E-15,1.));
#8644=DIRECTION('center_axis',(1.,-1.21490884960608E-16,-1.2149088496061E-16));
#8645=DIRECTION('ref_axis',(1.21490884960609E-16,1.,8.53727491216149E-15));
#8646=DIRECTION('',(1.21490884960609E-16,-8.53727491216149E-15,1.));
#8647=DIRECTION('center_axis',(1.,-1.21490884960608E-16,-1.2149088496061E-16));
#8648=DIRECTION('ref_axis',(1.21490884960609E-16,1.,8.53727491216149E-15));
#8649=DIRECTION('',(1.21490884960609E-16,-8.53727491216149E-15,1.));
#8650=DIRECTION('center_axis',(1.,-1.21490884960608E-16,-1.2149088496061E-16));
#8651=DIRECTION('ref_axis',(1.21490884960609E-16,1.,8.53727491216149E-15));
#8652=DIRECTION('',(1.21490884960609E-16,-8.53727491216149E-15,1.));
#8653=DIRECTION('center_axis',(1.,-1.21490884960608E-16,-1.2149088496061E-16));
#8654=DIRECTION('ref_axis',(1.21490884960609E-16,1.,8.53727491216149E-15));
#8655=DIRECTION('',(1.21490884960609E-16,-8.53727491216149E-15,1.));
#8656=DIRECTION('center_axis',(1.,-1.21490884960608E-16,-1.2149088496061E-16));
#8657=DIRECTION('ref_axis',(1.21490884960609E-16,1.,8.53727491216149E-15));
#8658=DIRECTION('',(1.21490884960609E-16,-8.53727491216149E-15,1.));
#8659=DIRECTION('center_axis',(1.,-1.21490884960608E-16,-1.2149088496061E-16));
#8660=DIRECTION('ref_axis',(1.21490884960609E-16,1.,8.53727491216149E-15));
#8661=DIRECTION('',(1.21490884960609E-16,-8.53727491216149E-15,1.));
#8662=DIRECTION('center_axis',(1.,-1.21490884960608E-16,-1.2149088496061E-16));
#8663=DIRECTION('ref_axis',(1.21490884960609E-16,1.,8.53727491216149E-15));
#8664=DIRECTION('',(1.21490884960609E-16,-8.53727491216149E-15,1.));
#8665=DIRECTION('center_axis',(1.,-1.21490884960608E-16,-1.2149088496061E-16));
#8666=DIRECTION('ref_axis',(1.21490884960609E-16,1.,8.53727491216149E-15));
#8667=DIRECTION('',(1.21490884960609E-16,-8.53727491216149E-15,1.));
#8668=DIRECTION('center_axis',(1.,-1.21490884960608E-16,-1.2149088496061E-16));
#8669=DIRECTION('ref_axis',(1.21490884960609E-16,1.,8.53727491216149E-15));
#8670=DIRECTION('',(1.21490884960609E-16,-8.53727491216149E-15,1.));
#8671=DIRECTION('center_axis',(1.,-1.21490884960608E-16,-1.2149088496061E-16));
#8672=DIRECTION('ref_axis',(1.21490884960609E-16,1.,8.53727491216149E-15));
#8673=DIRECTION('',(1.21490884960609E-16,-8.53727491216149E-15,1.));
#8674=DIRECTION('center_axis',(1.,-1.21490884960608E-16,-1.2149088496061E-16));
#8675=DIRECTION('ref_axis',(1.21490884960609E-16,1.,8.53727491216149E-15));
#8676=DIRECTION('',(1.21490884960609E-16,-8.53727491216149E-15,1.));
#8677=DIRECTION('center_axis',(1.,-1.21490884960608E-16,-1.2149088496061E-16));
#8678=DIRECTION('ref_axis',(1.21490884960609E-16,1.,8.53727491216149E-15));
#8679=DIRECTION('',(1.21490884960609E-16,-8.53727491216149E-15,1.));
#8680=DIRECTION('center_axis',(1.,-1.21490884960608E-16,-1.2149088496061E-16));
#8681=DIRECTION('ref_axis',(1.21490884960609E-16,1.,8.53727491216149E-15));
#8682=DIRECTION('',(1.21490884960609E-16,-8.53727491216149E-15,1.));
#8683=DIRECTION('center_axis',(1.,-1.21490884960608E-16,-1.2149088496061E-16));
#8684=DIRECTION('ref_axis',(1.21490884960609E-16,1.,8.53727491216149E-15));
#8685=DIRECTION('',(1.21490884960609E-16,-8.53727491216149E-15,1.));
#8686=DIRECTION('center_axis',(1.,-1.21490884960608E-16,-1.2149088496061E-16));
#8687=DIRECTION('ref_axis',(1.21490884960609E-16,1.,8.53727491216149E-15));
#8688=DIRECTION('',(1.21490884960609E-16,-8.53727491216149E-15,1.));
#8689=DIRECTION('center_axis',(1.,-1.21490884960608E-16,-1.2149088496061E-16));
#8690=DIRECTION('ref_axis',(1.21490884960609E-16,1.,8.53727491216149E-15));
#8691=DIRECTION('',(1.21490884960609E-16,-8.53727491216149E-15,1.));
#8692=DIRECTION('center_axis',(1.,-1.21490884960608E-16,-1.2149088496061E-16));
#8693=DIRECTION('ref_axis',(1.21490884960609E-16,1.,8.53727491216149E-15));
#8694=DIRECTION('',(1.21490884960609E-16,-8.53727491216149E-15,1.));
#8695=DIRECTION('center_axis',(1.,-1.21490884960608E-16,-1.2149088496061E-16));
#8696=DIRECTION('ref_axis',(1.21490884960609E-16,1.,8.53727491216149E-15));
#8697=DIRECTION('',(1.21490884960609E-16,-8.53727491216149E-15,1.));
#8698=DIRECTION('center_axis',(1.,-1.21490884960608E-16,-1.2149088496061E-16));
#8699=DIRECTION('ref_axis',(1.21490884960609E-16,1.,8.53727491216149E-15));
#8700=DIRECTION('',(1.21490884960609E-16,-8.53727491216149E-15,1.));
#8701=DIRECTION('center_axis',(-1.21490884960609E-16,-1.,-8.53727491216149E-15));
#8702=DIRECTION('ref_axis',(1.,-1.21490884960608E-16,-1.2149088496061E-16));
#8703=DIRECTION('',(1.21490884960609E-16,-8.53727491216149E-15,1.));
#8704=DIRECTION('center_axis',(-1.,1.21490884960608E-16,1.2149088496061E-16));
#8705=DIRECTION('ref_axis',(-1.21490884960609E-16,-1.,-8.53727491216149E-15));
#8706=DIRECTION('',(-1.21490884960609E-16,8.53727491216149E-15,-1.));
#8707=DIRECTION('center_axis',(-3.52288939787261E-14,1.,8.53727491216149E-15));
#8708=DIRECTION('ref_axis',(1.,3.52288939787261E-14,-1.21490884960309E-16));
#8709=DIRECTION('',(1.21490884960609E-16,-8.53727491216149E-15,1.));
#8710=DIRECTION('',(-1.,1.21490884960608E-16,1.2149088496061E-16));
#8711=DIRECTION('',(1.21490884960609E-16,-8.53727491216149E-15,1.));
#8712=DIRECTION('center_axis',(-1.21490884960609E-16,-1.,-8.53727491216149E-15));
#8713=DIRECTION('ref_axis',(1.,-1.21490884960608E-16,-1.2149088496061E-16));
#8714=DIRECTION('',(1.21490884960609E-16,-8.53727491216149E-15,1.));
#8715=DIRECTION('',(1.,-1.21490884960608E-16,-1.2149088496061E-16));
#8716=DIRECTION('',(1.21490884960609E-16,-8.53727491216149E-15,1.));
#8717=DIRECTION('center_axis',(-1.21490884960609E-16,8.53727491216149E-15,
-1.));
#8718=DIRECTION('ref_axis',(1.,-1.21490884960608E-16,-1.2149088496061E-16));
#8719=DIRECTION('',(3.41102041966539E-16,-1.,-8.53727491216149E-15));
#8720=DIRECTION('',(1.21490884960609E-16,1.,8.53727491216149E-15));
#8721=DIRECTION('center_axis',(1.21490884960609E-16,-8.53727491216149E-15,
1.));
#8722=DIRECTION('ref_axis',(-1.,1.21490884960608E-16,1.2149088496061E-16));
#8723=DIRECTION('center_axis',(1.21490884960609E-16,-8.53727491216149E-15,
1.));
#8724=DIRECTION('ref_axis',(-1.21490884960609E-16,-1.,-8.53727491216149E-15));
#8725=DIRECTION('center_axis',(1.,1.53915859905983E-32,0.));
#8726=DIRECTION('ref_axis',(-1.35762282392222E-46,2.22044604925031E-16,
1.));
#8727=DIRECTION('center_axis',(5.94204860164434E-16,-1.,-8.53727491216149E-15));
#8728=DIRECTION('ref_axis',(-1.,-5.94204860164435E-16,1.21490884960604E-16));
#8729=DIRECTION('',(-1.21490884960609E-16,8.53727491216149E-15,-1.));
#8730=DIRECTION('center_axis',(-1.21490884960609E-16,8.53727491216149E-15,
-1.));
#8731=DIRECTION('ref_axis',(1.21490884960609E-16,1.,8.53727491216149E-15));
#8732=DIRECTION('center_axis',(-2.13771348356011E-15,1.,0.));
#8733=DIRECTION('ref_axis',(-1.,-2.13771348356011E-15,0.));
#8734=DIRECTION('center_axis',(-1.21490884960609E-16,8.53727491216149E-15,
-1.));
#8735=DIRECTION('ref_axis',(-1.21490884960609E-16,-1.,-8.53727491216149E-15));
#8736=DIRECTION('',(-1.21490884960609E-16,8.53727491216149E-15,-1.));
#8737=DIRECTION('center_axis',(1.21490884960609E-16,1.,8.53727491216149E-15));
#8738=DIRECTION('ref_axis',(1.,-1.21490884960608E-16,-1.2149088496061E-16));
#8739=DIRECTION('',(-1.21490884960609E-16,8.53727491216149E-15,-1.));
#8740=DIRECTION('center_axis',(-1.21490884960609E-16,8.53727491216149E-15,
-1.));
#8741=DIRECTION('ref_axis',(8.76029331204067E-15,-1.,-8.53727491216149E-15));
#8742=DIRECTION('',(-1.21490884960609E-16,8.53727491216149E-15,-1.));
#8743=DIRECTION('center_axis',(1.,-1.21490884960608E-16,-1.2149088496061E-16));
#8744=DIRECTION('ref_axis',(-1.21490884960609E-16,-1.,-8.53727491216149E-15));
#8745=DIRECTION('',(1.21490884960609E-16,-8.53727491216149E-15,1.));
#8746=DIRECTION('center_axis',(-1.21490884960609E-16,8.53727491216149E-15,
-1.));
#8747=DIRECTION('ref_axis',(-2.30938538209713E-12,-1.,-8.53727491216121E-15));
#8748=DIRECTION('center_axis',(-1.21490884960609E-16,8.53727491216149E-15,
-1.));
#8749=DIRECTION('ref_axis',(1.,-1.21490884960608E-16,-1.2149088496061E-16));
#8750=DIRECTION('',(1.21490884960609E-16,-8.53727491216149E-15,1.));
#8751=DIRECTION('center_axis',(-1.,-8.40269420220786E-15,1.21490884960538E-16));
#8752=DIRECTION('ref_axis',(-8.40269420220786E-15,1.,8.53727491216149E-15));
#8753=DIRECTION('',(-1.21490884960609E-16,8.53727491216149E-15,-1.));
#8754=DIRECTION('center_axis',(-1.21490884960609E-16,8.53727491216149E-15,
-1.));
#8755=DIRECTION('ref_axis',(1.,-1.21490884960608E-16,-1.2149088496061E-16));
#8756=DIRECTION('',(-1.21490884960609E-16,8.53727491216149E-15,-1.));
#8757=DIRECTION('center_axis',(1.21490884960609E-16,1.,8.53727491216149E-15));
#8758=DIRECTION('ref_axis',(1.,-1.21490884960608E-16,-1.2149088496061E-16));
#8759=DIRECTION('',(-1.21490884960609E-16,8.53727491216149E-15,-1.));
#8760=DIRECTION('center_axis',(-1.21490884960609E-16,8.53727491216149E-15,
-1.));
#8761=DIRECTION('ref_axis',(1.,-1.21490884960608E-16,-1.2149088496061E-16));
#8762=DIRECTION('',(-1.21490884960609E-16,8.53727491216149E-15,-1.));
#8763=DIRECTION('center_axis',(-1.,1.21490884960608E-16,1.2149088496061E-16));
#8764=DIRECTION('ref_axis',(1.21490884960609E-16,1.,8.53727491216149E-15));
#8765=DIRECTION('',(-1.21490884960609E-16,8.53727491216149E-15,-1.));
#8766=DIRECTION('center_axis',(-1.21490884960609E-16,8.53727491216149E-15,
-1.));
#8767=DIRECTION('ref_axis',(1.21490884960609E-16,1.,8.53727491216149E-15));
#8768=DIRECTION('',(-1.21490884960609E-16,8.53727491216149E-15,-1.));
#8769=DIRECTION('center_axis',(-1.21490884960609E-16,-1.,-8.53727491216149E-15));
#8770=DIRECTION('ref_axis',(-1.,1.21490884960608E-16,1.2149088496061E-16));
#8771=DIRECTION('center_axis',(1.77635683940014E-14,1.,-2.22044604925031E-16));
#8772=DIRECTION('ref_axis',(-1.,1.77635683940014E-14,-3.94430452610481E-30));
#8773=DIRECTION('',(-1.,1.77635683940014E-14,-3.94430452610481E-30));
#8774=DIRECTION('center_axis',(-1.35762282392222E-46,2.22044604925031E-16,
1.));
#8775=DIRECTION('ref_axis',(1.,1.53915859905983E-32,0.));
#8776=DIRECTION('',(0.,0.,1.));
#8777=DIRECTION('',(1.,0.,0.));
#8778=DIRECTION('',(-3.60822483003176E-16,1.50315837071357E-32,1.));
#8779=DIRECTION('',(1.,-2.07422137417974E-15,3.60822483003176E-16));
#8780=DIRECTION('',(-4.78783679369594E-16,-7.2945122164824E-16,1.));
#8781=DIRECTION('',(1.,4.25007251614318E-16,4.78783679369594E-16));
#8782=DIRECTION('',(-9.49761103097292E-16,-7.29451221648239E-16,1.));
#8783=DIRECTION('',(1.,1.11297277926673E-14,9.497611030973E-16));
#8784=CARTESIAN_POINT('',(0.,0.,0.));
#8785=CARTESIAN_POINT('',(0.,0.,0.));
#8786=CARTESIAN_POINT('',(0.,0.,0.));
#8787=CARTESIAN_POINT('Origin',(1762.536517382,-117.635396022,0.));
#8788=CARTESIAN_POINT('',(1823.286517382,-40.00339602202,0.));
#8789=CARTESIAN_POINT('',(1822.786517382,-39.50339602202,0.));
#8790=CARTESIAN_POINT('',(1823.286517382,-40.00339602202,0.));
#8791=CARTESIAN_POINT('',(1823.286517382,-44.50339602202,0.));
#8792=CARTESIAN_POINT('',(1823.286517382,-44.50339602202,0.));
#8793=CARTESIAN_POINT('',(1830.286517382,-44.50339602202,0.));
#8794=CARTESIAN_POINT('',(1830.286517382,-44.50339602202,0.));
#8795=CARTESIAN_POINT('',(1831.286517382,-45.50339602202,0.));
#8796=CARTESIAN_POINT('Origin',(1830.286517382,-45.50339602202,0.));
#8797=CARTESIAN_POINT('',(1831.286517382,-51.50339602202,0.));
#8798=CARTESIAN_POINT('',(1831.286517382,-51.50339602202,0.));
#8799=CARTESIAN_POINT('',(1830.286517382,-52.50339602202,0.));
#8800=CARTESIAN_POINT('Origin',(1830.286517382,-51.50339602202,0.));
#8801=CARTESIAN_POINT('',(1823.286517382,-52.50339602202,0.));
#8802=CARTESIAN_POINT('',(1823.286517382,-52.50339602202,0.));
#8803=CARTESIAN_POINT('',(1823.286517382,-103.103396022,0.));
#8804=CARTESIAN_POINT('',(1823.286517382,-103.103396022,0.));
#8805=CARTESIAN_POINT('',(1830.286517382,-103.103396022,0.));
#8806=CARTESIAN_POINT('',(1830.286517382,-103.103396022,0.));
#8807=CARTESIAN_POINT('',(1831.286517382,-104.103396022,0.));
#8808=CARTESIAN_POINT('Origin',(1830.286517382,-104.103396022,0.));
#8809=CARTESIAN_POINT('',(1831.286517382,-110.103396022,0.));
#8810=CARTESIAN_POINT('',(1831.286517382,-110.103396022,0.));
#8811=CARTESIAN_POINT('',(1830.286517382,-111.103396022,0.));
#8812=CARTESIAN_POINT('Origin',(1830.286517382,-110.103396022,0.));
#8813=CARTESIAN_POINT('',(1823.286517382,-111.103396022,0.));
#8814=CARTESIAN_POINT('',(1823.286517382,-111.103396022,0.));
#8815=CARTESIAN_POINT('',(1823.286517382,-115.603396022,0.));
#8816=CARTESIAN_POINT('',(1823.286517382,-115.603396022,0.));
#8817=CARTESIAN_POINT('',(1822.786517382,-116.103396022,0.));
#8818=CARTESIAN_POINT('',(1822.786517382,-116.103396022,0.));
#8819=CARTESIAN_POINT('',(1702.286517382,-116.103396022,0.));
#8820=CARTESIAN_POINT('',(1702.286517382,-116.103396022,0.));
#8821=CARTESIAN_POINT('',(1701.786517382,-115.603396022,0.));
#8822=CARTESIAN_POINT('',(1701.786517382,-115.603396022,0.));
#8823=CARTESIAN_POINT('',(1701.786517382,-111.103396022,0.));
#8824=CARTESIAN_POINT('',(1701.786517382,-111.103396022,0.));
#8825=CARTESIAN_POINT('',(1694.786517382,-111.103396022,0.));
#8826=CARTESIAN_POINT('',(1694.786517382,-111.103396022,0.));
#8827=CARTESIAN_POINT('',(1693.786517382,-110.103396022,0.));
#8828=CARTESIAN_POINT('Origin',(1694.786517382,-110.103396022,0.));
#8829=CARTESIAN_POINT('',(1693.786517382,-104.103396022,0.));
#8830=CARTESIAN_POINT('',(1693.786517382,-104.103396022,0.));
#8831=CARTESIAN_POINT('',(1694.786517382,-103.103396022,0.));
#8832=CARTESIAN_POINT('Origin',(1694.786517382,-104.103396022,0.));
#8833=CARTESIAN_POINT('',(1701.786517382,-103.103396022,0.));
#8834=CARTESIAN_POINT('',(1701.786517382,-103.103396022,0.));
#8835=CARTESIAN_POINT('',(1701.786517382,-52.50339602202,0.));
#8836=CARTESIAN_POINT('',(1701.786517382,-52.50339602202,0.));
#8837=CARTESIAN_POINT('',(1694.786517382,-52.50339602202,0.));
#8838=CARTESIAN_POINT('',(1694.786517382,-52.50339602202,0.));
#8839=CARTESIAN_POINT('',(1693.786517382,-51.50339602202,0.));
#8840=CARTESIAN_POINT('Origin',(1694.786517382,-51.50339602202,0.));
#8841=CARTESIAN_POINT('',(1693.786517382,-45.50339602202,0.));
#8842=CARTESIAN_POINT('',(1693.786517382,-45.50339602202,0.));
#8843=CARTESIAN_POINT('',(1694.786517382,-44.50339602202,0.));
#8844=CARTESIAN_POINT('Origin',(1694.786517382,-45.50339602202,0.));
#8845=CARTESIAN_POINT('',(1701.786517382,-44.50339602202,0.));
#8846=CARTESIAN_POINT('',(1701.786517382,-44.50339602202,0.));
#8847=CARTESIAN_POINT('',(1701.786517382,-40.00339602202,0.));
#8848=CARTESIAN_POINT('',(1701.786517382,-40.00339602202,0.));
#8849=CARTESIAN_POINT('',(1702.286517382,-39.50339602202,0.));
#8850=CARTESIAN_POINT('',(1702.286517382,-39.50339602202,0.));
#8851=CARTESIAN_POINT('',(1822.786517382,-39.50339602202,0.));
#8852=CARTESIAN_POINT('',(1829.186517382,-48.50339602202,0.));
#8853=CARTESIAN_POINT('',(1825.69670178732,-48.3148709666698,0.));
#8854=CARTESIAN_POINT('Origin',(1827.436517382,-48.50339602202,0.));
#8855=CARTESIAN_POINT('Origin',(1827.436517382,-48.50339602202,0.));
#8856=CARTESIAN_POINT('',(1829.186517382,-107.103396022,0.));
#8857=CARTESIAN_POINT('',(1825.69670178732,-106.91487096665,0.));
#8858=CARTESIAN_POINT('Origin',(1827.436517382,-107.103396022,0.));
#8859=CARTESIAN_POINT('Origin',(1827.436517382,-107.103396022,0.));
#8860=CARTESIAN_POINT('',(1699.386517382,-48.50339602202,0.));
#8861=CARTESIAN_POINT('',(1695.89670178732,-48.3148709666698,0.));
#8862=CARTESIAN_POINT('Origin',(1697.636517382,-48.50339602202,0.));
#8863=CARTESIAN_POINT('Origin',(1697.636517382,-48.50339602202,0.));
#8864=CARTESIAN_POINT('',(1699.386517382,-107.103396022,0.));
#8865=CARTESIAN_POINT('',(1695.89670178732,-106.91487096665,0.));
#8866=CARTESIAN_POINT('Origin',(1697.636517382,-107.103396022,0.));
#8867=CARTESIAN_POINT('Origin',(1697.636517382,-107.103396022,0.));
#8868=CARTESIAN_POINT('Origin',(1823.0365173815,-39.75339602202,-0.1888916260717));
#8869=CARTESIAN_POINT('',(1822.786517382,-39.50339602202,0.3));
#8870=CARTESIAN_POINT('',(1822.786517382,-39.50339602202,0.));
#8871=CARTESIAN_POINT('',(1823.286517382,-40.00339602202,0.3));
#8872=CARTESIAN_POINT('',(1823.286517382,-40.00339602202,0.3));
#8873=CARTESIAN_POINT('',(1823.286517382,-40.00339602202,0.));
#8874=CARTESIAN_POINT('Origin',(1823.286517382,-42.25339602202,-0.1888916260717));
#8875=CARTESIAN_POINT('',(1823.286517382,-44.50339602202,0.3));
#8876=CARTESIAN_POINT('',(1823.286517382,-43.50339602202,0.3));
#8877=CARTESIAN_POINT('',(1823.286517382,-44.50339602202,0.3));
#8878=CARTESIAN_POINT('',(1823.286517382,-44.50339602202,0.));
#8879=CARTESIAN_POINT('',(1823.286517382,-40.30339602202,0.3));
#8880=CARTESIAN_POINT('',(1823.286517382,-40.30339602202,0.3));
#8881=CARTESIAN_POINT('',(1823.286517382,-40.30339602202,2.));
#8882=CARTESIAN_POINT('',(1823.286517382,-40.30339602202,0.3));
#8883=CARTESIAN_POINT('',(1823.286517382,-43.50339602202,2.));
#8884=CARTESIAN_POINT('',(1823.286517382,-43.50339602202,2.));
#8885=CARTESIAN_POINT('',(1823.286517382,-43.50339602202,0.3));
#8886=CARTESIAN_POINT('Origin',(1762.536517382,-117.635396022,0.3));
#8887=CARTESIAN_POINT('',(1702.086517382,-112.103396022,0.3));
#8888=CARTESIAN_POINT('',(1701.786517382,-112.103396022,0.3));
#8889=CARTESIAN_POINT('',(1702.086517382,-112.103396022,0.3));
#8890=CARTESIAN_POINT('',(1702.086517382,-115.303396022,0.3));
#8891=CARTESIAN_POINT('',(1702.086517382,-115.303396022,0.3));
#8892=CARTESIAN_POINT('',(1701.786517382,-115.303396022,0.3));
#8893=CARTESIAN_POINT('',(1701.786517382,-115.303396022,0.3));
#8894=CARTESIAN_POINT('',(1701.786517382,-115.603396022,0.3));
#8895=CARTESIAN_POINT('',(1701.786517382,-115.303396022,0.3));
#8896=CARTESIAN_POINT('',(1702.286517382,-116.103396022,0.3));
#8897=CARTESIAN_POINT('',(1701.786517382,-115.603396022,0.3));
#8898=CARTESIAN_POINT('',(1702.586517382,-116.103396022,0.3));
#8899=CARTESIAN_POINT('',(1702.286517382,-116.103396022,0.3));
#8900=CARTESIAN_POINT('',(1702.586517382,-115.803396022,0.3));
#8901=CARTESIAN_POINT('',(1702.586517382,-116.103396022,0.3));
#8902=CARTESIAN_POINT('',(1822.486517382,-115.803396022,0.3));
#8903=CARTESIAN_POINT('',(1822.486517382,-115.803396022,0.3));
#8904=CARTESIAN_POINT('',(1822.486517382,-116.103396022,0.3));
#8905=CARTESIAN_POINT('',(1822.486517382,-116.103396022,0.3));
#8906=CARTESIAN_POINT('',(1822.786517382,-116.103396022,0.3));
#8907=CARTESIAN_POINT('',(1822.486517382,-116.103396022,0.3));
#8908=CARTESIAN_POINT('',(1823.286517382,-115.603396022,0.3));
#8909=CARTESIAN_POINT('',(1822.786517382,-116.103396022,0.3));
#8910=CARTESIAN_POINT('',(1823.286517382,-115.303396022,0.3));
#8911=CARTESIAN_POINT('',(1823.286517382,-115.603396022,0.3));
#8912=CARTESIAN_POINT('',(1822.986517382,-115.303396022,0.3));
#8913=CARTESIAN_POINT('',(1822.986517382,-115.303396022,0.3));
#8914=CARTESIAN_POINT('',(1822.986517382,-112.103396022,0.3));
#8915=CARTESIAN_POINT('',(1822.986517382,-112.103396022,0.3));
#8916=CARTESIAN_POINT('',(1823.286517382,-112.103396022,0.3));
#8917=CARTESIAN_POINT('',(1823.286517382,-112.103396022,0.3));
#8918=CARTESIAN_POINT('',(1823.286517382,-111.103396022,0.3));
#8919=CARTESIAN_POINT('',(1823.286517382,-112.103396022,0.3));
#8920=CARTESIAN_POINT('',(1830.286517382,-111.103396022,0.3));
#8921=CARTESIAN_POINT('',(1823.286517382,-111.103396022,0.3));
#8922=CARTESIAN_POINT('',(1831.286517382,-110.103396022,0.3));
#8923=CARTESIAN_POINT('Origin',(1830.286517382,-110.103396022,0.3));
#8924=CARTESIAN_POINT('',(1831.286517382,-104.103396022,0.3));
#8925=CARTESIAN_POINT('',(1831.286517382,-110.103396022,0.3));
#8926=CARTESIAN_POINT('',(1830.286517382,-103.103396022,0.3));
#8927=CARTESIAN_POINT('Origin',(1830.286517382,-104.103396022,0.3));
#8928=CARTESIAN_POINT('',(1823.286517382,-103.103396022,0.3));
#8929=CARTESIAN_POINT('',(1830.286517382,-103.103396022,0.3));
#8930=CARTESIAN_POINT('',(1823.286517382,-102.103396022,0.3));
#8931=CARTESIAN_POINT('',(1823.286517382,-103.103396022,0.3));
#8932=CARTESIAN_POINT('',(1822.986517382,-102.103396022,0.3));
#8933=CARTESIAN_POINT('',(1822.986517382,-102.103396022,0.3));
#8934=CARTESIAN_POINT('',(1822.986517382,-53.50339602202,0.3));
#8935=CARTESIAN_POINT('',(1822.986517382,-53.50339602202,0.3));
#8936=CARTESIAN_POINT('',(1823.286517382,-53.50339602202,0.3));
#8937=CARTESIAN_POINT('',(1823.286517382,-53.50339602202,0.3));
#8938=CARTESIAN_POINT('',(1823.286517382,-52.50339602202,0.3));
#8939=CARTESIAN_POINT('',(1823.286517382,-53.50339602202,0.3));
#8940=CARTESIAN_POINT('',(1830.286517382,-52.50339602202,0.3));
#8941=CARTESIAN_POINT('',(1823.286517382,-52.50339602202,0.3));
#8942=CARTESIAN_POINT('',(1831.286517382,-51.50339602202,0.3));
#8943=CARTESIAN_POINT('Origin',(1830.286517382,-51.50339602202,0.3));
#8944=CARTESIAN_POINT('',(1831.286517382,-45.50339602202,0.3));
#8945=CARTESIAN_POINT('',(1831.286517382,-51.50339602202,0.3));
#8946=CARTESIAN_POINT('',(1830.286517382,-44.50339602202,0.3));
#8947=CARTESIAN_POINT('Origin',(1830.286517382,-45.50339602202,0.3));
#8948=CARTESIAN_POINT('',(1830.286517382,-44.50339602202,0.3));
#8949=CARTESIAN_POINT('',(1822.986517382,-43.50339602202,0.3));
#8950=CARTESIAN_POINT('',(1822.986517382,-43.50339602202,0.3));
#8951=CARTESIAN_POINT('',(1822.986517382,-40.30339602202,0.3));
#8952=CARTESIAN_POINT('',(1822.986517382,-40.30339602202,0.3));
#8953=CARTESIAN_POINT('',(1823.286517382,-40.30339602202,0.3));
#8954=CARTESIAN_POINT('',(1822.486517382,-39.50339602202,0.3));
#8955=CARTESIAN_POINT('',(1822.786517382,-39.50339602202,0.3));
#8956=CARTESIAN_POINT('',(1822.486517382,-39.80339602202,0.3));
#8957=CARTESIAN_POINT('',(1822.486517382,-39.50339602202,0.3));
#8958=CARTESIAN_POINT('',(1702.586517382,-39.80339602202,0.3));
#8959=CARTESIAN_POINT('',(1702.586517382,-39.80339602202,0.3));
#8960=CARTESIAN_POINT('',(1702.586517382,-39.50339602202,0.3));
#8961=CARTESIAN_POINT('',(1702.586517382,-39.50339602202,0.3));
#8962=CARTESIAN_POINT('',(1702.286517382,-39.50339602202,0.3));
#8963=CARTESIAN_POINT('',(1702.586517382,-39.50339602202,0.3));
#8964=CARTESIAN_POINT('',(1701.786517382,-40.00339602202,0.3));
#8965=CARTESIAN_POINT('',(1702.286517382,-39.50339602202,0.3));
#8966=CARTESIAN_POINT('',(1701.786517382,-40.30339602202,0.3));
#8967=CARTESIAN_POINT('',(1701.786517382,-40.00339602202,0.3));
#8968=CARTESIAN_POINT('',(1702.086517382,-40.30339602202,0.3));
#8969=CARTESIAN_POINT('',(1702.086517382,-40.30339602202,0.3));
#8970=CARTESIAN_POINT('',(1702.086517382,-43.50339602202,0.3));
#8971=CARTESIAN_POINT('',(1702.086517382,-43.50339602202,0.3));
#8972=CARTESIAN_POINT('',(1701.786517382,-43.50339602202,0.3));
#8973=CARTESIAN_POINT('',(1701.786517382,-43.50339602202,0.3));
#8974=CARTESIAN_POINT('',(1701.786517382,-44.50339602202,0.3));
#8975=CARTESIAN_POINT('',(1701.786517382,-43.50339602202,0.3));
#8976=CARTESIAN_POINT('',(1694.786517382,-44.50339602202,0.3));
#8977=CARTESIAN_POINT('',(1701.786517382,-44.50339602202,0.3));
#8978=CARTESIAN_POINT('',(1693.786517382,-45.50339602202,0.3));
#8979=CARTESIAN_POINT('Origin',(1694.786517382,-45.50339602202,0.3));
#8980=CARTESIAN_POINT('',(1693.786517382,-51.50339602202,0.3));
#8981=CARTESIAN_POINT('',(1693.786517382,-45.50339602202,0.3));
#8982=CARTESIAN_POINT('',(1694.786517382,-52.50339602202,0.3));
#8983=CARTESIAN_POINT('Origin',(1694.786517382,-51.50339602202,0.3));
#8984=CARTESIAN_POINT('',(1701.786517382,-52.50339602202,0.3));
#8985=CARTESIAN_POINT('',(1694.786517382,-52.50339602202,0.3));
#8986=CARTESIAN_POINT('',(1701.786517382,-53.50339602202,0.3));
#8987=CARTESIAN_POINT('',(1701.786517382,-52.50339602202,0.3));
#8988=CARTESIAN_POINT('',(1702.086517382,-53.50339602202,0.3));
#8989=CARTESIAN_POINT('',(1702.086517382,-53.50339602202,0.3));
#8990=CARTESIAN_POINT('',(1702.086517382,-102.103396022,0.3));
#8991=CARTESIAN_POINT('',(1702.086517382,-102.103396022,0.3));
#8992=CARTESIAN_POINT('',(1701.786517382,-102.103396022,0.3));
#8993=CARTESIAN_POINT('',(1701.786517382,-102.103396022,0.3));
#8994=CARTESIAN_POINT('',(1701.786517382,-103.103396022,0.3));
#8995=CARTESIAN_POINT('',(1701.786517382,-102.103396022,0.3));
#8996=CARTESIAN_POINT('',(1694.786517382,-103.103396022,0.3));
#8997=CARTESIAN_POINT('',(1701.786517382,-103.103396022,0.3));
#8998=CARTESIAN_POINT('',(1693.786517382,-104.103396022,0.3));
#8999=CARTESIAN_POINT('Origin',(1694.786517382,-104.103396022,0.3));
#9000=CARTESIAN_POINT('',(1693.786517382,-110.103396022,0.3));
#9001=CARTESIAN_POINT('',(1693.786517382,-104.103396022,0.3));
#9002=CARTESIAN_POINT('',(1694.786517382,-111.103396022,0.3));
#9003=CARTESIAN_POINT('Origin',(1694.786517382,-110.103396022,0.3));
#9004=CARTESIAN_POINT('',(1701.786517382,-111.103396022,0.3));
#9005=CARTESIAN_POINT('',(1694.786517382,-111.103396022,0.3));
#9006=CARTESIAN_POINT('',(1701.786517382,-111.103396022,0.3));
#9007=CARTESIAN_POINT('',(1829.186517382,-48.50339602202,0.3));
#9008=CARTESIAN_POINT('',(1825.69670178732,-48.3148709666698,0.3));
#9009=CARTESIAN_POINT('Origin',(1827.436517382,-48.50339602202,0.3));
#9010=CARTESIAN_POINT('Origin',(1827.436517382,-48.50339602202,0.3));
#9011=CARTESIAN_POINT('',(1829.186517382,-107.103396022,0.3));
#9012=CARTESIAN_POINT('',(1825.69670178732,-106.91487096665,0.3));
#9013=CARTESIAN_POINT('Origin',(1827.436517382,-107.103396022,0.3));
#9014=CARTESIAN_POINT('Origin',(1827.436517382,-107.103396022,0.3));
#9015=CARTESIAN_POINT('',(1699.386517382,-48.50339602202,0.3));
#9016=CARTESIAN_POINT('',(1695.89670178732,-48.3148709666698,0.3));
#9017=CARTESIAN_POINT('Origin',(1697.636517382,-48.50339602202,0.3));
#9018=CARTESIAN_POINT('Origin',(1697.636517382,-48.50339602202,0.3));
#9019=CARTESIAN_POINT('',(1699.386517382,-107.103396022,0.3));
#9020=CARTESIAN_POINT('',(1695.89670178732,-106.91487096665,0.3));
#9021=CARTESIAN_POINT('Origin',(1697.636517382,-107.103396022,0.3));
#9022=CARTESIAN_POINT('Origin',(1697.636517382,-107.103396022,0.3));
#9023=CARTESIAN_POINT('Origin',(1701.936517382,-112.103396022,0.1111083739283));
#9024=CARTESIAN_POINT('',(1701.786517382,-112.103396022,2.));
#9025=CARTESIAN_POINT('',(1701.786517382,-112.103396022,0.3));
#9026=CARTESIAN_POINT('',(1702.086517382,-112.103396022,2.));
#9027=CARTESIAN_POINT('',(1702.086517382,-112.103396022,2.));
#9028=CARTESIAN_POINT('',(1702.086517382,-112.103396022,0.3));
#9029=CARTESIAN_POINT('Origin',(1702.086517382,-113.703396022,0.1111083739283));
#9030=CARTESIAN_POINT('',(1702.086517382,-115.303396022,2.));
#9031=CARTESIAN_POINT('',(1702.086517382,-115.303396022,2.));
#9032=CARTESIAN_POINT('',(1702.086517382,-115.303396022,0.3));
#9033=CARTESIAN_POINT('Origin',(1701.936517382,-115.303396022,0.1111083739283));
#9034=CARTESIAN_POINT('',(1701.786517382,-115.303396022,2.));
#9035=CARTESIAN_POINT('',(1701.786517382,-115.303396022,2.));
#9036=CARTESIAN_POINT('',(1701.786517382,-115.303396022,0.3));
#9037=CARTESIAN_POINT('Origin',(1701.786517382,-113.353396022,-0.1888916260717));
#9038=CARTESIAN_POINT('',(1701.786517382,-111.103396022,0.));
#9039=CARTESIAN_POINT('',(1701.786517382,-115.603396022,0.));
#9040=CARTESIAN_POINT('',(1701.786517382,-112.103396022,2.));
#9041=CARTESIAN_POINT('Origin',(1701.936517382,-115.4922876481,2.));
#9042=CARTESIAN_POINT('Origin',(1702.0365173815,-115.853396022,-0.1888916260717));
#9043=CARTESIAN_POINT('',(1702.286517382,-116.103396022,0.));
#9044=CARTESIAN_POINT('Origin',(1762.536517382,-116.103396022,-0.1888916260717));
#9045=CARTESIAN_POINT('',(1721.986517382,-116.103396022,1.));
#9046=CARTESIAN_POINT('',(1779.186517382,-116.103396022,1.));
#9047=CARTESIAN_POINT('',(1721.986517382,-116.103396022,1.));
#9048=CARTESIAN_POINT('',(1721.986517382,-116.103396022,2.));
#9049=CARTESIAN_POINT('',(1721.986517382,-116.103396022,2.));
#9050=CARTESIAN_POINT('',(1702.586517382,-116.103396022,2.));
#9051=CARTESIAN_POINT('',(1702.586517382,-116.103396022,2.));
#9052=CARTESIAN_POINT('',(1702.586517382,-116.103396022,0.3));
#9053=CARTESIAN_POINT('',(1822.786517382,-116.103396022,0.));
#9054=CARTESIAN_POINT('',(1822.486517382,-116.103396022,2.));
#9055=CARTESIAN_POINT('',(1822.486517382,-116.103396022,0.3));
#9056=CARTESIAN_POINT('',(1779.186517382,-116.103396022,2.));
#9057=CARTESIAN_POINT('',(1779.186517382,-116.103396022,2.));
#9058=CARTESIAN_POINT('',(1779.186517382,-116.103396022,2.));
#9059=CARTESIAN_POINT('Origin',(1750.586517382,-116.2922876481,1.));
#9060=CARTESIAN_POINT('',(1779.186517382,-115.803396022,1.));
#9061=CARTESIAN_POINT('',(1779.186517382,-116.103396022,1.));
#9062=CARTESIAN_POINT('',(1721.986517382,-115.803396022,1.));
#9063=CARTESIAN_POINT('',(1721.986517382,-115.803396022,1.));
#9064=CARTESIAN_POINT('',(1721.986517382,-115.803396022,1.));
#9065=CARTESIAN_POINT('Origin',(1721.986517382,-115.953396022,0.8111083739283));
#9066=CARTESIAN_POINT('',(1721.986517382,-115.803396022,2.));
#9067=CARTESIAN_POINT('',(1721.986517382,-115.803396022,2.));
#9068=CARTESIAN_POINT('',(1721.986517382,-116.103396022,2.));
#9069=CARTESIAN_POINT('Origin',(1762.536517382,-116.2922876481,2.));
#9070=CARTESIAN_POINT('',(1702.586517382,-115.803396022,2.));
#9071=CARTESIAN_POINT('',(1721.986517382,-115.803396022,2.));
#9072=CARTESIAN_POINT('',(1702.586517382,-115.803396022,2.));
#9073=CARTESIAN_POINT('Origin',(1762.536517382,-116.2922876481,2.));
#9074=CARTESIAN_POINT('',(1779.186517382,-115.803396022,2.));
#9075=CARTESIAN_POINT('',(1779.186517382,-116.103396022,2.));
#9076=CARTESIAN_POINT('',(1822.486517382,-115.803396022,2.));
#9077=CARTESIAN_POINT('',(1822.486517382,-116.103396022,2.));
#9078=CARTESIAN_POINT('',(1822.486517382,-115.803396022,2.));
#9079=CARTESIAN_POINT('Origin',(1702.586517382,-115.953396022,0.1111083739283));
#9080=CARTESIAN_POINT('',(1702.586517382,-115.803396022,0.3));
#9081=CARTESIAN_POINT('Origin',(1762.536517382,-115.803396022,0.1111083739283));
#9082=CARTESIAN_POINT('',(1779.186517382,-115.803396022,2.));
#9083=CARTESIAN_POINT('',(1822.486517382,-115.803396022,0.3));
#9084=CARTESIAN_POINT('Origin',(1822.486517382,-115.953396022,0.1111083739283));
#9085=CARTESIAN_POINT('Origin',(1779.186517382,-115.953396022,0.8111083739283));
#9086=CARTESIAN_POINT('Origin',(1823.0365173815,-115.853396022,-0.1888916260717));
#9087=CARTESIAN_POINT('',(1823.286517382,-115.603396022,0.));
#9088=CARTESIAN_POINT('Origin',(1823.286517382,-113.353396022,-0.1888916260717));
#9089=CARTESIAN_POINT('',(1823.286517382,-111.103396022,0.));
#9090=CARTESIAN_POINT('',(1823.286517382,-112.103396022,2.));
#9091=CARTESIAN_POINT('',(1823.286517382,-112.103396022,0.3));
#9092=CARTESIAN_POINT('',(1823.286517382,-115.303396022,2.));
#9093=CARTESIAN_POINT('',(1823.286517382,-115.303396022,2.));
#9094=CARTESIAN_POINT('',(1823.286517382,-115.303396022,0.3));
#9095=CARTESIAN_POINT('Origin',(1823.136517382,-115.303396022,0.1111083739283));
#9096=CARTESIAN_POINT('',(1822.986517382,-115.303396022,2.));
#9097=CARTESIAN_POINT('',(1822.986517382,-115.303396022,2.));
#9098=CARTESIAN_POINT('',(1822.986517382,-115.303396022,0.3));
#9099=CARTESIAN_POINT('Origin',(1822.986517382,-113.703396022,0.1111083739283));
#9100=CARTESIAN_POINT('',(1822.986517382,-112.103396022,2.));
#9101=CARTESIAN_POINT('',(1822.986517382,-112.103396022,2.));
#9102=CARTESIAN_POINT('',(1822.986517382,-112.103396022,0.3));
#9103=CARTESIAN_POINT('Origin',(1823.136517382,-112.103396022,0.1111083739283));
#9104=CARTESIAN_POINT('',(1823.286517382,-112.103396022,2.));
#9105=CARTESIAN_POINT('Origin',(1823.136517382,-115.4922876481,2.));
#9106=CARTESIAN_POINT('Origin',(1826.786517382,-111.103396022,-0.1888916260717));
#9107=CARTESIAN_POINT('',(1830.286517382,-111.103396022,0.));
#9108=CARTESIAN_POINT('Origin',(1830.286517382,-110.103396022,0.15));
#9109=CARTESIAN_POINT('',(1831.286517382,-110.103396022,0.));
#9110=CARTESIAN_POINT('Origin',(1831.286517382,-107.103396022,-0.1888916260717));
#9111=CARTESIAN_POINT('',(1831.286517382,-104.103396022,0.));
#9112=CARTESIAN_POINT('Origin',(1830.286517382,-104.103396022,0.15));
#9113=CARTESIAN_POINT('',(1830.286517382,-103.103396022,0.));
#9114=CARTESIAN_POINT('Origin',(1826.786517382,-103.103396022,-0.1888916260717));
#9115=CARTESIAN_POINT('',(1823.286517382,-103.103396022,0.));
#9116=CARTESIAN_POINT('Origin',(1823.286517382,-77.80339602201,-0.1888916260717));
#9117=CARTESIAN_POINT('',(1823.286517382,-52.50339602202,0.));
#9118=CARTESIAN_POINT('',(1823.286517382,-53.50339602202,2.));
#9119=CARTESIAN_POINT('',(1823.286517382,-53.50339602202,0.3));
#9120=CARTESIAN_POINT('',(1823.286517382,-102.103396022,2.));
#9121=CARTESIAN_POINT('',(1823.286517382,-102.103396022,2.));
#9122=CARTESIAN_POINT('',(1823.286517382,-102.103396022,0.3));
#9123=CARTESIAN_POINT('Origin',(1823.136517382,-102.103396022,0.1111083739283));
#9124=CARTESIAN_POINT('',(1822.986517382,-102.103396022,2.));
#9125=CARTESIAN_POINT('',(1822.986517382,-102.103396022,2.));
#9126=CARTESIAN_POINT('',(1822.986517382,-102.103396022,0.3));
#9127=CARTESIAN_POINT('Origin',(1822.986517382,-77.80339602201,0.1111083739283));
#9128=CARTESIAN_POINT('',(1822.986517382,-53.50339602202,2.));
#9129=CARTESIAN_POINT('',(1822.986517382,-53.50339602202,2.));
#9130=CARTESIAN_POINT('',(1822.986517382,-53.50339602202,0.3));
#9131=CARTESIAN_POINT('Origin',(1823.136517382,-53.50339602202,0.1111083739283));
#9132=CARTESIAN_POINT('',(1823.286517382,-53.50339602202,2.));
#9133=CARTESIAN_POINT('Origin',(1823.136517382,-103.075396022,2.));
#9134=CARTESIAN_POINT('Origin',(1826.786517382,-52.50339602202,-0.1888916260717));
#9135=CARTESIAN_POINT('',(1830.286517382,-52.50339602202,0.));
#9136=CARTESIAN_POINT('Origin',(1830.286517382,-51.5033960220202,0.15));
#9137=CARTESIAN_POINT('',(1831.286517382,-51.50339602202,0.));
#9138=CARTESIAN_POINT('Origin',(1831.286517382,-48.50339602202,-0.1888916260717));
#9139=CARTESIAN_POINT('',(1831.286517382,-45.50339602202,0.));
#9140=CARTESIAN_POINT('Origin',(1830.286517382,-45.50339602202,0.15));
#9141=CARTESIAN_POINT('',(1830.286517382,-44.50339602202,0.));
#9142=CARTESIAN_POINT('Origin',(1826.786517382,-44.50339602202,-0.1888916260717));
#9143=CARTESIAN_POINT('Origin',(1698.286517382,-111.103396022,-0.1888916260717));
#9144=CARTESIAN_POINT('',(1694.786517382,-111.103396022,0.));
#9145=CARTESIAN_POINT('Origin',(1694.786517382,-110.103396022,0.15));
#9146=CARTESIAN_POINT('',(1693.786517382,-110.103396022,0.));
#9147=CARTESIAN_POINT('Origin',(1693.786517382,-107.103396022,-0.1888916260717));
#9148=CARTESIAN_POINT('',(1693.786517382,-104.103396022,0.));
#9149=CARTESIAN_POINT('Origin',(1694.786517382,-104.103396022,0.15));
#9150=CARTESIAN_POINT('',(1694.786517382,-103.103396022,0.));
#9151=CARTESIAN_POINT('Origin',(1698.286517382,-103.103396022,-0.1888916260717));
#9152=CARTESIAN_POINT('',(1701.786517382,-103.103396022,0.));
#9153=CARTESIAN_POINT('Origin',(1701.786517382,-77.80339602201,-0.1888916260717));
#9154=CARTESIAN_POINT('',(1701.786517382,-52.50339602202,0.));
#9155=CARTESIAN_POINT('',(1701.786517382,-102.103396022,2.));
#9156=CARTESIAN_POINT('',(1701.786517382,-102.103396022,0.3));
#9157=CARTESIAN_POINT('',(1701.786517382,-53.50339602202,2.));
#9158=CARTESIAN_POINT('',(1701.786517382,-53.50339602202,2.));
#9159=CARTESIAN_POINT('',(1701.786517382,-53.50339602202,0.3));
#9160=CARTESIAN_POINT('Origin',(1701.936517382,-53.50339602202,0.1111083739283));
#9161=CARTESIAN_POINT('',(1702.086517382,-53.50339602202,2.));
#9162=CARTESIAN_POINT('',(1702.086517382,-53.50339602202,2.));
#9163=CARTESIAN_POINT('',(1702.086517382,-53.50339602202,0.3));
#9164=CARTESIAN_POINT('Origin',(1702.086517382,-77.80339602201,0.1111083739283));
#9165=CARTESIAN_POINT('',(1702.086517382,-102.103396022,2.));
#9166=CARTESIAN_POINT('',(1702.086517382,-102.103396022,2.));
#9167=CARTESIAN_POINT('',(1702.086517382,-102.103396022,0.3));
#9168=CARTESIAN_POINT('Origin',(1701.936517382,-102.103396022,0.1111083739283));
#9169=CARTESIAN_POINT('',(1701.786517382,-102.103396022,2.));
#9170=CARTESIAN_POINT('Origin',(1701.936517382,-103.075396022,2.));
#9171=CARTESIAN_POINT('Origin',(1698.286517382,-52.50339602202,-0.1888916260717));
#9172=CARTESIAN_POINT('',(1694.786517382,-52.50339602202,0.));
#9173=CARTESIAN_POINT('Origin',(1694.786517382,-51.50339602202,0.15));
#9174=CARTESIAN_POINT('',(1693.786517382,-51.50339602202,0.));
#9175=CARTESIAN_POINT('Origin',(1693.786517382,-48.50339602202,-0.1888916260717));
#9176=CARTESIAN_POINT('',(1693.786517382,-45.50339602202,0.));
#9177=CARTESIAN_POINT('Origin',(1694.786517382,-45.5033960220202,0.15));
#9178=CARTESIAN_POINT('',(1694.786517382,-44.50339602202,0.));
#9179=CARTESIAN_POINT('Origin',(1698.286517382,-44.50339602202,-0.1888916260717));
#9180=CARTESIAN_POINT('',(1701.786517382,-44.50339602202,0.));
#9181=CARTESIAN_POINT('Origin',(1701.786517382,-42.25339602202,-0.1888916260717));
#9182=CARTESIAN_POINT('',(1701.786517382,-40.00339602202,0.));
#9183=CARTESIAN_POINT('',(1701.786517382,-43.50339602202,2.));
#9184=CARTESIAN_POINT('',(1701.786517382,-43.50339602202,0.3));
#9185=CARTESIAN_POINT('',(1701.786517382,-40.30339602202,2.));
#9186=CARTESIAN_POINT('',(1701.786517382,-40.30339602202,2.));
#9187=CARTESIAN_POINT('',(1701.786517382,-40.30339602202,0.3));
#9188=CARTESIAN_POINT('Origin',(1701.936517382,-40.30339602202,0.1111083739283));
#9189=CARTESIAN_POINT('',(1702.086517382,-40.30339602202,2.));
#9190=CARTESIAN_POINT('',(1702.086517382,-40.30339602202,2.));
#9191=CARTESIAN_POINT('',(1702.086517382,-40.30339602202,0.3));
#9192=CARTESIAN_POINT('Origin',(1702.086517382,-41.90339602202,0.1111083739283));
#9193=CARTESIAN_POINT('',(1702.086517382,-43.50339602202,2.));
#9194=CARTESIAN_POINT('',(1702.086517382,-43.50339602202,2.));
#9195=CARTESIAN_POINT('',(1702.086517382,-43.50339602202,0.3));
#9196=CARTESIAN_POINT('Origin',(1701.936517382,-43.50339602202,0.1111083739283));
#9197=CARTESIAN_POINT('',(1701.786517382,-43.50339602202,2.));
#9198=CARTESIAN_POINT('Origin',(1701.936517382,-43.69228764809,2.));
#9199=CARTESIAN_POINT('Origin',(1702.0365173815,-39.75339602202,-0.1888916260717));
#9200=CARTESIAN_POINT('',(1702.286517382,-39.50339602202,0.));
#9201=CARTESIAN_POINT('Origin',(1762.536517382,-39.50339602202,-0.1888916260717));
#9202=CARTESIAN_POINT('',(1702.586517382,-39.50339602202,2.));
#9203=CARTESIAN_POINT('',(1702.586517382,-39.50339602202,0.3));
#9204=CARTESIAN_POINT('',(1822.486517382,-39.50339602202,2.));
#9205=CARTESIAN_POINT('',(1822.486517382,-39.50339602202,2.));
#9206=CARTESIAN_POINT('',(1822.486517382,-39.50339602202,0.3));
#9207=CARTESIAN_POINT('Origin',(1822.486517382,-39.65339602202,0.1111083739283));
#9208=CARTESIAN_POINT('',(1822.486517382,-39.80339602202,2.));
#9209=CARTESIAN_POINT('',(1822.486517382,-39.80339602202,2.));
#9210=CARTESIAN_POINT('',(1822.486517382,-39.80339602202,0.3));
#9211=CARTESIAN_POINT('Origin',(1762.536517382,-39.80339602202,0.1111083739283));
#9212=CARTESIAN_POINT('',(1702.586517382,-39.80339602202,2.));
#9213=CARTESIAN_POINT('',(1702.586517382,-39.80339602202,2.));
#9214=CARTESIAN_POINT('',(1702.586517382,-39.80339602202,0.3));
#9215=CARTESIAN_POINT('Origin',(1702.586517382,-39.65339602202,0.1111083739283));
#9216=CARTESIAN_POINT('',(1702.586517382,-39.50339602202,2.));
#9217=CARTESIAN_POINT('Origin',(1762.536517382,-39.99228764809,2.));
#9218=CARTESIAN_POINT('Origin',(1823.136517382,-40.30339602202,0.1111083739283));
#9219=CARTESIAN_POINT('',(1822.986517382,-40.30339602202,2.));
#9220=CARTESIAN_POINT('',(1822.986517382,-40.30339602202,0.3));
#9221=CARTESIAN_POINT('',(1823.286517382,-40.30339602202,2.));
#9222=CARTESIAN_POINT('Origin',(1823.136517382,-43.69228764809,2.));
#9223=CARTESIAN_POINT('',(1822.986517382,-43.50339602202,2.));
#9224=CARTESIAN_POINT('',(1822.986517382,-40.30339602202,2.));
#9225=CARTESIAN_POINT('',(1822.986517382,-43.50339602202,2.));
#9226=CARTESIAN_POINT('Origin',(1822.986517382,-41.90339602202,0.1111083739283));
#9227=CARTESIAN_POINT('',(1822.986517382,-43.50339602202,0.3));
#9228=CARTESIAN_POINT('Origin',(1823.136517382,-43.50339602202,0.1111083739283));
#9229=CARTESIAN_POINT('Origin',(1827.436517382,-48.50339602202,0.15));
#9230=CARTESIAN_POINT('',(1825.69670178732,-48.3148709666698,0.15));
#9231=CARTESIAN_POINT('Origin',(1827.436517382,-107.103396022,0.15));
#9232=CARTESIAN_POINT('',(1825.69670178732,-106.91487096665,0.15));
#9233=CARTESIAN_POINT('Origin',(1697.636517382,-48.50339602202,0.15));
#9234=CARTESIAN_POINT('',(1695.89670178732,-48.3148709666698,0.15));
#9235=CARTESIAN_POINT('Origin',(1697.636517382,-107.103396022,0.15));
#9236=CARTESIAN_POINT('',(1695.89670178732,-106.91487096665,0.15));
#9237=CARTESIAN_POINT('',(0.,0.,0.));
#9238=CARTESIAN_POINT('Origin',(-55.45,33.,0.));
#9239=CARTESIAN_POINT('',(-55.45,33.,0.));
#9240=CARTESIAN_POINT('',(-55.45,-33.,0.));
#9241=CARTESIAN_POINT('',(-55.45,33.,0.));
#9242=CARTESIAN_POINT('',(-55.45,-33.,0.23));
#9243=CARTESIAN_POINT('',(-55.45,-33.,0.));
#9244=CARTESIAN_POINT('',(-55.45,33.,0.23));
#9245=CARTESIAN_POINT('',(-55.45,33.,0.23));
#9246=CARTESIAN_POINT('',(-55.45,33.,0.));
#9247=CARTESIAN_POINT('Origin',(55.45,33.,0.));
#9248=CARTESIAN_POINT('',(55.45,33.,0.));
#9249=CARTESIAN_POINT('',(55.45,33.,0.));
#9250=CARTESIAN_POINT('',(55.45,33.,0.23));
#9251=CARTESIAN_POINT('',(55.45,33.,0.23));
#9252=CARTESIAN_POINT('',(55.45,33.,0.));
#9253=CARTESIAN_POINT('Origin',(55.45,-33.,0.));
#9254=CARTESIAN_POINT('',(55.45,-33.,0.));
#9255=CARTESIAN_POINT('',(55.45,-33.,0.));
#9256=CARTESIAN_POINT('',(55.45,-33.,0.23));
#9257=CARTESIAN_POINT('',(55.45,-33.,0.23));
#9258=CARTESIAN_POINT('',(55.45,-33.,0.));
#9259=CARTESIAN_POINT('Origin',(-55.45,-33.,0.));
#9260=CARTESIAN_POINT('',(-55.45,-33.,0.));
#9261=CARTESIAN_POINT('',(-55.45,-33.,0.23));
#9262=CARTESIAN_POINT('Origin',(8.88178419700125E-15,8.88178419700125E-15,
0.23));
#9263=CARTESIAN_POINT('Origin',(4.51871440209221E-15,6.85338350983986E-15,
0.));
#9264=CARTESIAN_POINT('',(-1770.01551954863,87.0487470165508,-1.00000000000003));
#9265=CARTESIAN_POINT('',(-7.47900216663182,9.24535099453077,-0.700000000000031));
#9266=CARTESIAN_POINT('',(0.,0.,0.));
#9267=CARTESIAN_POINT('',(0.,0.,0.));
#9268=CARTESIAN_POINT('Origin',(43.3878905229305,0.945540430119378,2.65));
#9269=CARTESIAN_POINT('',(76.7718410211717,0.645540430119379,2.65));
#9270=CARTESIAN_POINT('',(76.7718410211722,0.945540430119378,2.95));
#9271=CARTESIAN_POINT('Origin',(76.7718410211717,0.945540430119378,2.65));
#9272=CARTESIAN_POINT('',(25.8968410211726,0.945540430119378,2.95));
#9273=CARTESIAN_POINT('',(43.3878905229305,0.945540430119378,2.95));
#9274=CARTESIAN_POINT('',(25.8968410211726,0.645540430119379,2.65));
#9275=CARTESIAN_POINT('Origin',(25.8968410211726,0.945540430119378,2.65));
#9276=CARTESIAN_POINT('',(43.3878905229305,0.645540430119379,2.65));
#9277=CARTESIAN_POINT('Origin',(25.8968410211726,1.19554043011956,0.));
#9278=CARTESIAN_POINT('',(25.8968410211726,1.19554043011956,2.95));
#9279=CARTESIAN_POINT('',(25.8968410211726,1.19554043011956,2.95));
#9280=CARTESIAN_POINT('',(25.8968410211726,1.19554043011956,0.));
#9281=CARTESIAN_POINT('',(25.8968410211726,1.19554043011956,0.));
#9282=CARTESIAN_POINT('',(25.8968410211726,0.645540430119379,0.));
#9283=CARTESIAN_POINT('',(25.8968410211726,1.19554043011956,0.));
#9284=CARTESIAN_POINT('',(25.8968410211726,0.645540430119379,0.));
#9285=CARTESIAN_POINT('Origin',(60.8789400246884,38.3206629631654,2.95));
#9286=CARTESIAN_POINT('',(76.7718410211726,1.19554043011956,2.95));
#9287=CARTESIAN_POINT('',(76.7718410211717,0.645540430119379,2.95));
#9288=CARTESIAN_POINT('',(77.2718410211717,1.19554043011956,2.95));
#9289=CARTESIAN_POINT('Origin',(77.0218410211721,1.19554043011956,2.95));
#9290=CARTESIAN_POINT('',(77.2718410211717,0.945540430119379,2.95));
#9291=CARTESIAN_POINT('',(77.2718410211717,1.19554043011956,2.95));
#9292=CARTESIAN_POINT('',(120.986841021173,0.945540430119381,2.95));
#9293=CARTESIAN_POINT('',(69.07539052293,0.945540430119378,2.95));
#9294=CARTESIAN_POINT('',(120.986841021174,76.1455383861201,2.95));
#9295=CARTESIAN_POINT('',(120.986841021173,19.633101696642,2.95));
#9296=CARTESIAN_POINT('',(0.886841021174174,76.1455383861203,2.95));
#9297=CARTESIAN_POINT('',(90.9328905229312,76.1455383861194,2.95));
#9298=CARTESIAN_POINT('',(0.886841021174908,0.945540430119562,2.95));
#9299=CARTESIAN_POINT('',(0.886841021174227,57.2331006746423,2.95));
#9300=CARTESIAN_POINT('',(25.3968410211726,0.945540430119377,2.95));
#9301=CARTESIAN_POINT('',(30.8828905229304,0.945540430119123,2.95));
#9302=CARTESIAN_POINT('',(25.3968410211726,1.19554043011956,2.95));
#9303=CARTESIAN_POINT('',(25.3968410211726,0.645540430119379,2.95));
#9304=CARTESIAN_POINT('Origin',(25.6468410211726,1.19554043011956,2.95));
#9305=CARTESIAN_POINT('',(6.9568410211739,8.38553838612317,2.95));
#9306=CARTESIAN_POINT('',(6.9568410211739,73.1855383861231,2.95));
#9307=CARTESIAN_POINT('',(6.9568410211739,23.3531006746443,2.95));
#9308=CARTESIAN_POINT('',(114.956841021174,73.1855383861231,2.95));
#9309=CARTESIAN_POINT('',(33.9178905229312,73.1855383861231,2.95));
#9310=CARTESIAN_POINT('',(114.956841021174,8.38553838612317,2.95));
#9311=CARTESIAN_POINT('',(114.956841021174,55.7531006746443,2.95));
#9312=CARTESIAN_POINT('',(87.9178905229312,8.38553838612317,2.95));
#9313=CARTESIAN_POINT('Origin',(69.07539052293,0.945540430119378,2.65));
#9314=CARTESIAN_POINT('',(77.2718410211717,0.645540430119379,2.65));
#9315=CARTESIAN_POINT('Origin',(77.2718410211717,0.945540430119379,2.65));
#9316=CARTESIAN_POINT('',(120.986841021173,0.645540430119382,2.65));
#9317=CARTESIAN_POINT('',(69.07539052293,0.645540430119378,2.65));
#9318=CARTESIAN_POINT('Origin',(120.986841021173,0.945540430119381,2.65));
#9319=CARTESIAN_POINT('Origin',(120.986841021173,19.633101696642,2.65));
#9320=CARTESIAN_POINT('',(121.286841021173,0.945540430119337,2.65));
#9321=CARTESIAN_POINT('Origin',(120.986841021173,0.94554043011934,2.65));
#9322=CARTESIAN_POINT('',(121.286841021174,76.1455383861201,2.65));
#9323=CARTESIAN_POINT('',(121.286841021173,19.633101696642,2.65));
#9324=CARTESIAN_POINT('Origin',(120.986841021174,76.1455383861201,2.65));
#9325=CARTESIAN_POINT('Origin',(120.986841021172,0.945540430120402,2.65));
#9326=CARTESIAN_POINT('Origin',(120.986841021172,0.945540430120402,2.65));
#9327=CARTESIAN_POINT('Origin',(90.9328905229312,76.1455383861194,2.65));
#9328=CARTESIAN_POINT('',(120.986841021174,76.4455383861191,2.65));
#9329=CARTESIAN_POINT('Origin',(120.986841021174,76.1455383861191,2.65));
#9330=CARTESIAN_POINT('',(0.886841021174178,76.4455383861203,2.65));
#9331=CARTESIAN_POINT('',(90.9328905229312,76.4455383861194,2.65));
#9332=CARTESIAN_POINT('Origin',(0.886841021174174,76.1455383861203,2.65));
#9333=CARTESIAN_POINT('Origin',(120.986841021173,76.1455383861187,2.65));
#9334=CARTESIAN_POINT('Origin',(120.986841021173,76.1455383861187,2.65));
#9335=CARTESIAN_POINT('Origin',(0.886841021174227,57.2331006746423,2.65));
#9336=CARTESIAN_POINT('',(0.586841021173996,76.1455383861199,2.65));
#9337=CARTESIAN_POINT('Origin',(0.886841021173999,76.1455383861199,2.65));
#9338=CARTESIAN_POINT('',(0.586841021174905,0.945540430119561,2.65));
#9339=CARTESIAN_POINT('',(0.586841021174224,57.2331006746423,2.65));
#9340=CARTESIAN_POINT('Origin',(0.886841021174908,0.945540430119562,2.65));
#9341=CARTESIAN_POINT('Origin',(0.886841021173473,76.1455383861208,2.65));
#9342=CARTESIAN_POINT('Origin',(0.886841021173473,76.1455383861208,2.65));
#9343=CARTESIAN_POINT('Origin',(30.8828905229304,0.945540430119123,2.65));
#9344=CARTESIAN_POINT('',(25.3968410211726,0.645540430119379,2.65));
#9345=CARTESIAN_POINT('Origin',(25.3968410211726,0.945540430119377,2.65));
#9346=CARTESIAN_POINT('',(0.886841021174178,0.645540430120516,2.65));
#9347=CARTESIAN_POINT('Origin',(0.886841021174192,0.945540430120514,2.65));
#9348=CARTESIAN_POINT('',(30.8828905229304,0.645540430119125,2.65));
#9349=CARTESIAN_POINT('Origin',(0.886841021175565,0.945540430121175,2.65));
#9350=CARTESIAN_POINT('Origin',(0.886841021175565,0.945540430121175,2.65));
#9351=CARTESIAN_POINT('Origin',(77.2718410211717,0.645540430119379,0.));
#9352=CARTESIAN_POINT('',(77.2718410211717,0.645540430119379,0.));
#9353=CARTESIAN_POINT('',(77.2718410211717,0.645540430119379,0.));
#9354=CARTESIAN_POINT('',(120.986841021173,0.645540430119382,0.));
#9355=CARTESIAN_POINT('',(77.2718410211717,0.645540430119379,0.));
#9356=CARTESIAN_POINT('',(120.986841021173,0.645540430119382,0.));
#9357=CARTESIAN_POINT('Origin',(77.2718410211717,1.19554043011956,0.));
#9358=CARTESIAN_POINT('',(77.2718410211717,1.19554043011956,0.));
#9359=CARTESIAN_POINT('',(77.2718410211717,1.19554043011956,0.));
#9360=CARTESIAN_POINT('',(77.2718410211717,1.19554043011956,0.));
#9361=CARTESIAN_POINT('Origin',(25.3968410211726,0.645540430119379,0.));
#9362=CARTESIAN_POINT('',(25.3968410211726,0.645540430119379,0.));
#9363=CARTESIAN_POINT('',(25.3968410211726,0.645540430119379,0.));
#9364=CARTESIAN_POINT('',(25.3968410211726,1.19554043011956,0.));
#9365=CARTESIAN_POINT('',(25.3968410211726,0.645540430119379,0.));
#9366=CARTESIAN_POINT('',(25.3968410211726,1.19554043011956,0.));
#9367=CARTESIAN_POINT('Origin',(6.9568410211739,8.38553838612317,2.95));
#9368=CARTESIAN_POINT('',(6.9568410211739,8.38553838612317,2.75));
#9369=CARTESIAN_POINT('',(6.9568410211739,8.38553838612317,2.95));
#9370=CARTESIAN_POINT('',(6.9568410211739,73.1855383861231,2.75));
#9371=CARTESIAN_POINT('',(6.9568410211739,8.38553838612317,2.75));
#9372=CARTESIAN_POINT('',(6.9568410211739,73.1855383861231,2.95));
#9373=CARTESIAN_POINT('Origin',(114.956841021174,8.38553838612317,2.95));
#9374=CARTESIAN_POINT('',(114.956841021174,8.38553838612317,2.75));
#9375=CARTESIAN_POINT('',(114.956841021174,8.38553838612317,2.95));
#9376=CARTESIAN_POINT('',(114.956841021174,8.38553838612317,2.75));
#9377=CARTESIAN_POINT('Origin',(114.956841021174,73.1855383861231,2.95));
#9378=CARTESIAN_POINT('',(114.956841021174,73.1855383861231,2.75));
#9379=CARTESIAN_POINT('',(114.956841021174,73.1855383861231,2.95));
#9380=CARTESIAN_POINT('',(114.956841021174,73.1855383861231,2.75));
#9381=CARTESIAN_POINT('Origin',(6.9568410211739,73.1855383861231,2.95));
#9382=CARTESIAN_POINT('',(6.9568410211739,73.1855383861231,2.75));
#9383=CARTESIAN_POINT('Origin',(60.9568410211739,40.7855383861231,2.75));
#9384=CARTESIAN_POINT('Origin',(121.286841021173,0.94554043011934,0.));
#9385=CARTESIAN_POINT('',(121.286841021173,0.945540430119337,0.));
#9386=CARTESIAN_POINT('',(121.286841021173,0.945540430119337,0.));
#9387=CARTESIAN_POINT('',(121.286841021174,76.1455383861201,0.));
#9388=CARTESIAN_POINT('',(121.286841021173,0.94554043011934,0.));
#9389=CARTESIAN_POINT('',(121.286841021174,76.1455383861201,0.));
#9390=CARTESIAN_POINT('Origin',(120.986841021172,0.945540430120402,0.));
#9391=CARTESIAN_POINT('Origin',(120.986841021172,0.945540430120402,0.));
#9392=CARTESIAN_POINT('Origin',(77.0218410211721,1.19554043011956,0.));
#9393=CARTESIAN_POINT('',(76.7718410211726,1.19554043011956,0.));
#9394=CARTESIAN_POINT('Origin',(77.0218410211721,1.19554043011956,0.));
#9395=CARTESIAN_POINT('',(76.7718410211726,1.19554043011956,0.));
#9396=CARTESIAN_POINT('Origin',(76.7718410211717,0.645540430119379,0.));
#9397=CARTESIAN_POINT('',(76.7718410211717,0.645540430119379,0.));
#9398=CARTESIAN_POINT('',(76.7718410211717,0.645540430119379,0.));
#9399=CARTESIAN_POINT('',(76.7718410211717,0.645540430119379,0.));
#9400=CARTESIAN_POINT('Origin',(25.8968410211726,0.645540430119379,0.));
#9401=CARTESIAN_POINT('',(25.8968410211726,0.645540430119379,0.));
#9402=CARTESIAN_POINT('Origin',(25.6468410211726,1.19554043011956,0.));
#9403=CARTESIAN_POINT('Origin',(25.6468410211726,1.19554043011956,0.));
#9404=CARTESIAN_POINT('Origin',(0.886841021174178,0.645540430120516,0.));
#9405=CARTESIAN_POINT('',(0.886841021174178,0.645540430120516,0.));
#9406=CARTESIAN_POINT('',(0.886841021174178,0.645540430120516,0.));
#9407=CARTESIAN_POINT('',(0.886841021174178,0.645540430120516,0.));
#9408=CARTESIAN_POINT('Origin',(0.886841021175565,0.945540430121175,0.));
#9409=CARTESIAN_POINT('',(0.586841021174905,0.945540430119561,0.));
#9410=CARTESIAN_POINT('',(0.586841021174905,0.945540430119561,0.));
#9411=CARTESIAN_POINT('Origin',(0.886841021175565,0.945540430121175,0.));
#9412=CARTESIAN_POINT('Origin',(0.586841021173996,76.1455383861199,0.));
#9413=CARTESIAN_POINT('',(0.586841021173996,76.1455383861199,0.));
#9414=CARTESIAN_POINT('',(0.586841021173996,76.1455383861199,0.));
#9415=CARTESIAN_POINT('',(0.586841021173996,76.1455383861199,0.));
#9416=CARTESIAN_POINT('Origin',(0.886841021173473,76.1455383861208,0.));
#9417=CARTESIAN_POINT('',(0.886841021174178,76.4455383861203,0.));
#9418=CARTESIAN_POINT('',(0.886841021174178,76.4455383861203,0.));
#9419=CARTESIAN_POINT('Origin',(0.886841021173473,76.1455383861208,0.));
#9420=CARTESIAN_POINT('Origin',(120.986841021174,76.4455383861191,0.));
#9421=CARTESIAN_POINT('',(120.986841021174,76.4455383861191,0.));
#9422=CARTESIAN_POINT('',(120.986841021174,76.4455383861191,0.));
#9423=CARTESIAN_POINT('',(120.986841021174,76.4455383861191,0.));
#9424=CARTESIAN_POINT('Origin',(120.986841021173,76.1455383861187,0.));
#9425=CARTESIAN_POINT('Origin',(120.986841021173,76.1455383861187,0.));
#9426=CARTESIAN_POINT('Origin',(60.8789400246884,38.3206629631654,0.));
#9427=CARTESIAN_POINT('',(0.,0.,0.));
#9428=CARTESIAN_POINT('Origin',(6.58686661422943,53.6989398177484,-2.13607498356664));
#9429=CARTESIAN_POINT('',(6.58686661422943,53.6989398177484,-2.23607498356664));
#9430=CARTESIAN_POINT('',(6.58686661422952,52.5172308315783,-2.23607498356665));
#9431=CARTESIAN_POINT('',(6.58686661422973,49.4569447702648,-2.23607498356667));
#9432=CARTESIAN_POINT('',(6.58686661422943,53.6989398177484,-2.13607498356664));
#9433=CARTESIAN_POINT('',(6.58686661422943,53.6989398177484,-2.13607498356664));
#9434=CARTESIAN_POINT('',(6.58686661422952,52.5172308315783,-2.13607498356665));
#9435=CARTESIAN_POINT('',(6.58686661422973,49.4569447702648,-2.13607498356668));
#9436=CARTESIAN_POINT('',(6.5868666142296,51.7172308315783,-1.33607498356664));
#9437=CARTESIAN_POINT('Origin',(6.5868666142296,52.5172308315783,-1.33607498356663));
#9438=CARTESIAN_POINT('',(6.58686661422964,51.7172308315783,-0.799999999999999));
#9439=CARTESIAN_POINT('',(6.58686661422973,51.7172308315783,0.467574016310943));
#9440=CARTESIAN_POINT('',(6.58686661422973,52.5172308315783,1.05432927207487E-14));
#9441=CARTESIAN_POINT('Origin',(6.58686661422973,52.5172308315783,-0.79999999999999));
#9442=CARTESIAN_POINT('',(6.58686661422973,52.5281677864533,1.05408642289244E-14));
#9443=CARTESIAN_POINT('',(6.58686661422973,52.5281677864533,1.05408642289244E-14));
#9444=CARTESIAN_POINT('',(6.58686661422973,52.5281677864533,0.100000000000011));
#9445=CARTESIAN_POINT('',(6.58686661422973,52.5281677864533,1.05408642289244E-14));
#9446=CARTESIAN_POINT('',(6.58686661422973,52.5172308315783,0.100000000000011));
#9447=CARTESIAN_POINT('',(6.58686661422973,52.5281677864533,0.100000000000011));
#9448=CARTESIAN_POINT('',(6.58686661422964,51.6172308315783,-0.799999999999999));
#9449=CARTESIAN_POINT('Origin',(6.58686661422964,52.5172308315783,-0.79999999999999));
#9450=CARTESIAN_POINT('',(6.5868666142296,51.6172308315783,-1.33607498356664));
#9451=CARTESIAN_POINT('',(6.58686661422973,51.6172308315783,0.467574016310943));
#9452=CARTESIAN_POINT('Origin',(6.58686661422951,52.5172308315783,-1.33607498356663));
#9453=CARTESIAN_POINT('Origin',(24.5790978853683,52.5172308315783,-1.33607498356663));
#9454=CARTESIAN_POINT('',(3.08686661422934,52.5172308315783,-2.13607498356665));
#9455=CARTESIAN_POINT('',(12.0350972808526,52.5172308315783,-2.13607498356665));
#9456=CARTESIAN_POINT('',(3.08686661422941,51.7172308315783,-1.33607498356664));
#9457=CARTESIAN_POINT('Origin',(3.08686661422934,52.5172308315783,-1.33607498356663));
#9458=CARTESIAN_POINT('',(12.0350972808526,51.7172308315783,-1.33607498356664));
#9459=CARTESIAN_POINT('Origin',(24.0701945617051,69.4760952860327,-2.23607498356651));
#9460=CARTESIAN_POINT('',(3.08686661422934,52.5172308315783,-2.23607498356665));
#9461=CARTESIAN_POINT('',(12.0350972808526,52.5172308315783,-2.23607498356666));
#9462=CARTESIAN_POINT('',(3.08686661422927,53.6989398177484,-2.23607498356664));
#9463=CARTESIAN_POINT('',(3.08686661422927,53.6989398177484,-2.23607498356664));
#9464=CARTESIAN_POINT('',(1.58686661422837,53.6989398177484,-2.23607498356664));
#9465=CARTESIAN_POINT('',(1.58686661422837,53.6989398177484,-2.23607498356664));
#9466=CARTESIAN_POINT('',(0.586866614228374,54.6989398177484,-2.23607498356663));
#9467=CARTESIAN_POINT('Origin',(1.58686661422837,54.6989398177484,-2.23607498356663));
#9468=CARTESIAN_POINT('',(0.586866614228376,73.3969468142596,-2.23607498356648));
#9469=CARTESIAN_POINT('',(0.586866614228376,73.3969468142596,-2.23607498356648));
#9470=CARTESIAN_POINT('',(1.58686661422837,74.3969468142596,-2.23607498356647));
#9471=CARTESIAN_POINT('Origin',(1.58686661422837,73.3969468142596,-2.23607498356648));
#9472=CARTESIAN_POINT('',(12.5368666142282,74.3969468142596,-2.23607498356647));
#9473=CARTESIAN_POINT('',(12.5368666142282,74.3969468142596,-2.23607498356647));
#9474=CARTESIAN_POINT('',(13.5368666142282,75.3969468142596,-2.23607498356646));
#9475=CARTESIAN_POINT('Origin',(12.5368666142282,75.3969468142596,-2.23607498356646));
#9476=CARTESIAN_POINT('',(13.536866614228,96.7569447702644,-2.23607498356627));
#9477=CARTESIAN_POINT('',(13.536866614228,96.7569447702644,-2.23607498356627));
#9478=CARTESIAN_POINT('',(13.736866614228,96.9569447702644,-2.23607498356627));
#9479=CARTESIAN_POINT('Origin',(13.736866614228,96.7569447702644,-2.23607498356627));
#9480=CARTESIAN_POINT('',(13.8868666142276,96.9569447702647,-2.23607498356627));
#9481=CARTESIAN_POINT('',(33.8368666142279,96.9569447702651,-2.23607498356627));
#9482=CARTESIAN_POINT('',(13.8868666142276,92.9569447702647,-2.2360749835663));
#9483=CARTESIAN_POINT('',(13.8868666142276,83.2165200281487,-2.23607498356639));
#9484=CARTESIAN_POINT('',(14.1868666142278,92.9569447702647,-2.2360749835663));
#9485=CARTESIAN_POINT('',(18.9785305879664,92.9569447702647,-2.2360749835663));
#9486=CARTESIAN_POINT('',(14.1868666142278,96.9569447702647,-2.23607498356627));
#9487=CARTESIAN_POINT('',(14.1868666142278,81.2165200281487,-2.23607498356641));
#9488=CARTESIAN_POINT('',(14.3868666142276,96.9569447702647,-2.23607498356627));
#9489=CARTESIAN_POINT('',(33.8368666142279,96.9569447702651,-2.23607498356627));
#9490=CARTESIAN_POINT('',(14.3868666142276,92.9569447702647,-2.2360749835663));
#9491=CARTESIAN_POINT('',(14.3868666142276,83.2165200281487,-2.23607498356639));
#9492=CARTESIAN_POINT('',(14.6868666142278,92.9569447702647,-2.2360749835663));
#9493=CARTESIAN_POINT('',(19.2285305879664,92.9569447702647,-2.2360749835663));
#9494=CARTESIAN_POINT('',(14.6868666142278,96.9569447702647,-2.23607498356627));
#9495=CARTESIAN_POINT('',(14.6868666142278,81.2165200281487,-2.23607498356641));
#9496=CARTESIAN_POINT('',(14.8868666142276,96.9569447702647,-2.23607498356627));
#9497=CARTESIAN_POINT('',(33.8368666142279,96.9569447702651,-2.23607498356627));
#9498=CARTESIAN_POINT('',(14.8868666142276,92.9569447702647,-2.2360749835663));
#9499=CARTESIAN_POINT('',(14.8868666142276,83.2165200281487,-2.23607498356639));
#9500=CARTESIAN_POINT('',(15.1868666142278,92.9569447702647,-2.2360749835663));
#9501=CARTESIAN_POINT('',(19.4785305879664,92.9569447702647,-2.2360749835663));
#9502=CARTESIAN_POINT('',(15.1868666142278,96.9569447702647,-2.23607498356627));
#9503=CARTESIAN_POINT('',(15.1868666142278,81.2165200281487,-2.23607498356641));
#9504=CARTESIAN_POINT('',(15.3868666142276,96.9569447702647,-2.23607498356627));
#9505=CARTESIAN_POINT('',(33.8368666142279,96.9569447702651,-2.23607498356627));
#9506=CARTESIAN_POINT('',(15.3868666142276,92.9569447702647,-2.2360749835663));
#9507=CARTESIAN_POINT('',(15.3868666142276,83.2165200281487,-2.23607498356639));
#9508=CARTESIAN_POINT('',(15.6868666142278,92.9569447702647,-2.2360749835663));
#9509=CARTESIAN_POINT('',(19.7285305879664,92.9569447702647,-2.2360749835663));
#9510=CARTESIAN_POINT('',(15.6868666142278,96.9569447702647,-2.23607498356627));
#9511=CARTESIAN_POINT('',(15.6868666142278,81.2165200281487,-2.23607498356641));
#9512=CARTESIAN_POINT('',(15.8868666142276,96.9569447702647,-2.23607498356627));
#9513=CARTESIAN_POINT('',(33.8368666142279,96.9569447702651,-2.23607498356627));
#9514=CARTESIAN_POINT('',(15.8868666142276,92.9569447702647,-2.2360749835663));
#9515=CARTESIAN_POINT('',(15.8868666142276,83.2165200281487,-2.23607498356639));
#9516=CARTESIAN_POINT('',(16.1868666142278,92.9569447702647,-2.2360749835663));
#9517=CARTESIAN_POINT('',(19.9785305879664,92.9569447702647,-2.2360749835663));
#9518=CARTESIAN_POINT('',(16.1868666142278,96.9569447702647,-2.23607498356627));
#9519=CARTESIAN_POINT('',(16.1868666142278,81.2165200281487,-2.23607498356641));
#9520=CARTESIAN_POINT('',(16.3868666142276,96.9569447702647,-2.23607498356627));
#9521=CARTESIAN_POINT('',(33.8368666142279,96.9569447702651,-2.23607498356627));
#9522=CARTESIAN_POINT('',(16.3868666142276,92.9569447702647,-2.2360749835663));
#9523=CARTESIAN_POINT('',(16.3868666142276,83.2165200281487,-2.23607498356639));
#9524=CARTESIAN_POINT('',(16.6868666142278,92.9569447702647,-2.2360749835663));
#9525=CARTESIAN_POINT('',(20.2285305879664,92.9569447702647,-2.2360749835663));
#9526=CARTESIAN_POINT('',(16.6868666142278,96.9569447702647,-2.23607498356627));
#9527=CARTESIAN_POINT('',(16.6868666142278,81.2165200281487,-2.23607498356641));
#9528=CARTESIAN_POINT('',(16.8868666142276,96.9569447702647,-2.23607498356627));
#9529=CARTESIAN_POINT('',(33.8368666142279,96.9569447702651,-2.23607498356627));
#9530=CARTESIAN_POINT('',(16.8868666142276,92.9569447702647,-2.2360749835663));
#9531=CARTESIAN_POINT('',(16.8868666142276,83.2165200281487,-2.23607498356639));
#9532=CARTESIAN_POINT('',(17.1868666142278,92.9569447702647,-2.2360749835663));
#9533=CARTESIAN_POINT('',(20.4785305879664,92.9569447702647,-2.2360749835663));
#9534=CARTESIAN_POINT('',(17.1868666142278,96.9569447702647,-2.23607498356627));
#9535=CARTESIAN_POINT('',(17.1868666142278,81.2165200281487,-2.23607498356641));
#9536=CARTESIAN_POINT('',(17.3868666142276,96.9569447702647,-2.23607498356627));
#9537=CARTESIAN_POINT('',(33.8368666142279,96.9569447702651,-2.23607498356627));
#9538=CARTESIAN_POINT('',(17.3868666142276,92.9569447702647,-2.2360749835663));
#9539=CARTESIAN_POINT('',(17.3868666142276,83.2165200281487,-2.23607498356639));
#9540=CARTESIAN_POINT('',(17.6868666142278,92.9569447702647,-2.2360749835663));
#9541=CARTESIAN_POINT('',(20.7285305879664,92.9569447702647,-2.2360749835663));
#9542=CARTESIAN_POINT('',(17.6868666142278,96.9569447702647,-2.23607498356627));
#9543=CARTESIAN_POINT('',(17.6868666142278,81.2165200281487,-2.23607498356641));
#9544=CARTESIAN_POINT('',(17.8868666142276,96.9569447702647,-2.23607498356627));
#9545=CARTESIAN_POINT('',(33.8368666142279,96.9569447702651,-2.23607498356627));
#9546=CARTESIAN_POINT('',(17.8868666142276,92.9569447702647,-2.2360749835663));
#9547=CARTESIAN_POINT('',(17.8868666142276,83.2165200281487,-2.23607498356639));
#9548=CARTESIAN_POINT('',(18.1868666142278,92.9569447702647,-2.2360749835663));
#9549=CARTESIAN_POINT('',(20.9785305879664,92.9569447702647,-2.2360749835663));
#9550=CARTESIAN_POINT('',(18.1868666142278,96.9569447702647,-2.23607498356627));
#9551=CARTESIAN_POINT('',(18.1868666142278,81.2165200281487,-2.23607498356641));
#9552=CARTESIAN_POINT('',(18.3868666142276,96.9569447702647,-2.23607498356627));
#9553=CARTESIAN_POINT('',(33.8368666142279,96.9569447702651,-2.23607498356627));
#9554=CARTESIAN_POINT('',(18.3868666142276,92.9569447702647,-2.2360749835663));
#9555=CARTESIAN_POINT('',(18.3868666142276,83.2165200281487,-2.23607498356639));
#9556=CARTESIAN_POINT('',(18.6868666142278,92.9569447702647,-2.2360749835663));
#9557=CARTESIAN_POINT('',(21.2285305879664,92.9569447702647,-2.2360749835663));
#9558=CARTESIAN_POINT('',(18.6868666142278,96.9569447702647,-2.23607498356627));
#9559=CARTESIAN_POINT('',(18.6868666142278,81.2165200281487,-2.23607498356641));
#9560=CARTESIAN_POINT('',(18.8868666142276,96.9569447702647,-2.23607498356627));
#9561=CARTESIAN_POINT('',(33.8368666142279,96.9569447702651,-2.23607498356627));
#9562=CARTESIAN_POINT('',(18.8868666142276,92.9569447702647,-2.2360749835663));
#9563=CARTESIAN_POINT('',(18.8868666142276,83.2165200281487,-2.23607498356639));
#9564=CARTESIAN_POINT('',(19.1868666142278,92.9569447702647,-2.2360749835663));
#9565=CARTESIAN_POINT('',(21.4785305879664,92.9569447702647,-2.2360749835663));
#9566=CARTESIAN_POINT('',(19.1868666142278,96.9569447702647,-2.23607498356627));
#9567=CARTESIAN_POINT('',(19.1868666142278,81.2165200281487,-2.23607498356641));
#9568=CARTESIAN_POINT('',(19.3868666142276,96.9569447702647,-2.23607498356627));
#9569=CARTESIAN_POINT('',(33.8368666142279,96.9569447702651,-2.23607498356627));
#9570=CARTESIAN_POINT('',(19.3868666142276,92.9569447702647,-2.2360749835663));
#9571=CARTESIAN_POINT('',(19.3868666142276,83.2165200281487,-2.23607498356639));
#9572=CARTESIAN_POINT('',(19.6868666142278,92.9569447702647,-2.2360749835663));
#9573=CARTESIAN_POINT('',(21.7285305879664,92.9569447702647,-2.2360749835663));
#9574=CARTESIAN_POINT('',(19.6868666142278,96.9569447702647,-2.23607498356627));
#9575=CARTESIAN_POINT('',(19.6868666142278,81.2165200281487,-2.23607498356641));
#9576=CARTESIAN_POINT('',(19.8868666142276,96.9569447702647,-2.23607498356627));
#9577=CARTESIAN_POINT('',(33.8368666142279,96.9569447702651,-2.23607498356627));
#9578=CARTESIAN_POINT('',(19.8868666142276,92.9569447702647,-2.2360749835663));
#9579=CARTESIAN_POINT('',(19.8868666142276,83.2165200281487,-2.23607498356639));
#9580=CARTESIAN_POINT('',(20.1868666142278,92.9569447702647,-2.2360749835663));
#9581=CARTESIAN_POINT('',(21.9785305879664,92.9569447702647,-2.2360749835663));
#9582=CARTESIAN_POINT('',(20.1868666142278,96.9569447702647,-2.23607498356627));
#9583=CARTESIAN_POINT('',(20.1868666142278,81.2165200281487,-2.23607498356641));
#9584=CARTESIAN_POINT('',(20.3868666142276,96.9569447702647,-2.23607498356627));
#9585=CARTESIAN_POINT('',(33.8368666142279,96.9569447702651,-2.23607498356627));
#9586=CARTESIAN_POINT('',(20.3868666142276,92.9569447702647,-2.2360749835663));
#9587=CARTESIAN_POINT('',(20.3868666142276,83.2165200281487,-2.23607498356639));
#9588=CARTESIAN_POINT('',(20.6868666142278,92.9569447702647,-2.2360749835663));
#9589=CARTESIAN_POINT('',(22.2285305879664,92.9569447702647,-2.2360749835663));
#9590=CARTESIAN_POINT('',(20.6868666142278,96.9569447702647,-2.23607498356627));
#9591=CARTESIAN_POINT('',(20.6868666142278,81.2165200281487,-2.23607498356641));
#9592=CARTESIAN_POINT('',(20.8868666142276,96.9569447702647,-2.23607498356627));
#9593=CARTESIAN_POINT('',(33.8368666142279,96.9569447702651,-2.23607498356627));
#9594=CARTESIAN_POINT('',(20.8868666142276,92.9569447702647,-2.2360749835663));
#9595=CARTESIAN_POINT('',(20.8868666142276,83.2165200281487,-2.23607498356639));
#9596=CARTESIAN_POINT('',(21.1868666142278,92.9569447702647,-2.2360749835663));
#9597=CARTESIAN_POINT('',(22.4785305879664,92.9569447702647,-2.2360749835663));
#9598=CARTESIAN_POINT('',(21.1868666142278,96.9569447702647,-2.23607498356627));
#9599=CARTESIAN_POINT('',(21.1868666142278,81.2165200281487,-2.23607498356641));
#9600=CARTESIAN_POINT('',(21.3868666142276,96.9569447702647,-2.23607498356627));
#9601=CARTESIAN_POINT('',(33.8368666142279,96.9569447702651,-2.23607498356627));
#9602=CARTESIAN_POINT('',(21.3868666142276,92.9569447702647,-2.2360749835663));
#9603=CARTESIAN_POINT('',(21.3868666142276,83.2165200281487,-2.23607498356639));
#9604=CARTESIAN_POINT('',(21.6868666142278,92.9569447702647,-2.2360749835663));
#9605=CARTESIAN_POINT('',(22.7285305879664,92.9569447702647,-2.2360749835663));
#9606=CARTESIAN_POINT('',(21.6868666142278,96.9569447702647,-2.23607498356627));
#9607=CARTESIAN_POINT('',(21.6868666142278,81.2165200281487,-2.23607498356641));
#9608=CARTESIAN_POINT('',(21.8868666142276,96.9569447702647,-2.23607498356627));
#9609=CARTESIAN_POINT('',(33.8368666142279,96.9569447702651,-2.23607498356627));
#9610=CARTESIAN_POINT('',(21.8868666142276,92.9569447702647,-2.2360749835663));
#9611=CARTESIAN_POINT('',(21.8868666142276,83.2165200281487,-2.23607498356639));
#9612=CARTESIAN_POINT('',(22.1868666142278,92.9569447702647,-2.2360749835663));
#9613=CARTESIAN_POINT('',(22.9785305879664,92.9569447702647,-2.2360749835663));
#9614=CARTESIAN_POINT('',(22.1868666142278,96.9569447702647,-2.23607498356627));
#9615=CARTESIAN_POINT('',(22.1868666142278,81.2165200281487,-2.23607498356641));
#9616=CARTESIAN_POINT('',(22.3868666142276,96.9569447702647,-2.23607498356627));
#9617=CARTESIAN_POINT('',(33.8368666142279,96.9569447702651,-2.23607498356627));
#9618=CARTESIAN_POINT('',(22.3868666142276,92.9569447702647,-2.2360749835663));
#9619=CARTESIAN_POINT('',(22.3868666142276,83.2165200281487,-2.23607498356639));
#9620=CARTESIAN_POINT('',(22.6868666142278,92.9569447702647,-2.2360749835663));
#9621=CARTESIAN_POINT('',(23.2285305879664,92.9569447702647,-2.2360749835663));
#9622=CARTESIAN_POINT('',(22.6868666142278,96.9569447702647,-2.23607498356627));
#9623=CARTESIAN_POINT('',(22.6868666142278,81.2165200281487,-2.23607498356641));
#9624=CARTESIAN_POINT('',(22.8868666142276,96.9569447702647,-2.23607498356627));
#9625=CARTESIAN_POINT('',(33.8368666142279,96.9569447702651,-2.23607498356627));
#9626=CARTESIAN_POINT('',(22.8868666142276,92.9569447702647,-2.2360749835663));
#9627=CARTESIAN_POINT('',(22.8868666142276,83.2165200281487,-2.23607498356639));
#9628=CARTESIAN_POINT('',(23.1868666142278,92.9569447702647,-2.2360749835663));
#9629=CARTESIAN_POINT('',(23.4785305879664,92.9569447702647,-2.2360749835663));
#9630=CARTESIAN_POINT('',(23.1868666142278,96.9569447702647,-2.23607498356627));
#9631=CARTESIAN_POINT('',(23.1868666142278,81.2165200281487,-2.23607498356641));
#9632=CARTESIAN_POINT('',(23.3868666142276,96.9569447702647,-2.23607498356627));
#9633=CARTESIAN_POINT('',(33.8368666142279,96.9569447702651,-2.23607498356627));
#9634=CARTESIAN_POINT('',(23.3868666142276,92.9569447702647,-2.2360749835663));
#9635=CARTESIAN_POINT('',(23.3868666142276,83.2165200281487,-2.23607498356639));
#9636=CARTESIAN_POINT('',(23.6868666142278,92.9569447702647,-2.2360749835663));
#9637=CARTESIAN_POINT('',(23.7285305879664,92.9569447702647,-2.2360749835663));
#9638=CARTESIAN_POINT('',(23.6868666142278,96.9569447702647,-2.23607498356627));
#9639=CARTESIAN_POINT('',(23.6868666142278,81.2165200281487,-2.23607498356641));
#9640=CARTESIAN_POINT('',(23.8868666142276,96.9569447702647,-2.23607498356627));
#9641=CARTESIAN_POINT('',(33.8368666142279,96.9569447702651,-2.23607498356627));
#9642=CARTESIAN_POINT('',(23.8868666142276,92.9569447702647,-2.2360749835663));
#9643=CARTESIAN_POINT('',(23.8868666142276,83.2165200281487,-2.23607498356639));
#9644=CARTESIAN_POINT('',(24.1868666142278,92.9569447702647,-2.2360749835663));
#9645=CARTESIAN_POINT('',(23.9785305879664,92.9569447702647,-2.2360749835663));
#9646=CARTESIAN_POINT('',(24.1868666142278,96.9569447702647,-2.23607498356627));
#9647=CARTESIAN_POINT('',(24.1868666142278,81.2165200281487,-2.23607498356641));
#9648=CARTESIAN_POINT('',(24.3868666142276,96.9569447702647,-2.23607498356627));
#9649=CARTESIAN_POINT('',(33.8368666142279,96.9569447702651,-2.23607498356627));
#9650=CARTESIAN_POINT('',(24.3868666142276,92.9569447702647,-2.2360749835663));
#9651=CARTESIAN_POINT('',(24.3868666142276,83.2165200281487,-2.23607498356639));
#9652=CARTESIAN_POINT('',(24.6868666142278,92.9569447702647,-2.2360749835663));
#9653=CARTESIAN_POINT('',(24.2285305879664,92.9569447702647,-2.2360749835663));
#9654=CARTESIAN_POINT('',(24.6868666142278,96.9569447702647,-2.23607498356627));
#9655=CARTESIAN_POINT('',(24.6868666142278,81.2165200281487,-2.23607498356641));
#9656=CARTESIAN_POINT('',(24.8868666142276,96.9569447702647,-2.23607498356627));
#9657=CARTESIAN_POINT('',(33.8368666142279,96.9569447702651,-2.23607498356627));
#9658=CARTESIAN_POINT('',(24.8868666142276,92.9569447702647,-2.2360749835663));
#9659=CARTESIAN_POINT('',(24.8868666142276,83.2165200281487,-2.23607498356639));
#9660=CARTESIAN_POINT('',(25.1868666142278,92.9569447702647,-2.2360749835663));
#9661=CARTESIAN_POINT('',(24.4785305879664,92.9569447702647,-2.2360749835663));
#9662=CARTESIAN_POINT('',(25.1868666142278,96.9569447702647,-2.23607498356627));
#9663=CARTESIAN_POINT('',(25.1868666142278,81.2165200281487,-2.23607498356641));
#9664=CARTESIAN_POINT('',(25.3868666142276,96.9569447702647,-2.23607498356627));
#9665=CARTESIAN_POINT('',(33.8368666142279,96.9569447702651,-2.23607498356627));
#9666=CARTESIAN_POINT('',(25.3868666142276,92.9569447702647,-2.2360749835663));
#9667=CARTESIAN_POINT('',(25.3868666142276,83.2165200281487,-2.23607498356639));
#9668=CARTESIAN_POINT('',(25.6868666142278,92.9569447702647,-2.2360749835663));
#9669=CARTESIAN_POINT('',(24.7285305879664,92.9569447702647,-2.2360749835663));
#9670=CARTESIAN_POINT('',(25.6868666142278,96.9569447702647,-2.23607498356627));
#9671=CARTESIAN_POINT('',(25.6868666142278,81.2165200281487,-2.23607498356641));
#9672=CARTESIAN_POINT('',(25.8868666142276,96.9569447702647,-2.23607498356627));
#9673=CARTESIAN_POINT('',(33.8368666142279,96.9569447702651,-2.23607498356627));
#9674=CARTESIAN_POINT('',(25.8868666142276,92.9569447702647,-2.2360749835663));
#9675=CARTESIAN_POINT('',(25.8868666142276,83.2165200281487,-2.23607498356639));
#9676=CARTESIAN_POINT('',(26.1868666142278,92.9569447702647,-2.2360749835663));
#9677=CARTESIAN_POINT('',(24.9785305879664,92.9569447702647,-2.2360749835663));
#9678=CARTESIAN_POINT('',(26.1868666142278,96.9569447702647,-2.23607498356627));
#9679=CARTESIAN_POINT('',(26.1868666142278,81.2165200281487,-2.23607498356641));
#9680=CARTESIAN_POINT('',(26.3868666142276,96.9569447702647,-2.23607498356627));
#9681=CARTESIAN_POINT('',(33.8368666142279,96.9569447702651,-2.23607498356627));
#9682=CARTESIAN_POINT('',(26.3868666142276,92.9569447702647,-2.2360749835663));
#9683=CARTESIAN_POINT('',(26.3868666142276,83.2165200281487,-2.23607498356639));
#9684=CARTESIAN_POINT('',(26.6868666142278,92.9569447702647,-2.2360749835663));
#9685=CARTESIAN_POINT('',(25.2285305879664,92.9569447702647,-2.2360749835663));
#9686=CARTESIAN_POINT('',(26.6868666142278,96.9569447702647,-2.23607498356627));
#9687=CARTESIAN_POINT('',(26.6868666142278,81.2165200281487,-2.23607498356641));
#9688=CARTESIAN_POINT('',(26.8868666142276,96.9569447702647,-2.23607498356627));
#9689=CARTESIAN_POINT('',(33.8368666142279,96.9569447702651,-2.23607498356627));
#9690=CARTESIAN_POINT('',(26.8868666142276,92.9569447702647,-2.2360749835663));
#9691=CARTESIAN_POINT('',(26.8868666142276,83.2165200281487,-2.23607498356639));
#9692=CARTESIAN_POINT('',(27.1868666142278,92.9569447702647,-2.2360749835663));
#9693=CARTESIAN_POINT('',(25.4785305879664,92.9569447702647,-2.2360749835663));
#9694=CARTESIAN_POINT('',(27.1868666142278,96.9569447702647,-2.23607498356627));
#9695=CARTESIAN_POINT('',(27.1868666142278,81.2165200281487,-2.23607498356641));
#9696=CARTESIAN_POINT('',(27.3868666142276,96.9569447702647,-2.23607498356627));
#9697=CARTESIAN_POINT('',(33.8368666142279,96.9569447702651,-2.23607498356627));
#9698=CARTESIAN_POINT('',(27.3868666142276,92.9569447702647,-2.2360749835663));
#9699=CARTESIAN_POINT('',(27.3868666142276,83.2165200281487,-2.23607498356639));
#9700=CARTESIAN_POINT('',(27.6868666142278,92.9569447702647,-2.2360749835663));
#9701=CARTESIAN_POINT('',(25.7285305879664,92.9569447702647,-2.2360749835663));
#9702=CARTESIAN_POINT('',(27.6868666142278,96.9569447702647,-2.23607498356627));
#9703=CARTESIAN_POINT('',(27.6868666142278,81.2165200281487,-2.23607498356641));
#9704=CARTESIAN_POINT('',(27.8868666142276,96.9569447702647,-2.23607498356627));
#9705=CARTESIAN_POINT('',(33.8368666142279,96.9569447702651,-2.23607498356627));
#9706=CARTESIAN_POINT('',(27.8868666142276,92.9569447702647,-2.2360749835663));
#9707=CARTESIAN_POINT('',(27.8868666142276,83.2165200281487,-2.23607498356639));
#9708=CARTESIAN_POINT('',(28.1868666142278,92.9569447702647,-2.2360749835663));
#9709=CARTESIAN_POINT('',(25.9785305879664,92.9569447702647,-2.2360749835663));
#9710=CARTESIAN_POINT('',(28.1868666142278,96.9569447702647,-2.23607498356627));
#9711=CARTESIAN_POINT('',(28.1868666142278,81.2165200281487,-2.23607498356641));
#9712=CARTESIAN_POINT('',(28.3868666142276,96.9569447702647,-2.23607498356627));
#9713=CARTESIAN_POINT('',(33.8368666142279,96.9569447702651,-2.23607498356627));
#9714=CARTESIAN_POINT('',(28.3868666142276,92.9569447702647,-2.2360749835663));
#9715=CARTESIAN_POINT('',(28.3868666142276,83.2165200281487,-2.23607498356639));
#9716=CARTESIAN_POINT('',(28.6868666142278,92.9569447702647,-2.2360749835663));
#9717=CARTESIAN_POINT('',(26.2285305879664,92.9569447702647,-2.2360749835663));
#9718=CARTESIAN_POINT('',(28.6868666142278,96.9569447702647,-2.23607498356627));
#9719=CARTESIAN_POINT('',(28.6868666142278,81.2165200281487,-2.23607498356641));
#9720=CARTESIAN_POINT('',(28.8868666142276,96.9569447702647,-2.23607498356627));
#9721=CARTESIAN_POINT('',(33.8368666142279,96.9569447702651,-2.23607498356627));
#9722=CARTESIAN_POINT('',(28.8868666142276,92.9569447702647,-2.2360749835663));
#9723=CARTESIAN_POINT('',(28.8868666142276,83.2165200281487,-2.23607498356639));
#9724=CARTESIAN_POINT('',(29.1868666142278,92.9569447702647,-2.2360749835663));
#9725=CARTESIAN_POINT('',(26.4785305879664,92.9569447702647,-2.2360749835663));
#9726=CARTESIAN_POINT('',(29.1868666142278,96.9569447702647,-2.23607498356627));
#9727=CARTESIAN_POINT('',(29.1868666142278,81.2165200281487,-2.23607498356641));
#9728=CARTESIAN_POINT('',(29.3868666142276,96.9569447702647,-2.23607498356627));
#9729=CARTESIAN_POINT('',(33.8368666142279,96.9569447702651,-2.23607498356627));
#9730=CARTESIAN_POINT('',(29.3868666142276,92.9569447702647,-2.2360749835663));
#9731=CARTESIAN_POINT('',(29.3868666142276,83.2165200281487,-2.23607498356639));
#9732=CARTESIAN_POINT('',(29.6868666142278,92.9569447702647,-2.2360749835663));
#9733=CARTESIAN_POINT('',(26.7285305879664,92.9569447702647,-2.2360749835663));
#9734=CARTESIAN_POINT('',(29.6868666142278,96.9569447702647,-2.23607498356627));
#9735=CARTESIAN_POINT('',(29.6868666142278,81.2165200281487,-2.23607498356641));
#9736=CARTESIAN_POINT('',(29.8868666142276,96.9569447702647,-2.23607498356627));
#9737=CARTESIAN_POINT('',(33.8368666142279,96.9569447702651,-2.23607498356627));
#9738=CARTESIAN_POINT('',(29.8868666142276,92.9569447702647,-2.2360749835663));
#9739=CARTESIAN_POINT('',(29.8868666142276,83.2165200281487,-2.23607498356639));
#9740=CARTESIAN_POINT('',(30.1868666142278,92.9569447702647,-2.2360749835663));
#9741=CARTESIAN_POINT('',(26.9785305879664,92.9569447702647,-2.2360749835663));
#9742=CARTESIAN_POINT('',(30.1868666142278,96.9569447702647,-2.23607498356627));
#9743=CARTESIAN_POINT('',(30.1868666142278,81.2165200281487,-2.23607498356641));
#9744=CARTESIAN_POINT('',(30.3868666142276,96.9569447702647,-2.23607498356627));
#9745=CARTESIAN_POINT('',(33.8368666142279,96.9569447702651,-2.23607498356627));
#9746=CARTESIAN_POINT('',(30.3868666142276,92.9569447702647,-2.2360749835663));
#9747=CARTESIAN_POINT('',(30.3868666142276,83.2165200281487,-2.23607498356639));
#9748=CARTESIAN_POINT('',(30.6868666142278,92.9569447702647,-2.2360749835663));
#9749=CARTESIAN_POINT('',(27.2285305879664,92.9569447702647,-2.2360749835663));
#9750=CARTESIAN_POINT('',(30.6868666142278,96.9569447702647,-2.23607498356627));
#9751=CARTESIAN_POINT('',(30.6868666142278,81.2165200281487,-2.23607498356641));
#9752=CARTESIAN_POINT('',(30.8868666142276,96.9569447702647,-2.23607498356627));
#9753=CARTESIAN_POINT('',(33.8368666142279,96.9569447702651,-2.23607498356627));
#9754=CARTESIAN_POINT('',(30.8868666142276,92.9569447702647,-2.2360749835663));
#9755=CARTESIAN_POINT('',(30.8868666142276,83.2165200281487,-2.23607498356639));
#9756=CARTESIAN_POINT('',(31.1868666142278,92.9569447702647,-2.2360749835663));
#9757=CARTESIAN_POINT('',(27.4785305879664,92.9569447702647,-2.2360749835663));
#9758=CARTESIAN_POINT('',(31.1868666142278,96.9569447702647,-2.23607498356627));
#9759=CARTESIAN_POINT('',(31.1868666142278,81.2165200281487,-2.23607498356641));
#9760=CARTESIAN_POINT('',(31.3868666142276,96.9569447702647,-2.23607498356627));
#9761=CARTESIAN_POINT('',(33.8368666142279,96.9569447702651,-2.23607498356627));
#9762=CARTESIAN_POINT('',(31.3868666142276,92.9569447702647,-2.2360749835663));
#9763=CARTESIAN_POINT('',(31.3868666142276,83.2165200281487,-2.23607498356639));
#9764=CARTESIAN_POINT('',(31.6868666142278,92.9569447702647,-2.2360749835663));
#9765=CARTESIAN_POINT('',(27.7285305879664,92.9569447702647,-2.2360749835663));
#9766=CARTESIAN_POINT('',(31.6868666142278,96.9569447702647,-2.23607498356627));
#9767=CARTESIAN_POINT('',(31.6868666142278,81.2165200281487,-2.23607498356641));
#9768=CARTESIAN_POINT('',(31.8868666142276,96.9569447702647,-2.23607498356627));
#9769=CARTESIAN_POINT('',(33.8368666142279,96.9569447702651,-2.23607498356627));
#9770=CARTESIAN_POINT('',(31.8868666142276,92.9569447702647,-2.2360749835663));
#9771=CARTESIAN_POINT('',(31.8868666142276,83.2165200281487,-2.23607498356639));
#9772=CARTESIAN_POINT('',(32.1868666142278,92.9569447702647,-2.2360749835663));
#9773=CARTESIAN_POINT('',(27.9785305879664,92.9569447702647,-2.2360749835663));
#9774=CARTESIAN_POINT('',(32.1868666142278,96.9569447702647,-2.23607498356627));
#9775=CARTESIAN_POINT('',(32.1868666142278,81.2165200281487,-2.23607498356641));
#9776=CARTESIAN_POINT('',(32.3868666142276,96.9569447702647,-2.23607498356627));
#9777=CARTESIAN_POINT('',(33.8368666142279,96.9569447702651,-2.23607498356627));
#9778=CARTESIAN_POINT('',(32.3868666142276,92.9569447702647,-2.2360749835663));
#9779=CARTESIAN_POINT('',(32.3868666142276,83.2165200281487,-2.23607498356639));
#9780=CARTESIAN_POINT('',(32.6868666142278,92.9569447702647,-2.2360749835663));
#9781=CARTESIAN_POINT('',(28.2285305879664,92.9569447702647,-2.2360749835663));
#9782=CARTESIAN_POINT('',(32.6868666142278,96.9569447702647,-2.23607498356627));
#9783=CARTESIAN_POINT('',(32.6868666142278,81.2165200281487,-2.23607498356641));
#9784=CARTESIAN_POINT('',(32.8868666142276,96.9569447702647,-2.23607498356627));
#9785=CARTESIAN_POINT('',(33.8368666142279,96.9569447702651,-2.23607498356627));
#9786=CARTESIAN_POINT('',(32.8868666142276,92.9569447702647,-2.2360749835663));
#9787=CARTESIAN_POINT('',(32.8868666142276,83.2165200281487,-2.23607498356639));
#9788=CARTESIAN_POINT('',(33.1868666142278,92.9569447702647,-2.2360749835663));
#9789=CARTESIAN_POINT('',(28.4785305879664,92.9569447702647,-2.2360749835663));
#9790=CARTESIAN_POINT('',(33.1868666142278,96.9569447702647,-2.23607498356627));
#9791=CARTESIAN_POINT('',(33.1868666142278,81.2165200281487,-2.23607498356641));
#9792=CARTESIAN_POINT('',(33.3868666142276,96.9569447702647,-2.23607498356627));
#9793=CARTESIAN_POINT('',(33.8368666142279,96.9569447702651,-2.23607498356627));
#9794=CARTESIAN_POINT('',(33.3868666142276,92.9569447702647,-2.2360749835663));
#9795=CARTESIAN_POINT('',(33.3868666142276,83.2165200281487,-2.23607498356639));
#9796=CARTESIAN_POINT('',(33.6868666142278,92.9569447702647,-2.2360749835663));
#9797=CARTESIAN_POINT('',(28.7285305879664,92.9569447702647,-2.2360749835663));
#9798=CARTESIAN_POINT('',(33.6868666142278,96.9569447702647,-2.23607498356627));
#9799=CARTESIAN_POINT('',(33.6868666142278,81.2165200281487,-2.23607498356641));
#9800=CARTESIAN_POINT('',(33.8368666142279,96.9569447702651,-2.23607498356627));
#9801=CARTESIAN_POINT('',(33.8368666142279,96.9569447702651,-2.23607498356627));
#9802=CARTESIAN_POINT('',(34.0368666142282,96.7569447702644,-2.23607498356627));
#9803=CARTESIAN_POINT('Origin',(33.8368666142275,96.7569447702644,-2.23607498356627));
#9804=CARTESIAN_POINT('',(34.0368666142282,75.3969468142596,-2.23607498356646));
#9805=CARTESIAN_POINT('',(34.0368666142282,75.3969468142596,-2.23607498356646));
#9806=CARTESIAN_POINT('',(35.0368666142282,74.3969468142595,-2.23607498356647));
#9807=CARTESIAN_POINT('Origin',(35.0368666142282,75.3969468142595,-2.23607498356646));
#9808=CARTESIAN_POINT('',(47.5805066142285,74.3969468142595,-2.23607498356648));
#9809=CARTESIAN_POINT('',(47.5805066142285,74.3969468142595,-2.23607498356648));
#9810=CARTESIAN_POINT('',(48.5805066142285,73.3969468142596,-2.23607498356649));
#9811=CARTESIAN_POINT('Origin',(47.5805066142285,73.3969468142596,-2.23607498356649));
#9812=CARTESIAN_POINT('',(48.5805066142289,52.5172308315783,-2.23607498356666));
#9813=CARTESIAN_POINT('',(48.580506614229,49.4569447702647,-2.23607498356668));
#9814=CARTESIAN_POINT('',(19.4968666142287,52.5172308315783,-2.23607498356666));
#9815=CARTESIAN_POINT('',(12.0350972808526,52.5172308315783,-2.23607498356666));
#9816=CARTESIAN_POINT('',(19.4968666142287,53.1989398177484,-2.23607498356665));
#9817=CARTESIAN_POINT('',(19.4968666142287,53.1989398177484,-2.23607498356665));
#9818=CARTESIAN_POINT('',(18.9968666142287,53.6989398177484,-2.23607498356664));
#9819=CARTESIAN_POINT('Origin',(18.9968666142287,53.1989398177484,-2.23607498356665));
#9820=CARTESIAN_POINT('',(6.58686661422943,53.6989398177484,-2.23607498356664));
#9821=CARTESIAN_POINT('',(12.4253946142291,72.0064748142595,-2.23607498356649));
#9822=CARTESIAN_POINT('',(12.4253946142291,56.0699948142592,-2.23607498356662));
#9823=CARTESIAN_POINT('',(12.4253946142291,62.7730450501459,-2.23607498356656));
#9824=CARTESIAN_POINT('',(33.0289866142285,56.0699948142592,-2.23607498356662));
#9825=CARTESIAN_POINT('',(28.5495905879668,56.0699948142592,-2.23607498356662));
#9826=CARTESIAN_POINT('',(33.0289866142285,72.0064748142595,-2.23607498356649));
#9827=CARTESIAN_POINT('',(33.0289866142285,70.7412850501461,-2.2360749835665));
#9828=CARTESIAN_POINT('',(18.2477945879671,72.0064748142595,-2.23607498356649));
#9829=CARTESIAN_POINT('Origin',(19.4968666142287,49.4569447702648,-2.13607498356668));
#9830=CARTESIAN_POINT('',(19.4968666142287,53.1989398177484,-2.13607498356664));
#9831=CARTESIAN_POINT('',(19.4968666142287,52.5172308315783,-2.13607498356665));
#9832=CARTESIAN_POINT('',(19.4968666142287,53.1989398177484,-2.13607498356664));
#9833=CARTESIAN_POINT('',(19.4968666142287,53.1989398177484,-2.13607498356664));
#9834=CARTESIAN_POINT('',(19.4968666142287,51.6172308315783,-1.33607498356665));
#9835=CARTESIAN_POINT('Origin',(19.4968666142287,52.5172308315783,-1.33607498356664));
#9836=CARTESIAN_POINT('',(19.4968666142287,51.6172308315783,-0.80000000000001));
#9837=CARTESIAN_POINT('',(19.4968666142287,51.6172308315783,-3.27442103117268));
#9838=CARTESIAN_POINT('',(19.4968666142287,52.5172308315783,0.0999999999999995));
#9839=CARTESIAN_POINT('Origin',(19.4968666142287,52.5172308315783,-0.800000000000001));
#9840=CARTESIAN_POINT('',(19.4968666142287,52.5281677864533,0.0999999999999995));
#9841=CARTESIAN_POINT('',(19.4968666142287,48.7861727389697,0.0999999999999995));
#9842=CARTESIAN_POINT('',(19.4968666142287,52.5281677864533,-5.55111512312578E-16));
#9843=CARTESIAN_POINT('',(19.4968666142287,52.5281677864533,-5.55111512312578E-16));
#9844=CARTESIAN_POINT('',(19.4968666142287,52.5172308315783,-5.55111512312578E-16));
#9845=CARTESIAN_POINT('',(19.4968666142287,48.7861727389697,-5.55111512312578E-16));
#9846=CARTESIAN_POINT('',(19.4968666142287,51.7172308315783,-0.80000000000001));
#9847=CARTESIAN_POINT('Origin',(19.4968666142287,52.5172308315783,-0.800000000000001));
#9848=CARTESIAN_POINT('',(19.4968666142287,51.7172308315783,-1.33607498356665));
#9849=CARTESIAN_POINT('',(19.4968666142287,51.7172308315783,-3.27442103117268));
#9850=CARTESIAN_POINT('Origin',(19.4968666142287,52.5172308315783,-1.33607498356664));
#9851=CARTESIAN_POINT('Origin',(24.5790978853683,52.5172308315783,-1.33607498356664));
#9852=CARTESIAN_POINT('',(48.5805066142289,51.6172308315783,-1.33607498356665));
#9853=CARTESIAN_POINT('Origin',(48.5805066142289,52.5172308315783,-1.33607498356664));
#9854=CARTESIAN_POINT('',(12.0350972808526,51.6172308315783,-1.33607498356665));
#9855=CARTESIAN_POINT('Origin',(24.0701945617051,69.4760952860327,-2.13607498356651));
#9856=CARTESIAN_POINT('',(18.9968666142287,53.6989398177484,-2.13607498356664));
#9857=CARTESIAN_POINT('',(6.58686661422943,53.6989398177484,-2.13607498356664));
#9858=CARTESIAN_POINT('Origin',(18.9968666142287,53.1989398177484,-2.13607498356664));
#9859=CARTESIAN_POINT('',(48.5805066142289,52.5172308315783,-2.13607498356666));
#9860=CARTESIAN_POINT('',(12.0350972808526,52.5172308315783,-2.13607498356665));
#9861=CARTESIAN_POINT('',(48.5805066142285,73.3969468142596,-2.13607498356648));
#9862=CARTESIAN_POINT('',(48.580506614229,49.4569447702647,-2.13607498356668));
#9863=CARTESIAN_POINT('',(47.5805066142285,74.3969468142595,-2.13607498356647));
#9864=CARTESIAN_POINT('Origin',(47.5805066142285,73.3969468142596,-2.13607498356648));
#9865=CARTESIAN_POINT('',(35.0368666142282,74.3969468142595,-2.13607498356646));
#9866=CARTESIAN_POINT('',(47.5805066142285,74.3969468142595,-2.13607498356647));
#9867=CARTESIAN_POINT('',(34.0368666142282,75.3969468142596,-2.13607498356645));
#9868=CARTESIAN_POINT('Origin',(35.0368666142282,75.3969468142595,-2.13607498356645));
#9869=CARTESIAN_POINT('',(34.0368666142282,91.9569447702644,-2.13607498356631));
#9870=CARTESIAN_POINT('',(34.0368666142282,75.3969468142596,-2.13607498356645));
#9871=CARTESIAN_POINT('',(13.5368666142279,91.9569447702644,-2.13607498356631));
#9872=CARTESIAN_POINT('',(18.8035305879665,91.9569447702644,-2.13607498356631));
#9873=CARTESIAN_POINT('',(13.5368666142282,75.3969468142596,-2.13607498356645));
#9874=CARTESIAN_POINT('',(13.536866614228,96.7569447702644,-2.13607498356627));
#9875=CARTESIAN_POINT('',(12.5368666142282,74.3969468142596,-2.13607498356646));
#9876=CARTESIAN_POINT('Origin',(12.5368666142282,75.3969468142596,-2.13607498356645));
#9877=CARTESIAN_POINT('',(1.58686661422837,74.3969468142596,-2.13607498356646));
#9878=CARTESIAN_POINT('',(12.5368666142282,74.3969468142596,-2.13607498356646));
#9879=CARTESIAN_POINT('',(0.586866614228376,73.3969468142596,-2.13607498356647));
#9880=CARTESIAN_POINT('Origin',(1.58686661422837,73.3969468142596,-2.13607498356647));
#9881=CARTESIAN_POINT('',(0.586866614228374,54.6989398177484,-2.13607498356663));
#9882=CARTESIAN_POINT('',(0.586866614228376,73.3969468142596,-2.13607498356647));
#9883=CARTESIAN_POINT('',(1.58686661422837,53.6989398177484,-2.13607498356664));
#9884=CARTESIAN_POINT('Origin',(1.58686661422837,54.6989398177484,-2.13607498356663));
#9885=CARTESIAN_POINT('',(3.08686661422927,53.6989398177484,-2.13607498356664));
#9886=CARTESIAN_POINT('',(1.58686661422837,53.6989398177484,-2.13607498356664));
#9887=CARTESIAN_POINT('',(3.08686661422927,53.6989398177484,-2.13607498356664));
#9888=CARTESIAN_POINT('Origin',(3.08686661422951,49.4569447702647,-2.13607498356668));
#9889=CARTESIAN_POINT('',(3.08686661422927,53.6989398177484,-2.13607498356664));
#9890=CARTESIAN_POINT('',(3.08686661422941,51.6172308315783,-1.33607498356664));
#9891=CARTESIAN_POINT('Origin',(3.08686661422941,52.5172308315783,-1.33607498356663));
#9892=CARTESIAN_POINT('',(3.08686661422944,51.6172308315783,-0.799999999999999));
#9893=CARTESIAN_POINT('',(3.08686661422927,51.6172308315783,-3.77442103117267));
#9894=CARTESIAN_POINT('',(3.08686661422951,52.5172308315783,0.100000000000011));
#9895=CARTESIAN_POINT('Origin',(3.08686661422951,52.5172308315783,-0.79999999999999));
#9896=CARTESIAN_POINT('',(3.08686661422951,52.5281677864534,0.100000000000011));
#9897=CARTESIAN_POINT('',(3.08686661422927,48.2861727389697,0.100000000000011));
#9898=CARTESIAN_POINT('',(3.08686661422951,52.5281677864534,1.05408642289243E-14));
#9899=CARTESIAN_POINT('',(3.08686661422951,52.5281677864534,1.05408642289243E-14));
#9900=CARTESIAN_POINT('',(3.08686661422951,52.5172308315783,1.05432927207487E-14));
#9901=CARTESIAN_POINT('',(3.08686661422927,48.2861727389697,1.14827763433368E-14));
#9902=CARTESIAN_POINT('',(3.08686661422944,51.7172308315783,-0.799999999999999));
#9903=CARTESIAN_POINT('Origin',(3.08686661422944,52.5172308315783,-0.79999999999999));
#9904=CARTESIAN_POINT('',(3.08686661422927,51.7172308315783,-3.77442103117267));
#9905=CARTESIAN_POINT('Origin',(24.0701945617051,51.6172308315784,-19.5515764994569));
#9906=CARTESIAN_POINT('',(12.0350972808526,51.6172308315783,-1.33607498356664));
#9907=CARTESIAN_POINT('',(12.0350972808526,51.6172308315783,-0.799999999999999));
#9908=CARTESIAN_POINT('Origin',(24.5790978853683,52.5172308315783,-1.33607498356664));
#9909=CARTESIAN_POINT('',(48.5805066142289,51.7172308315783,-1.33607498356665));
#9910=CARTESIAN_POINT('',(12.0350972808526,51.7172308315783,-1.33607498356665));
#9911=CARTESIAN_POINT('Origin',(48.5805066142289,52.5172308315783,-1.33607498356664));
#9912=CARTESIAN_POINT('Origin',(24.5790978853683,52.5172308315783,-1.33607498356663));
#9913=CARTESIAN_POINT('Origin',(24.0701945617051,51.7172308315784,-19.551576499457));
#9914=CARTESIAN_POINT('',(48.5805066142289,51.7172308315783,-0.80000000000001));
#9915=CARTESIAN_POINT('',(12.0350972808526,51.7172308315783,-0.80000000000001));
#9916=CARTESIAN_POINT('',(48.580506614229,51.7172308315783,0.467574016310994));
#9917=CARTESIAN_POINT('Origin',(48.5805066142285,73.3969468142596,-2.13607498356648));
#9918=CARTESIAN_POINT('',(48.5805066142285,73.3969468142596,-2.13607498356648));
#9919=CARTESIAN_POINT('',(48.580506614229,52.5172308315783,-5.55111512312578E-16));
#9920=CARTESIAN_POINT('Origin',(48.580506614229,52.5172308315783,-0.800000000000001));
#9921=CARTESIAN_POINT('',(48.580506614229,52.5281677864534,-5.55111512312578E-16));
#9922=CARTESIAN_POINT('',(48.580506614229,52.5281677864534,-5.55111512312578E-16));
#9923=CARTESIAN_POINT('',(48.580506614229,52.5281677864534,0.0999999999999995));
#9924=CARTESIAN_POINT('',(48.580506614229,52.5281677864534,-5.55111512312578E-16));
#9925=CARTESIAN_POINT('',(48.580506614229,52.5172308315783,0.0999999999999995));
#9926=CARTESIAN_POINT('',(48.580506614229,52.5281677864534,0.0999999999999995));
#9927=CARTESIAN_POINT('',(48.5805066142289,51.6172308315783,-0.80000000000001));
#9928=CARTESIAN_POINT('Origin',(48.5805066142289,52.5172308315783,-0.800000000000001));
#9929=CARTESIAN_POINT('',(48.580506614229,51.6172308315783,0.467574016310994));
#9930=CARTESIAN_POINT('Origin',(25.6932786301421,52.5172308315783,-0.800000000000001));
#9931=CARTESIAN_POINT('',(12.0350972808526,52.5172308315783,-5.55111512312578E-16));
#9932=CARTESIAN_POINT('Origin',(24.0701945617051,51.6172308315784,-19.551576499457));
#9933=CARTESIAN_POINT('',(12.0350972808526,51.6172308315783,-0.80000000000001));
#9934=CARTESIAN_POINT('Origin',(25.6932786301421,52.5172308315783,-0.79999999999999));
#9935=CARTESIAN_POINT('',(12.0350972808526,52.5172308315783,0.100000000000011));
#9936=CARTESIAN_POINT('Origin',(24.0701945617051,51.7172308315784,-19.5515764994569));
#9937=CARTESIAN_POINT('',(12.0350972808526,51.7172308315783,-0.799999999999999));
#9938=CARTESIAN_POINT('Origin',(24.0701945617051,32.5090172706854,-5.55111512312578E-16));
#9939=CARTESIAN_POINT('',(19.4968666142287,52.5281677864533,-5.55111512312578E-16));
#9940=CARTESIAN_POINT('Origin',(25.6932786301421,52.5172308315783,-0.800000000000001));
#9941=CARTESIAN_POINT('',(12.0350972808526,52.5172308315783,0.0999999999999995));
#9942=CARTESIAN_POINT('Origin',(24.0701945617051,32.5090172706854,1.49860085961328E-14));
#9943=CARTESIAN_POINT('',(12.0350972808526,52.5172308315783,1.05432927207487E-14));
#9944=CARTESIAN_POINT('',(3.08686661422951,52.5281677864534,1.05408642289243E-14));
#9945=CARTESIAN_POINT('Origin',(24.0701945617051,32.5090172706854,0.0999999999999995));
#9946=CARTESIAN_POINT('',(19.4968666142287,52.5281677864533,0.0999999999999995));
#9947=CARTESIAN_POINT('Origin',(12.4253946142291,56.0699948142592,-2.23607498356662));
#9948=CARTESIAN_POINT('',(12.4253946142291,72.0064748142595,-3.63607498356648));
#9949=CARTESIAN_POINT('',(12.4253946142291,72.0064748142595,-2.23607498356649));
#9950=CARTESIAN_POINT('',(12.4253946142291,56.0699948142592,-3.63607498356662));
#9951=CARTESIAN_POINT('',(12.4253946142291,72.0064748142595,-3.63607498356648));
#9952=CARTESIAN_POINT('',(12.4253946142291,56.0699948142592,-2.23607498356662));
#9953=CARTESIAN_POINT('Origin',(33.0289866142285,56.0699948142592,-2.23607498356662));
#9954=CARTESIAN_POINT('',(33.0289866142285,56.0699948142592,-3.63607498356662));
#9955=CARTESIAN_POINT('',(12.4253946142291,56.0699948142592,-3.63607498356662));
#9956=CARTESIAN_POINT('',(33.0289866142285,56.0699948142592,-2.23607498356662));
#9957=CARTESIAN_POINT('Origin',(33.0289866142285,72.0064748142595,-2.23607498356649));
#9958=CARTESIAN_POINT('',(33.0289866142285,72.0064748142595,-3.63607498356648));
#9959=CARTESIAN_POINT('',(33.0289866142285,56.0699948142592,-3.63607498356662));
#9960=CARTESIAN_POINT('',(33.0289866142285,72.0064748142595,-2.23607498356649));
#9961=CARTESIAN_POINT('Origin',(12.4253946142291,72.0064748142595,-2.23607498356649));
#9962=CARTESIAN_POINT('',(33.0289866142285,72.0064748142595,-3.63607498356648));
#9963=CARTESIAN_POINT('Origin',(22.7271906142288,64.0382348142594,-3.63607498356655));
#9964=CARTESIAN_POINT('Origin',(16.5368666142277,94.9569447702647,-2.23507498356629));
#9965=CARTESIAN_POINT('',(16.3868666142276,96.9569447702647,-2.23507498356628));
#9966=CARTESIAN_POINT('',(16.6868666142278,96.9569447702647,-2.23507498356628));
#9967=CARTESIAN_POINT('',(16.3868666142276,96.9569447702647,-2.23507498356628));
#9968=CARTESIAN_POINT('',(16.6868666142278,92.9569447702647,-2.2350749835663));
#9969=CARTESIAN_POINT('',(16.6868666142278,93.9569447702647,-2.23507498356629));
#9970=CARTESIAN_POINT('',(16.3868666142276,92.9569447702647,-2.2350749835663));
#9971=CARTESIAN_POINT('',(16.4618666142277,92.9569447702647,-2.2350749835663));
#9972=CARTESIAN_POINT('',(16.3868666142276,95.9569447702647,-2.23507498356628));
#9973=CARTESIAN_POINT('Origin',(17.5368666142277,94.9569447702647,-2.23507498356629));
#9974=CARTESIAN_POINT('',(17.3868666142276,96.9569447702647,-2.23507498356628));
#9975=CARTESIAN_POINT('',(17.6868666142278,96.9569447702647,-2.23507498356628));
#9976=CARTESIAN_POINT('',(17.3868666142276,96.9569447702647,-2.23507498356628));
#9977=CARTESIAN_POINT('',(17.6868666142278,92.9569447702647,-2.2350749835663));
#9978=CARTESIAN_POINT('',(17.6868666142278,93.9569447702647,-2.23507498356629));
#9979=CARTESIAN_POINT('',(17.3868666142276,92.9569447702647,-2.2350749835663));
#9980=CARTESIAN_POINT('',(17.4618666142277,92.9569447702647,-2.2350749835663));
#9981=CARTESIAN_POINT('',(17.3868666142276,95.9569447702647,-2.23507498356628));
#9982=CARTESIAN_POINT('Origin',(18.5368666142277,94.9569447702647,-2.23507498356629));
#9983=CARTESIAN_POINT('',(18.3868666142276,96.9569447702647,-2.23507498356628));
#9984=CARTESIAN_POINT('',(18.6868666142278,96.9569447702647,-2.23507498356628));
#9985=CARTESIAN_POINT('',(18.3868666142276,96.9569447702647,-2.23507498356628));
#9986=CARTESIAN_POINT('',(18.6868666142278,92.9569447702647,-2.2350749835663));
#9987=CARTESIAN_POINT('',(18.6868666142278,93.9569447702647,-2.23507498356629));
#9988=CARTESIAN_POINT('',(18.3868666142276,92.9569447702647,-2.2350749835663));
#9989=CARTESIAN_POINT('',(18.4618666142277,92.9569447702647,-2.2350749835663));
#9990=CARTESIAN_POINT('',(18.3868666142276,95.9569447702647,-2.23507498356628));
#9991=CARTESIAN_POINT('Origin',(19.5368666142277,94.9569447702647,-2.23507498356629));
#9992=CARTESIAN_POINT('',(19.3868666142276,96.9569447702647,-2.23507498356628));
#9993=CARTESIAN_POINT('',(19.6868666142278,96.9569447702647,-2.23507498356628));
#9994=CARTESIAN_POINT('',(19.3868666142276,96.9569447702647,-2.23507498356628));
#9995=CARTESIAN_POINT('',(19.6868666142278,92.9569447702647,-2.2350749835663));
#9996=CARTESIAN_POINT('',(19.6868666142278,93.9569447702647,-2.23507498356629));
#9997=CARTESIAN_POINT('',(19.3868666142276,92.9569447702647,-2.2350749835663));
#9998=CARTESIAN_POINT('',(19.4618666142277,92.9569447702647,-2.2350749835663));
#9999=CARTESIAN_POINT('',(19.3868666142276,95.9569447702647,-2.23507498356628));
#10000=CARTESIAN_POINT('Origin',(20.5368666142277,94.9569447702647,-2.23507498356629));
#10001=CARTESIAN_POINT('',(20.3868666142276,96.9569447702647,-2.23507498356628));
#10002=CARTESIAN_POINT('',(20.6868666142278,96.9569447702647,-2.23507498356628));
#10003=CARTESIAN_POINT('',(20.3868666142276,96.9569447702647,-2.23507498356628));
#10004=CARTESIAN_POINT('',(20.6868666142278,92.9569447702647,-2.2350749835663));
#10005=CARTESIAN_POINT('',(20.6868666142278,93.9569447702647,-2.23507498356629));
#10006=CARTESIAN_POINT('',(20.3868666142276,92.9569447702647,-2.2350749835663));
#10007=CARTESIAN_POINT('',(20.4618666142277,92.9569447702647,-2.2350749835663));
#10008=CARTESIAN_POINT('',(20.3868666142276,95.9569447702647,-2.23507498356628));
#10009=CARTESIAN_POINT('Origin',(21.5368666142277,94.9569447702647,-2.23507498356629));
#10010=CARTESIAN_POINT('',(21.3868666142276,96.9569447702647,-2.23507498356628));
#10011=CARTESIAN_POINT('',(21.6868666142278,96.9569447702647,-2.23507498356628));
#10012=CARTESIAN_POINT('',(21.3868666142276,96.9569447702647,-2.23507498356628));
#10013=CARTESIAN_POINT('',(21.6868666142278,92.9569447702647,-2.2350749835663));
#10014=CARTESIAN_POINT('',(21.6868666142278,93.9569447702647,-2.23507498356629));
#10015=CARTESIAN_POINT('',(21.3868666142276,92.9569447702647,-2.2350749835663));
#10016=CARTESIAN_POINT('',(21.4618666142277,92.9569447702647,-2.2350749835663));
#10017=CARTESIAN_POINT('',(21.3868666142276,95.9569447702647,-2.23507498356628));
#10018=CARTESIAN_POINT('Origin',(22.5368666142277,94.9569447702647,-2.23507498356629));
#10019=CARTESIAN_POINT('',(22.3868666142276,96.9569447702647,-2.23507498356628));
#10020=CARTESIAN_POINT('',(22.6868666142278,96.9569447702647,-2.23507498356628));
#10021=CARTESIAN_POINT('',(22.3868666142276,96.9569447702647,-2.23507498356628));
#10022=CARTESIAN_POINT('',(22.6868666142278,92.9569447702647,-2.2350749835663));
#10023=CARTESIAN_POINT('',(22.6868666142278,93.9569447702647,-2.23507498356629));
#10024=CARTESIAN_POINT('',(22.3868666142276,92.9569447702647,-2.2350749835663));
#10025=CARTESIAN_POINT('',(22.4618666142277,92.9569447702647,-2.2350749835663));
#10026=CARTESIAN_POINT('',(22.3868666142276,95.9569447702647,-2.23507498356628));
#10027=CARTESIAN_POINT('Origin',(23.5368666142277,94.9569447702647,-2.23507498356629));
#10028=CARTESIAN_POINT('',(23.3868666142276,96.9569447702647,-2.23507498356628));
#10029=CARTESIAN_POINT('',(23.6868666142278,96.9569447702647,-2.23507498356628));
#10030=CARTESIAN_POINT('',(23.3868666142276,96.9569447702647,-2.23507498356628));
#10031=CARTESIAN_POINT('',(23.6868666142278,92.9569447702647,-2.2350749835663));
#10032=CARTESIAN_POINT('',(23.6868666142278,93.9569447702647,-2.23507498356629));
#10033=CARTESIAN_POINT('',(23.3868666142276,92.9569447702647,-2.2350749835663));
#10034=CARTESIAN_POINT('',(23.4618666142277,92.9569447702647,-2.2350749835663));
#10035=CARTESIAN_POINT('',(23.3868666142276,95.9569447702647,-2.23507498356628));
#10036=CARTESIAN_POINT('Origin',(24.5368666142277,94.9569447702647,-2.23507498356629));
#10037=CARTESIAN_POINT('',(24.3868666142276,96.9569447702647,-2.23507498356628));
#10038=CARTESIAN_POINT('',(24.6868666142278,96.9569447702647,-2.23507498356628));
#10039=CARTESIAN_POINT('',(24.3868666142276,96.9569447702647,-2.23507498356628));
#10040=CARTESIAN_POINT('',(24.6868666142278,92.9569447702647,-2.2350749835663));
#10041=CARTESIAN_POINT('',(24.6868666142278,93.9569447702647,-2.23507498356629));
#10042=CARTESIAN_POINT('',(24.3868666142276,92.9569447702647,-2.2350749835663));
#10043=CARTESIAN_POINT('',(24.4618666142277,92.9569447702647,-2.2350749835663));
#10044=CARTESIAN_POINT('',(24.3868666142276,95.9569447702647,-2.23507498356628));
#10045=CARTESIAN_POINT('Origin',(25.5368666142277,94.9569447702647,-2.23507498356629));
#10046=CARTESIAN_POINT('',(25.3868666142276,96.9569447702647,-2.23507498356628));
#10047=CARTESIAN_POINT('',(25.6868666142278,96.9569447702647,-2.23507498356628));
#10048=CARTESIAN_POINT('',(25.3868666142276,96.9569447702647,-2.23507498356628));
#10049=CARTESIAN_POINT('',(25.6868666142278,92.9569447702647,-2.2350749835663));
#10050=CARTESIAN_POINT('',(25.6868666142278,93.9569447702647,-2.23507498356629));
#10051=CARTESIAN_POINT('',(25.3868666142276,92.9569447702647,-2.2350749835663));
#10052=CARTESIAN_POINT('',(25.4618666142277,92.9569447702647,-2.2350749835663));
#10053=CARTESIAN_POINT('',(25.3868666142276,95.9569447702647,-2.23507498356628));
#10054=CARTESIAN_POINT('Origin',(26.5368666142277,94.9569447702647,-2.23507498356629));
#10055=CARTESIAN_POINT('',(26.3868666142276,96.9569447702647,-2.23507498356628));
#10056=CARTESIAN_POINT('',(26.6868666142278,96.9569447702647,-2.23507498356628));
#10057=CARTESIAN_POINT('',(26.3868666142276,96.9569447702647,-2.23507498356628));
#10058=CARTESIAN_POINT('',(26.6868666142278,92.9569447702647,-2.2350749835663));
#10059=CARTESIAN_POINT('',(26.6868666142278,93.9569447702647,-2.23507498356629));
#10060=CARTESIAN_POINT('',(26.3868666142276,92.9569447702647,-2.2350749835663));
#10061=CARTESIAN_POINT('',(26.4618666142277,92.9569447702647,-2.2350749835663));
#10062=CARTESIAN_POINT('',(26.3868666142276,95.9569447702647,-2.23507498356628));
#10063=CARTESIAN_POINT('Origin',(27.5368666142277,94.9569447702647,-2.23507498356629));
#10064=CARTESIAN_POINT('',(27.3868666142276,96.9569447702647,-2.23507498356628));
#10065=CARTESIAN_POINT('',(27.6868666142278,96.9569447702647,-2.23507498356628));
#10066=CARTESIAN_POINT('',(27.3868666142276,96.9569447702647,-2.23507498356628));
#10067=CARTESIAN_POINT('',(27.6868666142278,92.9569447702647,-2.2350749835663));
#10068=CARTESIAN_POINT('',(27.6868666142278,93.9569447702647,-2.23507498356629));
#10069=CARTESIAN_POINT('',(27.3868666142276,92.9569447702647,-2.2350749835663));
#10070=CARTESIAN_POINT('',(27.4618666142277,92.9569447702647,-2.2350749835663));
#10071=CARTESIAN_POINT('',(27.3868666142276,95.9569447702647,-2.23507498356628));
#10072=CARTESIAN_POINT('Origin',(28.5368666142277,94.9569447702647,-2.23507498356629));
#10073=CARTESIAN_POINT('',(28.3868666142276,96.9569447702647,-2.23507498356628));
#10074=CARTESIAN_POINT('',(28.6868666142278,96.9569447702647,-2.23507498356628));
#10075=CARTESIAN_POINT('',(28.3868666142276,96.9569447702647,-2.23507498356628));
#10076=CARTESIAN_POINT('',(28.6868666142278,92.9569447702647,-2.2350749835663));
#10077=CARTESIAN_POINT('',(28.6868666142278,93.9569447702647,-2.23507498356629));
#10078=CARTESIAN_POINT('',(28.3868666142276,92.9569447702647,-2.2350749835663));
#10079=CARTESIAN_POINT('',(28.4618666142277,92.9569447702647,-2.2350749835663));
#10080=CARTESIAN_POINT('',(28.3868666142276,95.9569447702647,-2.23507498356628));
#10081=CARTESIAN_POINT('Origin',(29.5368666142277,94.9569447702647,-2.23507498356629));
#10082=CARTESIAN_POINT('',(29.3868666142276,96.9569447702647,-2.23507498356628));
#10083=CARTESIAN_POINT('',(29.6868666142278,96.9569447702647,-2.23507498356628));
#10084=CARTESIAN_POINT('',(29.3868666142276,96.9569447702647,-2.23507498356628));
#10085=CARTESIAN_POINT('',(29.6868666142278,92.9569447702647,-2.2350749835663));
#10086=CARTESIAN_POINT('',(29.6868666142278,93.9569447702647,-2.23507498356629));
#10087=CARTESIAN_POINT('',(29.3868666142276,92.9569447702647,-2.2350749835663));
#10088=CARTESIAN_POINT('',(29.4618666142277,92.9569447702647,-2.2350749835663));
#10089=CARTESIAN_POINT('',(29.3868666142276,95.9569447702647,-2.23507498356628));
#10090=CARTESIAN_POINT('Origin',(30.5368666142277,94.9569447702647,-2.23507498356629));
#10091=CARTESIAN_POINT('',(30.3868666142276,96.9569447702647,-2.23507498356628));
#10092=CARTESIAN_POINT('',(30.6868666142278,96.9569447702647,-2.23507498356628));
#10093=CARTESIAN_POINT('',(30.3868666142276,96.9569447702647,-2.23507498356628));
#10094=CARTESIAN_POINT('',(30.6868666142278,92.9569447702647,-2.2350749835663));
#10095=CARTESIAN_POINT('',(30.6868666142278,93.9569447702647,-2.23507498356629));
#10096=CARTESIAN_POINT('',(30.3868666142276,92.9569447702647,-2.2350749835663));
#10097=CARTESIAN_POINT('',(30.4618666142277,92.9569447702647,-2.2350749835663));
#10098=CARTESIAN_POINT('',(30.3868666142276,95.9569447702647,-2.23507498356628));
#10099=CARTESIAN_POINT('Origin',(31.5368666142277,94.9569447702647,-2.23507498356629));
#10100=CARTESIAN_POINT('',(31.3868666142276,96.9569447702647,-2.23507498356628));
#10101=CARTESIAN_POINT('',(31.6868666142278,96.9569447702647,-2.23507498356628));
#10102=CARTESIAN_POINT('',(31.3868666142276,96.9569447702647,-2.23507498356628));
#10103=CARTESIAN_POINT('',(31.6868666142278,92.9569447702647,-2.2350749835663));
#10104=CARTESIAN_POINT('',(31.6868666142278,93.9569447702647,-2.23507498356629));
#10105=CARTESIAN_POINT('',(31.3868666142276,92.9569447702647,-2.2350749835663));
#10106=CARTESIAN_POINT('',(31.4618666142277,92.9569447702647,-2.2350749835663));
#10107=CARTESIAN_POINT('',(31.3868666142276,95.9569447702647,-2.23507498356628));
#10108=CARTESIAN_POINT('Origin',(32.5368666142277,94.9569447702647,-2.23507498356629));
#10109=CARTESIAN_POINT('',(32.3868666142276,96.9569447702647,-2.23507498356628));
#10110=CARTESIAN_POINT('',(32.6868666142278,96.9569447702647,-2.23507498356628));
#10111=CARTESIAN_POINT('',(32.3868666142276,96.9569447702647,-2.23507498356628));
#10112=CARTESIAN_POINT('',(32.6868666142278,92.9569447702647,-2.2350749835663));
#10113=CARTESIAN_POINT('',(32.6868666142278,93.9569447702647,-2.23507498356629));
#10114=CARTESIAN_POINT('',(32.3868666142276,92.9569447702647,-2.2350749835663));
#10115=CARTESIAN_POINT('',(32.4618666142277,92.9569447702647,-2.2350749835663));
#10116=CARTESIAN_POINT('',(32.3868666142276,95.9569447702647,-2.23507498356628));
#10117=CARTESIAN_POINT('Origin',(33.5368666142277,94.9569447702647,-2.23507498356629));
#10118=CARTESIAN_POINT('',(33.3868666142276,96.9569447702647,-2.23507498356628));
#10119=CARTESIAN_POINT('',(33.6868666142278,96.9569447702647,-2.23507498356628));
#10120=CARTESIAN_POINT('',(33.3868666142276,96.9569447702647,-2.23507498356628));
#10121=CARTESIAN_POINT('',(33.6868666142278,92.9569447702647,-2.2350749835663));
#10122=CARTESIAN_POINT('',(33.6868666142278,93.9569447702647,-2.23507498356629));
#10123=CARTESIAN_POINT('',(33.3868666142276,92.9569447702647,-2.2350749835663));
#10124=CARTESIAN_POINT('',(33.4618666142277,92.9569447702647,-2.2350749835663));
#10125=CARTESIAN_POINT('',(33.3868666142276,95.9569447702647,-2.23507498356628));
#10126=CARTESIAN_POINT('Origin',(15.0368666142277,94.9569447702647,-2.23507498356629));
#10127=CARTESIAN_POINT('',(14.8868666142276,96.9569447702647,-2.23507498356628));
#10128=CARTESIAN_POINT('',(15.1868666142278,96.9569447702647,-2.23507498356628));
#10129=CARTESIAN_POINT('',(14.8868666142276,96.9569447702647,-2.23507498356628));
#10130=CARTESIAN_POINT('',(15.1868666142278,92.9569447702647,-2.2350749835663));
#10131=CARTESIAN_POINT('',(15.1868666142278,93.9569447702647,-2.23507498356629));
#10132=CARTESIAN_POINT('',(14.8868666142276,92.9569447702647,-2.2350749835663));
#10133=CARTESIAN_POINT('',(14.9618666142277,92.9569447702647,-2.2350749835663));
#10134=CARTESIAN_POINT('',(14.8868666142276,95.9569447702647,-2.23507498356628));
#10135=CARTESIAN_POINT('Origin',(14.0368666142277,94.9569447702647,-2.23507498356629));
#10136=CARTESIAN_POINT('',(13.8868666142276,96.9569447702647,-2.23507498356628));
#10137=CARTESIAN_POINT('',(13.8868666142276,92.9569447702647,-2.2350749835663));
#10138=CARTESIAN_POINT('',(13.8868666142276,95.9569447702647,-2.23507498356628));
#10139=CARTESIAN_POINT('',(14.1868666142278,96.9569447702647,-2.23507498356628));
#10140=CARTESIAN_POINT('',(13.8868666142276,96.9569447702647,-2.23507498356628));
#10141=CARTESIAN_POINT('',(14.1868666142278,92.9569447702647,-2.2350749835663));
#10142=CARTESIAN_POINT('',(14.1868666142278,93.9569447702647,-2.23507498356629));
#10143=CARTESIAN_POINT('',(13.9618666142277,92.9569447702647,-2.2350749835663));
#10144=CARTESIAN_POINT('Origin',(14.5368666142277,94.9569447702647,-2.23507498356629));
#10145=CARTESIAN_POINT('',(14.3868666142276,96.9569447702647,-2.23507498356628));
#10146=CARTESIAN_POINT('',(14.6868666142278,96.9569447702647,-2.23507498356628));
#10147=CARTESIAN_POINT('',(14.3868666142276,96.9569447702647,-2.23507498356628));
#10148=CARTESIAN_POINT('',(14.6868666142278,92.9569447702647,-2.2350749835663));
#10149=CARTESIAN_POINT('',(14.6868666142278,93.9569447702647,-2.23507498356629));
#10150=CARTESIAN_POINT('',(14.3868666142276,92.9569447702647,-2.2350749835663));
#10151=CARTESIAN_POINT('',(14.4618666142277,92.9569447702647,-2.2350749835663));
#10152=CARTESIAN_POINT('',(14.3868666142276,95.9569447702647,-2.23507498356628));
#10153=CARTESIAN_POINT('Origin',(15.5368666142277,94.9569447702647,-2.23507498356629));
#10154=CARTESIAN_POINT('',(15.3868666142276,96.9569447702647,-2.23507498356628));
#10155=CARTESIAN_POINT('',(15.6868666142278,96.9569447702647,-2.23507498356628));
#10156=CARTESIAN_POINT('',(15.3868666142276,96.9569447702647,-2.23507498356628));
#10157=CARTESIAN_POINT('',(15.6868666142278,92.9569447702647,-2.2350749835663));
#10158=CARTESIAN_POINT('',(15.6868666142278,93.9569447702647,-2.23507498356629));
#10159=CARTESIAN_POINT('',(15.3868666142276,92.9569447702647,-2.2350749835663));
#10160=CARTESIAN_POINT('',(15.4618666142277,92.9569447702647,-2.2350749835663));
#10161=CARTESIAN_POINT('',(15.3868666142276,95.9569447702647,-2.23507498356628));
#10162=CARTESIAN_POINT('Origin',(33.0368666142277,94.9569447702647,-2.23507498356629));
#10163=CARTESIAN_POINT('',(32.8868666142276,96.9569447702647,-2.23507498356628));
#10164=CARTESIAN_POINT('',(33.1868666142278,96.9569447702647,-2.23507498356628));
#10165=CARTESIAN_POINT('',(32.8868666142276,96.9569447702647,-2.23507498356628));
#10166=CARTESIAN_POINT('',(33.1868666142278,92.9569447702647,-2.2350749835663));
#10167=CARTESIAN_POINT('',(33.1868666142278,93.9569447702647,-2.23507498356629));
#10168=CARTESIAN_POINT('',(32.8868666142276,92.9569447702647,-2.2350749835663));
#10169=CARTESIAN_POINT('',(32.9618666142277,92.9569447702647,-2.2350749835663));
#10170=CARTESIAN_POINT('',(32.8868666142276,95.9569447702647,-2.23507498356628));
#10171=CARTESIAN_POINT('Origin',(32.0368666142277,94.9569447702647,-2.23507498356629));
#10172=CARTESIAN_POINT('',(31.8868666142276,96.9569447702647,-2.23507498356628));
#10173=CARTESIAN_POINT('',(32.1868666142278,96.9569447702647,-2.23507498356628));
#10174=CARTESIAN_POINT('',(31.8868666142276,96.9569447702647,-2.23507498356628));
#10175=CARTESIAN_POINT('',(32.1868666142278,92.9569447702647,-2.2350749835663));
#10176=CARTESIAN_POINT('',(32.1868666142278,93.9569447702647,-2.23507498356629));
#10177=CARTESIAN_POINT('',(31.8868666142276,92.9569447702647,-2.2350749835663));
#10178=CARTESIAN_POINT('',(31.9618666142277,92.9569447702647,-2.2350749835663));
#10179=CARTESIAN_POINT('',(31.8868666142276,95.9569447702647,-2.23507498356628));
#10180=CARTESIAN_POINT('Origin',(31.0368666142277,94.9569447702647,-2.23507498356629));
#10181=CARTESIAN_POINT('',(30.8868666142276,96.9569447702647,-2.23507498356628));
#10182=CARTESIAN_POINT('',(31.1868666142278,96.9569447702647,-2.23507498356628));
#10183=CARTESIAN_POINT('',(30.8868666142276,96.9569447702647,-2.23507498356628));
#10184=CARTESIAN_POINT('',(31.1868666142278,92.9569447702647,-2.2350749835663));
#10185=CARTESIAN_POINT('',(31.1868666142278,93.9569447702647,-2.23507498356629));
#10186=CARTESIAN_POINT('',(30.8868666142276,92.9569447702647,-2.2350749835663));
#10187=CARTESIAN_POINT('',(30.9618666142277,92.9569447702647,-2.2350749835663));
#10188=CARTESIAN_POINT('',(30.8868666142276,95.9569447702647,-2.23507498356628));
#10189=CARTESIAN_POINT('Origin',(30.0368666142277,94.9569447702647,-2.23507498356629));
#10190=CARTESIAN_POINT('',(29.8868666142276,96.9569447702647,-2.23507498356628));
#10191=CARTESIAN_POINT('',(30.1868666142278,96.9569447702647,-2.23507498356628));
#10192=CARTESIAN_POINT('',(29.8868666142276,96.9569447702647,-2.23507498356628));
#10193=CARTESIAN_POINT('',(30.1868666142278,92.9569447702647,-2.2350749835663));
#10194=CARTESIAN_POINT('',(30.1868666142278,93.9569447702647,-2.23507498356629));
#10195=CARTESIAN_POINT('',(29.8868666142276,92.9569447702647,-2.2350749835663));
#10196=CARTESIAN_POINT('',(29.9618666142277,92.9569447702647,-2.2350749835663));
#10197=CARTESIAN_POINT('',(29.8868666142276,95.9569447702647,-2.23507498356628));
#10198=CARTESIAN_POINT('Origin',(29.0368666142277,94.9569447702647,-2.23507498356629));
#10199=CARTESIAN_POINT('',(28.8868666142276,96.9569447702647,-2.23507498356628));
#10200=CARTESIAN_POINT('',(29.1868666142278,96.9569447702647,-2.23507498356628));
#10201=CARTESIAN_POINT('',(28.8868666142276,96.9569447702647,-2.23507498356628));
#10202=CARTESIAN_POINT('',(29.1868666142278,92.9569447702647,-2.2350749835663));
#10203=CARTESIAN_POINT('',(29.1868666142278,93.9569447702647,-2.23507498356629));
#10204=CARTESIAN_POINT('',(28.8868666142276,92.9569447702647,-2.2350749835663));
#10205=CARTESIAN_POINT('',(28.9618666142277,92.9569447702647,-2.2350749835663));
#10206=CARTESIAN_POINT('',(28.8868666142276,95.9569447702647,-2.23507498356628));
#10207=CARTESIAN_POINT('Origin',(28.0368666142277,94.9569447702647,-2.23507498356629));
#10208=CARTESIAN_POINT('',(27.8868666142276,96.9569447702647,-2.23507498356628));
#10209=CARTESIAN_POINT('',(28.1868666142278,96.9569447702647,-2.23507498356628));
#10210=CARTESIAN_POINT('',(27.8868666142276,96.9569447702647,-2.23507498356628));
#10211=CARTESIAN_POINT('',(28.1868666142278,92.9569447702647,-2.2350749835663));
#10212=CARTESIAN_POINT('',(28.1868666142278,93.9569447702647,-2.23507498356629));
#10213=CARTESIAN_POINT('',(27.8868666142276,92.9569447702647,-2.2350749835663));
#10214=CARTESIAN_POINT('',(27.9618666142277,92.9569447702647,-2.2350749835663));
#10215=CARTESIAN_POINT('',(27.8868666142276,95.9569447702647,-2.23507498356628));
#10216=CARTESIAN_POINT('Origin',(27.0368666142277,94.9569447702647,-2.23507498356629));
#10217=CARTESIAN_POINT('',(26.8868666142276,96.9569447702647,-2.23507498356628));
#10218=CARTESIAN_POINT('',(27.1868666142278,96.9569447702647,-2.23507498356628));
#10219=CARTESIAN_POINT('',(26.8868666142276,96.9569447702647,-2.23507498356628));
#10220=CARTESIAN_POINT('',(27.1868666142278,92.9569447702647,-2.2350749835663));
#10221=CARTESIAN_POINT('',(27.1868666142278,93.9569447702647,-2.23507498356629));
#10222=CARTESIAN_POINT('',(26.8868666142276,92.9569447702647,-2.2350749835663));
#10223=CARTESIAN_POINT('',(26.9618666142277,92.9569447702647,-2.2350749835663));
#10224=CARTESIAN_POINT('',(26.8868666142276,95.9569447702647,-2.23507498356628));
#10225=CARTESIAN_POINT('Origin',(26.0368666142277,94.9569447702647,-2.23507498356629));
#10226=CARTESIAN_POINT('',(25.8868666142276,96.9569447702647,-2.23507498356628));
#10227=CARTESIAN_POINT('',(26.1868666142278,96.9569447702647,-2.23507498356628));
#10228=CARTESIAN_POINT('',(25.8868666142276,96.9569447702647,-2.23507498356628));
#10229=CARTESIAN_POINT('',(26.1868666142278,92.9569447702647,-2.2350749835663));
#10230=CARTESIAN_POINT('',(26.1868666142278,93.9569447702647,-2.23507498356629));
#10231=CARTESIAN_POINT('',(25.8868666142276,92.9569447702647,-2.2350749835663));
#10232=CARTESIAN_POINT('',(25.9618666142277,92.9569447702647,-2.2350749835663));
#10233=CARTESIAN_POINT('',(25.8868666142276,95.9569447702647,-2.23507498356628));
#10234=CARTESIAN_POINT('Origin',(25.0368666142277,94.9569447702647,-2.23507498356629));
#10235=CARTESIAN_POINT('',(24.8868666142276,96.9569447702647,-2.23507498356628));
#10236=CARTESIAN_POINT('',(25.1868666142278,96.9569447702647,-2.23507498356628));
#10237=CARTESIAN_POINT('',(24.8868666142276,96.9569447702647,-2.23507498356628));
#10238=CARTESIAN_POINT('',(25.1868666142278,92.9569447702647,-2.2350749835663));
#10239=CARTESIAN_POINT('',(25.1868666142278,93.9569447702647,-2.23507498356629));
#10240=CARTESIAN_POINT('',(24.8868666142276,92.9569447702647,-2.2350749835663));
#10241=CARTESIAN_POINT('',(24.9618666142277,92.9569447702647,-2.2350749835663));
#10242=CARTESIAN_POINT('',(24.8868666142276,95.9569447702647,-2.23507498356628));
#10243=CARTESIAN_POINT('Origin',(24.0368666142277,94.9569447702647,-2.23507498356629));
#10244=CARTESIAN_POINT('',(23.8868666142276,96.9569447702647,-2.23507498356628));
#10245=CARTESIAN_POINT('',(24.1868666142278,96.9569447702647,-2.23507498356628));
#10246=CARTESIAN_POINT('',(23.8868666142276,96.9569447702647,-2.23507498356628));
#10247=CARTESIAN_POINT('',(24.1868666142278,92.9569447702647,-2.2350749835663));
#10248=CARTESIAN_POINT('',(24.1868666142278,93.9569447702647,-2.23507498356629));
#10249=CARTESIAN_POINT('',(23.8868666142276,92.9569447702647,-2.2350749835663));
#10250=CARTESIAN_POINT('',(23.9618666142277,92.9569447702647,-2.2350749835663));
#10251=CARTESIAN_POINT('',(23.8868666142276,95.9569447702647,-2.23507498356628));
#10252=CARTESIAN_POINT('Origin',(23.0368666142277,94.9569447702647,-2.23507498356629));
#10253=CARTESIAN_POINT('',(22.8868666142276,96.9569447702647,-2.23507498356628));
#10254=CARTESIAN_POINT('',(23.1868666142278,96.9569447702647,-2.23507498356628));
#10255=CARTESIAN_POINT('',(22.8868666142276,96.9569447702647,-2.23507498356628));
#10256=CARTESIAN_POINT('',(23.1868666142278,92.9569447702647,-2.2350749835663));
#10257=CARTESIAN_POINT('',(23.1868666142278,93.9569447702647,-2.23507498356629));
#10258=CARTESIAN_POINT('',(22.8868666142276,92.9569447702647,-2.2350749835663));
#10259=CARTESIAN_POINT('',(22.9618666142277,92.9569447702647,-2.2350749835663));
#10260=CARTESIAN_POINT('',(22.8868666142276,95.9569447702647,-2.23507498356628));
#10261=CARTESIAN_POINT('Origin',(22.0368666142277,94.9569447702647,-2.23507498356629));
#10262=CARTESIAN_POINT('',(21.8868666142276,96.9569447702647,-2.23507498356628));
#10263=CARTESIAN_POINT('',(22.1868666142278,96.9569447702647,-2.23507498356628));
#10264=CARTESIAN_POINT('',(21.8868666142276,96.9569447702647,-2.23507498356628));
#10265=CARTESIAN_POINT('',(22.1868666142278,92.9569447702647,-2.2350749835663));
#10266=CARTESIAN_POINT('',(22.1868666142278,93.9569447702647,-2.23507498356629));
#10267=CARTESIAN_POINT('',(21.8868666142276,92.9569447702647,-2.2350749835663));
#10268=CARTESIAN_POINT('',(21.9618666142277,92.9569447702647,-2.2350749835663));
#10269=CARTESIAN_POINT('',(21.8868666142276,95.9569447702647,-2.23507498356628));
#10270=CARTESIAN_POINT('Origin',(21.0368666142277,94.9569447702647,-2.23507498356629));
#10271=CARTESIAN_POINT('',(20.8868666142276,96.9569447702647,-2.23507498356628));
#10272=CARTESIAN_POINT('',(21.1868666142278,96.9569447702647,-2.23507498356628));
#10273=CARTESIAN_POINT('',(20.8868666142276,96.9569447702647,-2.23507498356628));
#10274=CARTESIAN_POINT('',(21.1868666142278,92.9569447702647,-2.2350749835663));
#10275=CARTESIAN_POINT('',(21.1868666142278,93.9569447702647,-2.23507498356629));
#10276=CARTESIAN_POINT('',(20.8868666142276,92.9569447702647,-2.2350749835663));
#10277=CARTESIAN_POINT('',(20.9618666142277,92.9569447702647,-2.2350749835663));
#10278=CARTESIAN_POINT('',(20.8868666142276,95.9569447702647,-2.23507498356628));
#10279=CARTESIAN_POINT('Origin',(20.0368666142277,94.9569447702647,-2.23507498356629));
#10280=CARTESIAN_POINT('',(19.8868666142276,96.9569447702647,-2.23507498356628));
#10281=CARTESIAN_POINT('',(20.1868666142278,96.9569447702647,-2.23507498356628));
#10282=CARTESIAN_POINT('',(19.8868666142276,96.9569447702647,-2.23507498356628));
#10283=CARTESIAN_POINT('',(20.1868666142278,92.9569447702647,-2.2350749835663));
#10284=CARTESIAN_POINT('',(20.1868666142278,93.9569447702647,-2.23507498356629));
#10285=CARTESIAN_POINT('',(19.8868666142276,92.9569447702647,-2.2350749835663));
#10286=CARTESIAN_POINT('',(19.9618666142277,92.9569447702647,-2.2350749835663));
#10287=CARTESIAN_POINT('',(19.8868666142276,95.9569447702647,-2.23507498356628));
#10288=CARTESIAN_POINT('Origin',(19.0368666142277,94.9569447702647,-2.23507498356629));
#10289=CARTESIAN_POINT('',(18.8868666142276,96.9569447702647,-2.23507498356628));
#10290=CARTESIAN_POINT('',(19.1868666142278,96.9569447702647,-2.23507498356628));
#10291=CARTESIAN_POINT('',(18.8868666142276,96.9569447702647,-2.23507498356628));
#10292=CARTESIAN_POINT('',(19.1868666142278,92.9569447702647,-2.2350749835663));
#10293=CARTESIAN_POINT('',(19.1868666142278,93.9569447702647,-2.23507498356629));
#10294=CARTESIAN_POINT('',(18.8868666142276,92.9569447702647,-2.2350749835663));
#10295=CARTESIAN_POINT('',(18.9618666142277,92.9569447702647,-2.2350749835663));
#10296=CARTESIAN_POINT('',(18.8868666142276,95.9569447702647,-2.23507498356628));
#10297=CARTESIAN_POINT('Origin',(18.0368666142277,94.9569447702647,-2.23507498356629));
#10298=CARTESIAN_POINT('',(17.8868666142276,96.9569447702647,-2.23507498356628));
#10299=CARTESIAN_POINT('',(18.1868666142278,96.9569447702647,-2.23507498356628));
#10300=CARTESIAN_POINT('',(17.8868666142276,96.9569447702647,-2.23507498356628));
#10301=CARTESIAN_POINT('',(18.1868666142278,92.9569447702647,-2.2350749835663));
#10302=CARTESIAN_POINT('',(18.1868666142278,93.9569447702647,-2.23507498356629));
#10303=CARTESIAN_POINT('',(17.8868666142276,92.9569447702647,-2.2350749835663));
#10304=CARTESIAN_POINT('',(17.9618666142277,92.9569447702647,-2.2350749835663));
#10305=CARTESIAN_POINT('',(17.8868666142276,95.9569447702647,-2.23507498356628));
#10306=CARTESIAN_POINT('Origin',(17.0368666142277,94.9569447702647,-2.23507498356629));
#10307=CARTESIAN_POINT('',(16.8868666142276,96.9569447702647,-2.23507498356628));
#10308=CARTESIAN_POINT('',(17.1868666142278,96.9569447702647,-2.23507498356628));
#10309=CARTESIAN_POINT('',(16.8868666142276,96.9569447702647,-2.23507498356628));
#10310=CARTESIAN_POINT('',(17.1868666142278,92.9569447702647,-2.2350749835663));
#10311=CARTESIAN_POINT('',(17.1868666142278,93.9569447702647,-2.23507498356629));
#10312=CARTESIAN_POINT('',(16.8868666142276,92.9569447702647,-2.2350749835663));
#10313=CARTESIAN_POINT('',(16.9618666142277,92.9569447702647,-2.2350749835663));
#10314=CARTESIAN_POINT('',(16.8868666142276,95.9569447702647,-2.23507498356628));
#10315=CARTESIAN_POINT('Origin',(16.0368666142277,94.9569447702647,-2.23507498356629));
#10316=CARTESIAN_POINT('',(15.8868666142276,96.9569447702647,-2.23507498356628));
#10317=CARTESIAN_POINT('',(16.1868666142278,96.9569447702647,-2.23507498356628));
#10318=CARTESIAN_POINT('',(15.8868666142276,96.9569447702647,-2.23507498356628));
#10319=CARTESIAN_POINT('',(16.1868666142278,92.9569447702647,-2.2350749835663));
#10320=CARTESIAN_POINT('',(16.1868666142278,93.9569447702647,-2.23507498356629));
#10321=CARTESIAN_POINT('',(15.8868666142276,92.9569447702647,-2.2350749835663));
#10322=CARTESIAN_POINT('',(15.9618666142277,92.9569447702647,-2.2350749835663));
#10323=CARTESIAN_POINT('',(15.8868666142276,95.9569447702647,-2.23507498356628));
#10324=CARTESIAN_POINT('Origin',(16.3868666142276,96.9569447702647,-2.23607498356627));
#10325=CARTESIAN_POINT('',(16.3868666142276,92.9569447702647,-2.2360749835663));
#10326=CARTESIAN_POINT('',(16.3868666142276,96.9569447702645,-2.18607498356628));
#10327=CARTESIAN_POINT('Origin',(16.3868666142276,92.9569447702647,-2.2360749835663));
#10328=CARTESIAN_POINT('',(16.6868666142278,92.9569447702647,-2.2360749835663));
#10329=CARTESIAN_POINT('Origin',(17.3868666142276,96.9569447702647,-2.23607498356627));
#10330=CARTESIAN_POINT('',(17.3868666142276,92.9569447702647,-2.2360749835663));
#10331=CARTESIAN_POINT('',(17.3868666142276,96.9569447702645,-2.18607498356628));
#10332=CARTESIAN_POINT('Origin',(17.3868666142276,92.9569447702647,-2.2360749835663));
#10333=CARTESIAN_POINT('',(17.6868666142278,92.9569447702647,-2.2360749835663));
#10334=CARTESIAN_POINT('Origin',(18.3868666142276,96.9569447702647,-2.23607498356627));
#10335=CARTESIAN_POINT('',(18.3868666142276,92.9569447702647,-2.2360749835663));
#10336=CARTESIAN_POINT('',(18.3868666142276,96.9569447702646,-2.18607498356628));
#10337=CARTESIAN_POINT('Origin',(18.3868666142276,92.9569447702647,-2.2360749835663));
#10338=CARTESIAN_POINT('',(18.6868666142278,92.9569447702647,-2.2360749835663));
#10339=CARTESIAN_POINT('Origin',(19.3868666142276,96.9569447702647,-2.23607498356627));
#10340=CARTESIAN_POINT('',(19.3868666142276,92.9569447702647,-2.2360749835663));
#10341=CARTESIAN_POINT('',(19.3868666142276,96.9569447702646,-2.18607498356628));
#10342=CARTESIAN_POINT('Origin',(19.3868666142276,92.9569447702647,-2.2360749835663));
#10343=CARTESIAN_POINT('',(19.6868666142278,92.9569447702647,-2.2360749835663));
#10344=CARTESIAN_POINT('Origin',(20.3868666142276,96.9569447702647,-2.23607498356627));
#10345=CARTESIAN_POINT('',(20.3868666142276,92.9569447702647,-2.2360749835663));
#10346=CARTESIAN_POINT('',(20.3868666142276,96.9569447702646,-2.18607498356628));
#10347=CARTESIAN_POINT('Origin',(20.3868666142276,92.9569447702647,-2.2360749835663));
#10348=CARTESIAN_POINT('',(20.6868666142278,92.9569447702647,-2.2360749835663));
#10349=CARTESIAN_POINT('Origin',(21.3868666142276,96.9569447702647,-2.23607498356627));
#10350=CARTESIAN_POINT('',(21.3868666142276,92.9569447702647,-2.2360749835663));
#10351=CARTESIAN_POINT('',(21.3868666142276,96.9569447702647,-2.18607498356628));
#10352=CARTESIAN_POINT('Origin',(21.3868666142276,92.9569447702647,-2.2360749835663));
#10353=CARTESIAN_POINT('',(21.6868666142278,92.9569447702647,-2.2360749835663));
#10354=CARTESIAN_POINT('Origin',(22.3868666142276,96.9569447702647,-2.23607498356627));
#10355=CARTESIAN_POINT('',(22.3868666142276,92.9569447702647,-2.2360749835663));
#10356=CARTESIAN_POINT('',(22.3868666142276,96.9569447702647,-2.18607498356628));
#10357=CARTESIAN_POINT('Origin',(22.3868666142276,92.9569447702647,-2.2360749835663));
#10358=CARTESIAN_POINT('',(22.6868666142278,92.9569447702647,-2.2360749835663));
#10359=CARTESIAN_POINT('Origin',(23.3868666142276,96.9569447702647,-2.23607498356627));
#10360=CARTESIAN_POINT('',(23.3868666142276,92.9569447702647,-2.2360749835663));
#10361=CARTESIAN_POINT('',(23.3868666142276,96.9569447702648,-2.18607498356628));
#10362=CARTESIAN_POINT('Origin',(23.3868666142276,92.9569447702647,-2.2360749835663));
#10363=CARTESIAN_POINT('',(23.6868666142278,92.9569447702647,-2.2360749835663));
#10364=CARTESIAN_POINT('Origin',(24.3868666142276,96.9569447702647,-2.23607498356627));
#10365=CARTESIAN_POINT('',(24.3868666142276,92.9569447702647,-2.2360749835663));
#10366=CARTESIAN_POINT('',(24.3868666142276,96.9569447702648,-2.18607498356628));
#10367=CARTESIAN_POINT('Origin',(24.3868666142276,92.9569447702647,-2.2360749835663));
#10368=CARTESIAN_POINT('',(24.6868666142278,92.9569447702647,-2.2360749835663));
#10369=CARTESIAN_POINT('Origin',(25.3868666142276,96.9569447702647,-2.23607498356627));
#10370=CARTESIAN_POINT('',(25.3868666142276,92.9569447702647,-2.2360749835663));
#10371=CARTESIAN_POINT('',(25.3868666142276,96.9569447702648,-2.18607498356628));
#10372=CARTESIAN_POINT('Origin',(25.3868666142276,92.9569447702647,-2.2360749835663));
#10373=CARTESIAN_POINT('',(25.6868666142278,92.9569447702647,-2.2360749835663));
#10374=CARTESIAN_POINT('Origin',(26.3868666142276,96.9569447702647,-2.23607498356627));
#10375=CARTESIAN_POINT('',(26.3868666142276,92.9569447702647,-2.2360749835663));
#10376=CARTESIAN_POINT('',(26.3868666142276,96.9569447702649,-2.18607498356628));
#10377=CARTESIAN_POINT('Origin',(26.3868666142276,92.9569447702647,-2.2360749835663));
#10378=CARTESIAN_POINT('',(26.6868666142278,92.9569447702647,-2.2360749835663));
#10379=CARTESIAN_POINT('Origin',(27.3868666142276,96.9569447702647,-2.23607498356627));
#10380=CARTESIAN_POINT('',(27.3868666142276,92.9569447702647,-2.2360749835663));
#10381=CARTESIAN_POINT('',(27.3868666142276,96.9569447702649,-2.18607498356628));
#10382=CARTESIAN_POINT('Origin',(27.3868666142276,92.9569447702647,-2.2360749835663));
#10383=CARTESIAN_POINT('',(27.6868666142278,92.9569447702647,-2.2360749835663));
#10384=CARTESIAN_POINT('Origin',(28.3868666142276,96.9569447702647,-2.23607498356627));
#10385=CARTESIAN_POINT('',(28.3868666142276,92.9569447702647,-2.2360749835663));
#10386=CARTESIAN_POINT('',(28.3868666142276,96.9569447702649,-2.18607498356628));
#10387=CARTESIAN_POINT('Origin',(28.3868666142276,92.9569447702647,-2.2360749835663));
#10388=CARTESIAN_POINT('',(28.6868666142278,92.9569447702647,-2.2360749835663));
#10389=CARTESIAN_POINT('Origin',(29.3868666142276,96.9569447702647,-2.23607498356627));
#10390=CARTESIAN_POINT('',(29.3868666142276,92.9569447702647,-2.2360749835663));
#10391=CARTESIAN_POINT('',(29.3868666142276,96.956944770265,-2.18607498356628));
#10392=CARTESIAN_POINT('Origin',(29.3868666142276,92.9569447702647,-2.2360749835663));
#10393=CARTESIAN_POINT('',(29.6868666142278,92.9569447702647,-2.2360749835663));
#10394=CARTESIAN_POINT('Origin',(30.3868666142276,96.9569447702647,-2.23607498356627));
#10395=CARTESIAN_POINT('',(30.3868666142276,92.9569447702647,-2.2360749835663));
#10396=CARTESIAN_POINT('',(30.3868666142276,96.956944770265,-2.18607498356628));
#10397=CARTESIAN_POINT('Origin',(30.3868666142276,92.9569447702647,-2.2360749835663));
#10398=CARTESIAN_POINT('',(30.6868666142278,92.9569447702647,-2.2360749835663));
#10399=CARTESIAN_POINT('Origin',(31.3868666142276,96.9569447702647,-2.23607498356627));
#10400=CARTESIAN_POINT('',(31.3868666142276,92.9569447702647,-2.2360749835663));
#10401=CARTESIAN_POINT('',(31.3868666142276,96.956944770265,-2.18607498356628));
#10402=CARTESIAN_POINT('Origin',(31.3868666142276,92.9569447702647,-2.2360749835663));
#10403=CARTESIAN_POINT('',(31.6868666142278,92.9569447702647,-2.2360749835663));
#10404=CARTESIAN_POINT('Origin',(32.3868666142276,96.9569447702647,-2.23607498356627));
#10405=CARTESIAN_POINT('',(32.3868666142276,92.9569447702647,-2.2360749835663));
#10406=CARTESIAN_POINT('',(32.3868666142276,96.9569447702651,-2.18607498356628));
#10407=CARTESIAN_POINT('Origin',(32.3868666142276,92.9569447702647,-2.2360749835663));
#10408=CARTESIAN_POINT('',(32.6868666142278,92.9569447702647,-2.2360749835663));
#10409=CARTESIAN_POINT('Origin',(33.3868666142276,96.9569447702647,-2.23607498356627));
#10410=CARTESIAN_POINT('',(33.3868666142276,92.9569447702647,-2.2360749835663));
#10411=CARTESIAN_POINT('',(33.3868666142276,96.9569447702651,-2.18607498356628));
#10412=CARTESIAN_POINT('Origin',(33.3868666142276,92.9569447702647,-2.2360749835663));
#10413=CARTESIAN_POINT('',(33.6868666142278,92.9569447702647,-2.2360749835663));
#10414=CARTESIAN_POINT('Origin',(14.8868666142276,96.9569447702647,-2.23607498356627));
#10415=CARTESIAN_POINT('',(14.8868666142276,92.9569447702647,-2.2360749835663));
#10416=CARTESIAN_POINT('',(14.8868666142276,96.9569447702644,-2.18607498356628));
#10417=CARTESIAN_POINT('Origin',(14.8868666142276,92.9569447702647,-2.2360749835663));
#10418=CARTESIAN_POINT('',(15.1868666142278,92.9569447702647,-2.2360749835663));
#10419=CARTESIAN_POINT('Origin',(14.1868666142278,92.9569447702647,-2.2360749835663));
#10420=CARTESIAN_POINT('',(14.1868666142278,96.9569447702644,-2.18607498356628));
#10421=CARTESIAN_POINT('',(14.1868666142278,92.9569447702647,-2.2360749835663));
#10422=CARTESIAN_POINT('Origin',(14.3868666142276,96.9569447702647,-2.23607498356627));
#10423=CARTESIAN_POINT('',(14.3868666142276,92.9569447702647,-2.2360749835663));
#10424=CARTESIAN_POINT('',(14.3868666142276,96.9569447702644,-2.18607498356628));
#10425=CARTESIAN_POINT('Origin',(14.3868666142276,92.9569447702647,-2.2360749835663));
#10426=CARTESIAN_POINT('',(14.6868666142278,92.9569447702647,-2.2360749835663));
#10427=CARTESIAN_POINT('Origin',(15.3868666142276,96.9569447702647,-2.23607498356627));
#10428=CARTESIAN_POINT('',(15.3868666142276,92.9569447702647,-2.2360749835663));
#10429=CARTESIAN_POINT('',(15.3868666142276,96.9569447702645,-2.18607498356628));
#10430=CARTESIAN_POINT('Origin',(15.3868666142276,92.9569447702647,-2.2360749835663));
#10431=CARTESIAN_POINT('',(15.6868666142278,92.9569447702647,-2.2360749835663));
#10432=CARTESIAN_POINT('Origin',(32.8868666142276,96.9569447702647,-2.23607498356627));
#10433=CARTESIAN_POINT('',(32.8868666142276,92.9569447702647,-2.2360749835663));
#10434=CARTESIAN_POINT('',(32.8868666142276,96.9569447702651,-2.18607498356628));
#10435=CARTESIAN_POINT('Origin',(32.8868666142276,92.9569447702647,-2.2360749835663));
#10436=CARTESIAN_POINT('',(33.1868666142278,92.9569447702647,-2.2360749835663));
#10437=CARTESIAN_POINT('Origin',(31.8868666142276,96.9569447702647,-2.23607498356627));
#10438=CARTESIAN_POINT('',(31.8868666142276,92.9569447702647,-2.2360749835663));
#10439=CARTESIAN_POINT('',(31.8868666142276,96.956944770265,-2.18607498356628));
#10440=CARTESIAN_POINT('Origin',(31.8868666142276,92.9569447702647,-2.2360749835663));
#10441=CARTESIAN_POINT('',(32.1868666142278,92.9569447702647,-2.2360749835663));
#10442=CARTESIAN_POINT('Origin',(30.8868666142276,96.9569447702647,-2.23607498356627));
#10443=CARTESIAN_POINT('',(30.8868666142276,92.9569447702647,-2.2360749835663));
#10444=CARTESIAN_POINT('',(30.8868666142276,96.956944770265,-2.18607498356628));
#10445=CARTESIAN_POINT('Origin',(30.8868666142276,92.9569447702647,-2.2360749835663));
#10446=CARTESIAN_POINT('',(31.1868666142278,92.9569447702647,-2.2360749835663));
#10447=CARTESIAN_POINT('Origin',(29.8868666142276,96.9569447702647,-2.23607498356627));
#10448=CARTESIAN_POINT('',(29.8868666142276,92.9569447702647,-2.2360749835663));
#10449=CARTESIAN_POINT('',(29.8868666142276,96.956944770265,-2.18607498356628));
#10450=CARTESIAN_POINT('Origin',(29.8868666142276,92.9569447702647,-2.2360749835663));
#10451=CARTESIAN_POINT('',(30.1868666142278,92.9569447702647,-2.2360749835663));
#10452=CARTESIAN_POINT('Origin',(28.8868666142276,96.9569447702647,-2.23607498356627));
#10453=CARTESIAN_POINT('',(28.8868666142276,92.9569447702647,-2.2360749835663));
#10454=CARTESIAN_POINT('',(28.8868666142276,96.9569447702649,-2.18607498356628));
#10455=CARTESIAN_POINT('Origin',(28.8868666142276,92.9569447702647,-2.2360749835663));
#10456=CARTESIAN_POINT('',(29.1868666142278,92.9569447702647,-2.2360749835663));
#10457=CARTESIAN_POINT('Origin',(27.8868666142276,96.9569447702647,-2.23607498356627));
#10458=CARTESIAN_POINT('',(27.8868666142276,92.9569447702647,-2.2360749835663));
#10459=CARTESIAN_POINT('',(27.8868666142276,96.9569447702649,-2.18607498356628));
#10460=CARTESIAN_POINT('Origin',(27.8868666142276,92.9569447702647,-2.2360749835663));
#10461=CARTESIAN_POINT('',(28.1868666142278,92.9569447702647,-2.2360749835663));
#10462=CARTESIAN_POINT('Origin',(26.8868666142276,96.9569447702647,-2.23607498356627));
#10463=CARTESIAN_POINT('',(26.8868666142276,92.9569447702647,-2.2360749835663));
#10464=CARTESIAN_POINT('',(26.8868666142276,96.9569447702649,-2.18607498356628));
#10465=CARTESIAN_POINT('Origin',(26.8868666142276,92.9569447702647,-2.2360749835663));
#10466=CARTESIAN_POINT('',(27.1868666142278,92.9569447702647,-2.2360749835663));
#10467=CARTESIAN_POINT('Origin',(25.8868666142276,96.9569447702647,-2.23607498356627));
#10468=CARTESIAN_POINT('',(25.8868666142276,92.9569447702647,-2.2360749835663));
#10469=CARTESIAN_POINT('',(25.8868666142276,96.9569447702648,-2.18607498356628));
#10470=CARTESIAN_POINT('Origin',(25.8868666142276,92.9569447702647,-2.2360749835663));
#10471=CARTESIAN_POINT('',(26.1868666142278,92.9569447702647,-2.2360749835663));
#10472=CARTESIAN_POINT('Origin',(24.8868666142276,96.9569447702647,-2.23607498356627));
#10473=CARTESIAN_POINT('',(24.8868666142276,92.9569447702647,-2.2360749835663));
#10474=CARTESIAN_POINT('',(24.8868666142276,96.9569447702648,-2.18607498356628));
#10475=CARTESIAN_POINT('Origin',(24.8868666142276,92.9569447702647,-2.2360749835663));
#10476=CARTESIAN_POINT('',(25.1868666142278,92.9569447702647,-2.2360749835663));
#10477=CARTESIAN_POINT('Origin',(23.8868666142276,96.9569447702647,-2.23607498356627));
#10478=CARTESIAN_POINT('',(23.8868666142276,92.9569447702647,-2.2360749835663));
#10479=CARTESIAN_POINT('',(23.8868666142276,96.9569447702648,-2.18607498356628));
#10480=CARTESIAN_POINT('Origin',(23.8868666142276,92.9569447702647,-2.2360749835663));
#10481=CARTESIAN_POINT('',(24.1868666142278,92.9569447702647,-2.2360749835663));
#10482=CARTESIAN_POINT('Origin',(22.8868666142276,96.9569447702647,-2.23607498356627));
#10483=CARTESIAN_POINT('',(22.8868666142276,92.9569447702647,-2.2360749835663));
#10484=CARTESIAN_POINT('',(22.8868666142276,96.9569447702647,-2.18607498356628));
#10485=CARTESIAN_POINT('Origin',(22.8868666142276,92.9569447702647,-2.2360749835663));
#10486=CARTESIAN_POINT('',(23.1868666142278,92.9569447702647,-2.2360749835663));
#10487=CARTESIAN_POINT('Origin',(21.8868666142276,96.9569447702647,-2.23607498356627));
#10488=CARTESIAN_POINT('',(21.8868666142276,92.9569447702647,-2.2360749835663));
#10489=CARTESIAN_POINT('',(21.8868666142276,96.9569447702647,-2.18607498356628));
#10490=CARTESIAN_POINT('Origin',(21.8868666142276,92.9569447702647,-2.2360749835663));
#10491=CARTESIAN_POINT('',(22.1868666142278,92.9569447702647,-2.2360749835663));
#10492=CARTESIAN_POINT('Origin',(20.8868666142276,96.9569447702647,-2.23607498356627));
#10493=CARTESIAN_POINT('',(20.8868666142276,92.9569447702647,-2.2360749835663));
#10494=CARTESIAN_POINT('',(20.8868666142276,96.9569447702647,-2.18607498356628));
#10495=CARTESIAN_POINT('Origin',(20.8868666142276,92.9569447702647,-2.2360749835663));
#10496=CARTESIAN_POINT('',(21.1868666142278,92.9569447702647,-2.2360749835663));
#10497=CARTESIAN_POINT('Origin',(19.8868666142276,96.9569447702647,-2.23607498356627));
#10498=CARTESIAN_POINT('',(19.8868666142276,92.9569447702647,-2.2360749835663));
#10499=CARTESIAN_POINT('',(19.8868666142276,96.9569447702646,-2.18607498356628));
#10500=CARTESIAN_POINT('Origin',(19.8868666142276,92.9569447702647,-2.2360749835663));
#10501=CARTESIAN_POINT('',(20.1868666142278,92.9569447702647,-2.2360749835663));
#10502=CARTESIAN_POINT('Origin',(18.8868666142276,96.9569447702647,-2.23607498356627));
#10503=CARTESIAN_POINT('',(18.8868666142276,92.9569447702647,-2.2360749835663));
#10504=CARTESIAN_POINT('',(18.8868666142276,96.9569447702646,-2.18607498356628));
#10505=CARTESIAN_POINT('Origin',(18.8868666142276,92.9569447702647,-2.2360749835663));
#10506=CARTESIAN_POINT('',(19.1868666142278,92.9569447702647,-2.2360749835663));
#10507=CARTESIAN_POINT('Origin',(17.8868666142276,96.9569447702647,-2.23607498356627));
#10508=CARTESIAN_POINT('',(17.8868666142276,92.9569447702647,-2.2360749835663));
#10509=CARTESIAN_POINT('',(17.8868666142276,96.9569447702646,-2.18607498356628));
#10510=CARTESIAN_POINT('Origin',(17.8868666142276,92.9569447702647,-2.2360749835663));
#10511=CARTESIAN_POINT('',(18.1868666142278,92.9569447702647,-2.2360749835663));
#10512=CARTESIAN_POINT('Origin',(16.8868666142276,96.9569447702647,-2.23607498356627));
#10513=CARTESIAN_POINT('',(16.8868666142276,92.9569447702647,-2.2360749835663));
#10514=CARTESIAN_POINT('',(16.8868666142276,96.9569447702645,-2.18607498356628));
#10515=CARTESIAN_POINT('Origin',(16.8868666142276,92.9569447702647,-2.2360749835663));
#10516=CARTESIAN_POINT('',(17.1868666142278,92.9569447702647,-2.2360749835663));
#10517=CARTESIAN_POINT('Origin',(15.8868666142276,96.9569447702647,-2.23607498356627));
#10518=CARTESIAN_POINT('',(15.8868666142276,92.9569447702647,-2.2360749835663));
#10519=CARTESIAN_POINT('',(15.8868666142276,96.9569447702645,-2.18607498356628));
#10520=CARTESIAN_POINT('Origin',(15.8868666142276,92.9569447702647,-2.2360749835663));
#10521=CARTESIAN_POINT('',(16.1868666142278,92.9569447702647,-2.2360749835663));
#10522=CARTESIAN_POINT('Origin',(14.6868666142278,92.9569447702647,-2.2360749835663));
#10523=CARTESIAN_POINT('',(14.6868666142278,96.9569447702644,-2.18607498356628));
#10524=CARTESIAN_POINT('Origin',(15.6868666142278,92.9569447702647,-2.2360749835663));
#10525=CARTESIAN_POINT('',(15.6868666142278,96.9569447702645,-2.18607498356628));
#10526=CARTESIAN_POINT('Origin',(16.6868666142278,92.9569447702647,-2.2360749835663));
#10527=CARTESIAN_POINT('',(16.6868666142278,96.9569447702645,-2.18607498356628));
#10528=CARTESIAN_POINT('Origin',(17.6868666142278,92.9569447702647,-2.2360749835663));
#10529=CARTESIAN_POINT('',(17.6868666142278,96.9569447702645,-2.18607498356628));
#10530=CARTESIAN_POINT('Origin',(18.6868666142278,92.9569447702647,-2.2360749835663));
#10531=CARTESIAN_POINT('',(18.6868666142278,96.9569447702646,-2.18607498356628));
#10532=CARTESIAN_POINT('Origin',(19.6868666142278,92.9569447702647,-2.2360749835663));
#10533=CARTESIAN_POINT('',(19.6868666142278,96.9569447702646,-2.18607498356628));
#10534=CARTESIAN_POINT('Origin',(20.6868666142278,92.9569447702647,-2.2360749835663));
#10535=CARTESIAN_POINT('',(20.6868666142278,96.9569447702646,-2.18607498356628));
#10536=CARTESIAN_POINT('Origin',(21.6868666142278,92.9569447702647,-2.2360749835663));
#10537=CARTESIAN_POINT('',(21.6868666142278,96.9569447702647,-2.18607498356628));
#10538=CARTESIAN_POINT('Origin',(22.6868666142278,92.9569447702647,-2.2360749835663));
#10539=CARTESIAN_POINT('',(22.6868666142278,96.9569447702647,-2.18607498356628));
#10540=CARTESIAN_POINT('Origin',(23.6868666142278,92.9569447702647,-2.2360749835663));
#10541=CARTESIAN_POINT('',(23.6868666142278,96.9569447702648,-2.18607498356628));
#10542=CARTESIAN_POINT('Origin',(24.6868666142278,92.9569447702647,-2.2360749835663));
#10543=CARTESIAN_POINT('',(24.6868666142278,96.9569447702648,-2.18607498356628));
#10544=CARTESIAN_POINT('Origin',(25.6868666142278,92.9569447702647,-2.2360749835663));
#10545=CARTESIAN_POINT('',(25.6868666142278,96.9569447702648,-2.18607498356628));
#10546=CARTESIAN_POINT('Origin',(26.6868666142278,92.9569447702647,-2.2360749835663));
#10547=CARTESIAN_POINT('',(26.6868666142278,96.9569447702649,-2.18607498356628));
#10548=CARTESIAN_POINT('Origin',(27.6868666142278,92.9569447702647,-2.2360749835663));
#10549=CARTESIAN_POINT('',(27.6868666142278,96.9569447702649,-2.18607498356628));
#10550=CARTESIAN_POINT('Origin',(28.6868666142278,92.9569447702647,-2.2360749835663));
#10551=CARTESIAN_POINT('',(28.6868666142278,96.9569447702649,-2.18607498356628));
#10552=CARTESIAN_POINT('Origin',(29.6868666142278,92.9569447702647,-2.2360749835663));
#10553=CARTESIAN_POINT('',(29.6868666142278,96.956944770265,-2.18607498356628));
#10554=CARTESIAN_POINT('Origin',(30.6868666142278,92.9569447702647,-2.2360749835663));
#10555=CARTESIAN_POINT('',(30.6868666142278,96.956944770265,-2.18607498356628));
#10556=CARTESIAN_POINT('Origin',(31.6868666142278,92.9569447702647,-2.2360749835663));
#10557=CARTESIAN_POINT('',(31.6868666142278,96.956944770265,-2.18607498356628));
#10558=CARTESIAN_POINT('Origin',(32.6868666142278,92.9569447702647,-2.2360749835663));
#10559=CARTESIAN_POINT('',(32.6868666142278,96.9569447702651,-2.18607498356628));
#10560=CARTESIAN_POINT('Origin',(33.6868666142278,92.9569447702647,-2.2360749835663));
#10561=CARTESIAN_POINT('',(33.6868666142278,96.9569447702651,-2.18607498356628));
#10562=CARTESIAN_POINT('Origin',(33.1868666142278,92.9569447702647,-2.2360749835663));
#10563=CARTESIAN_POINT('',(33.1868666142278,96.9569447702651,-2.18607498356628));
#10564=CARTESIAN_POINT('Origin',(32.1868666142278,92.9569447702647,-2.2360749835663));
#10565=CARTESIAN_POINT('',(32.1868666142278,96.9569447702651,-2.18607498356628));
#10566=CARTESIAN_POINT('Origin',(31.1868666142278,92.9569447702647,-2.2360749835663));
#10567=CARTESIAN_POINT('',(31.1868666142278,96.956944770265,-2.18607498356628));
#10568=CARTESIAN_POINT('Origin',(30.1868666142278,92.9569447702647,-2.2360749835663));
#10569=CARTESIAN_POINT('',(30.1868666142278,96.956944770265,-2.18607498356628));
#10570=CARTESIAN_POINT('Origin',(29.1868666142278,92.9569447702647,-2.2360749835663));
#10571=CARTESIAN_POINT('',(29.1868666142278,96.9569447702649,-2.18607498356628));
#10572=CARTESIAN_POINT('Origin',(28.1868666142278,92.9569447702647,-2.2360749835663));
#10573=CARTESIAN_POINT('',(28.1868666142278,96.9569447702649,-2.18607498356628));
#10574=CARTESIAN_POINT('Origin',(27.1868666142278,92.9569447702647,-2.2360749835663));
#10575=CARTESIAN_POINT('',(27.1868666142278,96.9569447702649,-2.18607498356628));
#10576=CARTESIAN_POINT('Origin',(26.1868666142278,92.9569447702647,-2.2360749835663));
#10577=CARTESIAN_POINT('',(26.1868666142278,96.9569447702648,-2.18607498356628));
#10578=CARTESIAN_POINT('Origin',(25.1868666142278,92.9569447702647,-2.2360749835663));
#10579=CARTESIAN_POINT('',(25.1868666142278,96.9569447702648,-2.18607498356628));
#10580=CARTESIAN_POINT('Origin',(24.1868666142278,92.9569447702647,-2.2360749835663));
#10581=CARTESIAN_POINT('',(24.1868666142278,96.9569447702648,-2.18607498356628));
#10582=CARTESIAN_POINT('Origin',(23.1868666142278,92.9569447702647,-2.2360749835663));
#10583=CARTESIAN_POINT('',(23.1868666142278,96.9569447702648,-2.18607498356628));
#10584=CARTESIAN_POINT('Origin',(22.1868666142278,92.9569447702647,-2.2360749835663));
#10585=CARTESIAN_POINT('',(22.1868666142278,96.9569447702647,-2.18607498356628));
#10586=CARTESIAN_POINT('Origin',(21.1868666142278,92.9569447702647,-2.2360749835663));
#10587=CARTESIAN_POINT('',(21.1868666142278,96.9569447702647,-2.18607498356628));
#10588=CARTESIAN_POINT('Origin',(20.1868666142278,92.9569447702647,-2.2360749835663));
#10589=CARTESIAN_POINT('',(20.1868666142278,96.9569447702646,-2.18607498356628));
#10590=CARTESIAN_POINT('Origin',(19.1868666142278,92.9569447702647,-2.2360749835663));
#10591=CARTESIAN_POINT('',(19.1868666142278,96.9569447702646,-2.18607498356628));
#10592=CARTESIAN_POINT('Origin',(18.1868666142278,92.9569447702647,-2.2360749835663));
#10593=CARTESIAN_POINT('',(18.1868666142278,96.9569447702646,-2.18607498356628));
#10594=CARTESIAN_POINT('Origin',(17.1868666142278,92.9569447702647,-2.2360749835663));
#10595=CARTESIAN_POINT('',(17.1868666142278,96.9569447702645,-2.18607498356628));
#10596=CARTESIAN_POINT('Origin',(16.1868666142278,92.9569447702647,-2.2360749835663));
#10597=CARTESIAN_POINT('',(16.1868666142278,96.9569447702645,-2.18607498356628));
#10598=CARTESIAN_POINT('Origin',(15.1868666142278,92.9569447702647,-2.2360749835663));
#10599=CARTESIAN_POINT('',(15.1868666142278,96.9569447702645,-2.18607498356628));
#10600=CARTESIAN_POINT('Origin',(13.8868666142276,92.9569447702647,-2.2360749835663));
#10601=CARTESIAN_POINT('',(13.8868666142276,92.9569447702647,-2.2360749835663));
#10602=CARTESIAN_POINT('Origin',(13.8868666142276,96.9569447702647,-2.23607498356627));
#10603=CARTESIAN_POINT('',(13.8868666142276,96.9569447702644,-2.18607498356628));
#10604=CARTESIAN_POINT('Origin',(13.736866614228,96.9569447702644,-2.13607498356628));
#10605=CARTESIAN_POINT('',(13.7368666142279,96.9569447702644,-1.93607498356628));
#10606=CARTESIAN_POINT('',(13.7368666142279,96.9569447702644,-2.13607498356628));
#10607=CARTESIAN_POINT('',(33.8368666142282,96.9569447702644,-1.93607498356628));
#10608=CARTESIAN_POINT('',(13.7368666142279,96.9569447702644,-1.93607498356628));
#10609=CARTESIAN_POINT('',(33.8368666142282,96.9569447702644,-2.13607498356628));
#10610=CARTESIAN_POINT('Origin',(13.5368666142279,91.9569447702644,-2.13607498356631));
#10611=CARTESIAN_POINT('',(34.0368666142282,91.9569447702644,-1.93607498356631));
#10612=CARTESIAN_POINT('',(34.0368666142282,91.9569447702644,-2.13607498356631));
#10613=CARTESIAN_POINT('',(13.5368666142279,91.9569447702644,-1.93607498356631));
#10614=CARTESIAN_POINT('',(34.0368666142282,91.9569447702644,-1.93607498356631));
#10615=CARTESIAN_POINT('',(13.5368666142279,91.9569447702644,-2.13607498356631));
#10616=CARTESIAN_POINT('Origin',(23.786866614228,94.440837990141,-1.93607498356629));
#10617=CARTESIAN_POINT('',(13.5368666142279,96.7569447702644,-1.93607498356627));
#10618=CARTESIAN_POINT('',(13.5368666142279,91.9569447702644,-1.93607498356631));
#10619=CARTESIAN_POINT('',(34.0368666142282,96.7569447702644,-1.93607498356627));
#10620=CARTESIAN_POINT('',(34.0368666142282,96.7569447702644,-1.93607498356627));
#10621=CARTESIAN_POINT('Origin',(33.8368666142282,96.7569447702644,-1.93607498356627));
#10622=CARTESIAN_POINT('Origin',(13.7368666142279,96.7569447702644,-1.93607498356627));
#10623=CARTESIAN_POINT('Origin',(25.6932786301421,52.5172308315783,-0.79999999999999));
#10624=CARTESIAN_POINT('Origin',(18.9968666142287,53.6989398177484,-2.13607498356664));
#10625=CARTESIAN_POINT('',(18.9968666142287,53.6989398177484,-2.13607498356664));
#10626=CARTESIAN_POINT('Origin',(18.9968666142287,53.1989398177484,-2.13607498356664));
#10627=CARTESIAN_POINT('Origin',(48.580506614229,52.5281677864534,-5.55111512312578E-16));
#10628=CARTESIAN_POINT('Origin',(47.5805066142285,73.3969468142596,-2.13607498356648));
#10629=CARTESIAN_POINT('',(47.5805066142285,74.3969468142595,-2.13607498356647));
#10630=CARTESIAN_POINT('Origin',(35.0368666142282,74.3969468142595,-2.13607498356646));
#10631=CARTESIAN_POINT('',(35.0368666142282,74.3969468142595,-2.13607498356646));
#10632=CARTESIAN_POINT('Origin',(35.0368666142282,75.3969468142595,-2.13607498356645));
#10633=CARTESIAN_POINT('',(34.0368666142282,75.3969468142596,-2.13607498356645));
#10634=CARTESIAN_POINT('Origin',(34.0368666142282,96.7569447702644,-2.13607498356627));
#10635=CARTESIAN_POINT('',(34.0368666142282,96.7569447702644,-2.13607498356627));
#10636=CARTESIAN_POINT('Origin',(33.8368666142275,96.7569447702644,-2.13607498356627));
#10637=CARTESIAN_POINT('Origin',(13.736866614228,96.7569447702644,-2.13607498356627));
#10638=CARTESIAN_POINT('',(13.5368666142279,96.7569447702644,-2.13607498356627));
#10639=CARTESIAN_POINT('Origin',(13.5368666142282,75.3969468142596,-2.13607498356645));
#10640=CARTESIAN_POINT('',(13.5368666142282,75.3969468142596,-2.13607498356645));
#10641=CARTESIAN_POINT('Origin',(12.5368666142282,75.3969468142596,-2.13607498356645));
#10642=CARTESIAN_POINT('',(12.5368666142282,74.3969468142596,-2.13607498356646));
#10643=CARTESIAN_POINT('Origin',(1.58686661422837,74.3969468142596,-2.13607498356646));
#10644=CARTESIAN_POINT('',(1.58686661422837,74.3969468142596,-2.13607498356646));
#10645=CARTESIAN_POINT('Origin',(1.58686661422837,73.3969468142596,-2.13607498356647));
#10646=CARTESIAN_POINT('',(0.586866614228376,73.3969468142596,-2.13607498356647));
#10647=CARTESIAN_POINT('Origin',(0.586866614228374,54.6989398177484,-2.13607498356663));
#10648=CARTESIAN_POINT('',(0.586866614228374,54.6989398177484,-2.13607498356663));
#10649=CARTESIAN_POINT('Origin',(1.58686661422837,54.6989398177484,-2.13607498356663));
#10650=CARTESIAN_POINT('',(1.58686661422837,53.6989398177484,-2.13607498356664));
#10651=CARTESIAN_POINT('Origin',(3.08686661422927,53.6989398177484,-2.13607498356664));
#10652=CARTESIAN_POINT('Origin',(6.58686661422973,52.5281677864533,1.05408642289244E-14));
#10653=CARTESIAN_POINT('',(3.08686661422951,52.5281677864534,0.100000000000011));
#10654=CARTESIAN_POINT('Origin',(24.0701945617051,32.5090172706854,0.100000000000015));
#10655=CARTESIAN_POINT('',(-63.5565007813631,-35.4015544037632,-1.475));
#10656=CARTESIAN_POINT('',(-36.6365263744178,-87.2841817600971,-0.526768929999993));
#10657=CARTESIAN_POINT('',(-85.5611460142969,-74.2414541679097,-57.2015809715657));
#10658=CARTESIAN_POINT('',(-90.4204884207388,-68.1400871557334,-56.1965809715658));
#10659=UNCERTAINTY_MEASURE_WITH_UNIT(LENGTH_MEASURE(0.01),#10675,
'DISTANCE_ACCURACY_VALUE',
'Maximum model space distance between geometric entities at asserted c
onnectivities');
#10660=UNCERTAINTY_MEASURE_WITH_UNIT(LENGTH_MEASURE(0.01),#10675,
'DISTANCE_ACCURACY_VALUE',
'Maximum model space distance between geometric entities at asserted c
onnectivities');
#10661=UNCERTAINTY_MEASURE_WITH_UNIT(LENGTH_MEASURE(0.01),#10675,
'DISTANCE_ACCURACY_VALUE',
'Maximum model space distance between geometric entities at asserted c
onnectivities');
#10662=UNCERTAINTY_MEASURE_WITH_UNIT(LENGTH_MEASURE(0.01),#10675,
'DISTANCE_ACCURACY_VALUE',
'Maximum model space distance between geometric entities at asserted c
onnectivities');
#10663=UNCERTAINTY_MEASURE_WITH_UNIT(LENGTH_MEASURE(0.01),#10675,
'DISTANCE_ACCURACY_VALUE',
'Maximum model space distance between geometric entities at asserted c
onnectivities');
#10664=UNCERTAINTY_MEASURE_WITH_UNIT(LENGTH_MEASURE(0.01),#10675,
'DISTANCE_ACCURACY_VALUE',
'Maximum model space distance between geometric entities at asserted c
onnectivities');
#10665=UNCERTAINTY_MEASURE_WITH_UNIT(LENGTH_MEASURE(0.01),#10675,
'DISTANCE_ACCURACY_VALUE',
'Maximum model space distance between geometric entities at asserted c
onnectivities');
#10666=UNCERTAINTY_MEASURE_WITH_UNIT(LENGTH_MEASURE(0.01),#10675,
'DISTANCE_ACCURACY_VALUE',
'Maximum model space distance between geometric entities at asserted c
onnectivities');
#10667=(
GEOMETRIC_REPRESENTATION_CONTEXT(3)
GLOBAL_UNCERTAINTY_ASSIGNED_CONTEXT((#10659))
GLOBAL_UNIT_ASSIGNED_CONTEXT((#10675,#10678,#10677))
REPRESENTATION_CONTEXT('','3D')
);
#10668=(
GEOMETRIC_REPRESENTATION_CONTEXT(3)
GLOBAL_UNCERTAINTY_ASSIGNED_CONTEXT((#10660))
GLOBAL_UNIT_ASSIGNED_CONTEXT((#10675,#10678,#10677))
REPRESENTATION_CONTEXT('','3D')
);
#10669=(
GEOMETRIC_REPRESENTATION_CONTEXT(3)
GLOBAL_UNCERTAINTY_ASSIGNED_CONTEXT((#10661))
GLOBAL_UNIT_ASSIGNED_CONTEXT((#10675,#10678,#10677))
REPRESENTATION_CONTEXT('','3D')
);
#10670=(
GEOMETRIC_REPRESENTATION_CONTEXT(3)
GLOBAL_UNCERTAINTY_ASSIGNED_CONTEXT((#10662))
GLOBAL_UNIT_ASSIGNED_CONTEXT((#10675,#10678,#10677))
REPRESENTATION_CONTEXT('','3D')
);
#10671=(
GEOMETRIC_REPRESENTATION_CONTEXT(3)
GLOBAL_UNCERTAINTY_ASSIGNED_CONTEXT((#10663))
GLOBAL_UNIT_ASSIGNED_CONTEXT((#10675,#10678,#10677))
REPRESENTATION_CONTEXT('','3D')
);
#10672=(
GEOMETRIC_REPRESENTATION_CONTEXT(3)
GLOBAL_UNCERTAINTY_ASSIGNED_CONTEXT((#10664))
GLOBAL_UNIT_ASSIGNED_CONTEXT((#10675,#10678,#10677))
REPRESENTATION_CONTEXT('','3D')
);
#10673=(
GEOMETRIC_REPRESENTATION_CONTEXT(3)
GLOBAL_UNCERTAINTY_ASSIGNED_CONTEXT((#10665))
GLOBAL_UNIT_ASSIGNED_CONTEXT((#10675,#10678,#10677))
REPRESENTATION_CONTEXT('','3D')
);
#10674=(
GEOMETRIC_REPRESENTATION_CONTEXT(3)
GLOBAL_UNCERTAINTY_ASSIGNED_CONTEXT((#10666))
GLOBAL_UNIT_ASSIGNED_CONTEXT((#10675,#10678,#10677))
REPRESENTATION_CONTEXT('','3D')
);
#10675=(
LENGTH_UNIT()
NAMED_UNIT(*)
SI_UNIT(.MILLI.,.METRE.)
);
#10676=(
LENGTH_UNIT()
NAMED_UNIT(*)
SI_UNIT(.CENTI.,.METRE.)
);
#10677=(
NAMED_UNIT(*)
SI_UNIT($,.STERADIAN.)
SOLID_ANGLE_UNIT()
);
#10678=(
NAMED_UNIT(*)
PLANE_ANGLE_UNIT()
SI_UNIT($,.RADIAN.)
);
#10679=SHAPE_DEFINITION_REPRESENTATION(#10686,#10699);
#10680=SHAPE_DEFINITION_REPRESENTATION(#10687,#10700);
#10681=SHAPE_DEFINITION_REPRESENTATION(#10688,#10701);
#10682=SHAPE_DEFINITION_REPRESENTATION(#10689,#10702);
#10683=SHAPE_DEFINITION_REPRESENTATION(#10692,#10703);
#10684=SHAPE_DEFINITION_REPRESENTATION(#10693,#10704);
#10685=SHAPE_DEFINITION_REPRESENTATION(#10694,#10705);
#10686=PRODUCT_DEFINITION_SHAPE('',$,#10707);
#10687=PRODUCT_DEFINITION_SHAPE('',$,#10708);
#10688=PRODUCT_DEFINITION_SHAPE('',$,#10709);
#10689=PRODUCT_DEFINITION_SHAPE('',$,#10710);
#10690=PRODUCT_DEFINITION_SHAPE($,$,#33);
#10691=PRODUCT_DEFINITION_SHAPE($,$,#34);
#10692=PRODUCT_DEFINITION_SHAPE('',$,#10711);
#10693=PRODUCT_DEFINITION_SHAPE('',$,#10712);
#10694=PRODUCT_DEFINITION_SHAPE('',$,#10713);
#10695=PRODUCT_DEFINITION_SHAPE($,$,#35);
#10696=PRODUCT_DEFINITION_SHAPE($,$,#36);
#10697=PRODUCT_DEFINITION_SHAPE($,$,#37);
#10698=PRODUCT_DEFINITION_SHAPE($,$,#38);
#10699=SHAPE_REPRESENTATION('',(#6683,#7102,#7103),#10667);
#10700=SHAPE_REPRESENTATION('',(#6684,#6799,#6800),#10668);
#10701=SHAPE_REPRESENTATION('',(#6685),#10669);
#10702=SHAPE_REPRESENTATION('',(#6792),#10670);
#10703=SHAPE_REPRESENTATION('',(#6801,#7100,#7101),#10671);
#10704=SHAPE_REPRESENTATION('',(#6802),#10672);
#10705=SHAPE_REPRESENTATION('',(#6860),#10673);
#10706=PRODUCT_DEFINITION_CONTEXT('part definition',#10729,'design');
#10707=PRODUCT_DEFINITION('RVT50HQTFWN00_Rev.1.0',
'3D_RVT50HQLFWN00_Rev.1.0',#10714,#10706);
#10708=PRODUCT_DEFINITION('FRAME','FRAME',#10715,#10706);
#10709=PRODUCT_DEFINITION('ebe00004','FRAME',#10716,#10706);
#10710=PRODUCT_DEFINITION('DST','DST',#10717,#10706);
#10711=PRODUCT_DEFINITION('TFT','TFT',#10718,#10706);
#10712=PRODUCT_DEFINITION('DISP','DISP',#10719,#10706);
#10713=PRODUCT_DEFINITION('FPC','FPC',#10720,#10706);
#10714=PRODUCT_DEFINITION_FORMATION('',$,#10731);
#10715=PRODUCT_DEFINITION_FORMATION('',$,#10732);
#10716=PRODUCT_DEFINITION_FORMATION('',$,#10733);
#10717=PRODUCT_DEFINITION_FORMATION('',$,#10734);
#10718=PRODUCT_DEFINITION_FORMATION('',$,#10735);
#10719=PRODUCT_DEFINITION_FORMATION('',$,#10736);
#10720=PRODUCT_DEFINITION_FORMATION('',$,#10737);
#10721=PRODUCT_RELATED_PRODUCT_CATEGORY('3D_RVT50HQLFWN00_Rev.1.0',
'3D_RVT50HQLFWN00_Rev.1.0',(#10731));
#10722=PRODUCT_RELATED_PRODUCT_CATEGORY('FRAME','FRAME',(#10732));
#10723=PRODUCT_RELATED_PRODUCT_CATEGORY('FRAME','FRAME',(#10733));
#10724=PRODUCT_RELATED_PRODUCT_CATEGORY('DST','DST',(#10734));
#10725=PRODUCT_RELATED_PRODUCT_CATEGORY('TFT','TFT',(#10735));
#10726=PRODUCT_RELATED_PRODUCT_CATEGORY('DISP','DISP',(#10736));
#10727=PRODUCT_RELATED_PRODUCT_CATEGORY('FPC','FPC',(#10737));
#10728=APPLICATION_PROTOCOL_DEFINITION('international standard',
'automotive_design',2009,#10729);
#10729=APPLICATION_CONTEXT(
'Core Data for Automotive Mechanical Design Process');
#10730=PRODUCT_CONTEXT('part definition',#10729,'mechanical');
#10731=PRODUCT('RVT50HQTFWN00_Rev.1.0','3D_RVT50HQLFWN00_Rev.1.0',$,(#10730));
#10732=PRODUCT('FRAME','FRAME',$,(#10730));
#10733=PRODUCT('ebe00004','FRAME',
' PTC IGES file: ebe00004.igs                                         
   ',(#10730));
#10734=PRODUCT('DST','DST',$,(#10730));
#10735=PRODUCT('TFT','TFT',$,(#10730));
#10736=PRODUCT('DISP','DISP',$,(#10730));
#10737=PRODUCT('FPC','FPC',$,(#10730));
ENDSEC;
END-ISO-10303-21;
