ISO-10303-21;
HEADER;
/* Generated by software containing ST-Developer
 * from STEP Tools, Inc. (www.steptools.com) 
 */

FILE_DESCRIPTION(
/* description */ (''),
/* implementation_level */ '2;1');

FILE_NAME(
/* name */ 
'C:\\Users\\Mateusz Natywa\\OneDrive - Riverdi Sp. z o.o\\TASKS\\LVDS_
5.0_3d\\RVT50HQLFWCA0\\3D_RVT50HQLFWCA0_Rev.1.0.stp',
/* time_stamp */ '2022-10-14T12:29:14+02:00',
/* author */ ('Mateusz Natywa'),
/* organization */ (''),
/* preprocessor_version */ 'ST-DEVELOPER v17',
/* originating_system */ 'Autodesk Inventor 2019',
/* authorisation */ '');

FILE_SCHEMA (('AUTOMOTIVE_DESIGN { 1 0 10303 214 3 1 1 }'));
ENDSEC;

DATA;
#10=MECHANICAL_DESIGN_GEOMETRIC_PRESENTATION_REPRESENTATION('',(#107,#108,
#109,#110,#111,#112,#113,#114,#115,#116,#117,#118,#119,#120,#121,#122,#123,
#124,#125,#126,#127,#128,#129,#130,#131,#132,#133,#134,#135,#136,#137,#138,
#139,#140,#141,#142,#143,#144,#145,#146,#147,#148,#149,#150,#151,#152,#153,
#154,#155,#156,#157,#158,#159,#160,#161,#162,#163,#164,#165,#166,#167,#168,
#169,#170,#171,#172,#173,#174,#175,#176,#177,#178,#179,#180,#181,#182,#183,
#184,#185,#186,#187,#188,#189,#190,#191,#192,#193,#194,#195,#196,#197,#198,
#199,#200,#201,#202,#203,#204,#205,#206,#207,#208,#209,#210,#211,#212,#213,
#214,#215,#216,#217,#218,#219,#220,#221,#222,#223,#224,#225,#226,#227,#228,
#229,#230,#231,#232,#233,#234,#235,#236,#237,#238,#239,#240,#241),#17038);
#11=B_SPLINE_CURVE_WITH_KNOTS('',3,(#15629,#15630,#15631,#15632,#15633,
#15634,#15635),.UNSPECIFIED.,.F.,.F.,(4,3,4),(2.71693083802683,2.92160248142104,
3.0751062139667),.UNSPECIFIED.);
#12=B_SPLINE_CURVE_WITH_KNOTS('',3,(#15638,#15639,#15640,#15641,#15642,
#15643,#15644),.UNSPECIFIED.,.F.,.F.,(4,3,4),(2.71693083802683,2.92160248142104,
3.0751062139667),.UNSPECIFIED.);
#13=B_SPLINE_CURVE_WITH_KNOTS('',3,(#15649,#15650,#15651,#15652,#15653,
#15654,#15655),.UNSPECIFIED.,.F.,.F.,(4,3,4),(2.6362713716287,2.84094301502291,
2.99444674756857),.UNSPECIFIED.);
#14=B_SPLINE_CURVE_WITH_KNOTS('',3,(#15688,#15689,#15690,#15691,#15692,
#15693,#15694),.UNSPECIFIED.,.F.,.F.,(4,3,4),(2.6362713716287,2.84094301502291,
2.99444674756857),.UNSPECIFIED.);
#15=B_SPLINE_CURVE_WITH_KNOTS('',3,(#15725,#15726,#15727,#15728),
 .UNSPECIFIED.,.F.,.F.,(4,4),(3.08801984863135,3.14159265358979),
 .UNSPECIFIED.);
#16=B_SPLINE_CURVE_WITH_KNOTS('',3,(#15731,#15732,#15733,#15734),
 .UNSPECIFIED.,.F.,.F.,(4,4),(3.08801984863135,3.14159265358979),
 .UNSPECIFIED.);
#17=B_SPLINE_CURVE_WITH_KNOTS('',3,(#15758,#15759,#15760,#15761),
 .UNSPECIFIED.,.F.,.F.,(4,4),(0.,0.0535728049584395),.UNSPECIFIED.);
#18=B_SPLINE_CURVE_WITH_KNOTS('',3,(#15792,#15793,#15794,#15795),
 .UNSPECIFIED.,.F.,.F.,(4,4),(0.,0.0535728049584395),.UNSPECIFIED.);
#19=B_SPLINE_SURFACE_WITH_KNOTS('',3,3,((#15606,#15607,#15608,#15609,#15610),
(#15611,#15612,#15613,#15614,#15615),(#15616,#15617,#15618,#15619,#15620),
(#15621,#15622,#15623,#15624,#15625)),.UNSPECIFIED.,.F.,.F.,.F.,(4,4),(4,
1,4),(1.13948527598757E-16,0.0200000000000003),(-3.0751062139667,-2.92160248142104,
-2.71693083802683),.UNSPECIFIED.);
#20=B_SPLINE_SURFACE_WITH_KNOTS('',3,3,((#15707,#15708,#15709,#15710),(#15711,
#15712,#15713,#15714),(#15715,#15716,#15717,#15718),(#15719,#15720,#15721,
#15722)),.UNSPECIFIED.,.F.,.F.,.F.,(4,4),(4,4),(0.,0.200000000000182),(-3.14159265358979,
-3.08801984863135),.UNSPECIFIED.);
#21=B_SPLINE_SURFACE_WITH_KNOTS('',3,3,((#16387,#16388,#16389,#16390),(#16391,
#16392,#16393,#16394),(#16395,#16396,#16397,#16398),(#16399,#16400,#16401,
#16402)),.UNSPECIFIED.,.F.,.F.,.F.,(4,4),(4,4),(0.,0.200000000000182),(-0.0535728049584395,
0.),.UNSPECIFIED.);
#22=B_SPLINE_SURFACE_WITH_KNOTS('',3,3,((#16439,#16440,#16441,#16442,#16443),
(#16444,#16445,#16446,#16447,#16448),(#16449,#16450,#16451,#16452,#16453),
(#16454,#16455,#16456,#16457,#16458)),.UNSPECIFIED.,.F.,.F.,.F.,(4,4),(4,
1,4),(-1.06970383378291E-15,0.0200000000000003),(-2.99444674756857,-2.84094301502291,
-2.6362713716287),.UNSPECIFIED.);
#23=CONICAL_SURFACE('',#10914,0.199999999999987,0.785398163397458);
#24=CONICAL_SURFACE('',#10918,0.199999999999999,0.785398163397443);
#25=CONICAL_SURFACE('',#10922,0.2,0.785398163397458);
#26=CONICAL_SURFACE('',#10926,0.199999999999996,0.785398163397458);
#27=CONICAL_SURFACE('',#10937,0.199999999999987,0.785398163397458);
#28=CONICAL_SURFACE('',#10941,0.199999999999999,0.785398163397443);
#29=CONICAL_SURFACE('',#10945,0.2,0.785398163397458);
#30=CONICAL_SURFACE('',#10948,0.199999999999996,0.785398163397458);
#31=ITEM_DEFINED_TRANSFORMATION($,$,#10611,#10909);
#32=ITEM_DEFINED_TRANSFORMATION($,$,#10669,#10910);
#33=ITEM_DEFINED_TRANSFORMATION($,$,#10912,#11176);
#34=ITEM_DEFINED_TRANSFORMATION($,$,#10965,#11177);
#35=ITEM_DEFINED_TRANSFORMATION($,$,#10972,#11178);
#36=ITEM_DEFINED_TRANSFORMATION($,$,#10979,#11179);
#37=ITEM_DEFINED_TRANSFORMATION($,$,#11163,#11180);
#38=ITEM_DEFINED_TRANSFORMATION($,$,#11182,#11296);
#39=ITEM_DEFINED_TRANSFORMATION($,$,#11289,#11297);
#40=ITEM_DEFINED_TRANSFORMATION($,$,#10610,#11298);
#41=ITEM_DEFINED_TRANSFORMATION($,$,#10911,#11299);
#42=ITEM_DEFINED_TRANSFORMATION($,$,#11181,#11300);
#43=(
REPRESENTATION_RELATIONSHIP($,$,#17083,#17082)
REPRESENTATION_RELATIONSHIP_WITH_TRANSFORMATION(#31)
SHAPE_REPRESENTATION_RELATIONSHIP()
);
#44=(
REPRESENTATION_RELATIONSHIP($,$,#17084,#17082)
REPRESENTATION_RELATIONSHIP_WITH_TRANSFORMATION(#32)
SHAPE_REPRESENTATION_RELATIONSHIP()
);
#45=(
REPRESENTATION_RELATIONSHIP($,$,#17086,#17085)
REPRESENTATION_RELATIONSHIP_WITH_TRANSFORMATION(#33)
SHAPE_REPRESENTATION_RELATIONSHIP()
);
#46=(
REPRESENTATION_RELATIONSHIP($,$,#17087,#17085)
REPRESENTATION_RELATIONSHIP_WITH_TRANSFORMATION(#34)
SHAPE_REPRESENTATION_RELATIONSHIP()
);
#47=(
REPRESENTATION_RELATIONSHIP($,$,#17088,#17085)
REPRESENTATION_RELATIONSHIP_WITH_TRANSFORMATION(#35)
SHAPE_REPRESENTATION_RELATIONSHIP()
);
#48=(
REPRESENTATION_RELATIONSHIP($,$,#17089,#17085)
REPRESENTATION_RELATIONSHIP_WITH_TRANSFORMATION(#36)
SHAPE_REPRESENTATION_RELATIONSHIP()
);
#49=(
REPRESENTATION_RELATIONSHIP($,$,#17090,#17085)
REPRESENTATION_RELATIONSHIP_WITH_TRANSFORMATION(#37)
SHAPE_REPRESENTATION_RELATIONSHIP()
);
#50=(
REPRESENTATION_RELATIONSHIP($,$,#17092,#17091)
REPRESENTATION_RELATIONSHIP_WITH_TRANSFORMATION(#38)
SHAPE_REPRESENTATION_RELATIONSHIP()
);
#51=(
REPRESENTATION_RELATIONSHIP($,$,#17093,#17091)
REPRESENTATION_RELATIONSHIP_WITH_TRANSFORMATION(#39)
SHAPE_REPRESENTATION_RELATIONSHIP()
);
#52=(
REPRESENTATION_RELATIONSHIP($,$,#17082,#17081)
REPRESENTATION_RELATIONSHIP_WITH_TRANSFORMATION(#40)
SHAPE_REPRESENTATION_RELATIONSHIP()
);
#53=(
REPRESENTATION_RELATIONSHIP($,$,#17085,#17081)
REPRESENTATION_RELATIONSHIP_WITH_TRANSFORMATION(#41)
SHAPE_REPRESENTATION_RELATIONSHIP()
);
#54=(
REPRESENTATION_RELATIONSHIP($,$,#17091,#17081)
REPRESENTATION_RELATIONSHIP_WITH_TRANSFORMATION(#42)
SHAPE_REPRESENTATION_RELATIONSHIP()
);
#55=CONTEXT_DEPENDENT_SHAPE_REPRESENTATION(#43,#17060);
#56=CONTEXT_DEPENDENT_SHAPE_REPRESENTATION(#44,#17061);
#57=CONTEXT_DEPENDENT_SHAPE_REPRESENTATION(#45,#17068);
#58=CONTEXT_DEPENDENT_SHAPE_REPRESENTATION(#46,#17069);
#59=CONTEXT_DEPENDENT_SHAPE_REPRESENTATION(#47,#17070);
#60=CONTEXT_DEPENDENT_SHAPE_REPRESENTATION(#48,#17071);
#61=CONTEXT_DEPENDENT_SHAPE_REPRESENTATION(#49,#17072);
#62=CONTEXT_DEPENDENT_SHAPE_REPRESENTATION(#50,#17076);
#63=CONTEXT_DEPENDENT_SHAPE_REPRESENTATION(#51,#17077);
#64=CONTEXT_DEPENDENT_SHAPE_REPRESENTATION(#52,#17078);
#65=CONTEXT_DEPENDENT_SHAPE_REPRESENTATION(#53,#17079);
#66=CONTEXT_DEPENDENT_SHAPE_REPRESENTATION(#54,#17080);
#67=NEXT_ASSEMBLY_USAGE_OCCURRENCE('DISP:1','DISP:1','DISP:1',#17096,#17097,
'DISP:1');
#68=NEXT_ASSEMBLY_USAGE_OCCURRENCE('FPC:1','FPC:1','FPC:1',#17096,#17098,
'FPC:1');
#69=NEXT_ASSEMBLY_USAGE_OCCURRENCE('CG:1','CG:1','CG:1',#17099,#17100,
'CG:1');
#70=NEXT_ASSEMBLY_USAGE_OCCURRENCE('SCA:1','SCA:1','SCA:1',#17099,#17101,
'SCA:1');
#71=NEXT_ASSEMBLY_USAGE_OCCURRENCE('SENSOR:1','SENSOR:1','SENSOR:1',#17099,
#17102,'SENSOR:1');
#72=NEXT_ASSEMBLY_USAGE_OCCURRENCE('FPC:1','FPC:1','FPC:1',#17099,#17103,
'FPC:1');
#73=NEXT_ASSEMBLY_USAGE_OCCURRENCE('DST_2:1','DST_2:1','DST_2:1',#17099,
#17104,'DST_2:1');
#74=NEXT_ASSEMBLY_USAGE_OCCURRENCE('FRAME:1','FRAME:1','FRAME:1',#17105,
#17106,'FRAME:1');
#75=NEXT_ASSEMBLY_USAGE_OCCURRENCE('DST:1','DST:1','DST:1',#17105,#17107,
'DST:1');
#76=NEXT_ASSEMBLY_USAGE_OCCURRENCE('TFT:1','TFT:1','TFT:1',#17095,#17096,
'TFT:1');
#77=NEXT_ASSEMBLY_USAGE_OCCURRENCE('CTP:1','CTP:1','CTP:1',#17095,#17099,
'CTP:1');
#78=NEXT_ASSEMBLY_USAGE_OCCURRENCE('FRAME:1','FRAME:1','FRAME:1',#17095,
#17105,'FRAME:1');
#79=SHAPE_REPRESENTATION_RELATIONSHIP('SRR','None',#17083,#88);
#80=SHAPE_REPRESENTATION_RELATIONSHIP('SRR','None',#17084,#89);
#81=SHAPE_REPRESENTATION_RELATIONSHIP('SRR','None',#17086,#90);
#82=SHAPE_REPRESENTATION_RELATIONSHIP('SRR','None',#17087,#91);
#83=SHAPE_REPRESENTATION_RELATIONSHIP('SRR','None',#17088,#92);
#84=SHAPE_REPRESENTATION_RELATIONSHIP('SRR','None',#17089,#93);
#85=SHAPE_REPRESENTATION_RELATIONSHIP('SRR','None',#17090,#94);
#86=SHAPE_REPRESENTATION_RELATIONSHIP('SRR','None',#17092,#95);
#87=SHAPE_REPRESENTATION_RELATIONSHIP('SRR','None',#17093,#96);
#88=ADVANCED_BREP_SHAPE_REPRESENTATION('',(#97),#17027);
#89=ADVANCED_BREP_SHAPE_REPRESENTATION('',(#98),#17028);
#90=ADVANCED_BREP_SHAPE_REPRESENTATION('',(#99,#100),#17030);
#91=ADVANCED_BREP_SHAPE_REPRESENTATION('',(#101),#17031);
#92=ADVANCED_BREP_SHAPE_REPRESENTATION('',(#102),#17032);
#93=ADVANCED_BREP_SHAPE_REPRESENTATION('',(#103),#17033);
#94=ADVANCED_BREP_SHAPE_REPRESENTATION('',(#104),#17034);
#95=ADVANCED_BREP_SHAPE_REPRESENTATION('',(#105),#17036);
#96=ADVANCED_BREP_SHAPE_REPRESENTATION('',(#106),#17037);
#97=MANIFOLD_SOLID_BREP('Solid1',#10337);
#98=MANIFOLD_SOLID_BREP('Solid1',#10338);
#99=MANIFOLD_SOLID_BREP('Solid1',#10339);
#100=MANIFOLD_SOLID_BREP('Solid2',#10340);
#101=MANIFOLD_SOLID_BREP('Solid1',#10341);
#102=MANIFOLD_SOLID_BREP('Solid1',#10342);
#103=MANIFOLD_SOLID_BREP('Solid1',#10343);
#104=MANIFOLD_SOLID_BREP('Solid1',#10344);
#105=MANIFOLD_SOLID_BREP('Solid1',#10345);
#106=MANIFOLD_SOLID_BREP('Solid1',#10346);
#107=STYLED_ITEM('',(#10448),#9839);
#108=STYLED_ITEM('',(#10447),#97);
#109=STYLED_ITEM('',(#10450),#9878);
#110=STYLED_ITEM('',(#10450),#9879);
#111=STYLED_ITEM('',(#10450),#9880);
#112=STYLED_ITEM('',(#10450),#9881);
#113=STYLED_ITEM('',(#10450),#9882);
#114=STYLED_ITEM('',(#10450),#9883);
#115=STYLED_ITEM('',(#10450),#9884);
#116=STYLED_ITEM('',(#10450),#9885);
#117=STYLED_ITEM('',(#10450),#9886);
#118=STYLED_ITEM('',(#10450),#9887);
#119=STYLED_ITEM('',(#10450),#9888);
#120=STYLED_ITEM('',(#10450),#9889);
#121=STYLED_ITEM('',(#10450),#9890);
#122=STYLED_ITEM('',(#10450),#9891);
#123=STYLED_ITEM('',(#10450),#9892);
#124=STYLED_ITEM('',(#10450),#9893);
#125=STYLED_ITEM('',(#10450),#9894);
#126=STYLED_ITEM('',(#10450),#9895);
#127=STYLED_ITEM('',(#10450),#9896);
#128=STYLED_ITEM('',(#10450),#9897);
#129=STYLED_ITEM('',(#10450),#9898);
#130=STYLED_ITEM('',(#10450),#9899);
#131=STYLED_ITEM('',(#10450),#9900);
#132=STYLED_ITEM('',(#10450),#9901);
#133=STYLED_ITEM('',(#10450),#9902);
#134=STYLED_ITEM('',(#10450),#9903);
#135=STYLED_ITEM('',(#10450),#9904);
#136=STYLED_ITEM('',(#10450),#9905);
#137=STYLED_ITEM('',(#10450),#9906);
#138=STYLED_ITEM('',(#10450),#9907);
#139=STYLED_ITEM('',(#10450),#9908);
#140=STYLED_ITEM('',(#10450),#9909);
#141=STYLED_ITEM('',(#10450),#9910);
#142=STYLED_ITEM('',(#10450),#9911);
#143=STYLED_ITEM('',(#10450),#9912);
#144=STYLED_ITEM('',(#10450),#9913);
#145=STYLED_ITEM('',(#10450),#9914);
#146=STYLED_ITEM('',(#10450),#9915);
#147=STYLED_ITEM('',(#10450),#9916);
#148=STYLED_ITEM('',(#10450),#9917);
#149=STYLED_ITEM('',(#10449),#98);
#150=STYLED_ITEM('',(#10451),#10068);
#151=STYLED_ITEM('',(#10451),#10069);
#152=STYLED_ITEM('',(#10451),#10070);
#153=STYLED_ITEM('',(#10451),#10071);
#154=STYLED_ITEM('',(#10451),#10072);
#155=STYLED_ITEM('',(#10451),#10081);
#156=STYLED_ITEM('',(#10451),#10082);
#157=STYLED_ITEM('',(#10451),#10083);
#158=STYLED_ITEM('',(#10451),#10084);
#159=STYLED_ITEM('',(#10451),#10085);
#160=STYLED_ITEM('',(#10451),#10086);
#161=STYLED_ITEM('',(#10451),#10087);
#162=STYLED_ITEM('',(#10451),#10088);
#163=STYLED_ITEM('',(#10451),#10089);
#164=STYLED_ITEM('',(#10451),#99);
#165=STYLED_ITEM('',(#10452),#10090);
#166=STYLED_ITEM('',(#10452),#10091);
#167=STYLED_ITEM('',(#10452),#10092);
#168=STYLED_ITEM('',(#10452),#10093);
#169=STYLED_ITEM('',(#10452),#10094);
#170=STYLED_ITEM('',(#10452),#10095);
#171=STYLED_ITEM('',(#10451),#100);
#172=STYLED_ITEM('',(#10453),#101);
#173=STYLED_ITEM('',(#10454),#102);
#174=STYLED_ITEM('',(#10450),#10128);
#175=STYLED_ITEM('',(#10450),#10129);
#176=STYLED_ITEM('',(#10450),#10130);
#177=STYLED_ITEM('',(#10450),#10131);
#178=STYLED_ITEM('',(#10450),#10132);
#179=STYLED_ITEM('',(#10450),#10133);
#180=STYLED_ITEM('',(#10450),#10134);
#181=STYLED_ITEM('',(#10450),#10135);
#182=STYLED_ITEM('',(#10450),#10136);
#183=STYLED_ITEM('',(#10450),#10137);
#184=STYLED_ITEM('',(#10450),#10138);
#185=STYLED_ITEM('',(#10450),#10139);
#186=STYLED_ITEM('',(#10450),#10140);
#187=STYLED_ITEM('',(#10450),#10141);
#188=STYLED_ITEM('',(#10450),#10142);
#189=STYLED_ITEM('',(#10450),#10143);
#190=STYLED_ITEM('',(#10450),#10144);
#191=STYLED_ITEM('',(#10450),#10145);
#192=STYLED_ITEM('',(#10450),#10146);
#193=STYLED_ITEM('',(#10450),#10147);
#194=STYLED_ITEM('',(#10450),#10148);
#195=STYLED_ITEM('',(#10450),#10149);
#196=STYLED_ITEM('',(#10450),#10150);
#197=STYLED_ITEM('',(#10450),#10151);
#198=STYLED_ITEM('',(#10450),#10152);
#199=STYLED_ITEM('',(#10450),#10153);
#200=STYLED_ITEM('',(#10450),#10154);
#201=STYLED_ITEM('',(#10450),#10155);
#202=STYLED_ITEM('',(#10450),#10156);
#203=STYLED_ITEM('',(#10450),#10157);
#204=STYLED_ITEM('',(#10455),#10176);
#205=STYLED_ITEM('',(#10455),#10177);
#206=STYLED_ITEM('',(#10455),#10178);
#207=STYLED_ITEM('',(#10455),#10179);
#208=STYLED_ITEM('',(#10455),#10180);
#209=STYLED_ITEM('',(#10455),#10181);
#210=STYLED_ITEM('',(#10455),#10182);
#211=STYLED_ITEM('',(#10455),#10183);
#212=STYLED_ITEM('',(#10455),#10184);
#213=STYLED_ITEM('',(#10455),#10185);
#214=STYLED_ITEM('',(#10455),#10186);
#215=STYLED_ITEM('',(#10455),#10187);
#216=STYLED_ITEM('',(#10455),#10188);
#217=STYLED_ITEM('',(#10455),#10189);
#218=STYLED_ITEM('',(#10455),#10190);
#219=STYLED_ITEM('',(#10455),#10191);
#220=STYLED_ITEM('',(#10455),#10192);
#221=STYLED_ITEM('',(#10455),#10193);
#222=STYLED_ITEM('',(#10455),#10194);
#223=STYLED_ITEM('',(#10455),#10195);
#224=STYLED_ITEM('',(#10455),#10196);
#225=STYLED_ITEM('',(#10455),#10197);
#226=STYLED_ITEM('',(#10455),#10198);
#227=STYLED_ITEM('',(#10455),#10199);
#228=STYLED_ITEM('',(#10455),#10200);
#229=STYLED_ITEM('',(#10455),#10201);
#230=STYLED_ITEM('',(#10455),#10202);
#231=STYLED_ITEM('',(#10455),#10203);
#232=STYLED_ITEM('',(#10455),#10204);
#233=STYLED_ITEM('',(#10453),#10206);
#234=STYLED_ITEM('',(#10453),#10207);
#235=STYLED_ITEM('',(#10453),#10208);
#236=STYLED_ITEM('',(#10453),#10209);
#237=STYLED_ITEM('',(#10453),#10210);
#238=STYLED_ITEM('',(#10449),#103);
#239=STYLED_ITEM('',(#10456),#104);
#240=STYLED_ITEM('',(#10457),#105);
#241=STYLED_ITEM('',(#10458),#106);
#242=SPHERICAL_SURFACE('',#10625,0.3);
#243=SPHERICAL_SURFACE('',#10630,0.3);
#244=SPHERICAL_SURFACE('',#10635,0.3);
#245=SPHERICAL_SURFACE('',#10640,0.3);
#246=FACE_BOUND('',#1212,.T.);
#247=FACE_BOUND('',#1246,.T.);
#248=FACE_BOUND('',#1464,.T.);
#249=FACE_BOUND('',#1477,.T.);
#250=FACE_BOUND('',#1599,.T.);
#251=FACE_BOUND('',#1602,.T.);
#252=FACE_BOUND('',#1651,.T.);
#253=FACE_BOUND('',#1653,.T.);
#254=FACE_BOUND('',#1655,.T.);
#255=FACE_BOUND('',#1656,.T.);
#256=FACE_BOUND('',#1657,.T.);
#257=FACE_BOUND('',#1658,.T.);
#258=FACE_BOUND('',#1662,.T.);
#259=FACE_BOUND('',#1663,.T.);
#260=FACE_BOUND('',#1664,.T.);
#261=FACE_BOUND('',#1665,.T.);
#262=PLANE('',#10615);
#263=PLANE('',#10616);
#264=PLANE('',#10642);
#265=PLANE('',#10643);
#266=PLANE('',#10644);
#267=PLANE('',#10645);
#268=PLANE('',#10646);
#269=PLANE('',#10647);
#270=PLANE('',#10648);
#271=PLANE('',#10649);
#272=PLANE('',#10650);
#273=PLANE('',#10655);
#274=PLANE('',#10656);
#275=PLANE('',#10659);
#276=PLANE('',#10662);
#277=PLANE('',#10665);
#278=PLANE('',#10668);
#279=PLANE('',#10670);
#280=PLANE('',#10677);
#281=PLANE('',#10686);
#282=PLANE('',#10693);
#283=PLANE('',#10700);
#284=PLANE('',#10704);
#285=PLANE('',#10708);
#286=PLANE('',#10709);
#287=PLANE('',#10713);
#288=PLANE('',#10715);
#289=PLANE('',#10716);
#290=PLANE('',#10718);
#291=PLANE('',#10719);
#292=PLANE('',#10720);
#293=PLANE('',#10721);
#294=PLANE('',#10722);
#295=PLANE('',#10723);
#296=PLANE('',#10724);
#297=PLANE('',#10725);
#298=PLANE('',#10726);
#299=PLANE('',#10727);
#300=PLANE('',#10728);
#301=PLANE('',#10729);
#302=PLANE('',#10730);
#303=PLANE('',#10731);
#304=PLANE('',#10732);
#305=PLANE('',#10733);
#306=PLANE('',#10734);
#307=PLANE('',#10735);
#308=PLANE('',#10736);
#309=PLANE('',#10737);
#310=PLANE('',#10738);
#311=PLANE('',#10739);
#312=PLANE('',#10740);
#313=PLANE('',#10741);
#314=PLANE('',#10742);
#315=PLANE('',#10743);
#316=PLANE('',#10744);
#317=PLANE('',#10745);
#318=PLANE('',#10746);
#319=PLANE('',#10747);
#320=PLANE('',#10748);
#321=PLANE('',#10749);
#322=PLANE('',#10750);
#323=PLANE('',#10751);
#324=PLANE('',#10752);
#325=PLANE('',#10753);
#326=PLANE('',#10754);
#327=PLANE('',#10755);
#328=PLANE('',#10756);
#329=PLANE('',#10757);
#330=PLANE('',#10758);
#331=PLANE('',#10759);
#332=PLANE('',#10760);
#333=PLANE('',#10761);
#334=PLANE('',#10762);
#335=PLANE('',#10763);
#336=PLANE('',#10764);
#337=PLANE('',#10765);
#338=PLANE('',#10766);
#339=PLANE('',#10767);
#340=PLANE('',#10768);
#341=PLANE('',#10769);
#342=PLANE('',#10770);
#343=PLANE('',#10771);
#344=PLANE('',#10772);
#345=PLANE('',#10773);
#346=PLANE('',#10774);
#347=PLANE('',#10775);
#348=PLANE('',#10776);
#349=PLANE('',#10777);
#350=PLANE('',#10778);
#351=PLANE('',#10779);
#352=PLANE('',#10780);
#353=PLANE('',#10781);
#354=PLANE('',#10782);
#355=PLANE('',#10783);
#356=PLANE('',#10784);
#357=PLANE('',#10785);
#358=PLANE('',#10786);
#359=PLANE('',#10787);
#360=PLANE('',#10788);
#361=PLANE('',#10789);
#362=PLANE('',#10790);
#363=PLANE('',#10791);
#364=PLANE('',#10792);
#365=PLANE('',#10793);
#366=PLANE('',#10794);
#367=PLANE('',#10795);
#368=PLANE('',#10796);
#369=PLANE('',#10797);
#370=PLANE('',#10798);
#371=PLANE('',#10799);
#372=PLANE('',#10800);
#373=PLANE('',#10801);
#374=PLANE('',#10802);
#375=PLANE('',#10803);
#376=PLANE('',#10804);
#377=PLANE('',#10805);
#378=PLANE('',#10806);
#379=PLANE('',#10807);
#380=PLANE('',#10808);
#381=PLANE('',#10809);
#382=PLANE('',#10810);
#383=PLANE('',#10811);
#384=PLANE('',#10812);
#385=PLANE('',#10813);
#386=PLANE('',#10814);
#387=PLANE('',#10815);
#388=PLANE('',#10816);
#389=PLANE('',#10817);
#390=PLANE('',#10818);
#391=PLANE('',#10819);
#392=PLANE('',#10820);
#393=PLANE('',#10821);
#394=PLANE('',#10822);
#395=PLANE('',#10823);
#396=PLANE('',#10824);
#397=PLANE('',#10825);
#398=PLANE('',#10826);
#399=PLANE('',#10827);
#400=PLANE('',#10828);
#401=PLANE('',#10829);
#402=PLANE('',#10830);
#403=PLANE('',#10831);
#404=PLANE('',#10832);
#405=PLANE('',#10833);
#406=PLANE('',#10834);
#407=PLANE('',#10835);
#408=PLANE('',#10836);
#409=PLANE('',#10837);
#410=PLANE('',#10838);
#411=PLANE('',#10839);
#412=PLANE('',#10840);
#413=PLANE('',#10841);
#414=PLANE('',#10842);
#415=PLANE('',#10843);
#416=PLANE('',#10844);
#417=PLANE('',#10845);
#418=PLANE('',#10846);
#419=PLANE('',#10847);
#420=PLANE('',#10848);
#421=PLANE('',#10849);
#422=PLANE('',#10850);
#423=PLANE('',#10851);
#424=PLANE('',#10852);
#425=PLANE('',#10853);
#426=PLANE('',#10854);
#427=PLANE('',#10855);
#428=PLANE('',#10856);
#429=PLANE('',#10857);
#430=PLANE('',#10858);
#431=PLANE('',#10859);
#432=PLANE('',#10860);
#433=PLANE('',#10861);
#434=PLANE('',#10862);
#435=PLANE('',#10863);
#436=PLANE('',#10864);
#437=PLANE('',#10865);
#438=PLANE('',#10866);
#439=PLANE('',#10867);
#440=PLANE('',#10868);
#441=PLANE('',#10869);
#442=PLANE('',#10870);
#443=PLANE('',#10871);
#444=PLANE('',#10872);
#445=PLANE('',#10873);
#446=PLANE('',#10874);
#447=PLANE('',#10875);
#448=PLANE('',#10876);
#449=PLANE('',#10877);
#450=PLANE('',#10878);
#451=PLANE('',#10879);
#452=PLANE('',#10880);
#453=PLANE('',#10881);
#454=PLANE('',#10882);
#455=PLANE('',#10883);
#456=PLANE('',#10884);
#457=PLANE('',#10885);
#458=PLANE('',#10886);
#459=PLANE('',#10887);
#460=PLANE('',#10891);
#461=PLANE('',#10893);
#462=PLANE('',#10895);
#463=PLANE('',#10897);
#464=PLANE('',#10900);
#465=PLANE('',#10902);
#466=PLANE('',#10904);
#467=PLANE('',#10906);
#468=PLANE('',#10907);
#469=PLANE('',#10908);
#470=PLANE('',#10913);
#471=PLANE('',#10917);
#472=PLANE('',#10921);
#473=PLANE('',#10925);
#474=PLANE('',#10931);
#475=PLANE('',#10934);
#476=PLANE('',#10935);
#477=PLANE('',#10936);
#478=PLANE('',#10940);
#479=PLANE('',#10944);
#480=PLANE('',#10947);
#481=PLANE('',#10951);
#482=PLANE('',#10953);
#483=PLANE('',#10954);
#484=PLANE('',#10955);
#485=PLANE('',#10956);
#486=PLANE('',#10957);
#487=PLANE('',#10958);
#488=PLANE('',#10959);
#489=PLANE('',#10960);
#490=PLANE('',#10961);
#491=PLANE('',#10962);
#492=PLANE('',#10963);
#493=PLANE('',#10964);
#494=PLANE('',#10966);
#495=PLANE('',#10967);
#496=PLANE('',#10968);
#497=PLANE('',#10969);
#498=PLANE('',#10970);
#499=PLANE('',#10971);
#500=PLANE('',#10973);
#501=PLANE('',#10974);
#502=PLANE('',#10975);
#503=PLANE('',#10976);
#504=PLANE('',#10977);
#505=PLANE('',#10978);
#506=PLANE('',#10980);
#507=PLANE('',#10992);
#508=PLANE('',#10999);
#509=PLANE('',#11005);
#510=PLANE('',#11011);
#511=PLANE('',#11016);
#512=PLANE('',#11022);
#513=PLANE('',#11023);
#514=PLANE('',#11026);
#515=PLANE('',#11029);
#516=PLANE('',#11030);
#517=PLANE('',#11031);
#518=PLANE('',#11032);
#519=PLANE('',#11033);
#520=PLANE('',#11034);
#521=PLANE('',#11035);
#522=PLANE('',#11036);
#523=PLANE('',#11037);
#524=PLANE('',#11038);
#525=PLANE('',#11039);
#526=PLANE('',#11040);
#527=PLANE('',#11041);
#528=PLANE('',#11042);
#529=PLANE('',#11043);
#530=PLANE('',#11044);
#531=PLANE('',#11045);
#532=PLANE('',#11046);
#533=PLANE('',#11047);
#534=PLANE('',#11048);
#535=PLANE('',#11049);
#536=PLANE('',#11050);
#537=PLANE('',#11051);
#538=PLANE('',#11052);
#539=PLANE('',#11053);
#540=PLANE('',#11054);
#541=PLANE('',#11055);
#542=PLANE('',#11056);
#543=PLANE('',#11057);
#544=PLANE('',#11058);
#545=PLANE('',#11059);
#546=PLANE('',#11062);
#547=PLANE('',#11063);
#548=PLANE('',#11064);
#549=PLANE('',#11065);
#550=PLANE('',#11066);
#551=PLANE('',#11067);
#552=PLANE('',#11068);
#553=PLANE('',#11069);
#554=PLANE('',#11070);
#555=PLANE('',#11071);
#556=PLANE('',#11072);
#557=PLANE('',#11073);
#558=PLANE('',#11074);
#559=PLANE('',#11077);
#560=PLANE('',#11078);
#561=PLANE('',#11079);
#562=PLANE('',#11082);
#563=PLANE('',#11085);
#564=PLANE('',#11086);
#565=PLANE('',#11087);
#566=PLANE('',#11088);
#567=PLANE('',#11089);
#568=PLANE('',#11090);
#569=PLANE('',#11091);
#570=PLANE('',#11092);
#571=PLANE('',#11093);
#572=PLANE('',#11094);
#573=PLANE('',#11095);
#574=PLANE('',#11096);
#575=PLANE('',#11097);
#576=PLANE('',#11098);
#577=PLANE('',#11099);
#578=PLANE('',#11100);
#579=PLANE('',#11101);
#580=PLANE('',#11102);
#581=PLANE('',#11103);
#582=PLANE('',#11104);
#583=PLANE('',#11105);
#584=PLANE('',#11106);
#585=PLANE('',#11107);
#586=PLANE('',#11108);
#587=PLANE('',#11109);
#588=PLANE('',#11110);
#589=PLANE('',#11111);
#590=PLANE('',#11112);
#591=PLANE('',#11113);
#592=PLANE('',#11114);
#593=PLANE('',#11119);
#594=PLANE('',#11120);
#595=PLANE('',#11121);
#596=PLANE('',#11122);
#597=PLANE('',#11123);
#598=PLANE('',#11128);
#599=PLANE('',#11129);
#600=PLANE('',#11132);
#601=PLANE('',#11137);
#602=PLANE('',#11141);
#603=PLANE('',#11143);
#604=PLANE('',#11145);
#605=PLANE('',#11147);
#606=PLANE('',#11149);
#607=PLANE('',#11151);
#608=PLANE('',#11153);
#609=PLANE('',#11156);
#610=PLANE('',#11160);
#611=PLANE('',#11162);
#612=PLANE('',#11164);
#613=PLANE('',#11165);
#614=PLANE('',#11166);
#615=PLANE('',#11167);
#616=PLANE('',#11168);
#617=PLANE('',#11169);
#618=PLANE('',#11170);
#619=PLANE('',#11171);
#620=PLANE('',#11172);
#621=PLANE('',#11173);
#622=PLANE('',#11174);
#623=PLANE('',#11175);
#624=PLANE('',#11183);
#625=PLANE('',#11200);
#626=PLANE('',#11201);
#627=PLANE('',#11202);
#628=PLANE('',#11219);
#629=PLANE('',#11220);
#630=PLANE('',#11221);
#631=PLANE('',#11222);
#632=PLANE('',#11223);
#633=PLANE('',#11224);
#634=PLANE('',#11225);
#635=PLANE('',#11226);
#636=PLANE('',#11227);
#637=PLANE('',#11228);
#638=PLANE('',#11229);
#639=PLANE('',#11230);
#640=PLANE('',#11231);
#641=PLANE('',#11232);
#642=PLANE('',#11233);
#643=PLANE('',#11234);
#644=PLANE('',#11235);
#645=PLANE('',#11236);
#646=PLANE('',#11237);
#647=PLANE('',#11238);
#648=PLANE('',#11239);
#649=PLANE('',#11240);
#650=PLANE('',#11242);
#651=PLANE('',#11244);
#652=PLANE('',#11245);
#653=PLANE('',#11246);
#654=PLANE('',#11247);
#655=PLANE('',#11248);
#656=PLANE('',#11249);
#657=PLANE('',#11250);
#658=PLANE('',#11252);
#659=PLANE('',#11254);
#660=PLANE('',#11255);
#661=PLANE('',#11257);
#662=PLANE('',#11259);
#663=PLANE('',#11260);
#664=PLANE('',#11261);
#665=PLANE('',#11262);
#666=PLANE('',#11263);
#667=PLANE('',#11264);
#668=PLANE('',#11265);
#669=PLANE('',#11267);
#670=PLANE('',#11269);
#671=PLANE('',#11270);
#672=PLANE('',#11271);
#673=PLANE('',#11272);
#674=PLANE('',#11273);
#675=PLANE('',#11274);
#676=PLANE('',#11275);
#677=PLANE('',#11276);
#678=PLANE('',#11277);
#679=PLANE('',#11278);
#680=PLANE('',#11279);
#681=PLANE('',#11280);
#682=PLANE('',#11281);
#683=PLANE('',#11282);
#684=PLANE('',#11283);
#685=PLANE('',#11284);
#686=PLANE('',#11290);
#687=PLANE('',#11291);
#688=PLANE('',#11292);
#689=PLANE('',#11293);
#690=PLANE('',#11294);
#691=PLANE('',#11295);
#692=FACE_OUTER_BOUND('',#1209,.T.);
#693=FACE_OUTER_BOUND('',#1210,.T.);
#694=FACE_OUTER_BOUND('',#1211,.T.);
#695=FACE_OUTER_BOUND('',#1213,.T.);
#696=FACE_OUTER_BOUND('',#1214,.T.);
#697=FACE_OUTER_BOUND('',#1215,.T.);
#698=FACE_OUTER_BOUND('',#1216,.T.);
#699=FACE_OUTER_BOUND('',#1217,.T.);
#700=FACE_OUTER_BOUND('',#1218,.T.);
#701=FACE_OUTER_BOUND('',#1219,.T.);
#702=FACE_OUTER_BOUND('',#1220,.T.);
#703=FACE_OUTER_BOUND('',#1221,.T.);
#704=FACE_OUTER_BOUND('',#1222,.T.);
#705=FACE_OUTER_BOUND('',#1223,.T.);
#706=FACE_OUTER_BOUND('',#1224,.T.);
#707=FACE_OUTER_BOUND('',#1225,.T.);
#708=FACE_OUTER_BOUND('',#1226,.T.);
#709=FACE_OUTER_BOUND('',#1227,.T.);
#710=FACE_OUTER_BOUND('',#1228,.T.);
#711=FACE_OUTER_BOUND('',#1229,.T.);
#712=FACE_OUTER_BOUND('',#1230,.T.);
#713=FACE_OUTER_BOUND('',#1231,.T.);
#714=FACE_OUTER_BOUND('',#1232,.T.);
#715=FACE_OUTER_BOUND('',#1233,.T.);
#716=FACE_OUTER_BOUND('',#1234,.T.);
#717=FACE_OUTER_BOUND('',#1235,.T.);
#718=FACE_OUTER_BOUND('',#1236,.T.);
#719=FACE_OUTER_BOUND('',#1237,.T.);
#720=FACE_OUTER_BOUND('',#1238,.T.);
#721=FACE_OUTER_BOUND('',#1239,.T.);
#722=FACE_OUTER_BOUND('',#1240,.T.);
#723=FACE_OUTER_BOUND('',#1241,.T.);
#724=FACE_OUTER_BOUND('',#1242,.T.);
#725=FACE_OUTER_BOUND('',#1243,.T.);
#726=FACE_OUTER_BOUND('',#1244,.T.);
#727=FACE_OUTER_BOUND('',#1245,.T.);
#728=FACE_OUTER_BOUND('',#1247,.T.);
#729=FACE_OUTER_BOUND('',#1248,.T.);
#730=FACE_OUTER_BOUND('',#1249,.T.);
#731=FACE_OUTER_BOUND('',#1250,.T.);
#732=FACE_OUTER_BOUND('',#1251,.T.);
#733=FACE_OUTER_BOUND('',#1252,.T.);
#734=FACE_OUTER_BOUND('',#1253,.T.);
#735=FACE_OUTER_BOUND('',#1254,.T.);
#736=FACE_OUTER_BOUND('',#1255,.T.);
#737=FACE_OUTER_BOUND('',#1256,.T.);
#738=FACE_OUTER_BOUND('',#1257,.T.);
#739=FACE_OUTER_BOUND('',#1258,.T.);
#740=FACE_OUTER_BOUND('',#1259,.T.);
#741=FACE_OUTER_BOUND('',#1260,.T.);
#742=FACE_OUTER_BOUND('',#1261,.T.);
#743=FACE_OUTER_BOUND('',#1262,.T.);
#744=FACE_OUTER_BOUND('',#1263,.T.);
#745=FACE_OUTER_BOUND('',#1264,.T.);
#746=FACE_OUTER_BOUND('',#1265,.T.);
#747=FACE_OUTER_BOUND('',#1266,.T.);
#748=FACE_OUTER_BOUND('',#1267,.T.);
#749=FACE_OUTER_BOUND('',#1268,.T.);
#750=FACE_OUTER_BOUND('',#1269,.T.);
#751=FACE_OUTER_BOUND('',#1270,.T.);
#752=FACE_OUTER_BOUND('',#1271,.T.);
#753=FACE_OUTER_BOUND('',#1272,.T.);
#754=FACE_OUTER_BOUND('',#1273,.T.);
#755=FACE_OUTER_BOUND('',#1274,.T.);
#756=FACE_OUTER_BOUND('',#1275,.T.);
#757=FACE_OUTER_BOUND('',#1276,.T.);
#758=FACE_OUTER_BOUND('',#1277,.T.);
#759=FACE_OUTER_BOUND('',#1278,.T.);
#760=FACE_OUTER_BOUND('',#1279,.T.);
#761=FACE_OUTER_BOUND('',#1280,.T.);
#762=FACE_OUTER_BOUND('',#1281,.T.);
#763=FACE_OUTER_BOUND('',#1282,.T.);
#764=FACE_OUTER_BOUND('',#1283,.T.);
#765=FACE_OUTER_BOUND('',#1284,.T.);
#766=FACE_OUTER_BOUND('',#1285,.T.);
#767=FACE_OUTER_BOUND('',#1286,.T.);
#768=FACE_OUTER_BOUND('',#1287,.T.);
#769=FACE_OUTER_BOUND('',#1288,.T.);
#770=FACE_OUTER_BOUND('',#1289,.T.);
#771=FACE_OUTER_BOUND('',#1290,.T.);
#772=FACE_OUTER_BOUND('',#1291,.T.);
#773=FACE_OUTER_BOUND('',#1292,.T.);
#774=FACE_OUTER_BOUND('',#1293,.T.);
#775=FACE_OUTER_BOUND('',#1294,.T.);
#776=FACE_OUTER_BOUND('',#1295,.T.);
#777=FACE_OUTER_BOUND('',#1296,.T.);
#778=FACE_OUTER_BOUND('',#1297,.T.);
#779=FACE_OUTER_BOUND('',#1298,.T.);
#780=FACE_OUTER_BOUND('',#1299,.T.);
#781=FACE_OUTER_BOUND('',#1300,.T.);
#782=FACE_OUTER_BOUND('',#1301,.T.);
#783=FACE_OUTER_BOUND('',#1302,.T.);
#784=FACE_OUTER_BOUND('',#1303,.T.);
#785=FACE_OUTER_BOUND('',#1304,.T.);
#786=FACE_OUTER_BOUND('',#1305,.T.);
#787=FACE_OUTER_BOUND('',#1306,.T.);
#788=FACE_OUTER_BOUND('',#1307,.T.);
#789=FACE_OUTER_BOUND('',#1308,.T.);
#790=FACE_OUTER_BOUND('',#1309,.T.);
#791=FACE_OUTER_BOUND('',#1310,.T.);
#792=FACE_OUTER_BOUND('',#1311,.T.);
#793=FACE_OUTER_BOUND('',#1312,.T.);
#794=FACE_OUTER_BOUND('',#1313,.T.);
#795=FACE_OUTER_BOUND('',#1314,.T.);
#796=FACE_OUTER_BOUND('',#1315,.T.);
#797=FACE_OUTER_BOUND('',#1316,.T.);
#798=FACE_OUTER_BOUND('',#1317,.T.);
#799=FACE_OUTER_BOUND('',#1318,.T.);
#800=FACE_OUTER_BOUND('',#1319,.T.);
#801=FACE_OUTER_BOUND('',#1320,.T.);
#802=FACE_OUTER_BOUND('',#1321,.T.);
#803=FACE_OUTER_BOUND('',#1322,.T.);
#804=FACE_OUTER_BOUND('',#1323,.T.);
#805=FACE_OUTER_BOUND('',#1324,.T.);
#806=FACE_OUTER_BOUND('',#1325,.T.);
#807=FACE_OUTER_BOUND('',#1326,.T.);
#808=FACE_OUTER_BOUND('',#1327,.T.);
#809=FACE_OUTER_BOUND('',#1328,.T.);
#810=FACE_OUTER_BOUND('',#1329,.T.);
#811=FACE_OUTER_BOUND('',#1330,.T.);
#812=FACE_OUTER_BOUND('',#1331,.T.);
#813=FACE_OUTER_BOUND('',#1332,.T.);
#814=FACE_OUTER_BOUND('',#1333,.T.);
#815=FACE_OUTER_BOUND('',#1334,.T.);
#816=FACE_OUTER_BOUND('',#1335,.T.);
#817=FACE_OUTER_BOUND('',#1336,.T.);
#818=FACE_OUTER_BOUND('',#1337,.T.);
#819=FACE_OUTER_BOUND('',#1338,.T.);
#820=FACE_OUTER_BOUND('',#1339,.T.);
#821=FACE_OUTER_BOUND('',#1340,.T.);
#822=FACE_OUTER_BOUND('',#1341,.T.);
#823=FACE_OUTER_BOUND('',#1342,.T.);
#824=FACE_OUTER_BOUND('',#1343,.T.);
#825=FACE_OUTER_BOUND('',#1344,.T.);
#826=FACE_OUTER_BOUND('',#1345,.T.);
#827=FACE_OUTER_BOUND('',#1346,.T.);
#828=FACE_OUTER_BOUND('',#1347,.T.);
#829=FACE_OUTER_BOUND('',#1348,.T.);
#830=FACE_OUTER_BOUND('',#1349,.T.);
#831=FACE_OUTER_BOUND('',#1350,.T.);
#832=FACE_OUTER_BOUND('',#1351,.T.);
#833=FACE_OUTER_BOUND('',#1352,.T.);
#834=FACE_OUTER_BOUND('',#1353,.T.);
#835=FACE_OUTER_BOUND('',#1354,.T.);
#836=FACE_OUTER_BOUND('',#1355,.T.);
#837=FACE_OUTER_BOUND('',#1356,.T.);
#838=FACE_OUTER_BOUND('',#1357,.T.);
#839=FACE_OUTER_BOUND('',#1358,.T.);
#840=FACE_OUTER_BOUND('',#1359,.T.);
#841=FACE_OUTER_BOUND('',#1360,.T.);
#842=FACE_OUTER_BOUND('',#1361,.T.);
#843=FACE_OUTER_BOUND('',#1362,.T.);
#844=FACE_OUTER_BOUND('',#1363,.T.);
#845=FACE_OUTER_BOUND('',#1364,.T.);
#846=FACE_OUTER_BOUND('',#1365,.T.);
#847=FACE_OUTER_BOUND('',#1366,.T.);
#848=FACE_OUTER_BOUND('',#1367,.T.);
#849=FACE_OUTER_BOUND('',#1368,.T.);
#850=FACE_OUTER_BOUND('',#1369,.T.);
#851=FACE_OUTER_BOUND('',#1370,.T.);
#852=FACE_OUTER_BOUND('',#1371,.T.);
#853=FACE_OUTER_BOUND('',#1372,.T.);
#854=FACE_OUTER_BOUND('',#1373,.T.);
#855=FACE_OUTER_BOUND('',#1374,.T.);
#856=FACE_OUTER_BOUND('',#1375,.T.);
#857=FACE_OUTER_BOUND('',#1376,.T.);
#858=FACE_OUTER_BOUND('',#1377,.T.);
#859=FACE_OUTER_BOUND('',#1378,.T.);
#860=FACE_OUTER_BOUND('',#1379,.T.);
#861=FACE_OUTER_BOUND('',#1380,.T.);
#862=FACE_OUTER_BOUND('',#1381,.T.);
#863=FACE_OUTER_BOUND('',#1382,.T.);
#864=FACE_OUTER_BOUND('',#1383,.T.);
#865=FACE_OUTER_BOUND('',#1384,.T.);
#866=FACE_OUTER_BOUND('',#1385,.T.);
#867=FACE_OUTER_BOUND('',#1386,.T.);
#868=FACE_OUTER_BOUND('',#1387,.T.);
#869=FACE_OUTER_BOUND('',#1388,.T.);
#870=FACE_OUTER_BOUND('',#1389,.T.);
#871=FACE_OUTER_BOUND('',#1390,.T.);
#872=FACE_OUTER_BOUND('',#1391,.T.);
#873=FACE_OUTER_BOUND('',#1392,.T.);
#874=FACE_OUTER_BOUND('',#1393,.T.);
#875=FACE_OUTER_BOUND('',#1394,.T.);
#876=FACE_OUTER_BOUND('',#1395,.T.);
#877=FACE_OUTER_BOUND('',#1396,.T.);
#878=FACE_OUTER_BOUND('',#1397,.T.);
#879=FACE_OUTER_BOUND('',#1398,.T.);
#880=FACE_OUTER_BOUND('',#1399,.T.);
#881=FACE_OUTER_BOUND('',#1400,.T.);
#882=FACE_OUTER_BOUND('',#1401,.T.);
#883=FACE_OUTER_BOUND('',#1402,.T.);
#884=FACE_OUTER_BOUND('',#1403,.T.);
#885=FACE_OUTER_BOUND('',#1404,.T.);
#886=FACE_OUTER_BOUND('',#1405,.T.);
#887=FACE_OUTER_BOUND('',#1406,.T.);
#888=FACE_OUTER_BOUND('',#1407,.T.);
#889=FACE_OUTER_BOUND('',#1408,.T.);
#890=FACE_OUTER_BOUND('',#1409,.T.);
#891=FACE_OUTER_BOUND('',#1410,.T.);
#892=FACE_OUTER_BOUND('',#1411,.T.);
#893=FACE_OUTER_BOUND('',#1412,.T.);
#894=FACE_OUTER_BOUND('',#1413,.T.);
#895=FACE_OUTER_BOUND('',#1414,.T.);
#896=FACE_OUTER_BOUND('',#1415,.T.);
#897=FACE_OUTER_BOUND('',#1416,.T.);
#898=FACE_OUTER_BOUND('',#1417,.T.);
#899=FACE_OUTER_BOUND('',#1418,.T.);
#900=FACE_OUTER_BOUND('',#1419,.T.);
#901=FACE_OUTER_BOUND('',#1420,.T.);
#902=FACE_OUTER_BOUND('',#1421,.T.);
#903=FACE_OUTER_BOUND('',#1422,.T.);
#904=FACE_OUTER_BOUND('',#1423,.T.);
#905=FACE_OUTER_BOUND('',#1424,.T.);
#906=FACE_OUTER_BOUND('',#1425,.T.);
#907=FACE_OUTER_BOUND('',#1426,.T.);
#908=FACE_OUTER_BOUND('',#1427,.T.);
#909=FACE_OUTER_BOUND('',#1428,.T.);
#910=FACE_OUTER_BOUND('',#1429,.T.);
#911=FACE_OUTER_BOUND('',#1430,.T.);
#912=FACE_OUTER_BOUND('',#1431,.T.);
#913=FACE_OUTER_BOUND('',#1432,.T.);
#914=FACE_OUTER_BOUND('',#1433,.T.);
#915=FACE_OUTER_BOUND('',#1434,.T.);
#916=FACE_OUTER_BOUND('',#1435,.T.);
#917=FACE_OUTER_BOUND('',#1436,.T.);
#918=FACE_OUTER_BOUND('',#1437,.T.);
#919=FACE_OUTER_BOUND('',#1438,.T.);
#920=FACE_OUTER_BOUND('',#1439,.T.);
#921=FACE_OUTER_BOUND('',#1440,.T.);
#922=FACE_OUTER_BOUND('',#1441,.T.);
#923=FACE_OUTER_BOUND('',#1442,.T.);
#924=FACE_OUTER_BOUND('',#1443,.T.);
#925=FACE_OUTER_BOUND('',#1444,.T.);
#926=FACE_OUTER_BOUND('',#1445,.T.);
#927=FACE_OUTER_BOUND('',#1446,.T.);
#928=FACE_OUTER_BOUND('',#1447,.T.);
#929=FACE_OUTER_BOUND('',#1448,.T.);
#930=FACE_OUTER_BOUND('',#1449,.T.);
#931=FACE_OUTER_BOUND('',#1450,.T.);
#932=FACE_OUTER_BOUND('',#1451,.T.);
#933=FACE_OUTER_BOUND('',#1452,.T.);
#934=FACE_OUTER_BOUND('',#1453,.T.);
#935=FACE_OUTER_BOUND('',#1454,.T.);
#936=FACE_OUTER_BOUND('',#1455,.T.);
#937=FACE_OUTER_BOUND('',#1456,.T.);
#938=FACE_OUTER_BOUND('',#1457,.T.);
#939=FACE_OUTER_BOUND('',#1458,.T.);
#940=FACE_OUTER_BOUND('',#1459,.T.);
#941=FACE_OUTER_BOUND('',#1460,.T.);
#942=FACE_OUTER_BOUND('',#1461,.T.);
#943=FACE_OUTER_BOUND('',#1462,.T.);
#944=FACE_OUTER_BOUND('',#1463,.T.);
#945=FACE_OUTER_BOUND('',#1465,.T.);
#946=FACE_OUTER_BOUND('',#1466,.T.);
#947=FACE_OUTER_BOUND('',#1467,.T.);
#948=FACE_OUTER_BOUND('',#1468,.T.);
#949=FACE_OUTER_BOUND('',#1469,.T.);
#950=FACE_OUTER_BOUND('',#1470,.T.);
#951=FACE_OUTER_BOUND('',#1471,.T.);
#952=FACE_OUTER_BOUND('',#1472,.T.);
#953=FACE_OUTER_BOUND('',#1473,.T.);
#954=FACE_OUTER_BOUND('',#1474,.T.);
#955=FACE_OUTER_BOUND('',#1475,.T.);
#956=FACE_OUTER_BOUND('',#1476,.T.);
#957=FACE_OUTER_BOUND('',#1478,.T.);
#958=FACE_OUTER_BOUND('',#1479,.T.);
#959=FACE_OUTER_BOUND('',#1480,.T.);
#960=FACE_OUTER_BOUND('',#1481,.T.);
#961=FACE_OUTER_BOUND('',#1482,.T.);
#962=FACE_OUTER_BOUND('',#1483,.T.);
#963=FACE_OUTER_BOUND('',#1484,.T.);
#964=FACE_OUTER_BOUND('',#1485,.T.);
#965=FACE_OUTER_BOUND('',#1486,.T.);
#966=FACE_OUTER_BOUND('',#1487,.T.);
#967=FACE_OUTER_BOUND('',#1488,.T.);
#968=FACE_OUTER_BOUND('',#1489,.T.);
#969=FACE_OUTER_BOUND('',#1490,.T.);
#970=FACE_OUTER_BOUND('',#1491,.T.);
#971=FACE_OUTER_BOUND('',#1492,.T.);
#972=FACE_OUTER_BOUND('',#1493,.T.);
#973=FACE_OUTER_BOUND('',#1494,.T.);
#974=FACE_OUTER_BOUND('',#1495,.T.);
#975=FACE_OUTER_BOUND('',#1496,.T.);
#976=FACE_OUTER_BOUND('',#1497,.T.);
#977=FACE_OUTER_BOUND('',#1498,.T.);
#978=FACE_OUTER_BOUND('',#1499,.T.);
#979=FACE_OUTER_BOUND('',#1500,.T.);
#980=FACE_OUTER_BOUND('',#1501,.T.);
#981=FACE_OUTER_BOUND('',#1502,.T.);
#982=FACE_OUTER_BOUND('',#1503,.T.);
#983=FACE_OUTER_BOUND('',#1504,.T.);
#984=FACE_OUTER_BOUND('',#1505,.T.);
#985=FACE_OUTER_BOUND('',#1506,.T.);
#986=FACE_OUTER_BOUND('',#1507,.T.);
#987=FACE_OUTER_BOUND('',#1508,.T.);
#988=FACE_OUTER_BOUND('',#1509,.T.);
#989=FACE_OUTER_BOUND('',#1510,.T.);
#990=FACE_OUTER_BOUND('',#1511,.T.);
#991=FACE_OUTER_BOUND('',#1512,.T.);
#992=FACE_OUTER_BOUND('',#1513,.T.);
#993=FACE_OUTER_BOUND('',#1514,.T.);
#994=FACE_OUTER_BOUND('',#1515,.T.);
#995=FACE_OUTER_BOUND('',#1516,.T.);
#996=FACE_OUTER_BOUND('',#1517,.T.);
#997=FACE_OUTER_BOUND('',#1518,.T.);
#998=FACE_OUTER_BOUND('',#1519,.T.);
#999=FACE_OUTER_BOUND('',#1520,.T.);
#1000=FACE_OUTER_BOUND('',#1521,.T.);
#1001=FACE_OUTER_BOUND('',#1522,.T.);
#1002=FACE_OUTER_BOUND('',#1523,.T.);
#1003=FACE_OUTER_BOUND('',#1524,.T.);
#1004=FACE_OUTER_BOUND('',#1525,.T.);
#1005=FACE_OUTER_BOUND('',#1526,.T.);
#1006=FACE_OUTER_BOUND('',#1527,.T.);
#1007=FACE_OUTER_BOUND('',#1528,.T.);
#1008=FACE_OUTER_BOUND('',#1529,.T.);
#1009=FACE_OUTER_BOUND('',#1530,.T.);
#1010=FACE_OUTER_BOUND('',#1531,.T.);
#1011=FACE_OUTER_BOUND('',#1532,.T.);
#1012=FACE_OUTER_BOUND('',#1533,.T.);
#1013=FACE_OUTER_BOUND('',#1534,.T.);
#1014=FACE_OUTER_BOUND('',#1535,.T.);
#1015=FACE_OUTER_BOUND('',#1536,.T.);
#1016=FACE_OUTER_BOUND('',#1537,.T.);
#1017=FACE_OUTER_BOUND('',#1538,.T.);
#1018=FACE_OUTER_BOUND('',#1539,.T.);
#1019=FACE_OUTER_BOUND('',#1540,.T.);
#1020=FACE_OUTER_BOUND('',#1541,.T.);
#1021=FACE_OUTER_BOUND('',#1542,.T.);
#1022=FACE_OUTER_BOUND('',#1543,.T.);
#1023=FACE_OUTER_BOUND('',#1544,.T.);
#1024=FACE_OUTER_BOUND('',#1545,.T.);
#1025=FACE_OUTER_BOUND('',#1546,.T.);
#1026=FACE_OUTER_BOUND('',#1547,.T.);
#1027=FACE_OUTER_BOUND('',#1548,.T.);
#1028=FACE_OUTER_BOUND('',#1549,.T.);
#1029=FACE_OUTER_BOUND('',#1550,.T.);
#1030=FACE_OUTER_BOUND('',#1551,.T.);
#1031=FACE_OUTER_BOUND('',#1552,.T.);
#1032=FACE_OUTER_BOUND('',#1553,.T.);
#1033=FACE_OUTER_BOUND('',#1554,.T.);
#1034=FACE_OUTER_BOUND('',#1555,.T.);
#1035=FACE_OUTER_BOUND('',#1556,.T.);
#1036=FACE_OUTER_BOUND('',#1557,.T.);
#1037=FACE_OUTER_BOUND('',#1558,.T.);
#1038=FACE_OUTER_BOUND('',#1559,.T.);
#1039=FACE_OUTER_BOUND('',#1560,.T.);
#1040=FACE_OUTER_BOUND('',#1561,.T.);
#1041=FACE_OUTER_BOUND('',#1562,.T.);
#1042=FACE_OUTER_BOUND('',#1563,.T.);
#1043=FACE_OUTER_BOUND('',#1564,.T.);
#1044=FACE_OUTER_BOUND('',#1565,.T.);
#1045=FACE_OUTER_BOUND('',#1566,.T.);
#1046=FACE_OUTER_BOUND('',#1567,.T.);
#1047=FACE_OUTER_BOUND('',#1568,.T.);
#1048=FACE_OUTER_BOUND('',#1569,.T.);
#1049=FACE_OUTER_BOUND('',#1570,.T.);
#1050=FACE_OUTER_BOUND('',#1571,.T.);
#1051=FACE_OUTER_BOUND('',#1572,.T.);
#1052=FACE_OUTER_BOUND('',#1573,.T.);
#1053=FACE_OUTER_BOUND('',#1574,.T.);
#1054=FACE_OUTER_BOUND('',#1575,.T.);
#1055=FACE_OUTER_BOUND('',#1576,.T.);
#1056=FACE_OUTER_BOUND('',#1577,.T.);
#1057=FACE_OUTER_BOUND('',#1578,.T.);
#1058=FACE_OUTER_BOUND('',#1579,.T.);
#1059=FACE_OUTER_BOUND('',#1580,.T.);
#1060=FACE_OUTER_BOUND('',#1581,.T.);
#1061=FACE_OUTER_BOUND('',#1582,.T.);
#1062=FACE_OUTER_BOUND('',#1583,.T.);
#1063=FACE_OUTER_BOUND('',#1584,.T.);
#1064=FACE_OUTER_BOUND('',#1585,.T.);
#1065=FACE_OUTER_BOUND('',#1586,.T.);
#1066=FACE_OUTER_BOUND('',#1587,.T.);
#1067=FACE_OUTER_BOUND('',#1588,.T.);
#1068=FACE_OUTER_BOUND('',#1589,.T.);
#1069=FACE_OUTER_BOUND('',#1590,.T.);
#1070=FACE_OUTER_BOUND('',#1591,.T.);
#1071=FACE_OUTER_BOUND('',#1592,.T.);
#1072=FACE_OUTER_BOUND('',#1593,.T.);
#1073=FACE_OUTER_BOUND('',#1594,.T.);
#1074=FACE_OUTER_BOUND('',#1595,.T.);
#1075=FACE_OUTER_BOUND('',#1596,.T.);
#1076=FACE_OUTER_BOUND('',#1597,.T.);
#1077=FACE_OUTER_BOUND('',#1598,.T.);
#1078=FACE_OUTER_BOUND('',#1600,.T.);
#1079=FACE_OUTER_BOUND('',#1601,.T.);
#1080=FACE_OUTER_BOUND('',#1603,.T.);
#1081=FACE_OUTER_BOUND('',#1604,.T.);
#1082=FACE_OUTER_BOUND('',#1605,.T.);
#1083=FACE_OUTER_BOUND('',#1606,.T.);
#1084=FACE_OUTER_BOUND('',#1607,.T.);
#1085=FACE_OUTER_BOUND('',#1608,.T.);
#1086=FACE_OUTER_BOUND('',#1609,.T.);
#1087=FACE_OUTER_BOUND('',#1610,.T.);
#1088=FACE_OUTER_BOUND('',#1611,.T.);
#1089=FACE_OUTER_BOUND('',#1612,.T.);
#1090=FACE_OUTER_BOUND('',#1613,.T.);
#1091=FACE_OUTER_BOUND('',#1614,.T.);
#1092=FACE_OUTER_BOUND('',#1615,.T.);
#1093=FACE_OUTER_BOUND('',#1616,.T.);
#1094=FACE_OUTER_BOUND('',#1617,.T.);
#1095=FACE_OUTER_BOUND('',#1618,.T.);
#1096=FACE_OUTER_BOUND('',#1619,.T.);
#1097=FACE_OUTER_BOUND('',#1620,.T.);
#1098=FACE_OUTER_BOUND('',#1621,.T.);
#1099=FACE_OUTER_BOUND('',#1622,.T.);
#1100=FACE_OUTER_BOUND('',#1623,.T.);
#1101=FACE_OUTER_BOUND('',#1624,.T.);
#1102=FACE_OUTER_BOUND('',#1625,.T.);
#1103=FACE_OUTER_BOUND('',#1626,.T.);
#1104=FACE_OUTER_BOUND('',#1627,.T.);
#1105=FACE_OUTER_BOUND('',#1628,.T.);
#1106=FACE_OUTER_BOUND('',#1629,.T.);
#1107=FACE_OUTER_BOUND('',#1630,.T.);
#1108=FACE_OUTER_BOUND('',#1631,.T.);
#1109=FACE_OUTER_BOUND('',#1632,.T.);
#1110=FACE_OUTER_BOUND('',#1633,.T.);
#1111=FACE_OUTER_BOUND('',#1634,.T.);
#1112=FACE_OUTER_BOUND('',#1635,.T.);
#1113=FACE_OUTER_BOUND('',#1636,.T.);
#1114=FACE_OUTER_BOUND('',#1637,.T.);
#1115=FACE_OUTER_BOUND('',#1638,.T.);
#1116=FACE_OUTER_BOUND('',#1639,.T.);
#1117=FACE_OUTER_BOUND('',#1640,.T.);
#1118=FACE_OUTER_BOUND('',#1641,.T.);
#1119=FACE_OUTER_BOUND('',#1642,.T.);
#1120=FACE_OUTER_BOUND('',#1643,.T.);
#1121=FACE_OUTER_BOUND('',#1644,.T.);
#1122=FACE_OUTER_BOUND('',#1645,.T.);
#1123=FACE_OUTER_BOUND('',#1646,.T.);
#1124=FACE_OUTER_BOUND('',#1647,.T.);
#1125=FACE_OUTER_BOUND('',#1648,.T.);
#1126=FACE_OUTER_BOUND('',#1649,.T.);
#1127=FACE_OUTER_BOUND('',#1650,.T.);
#1128=FACE_OUTER_BOUND('',#1652,.T.);
#1129=FACE_OUTER_BOUND('',#1654,.T.);
#1130=FACE_OUTER_BOUND('',#1659,.T.);
#1131=FACE_OUTER_BOUND('',#1660,.T.);
#1132=FACE_OUTER_BOUND('',#1661,.T.);
#1133=FACE_OUTER_BOUND('',#1666,.T.);
#1134=FACE_OUTER_BOUND('',#1667,.T.);
#1135=FACE_OUTER_BOUND('',#1668,.T.);
#1136=FACE_OUTER_BOUND('',#1669,.T.);
#1137=FACE_OUTER_BOUND('',#1670,.T.);
#1138=FACE_OUTER_BOUND('',#1671,.T.);
#1139=FACE_OUTER_BOUND('',#1672,.T.);
#1140=FACE_OUTER_BOUND('',#1673,.T.);
#1141=FACE_OUTER_BOUND('',#1674,.T.);
#1142=FACE_OUTER_BOUND('',#1675,.T.);
#1143=FACE_OUTER_BOUND('',#1676,.T.);
#1144=FACE_OUTER_BOUND('',#1677,.T.);
#1145=FACE_OUTER_BOUND('',#1678,.T.);
#1146=FACE_OUTER_BOUND('',#1679,.T.);
#1147=FACE_OUTER_BOUND('',#1680,.T.);
#1148=FACE_OUTER_BOUND('',#1681,.T.);
#1149=FACE_OUTER_BOUND('',#1682,.T.);
#1150=FACE_OUTER_BOUND('',#1683,.T.);
#1151=FACE_OUTER_BOUND('',#1684,.T.);
#1152=FACE_OUTER_BOUND('',#1685,.T.);
#1153=FACE_OUTER_BOUND('',#1686,.T.);
#1154=FACE_OUTER_BOUND('',#1687,.T.);
#1155=FACE_OUTER_BOUND('',#1688,.T.);
#1156=FACE_OUTER_BOUND('',#1689,.T.);
#1157=FACE_OUTER_BOUND('',#1690,.T.);
#1158=FACE_OUTER_BOUND('',#1691,.T.);
#1159=FACE_OUTER_BOUND('',#1692,.T.);
#1160=FACE_OUTER_BOUND('',#1693,.T.);
#1161=FACE_OUTER_BOUND('',#1694,.T.);
#1162=FACE_OUTER_BOUND('',#1695,.T.);
#1163=FACE_OUTER_BOUND('',#1696,.T.);
#1164=FACE_OUTER_BOUND('',#1697,.T.);
#1165=FACE_OUTER_BOUND('',#1698,.T.);
#1166=FACE_OUTER_BOUND('',#1699,.T.);
#1167=FACE_OUTER_BOUND('',#1700,.T.);
#1168=FACE_OUTER_BOUND('',#1701,.T.);
#1169=FACE_OUTER_BOUND('',#1702,.T.);
#1170=FACE_OUTER_BOUND('',#1703,.T.);
#1171=FACE_OUTER_BOUND('',#1704,.T.);
#1172=FACE_OUTER_BOUND('',#1705,.T.);
#1173=FACE_OUTER_BOUND('',#1706,.T.);
#1174=FACE_OUTER_BOUND('',#1707,.T.);
#1175=FACE_OUTER_BOUND('',#1708,.T.);
#1176=FACE_OUTER_BOUND('',#1709,.T.);
#1177=FACE_OUTER_BOUND('',#1710,.T.);
#1178=FACE_OUTER_BOUND('',#1711,.T.);
#1179=FACE_OUTER_BOUND('',#1712,.T.);
#1180=FACE_OUTER_BOUND('',#1713,.T.);
#1181=FACE_OUTER_BOUND('',#1714,.T.);
#1182=FACE_OUTER_BOUND('',#1715,.T.);
#1183=FACE_OUTER_BOUND('',#1716,.T.);
#1184=FACE_OUTER_BOUND('',#1717,.T.);
#1185=FACE_OUTER_BOUND('',#1718,.T.);
#1186=FACE_OUTER_BOUND('',#1719,.T.);
#1187=FACE_OUTER_BOUND('',#1720,.T.);
#1188=FACE_OUTER_BOUND('',#1721,.T.);
#1189=FACE_OUTER_BOUND('',#1722,.T.);
#1190=FACE_OUTER_BOUND('',#1723,.T.);
#1191=FACE_OUTER_BOUND('',#1724,.T.);
#1192=FACE_OUTER_BOUND('',#1725,.T.);
#1193=FACE_OUTER_BOUND('',#1726,.T.);
#1194=FACE_OUTER_BOUND('',#1727,.T.);
#1195=FACE_OUTER_BOUND('',#1728,.T.);
#1196=FACE_OUTER_BOUND('',#1729,.T.);
#1197=FACE_OUTER_BOUND('',#1730,.T.);
#1198=FACE_OUTER_BOUND('',#1731,.T.);
#1199=FACE_OUTER_BOUND('',#1732,.T.);
#1200=FACE_OUTER_BOUND('',#1733,.T.);
#1201=FACE_OUTER_BOUND('',#1734,.T.);
#1202=FACE_OUTER_BOUND('',#1735,.T.);
#1203=FACE_OUTER_BOUND('',#1736,.T.);
#1204=FACE_OUTER_BOUND('',#1737,.T.);
#1205=FACE_OUTER_BOUND('',#1738,.T.);
#1206=FACE_OUTER_BOUND('',#1739,.T.);
#1207=FACE_OUTER_BOUND('',#1740,.T.);
#1208=FACE_OUTER_BOUND('',#1741,.T.);
#1209=EDGE_LOOP('',(#6859,#6860,#6861,#6862));
#1210=EDGE_LOOP('',(#6863,#6864,#6865,#6866,#6867));
#1211=EDGE_LOOP('',(#6868,#6869,#6870,#6871,#6872,#6873,#6874,#6875,#6876,
#6877,#6878,#6879));
#1212=EDGE_LOOP('',(#6880,#6881,#6882,#6883));
#1213=EDGE_LOOP('',(#6884,#6885,#6886,#6887));
#1214=EDGE_LOOP('',(#6888,#6889,#6890,#6891));
#1215=EDGE_LOOP('',(#6892,#6893,#6894));
#1216=EDGE_LOOP('',(#6895,#6896,#6897,#6898));
#1217=EDGE_LOOP('',(#6899,#6900,#6901));
#1218=EDGE_LOOP('',(#6902,#6903,#6904,#6905));
#1219=EDGE_LOOP('',(#6906,#6907,#6908));
#1220=EDGE_LOOP('',(#6909,#6910,#6911,#6912));
#1221=EDGE_LOOP('',(#6913,#6914,#6915));
#1222=EDGE_LOOP('',(#6916,#6917,#6918,#6919));
#1223=EDGE_LOOP('',(#6920,#6921,#6922,#6923,#6924));
#1224=EDGE_LOOP('',(#6925,#6926,#6927,#6928,#6929));
#1225=EDGE_LOOP('',(#6930,#6931,#6932,#6933));
#1226=EDGE_LOOP('',(#6934,#6935,#6936,#6937));
#1227=EDGE_LOOP('',(#6938,#6939,#6940,#6941));
#1228=EDGE_LOOP('',(#6942,#6943,#6944,#6945));
#1229=EDGE_LOOP('',(#6946,#6947,#6948,#6949));
#1230=EDGE_LOOP('',(#6950,#6951,#6952,#6953));
#1231=EDGE_LOOP('',(#6954,#6955,#6956,#6957));
#1232=EDGE_LOOP('',(#6958,#6959,#6960,#6961));
#1233=EDGE_LOOP('',(#6962,#6963,#6964,#6965,#6966));
#1234=EDGE_LOOP('',(#6967,#6968,#6969,#6970));
#1235=EDGE_LOOP('',(#6971,#6972,#6973,#6974));
#1236=EDGE_LOOP('',(#6975,#6976,#6977,#6978));
#1237=EDGE_LOOP('',(#6979,#6980,#6981,#6982));
#1238=EDGE_LOOP('',(#6983,#6984,#6985,#6986));
#1239=EDGE_LOOP('',(#6987,#6988,#6989,#6990));
#1240=EDGE_LOOP('',(#6991,#6992,#6993,#6994));
#1241=EDGE_LOOP('',(#6995,#6996,#6997,#6998));
#1242=EDGE_LOOP('',(#6999,#7000,#7001,#7002,#7003,#7004,#7005,#7006,#7007,
#7008,#7009,#7010,#7011,#7012,#7013,#7014));
#1243=EDGE_LOOP('',(#7015,#7016,#7017,#7018,#7019,#7020,#7021,#7022,#7023,
#7024,#7025,#7026));
#1244=EDGE_LOOP('',(#7027,#7028,#7029,#7030));
#1245=EDGE_LOOP('',(#7031,#7032,#7033,#7034,#7035,#7036,#7037,#7038,#7039,
#7040,#7041,#7042,#7043,#7044,#7045,#7046,#7047,#7048,#7049,#7050,#7051,
#7052,#7053,#7054,#7055,#7056,#7057,#7058,#7059,#7060,#7061,#7062,#7063,
#7064,#7065,#7066,#7067,#7068,#7069,#7070,#7071,#7072,#7073,#7074,#7075,
#7076,#7077,#7078,#7079,#7080,#7081,#7082,#7083,#7084,#7085,#7086,#7087,
#7088,#7089,#7090,#7091,#7092,#7093,#7094,#7095,#7096,#7097,#7098,#7099,
#7100,#7101,#7102,#7103,#7104,#7105,#7106,#7107,#7108,#7109,#7110,#7111,
#7112,#7113,#7114,#7115,#7116,#7117,#7118,#7119,#7120,#7121,#7122,#7123,
#7124,#7125,#7126,#7127,#7128,#7129,#7130,#7131,#7132,#7133,#7134,#7135,
#7136,#7137,#7138,#7139,#7140,#7141,#7142,#7143,#7144,#7145,#7146,#7147,
#7148,#7149,#7150,#7151,#7152,#7153,#7154,#7155,#7156,#7157,#7158,#7159,
#7160,#7161,#7162,#7163,#7164,#7165,#7166,#7167,#7168,#7169,#7170,#7171,
#7172,#7173,#7174,#7175,#7176,#7177,#7178,#7179,#7180,#7181,#7182,#7183,
#7184,#7185,#7186,#7187,#7188,#7189,#7190,#7191,#7192,#7193,#7194,#7195,
#7196,#7197,#7198,#7199,#7200,#7201,#7202,#7203,#7204,#7205,#7206,#7207,
#7208,#7209,#7210,#7211,#7212));
#1246=EDGE_LOOP('',(#7213,#7214,#7215,#7216));
#1247=EDGE_LOOP('',(#7217,#7218,#7219,#7220,#7221,#7222,#7223,#7224,#7225,
#7226,#7227,#7228));
#1248=EDGE_LOOP('',(#7229,#7230,#7231,#7232));
#1249=EDGE_LOOP('',(#7233,#7234,#7235,#7236,#7237,#7238,#7239,#7240,#7241,
#7242,#7243,#7244,#7245,#7246,#7247,#7248,#7249,#7250,#7251,#7252));
#1250=EDGE_LOOP('',(#7253,#7254,#7255,#7256,#7257,#7258,#7259,#7260,#7261,
#7262,#7263,#7264));
#1251=EDGE_LOOP('',(#7265,#7266,#7267,#7268));
#1252=EDGE_LOOP('',(#7269,#7270,#7271,#7272));
#1253=EDGE_LOOP('',(#7273,#7274,#7275,#7276));
#1254=EDGE_LOOP('',(#7277,#7278,#7279,#7280));
#1255=EDGE_LOOP('',(#7281,#7282,#7283,#7284,#7285,#7286,#7287,#7288,#7289,
#7290,#7291,#7292));
#1256=EDGE_LOOP('',(#7293,#7294,#7295,#7296));
#1257=EDGE_LOOP('',(#7297,#7298,#7299,#7300));
#1258=EDGE_LOOP('',(#7301,#7302,#7303,#7304));
#1259=EDGE_LOOP('',(#7305,#7306,#7307,#7308));
#1260=EDGE_LOOP('',(#7309,#7310,#7311,#7312));
#1261=EDGE_LOOP('',(#7313,#7314,#7315,#7316));
#1262=EDGE_LOOP('',(#7317,#7318,#7319,#7320));
#1263=EDGE_LOOP('',(#7321,#7322,#7323,#7324));
#1264=EDGE_LOOP('',(#7325,#7326,#7327,#7328));
#1265=EDGE_LOOP('',(#7329,#7330,#7331,#7332));
#1266=EDGE_LOOP('',(#7333,#7334,#7335,#7336));
#1267=EDGE_LOOP('',(#7337,#7338,#7339,#7340));
#1268=EDGE_LOOP('',(#7341,#7342,#7343,#7344));
#1269=EDGE_LOOP('',(#7345,#7346,#7347,#7348));
#1270=EDGE_LOOP('',(#7349,#7350,#7351,#7352));
#1271=EDGE_LOOP('',(#7353,#7354,#7355,#7356));
#1272=EDGE_LOOP('',(#7357,#7358,#7359,#7360));
#1273=EDGE_LOOP('',(#7361,#7362,#7363,#7364));
#1274=EDGE_LOOP('',(#7365,#7366,#7367,#7368));
#1275=EDGE_LOOP('',(#7369,#7370,#7371,#7372));
#1276=EDGE_LOOP('',(#7373,#7374,#7375,#7376));
#1277=EDGE_LOOP('',(#7377,#7378,#7379,#7380));
#1278=EDGE_LOOP('',(#7381,#7382,#7383,#7384));
#1279=EDGE_LOOP('',(#7385,#7386,#7387,#7388));
#1280=EDGE_LOOP('',(#7389,#7390,#7391,#7392));
#1281=EDGE_LOOP('',(#7393,#7394,#7395,#7396));
#1282=EDGE_LOOP('',(#7397,#7398,#7399,#7400));
#1283=EDGE_LOOP('',(#7401,#7402,#7403,#7404));
#1284=EDGE_LOOP('',(#7405,#7406,#7407,#7408));
#1285=EDGE_LOOP('',(#7409,#7410,#7411,#7412));
#1286=EDGE_LOOP('',(#7413,#7414,#7415,#7416));
#1287=EDGE_LOOP('',(#7417,#7418,#7419,#7420));
#1288=EDGE_LOOP('',(#7421,#7422,#7423,#7424));
#1289=EDGE_LOOP('',(#7425,#7426,#7427,#7428));
#1290=EDGE_LOOP('',(#7429,#7430,#7431,#7432));
#1291=EDGE_LOOP('',(#7433,#7434,#7435,#7436));
#1292=EDGE_LOOP('',(#7437,#7438,#7439,#7440));
#1293=EDGE_LOOP('',(#7441,#7442,#7443,#7444));
#1294=EDGE_LOOP('',(#7445,#7446,#7447,#7448));
#1295=EDGE_LOOP('',(#7449,#7450,#7451,#7452));
#1296=EDGE_LOOP('',(#7453,#7454,#7455,#7456));
#1297=EDGE_LOOP('',(#7457,#7458,#7459,#7460));
#1298=EDGE_LOOP('',(#7461,#7462,#7463,#7464));
#1299=EDGE_LOOP('',(#7465,#7466,#7467,#7468));
#1300=EDGE_LOOP('',(#7469,#7470,#7471,#7472));
#1301=EDGE_LOOP('',(#7473,#7474,#7475,#7476));
#1302=EDGE_LOOP('',(#7477,#7478,#7479,#7480));
#1303=EDGE_LOOP('',(#7481,#7482,#7483,#7484));
#1304=EDGE_LOOP('',(#7485,#7486,#7487,#7488));
#1305=EDGE_LOOP('',(#7489,#7490,#7491,#7492));
#1306=EDGE_LOOP('',(#7493,#7494,#7495,#7496));
#1307=EDGE_LOOP('',(#7497,#7498,#7499,#7500));
#1308=EDGE_LOOP('',(#7501,#7502,#7503,#7504));
#1309=EDGE_LOOP('',(#7505,#7506,#7507,#7508));
#1310=EDGE_LOOP('',(#7509,#7510,#7511,#7512));
#1311=EDGE_LOOP('',(#7513,#7514,#7515,#7516));
#1312=EDGE_LOOP('',(#7517,#7518,#7519,#7520));
#1313=EDGE_LOOP('',(#7521,#7522,#7523,#7524));
#1314=EDGE_LOOP('',(#7525,#7526,#7527,#7528));
#1315=EDGE_LOOP('',(#7529,#7530,#7531,#7532));
#1316=EDGE_LOOP('',(#7533,#7534,#7535,#7536));
#1317=EDGE_LOOP('',(#7537,#7538,#7539,#7540));
#1318=EDGE_LOOP('',(#7541,#7542,#7543,#7544));
#1319=EDGE_LOOP('',(#7545,#7546,#7547,#7548));
#1320=EDGE_LOOP('',(#7549,#7550,#7551,#7552));
#1321=EDGE_LOOP('',(#7553,#7554,#7555,#7556));
#1322=EDGE_LOOP('',(#7557,#7558,#7559,#7560));
#1323=EDGE_LOOP('',(#7561,#7562,#7563,#7564));
#1324=EDGE_LOOP('',(#7565,#7566,#7567,#7568));
#1325=EDGE_LOOP('',(#7569,#7570,#7571,#7572));
#1326=EDGE_LOOP('',(#7573,#7574,#7575,#7576));
#1327=EDGE_LOOP('',(#7577,#7578,#7579,#7580));
#1328=EDGE_LOOP('',(#7581,#7582,#7583,#7584));
#1329=EDGE_LOOP('',(#7585,#7586,#7587,#7588));
#1330=EDGE_LOOP('',(#7589,#7590,#7591,#7592));
#1331=EDGE_LOOP('',(#7593,#7594,#7595,#7596));
#1332=EDGE_LOOP('',(#7597,#7598,#7599,#7600));
#1333=EDGE_LOOP('',(#7601,#7602,#7603,#7604));
#1334=EDGE_LOOP('',(#7605,#7606,#7607,#7608));
#1335=EDGE_LOOP('',(#7609,#7610,#7611,#7612));
#1336=EDGE_LOOP('',(#7613,#7614,#7615,#7616));
#1337=EDGE_LOOP('',(#7617,#7618,#7619,#7620));
#1338=EDGE_LOOP('',(#7621,#7622,#7623,#7624));
#1339=EDGE_LOOP('',(#7625,#7626,#7627,#7628));
#1340=EDGE_LOOP('',(#7629,#7630,#7631,#7632));
#1341=EDGE_LOOP('',(#7633,#7634,#7635,#7636));
#1342=EDGE_LOOP('',(#7637,#7638,#7639,#7640));
#1343=EDGE_LOOP('',(#7641,#7642,#7643,#7644));
#1344=EDGE_LOOP('',(#7645,#7646,#7647,#7648));
#1345=EDGE_LOOP('',(#7649,#7650,#7651,#7652));
#1346=EDGE_LOOP('',(#7653,#7654,#7655,#7656));
#1347=EDGE_LOOP('',(#7657,#7658,#7659,#7660));
#1348=EDGE_LOOP('',(#7661,#7662,#7663,#7664));
#1349=EDGE_LOOP('',(#7665,#7666,#7667,#7668));
#1350=EDGE_LOOP('',(#7669,#7670,#7671,#7672));
#1351=EDGE_LOOP('',(#7673,#7674,#7675,#7676));
#1352=EDGE_LOOP('',(#7677,#7678,#7679,#7680));
#1353=EDGE_LOOP('',(#7681,#7682,#7683,#7684));
#1354=EDGE_LOOP('',(#7685,#7686,#7687,#7688));
#1355=EDGE_LOOP('',(#7689,#7690,#7691,#7692));
#1356=EDGE_LOOP('',(#7693,#7694,#7695,#7696));
#1357=EDGE_LOOP('',(#7697,#7698,#7699,#7700));
#1358=EDGE_LOOP('',(#7701,#7702,#7703,#7704));
#1359=EDGE_LOOP('',(#7705,#7706,#7707,#7708));
#1360=EDGE_LOOP('',(#7709,#7710,#7711,#7712));
#1361=EDGE_LOOP('',(#7713,#7714,#7715,#7716));
#1362=EDGE_LOOP('',(#7717,#7718,#7719,#7720));
#1363=EDGE_LOOP('',(#7721,#7722,#7723,#7724));
#1364=EDGE_LOOP('',(#7725,#7726,#7727,#7728));
#1365=EDGE_LOOP('',(#7729,#7730,#7731,#7732));
#1366=EDGE_LOOP('',(#7733,#7734,#7735,#7736));
#1367=EDGE_LOOP('',(#7737,#7738,#7739,#7740));
#1368=EDGE_LOOP('',(#7741,#7742,#7743,#7744));
#1369=EDGE_LOOP('',(#7745,#7746,#7747,#7748));
#1370=EDGE_LOOP('',(#7749,#7750,#7751,#7752));
#1371=EDGE_LOOP('',(#7753,#7754,#7755,#7756));
#1372=EDGE_LOOP('',(#7757,#7758,#7759,#7760));
#1373=EDGE_LOOP('',(#7761,#7762,#7763,#7764));
#1374=EDGE_LOOP('',(#7765,#7766,#7767,#7768));
#1375=EDGE_LOOP('',(#7769,#7770,#7771,#7772));
#1376=EDGE_LOOP('',(#7773,#7774,#7775,#7776));
#1377=EDGE_LOOP('',(#7777,#7778,#7779,#7780));
#1378=EDGE_LOOP('',(#7781,#7782,#7783,#7784));
#1379=EDGE_LOOP('',(#7785,#7786,#7787,#7788));
#1380=EDGE_LOOP('',(#7789,#7790,#7791,#7792));
#1381=EDGE_LOOP('',(#7793,#7794,#7795,#7796));
#1382=EDGE_LOOP('',(#7797,#7798,#7799,#7800));
#1383=EDGE_LOOP('',(#7801,#7802,#7803,#7804));
#1384=EDGE_LOOP('',(#7805,#7806,#7807,#7808));
#1385=EDGE_LOOP('',(#7809,#7810,#7811,#7812));
#1386=EDGE_LOOP('',(#7813,#7814,#7815,#7816));
#1387=EDGE_LOOP('',(#7817,#7818,#7819,#7820));
#1388=EDGE_LOOP('',(#7821,#7822,#7823,#7824));
#1389=EDGE_LOOP('',(#7825,#7826,#7827,#7828));
#1390=EDGE_LOOP('',(#7829,#7830,#7831,#7832));
#1391=EDGE_LOOP('',(#7833,#7834,#7835,#7836));
#1392=EDGE_LOOP('',(#7837,#7838,#7839,#7840));
#1393=EDGE_LOOP('',(#7841,#7842,#7843,#7844));
#1394=EDGE_LOOP('',(#7845,#7846,#7847,#7848));
#1395=EDGE_LOOP('',(#7849,#7850,#7851,#7852));
#1396=EDGE_LOOP('',(#7853,#7854,#7855,#7856));
#1397=EDGE_LOOP('',(#7857,#7858,#7859,#7860));
#1398=EDGE_LOOP('',(#7861,#7862,#7863,#7864));
#1399=EDGE_LOOP('',(#7865,#7866,#7867,#7868));
#1400=EDGE_LOOP('',(#7869,#7870,#7871,#7872));
#1401=EDGE_LOOP('',(#7873,#7874,#7875,#7876));
#1402=EDGE_LOOP('',(#7877,#7878,#7879,#7880));
#1403=EDGE_LOOP('',(#7881,#7882,#7883,#7884));
#1404=EDGE_LOOP('',(#7885,#7886,#7887,#7888));
#1405=EDGE_LOOP('',(#7889,#7890,#7891,#7892));
#1406=EDGE_LOOP('',(#7893,#7894,#7895,#7896));
#1407=EDGE_LOOP('',(#7897,#7898,#7899,#7900));
#1408=EDGE_LOOP('',(#7901,#7902,#7903,#7904));
#1409=EDGE_LOOP('',(#7905,#7906,#7907,#7908));
#1410=EDGE_LOOP('',(#7909,#7910,#7911,#7912));
#1411=EDGE_LOOP('',(#7913,#7914,#7915,#7916));
#1412=EDGE_LOOP('',(#7917,#7918,#7919,#7920));
#1413=EDGE_LOOP('',(#7921,#7922,#7923,#7924));
#1414=EDGE_LOOP('',(#7925,#7926,#7927,#7928));
#1415=EDGE_LOOP('',(#7929,#7930,#7931,#7932));
#1416=EDGE_LOOP('',(#7933,#7934,#7935,#7936));
#1417=EDGE_LOOP('',(#7937,#7938,#7939,#7940));
#1418=EDGE_LOOP('',(#7941,#7942,#7943,#7944));
#1419=EDGE_LOOP('',(#7945,#7946,#7947,#7948));
#1420=EDGE_LOOP('',(#7949,#7950,#7951,#7952));
#1421=EDGE_LOOP('',(#7953,#7954,#7955,#7956));
#1422=EDGE_LOOP('',(#7957,#7958,#7959,#7960));
#1423=EDGE_LOOP('',(#7961,#7962,#7963,#7964));
#1424=EDGE_LOOP('',(#7965,#7966,#7967,#7968));
#1425=EDGE_LOOP('',(#7969,#7970,#7971,#7972));
#1426=EDGE_LOOP('',(#7973,#7974,#7975,#7976));
#1427=EDGE_LOOP('',(#7977,#7978,#7979,#7980));
#1428=EDGE_LOOP('',(#7981,#7982,#7983,#7984));
#1429=EDGE_LOOP('',(#7985,#7986,#7987,#7988,#7989,#7990,#7991,#7992,#7993,
#7994,#7995,#7996,#7997,#7998,#7999,#8000,#8001,#8002,#8003,#8004,#8005,
#8006,#8007,#8008,#8009,#8010,#8011,#8012,#8013,#8014,#8015,#8016,#8017,
#8018,#8019,#8020,#8021,#8022,#8023,#8024,#8025,#8026,#8027,#8028,#8029,
#8030,#8031,#8032,#8033,#8034,#8035,#8036,#8037,#8038,#8039,#8040,#8041,
#8042,#8043,#8044,#8045,#8046,#8047,#8048,#8049,#8050,#8051,#8052,#8053,
#8054,#8055,#8056,#8057,#8058,#8059,#8060,#8061,#8062,#8063,#8064,#8065,
#8066,#8067,#8068,#8069,#8070,#8071,#8072,#8073,#8074,#8075,#8076,#8077,
#8078,#8079,#8080,#8081,#8082,#8083,#8084,#8085,#8086,#8087,#8088,#8089,
#8090,#8091,#8092,#8093,#8094,#8095,#8096,#8097,#8098,#8099,#8100,#8101,
#8102,#8103,#8104,#8105,#8106,#8107,#8108,#8109,#8110,#8111,#8112,#8113,
#8114,#8115,#8116,#8117,#8118,#8119,#8120,#8121,#8122,#8123,#8124,#8125,
#8126,#8127,#8128,#8129,#8130,#8131,#8132,#8133,#8134,#8135,#8136,#8137,
#8138,#8139,#8140,#8141,#8142,#8143,#8144,#8145,#8146,#8147,#8148));
#1430=EDGE_LOOP('',(#8149,#8150,#8151,#8152));
#1431=EDGE_LOOP('',(#8153,#8154,#8155,#8156,#8157,#8158));
#1432=EDGE_LOOP('',(#8159,#8160,#8161,#8162));
#1433=EDGE_LOOP('',(#8163,#8164,#8165,#8166));
#1434=EDGE_LOOP('',(#8167,#8168,#8169,#8170));
#1435=EDGE_LOOP('',(#8171,#8172,#8173,#8174));
#1436=EDGE_LOOP('',(#8175,#8176,#8177,#8178));
#1437=EDGE_LOOP('',(#8179,#8180,#8181,#8182));
#1438=EDGE_LOOP('',(#8183,#8184,#8185,#8186));
#1439=EDGE_LOOP('',(#8187,#8188,#8189,#8190,#8191,#8192));
#1440=EDGE_LOOP('',(#8193,#8194,#8195,#8196));
#1441=EDGE_LOOP('',(#8197,#8198,#8199,#8200));
#1442=EDGE_LOOP('',(#8201,#8202,#8203,#8204,#8205,#8206));
#1443=EDGE_LOOP('',(#8207,#8208,#8209,#8210));
#1444=EDGE_LOOP('',(#8211,#8212,#8213,#8214));
#1445=EDGE_LOOP('',(#8215,#8216,#8217,#8218));
#1446=EDGE_LOOP('',(#8219,#8220,#8221,#8222));
#1447=EDGE_LOOP('',(#8223,#8224,#8225,#8226));
#1448=EDGE_LOOP('',(#8227,#8228,#8229,#8230));
#1449=EDGE_LOOP('',(#8231,#8232,#8233,#8234));
#1450=EDGE_LOOP('',(#8235,#8236,#8237,#8238));
#1451=EDGE_LOOP('',(#8239,#8240,#8241,#8242));
#1452=EDGE_LOOP('',(#8243,#8244,#8245,#8246));
#1453=EDGE_LOOP('',(#8247,#8248,#8249,#8250));
#1454=EDGE_LOOP('',(#8251,#8252,#8253,#8254));
#1455=EDGE_LOOP('',(#8255,#8256,#8257,#8258));
#1456=EDGE_LOOP('',(#8259,#8260,#8261,#8262));
#1457=EDGE_LOOP('',(#8263,#8264,#8265,#8266));
#1458=EDGE_LOOP('',(#8267,#8268,#8269,#8270));
#1459=EDGE_LOOP('',(#8271,#8272,#8273,#8274));
#1460=EDGE_LOOP('',(#8275,#8276,#8277,#8278));
#1461=EDGE_LOOP('',(#8279,#8280,#8281,#8282));
#1462=EDGE_LOOP('',(#8283,#8284,#8285,#8286));
#1463=EDGE_LOOP('',(#8287,#8288,#8289,#8290,#8291,#8292,#8293,#8294));
#1464=EDGE_LOOP('',(#8295,#8296,#8297,#8298));
#1465=EDGE_LOOP('',(#8299,#8300,#8301,#8302));
#1466=EDGE_LOOP('',(#8303,#8304,#8305,#8306));
#1467=EDGE_LOOP('',(#8307,#8308,#8309,#8310));
#1468=EDGE_LOOP('',(#8311,#8312,#8313,#8314));
#1469=EDGE_LOOP('',(#8315,#8316,#8317,#8318));
#1470=EDGE_LOOP('',(#8319,#8320,#8321,#8322));
#1471=EDGE_LOOP('',(#8323,#8324,#8325,#8326));
#1472=EDGE_LOOP('',(#8327,#8328,#8329,#8330));
#1473=EDGE_LOOP('',(#8331,#8332,#8333,#8334));
#1474=EDGE_LOOP('',(#8335,#8336,#8337,#8338));
#1475=EDGE_LOOP('',(#8339,#8340,#8341,#8342));
#1476=EDGE_LOOP('',(#8343,#8344,#8345,#8346,#8347,#8348,#8349,#8350));
#1477=EDGE_LOOP('',(#8351,#8352,#8353,#8354));
#1478=EDGE_LOOP('',(#8355,#8356,#8357,#8358));
#1479=EDGE_LOOP('',(#8359,#8360,#8361,#8362));
#1480=EDGE_LOOP('',(#8363,#8364,#8365,#8366));
#1481=EDGE_LOOP('',(#8367,#8368,#8369,#8370));
#1482=EDGE_LOOP('',(#8371,#8372,#8373,#8374));
#1483=EDGE_LOOP('',(#8375,#8376,#8377,#8378));
#1484=EDGE_LOOP('',(#8379,#8380,#8381,#8382));
#1485=EDGE_LOOP('',(#8383,#8384,#8385,#8386));
#1486=EDGE_LOOP('',(#8387,#8388,#8389,#8390));
#1487=EDGE_LOOP('',(#8391,#8392,#8393,#8394));
#1488=EDGE_LOOP('',(#8395,#8396,#8397,#8398));
#1489=EDGE_LOOP('',(#8399,#8400,#8401,#8402));
#1490=EDGE_LOOP('',(#8403,#8404,#8405,#8406));
#1491=EDGE_LOOP('',(#8407,#8408,#8409,#8410));
#1492=EDGE_LOOP('',(#8411,#8412,#8413,#8414));
#1493=EDGE_LOOP('',(#8415,#8416,#8417,#8418));
#1494=EDGE_LOOP('',(#8419,#8420,#8421,#8422));
#1495=EDGE_LOOP('',(#8423,#8424,#8425,#8426));
#1496=EDGE_LOOP('',(#8427,#8428,#8429,#8430));
#1497=EDGE_LOOP('',(#8431,#8432,#8433,#8434));
#1498=EDGE_LOOP('',(#8435,#8436,#8437,#8438));
#1499=EDGE_LOOP('',(#8439,#8440,#8441,#8442));
#1500=EDGE_LOOP('',(#8443,#8444,#8445,#8446));
#1501=EDGE_LOOP('',(#8447,#8448,#8449,#8450,#8451,#8452,#8453,#8454,#8455,
#8456,#8457,#8458));
#1502=EDGE_LOOP('',(#8459,#8460,#8461,#8462));
#1503=EDGE_LOOP('',(#8463,#8464,#8465,#8466));
#1504=EDGE_LOOP('',(#8467,#8468,#8469,#8470));
#1505=EDGE_LOOP('',(#8471,#8472,#8473,#8474));
#1506=EDGE_LOOP('',(#8475,#8476,#8477,#8478,#8479,#8480,#8481,#8482));
#1507=EDGE_LOOP('',(#8483,#8484,#8485,#8486));
#1508=EDGE_LOOP('',(#8487,#8488,#8489,#8490));
#1509=EDGE_LOOP('',(#8491,#8492,#8493,#8494,#8495,#8496,#8497,#8498));
#1510=EDGE_LOOP('',(#8499,#8500,#8501,#8502));
#1511=EDGE_LOOP('',(#8503,#8504,#8505,#8506,#8507));
#1512=EDGE_LOOP('',(#8508,#8509,#8510,#8511,#8512,#8513,#8514,#8515));
#1513=EDGE_LOOP('',(#8516,#8517,#8518,#8519));
#1514=EDGE_LOOP('',(#8520,#8521,#8522,#8523,#8524));
#1515=EDGE_LOOP('',(#8525,#8526,#8527,#8528,#8529,#8530,#8531,#8532,#8533,
#8534,#8535,#8536));
#1516=EDGE_LOOP('',(#8537,#8538,#8539,#8540,#8541,#8542));
#1517=EDGE_LOOP('',(#8543,#8544,#8545,#8546,#8547));
#1518=EDGE_LOOP('',(#8548,#8549,#8550,#8551,#8552,#8553));
#1519=EDGE_LOOP('',(#8554,#8555,#8556,#8557,#8558,#8559));
#1520=EDGE_LOOP('',(#8560,#8561,#8562,#8563,#8564,#8565));
#1521=EDGE_LOOP('',(#8566,#8567,#8568,#8569));
#1522=EDGE_LOOP('',(#8570,#8571,#8572,#8573));
#1523=EDGE_LOOP('',(#8574,#8575,#8576,#8577));
#1524=EDGE_LOOP('',(#8578,#8579,#8580,#8581));
#1525=EDGE_LOOP('',(#8582,#8583,#8584,#8585));
#1526=EDGE_LOOP('',(#8586,#8587,#8588,#8589));
#1527=EDGE_LOOP('',(#8590,#8591,#8592,#8593));
#1528=EDGE_LOOP('',(#8594,#8595,#8596,#8597));
#1529=EDGE_LOOP('',(#8598,#8599,#8600,#8601));
#1530=EDGE_LOOP('',(#8602,#8603,#8604,#8605));
#1531=EDGE_LOOP('',(#8606,#8607,#8608,#8609));
#1532=EDGE_LOOP('',(#8610,#8611,#8612,#8613));
#1533=EDGE_LOOP('',(#8614,#8615,#8616,#8617));
#1534=EDGE_LOOP('',(#8618,#8619,#8620,#8621));
#1535=EDGE_LOOP('',(#8622,#8623,#8624,#8625));
#1536=EDGE_LOOP('',(#8626,#8627,#8628,#8629));
#1537=EDGE_LOOP('',(#8630,#8631,#8632,#8633));
#1538=EDGE_LOOP('',(#8634,#8635,#8636,#8637));
#1539=EDGE_LOOP('',(#8638,#8639,#8640,#8641));
#1540=EDGE_LOOP('',(#8642,#8643,#8644,#8645));
#1541=EDGE_LOOP('',(#8646,#8647,#8648,#8649));
#1542=EDGE_LOOP('',(#8650,#8651,#8652,#8653));
#1543=EDGE_LOOP('',(#8654,#8655,#8656,#8657));
#1544=EDGE_LOOP('',(#8658,#8659,#8660,#8661));
#1545=EDGE_LOOP('',(#8662,#8663,#8664,#8665));
#1546=EDGE_LOOP('',(#8666,#8667,#8668,#8669));
#1547=EDGE_LOOP('',(#8670,#8671,#8672,#8673));
#1548=EDGE_LOOP('',(#8674,#8675,#8676,#8677));
#1549=EDGE_LOOP('',(#8678,#8679,#8680,#8681));
#1550=EDGE_LOOP('',(#8682,#8683,#8684,#8685));
#1551=EDGE_LOOP('',(#8686,#8687,#8688,#8689,#8690,#8691,#8692,#8693,#8694,
#8695,#8696,#8697,#8698,#8699,#8700,#8701,#8702,#8703,#8704,#8705,#8706,
#8707,#8708,#8709,#8710,#8711,#8712,#8713,#8714,#8715,#8716,#8717,#8718,
#8719,#8720,#8721,#8722,#8723,#8724,#8725,#8726,#8727,#8728,#8729,#8730,
#8731));
#1552=EDGE_LOOP('',(#8732,#8733,#8734,#8735));
#1553=EDGE_LOOP('',(#8736,#8737,#8738,#8739));
#1554=EDGE_LOOP('',(#8740,#8741,#8742,#8743));
#1555=EDGE_LOOP('',(#8744,#8745,#8746,#8747));
#1556=EDGE_LOOP('',(#8748,#8749,#8750,#8751));
#1557=EDGE_LOOP('',(#8752,#8753,#8754,#8755));
#1558=EDGE_LOOP('',(#8756,#8757,#8758,#8759));
#1559=EDGE_LOOP('',(#8760,#8761,#8762,#8763));
#1560=EDGE_LOOP('',(#8764,#8765,#8766,#8767));
#1561=EDGE_LOOP('',(#8768,#8769,#8770,#8771));
#1562=EDGE_LOOP('',(#8772,#8773,#8774,#8775));
#1563=EDGE_LOOP('',(#8776,#8777,#8778,#8779,#8780,#8781,#8782,#8783));
#1564=EDGE_LOOP('',(#8784,#8785,#8786,#8787,#8788,#8789,#8790,#8791,#8792,
#8793,#8794,#8795,#8796,#8797,#8798,#8799,#8800,#8801,#8802,#8803,#8804,
#8805,#8806,#8807,#8808,#8809,#8810,#8811,#8812,#8813,#8814,#8815,#8816,
#8817,#8818,#8819,#8820,#8821,#8822,#8823,#8824,#8825,#8826,#8827,#8828,
#8829));
#1565=EDGE_LOOP('',(#8830,#8831,#8832,#8833,#8834,#8835,#8836,#8837));
#1566=EDGE_LOOP('',(#8838,#8839,#8840,#8841));
#1567=EDGE_LOOP('',(#8842,#8843,#8844,#8845,#8846,#8847));
#1568=EDGE_LOOP('',(#8848,#8849,#8850,#8851,#8852,#8853));
#1569=EDGE_LOOP('',(#8854,#8855,#8856,#8857));
#1570=EDGE_LOOP('',(#8858,#8859,#8860,#8861));
#1571=EDGE_LOOP('',(#8862,#8863,#8864,#8865));
#1572=EDGE_LOOP('',(#8866,#8867,#8868,#8869));
#1573=EDGE_LOOP('',(#8870,#8871,#8872,#8873));
#1574=EDGE_LOOP('',(#8874,#8875,#8876,#8877));
#1575=EDGE_LOOP('',(#8878,#8879,#8880,#8881));
#1576=EDGE_LOOP('',(#8882,#8883,#8884,#8885));
#1577=EDGE_LOOP('',(#8886,#8887,#8888,#8889));
#1578=EDGE_LOOP('',(#8890,#8891,#8892,#8893));
#1579=EDGE_LOOP('',(#8894,#8895,#8896,#8897));
#1580=EDGE_LOOP('',(#8898,#8899,#8900,#8901));
#1581=EDGE_LOOP('',(#8902,#8903,#8904,#8905,#8906,#8907,#8908,#8909,#8910,
#8911,#8912,#8913));
#1582=EDGE_LOOP('',(#8914,#8915,#8916,#8917));
#1583=EDGE_LOOP('',(#8918,#8919,#8920,#8921));
#1584=EDGE_LOOP('',(#8922,#8923,#8924,#8925));
#1585=EDGE_LOOP('',(#8926,#8927,#8928,#8929));
#1586=EDGE_LOOP('',(#8930,#8931,#8932,#8933));
#1587=EDGE_LOOP('',(#8934,#8935,#8936,#8937));
#1588=EDGE_LOOP('',(#8938,#8939,#8940,#8941));
#1589=EDGE_LOOP('',(#8942,#8943,#8944,#8945));
#1590=EDGE_LOOP('',(#8946,#8947,#8948,#8949));
#1591=EDGE_LOOP('',(#8950,#8951,#8952,#8953));
#1592=EDGE_LOOP('',(#8954,#8955,#8956,#8957));
#1593=EDGE_LOOP('',(#8958,#8959,#8960,#8961));
#1594=EDGE_LOOP('',(#8962,#8963,#8964,#8965));
#1595=EDGE_LOOP('',(#8966,#8967,#8968,#8969));
#1596=EDGE_LOOP('',(#8970,#8971,#8972,#8973));
#1597=EDGE_LOOP('',(#8974,#8975,#8976,#8977));
#1598=EDGE_LOOP('',(#8978,#8979,#8980,#8981,#8982,#8983,#8984,#8985));
#1599=EDGE_LOOP('',(#8986,#8987,#8988,#8989,#8990,#8991,#8992,#8993,#8994,
#8995,#8996,#8997,#8998,#8999,#9000,#9001,#9002,#9003,#9004,#9005));
#1600=EDGE_LOOP('',(#9006,#9007,#9008,#9009));
#1601=EDGE_LOOP('',(#9010,#9011,#9012,#9013));
#1602=EDGE_LOOP('',(#9014,#9015,#9016,#9017,#9018,#9019,#9020,#9021,#9022,
#9023,#9024,#9025));
#1603=EDGE_LOOP('',(#9026,#9027,#9028,#9029));
#1604=EDGE_LOOP('',(#9030,#9031,#9032,#9033,#9034,#9035,#9036,#9037,#9038,
#9039,#9040,#9041,#9042,#9043,#9044,#9045,#9046,#9047,#9048,#9049));
#1605=EDGE_LOOP('',(#9050,#9051,#9052,#9053));
#1606=EDGE_LOOP('',(#9054,#9055,#9056,#9057));
#1607=EDGE_LOOP('',(#9058,#9059,#9060,#9061));
#1608=EDGE_LOOP('',(#9062,#9063,#9064,#9065));
#1609=EDGE_LOOP('',(#9066,#9067,#9068,#9069,#9070,#9071,#9072,#9073));
#1610=EDGE_LOOP('',(#9074,#9075,#9076,#9077,#9078,#9079));
#1611=EDGE_LOOP('',(#9080,#9081,#9082,#9083));
#1612=EDGE_LOOP('',(#9084,#9085,#9086,#9087));
#1613=EDGE_LOOP('',(#9088,#9089,#9090,#9091));
#1614=EDGE_LOOP('',(#9092,#9093,#9094,#9095,#9096));
#1615=EDGE_LOOP('',(#9097,#9098,#9099,#9100));
#1616=EDGE_LOOP('',(#9101,#9102,#9103,#9104));
#1617=EDGE_LOOP('',(#9105,#9106,#9107,#9108));
#1618=EDGE_LOOP('',(#9109,#9110,#9111,#9112,#9113,#9114));
#1619=EDGE_LOOP('',(#9115,#9116,#9117,#9118));
#1620=EDGE_LOOP('',(#9119,#9120,#9121,#9122));
#1621=EDGE_LOOP('',(#9123,#9124,#9125,#9126));
#1622=EDGE_LOOP('',(#9127,#9128,#9129,#9130));
#1623=EDGE_LOOP('',(#9131,#9132,#9133,#9134,#9135,#9136,#9137,#9138));
#1624=EDGE_LOOP('',(#9139,#9140,#9141,#9142));
#1625=EDGE_LOOP('',(#9143,#9144,#9145,#9146));
#1626=EDGE_LOOP('',(#9147,#9148,#9149,#9150));
#1627=EDGE_LOOP('',(#9151,#9152,#9153,#9154,#9155,#9156,#9157,#9158));
#1628=EDGE_LOOP('',(#9159,#9160,#9161,#9162));
#1629=EDGE_LOOP('',(#9163,#9164,#9165,#9166,#9167,#9168,#9169,#9170));
#1630=EDGE_LOOP('',(#9171,#9172,#9173,#9174));
#1631=EDGE_LOOP('',(#9175,#9176,#9177,#9178));
#1632=EDGE_LOOP('',(#9179,#9180,#9181,#9182));
#1633=EDGE_LOOP('',(#9183,#9184,#9185,#9186));
#1634=EDGE_LOOP('',(#9187,#9188,#9189,#9190));
#1635=EDGE_LOOP('',(#9191,#9192,#9193,#9194,#9195,#9196));
#1636=EDGE_LOOP('',(#9197,#9198,#9199,#9200,#9201,#9202,#9203,#9204));
#1637=EDGE_LOOP('',(#9205,#9206,#9207,#9208));
#1638=EDGE_LOOP('',(#9209,#9210,#9211,#9212));
#1639=EDGE_LOOP('',(#9213,#9214,#9215,#9216));
#1640=EDGE_LOOP('',(#9217,#9218,#9219,#9220));
#1641=EDGE_LOOP('',(#9221,#9222,#9223,#9224));
#1642=EDGE_LOOP('',(#9225,#9226,#9227,#9228));
#1643=EDGE_LOOP('',(#9229,#9230,#9231,#9232));
#1644=EDGE_LOOP('',(#9233,#9234,#9235,#9236));
#1645=EDGE_LOOP('',(#9237,#9238,#9239,#9240));
#1646=EDGE_LOOP('',(#9241,#9242,#9243,#9244));
#1647=EDGE_LOOP('',(#9245,#9246,#9247,#9248));
#1648=EDGE_LOOP('',(#9249,#9250,#9251,#9252));
#1649=EDGE_LOOP('',(#9253,#9254,#9255,#9256));
#1650=EDGE_LOOP('',(#9257,#9258,#9259,#9260,#9261,#9262));
#1651=EDGE_LOOP('',(#9263,#9264,#9265,#9266));
#1652=EDGE_LOOP('',(#9267,#9268,#9269,#9270,#9271,#9272));
#1653=EDGE_LOOP('',(#9273,#9274,#9275,#9276));
#1654=EDGE_LOOP('',(#9277,#9278,#9279,#9280,#9281,#9282,#9283,#9284,#9285,
#9286,#9287,#9288,#9289,#9290,#9291,#9292,#9293,#9294,#9295,#9296,#9297,
#9298,#9299,#9300,#9301,#9302,#9303,#9304,#9305,#9306,#9307,#9308));
#1655=EDGE_LOOP('',(#9309,#9310));
#1656=EDGE_LOOP('',(#9311,#9312));
#1657=EDGE_LOOP('',(#9313,#9314));
#1658=EDGE_LOOP('',(#9315,#9316));
#1659=EDGE_LOOP('',(#9317,#9318,#9319,#9320));
#1660=EDGE_LOOP('',(#9321,#9322,#9323,#9324,#9325,#9326,#9327,#9328));
#1661=EDGE_LOOP('',(#9329,#9330,#9331,#9332,#9333,#9334,#9335,#9336,#9337,
#9338,#9339,#9340,#9341,#9342,#9343,#9344,#9345,#9346,#9347,#9348,#9349,
#9350,#9351,#9352,#9353,#9354,#9355,#9356,#9357,#9358,#9359,#9360,#9361,
#9362,#9363,#9364,#9365,#9366,#9367,#9368,#9369,#9370,#9371,#9372,#9373,
#9374,#9375,#9376,#9377,#9378,#9379,#9380,#9381,#9382,#9383,#9384,#9385,
#9386,#9387,#9388,#9389,#9390,#9391,#9392));
#1662=EDGE_LOOP('',(#9393,#9394));
#1663=EDGE_LOOP('',(#9395,#9396));
#1664=EDGE_LOOP('',(#9397,#9398));
#1665=EDGE_LOOP('',(#9399,#9400));
#1666=EDGE_LOOP('',(#9401,#9402,#9403,#9404));
#1667=EDGE_LOOP('',(#9405,#9406,#9407,#9408));
#1668=EDGE_LOOP('',(#9409,#9410,#9411,#9412));
#1669=EDGE_LOOP('',(#9413,#9414,#9415,#9416,#9417,#9418,#9419,#9420));
#1670=EDGE_LOOP('',(#9421,#9422,#9423,#9424));
#1671=EDGE_LOOP('',(#9425,#9426,#9427,#9428));
#1672=EDGE_LOOP('',(#9429,#9430,#9431,#9432,#9433,#9434,#9435,#9436,#9437,
#9438,#9439,#9440));
#1673=EDGE_LOOP('',(#9441,#9442,#9443,#9444));
#1674=EDGE_LOOP('',(#9445,#9446,#9447,#9448));
#1675=EDGE_LOOP('',(#9449,#9450,#9451,#9452));
#1676=EDGE_LOOP('',(#9453,#9454,#9455,#9456));
#1677=EDGE_LOOP('',(#9457,#9458,#9459,#9460));
#1678=EDGE_LOOP('',(#9461,#9462,#9463,#9464,#9465,#9466,#9467,#9468));
#1679=EDGE_LOOP('',(#9469,#9470,#9471,#9472));
#1680=EDGE_LOOP('',(#9473,#9474,#9475,#9476));
#1681=EDGE_LOOP('',(#9477,#9478,#9479,#9480));
#1682=EDGE_LOOP('',(#9481,#9482,#9483,#9484,#9485,#9486,#9487,#9488));
#1683=EDGE_LOOP('',(#9489,#9490,#9491,#9492));
#1684=EDGE_LOOP('',(#9493,#9494,#9495,#9496));
#1685=EDGE_LOOP('',(#9497,#9498,#9499,#9500));
#1686=EDGE_LOOP('',(#9501,#9502,#9503,#9504));
#1687=EDGE_LOOP('',(#9505,#9506,#9507,#9508));
#1688=EDGE_LOOP('',(#9509,#9510,#9511,#9512));
#1689=EDGE_LOOP('',(#9513,#9514,#9515,#9516));
#1690=EDGE_LOOP('',(#9517,#9518,#9519,#9520));
#1691=EDGE_LOOP('',(#9521,#9522,#9523,#9524));
#1692=EDGE_LOOP('',(#9525,#9526,#9527,#9528,#9529,#9530,#9531,#9532));
#1693=EDGE_LOOP('',(#9533,#9534,#9535,#9536));
#1694=EDGE_LOOP('',(#9537,#9538,#9539,#9540));
#1695=EDGE_LOOP('',(#9541,#9542,#9543,#9544));
#1696=EDGE_LOOP('',(#9545,#9546,#9547,#9548));
#1697=EDGE_LOOP('',(#9549,#9550,#9551,#9552));
#1698=EDGE_LOOP('',(#9553,#9554,#9555,#9556));
#1699=EDGE_LOOP('',(#9557,#9558,#9559,#9560));
#1700=EDGE_LOOP('',(#9561,#9562,#9563,#9564));
#1701=EDGE_LOOP('',(#9565,#9566,#9567,#9568));
#1702=EDGE_LOOP('',(#9569,#9570,#9571,#9572));
#1703=EDGE_LOOP('',(#9573,#9574,#9575,#9576));
#1704=EDGE_LOOP('',(#9577,#9578,#9579,#9580));
#1705=EDGE_LOOP('',(#9581,#9582,#9583,#9584));
#1706=EDGE_LOOP('',(#9585,#9586,#9587,#9588));
#1707=EDGE_LOOP('',(#9589,#9590,#9591,#9592,#9593,#9594,#9595,#9596));
#1708=EDGE_LOOP('',(#9597,#9598,#9599,#9600));
#1709=EDGE_LOOP('',(#9601,#9602,#9603,#9604));
#1710=EDGE_LOOP('',(#9605,#9606,#9607,#9608));
#1711=EDGE_LOOP('',(#9609,#9610,#9611,#9612));
#1712=EDGE_LOOP('',(#9613,#9614,#9615,#9616));
#1713=EDGE_LOOP('',(#9617,#9618,#9619,#9620));
#1714=EDGE_LOOP('',(#9621,#9622,#9623,#9624));
#1715=EDGE_LOOP('',(#9625,#9626,#9627,#9628));
#1716=EDGE_LOOP('',(#9629,#9630,#9631,#9632));
#1717=EDGE_LOOP('',(#9633,#9634,#9635,#9636,#9637,#9638,#9639,#9640));
#1718=EDGE_LOOP('',(#9641,#9642,#9643,#9644));
#1719=EDGE_LOOP('',(#9645,#9646,#9647,#9648));
#1720=EDGE_LOOP('',(#9649,#9650,#9651,#9652));
#1721=EDGE_LOOP('',(#9653,#9654,#9655,#9656));
#1722=EDGE_LOOP('',(#9657,#9658,#9659,#9660));
#1723=EDGE_LOOP('',(#9661,#9662,#9663,#9664,#9665,#9666,#9667,#9668));
#1724=EDGE_LOOP('',(#9669,#9670,#9671,#9672));
#1725=EDGE_LOOP('',(#9673,#9674,#9675,#9676));
#1726=EDGE_LOOP('',(#9677,#9678,#9679,#9680));
#1727=EDGE_LOOP('',(#9681,#9682,#9683,#9684));
#1728=EDGE_LOOP('',(#9685,#9686,#9687,#9688));
#1729=EDGE_LOOP('',(#9689,#9690,#9691,#9692));
#1730=EDGE_LOOP('',(#9693,#9694,#9695,#9696));
#1731=EDGE_LOOP('',(#9697,#9698,#9699,#9700));
#1732=EDGE_LOOP('',(#9701,#9702,#9703,#9704,#9705,#9706));
#1733=EDGE_LOOP('',(#9707,#9708,#9709,#9710,#9711,#9712));
#1734=EDGE_LOOP('',(#9713,#9714,#9715,#9716,#9717,#9718));
#1735=EDGE_LOOP('',(#9719,#9720,#9721,#9722,#9723,#9724));
#1736=EDGE_LOOP('',(#9725,#9726,#9727,#9728));
#1737=EDGE_LOOP('',(#9729,#9730,#9731,#9732));
#1738=EDGE_LOOP('',(#9733,#9734,#9735,#9736));
#1739=EDGE_LOOP('',(#9737,#9738,#9739,#9740));
#1740=EDGE_LOOP('',(#9741,#9742,#9743,#9744));
#1741=EDGE_LOOP('',(#9745,#9746,#9747,#9748));
#1742=LINE('',#13976,#3025);
#1743=LINE('',#13979,#3026);
#1744=LINE('',#13982,#3027);
#1745=LINE('',#13984,#3028);
#1746=LINE('',#13986,#3029);
#1747=LINE('',#13987,#3030);
#1748=LINE('',#13990,#3031);
#1749=LINE('',#13994,#3032);
#1750=LINE('',#13996,#3033);
#1751=LINE('',#13998,#3034);
#1752=LINE('',#14000,#3035);
#1753=LINE('',#14002,#3036);
#1754=LINE('',#14004,#3037);
#1755=LINE('',#14006,#3038);
#1756=LINE('',#14010,#3039);
#1757=LINE('',#14012,#3040);
#1758=LINE('',#14014,#3041);
#1759=LINE('',#14015,#3042);
#1760=LINE('',#14020,#3043);
#1761=LINE('',#14026,#3044);
#1762=LINE('',#14034,#3045);
#1763=LINE('',#14042,#3046);
#1764=LINE('',#14051,#3047);
#1765=LINE('',#14056,#3048);
#1766=LINE('',#14058,#3049);
#1767=LINE('',#14059,#3050);
#1768=LINE('',#14062,#3051);
#1769=LINE('',#14063,#3052);
#1770=LINE('',#14066,#3053);
#1771=LINE('',#14068,#3054);
#1772=LINE('',#14069,#3055);
#1773=LINE('',#14072,#3056);
#1774=LINE('',#14074,#3057);
#1775=LINE('',#14075,#3058);
#1776=LINE('',#14078,#3059);
#1777=LINE('',#14079,#3060);
#1778=LINE('',#14082,#3061);
#1779=LINE('',#14083,#3062);
#1780=LINE('',#14085,#3063);
#1781=LINE('',#14089,#3064);
#1782=LINE('',#14091,#3065);
#1783=LINE('',#14092,#3066);
#1784=LINE('',#14098,#3067);
#1785=LINE('',#14101,#3068);
#1786=LINE('',#14102,#3069);
#1787=LINE('',#14104,#3070);
#1788=LINE('',#14109,#3071);
#1789=LINE('',#14110,#3072);
#1790=LINE('',#14113,#3073);
#1791=LINE('',#14117,#3074);
#1792=LINE('',#14118,#3075);
#1793=LINE('',#14121,#3076);
#1794=LINE('',#14125,#3077);
#1795=LINE('',#14126,#3078);
#1796=LINE('',#14134,#3079);
#1797=LINE('',#14136,#3080);
#1798=LINE('',#14138,#3081);
#1799=LINE('',#14142,#3082);
#1800=LINE('',#14146,#3083);
#1801=LINE('',#14148,#3084);
#1802=LINE('',#14150,#3085);
#1803=LINE('',#14154,#3086);
#1804=LINE('',#14158,#3087);
#1805=LINE('',#14161,#3088);
#1806=LINE('',#14164,#3089);
#1807=LINE('',#14166,#3090);
#1808=LINE('',#14168,#3091);
#1809=LINE('',#14172,#3092);
#1810=LINE('',#14176,#3093);
#1811=LINE('',#14180,#3094);
#1812=LINE('',#14184,#3095);
#1813=LINE('',#14186,#3096);
#1814=LINE('',#14188,#3097);
#1815=LINE('',#14190,#3098);
#1816=LINE('',#14192,#3099);
#1817=LINE('',#14194,#3100);
#1818=LINE('',#14196,#3101);
#1819=LINE('',#14198,#3102);
#1820=LINE('',#14200,#3103);
#1821=LINE('',#14202,#3104);
#1822=LINE('',#14204,#3105);
#1823=LINE('',#14206,#3106);
#1824=LINE('',#14208,#3107);
#1825=LINE('',#14210,#3108);
#1826=LINE('',#14212,#3109);
#1827=LINE('',#14214,#3110);
#1828=LINE('',#14216,#3111);
#1829=LINE('',#14218,#3112);
#1830=LINE('',#14220,#3113);
#1831=LINE('',#14222,#3114);
#1832=LINE('',#14224,#3115);
#1833=LINE('',#14226,#3116);
#1834=LINE('',#14228,#3117);
#1835=LINE('',#14230,#3118);
#1836=LINE('',#14232,#3119);
#1837=LINE('',#14234,#3120);
#1838=LINE('',#14236,#3121);
#1839=LINE('',#14238,#3122);
#1840=LINE('',#14240,#3123);
#1841=LINE('',#14242,#3124);
#1842=LINE('',#14244,#3125);
#1843=LINE('',#14246,#3126);
#1844=LINE('',#14248,#3127);
#1845=LINE('',#14250,#3128);
#1846=LINE('',#14252,#3129);
#1847=LINE('',#14254,#3130);
#1848=LINE('',#14256,#3131);
#1849=LINE('',#14258,#3132);
#1850=LINE('',#14260,#3133);
#1851=LINE('',#14262,#3134);
#1852=LINE('',#14264,#3135);
#1853=LINE('',#14266,#3136);
#1854=LINE('',#14268,#3137);
#1855=LINE('',#14270,#3138);
#1856=LINE('',#14272,#3139);
#1857=LINE('',#14274,#3140);
#1858=LINE('',#14276,#3141);
#1859=LINE('',#14278,#3142);
#1860=LINE('',#14280,#3143);
#1861=LINE('',#14282,#3144);
#1862=LINE('',#14284,#3145);
#1863=LINE('',#14286,#3146);
#1864=LINE('',#14288,#3147);
#1865=LINE('',#14290,#3148);
#1866=LINE('',#14292,#3149);
#1867=LINE('',#14294,#3150);
#1868=LINE('',#14296,#3151);
#1869=LINE('',#14298,#3152);
#1870=LINE('',#14300,#3153);
#1871=LINE('',#14302,#3154);
#1872=LINE('',#14304,#3155);
#1873=LINE('',#14306,#3156);
#1874=LINE('',#14308,#3157);
#1875=LINE('',#14310,#3158);
#1876=LINE('',#14312,#3159);
#1877=LINE('',#14314,#3160);
#1878=LINE('',#14316,#3161);
#1879=LINE('',#14318,#3162);
#1880=LINE('',#14320,#3163);
#1881=LINE('',#14322,#3164);
#1882=LINE('',#14324,#3165);
#1883=LINE('',#14326,#3166);
#1884=LINE('',#14328,#3167);
#1885=LINE('',#14330,#3168);
#1886=LINE('',#14332,#3169);
#1887=LINE('',#14334,#3170);
#1888=LINE('',#14336,#3171);
#1889=LINE('',#14338,#3172);
#1890=LINE('',#14340,#3173);
#1891=LINE('',#14342,#3174);
#1892=LINE('',#14344,#3175);
#1893=LINE('',#14346,#3176);
#1894=LINE('',#14348,#3177);
#1895=LINE('',#14350,#3178);
#1896=LINE('',#14352,#3179);
#1897=LINE('',#14354,#3180);
#1898=LINE('',#14356,#3181);
#1899=LINE('',#14358,#3182);
#1900=LINE('',#14360,#3183);
#1901=LINE('',#14362,#3184);
#1902=LINE('',#14364,#3185);
#1903=LINE('',#14366,#3186);
#1904=LINE('',#14368,#3187);
#1905=LINE('',#14370,#3188);
#1906=LINE('',#14372,#3189);
#1907=LINE('',#14374,#3190);
#1908=LINE('',#14376,#3191);
#1909=LINE('',#14378,#3192);
#1910=LINE('',#14380,#3193);
#1911=LINE('',#14382,#3194);
#1912=LINE('',#14384,#3195);
#1913=LINE('',#14386,#3196);
#1914=LINE('',#14388,#3197);
#1915=LINE('',#14390,#3198);
#1916=LINE('',#14392,#3199);
#1917=LINE('',#14394,#3200);
#1918=LINE('',#14396,#3201);
#1919=LINE('',#14398,#3202);
#1920=LINE('',#14400,#3203);
#1921=LINE('',#14402,#3204);
#1922=LINE('',#14404,#3205);
#1923=LINE('',#14406,#3206);
#1924=LINE('',#14408,#3207);
#1925=LINE('',#14410,#3208);
#1926=LINE('',#14412,#3209);
#1927=LINE('',#14414,#3210);
#1928=LINE('',#14416,#3211);
#1929=LINE('',#14418,#3212);
#1930=LINE('',#14420,#3213);
#1931=LINE('',#14422,#3214);
#1932=LINE('',#14424,#3215);
#1933=LINE('',#14426,#3216);
#1934=LINE('',#14428,#3217);
#1935=LINE('',#14430,#3218);
#1936=LINE('',#14432,#3219);
#1937=LINE('',#14434,#3220);
#1938=LINE('',#14436,#3221);
#1939=LINE('',#14438,#3222);
#1940=LINE('',#14440,#3223);
#1941=LINE('',#14442,#3224);
#1942=LINE('',#14444,#3225);
#1943=LINE('',#14446,#3226);
#1944=LINE('',#14448,#3227);
#1945=LINE('',#14450,#3228);
#1946=LINE('',#14452,#3229);
#1947=LINE('',#14454,#3230);
#1948=LINE('',#14456,#3231);
#1949=LINE('',#14458,#3232);
#1950=LINE('',#14460,#3233);
#1951=LINE('',#14462,#3234);
#1952=LINE('',#14464,#3235);
#1953=LINE('',#14466,#3236);
#1954=LINE('',#14468,#3237);
#1955=LINE('',#14470,#3238);
#1956=LINE('',#14472,#3239);
#1957=LINE('',#14474,#3240);
#1958=LINE('',#14476,#3241);
#1959=LINE('',#14478,#3242);
#1960=LINE('',#14480,#3243);
#1961=LINE('',#14482,#3244);
#1962=LINE('',#14484,#3245);
#1963=LINE('',#14486,#3246);
#1964=LINE('',#14488,#3247);
#1965=LINE('',#14490,#3248);
#1966=LINE('',#14492,#3249);
#1967=LINE('',#14494,#3250);
#1968=LINE('',#14496,#3251);
#1969=LINE('',#14498,#3252);
#1970=LINE('',#14500,#3253);
#1971=LINE('',#14502,#3254);
#1972=LINE('',#14504,#3255);
#1973=LINE('',#14508,#3256);
#1974=LINE('',#14512,#3257);
#1975=LINE('',#14516,#3258);
#1976=LINE('',#14518,#3259);
#1977=LINE('',#14520,#3260);
#1978=LINE('',#14523,#3261);
#1979=LINE('',#14526,#3262);
#1980=LINE('',#14528,#3263);
#1981=LINE('',#14530,#3264);
#1982=LINE('',#14531,#3265);
#1983=LINE('',#14535,#3266);
#1984=LINE('',#14536,#3267);
#1985=LINE('',#14540,#3268);
#1986=LINE('',#14544,#3269);
#1987=LINE('',#14546,#3270);
#1988=LINE('',#14548,#3271);
#1989=LINE('',#14552,#3272);
#1990=LINE('',#14557,#3273);
#1991=LINE('',#14560,#3274);
#1992=LINE('',#14563,#3275);
#1993=LINE('',#14565,#3276);
#1994=LINE('',#14569,#3277);
#1995=LINE('',#14573,#3278);
#1996=LINE('',#14575,#3279);
#1997=LINE('',#14577,#3280);
#1998=LINE('',#14581,#3281);
#1999=LINE('',#14585,#3282);
#2000=LINE('',#14589,#3283);
#2001=LINE('',#14590,#3284);
#2002=LINE('',#14592,#3285);
#2003=LINE('',#14596,#3286);
#2004=LINE('',#14600,#3287);
#2005=LINE('',#14602,#3288);
#2006=LINE('',#14604,#3289);
#2007=LINE('',#14607,#3290);
#2008=LINE('',#14609,#3291);
#2009=LINE('',#14610,#3292);
#2010=LINE('',#14613,#3293);
#2011=LINE('',#14618,#3294);
#2012=LINE('',#14619,#3295);
#2013=LINE('',#14621,#3296);
#2014=LINE('',#14625,#3297);
#2015=LINE('',#14627,#3298);
#2016=LINE('',#14629,#3299);
#2017=LINE('',#14632,#3300);
#2018=LINE('',#14634,#3301);
#2019=LINE('',#14636,#3302);
#2020=LINE('',#14638,#3303);
#2021=LINE('',#14640,#3304);
#2022=LINE('',#14642,#3305);
#2023=LINE('',#14644,#3306);
#2024=LINE('',#14646,#3307);
#2025=LINE('',#14647,#3308);
#2026=LINE('',#14649,#3309);
#2027=LINE('',#14652,#3310);
#2028=LINE('',#14654,#3311);
#2029=LINE('',#14655,#3312);
#2030=LINE('',#14658,#3313);
#2031=LINE('',#14659,#3314);
#2032=LINE('',#14662,#3315);
#2033=LINE('',#14663,#3316);
#2034=LINE('',#14665,#3317);
#2035=LINE('',#14670,#3318);
#2036=LINE('',#14672,#3319);
#2037=LINE('',#14674,#3320);
#2038=LINE('',#14675,#3321);
#2039=LINE('',#14679,#3322);
#2040=LINE('',#14681,#3323);
#2041=LINE('',#14683,#3324);
#2042=LINE('',#14684,#3325);
#2043=LINE('',#14688,#3326);
#2044=LINE('',#14690,#3327);
#2045=LINE('',#14692,#3328);
#2046=LINE('',#14693,#3329);
#2047=LINE('',#14697,#3330);
#2048=LINE('',#14699,#3331);
#2049=LINE('',#14701,#3332);
#2050=LINE('',#14702,#3333);
#2051=LINE('',#14706,#3334);
#2052=LINE('',#14708,#3335);
#2053=LINE('',#14710,#3336);
#2054=LINE('',#14711,#3337);
#2055=LINE('',#14715,#3338);
#2056=LINE('',#14717,#3339);
#2057=LINE('',#14719,#3340);
#2058=LINE('',#14720,#3341);
#2059=LINE('',#14724,#3342);
#2060=LINE('',#14726,#3343);
#2061=LINE('',#14728,#3344);
#2062=LINE('',#14729,#3345);
#2063=LINE('',#14733,#3346);
#2064=LINE('',#14735,#3347);
#2065=LINE('',#14737,#3348);
#2066=LINE('',#14738,#3349);
#2067=LINE('',#14742,#3350);
#2068=LINE('',#14744,#3351);
#2069=LINE('',#14746,#3352);
#2070=LINE('',#14747,#3353);
#2071=LINE('',#14751,#3354);
#2072=LINE('',#14753,#3355);
#2073=LINE('',#14755,#3356);
#2074=LINE('',#14756,#3357);
#2075=LINE('',#14760,#3358);
#2076=LINE('',#14762,#3359);
#2077=LINE('',#14764,#3360);
#2078=LINE('',#14765,#3361);
#2079=LINE('',#14769,#3362);
#2080=LINE('',#14771,#3363);
#2081=LINE('',#14773,#3364);
#2082=LINE('',#14774,#3365);
#2083=LINE('',#14778,#3366);
#2084=LINE('',#14780,#3367);
#2085=LINE('',#14782,#3368);
#2086=LINE('',#14783,#3369);
#2087=LINE('',#14787,#3370);
#2088=LINE('',#14789,#3371);
#2089=LINE('',#14791,#3372);
#2090=LINE('',#14792,#3373);
#2091=LINE('',#14796,#3374);
#2092=LINE('',#14798,#3375);
#2093=LINE('',#14800,#3376);
#2094=LINE('',#14801,#3377);
#2095=LINE('',#14805,#3378);
#2096=LINE('',#14807,#3379);
#2097=LINE('',#14809,#3380);
#2098=LINE('',#14810,#3381);
#2099=LINE('',#14814,#3382);
#2100=LINE('',#14816,#3383);
#2101=LINE('',#14818,#3384);
#2102=LINE('',#14819,#3385);
#2103=LINE('',#14823,#3386);
#2104=LINE('',#14825,#3387);
#2105=LINE('',#14827,#3388);
#2106=LINE('',#14828,#3389);
#2107=LINE('',#14832,#3390);
#2108=LINE('',#14834,#3391);
#2109=LINE('',#14836,#3392);
#2110=LINE('',#14837,#3393);
#2111=LINE('',#14841,#3394);
#2112=LINE('',#14843,#3395);
#2113=LINE('',#14845,#3396);
#2114=LINE('',#14846,#3397);
#2115=LINE('',#14850,#3398);
#2116=LINE('',#14852,#3399);
#2117=LINE('',#14854,#3400);
#2118=LINE('',#14855,#3401);
#2119=LINE('',#14859,#3402);
#2120=LINE('',#14861,#3403);
#2121=LINE('',#14863,#3404);
#2122=LINE('',#14864,#3405);
#2123=LINE('',#14868,#3406);
#2124=LINE('',#14870,#3407);
#2125=LINE('',#14872,#3408);
#2126=LINE('',#14873,#3409);
#2127=LINE('',#14877,#3410);
#2128=LINE('',#14879,#3411);
#2129=LINE('',#14881,#3412);
#2130=LINE('',#14882,#3413);
#2131=LINE('',#14886,#3414);
#2132=LINE('',#14888,#3415);
#2133=LINE('',#14890,#3416);
#2134=LINE('',#14891,#3417);
#2135=LINE('',#14895,#3418);
#2136=LINE('',#14897,#3419);
#2137=LINE('',#14899,#3420);
#2138=LINE('',#14900,#3421);
#2139=LINE('',#14904,#3422);
#2140=LINE('',#14906,#3423);
#2141=LINE('',#14908,#3424);
#2142=LINE('',#14909,#3425);
#2143=LINE('',#14913,#3426);
#2144=LINE('',#14915,#3427);
#2145=LINE('',#14917,#3428);
#2146=LINE('',#14918,#3429);
#2147=LINE('',#14922,#3430);
#2148=LINE('',#14924,#3431);
#2149=LINE('',#14926,#3432);
#2150=LINE('',#14927,#3433);
#2151=LINE('',#14931,#3434);
#2152=LINE('',#14933,#3435);
#2153=LINE('',#14935,#3436);
#2154=LINE('',#14936,#3437);
#2155=LINE('',#14940,#3438);
#2156=LINE('',#14942,#3439);
#2157=LINE('',#14944,#3440);
#2158=LINE('',#14945,#3441);
#2159=LINE('',#14949,#3442);
#2160=LINE('',#14951,#3443);
#2161=LINE('',#14953,#3444);
#2162=LINE('',#14954,#3445);
#2163=LINE('',#14958,#3446);
#2164=LINE('',#14960,#3447);
#2165=LINE('',#14962,#3448);
#2166=LINE('',#14963,#3449);
#2167=LINE('',#14967,#3450);
#2168=LINE('',#14969,#3451);
#2169=LINE('',#14971,#3452);
#2170=LINE('',#14972,#3453);
#2171=LINE('',#14976,#3454);
#2172=LINE('',#14978,#3455);
#2173=LINE('',#14980,#3456);
#2174=LINE('',#14981,#3457);
#2175=LINE('',#14985,#3458);
#2176=LINE('',#14987,#3459);
#2177=LINE('',#14989,#3460);
#2178=LINE('',#14990,#3461);
#2179=LINE('',#14994,#3462);
#2180=LINE('',#14996,#3463);
#2181=LINE('',#14998,#3464);
#2182=LINE('',#14999,#3465);
#2183=LINE('',#15003,#3466);
#2184=LINE('',#15005,#3467);
#2185=LINE('',#15007,#3468);
#2186=LINE('',#15008,#3469);
#2187=LINE('',#15012,#3470);
#2188=LINE('',#15014,#3471);
#2189=LINE('',#15016,#3472);
#2190=LINE('',#15017,#3473);
#2191=LINE('',#15021,#3474);
#2192=LINE('',#15023,#3475);
#2193=LINE('',#15025,#3476);
#2194=LINE('',#15026,#3477);
#2195=LINE('',#15028,#3478);
#2196=LINE('',#15029,#3479);
#2197=LINE('',#15031,#3480);
#2198=LINE('',#15033,#3481);
#2199=LINE('',#15034,#3482);
#2200=LINE('',#15036,#3483);
#2201=LINE('',#15038,#3484);
#2202=LINE('',#15039,#3485);
#2203=LINE('',#15041,#3486);
#2204=LINE('',#15043,#3487);
#2205=LINE('',#15044,#3488);
#2206=LINE('',#15046,#3489);
#2207=LINE('',#15048,#3490);
#2208=LINE('',#15049,#3491);
#2209=LINE('',#15051,#3492);
#2210=LINE('',#15053,#3493);
#2211=LINE('',#15054,#3494);
#2212=LINE('',#15056,#3495);
#2213=LINE('',#15058,#3496);
#2214=LINE('',#15059,#3497);
#2215=LINE('',#15061,#3498);
#2216=LINE('',#15063,#3499);
#2217=LINE('',#15064,#3500);
#2218=LINE('',#15066,#3501);
#2219=LINE('',#15068,#3502);
#2220=LINE('',#15069,#3503);
#2221=LINE('',#15071,#3504);
#2222=LINE('',#15073,#3505);
#2223=LINE('',#15074,#3506);
#2224=LINE('',#15076,#3507);
#2225=LINE('',#15078,#3508);
#2226=LINE('',#15079,#3509);
#2227=LINE('',#15081,#3510);
#2228=LINE('',#15083,#3511);
#2229=LINE('',#15084,#3512);
#2230=LINE('',#15086,#3513);
#2231=LINE('',#15088,#3514);
#2232=LINE('',#15089,#3515);
#2233=LINE('',#15091,#3516);
#2234=LINE('',#15093,#3517);
#2235=LINE('',#15094,#3518);
#2236=LINE('',#15096,#3519);
#2237=LINE('',#15098,#3520);
#2238=LINE('',#15099,#3521);
#2239=LINE('',#15101,#3522);
#2240=LINE('',#15103,#3523);
#2241=LINE('',#15104,#3524);
#2242=LINE('',#15106,#3525);
#2243=LINE('',#15108,#3526);
#2244=LINE('',#15109,#3527);
#2245=LINE('',#15111,#3528);
#2246=LINE('',#15113,#3529);
#2247=LINE('',#15114,#3530);
#2248=LINE('',#15116,#3531);
#2249=LINE('',#15118,#3532);
#2250=LINE('',#15119,#3533);
#2251=LINE('',#15121,#3534);
#2252=LINE('',#15123,#3535);
#2253=LINE('',#15124,#3536);
#2254=LINE('',#15126,#3537);
#2255=LINE('',#15127,#3538);
#2256=LINE('',#15129,#3539);
#2257=LINE('',#15131,#3540);
#2258=LINE('',#15132,#3541);
#2259=LINE('',#15134,#3542);
#2260=LINE('',#15136,#3543);
#2261=LINE('',#15137,#3544);
#2262=LINE('',#15139,#3545);
#2263=LINE('',#15141,#3546);
#2264=LINE('',#15142,#3547);
#2265=LINE('',#15144,#3548);
#2266=LINE('',#15146,#3549);
#2267=LINE('',#15147,#3550);
#2268=LINE('',#15149,#3551);
#2269=LINE('',#15151,#3552);
#2270=LINE('',#15152,#3553);
#2271=LINE('',#15154,#3554);
#2272=LINE('',#15156,#3555);
#2273=LINE('',#15157,#3556);
#2274=LINE('',#15159,#3557);
#2275=LINE('',#15161,#3558);
#2276=LINE('',#15162,#3559);
#2277=LINE('',#15164,#3560);
#2278=LINE('',#15166,#3561);
#2279=LINE('',#15167,#3562);
#2280=LINE('',#15169,#3563);
#2281=LINE('',#15171,#3564);
#2282=LINE('',#15172,#3565);
#2283=LINE('',#15174,#3566);
#2284=LINE('',#15176,#3567);
#2285=LINE('',#15177,#3568);
#2286=LINE('',#15179,#3569);
#2287=LINE('',#15181,#3570);
#2288=LINE('',#15182,#3571);
#2289=LINE('',#15184,#3572);
#2290=LINE('',#15186,#3573);
#2291=LINE('',#15187,#3574);
#2292=LINE('',#15189,#3575);
#2293=LINE('',#15191,#3576);
#2294=LINE('',#15192,#3577);
#2295=LINE('',#15194,#3578);
#2296=LINE('',#15196,#3579);
#2297=LINE('',#15197,#3580);
#2298=LINE('',#15199,#3581);
#2299=LINE('',#15201,#3582);
#2300=LINE('',#15202,#3583);
#2301=LINE('',#15204,#3584);
#2302=LINE('',#15206,#3585);
#2303=LINE('',#15207,#3586);
#2304=LINE('',#15209,#3587);
#2305=LINE('',#15211,#3588);
#2306=LINE('',#15212,#3589);
#2307=LINE('',#15214,#3590);
#2308=LINE('',#15216,#3591);
#2309=LINE('',#15217,#3592);
#2310=LINE('',#15219,#3593);
#2311=LINE('',#15221,#3594);
#2312=LINE('',#15222,#3595);
#2313=LINE('',#15224,#3596);
#2314=LINE('',#15226,#3597);
#2315=LINE('',#15228,#3598);
#2316=LINE('',#15230,#3599);
#2317=LINE('',#15232,#3600);
#2318=LINE('',#15234,#3601);
#2319=LINE('',#15236,#3602);
#2320=LINE('',#15238,#3603);
#2321=LINE('',#15240,#3604);
#2322=LINE('',#15242,#3605);
#2323=LINE('',#15244,#3606);
#2324=LINE('',#15246,#3607);
#2325=LINE('',#15248,#3608);
#2326=LINE('',#15250,#3609);
#2327=LINE('',#15252,#3610);
#2328=LINE('',#15254,#3611);
#2329=LINE('',#15256,#3612);
#2330=LINE('',#15258,#3613);
#2331=LINE('',#15260,#3614);
#2332=LINE('',#15262,#3615);
#2333=LINE('',#15264,#3616);
#2334=LINE('',#15266,#3617);
#2335=LINE('',#15268,#3618);
#2336=LINE('',#15270,#3619);
#2337=LINE('',#15272,#3620);
#2338=LINE('',#15274,#3621);
#2339=LINE('',#15276,#3622);
#2340=LINE('',#15278,#3623);
#2341=LINE('',#15280,#3624);
#2342=LINE('',#15282,#3625);
#2343=LINE('',#15284,#3626);
#2344=LINE('',#15286,#3627);
#2345=LINE('',#15288,#3628);
#2346=LINE('',#15290,#3629);
#2347=LINE('',#15292,#3630);
#2348=LINE('',#15294,#3631);
#2349=LINE('',#15296,#3632);
#2350=LINE('',#15298,#3633);
#2351=LINE('',#15300,#3634);
#2352=LINE('',#15302,#3635);
#2353=LINE('',#15304,#3636);
#2354=LINE('',#15306,#3637);
#2355=LINE('',#15309,#3638);
#2356=LINE('',#15311,#3639);
#2357=LINE('',#15312,#3640);
#2358=LINE('',#15315,#3641);
#2359=LINE('',#15317,#3642);
#2360=LINE('',#15318,#3643);
#2361=LINE('',#15321,#3644);
#2362=LINE('',#15323,#3645);
#2363=LINE('',#15328,#3646);
#2364=LINE('',#15332,#3647);
#2365=LINE('',#15334,#3648);
#2366=LINE('',#15336,#3649);
#2367=LINE('',#15338,#3650);
#2368=LINE('',#15341,#3651);
#2369=LINE('',#15343,#3652);
#2370=LINE('',#15345,#3653);
#2371=LINE('',#15347,#3654);
#2372=LINE('',#15349,#3655);
#2373=LINE('',#15351,#3656);
#2374=LINE('',#15353,#3657);
#2375=LINE('',#15356,#3658);
#2376=LINE('',#15365,#3659);
#2377=LINE('',#15367,#3660);
#2378=LINE('',#15369,#3661);
#2379=LINE('',#15370,#3662);
#2380=LINE('',#15374,#3663);
#2381=LINE('',#15380,#3664);
#2382=LINE('',#15381,#3665);
#2383=LINE('',#15382,#3666);
#2384=LINE('',#15386,#3667);
#2385=LINE('',#15392,#3668);
#2386=LINE('',#15393,#3669);
#2387=LINE('',#15394,#3670);
#2388=LINE('',#15398,#3671);
#2389=LINE('',#15404,#3672);
#2390=LINE('',#15405,#3673);
#2391=LINE('',#15406,#3674);
#2392=LINE('',#15412,#3675);
#2393=LINE('',#15415,#3676);
#2394=LINE('',#15418,#3677);
#2395=LINE('',#15419,#3678);
#2396=LINE('',#15422,#3679);
#2397=LINE('',#15426,#3680);
#2398=LINE('',#15427,#3681);
#2399=LINE('',#15431,#3682);
#2400=LINE('',#15433,#3683);
#2401=LINE('',#15435,#3684);
#2402=LINE('',#15436,#3685);
#2403=LINE('',#15439,#3686);
#2404=LINE('',#15441,#3687);
#2405=LINE('',#15442,#3688);
#2406=LINE('',#15446,#3689);
#2407=LINE('',#15452,#3690);
#2408=LINE('',#15453,#3691);
#2409=LINE('',#15454,#3692);
#2410=LINE('',#15458,#3693);
#2411=LINE('',#15463,#3694);
#2412=LINE('',#15464,#3695);
#2413=LINE('',#15465,#3696);
#2414=LINE('',#15468,#3697);
#2415=LINE('',#15472,#3698);
#2416=LINE('',#15473,#3699);
#2417=LINE('',#15477,#3700);
#2418=LINE('',#15478,#3701);
#2419=LINE('',#15480,#3702);
#2420=LINE('',#15485,#3703);
#2421=LINE('',#15487,#3704);
#2422=LINE('',#15489,#3705);
#2423=LINE('',#15490,#3706);
#2424=LINE('',#15492,#3707);
#2425=LINE('',#15493,#3708);
#2426=LINE('',#15495,#3709);
#2427=LINE('',#15497,#3710);
#2428=LINE('',#15503,#3711);
#2429=LINE('',#15505,#3712);
#2430=LINE('',#15507,#3713);
#2431=LINE('',#15508,#3714);
#2432=LINE('',#15511,#3715);
#2433=LINE('',#15513,#3716);
#2434=LINE('',#15514,#3717);
#2435=LINE('',#15517,#3718);
#2436=LINE('',#15519,#3719);
#2437=LINE('',#15520,#3720);
#2438=LINE('',#15522,#3721);
#2439=LINE('',#15523,#3722);
#2440=LINE('',#15530,#3723);
#2441=LINE('',#15532,#3724);
#2442=LINE('',#15534,#3725);
#2443=LINE('',#15535,#3726);
#2444=LINE('',#15538,#3727);
#2445=LINE('',#15540,#3728);
#2446=LINE('',#15541,#3729);
#2447=LINE('',#15544,#3730);
#2448=LINE('',#15546,#3731);
#2449=LINE('',#15547,#3732);
#2450=LINE('',#15549,#3733);
#2451=LINE('',#15550,#3734);
#2452=LINE('',#15557,#3735);
#2453=LINE('',#15559,#3736);
#2454=LINE('',#15561,#3737);
#2455=LINE('',#15562,#3738);
#2456=LINE('',#15565,#3739);
#2457=LINE('',#15567,#3740);
#2458=LINE('',#15568,#3741);
#2459=LINE('',#15571,#3742);
#2460=LINE('',#15573,#3743);
#2461=LINE('',#15574,#3744);
#2462=LINE('',#15576,#3745);
#2463=LINE('',#15577,#3746);
#2464=LINE('',#15584,#3747);
#2465=LINE('',#15588,#3748);
#2466=LINE('',#15592,#3749);
#2467=LINE('',#15596,#3750);
#2468=LINE('',#15600,#3751);
#2469=LINE('',#15604,#3752);
#2470=LINE('',#15627,#3753);
#2471=LINE('',#15637,#3754);
#2472=LINE('',#15647,#3755);
#2473=LINE('',#15656,#3756);
#2474=LINE('',#15658,#3757);
#2475=LINE('',#15661,#3758);
#2476=LINE('',#15664,#3759);
#2477=LINE('',#15670,#3760);
#2478=LINE('',#15672,#3761);
#2479=LINE('',#15676,#3762);
#2480=LINE('',#15678,#3763);
#2481=LINE('',#15682,#3764);
#2482=LINE('',#15685,#3765);
#2483=LINE('',#15687,#3766);
#2484=LINE('',#15699,#3767);
#2485=LINE('',#15701,#3768);
#2486=LINE('',#15705,#3769);
#2487=LINE('',#15706,#3770);
#2488=LINE('',#15723,#3771);
#2489=LINE('',#15730,#3772);
#2490=LINE('',#15739,#3773);
#2491=LINE('',#15745,#3774);
#2492=LINE('',#15747,#3775);
#2493=LINE('',#15748,#3776);
#2494=LINE('',#15750,#3777);
#2495=LINE('',#15755,#3778);
#2496=LINE('',#15764,#3779);
#2497=LINE('',#15768,#3780);
#2498=LINE('',#15772,#3781);
#2499=LINE('',#15776,#3782);
#2500=LINE('',#15779,#3783);
#2501=LINE('',#15782,#3784);
#2502=LINE('',#15784,#3785);
#2503=LINE('',#15788,#3786);
#2504=LINE('',#15799,#3787);
#2505=LINE('',#15802,#3788);
#2506=LINE('',#15804,#3789);
#2507=LINE('',#15806,#3790);
#2508=LINE('',#15807,#3791);
#2509=LINE('',#15810,#3792);
#2510=LINE('',#15814,#3793);
#2511=LINE('',#15820,#3794);
#2512=LINE('',#15823,#3795);
#2513=LINE('',#15827,#3796);
#2514=LINE('',#15829,#3797);
#2515=LINE('',#15831,#3798);
#2516=LINE('',#15832,#3799);
#2517=LINE('',#15836,#3800);
#2518=LINE('',#15838,#3801);
#2519=LINE('',#15840,#3802);
#2520=LINE('',#15841,#3803);
#2521=LINE('',#15843,#3804);
#2522=LINE('',#15844,#3805);
#2523=LINE('',#15848,#3806);
#2524=LINE('',#15850,#3807);
#2525=LINE('',#15852,#3808);
#2526=LINE('',#15853,#3809);
#2527=LINE('',#15856,#3810);
#2528=LINE('',#15858,#3811);
#2529=LINE('',#15859,#3812);
#2530=LINE('',#15862,#3813);
#2531=LINE('',#15864,#3814);
#2532=LINE('',#15865,#3815);
#2533=LINE('',#15869,#3816);
#2534=LINE('',#15871,#3817);
#2535=LINE('',#15873,#3818);
#2536=LINE('',#15874,#3819);
#2537=LINE('',#15877,#3820);
#2538=LINE('',#15879,#3821);
#2539=LINE('',#15880,#3822);
#2540=LINE('',#15883,#3823);
#2541=LINE('',#15885,#3824);
#2542=LINE('',#15886,#3825);
#2543=LINE('',#15890,#3826);
#2544=LINE('',#15892,#3827);
#2545=LINE('',#15894,#3828);
#2546=LINE('',#15895,#3829);
#2547=LINE('',#15899,#3830);
#2548=LINE('',#15901,#3831);
#2549=LINE('',#15903,#3832);
#2550=LINE('',#15904,#3833);
#2551=LINE('',#15906,#3834);
#2552=LINE('',#15907,#3835);
#2553=LINE('',#15911,#3836);
#2554=LINE('',#15913,#3837);
#2555=LINE('',#15915,#3838);
#2556=LINE('',#15916,#3839);
#2557=LINE('',#15919,#3840);
#2558=LINE('',#15921,#3841);
#2559=LINE('',#15922,#3842);
#2560=LINE('',#15925,#3843);
#2561=LINE('',#15927,#3844);
#2562=LINE('',#15928,#3845);
#2563=LINE('',#15932,#3846);
#2564=LINE('',#15934,#3847);
#2565=LINE('',#15936,#3848);
#2566=LINE('',#15937,#3849);
#2567=LINE('',#15940,#3850);
#2568=LINE('',#15942,#3851);
#2569=LINE('',#15943,#3852);
#2570=LINE('',#15946,#3853);
#2571=LINE('',#15948,#3854);
#2572=LINE('',#15949,#3855);
#2573=LINE('',#15953,#3856);
#2574=LINE('',#15955,#3857);
#2575=LINE('',#15957,#3858);
#2576=LINE('',#15958,#3859);
#2577=LINE('',#15962,#3860);
#2578=LINE('',#15964,#3861);
#2579=LINE('',#15966,#3862);
#2580=LINE('',#15967,#3863);
#2581=LINE('',#15969,#3864);
#2582=LINE('',#15970,#3865);
#2583=LINE('',#15974,#3866);
#2584=LINE('',#15976,#3867);
#2585=LINE('',#15978,#3868);
#2586=LINE('',#15979,#3869);
#2587=LINE('',#15982,#3870);
#2588=LINE('',#15984,#3871);
#2589=LINE('',#15985,#3872);
#2590=LINE('',#15988,#3873);
#2591=LINE('',#15990,#3874);
#2592=LINE('',#15991,#3875);
#2593=LINE('',#15995,#3876);
#2594=LINE('',#15997,#3877);
#2595=LINE('',#15999,#3878);
#2596=LINE('',#16000,#3879);
#2597=LINE('',#16004,#3880);
#2598=LINE('',#16006,#3881);
#2599=LINE('',#16008,#3882);
#2600=LINE('',#16009,#3883);
#2601=LINE('',#16011,#3884);
#2602=LINE('',#16012,#3885);
#2603=LINE('',#16016,#3886);
#2604=LINE('',#16018,#3887);
#2605=LINE('',#16020,#3888);
#2606=LINE('',#16021,#3889);
#2607=LINE('',#16025,#3890);
#2608=LINE('',#16027,#3891);
#2609=LINE('',#16029,#3892);
#2610=LINE('',#16030,#3893);
#2611=LINE('',#16032,#3894);
#2612=LINE('',#16033,#3895);
#2613=LINE('',#16035,#3896);
#2614=LINE('',#16037,#3897);
#2615=LINE('',#16039,#3898);
#2616=LINE('',#16043,#3899);
#2617=LINE('',#16047,#3900);
#2618=LINE('',#16048,#3901);
#2619=LINE('',#16049,#3902);
#2620=LINE('',#16050,#3903);
#2621=LINE('',#16051,#3904);
#2622=LINE('',#16052,#3905);
#2623=LINE('',#16053,#3906);
#2624=LINE('',#16054,#3907);
#2625=LINE('',#16055,#3908);
#2626=LINE('',#16056,#3909);
#2627=LINE('',#16059,#3910);
#2628=LINE('',#16060,#3911);
#2629=LINE('',#16063,#3912);
#2630=LINE('',#16064,#3913);
#2631=LINE('',#16066,#3914);
#2632=LINE('',#16068,#3915);
#2633=LINE('',#16070,#3916);
#2634=LINE('',#16072,#3917);
#2635=LINE('',#16074,#3918);
#2636=LINE('',#16076,#3919);
#2637=LINE('',#16078,#3920);
#2638=LINE('',#16080,#3921);
#2639=LINE('',#16082,#3922);
#2640=LINE('',#16085,#3923);
#2641=LINE('',#16087,#3924);
#2642=LINE('',#16089,#3925);
#2643=LINE('',#16091,#3926);
#2644=LINE('',#16093,#3927);
#2645=LINE('',#16094,#3928);
#2646=LINE('',#16097,#3929);
#2647=LINE('',#16101,#3930);
#2648=LINE('',#16105,#3931);
#2649=LINE('',#16107,#3932);
#2650=LINE('',#16109,#3933);
#2651=LINE('',#16111,#3934);
#2652=LINE('',#16112,#3935);
#2653=LINE('',#16114,#3936);
#2654=LINE('',#16115,#3937);
#2655=LINE('',#16120,#3938);
#2656=LINE('',#16126,#3939);
#2657=LINE('',#16131,#3940);
#2658=LINE('',#16133,#3941);
#2659=LINE('',#16135,#3942);
#2660=LINE('',#16136,#3943);
#2661=LINE('',#16139,#3944);
#2662=LINE('',#16141,#3945);
#2663=LINE('',#16142,#3946);
#2664=LINE('',#16145,#3947);
#2665=LINE('',#16147,#3948);
#2666=LINE('',#16148,#3949);
#2667=LINE('',#16151,#3950);
#2668=LINE('',#16153,#3951);
#2669=LINE('',#16154,#3952);
#2670=LINE('',#16157,#3953);
#2671=LINE('',#16159,#3954);
#2672=LINE('',#16160,#3955);
#2673=LINE('',#16163,#3956);
#2674=LINE('',#16165,#3957);
#2675=LINE('',#16166,#3958);
#2676=LINE('',#16169,#3959);
#2677=LINE('',#16171,#3960);
#2678=LINE('',#16172,#3961);
#2679=LINE('',#16175,#3962);
#2680=LINE('',#16177,#3963);
#2681=LINE('',#16178,#3964);
#2682=LINE('',#16181,#3965);
#2683=LINE('',#16183,#3966);
#2684=LINE('',#16184,#3967);
#2685=LINE('',#16187,#3968);
#2686=LINE('',#16189,#3969);
#2687=LINE('',#16190,#3970);
#2688=LINE('',#16193,#3971);
#2689=LINE('',#16195,#3972);
#2690=LINE('',#16196,#3973);
#2691=LINE('',#16198,#3974);
#2692=LINE('',#16199,#3975);
#2693=LINE('',#16204,#3976);
#2694=LINE('',#16206,#3977);
#2695=LINE('',#16208,#3978);
#2696=LINE('',#16209,#3979);
#2697=LINE('',#16212,#3980);
#2698=LINE('',#16214,#3981);
#2699=LINE('',#16215,#3982);
#2700=LINE('',#16218,#3983);
#2701=LINE('',#16220,#3984);
#2702=LINE('',#16221,#3985);
#2703=LINE('',#16223,#3986);
#2704=LINE('',#16227,#3987);
#2705=LINE('',#16229,#3988);
#2706=LINE('',#16231,#3989);
#2707=LINE('',#16232,#3990);
#2708=LINE('',#16235,#3991);
#2709=LINE('',#16237,#3992);
#2710=LINE('',#16238,#3993);
#2711=LINE('',#16241,#3994);
#2712=LINE('',#16243,#3995);
#2713=LINE('',#16244,#3996);
#2714=LINE('',#16246,#3997);
#2715=LINE('',#16250,#3998);
#2716=LINE('',#16252,#3999);
#2717=LINE('',#16254,#4000);
#2718=LINE('',#16255,#4001);
#2719=LINE('',#16258,#4002);
#2720=LINE('',#16260,#4003);
#2721=LINE('',#16261,#4004);
#2722=LINE('',#16264,#4005);
#2723=LINE('',#16266,#4006);
#2724=LINE('',#16267,#4007);
#2725=LINE('',#16269,#4008);
#2726=LINE('',#16273,#4009);
#2727=LINE('',#16275,#4010);
#2728=LINE('',#16277,#4011);
#2729=LINE('',#16278,#4012);
#2730=LINE('',#16281,#4013);
#2731=LINE('',#16283,#4014);
#2732=LINE('',#16284,#4015);
#2733=LINE('',#16287,#4016);
#2734=LINE('',#16289,#4017);
#2735=LINE('',#16290,#4018);
#2736=LINE('',#16292,#4019);
#2737=LINE('',#16296,#4020);
#2738=LINE('',#16300,#4021);
#2739=LINE('',#16304,#4022);
#2740=LINE('',#16308,#4023);
#2741=LINE('',#16310,#4024);
#2742=LINE('',#16311,#4025);
#2743=LINE('',#16312,#4026);
#2744=LINE('',#16314,#4027);
#2745=LINE('',#16316,#4028);
#2746=LINE('',#16318,#4029);
#2747=LINE('',#16320,#4030);
#2748=LINE('',#16321,#4031);
#2749=LINE('',#16324,#4032);
#2750=LINE('',#16326,#4033);
#2751=LINE('',#16327,#4034);
#2752=LINE('',#16330,#4035);
#2753=LINE('',#16331,#4036);
#2754=LINE('',#16334,#4037);
#2755=LINE('',#16335,#4038);
#2756=LINE('',#16337,#4039);
#2757=LINE('',#16341,#4040);
#2758=LINE('',#16344,#4041);
#2759=LINE('',#16347,#4042);
#2760=LINE('',#16350,#4043);
#2761=LINE('',#16352,#4044);
#2762=LINE('',#16355,#4045);
#2763=LINE('',#16359,#4046);
#2764=LINE('',#16362,#4047);
#2765=LINE('',#16367,#4048);
#2766=LINE('',#16370,#4049);
#2767=LINE('',#16372,#4050);
#2768=LINE('',#16373,#4051);
#2769=LINE('',#16375,#4052);
#2770=LINE('',#16376,#4053);
#2771=LINE('',#16381,#4054);
#2772=LINE('',#16383,#4055);
#2773=LINE('',#16385,#4056);
#2774=LINE('',#16404,#4057);
#2775=LINE('',#16406,#4058);
#2776=LINE('',#16408,#4059);
#2777=LINE('',#16410,#4060);
#2778=LINE('',#16413,#4061);
#2779=LINE('',#16415,#4062);
#2780=LINE('',#16417,#4063);
#2781=LINE('',#16419,#4064);
#2782=LINE('',#16421,#4065);
#2783=LINE('',#16422,#4066);
#2784=LINE('',#16423,#4067);
#2785=LINE('',#16426,#4068);
#2786=LINE('',#16428,#4069);
#2787=LINE('',#16431,#4070);
#2788=LINE('',#16433,#4071);
#2789=LINE('',#16435,#4072);
#2790=LINE('',#16437,#4073);
#2791=LINE('',#16463,#4074);
#2792=LINE('',#16465,#4075);
#2793=LINE('',#16467,#4076);
#2794=LINE('',#16468,#4077);
#2795=LINE('',#16471,#4078);
#2796=LINE('',#16473,#4079);
#2797=LINE('',#16474,#4080);
#2798=LINE('',#16477,#4081);
#2799=LINE('',#16479,#4082);
#2800=LINE('',#16480,#4083);
#2801=LINE('',#16482,#4084);
#2802=LINE('',#16483,#4085);
#2803=LINE('',#16487,#4086);
#2804=LINE('',#16489,#4087);
#2805=LINE('',#16491,#4088);
#2806=LINE('',#16492,#4089);
#2807=LINE('',#16495,#4090);
#2808=LINE('',#16497,#4091);
#2809=LINE('',#16498,#4092);
#2810=LINE('',#16501,#4093);
#2811=LINE('',#16503,#4094);
#2812=LINE('',#16504,#4095);
#2813=LINE('',#16507,#4096);
#2814=LINE('',#16509,#4097);
#2815=LINE('',#16510,#4098);
#2816=LINE('',#16513,#4099);
#2817=LINE('',#16515,#4100);
#2818=LINE('',#16516,#4101);
#2819=LINE('',#16518,#4102);
#2820=LINE('',#16519,#4103);
#2821=LINE('',#16532,#4104);
#2822=LINE('',#16534,#4105);
#2823=LINE('',#16536,#4106);
#2824=LINE('',#16540,#4107);
#2825=LINE('',#16544,#4108);
#2826=LINE('',#16546,#4109);
#2827=LINE('',#16548,#4110);
#2828=LINE('',#16552,#4111);
#2829=LINE('',#16556,#4112);
#2830=LINE('',#16558,#4113);
#2831=LINE('',#16560,#4114);
#2832=LINE('',#16562,#4115);
#2833=LINE('',#16564,#4116);
#2834=LINE('',#16566,#4117);
#2835=LINE('',#16568,#4118);
#2836=LINE('',#16572,#4119);
#2837=LINE('',#16576,#4120);
#2838=LINE('',#16578,#4121);
#2839=LINE('',#16580,#4122);
#2840=LINE('',#16584,#4123);
#2841=LINE('',#16588,#4124);
#2842=LINE('',#16590,#4125);
#2843=LINE('',#16592,#4126);
#2844=LINE('',#16593,#4127);
#2845=LINE('',#16612,#4128);
#2846=LINE('',#16614,#4129);
#2847=LINE('',#16615,#4130);
#2848=LINE('',#16619,#4131);
#2849=LINE('',#16620,#4132);
#2850=LINE('',#16622,#4133);
#2851=LINE('',#16624,#4134);
#2852=LINE('',#16626,#4135);
#2853=LINE('',#16627,#4136);
#2854=LINE('',#16631,#4137);
#2855=LINE('',#16633,#4138);
#2856=LINE('',#16635,#4139);
#2857=LINE('',#16637,#4140);
#2858=LINE('',#16639,#4141);
#2859=LINE('',#16641,#4142);
#2860=LINE('',#16643,#4143);
#2861=LINE('',#16645,#4144);
#2862=LINE('',#16647,#4145);
#2863=LINE('',#16649,#4146);
#2864=LINE('',#16651,#4147);
#2865=LINE('',#16653,#4148);
#2866=LINE('',#16655,#4149);
#2867=LINE('',#16657,#4150);
#2868=LINE('',#16659,#4151);
#2869=LINE('',#16661,#4152);
#2870=LINE('',#16663,#4153);
#2871=LINE('',#16667,#4154);
#2872=LINE('',#16671,#4155);
#2873=LINE('',#16673,#4156);
#2874=LINE('',#16675,#4157);
#2875=LINE('',#16677,#4158);
#2876=LINE('',#16679,#4159);
#2877=LINE('',#16681,#4160);
#2878=LINE('',#16683,#4161);
#2879=LINE('',#16687,#4162);
#2880=LINE('',#16690,#4163);
#2881=LINE('',#16692,#4164);
#2882=LINE('',#16694,#4165);
#2883=LINE('',#16695,#4166);
#2884=LINE('',#16697,#4167);
#2885=LINE('',#16699,#4168);
#2886=LINE('',#16701,#4169);
#2887=LINE('',#16703,#4170);
#2888=LINE('',#16705,#4171);
#2889=LINE('',#16707,#4172);
#2890=LINE('',#16709,#4173);
#2891=LINE('',#16711,#4174);
#2892=LINE('',#16713,#4175);
#2893=LINE('',#16715,#4176);
#2894=LINE('',#16717,#4177);
#2895=LINE('',#16719,#4178);
#2896=LINE('',#16723,#4179);
#2897=LINE('',#16727,#4180);
#2898=LINE('',#16729,#4181);
#2899=LINE('',#16731,#4182);
#2900=LINE('',#16733,#4183);
#2901=LINE('',#16735,#4184);
#2902=LINE('',#16737,#4185);
#2903=LINE('',#16739,#4186);
#2904=LINE('',#16743,#4187);
#2905=LINE('',#16747,#4188);
#2906=LINE('',#16748,#4189);
#2907=LINE('',#16767,#4190);
#2908=LINE('',#16769,#4191);
#2909=LINE('',#16770,#4192);
#2910=LINE('',#16773,#4193);
#2911=LINE('',#16774,#4194);
#2912=LINE('',#16777,#4195);
#2913=LINE('',#16778,#4196);
#2914=LINE('',#16780,#4197);
#2915=LINE('',#16781,#4198);
#2916=LINE('',#16782,#4199);
#2917=LINE('',#16785,#4200);
#2918=LINE('',#16789,#4201);
#2919=LINE('',#16791,#4202);
#2920=LINE('',#16793,#4203);
#2921=LINE('',#16794,#4204);
#2922=LINE('',#16795,#4205);
#2923=LINE('',#16797,#4206);
#2924=LINE('',#16799,#4207);
#2925=LINE('',#16800,#4208);
#2926=LINE('',#16803,#4209);
#2927=LINE('',#16805,#4210);
#2928=LINE('',#16806,#4211);
#2929=LINE('',#16809,#4212);
#2930=LINE('',#16810,#4213);
#2931=LINE('',#16813,#4214);
#2932=LINE('',#16814,#4215);
#2933=LINE('',#16817,#4216);
#2934=LINE('',#16819,#4217);
#2935=LINE('',#16820,#4218);
#2936=LINE('',#16822,#4219);
#2937=LINE('',#16824,#4220);
#2938=LINE('',#16825,#4221);
#2939=LINE('',#16829,#4222);
#2940=LINE('',#16831,#4223);
#2941=LINE('',#16833,#4224);
#2942=LINE('',#16835,#4225);
#2943=LINE('',#16836,#4226);
#2944=LINE('',#16839,#4227);
#2945=LINE('',#16840,#4228);
#2946=LINE('',#16843,#4229);
#2947=LINE('',#16844,#4230);
#2948=LINE('',#16846,#4231);
#2949=LINE('',#16849,#4232);
#2950=LINE('',#16851,#4233);
#2951=LINE('',#16853,#4234);
#2952=LINE('',#16855,#4235);
#2953=LINE('',#16857,#4236);
#2954=LINE('',#16859,#4237);
#2955=LINE('',#16861,#4238);
#2956=LINE('',#16863,#4239);
#2957=LINE('',#16864,#4240);
#2958=LINE('',#16867,#4241);
#2959=LINE('',#16868,#4242);
#2960=LINE('',#16871,#4243);
#2961=LINE('',#16872,#4244);
#2962=LINE('',#16874,#4245);
#2963=LINE('',#16877,#4246);
#2964=LINE('',#16879,#4247);
#2965=LINE('',#16881,#4248);
#2966=LINE('',#16883,#4249);
#2967=LINE('',#16886,#4250);
#2968=LINE('',#16888,#4251);
#2969=LINE('',#16890,#4252);
#2970=LINE('',#16892,#4253);
#2971=LINE('',#16894,#4254);
#2972=LINE('',#16896,#4255);
#2973=LINE('',#16898,#4256);
#2974=LINE('',#16900,#4257);
#2975=LINE('',#16901,#4258);
#2976=LINE('',#16904,#4259);
#2977=LINE('',#16905,#4260);
#2978=LINE('',#16908,#4261);
#2979=LINE('',#16909,#4262);
#2980=LINE('',#16911,#4263);
#2981=LINE('',#16914,#4264);
#2982=LINE('',#16916,#4265);
#2983=LINE('',#16918,#4266);
#2984=LINE('',#16920,#4267);
#2985=LINE('',#16922,#4268);
#2986=LINE('',#16924,#4269);
#2987=LINE('',#16926,#4270);
#2988=LINE('',#16928,#4271);
#2989=LINE('',#16929,#4272);
#2990=LINE('',#16932,#4273);
#2991=LINE('',#16933,#4274);
#2992=LINE('',#16936,#4275);
#2993=LINE('',#16937,#4276);
#2994=LINE('',#16939,#4277);
#2995=LINE('',#16942,#4278);
#2996=LINE('',#16945,#4279);
#2997=LINE('',#16947,#4280);
#2998=LINE('',#16948,#4281);
#2999=LINE('',#16951,#4282);
#3000=LINE('',#16952,#4283);
#3001=LINE('',#16955,#4284);
#3002=LINE('',#16956,#4285);
#3003=LINE('',#16958,#4286);
#3004=LINE('',#16962,#4287);
#3005=LINE('',#16963,#4288);
#3006=LINE('',#16966,#4289);
#3007=LINE('',#16967,#4290);
#3008=LINE('',#16969,#4291);
#3009=LINE('',#16972,#4292);
#3010=LINE('',#16974,#4293);
#3011=LINE('',#16976,#4294);
#3012=LINE('',#16978,#4295);
#3013=LINE('',#16983,#4296);
#3014=LINE('',#16985,#4297);
#3015=LINE('',#16987,#4298);
#3016=LINE('',#16988,#4299);
#3017=LINE('',#16991,#4300);
#3018=LINE('',#16993,#4301);
#3019=LINE('',#16994,#4302);
#3020=LINE('',#16997,#4303);
#3021=LINE('',#16999,#4304);
#3022=LINE('',#17000,#4305);
#3023=LINE('',#17002,#4306);
#3024=LINE('',#17003,#4307);
#3025=VECTOR('',#11311,10.);
#3026=VECTOR('',#11314,10.);
#3027=VECTOR('',#11317,10.);
#3028=VECTOR('',#11318,10.);
#3029=VECTOR('',#11319,10.);
#3030=VECTOR('',#11320,10.);
#3031=VECTOR('',#11323,10.);
#3032=VECTOR('',#11326,10.);
#3033=VECTOR('',#11327,10.);
#3034=VECTOR('',#11328,10.);
#3035=VECTOR('',#11329,10.);
#3036=VECTOR('',#11330,10.);
#3037=VECTOR('',#11331,10.);
#3038=VECTOR('',#11332,10.);
#3039=VECTOR('',#11335,10.);
#3040=VECTOR('',#11336,10.);
#3041=VECTOR('',#11337,10.);
#3042=VECTOR('',#11338,10.);
#3043=VECTOR('',#11343,10.);
#3044=VECTOR('',#11350,10.);
#3045=VECTOR('',#11361,10.);
#3046=VECTOR('',#11372,10.);
#3047=VECTOR('',#11385,10.);
#3048=VECTOR('',#11392,10.);
#3049=VECTOR('',#11393,10.);
#3050=VECTOR('',#11394,10.);
#3051=VECTOR('',#11397,10.);
#3052=VECTOR('',#11398,10.);
#3053=VECTOR('',#11401,10.);
#3054=VECTOR('',#11402,10.);
#3055=VECTOR('',#11403,10.);
#3056=VECTOR('',#11406,10.);
#3057=VECTOR('',#11407,10.);
#3058=VECTOR('',#11408,10.);
#3059=VECTOR('',#11411,10.);
#3060=VECTOR('',#11412,10.);
#3061=VECTOR('',#11415,10.);
#3062=VECTOR('',#11416,10.);
#3063=VECTOR('',#11419,10.);
#3064=VECTOR('',#11424,10.);
#3065=VECTOR('',#11425,10.);
#3066=VECTOR('',#11426,10.);
#3067=VECTOR('',#11435,10.);
#3068=VECTOR('',#11438,10.);
#3069=VECTOR('',#11439,10.);
#3070=VECTOR('',#11442,10.);
#3071=VECTOR('',#11449,10.);
#3072=VECTOR('',#11450,10.);
#3073=VECTOR('',#11453,10.);
#3074=VECTOR('',#11458,10.);
#3075=VECTOR('',#11459,10.);
#3076=VECTOR('',#11462,10.);
#3077=VECTOR('',#11467,10.);
#3078=VECTOR('',#11468,10.);
#3079=VECTOR('',#11479,10.);
#3080=VECTOR('',#11480,10.);
#3081=VECTOR('',#11481,10.);
#3082=VECTOR('',#11484,10.);
#3083=VECTOR('',#11487,10.);
#3084=VECTOR('',#11488,10.);
#3085=VECTOR('',#11489,10.);
#3086=VECTOR('',#11492,10.);
#3087=VECTOR('',#11497,10.);
#3088=VECTOR('',#11500,10.);
#3089=VECTOR('',#11503,10.);
#3090=VECTOR('',#11504,10.);
#3091=VECTOR('',#11505,10.);
#3092=VECTOR('',#11508,10.);
#3093=VECTOR('',#11511,10.);
#3094=VECTOR('',#11514,10.);
#3095=VECTOR('',#11517,10.);
#3096=VECTOR('',#11518,10.);
#3097=VECTOR('',#11519,10.);
#3098=VECTOR('',#11520,10.);
#3099=VECTOR('',#11521,10.);
#3100=VECTOR('',#11522,10.);
#3101=VECTOR('',#11523,10.);
#3102=VECTOR('',#11524,10.);
#3103=VECTOR('',#11525,10.);
#3104=VECTOR('',#11526,10.);
#3105=VECTOR('',#11527,10.);
#3106=VECTOR('',#11528,10.);
#3107=VECTOR('',#11529,10.);
#3108=VECTOR('',#11530,10.);
#3109=VECTOR('',#11531,10.);
#3110=VECTOR('',#11532,10.);
#3111=VECTOR('',#11533,10.);
#3112=VECTOR('',#11534,10.);
#3113=VECTOR('',#11535,10.);
#3114=VECTOR('',#11536,10.);
#3115=VECTOR('',#11537,10.);
#3116=VECTOR('',#11538,10.);
#3117=VECTOR('',#11539,10.);
#3118=VECTOR('',#11540,10.);
#3119=VECTOR('',#11541,10.);
#3120=VECTOR('',#11542,10.);
#3121=VECTOR('',#11543,10.);
#3122=VECTOR('',#11544,10.);
#3123=VECTOR('',#11545,10.);
#3124=VECTOR('',#11546,10.);
#3125=VECTOR('',#11547,10.);
#3126=VECTOR('',#11548,10.);
#3127=VECTOR('',#11549,10.);
#3128=VECTOR('',#11550,10.);
#3129=VECTOR('',#11551,10.);
#3130=VECTOR('',#11552,10.);
#3131=VECTOR('',#11553,10.);
#3132=VECTOR('',#11554,10.);
#3133=VECTOR('',#11555,10.);
#3134=VECTOR('',#11556,10.);
#3135=VECTOR('',#11557,10.);
#3136=VECTOR('',#11558,10.);
#3137=VECTOR('',#11559,10.);
#3138=VECTOR('',#11560,10.);
#3139=VECTOR('',#11561,10.);
#3140=VECTOR('',#11562,10.);
#3141=VECTOR('',#11563,10.);
#3142=VECTOR('',#11564,10.);
#3143=VECTOR('',#11565,10.);
#3144=VECTOR('',#11566,10.);
#3145=VECTOR('',#11567,10.);
#3146=VECTOR('',#11568,10.);
#3147=VECTOR('',#11569,10.);
#3148=VECTOR('',#11570,10.);
#3149=VECTOR('',#11571,10.);
#3150=VECTOR('',#11572,10.);
#3151=VECTOR('',#11573,10.);
#3152=VECTOR('',#11574,10.);
#3153=VECTOR('',#11575,10.);
#3154=VECTOR('',#11576,10.);
#3155=VECTOR('',#11577,10.);
#3156=VECTOR('',#11578,10.);
#3157=VECTOR('',#11579,10.);
#3158=VECTOR('',#11580,10.);
#3159=VECTOR('',#11581,10.);
#3160=VECTOR('',#11582,10.);
#3161=VECTOR('',#11583,10.);
#3162=VECTOR('',#11584,10.);
#3163=VECTOR('',#11585,10.);
#3164=VECTOR('',#11586,10.);
#3165=VECTOR('',#11587,10.);
#3166=VECTOR('',#11588,10.);
#3167=VECTOR('',#11589,10.);
#3168=VECTOR('',#11590,10.);
#3169=VECTOR('',#11591,10.);
#3170=VECTOR('',#11592,10.);
#3171=VECTOR('',#11593,10.);
#3172=VECTOR('',#11594,10.);
#3173=VECTOR('',#11595,10.);
#3174=VECTOR('',#11596,10.);
#3175=VECTOR('',#11597,10.);
#3176=VECTOR('',#11598,10.);
#3177=VECTOR('',#11599,10.);
#3178=VECTOR('',#11600,10.);
#3179=VECTOR('',#11601,10.);
#3180=VECTOR('',#11602,10.);
#3181=VECTOR('',#11603,10.);
#3182=VECTOR('',#11604,10.);
#3183=VECTOR('',#11605,10.);
#3184=VECTOR('',#11606,10.);
#3185=VECTOR('',#11607,10.);
#3186=VECTOR('',#11608,10.);
#3187=VECTOR('',#11609,10.);
#3188=VECTOR('',#11610,10.);
#3189=VECTOR('',#11611,10.);
#3190=VECTOR('',#11612,10.);
#3191=VECTOR('',#11613,10.);
#3192=VECTOR('',#11614,10.);
#3193=VECTOR('',#11615,10.);
#3194=VECTOR('',#11616,10.);
#3195=VECTOR('',#11617,10.);
#3196=VECTOR('',#11618,10.);
#3197=VECTOR('',#11619,10.);
#3198=VECTOR('',#11620,10.);
#3199=VECTOR('',#11621,10.);
#3200=VECTOR('',#11622,10.);
#3201=VECTOR('',#11623,10.);
#3202=VECTOR('',#11624,10.);
#3203=VECTOR('',#11625,10.);
#3204=VECTOR('',#11626,10.);
#3205=VECTOR('',#11627,10.);
#3206=VECTOR('',#11628,10.);
#3207=VECTOR('',#11629,10.);
#3208=VECTOR('',#11630,10.);
#3209=VECTOR('',#11631,10.);
#3210=VECTOR('',#11632,10.);
#3211=VECTOR('',#11633,10.);
#3212=VECTOR('',#11634,10.);
#3213=VECTOR('',#11635,10.);
#3214=VECTOR('',#11636,10.);
#3215=VECTOR('',#11637,10.);
#3216=VECTOR('',#11638,10.);
#3217=VECTOR('',#11639,10.);
#3218=VECTOR('',#11640,10.);
#3219=VECTOR('',#11641,10.);
#3220=VECTOR('',#11642,10.);
#3221=VECTOR('',#11643,10.);
#3222=VECTOR('',#11644,10.);
#3223=VECTOR('',#11645,10.);
#3224=VECTOR('',#11646,10.);
#3225=VECTOR('',#11647,10.);
#3226=VECTOR('',#11648,10.);
#3227=VECTOR('',#11649,10.);
#3228=VECTOR('',#11650,10.);
#3229=VECTOR('',#11651,10.);
#3230=VECTOR('',#11652,10.);
#3231=VECTOR('',#11653,10.);
#3232=VECTOR('',#11654,10.);
#3233=VECTOR('',#11655,10.);
#3234=VECTOR('',#11656,10.);
#3235=VECTOR('',#11657,10.);
#3236=VECTOR('',#11658,10.);
#3237=VECTOR('',#11659,10.);
#3238=VECTOR('',#11660,10.);
#3239=VECTOR('',#11661,10.);
#3240=VECTOR('',#11662,10.);
#3241=VECTOR('',#11663,10.);
#3242=VECTOR('',#11664,10.);
#3243=VECTOR('',#11665,10.);
#3244=VECTOR('',#11666,10.);
#3245=VECTOR('',#11667,10.);
#3246=VECTOR('',#11668,10.);
#3247=VECTOR('',#11669,10.);
#3248=VECTOR('',#11670,10.);
#3249=VECTOR('',#11671,10.);
#3250=VECTOR('',#11672,10.);
#3251=VECTOR('',#11673,10.);
#3252=VECTOR('',#11674,10.);
#3253=VECTOR('',#11675,10.);
#3254=VECTOR('',#11676,10.);
#3255=VECTOR('',#11677,10.);
#3256=VECTOR('',#11680,10.);
#3257=VECTOR('',#11683,10.);
#3258=VECTOR('',#11686,10.);
#3259=VECTOR('',#11687,10.);
#3260=VECTOR('',#11688,10.);
#3261=VECTOR('',#11691,10.);
#3262=VECTOR('',#11692,10.);
#3263=VECTOR('',#11693,10.);
#3264=VECTOR('',#11694,10.);
#3265=VECTOR('',#11695,10.);
#3266=VECTOR('',#11698,10.);
#3267=VECTOR('',#11699,10.);
#3268=VECTOR('',#11702,10.);
#3269=VECTOR('',#11705,10.);
#3270=VECTOR('',#11706,10.);
#3271=VECTOR('',#11707,10.);
#3272=VECTOR('',#11710,10.);
#3273=VECTOR('',#11717,10.);
#3274=VECTOR('',#11720,10.);
#3275=VECTOR('',#11723,10.);
#3276=VECTOR('',#11724,10.);
#3277=VECTOR('',#11727,10.);
#3278=VECTOR('',#11730,10.);
#3279=VECTOR('',#11731,10.);
#3280=VECTOR('',#11732,10.);
#3281=VECTOR('',#11735,10.);
#3282=VECTOR('',#11738,10.);
#3283=VECTOR('',#11741,10.);
#3284=VECTOR('',#11742,10.);
#3285=VECTOR('',#11745,10.);
#3286=VECTOR('',#11748,10.);
#3287=VECTOR('',#11751,10.);
#3288=VECTOR('',#11752,10.);
#3289=VECTOR('',#11753,10.);
#3290=VECTOR('',#11756,10.);
#3291=VECTOR('',#11759,10.);
#3292=VECTOR('',#11760,10.);
#3293=VECTOR('',#11763,10.);
#3294=VECTOR('',#11770,10.);
#3295=VECTOR('',#11771,10.);
#3296=VECTOR('',#11774,10.);
#3297=VECTOR('',#11777,10.);
#3298=VECTOR('',#11778,10.);
#3299=VECTOR('',#11779,10.);
#3300=VECTOR('',#11782,10.);
#3301=VECTOR('',#11785,10.);
#3302=VECTOR('',#11788,10.);
#3303=VECTOR('',#11791,10.);
#3304=VECTOR('',#11794,10.);
#3305=VECTOR('',#11797,10.);
#3306=VECTOR('',#11800,10.);
#3307=VECTOR('',#11803,10.);
#3308=VECTOR('',#11804,10.);
#3309=VECTOR('',#11807,10.);
#3310=VECTOR('',#11810,10.);
#3311=VECTOR('',#11811,10.);
#3312=VECTOR('',#11812,10.);
#3313=VECTOR('',#11815,10.);
#3314=VECTOR('',#11816,10.);
#3315=VECTOR('',#11819,10.);
#3316=VECTOR('',#11820,10.);
#3317=VECTOR('',#11823,10.);
#3318=VECTOR('',#11828,10.);
#3319=VECTOR('',#11829,10.);
#3320=VECTOR('',#11830,10.);
#3321=VECTOR('',#11831,10.);
#3322=VECTOR('',#11834,10.);
#3323=VECTOR('',#11835,10.);
#3324=VECTOR('',#11836,10.);
#3325=VECTOR('',#11837,10.);
#3326=VECTOR('',#11840,10.);
#3327=VECTOR('',#11841,10.);
#3328=VECTOR('',#11842,10.);
#3329=VECTOR('',#11843,10.);
#3330=VECTOR('',#11846,10.);
#3331=VECTOR('',#11847,10.);
#3332=VECTOR('',#11848,10.);
#3333=VECTOR('',#11849,10.);
#3334=VECTOR('',#11852,10.);
#3335=VECTOR('',#11853,10.);
#3336=VECTOR('',#11854,10.);
#3337=VECTOR('',#11855,10.);
#3338=VECTOR('',#11858,10.);
#3339=VECTOR('',#11859,10.);
#3340=VECTOR('',#11860,10.);
#3341=VECTOR('',#11861,10.);
#3342=VECTOR('',#11864,10.);
#3343=VECTOR('',#11865,10.);
#3344=VECTOR('',#11866,10.);
#3345=VECTOR('',#11867,10.);
#3346=VECTOR('',#11870,10.);
#3347=VECTOR('',#11871,10.);
#3348=VECTOR('',#11872,10.);
#3349=VECTOR('',#11873,10.);
#3350=VECTOR('',#11876,10.);
#3351=VECTOR('',#11877,10.);
#3352=VECTOR('',#11878,10.);
#3353=VECTOR('',#11879,10.);
#3354=VECTOR('',#11882,10.);
#3355=VECTOR('',#11883,10.);
#3356=VECTOR('',#11884,10.);
#3357=VECTOR('',#11885,10.);
#3358=VECTOR('',#11888,10.);
#3359=VECTOR('',#11889,10.);
#3360=VECTOR('',#11890,10.);
#3361=VECTOR('',#11891,10.);
#3362=VECTOR('',#11894,10.);
#3363=VECTOR('',#11895,10.);
#3364=VECTOR('',#11896,10.);
#3365=VECTOR('',#11897,10.);
#3366=VECTOR('',#11900,10.);
#3367=VECTOR('',#11901,10.);
#3368=VECTOR('',#11902,10.);
#3369=VECTOR('',#11903,10.);
#3370=VECTOR('',#11906,10.);
#3371=VECTOR('',#11907,10.);
#3372=VECTOR('',#11908,10.);
#3373=VECTOR('',#11909,10.);
#3374=VECTOR('',#11912,10.);
#3375=VECTOR('',#11913,10.);
#3376=VECTOR('',#11914,10.);
#3377=VECTOR('',#11915,10.);
#3378=VECTOR('',#11918,10.);
#3379=VECTOR('',#11919,10.);
#3380=VECTOR('',#11920,10.);
#3381=VECTOR('',#11921,10.);
#3382=VECTOR('',#11924,10.);
#3383=VECTOR('',#11925,10.);
#3384=VECTOR('',#11926,10.);
#3385=VECTOR('',#11927,10.);
#3386=VECTOR('',#11930,10.);
#3387=VECTOR('',#11931,10.);
#3388=VECTOR('',#11932,10.);
#3389=VECTOR('',#11933,10.);
#3390=VECTOR('',#11936,10.);
#3391=VECTOR('',#11937,10.);
#3392=VECTOR('',#11938,10.);
#3393=VECTOR('',#11939,10.);
#3394=VECTOR('',#11942,10.);
#3395=VECTOR('',#11943,10.);
#3396=VECTOR('',#11944,10.);
#3397=VECTOR('',#11945,10.);
#3398=VECTOR('',#11948,10.);
#3399=VECTOR('',#11949,10.);
#3400=VECTOR('',#11950,10.);
#3401=VECTOR('',#11951,10.);
#3402=VECTOR('',#11954,10.);
#3403=VECTOR('',#11955,10.);
#3404=VECTOR('',#11956,10.);
#3405=VECTOR('',#11957,10.);
#3406=VECTOR('',#11960,10.);
#3407=VECTOR('',#11961,10.);
#3408=VECTOR('',#11962,10.);
#3409=VECTOR('',#11963,10.);
#3410=VECTOR('',#11966,10.);
#3411=VECTOR('',#11967,10.);
#3412=VECTOR('',#11968,10.);
#3413=VECTOR('',#11969,10.);
#3414=VECTOR('',#11972,10.);
#3415=VECTOR('',#11973,10.);
#3416=VECTOR('',#11974,10.);
#3417=VECTOR('',#11975,10.);
#3418=VECTOR('',#11978,10.);
#3419=VECTOR('',#11979,10.);
#3420=VECTOR('',#11980,10.);
#3421=VECTOR('',#11981,10.);
#3422=VECTOR('',#11984,10.);
#3423=VECTOR('',#11985,10.);
#3424=VECTOR('',#11986,10.);
#3425=VECTOR('',#11987,10.);
#3426=VECTOR('',#11990,10.);
#3427=VECTOR('',#11991,10.);
#3428=VECTOR('',#11992,10.);
#3429=VECTOR('',#11993,10.);
#3430=VECTOR('',#11996,10.);
#3431=VECTOR('',#11997,10.);
#3432=VECTOR('',#11998,10.);
#3433=VECTOR('',#11999,10.);
#3434=VECTOR('',#12002,10.);
#3435=VECTOR('',#12003,10.);
#3436=VECTOR('',#12004,10.);
#3437=VECTOR('',#12005,10.);
#3438=VECTOR('',#12008,10.);
#3439=VECTOR('',#12009,10.);
#3440=VECTOR('',#12010,10.);
#3441=VECTOR('',#12011,10.);
#3442=VECTOR('',#12014,10.);
#3443=VECTOR('',#12015,10.);
#3444=VECTOR('',#12016,10.);
#3445=VECTOR('',#12017,10.);
#3446=VECTOR('',#12020,10.);
#3447=VECTOR('',#12021,10.);
#3448=VECTOR('',#12022,10.);
#3449=VECTOR('',#12023,10.);
#3450=VECTOR('',#12026,10.);
#3451=VECTOR('',#12027,10.);
#3452=VECTOR('',#12028,10.);
#3453=VECTOR('',#12029,10.);
#3454=VECTOR('',#12032,10.);
#3455=VECTOR('',#12033,10.);
#3456=VECTOR('',#12034,10.);
#3457=VECTOR('',#12035,10.);
#3458=VECTOR('',#12038,10.);
#3459=VECTOR('',#12039,10.);
#3460=VECTOR('',#12040,10.);
#3461=VECTOR('',#12041,10.);
#3462=VECTOR('',#12044,10.);
#3463=VECTOR('',#12045,10.);
#3464=VECTOR('',#12046,10.);
#3465=VECTOR('',#12047,10.);
#3466=VECTOR('',#12050,10.);
#3467=VECTOR('',#12051,10.);
#3468=VECTOR('',#12052,10.);
#3469=VECTOR('',#12053,10.);
#3470=VECTOR('',#12056,10.);
#3471=VECTOR('',#12057,10.);
#3472=VECTOR('',#12058,10.);
#3473=VECTOR('',#12059,10.);
#3474=VECTOR('',#12062,10.);
#3475=VECTOR('',#12063,10.);
#3476=VECTOR('',#12064,10.);
#3477=VECTOR('',#12065,10.);
#3478=VECTOR('',#12068,10.);
#3479=VECTOR('',#12069,10.);
#3480=VECTOR('',#12072,10.);
#3481=VECTOR('',#12075,10.);
#3482=VECTOR('',#12076,10.);
#3483=VECTOR('',#12079,10.);
#3484=VECTOR('',#12082,10.);
#3485=VECTOR('',#12083,10.);
#3486=VECTOR('',#12086,10.);
#3487=VECTOR('',#12089,10.);
#3488=VECTOR('',#12090,10.);
#3489=VECTOR('',#12093,10.);
#3490=VECTOR('',#12096,10.);
#3491=VECTOR('',#12097,10.);
#3492=VECTOR('',#12100,10.);
#3493=VECTOR('',#12103,10.);
#3494=VECTOR('',#12104,10.);
#3495=VECTOR('',#12107,10.);
#3496=VECTOR('',#12110,10.);
#3497=VECTOR('',#12111,10.);
#3498=VECTOR('',#12114,10.);
#3499=VECTOR('',#12117,10.);
#3500=VECTOR('',#12118,10.);
#3501=VECTOR('',#12121,10.);
#3502=VECTOR('',#12124,10.);
#3503=VECTOR('',#12125,10.);
#3504=VECTOR('',#12128,10.);
#3505=VECTOR('',#12131,10.);
#3506=VECTOR('',#12132,10.);
#3507=VECTOR('',#12135,10.);
#3508=VECTOR('',#12138,10.);
#3509=VECTOR('',#12139,10.);
#3510=VECTOR('',#12142,10.);
#3511=VECTOR('',#12145,10.);
#3512=VECTOR('',#12146,10.);
#3513=VECTOR('',#12149,10.);
#3514=VECTOR('',#12152,10.);
#3515=VECTOR('',#12153,10.);
#3516=VECTOR('',#12156,10.);
#3517=VECTOR('',#12159,10.);
#3518=VECTOR('',#12160,10.);
#3519=VECTOR('',#12163,10.);
#3520=VECTOR('',#12166,10.);
#3521=VECTOR('',#12167,10.);
#3522=VECTOR('',#12170,10.);
#3523=VECTOR('',#12173,10.);
#3524=VECTOR('',#12174,10.);
#3525=VECTOR('',#12177,10.);
#3526=VECTOR('',#12180,10.);
#3527=VECTOR('',#12181,10.);
#3528=VECTOR('',#12184,10.);
#3529=VECTOR('',#12187,10.);
#3530=VECTOR('',#12188,10.);
#3531=VECTOR('',#12191,10.);
#3532=VECTOR('',#12194,10.);
#3533=VECTOR('',#12195,10.);
#3534=VECTOR('',#12198,10.);
#3535=VECTOR('',#12201,10.);
#3536=VECTOR('',#12202,10.);
#3537=VECTOR('',#12205,10.);
#3538=VECTOR('',#12206,10.);
#3539=VECTOR('',#12209,10.);
#3540=VECTOR('',#12212,10.);
#3541=VECTOR('',#12213,10.);
#3542=VECTOR('',#12216,10.);
#3543=VECTOR('',#12219,10.);
#3544=VECTOR('',#12220,10.);
#3545=VECTOR('',#12223,10.);
#3546=VECTOR('',#12226,10.);
#3547=VECTOR('',#12227,10.);
#3548=VECTOR('',#12230,10.);
#3549=VECTOR('',#12233,10.);
#3550=VECTOR('',#12234,10.);
#3551=VECTOR('',#12237,10.);
#3552=VECTOR('',#12240,10.);
#3553=VECTOR('',#12241,10.);
#3554=VECTOR('',#12244,10.);
#3555=VECTOR('',#12247,10.);
#3556=VECTOR('',#12248,10.);
#3557=VECTOR('',#12251,10.);
#3558=VECTOR('',#12254,10.);
#3559=VECTOR('',#12255,10.);
#3560=VECTOR('',#12258,10.);
#3561=VECTOR('',#12261,10.);
#3562=VECTOR('',#12262,10.);
#3563=VECTOR('',#12265,10.);
#3564=VECTOR('',#12268,10.);
#3565=VECTOR('',#12269,10.);
#3566=VECTOR('',#12272,10.);
#3567=VECTOR('',#12275,10.);
#3568=VECTOR('',#12276,10.);
#3569=VECTOR('',#12279,10.);
#3570=VECTOR('',#12282,10.);
#3571=VECTOR('',#12283,10.);
#3572=VECTOR('',#12286,10.);
#3573=VECTOR('',#12289,10.);
#3574=VECTOR('',#12290,10.);
#3575=VECTOR('',#12293,10.);
#3576=VECTOR('',#12296,10.);
#3577=VECTOR('',#12297,10.);
#3578=VECTOR('',#12300,10.);
#3579=VECTOR('',#12303,10.);
#3580=VECTOR('',#12304,10.);
#3581=VECTOR('',#12307,10.);
#3582=VECTOR('',#12310,10.);
#3583=VECTOR('',#12311,10.);
#3584=VECTOR('',#12314,10.);
#3585=VECTOR('',#12317,10.);
#3586=VECTOR('',#12318,10.);
#3587=VECTOR('',#12321,10.);
#3588=VECTOR('',#12324,10.);
#3589=VECTOR('',#12325,10.);
#3590=VECTOR('',#12328,10.);
#3591=VECTOR('',#12331,10.);
#3592=VECTOR('',#12332,10.);
#3593=VECTOR('',#12335,10.);
#3594=VECTOR('',#12338,10.);
#3595=VECTOR('',#12339,10.);
#3596=VECTOR('',#12342,10.);
#3597=VECTOR('',#12345,10.);
#3598=VECTOR('',#12348,10.);
#3599=VECTOR('',#12351,10.);
#3600=VECTOR('',#12354,10.);
#3601=VECTOR('',#12357,10.);
#3602=VECTOR('',#12360,10.);
#3603=VECTOR('',#12363,10.);
#3604=VECTOR('',#12366,10.);
#3605=VECTOR('',#12369,10.);
#3606=VECTOR('',#12372,10.);
#3607=VECTOR('',#12375,10.);
#3608=VECTOR('',#12378,10.);
#3609=VECTOR('',#12381,10.);
#3610=VECTOR('',#12384,10.);
#3611=VECTOR('',#12387,10.);
#3612=VECTOR('',#12390,10.);
#3613=VECTOR('',#12393,10.);
#3614=VECTOR('',#12396,10.);
#3615=VECTOR('',#12399,10.);
#3616=VECTOR('',#12402,10.);
#3617=VECTOR('',#12405,10.);
#3618=VECTOR('',#12408,10.);
#3619=VECTOR('',#12411,10.);
#3620=VECTOR('',#12414,10.);
#3621=VECTOR('',#12417,10.);
#3622=VECTOR('',#12420,10.);
#3623=VECTOR('',#12423,10.);
#3624=VECTOR('',#12426,10.);
#3625=VECTOR('',#12429,10.);
#3626=VECTOR('',#12432,10.);
#3627=VECTOR('',#12435,10.);
#3628=VECTOR('',#12438,10.);
#3629=VECTOR('',#12441,10.);
#3630=VECTOR('',#12444,10.);
#3631=VECTOR('',#12447,10.);
#3632=VECTOR('',#12450,10.);
#3633=VECTOR('',#12453,10.);
#3634=VECTOR('',#12456,10.);
#3635=VECTOR('',#12459,10.);
#3636=VECTOR('',#12462,10.);
#3637=VECTOR('',#12465,10.);
#3638=VECTOR('',#12468,10.);
#3639=VECTOR('',#12469,10.);
#3640=VECTOR('',#12470,10.);
#3641=VECTOR('',#12473,10.);
#3642=VECTOR('',#12474,10.);
#3643=VECTOR('',#12475,10.);
#3644=VECTOR('',#12478,10.);
#3645=VECTOR('',#12479,10.);
#3646=VECTOR('',#12488,10.);
#3647=VECTOR('',#12495,10.);
#3648=VECTOR('',#12498,10.);
#3649=VECTOR('',#12501,10.);
#3650=VECTOR('',#12504,10.);
#3651=VECTOR('',#12509,10.);
#3652=VECTOR('',#12512,10.);
#3653=VECTOR('',#12515,10.);
#3654=VECTOR('',#12518,10.);
#3655=VECTOR('',#12521,10.);
#3656=VECTOR('',#12524,10.);
#3657=VECTOR('',#12527,10.);
#3658=VECTOR('',#12532,10.);
#3659=VECTOR('',#12545,10.);
#3660=VECTOR('',#12546,10.);
#3661=VECTOR('',#12547,10.);
#3662=VECTOR('',#12548,10.);
#3663=VECTOR('',#12551,10.);
#3664=VECTOR('',#12558,10.);
#3665=VECTOR('',#12559,10.);
#3666=VECTOR('',#12560,10.);
#3667=VECTOR('',#12563,10.);
#3668=VECTOR('',#12570,10.);
#3669=VECTOR('',#12571,10.);
#3670=VECTOR('',#12572,10.);
#3671=VECTOR('',#12575,10.);
#3672=VECTOR('',#12582,10.);
#3673=VECTOR('',#12583,10.);
#3674=VECTOR('',#12584,10.);
#3675=VECTOR('',#12593,10.);
#3676=VECTOR('',#12596,10.);
#3677=VECTOR('',#12599,10.);
#3678=VECTOR('',#12600,10.);
#3679=VECTOR('',#12603,10.);
#3680=VECTOR('',#12608,10.);
#3681=VECTOR('',#12609,10.);
#3682=VECTOR('',#12612,10.);
#3683=VECTOR('',#12613,10.);
#3684=VECTOR('',#12614,10.);
#3685=VECTOR('',#12615,10.);
#3686=VECTOR('',#12618,10.);
#3687=VECTOR('',#12619,10.);
#3688=VECTOR('',#12620,10.);
#3689=VECTOR('',#12623,10.);
#3690=VECTOR('',#12630,10.);
#3691=VECTOR('',#12631,10.);
#3692=VECTOR('',#12632,10.);
#3693=VECTOR('',#12635,10.);
#3694=VECTOR('',#12642,10.);
#3695=VECTOR('',#12643,10.);
#3696=VECTOR('',#12644,10.);
#3697=VECTOR('',#12647,10.);
#3698=VECTOR('',#12652,10.);
#3699=VECTOR('',#12653,10.);
#3700=VECTOR('',#12660,10.);
#3701=VECTOR('',#12661,10.);
#3702=VECTOR('',#12664,10.);
#3703=VECTOR('',#12669,10.);
#3704=VECTOR('',#12670,10.);
#3705=VECTOR('',#12671,10.);
#3706=VECTOR('',#12672,10.);
#3707=VECTOR('',#12675,10.);
#3708=VECTOR('',#12676,10.);
#3709=VECTOR('',#12679,10.);
#3710=VECTOR('',#12682,10.);
#3711=VECTOR('',#12689,10.);
#3712=VECTOR('',#12690,10.);
#3713=VECTOR('',#12691,10.);
#3714=VECTOR('',#12692,10.);
#3715=VECTOR('',#12695,10.);
#3716=VECTOR('',#12696,10.);
#3717=VECTOR('',#12697,10.);
#3718=VECTOR('',#12700,10.);
#3719=VECTOR('',#12701,10.);
#3720=VECTOR('',#12702,10.);
#3721=VECTOR('',#12705,10.);
#3722=VECTOR('',#12706,10.);
#3723=VECTOR('',#12715,10.);
#3724=VECTOR('',#12716,10.);
#3725=VECTOR('',#12717,10.);
#3726=VECTOR('',#12718,10.);
#3727=VECTOR('',#12721,10.);
#3728=VECTOR('',#12722,10.);
#3729=VECTOR('',#12723,10.);
#3730=VECTOR('',#12726,10.);
#3731=VECTOR('',#12727,10.);
#3732=VECTOR('',#12728,10.);
#3733=VECTOR('',#12731,10.);
#3734=VECTOR('',#12732,10.);
#3735=VECTOR('',#12741,10.);
#3736=VECTOR('',#12742,10.);
#3737=VECTOR('',#12743,10.);
#3738=VECTOR('',#12744,10.);
#3739=VECTOR('',#12747,10.);
#3740=VECTOR('',#12748,10.);
#3741=VECTOR('',#12749,10.);
#3742=VECTOR('',#12752,10.);
#3743=VECTOR('',#12753,10.);
#3744=VECTOR('',#12754,10.);
#3745=VECTOR('',#12757,10.);
#3746=VECTOR('',#12758,10.);
#3747=VECTOR('',#12767,10.);
#3748=VECTOR('',#12770,10.);
#3749=VECTOR('',#12773,10.);
#3750=VECTOR('',#12776,10.);
#3751=VECTOR('',#12779,10.);
#3752=VECTOR('',#12782,10.);
#3753=VECTOR('',#12785,10.);
#3754=VECTOR('',#12786,10.);
#3755=VECTOR('',#12789,10.);
#3756=VECTOR('',#12790,10.);
#3757=VECTOR('',#12793,10.);
#3758=VECTOR('',#12796,10.);
#3759=VECTOR('',#12799,10.);
#3760=VECTOR('',#12806,10.);
#3761=VECTOR('',#12807,10.);
#3762=VECTOR('',#12810,10.);
#3763=VECTOR('',#12811,10.);
#3764=VECTOR('',#12816,10.);
#3765=VECTOR('',#12819,10.);
#3766=VECTOR('',#12822,10.);
#3767=VECTOR('',#12827,10.);
#3768=VECTOR('',#12828,10.);
#3769=VECTOR('',#12831,10.);
#3770=VECTOR('',#12832,10.);
#3771=VECTOR('',#12833,10.);
#3772=VECTOR('',#12834,10.);
#3773=VECTOR('',#12839,10.);
#3774=VECTOR('',#12846,10.);
#3775=VECTOR('',#12847,10.);
#3776=VECTOR('',#12848,10.);
#3777=VECTOR('',#12851,10.);
#3778=VECTOR('',#12856,10.);
#3779=VECTOR('',#12861,10.);
#3780=VECTOR('',#12864,10.);
#3781=VECTOR('',#12867,10.);
#3782=VECTOR('',#12870,10.);
#3783=VECTOR('',#12873,10.);
#3784=VECTOR('',#12876,10.);
#3785=VECTOR('',#12877,10.);
#3786=VECTOR('',#12880,10.);
#3787=VECTOR('',#12887,10.);
#3788=VECTOR('',#12892,10.);
#3789=VECTOR('',#12893,10.);
#3790=VECTOR('',#12894,10.);
#3791=VECTOR('',#12895,10.);
#3792=VECTOR('',#12898,10.);
#3793=VECTOR('',#12901,10.);
#3794=VECTOR('',#12908,10.);
#3795=VECTOR('',#12911,10.);
#3796=VECTOR('',#12914,10.);
#3797=VECTOR('',#12915,10.);
#3798=VECTOR('',#12916,10.);
#3799=VECTOR('',#12917,10.);
#3800=VECTOR('',#12920,10.);
#3801=VECTOR('',#12921,10.);
#3802=VECTOR('',#12922,10.);
#3803=VECTOR('',#12923,10.);
#3804=VECTOR('',#12926,10.);
#3805=VECTOR('',#12927,10.);
#3806=VECTOR('',#12930,10.);
#3807=VECTOR('',#12931,10.);
#3808=VECTOR('',#12932,10.);
#3809=VECTOR('',#12933,10.);
#3810=VECTOR('',#12936,10.);
#3811=VECTOR('',#12937,10.);
#3812=VECTOR('',#12938,10.);
#3813=VECTOR('',#12941,10.);
#3814=VECTOR('',#12942,10.);
#3815=VECTOR('',#12943,10.);
#3816=VECTOR('',#12946,10.);
#3817=VECTOR('',#12947,10.);
#3818=VECTOR('',#12948,10.);
#3819=VECTOR('',#12949,10.);
#3820=VECTOR('',#12952,10.);
#3821=VECTOR('',#12953,10.);
#3822=VECTOR('',#12954,10.);
#3823=VECTOR('',#12957,10.);
#3824=VECTOR('',#12958,10.);
#3825=VECTOR('',#12959,10.);
#3826=VECTOR('',#12962,10.);
#3827=VECTOR('',#12963,10.);
#3828=VECTOR('',#12964,10.);
#3829=VECTOR('',#12965,10.);
#3830=VECTOR('',#12968,10.);
#3831=VECTOR('',#12969,10.);
#3832=VECTOR('',#12970,10.);
#3833=VECTOR('',#12971,10.);
#3834=VECTOR('',#12974,10.);
#3835=VECTOR('',#12975,10.);
#3836=VECTOR('',#12978,10.);
#3837=VECTOR('',#12979,10.);
#3838=VECTOR('',#12980,10.);
#3839=VECTOR('',#12981,10.);
#3840=VECTOR('',#12984,10.);
#3841=VECTOR('',#12985,10.);
#3842=VECTOR('',#12986,10.);
#3843=VECTOR('',#12989,10.);
#3844=VECTOR('',#12990,10.);
#3845=VECTOR('',#12991,10.);
#3846=VECTOR('',#12994,10.);
#3847=VECTOR('',#12995,10.);
#3848=VECTOR('',#12996,10.);
#3849=VECTOR('',#12997,10.);
#3850=VECTOR('',#13000,10.);
#3851=VECTOR('',#13001,10.);
#3852=VECTOR('',#13002,10.);
#3853=VECTOR('',#13005,10.);
#3854=VECTOR('',#13006,10.);
#3855=VECTOR('',#13007,10.);
#3856=VECTOR('',#13010,10.);
#3857=VECTOR('',#13011,10.);
#3858=VECTOR('',#13012,10.);
#3859=VECTOR('',#13013,10.);
#3860=VECTOR('',#13016,10.);
#3861=VECTOR('',#13017,10.);
#3862=VECTOR('',#13018,10.);
#3863=VECTOR('',#13019,10.);
#3864=VECTOR('',#13022,10.);
#3865=VECTOR('',#13023,10.);
#3866=VECTOR('',#13026,10.);
#3867=VECTOR('',#13027,10.);
#3868=VECTOR('',#13028,10.);
#3869=VECTOR('',#13029,10.);
#3870=VECTOR('',#13032,10.);
#3871=VECTOR('',#13033,10.);
#3872=VECTOR('',#13034,10.);
#3873=VECTOR('',#13037,10.);
#3874=VECTOR('',#13038,10.);
#3875=VECTOR('',#13039,10.);
#3876=VECTOR('',#13042,10.);
#3877=VECTOR('',#13043,10.);
#3878=VECTOR('',#13044,10.);
#3879=VECTOR('',#13045,10.);
#3880=VECTOR('',#13048,10.);
#3881=VECTOR('',#13049,10.);
#3882=VECTOR('',#13050,10.);
#3883=VECTOR('',#13051,10.);
#3884=VECTOR('',#13054,10.);
#3885=VECTOR('',#13055,10.);
#3886=VECTOR('',#13058,10.);
#3887=VECTOR('',#13059,10.);
#3888=VECTOR('',#13060,10.);
#3889=VECTOR('',#13061,10.);
#3890=VECTOR('',#13064,10.);
#3891=VECTOR('',#13065,10.);
#3892=VECTOR('',#13066,10.);
#3893=VECTOR('',#13067,10.);
#3894=VECTOR('',#13070,10.);
#3895=VECTOR('',#13071,10.);
#3896=VECTOR('',#13074,10.);
#3897=VECTOR('',#13075,10.);
#3898=VECTOR('',#13076,10.);
#3899=VECTOR('',#13079,10.);
#3900=VECTOR('',#13082,10.);
#3901=VECTOR('',#13083,10.);
#3902=VECTOR('',#13084,10.);
#3903=VECTOR('',#13085,10.);
#3904=VECTOR('',#13086,10.);
#3905=VECTOR('',#13087,10.);
#3906=VECTOR('',#13088,10.);
#3907=VECTOR('',#13089,10.);
#3908=VECTOR('',#13090,10.);
#3909=VECTOR('',#13091,10.);
#3910=VECTOR('',#13094,10.);
#3911=VECTOR('',#13095,10.);
#3912=VECTOR('',#13098,10.);
#3913=VECTOR('',#13099,10.);
#3914=VECTOR('',#13102,10.);
#3915=VECTOR('',#13105,10.);
#3916=VECTOR('',#13108,10.);
#3917=VECTOR('',#13111,10.);
#3918=VECTOR('',#13114,10.);
#3919=VECTOR('',#13117,10.);
#3920=VECTOR('',#13120,10.);
#3921=VECTOR('',#13123,10.);
#3922=VECTOR('',#13126,10.);
#3923=VECTOR('',#13129,10.);
#3924=VECTOR('',#13130,10.);
#3925=VECTOR('',#13131,10.);
#3926=VECTOR('',#13132,10.);
#3927=VECTOR('',#13133,10.);
#3928=VECTOR('',#13134,10.);
#3929=VECTOR('',#13137,10.);
#3930=VECTOR('',#13140,10.);
#3931=VECTOR('',#13145,10.);
#3932=VECTOR('',#13146,10.);
#3933=VECTOR('',#13147,10.);
#3934=VECTOR('',#13148,10.);
#3935=VECTOR('',#13149,10.);
#3936=VECTOR('',#13152,10.);
#3937=VECTOR('',#13153,10.);
#3938=VECTOR('',#13158,10.);
#3939=VECTOR('',#13165,10.);
#3940=VECTOR('',#13170,10.);
#3941=VECTOR('',#13171,10.);
#3942=VECTOR('',#13172,10.);
#3943=VECTOR('',#13173,10.);
#3944=VECTOR('',#13176,10.);
#3945=VECTOR('',#13177,10.);
#3946=VECTOR('',#13178,10.);
#3947=VECTOR('',#13181,10.);
#3948=VECTOR('',#13182,10.);
#3949=VECTOR('',#13183,10.);
#3950=VECTOR('',#13186,10.);
#3951=VECTOR('',#13187,10.);
#3952=VECTOR('',#13188,10.);
#3953=VECTOR('',#13191,10.);
#3954=VECTOR('',#13192,10.);
#3955=VECTOR('',#13193,10.);
#3956=VECTOR('',#13196,10.);
#3957=VECTOR('',#13197,10.);
#3958=VECTOR('',#13198,10.);
#3959=VECTOR('',#13201,10.);
#3960=VECTOR('',#13202,10.);
#3961=VECTOR('',#13203,10.);
#3962=VECTOR('',#13206,10.);
#3963=VECTOR('',#13207,10.);
#3964=VECTOR('',#13208,10.);
#3965=VECTOR('',#13211,10.);
#3966=VECTOR('',#13212,10.);
#3967=VECTOR('',#13213,10.);
#3968=VECTOR('',#13216,10.);
#3969=VECTOR('',#13217,10.);
#3970=VECTOR('',#13218,10.);
#3971=VECTOR('',#13221,10.);
#3972=VECTOR('',#13222,10.);
#3973=VECTOR('',#13223,10.);
#3974=VECTOR('',#13226,10.);
#3975=VECTOR('',#13227,10.);
#3976=VECTOR('',#13232,10.);
#3977=VECTOR('',#13233,10.);
#3978=VECTOR('',#13234,10.);
#3979=VECTOR('',#13235,10.);
#3980=VECTOR('',#13238,10.);
#3981=VECTOR('',#13239,10.);
#3982=VECTOR('',#13240,10.);
#3983=VECTOR('',#13243,10.);
#3984=VECTOR('',#13244,10.);
#3985=VECTOR('',#13245,10.);
#3986=VECTOR('',#13248,10.);
#3987=VECTOR('',#13251,10.);
#3988=VECTOR('',#13252,10.);
#3989=VECTOR('',#13253,10.);
#3990=VECTOR('',#13254,10.);
#3991=VECTOR('',#13257,10.);
#3992=VECTOR('',#13258,10.);
#3993=VECTOR('',#13259,10.);
#3994=VECTOR('',#13262,10.);
#3995=VECTOR('',#13263,10.);
#3996=VECTOR('',#13264,10.);
#3997=VECTOR('',#13267,10.);
#3998=VECTOR('',#13270,10.);
#3999=VECTOR('',#13271,10.);
#4000=VECTOR('',#13272,10.);
#4001=VECTOR('',#13273,10.);
#4002=VECTOR('',#13276,10.);
#4003=VECTOR('',#13277,10.);
#4004=VECTOR('',#13278,10.);
#4005=VECTOR('',#13281,10.);
#4006=VECTOR('',#13282,10.);
#4007=VECTOR('',#13283,10.);
#4008=VECTOR('',#13286,10.);
#4009=VECTOR('',#13289,10.);
#4010=VECTOR('',#13290,10.);
#4011=VECTOR('',#13291,10.);
#4012=VECTOR('',#13292,10.);
#4013=VECTOR('',#13295,10.);
#4014=VECTOR('',#13296,10.);
#4015=VECTOR('',#13297,10.);
#4016=VECTOR('',#13300,10.);
#4017=VECTOR('',#13301,10.);
#4018=VECTOR('',#13302,10.);
#4019=VECTOR('',#13305,10.);
#4020=VECTOR('',#13308,10.);
#4021=VECTOR('',#13311,10.);
#4022=VECTOR('',#13314,10.);
#4023=VECTOR('',#13317,10.);
#4024=VECTOR('',#13320,10.);
#4025=VECTOR('',#13321,10.);
#4026=VECTOR('',#13322,10.);
#4027=VECTOR('',#13323,10.);
#4028=VECTOR('',#13324,10.);
#4029=VECTOR('',#13325,10.);
#4030=VECTOR('',#13326,10.);
#4031=VECTOR('',#13327,10.);
#4032=VECTOR('',#13330,10.);
#4033=VECTOR('',#13331,10.);
#4034=VECTOR('',#13332,10.);
#4035=VECTOR('',#13335,10.);
#4036=VECTOR('',#13336,10.);
#4037=VECTOR('',#13339,10.);
#4038=VECTOR('',#13340,10.);
#4039=VECTOR('',#13343,10.);
#4040=VECTOR('',#13348,10.);
#4041=VECTOR('',#13351,10.);
#4042=VECTOR('',#13354,10.);
#4043=VECTOR('',#13357,10.);
#4044=VECTOR('',#13360,10.);
#4045=VECTOR('',#13363,10.);
#4046=VECTOR('',#13366,10.);
#4047=VECTOR('',#13369,10.);
#4048=VECTOR('',#13374,10.);
#4049=VECTOR('',#13377,10.);
#4050=VECTOR('',#13380,10.);
#4051=VECTOR('',#13381,10.);
#4052=VECTOR('',#13384,10.);
#4053=VECTOR('',#13385,10.);
#4054=VECTOR('',#13394,10.);
#4055=VECTOR('',#13397,10.);
#4056=VECTOR('',#13400,10.);
#4057=VECTOR('',#13405,10.);
#4058=VECTOR('',#13408,10.);
#4059=VECTOR('',#13411,10.);
#4060=VECTOR('',#13414,10.);
#4061=VECTOR('',#13419,10.);
#4062=VECTOR('',#13422,10.);
#4063=VECTOR('',#13425,10.);
#4064=VECTOR('',#13428,10.);
#4065=VECTOR('',#13431,10.);
#4066=VECTOR('',#13432,10.);
#4067=VECTOR('',#13433,10.);
#4068=VECTOR('',#13438,10.);
#4069=VECTOR('',#13441,10.);
#4070=VECTOR('',#13446,10.);
#4071=VECTOR('',#13449,10.);
#4072=VECTOR('',#13452,10.);
#4073=VECTOR('',#13455,10.);
#4074=VECTOR('',#13462,10.);
#4075=VECTOR('',#13463,10.);
#4076=VECTOR('',#13464,10.);
#4077=VECTOR('',#13465,10.);
#4078=VECTOR('',#13468,10.);
#4079=VECTOR('',#13469,10.);
#4080=VECTOR('',#13470,10.);
#4081=VECTOR('',#13473,10.);
#4082=VECTOR('',#13474,10.);
#4083=VECTOR('',#13475,10.);
#4084=VECTOR('',#13478,10.);
#4085=VECTOR('',#13479,10.);
#4086=VECTOR('',#13482,10.);
#4087=VECTOR('',#13483,10.);
#4088=VECTOR('',#13484,10.);
#4089=VECTOR('',#13485,10.);
#4090=VECTOR('',#13488,10.);
#4091=VECTOR('',#13489,10.);
#4092=VECTOR('',#13490,10.);
#4093=VECTOR('',#13493,10.);
#4094=VECTOR('',#13494,10.);
#4095=VECTOR('',#13495,10.);
#4096=VECTOR('',#13498,10.);
#4097=VECTOR('',#13499,10.);
#4098=VECTOR('',#13500,10.);
#4099=VECTOR('',#13503,10.);
#4100=VECTOR('',#13504,10.);
#4101=VECTOR('',#13505,10.);
#4102=VECTOR('',#13508,10.);
#4103=VECTOR('',#13509,10.);
#4104=VECTOR('',#13530,0.707106781186548);
#4105=VECTOR('',#13531,4.5);
#4106=VECTOR('',#13532,7.);
#4107=VECTOR('',#13535,6.);
#4108=VECTOR('',#13538,7.);
#4109=VECTOR('',#13539,50.59999999998);
#4110=VECTOR('',#13540,7.);
#4111=VECTOR('',#13543,6.);
#4112=VECTOR('',#13546,7.);
#4113=VECTOR('',#13547,4.5);
#4114=VECTOR('',#13548,0.707106781186548);
#4115=VECTOR('',#13549,120.5);
#4116=VECTOR('',#13550,0.707106781186548);
#4117=VECTOR('',#13551,4.5);
#4118=VECTOR('',#13552,7.);
#4119=VECTOR('',#13555,6.);
#4120=VECTOR('',#13558,7.);
#4121=VECTOR('',#13559,50.59999999998);
#4122=VECTOR('',#13560,7.);
#4123=VECTOR('',#13563,6.);
#4124=VECTOR('',#13566,7.);
#4125=VECTOR('',#13567,4.5);
#4126=VECTOR('',#13568,0.707106781186548);
#4127=VECTOR('',#13569,120.5);
#4128=VECTOR('',#13588,0.3);
#4129=VECTOR('',#13589,0.707106781186548);
#4130=VECTOR('',#13590,0.3);
#4131=VECTOR('',#13593,1.);
#4132=VECTOR('',#13594,0.3);
#4133=VECTOR('',#13595,0.300000000000004);
#4134=VECTOR('',#13596,1.7);
#4135=VECTOR('',#13597,3.2);
#4136=VECTOR('',#13598,1.7);
#4137=VECTOR('',#13601,0.299999999999955);
#4138=VECTOR('',#13602,3.2);
#4139=VECTOR('',#13603,0.299999999999955);
#4140=VECTOR('',#13604,0.299999999999997);
#4141=VECTOR('',#13605,0.707106781186548);
#4142=VECTOR('',#13606,0.299999999999955);
#4143=VECTOR('',#13607,0.299999999999997);
#4144=VECTOR('',#13608,119.9);
#4145=VECTOR('',#13609,0.299999999999997);
#4146=VECTOR('',#13610,0.299999999999955);
#4147=VECTOR('',#13611,0.707106781186548);
#4148=VECTOR('',#13612,0.299999999999997);
#4149=VECTOR('',#13613,0.299999999999955);
#4150=VECTOR('',#13614,3.2);
#4151=VECTOR('',#13615,0.299999999999955);
#4152=VECTOR('',#13616,1.);
#4153=VECTOR('',#13617,7.);
#4154=VECTOR('',#13620,6.);
#4155=VECTOR('',#13623,7.);
#4156=VECTOR('',#13624,1.);
#4157=VECTOR('',#13625,0.299999999999955);
#4158=VECTOR('',#13626,48.59999999998);
#4159=VECTOR('',#13627,0.299999999999955);
#4160=VECTOR('',#13628,1.);
#4161=VECTOR('',#13629,7.);
#4162=VECTOR('',#13632,6.);
#4163=VECTOR('',#13635,7.);
#4164=VECTOR('',#13636,0.299999999999955);
#4165=VECTOR('',#13637,3.2);
#4166=VECTOR('',#13638,0.299999999999955);
#4167=VECTOR('',#13639,0.299999999999955);
#4168=VECTOR('',#13640,0.300000000000004);
#4169=VECTOR('',#13641,119.9);
#4170=VECTOR('',#13642,0.300000000000004);
#4171=VECTOR('',#13643,0.299999999999955);
#4172=VECTOR('',#13644,0.707106781186548);
#4173=VECTOR('',#13645,0.300000000000004);
#4174=VECTOR('',#13646,0.299999999999955);
#4175=VECTOR('',#13647,3.2);
#4176=VECTOR('',#13648,0.299999999999955);
#4177=VECTOR('',#13649,1.);
#4178=VECTOR('',#13650,7.);
#4179=VECTOR('',#13653,6.);
#4180=VECTOR('',#13656,7.);
#4181=VECTOR('',#13657,1.);
#4182=VECTOR('',#13658,0.299999999999955);
#4183=VECTOR('',#13659,48.59999999998);
#4184=VECTOR('',#13660,0.299999999999955);
#4185=VECTOR('',#13661,1.);
#4186=VECTOR('',#13662,7.);
#4187=VECTOR('',#13665,6.);
#4188=VECTOR('',#13668,7.);
#4189=VECTOR('',#13669,1.);
#4190=VECTOR('',#13688,1.7);
#4191=VECTOR('',#13689,0.299999999999955);
#4192=VECTOR('',#13690,1.7);
#4193=VECTOR('',#13693,3.2);
#4194=VECTOR('',#13694,1.7);
#4195=VECTOR('',#13697,0.299999999999955);
#4196=VECTOR('',#13698,1.7);
#4197=VECTOR('',#13701,0.3);
#4198=VECTOR('',#13702,0.3);
#4199=VECTOR('',#13703,3.2);
#4200=VECTOR('',#13708,0.3);
#4201=VECTOR('',#13711,57.1999999999998);
#4202=VECTOR('',#13712,1.);
#4203=VECTOR('',#13713,19.4000000000001);
#4204=VECTOR('',#13714,1.7);
#4205=VECTOR('',#13715,0.3);
#4206=VECTOR('',#13716,1.7);
#4207=VECTOR('',#13717,43.3000000000002);
#4208=VECTOR('',#13718,1.);
#4209=VECTOR('',#13721,0.299999999999997);
#4210=VECTOR('',#13722,57.1999999999998);
#4211=VECTOR('',#13723,0.299999999999997);
#4212=VECTOR('',#13726,1.);
#4213=VECTOR('',#13727,0.299999999999997);
#4214=VECTOR('',#13730,19.4000000000001);
#4215=VECTOR('',#13731,0.299999999999997);
#4216=VECTOR('',#13734,0.299999999999997);
#4217=VECTOR('',#13735,0.299999999999997);
#4218=VECTOR('',#13736,43.3000000000002);
#4219=VECTOR('',#13739,1.7);
#4220=VECTOR('',#13742,1.);
#4221=VECTOR('',#13743,1.7);
#4222=VECTOR('',#13750,0.3);
#4223=VECTOR('',#13753,0.3);
#4224=VECTOR('',#13754,1.7);
#4225=VECTOR('',#13755,3.2);
#4226=VECTOR('',#13756,1.7);
#4227=VECTOR('',#13759,0.299999999999955);
#4228=VECTOR('',#13760,1.7);
#4229=VECTOR('',#13763,3.2);
#4230=VECTOR('',#13764,1.7);
#4231=VECTOR('',#13767,0.299999999999955);
#4232=VECTOR('',#13772,0.3);
#4233=VECTOR('',#13775,0.3);
#4234=VECTOR('',#13778,0.3);
#4235=VECTOR('',#13781,0.3);
#4236=VECTOR('',#13784,0.3);
#4237=VECTOR('',#13787,0.3);
#4238=VECTOR('',#13788,1.7);
#4239=VECTOR('',#13789,48.59999999998);
#4240=VECTOR('',#13790,1.7);
#4241=VECTOR('',#13793,0.299999999999955);
#4242=VECTOR('',#13794,1.7);
#4243=VECTOR('',#13797,48.59999999998);
#4244=VECTOR('',#13798,1.7);
#4245=VECTOR('',#13801,0.299999999999955);
#4246=VECTOR('',#13806,0.3);
#4247=VECTOR('',#13809,0.3);
#4248=VECTOR('',#13812,0.3);
#4249=VECTOR('',#13815,0.3);
#4250=VECTOR('',#13820,0.3);
#4251=VECTOR('',#13823,0.3);
#4252=VECTOR('',#13826,0.3);
#4253=VECTOR('',#13829,0.3);
#4254=VECTOR('',#13832,0.3);
#4255=VECTOR('',#13835,0.3);
#4256=VECTOR('',#13836,1.7);
#4257=VECTOR('',#13837,48.59999999998);
#4258=VECTOR('',#13838,1.7);
#4259=VECTOR('',#13841,0.299999999999955);
#4260=VECTOR('',#13842,1.7);
#4261=VECTOR('',#13845,48.59999999998);
#4262=VECTOR('',#13846,1.7);
#4263=VECTOR('',#13849,0.299999999999955);
#4264=VECTOR('',#13854,0.3);
#4265=VECTOR('',#13857,0.3);
#4266=VECTOR('',#13860,0.3);
#4267=VECTOR('',#13863,0.3);
#4268=VECTOR('',#13866,0.3);
#4269=VECTOR('',#13869,0.3);
#4270=VECTOR('',#13870,1.7);
#4271=VECTOR('',#13871,3.2);
#4272=VECTOR('',#13872,1.7);
#4273=VECTOR('',#13875,0.299999999999955);
#4274=VECTOR('',#13876,1.7);
#4275=VECTOR('',#13879,3.2);
#4276=VECTOR('',#13880,1.7);
#4277=VECTOR('',#13883,0.299999999999955);
#4278=VECTOR('',#13888,0.3);
#4279=VECTOR('',#13891,1.7);
#4280=VECTOR('',#13892,119.9);
#4281=VECTOR('',#13893,1.7);
#4282=VECTOR('',#13896,0.300000000000004);
#4283=VECTOR('',#13897,1.7);
#4284=VECTOR('',#13900,119.9);
#4285=VECTOR('',#13901,1.7);
#4286=VECTOR('',#13904,0.300000000000004);
#4287=VECTOR('',#13909,1.7);
#4288=VECTOR('',#13910,0.299999999999955);
#4289=VECTOR('',#13913,3.2);
#4290=VECTOR('',#13914,0.299999999999955);
#4291=VECTOR('',#13917,1.7);
#4292=VECTOR('',#13922,1.74999999999972);
#4293=VECTOR('',#13925,1.74999999999972);
#4294=VECTOR('',#13928,1.75000000000001);
#4295=VECTOR('',#13931,1.75000000000001);
#4296=VECTOR('',#13936,10.);
#4297=VECTOR('',#13937,10.);
#4298=VECTOR('',#13938,10.);
#4299=VECTOR('',#13939,10.);
#4300=VECTOR('',#13942,10.);
#4301=VECTOR('',#13943,10.);
#4302=VECTOR('',#13944,10.);
#4303=VECTOR('',#13947,10.);
#4304=VECTOR('',#13948,10.);
#4305=VECTOR('',#13949,10.);
#4306=VECTOR('',#13952,10.);
#4307=VECTOR('',#13953,10.);
#4308=CIRCLE('',#10613,0.3);
#4309=CIRCLE('',#10614,0.3);
#4310=CIRCLE('',#10617,0.249999999999545);
#4311=CIRCLE('',#10618,0.25);
#4312=CIRCLE('',#10620,0.3);
#4313=CIRCLE('',#10621,0.3);
#4314=CIRCLE('',#10623,0.3);
#4315=CIRCLE('',#10624,0.299999999999994);
#4316=CIRCLE('',#10626,0.30000000000102);
#4317=CIRCLE('',#10628,0.3);
#4318=CIRCLE('',#10629,0.300000000000002);
#4319=CIRCLE('',#10631,0.300000000000438);
#4320=CIRCLE('',#10633,0.3);
#4321=CIRCLE('',#10634,0.300000000000003);
#4322=CIRCLE('',#10636,0.299999999999478);
#4323=CIRCLE('',#10638,0.3);
#4324=CIRCLE('',#10639,0.3);
#4325=CIRCLE('',#10641,0.300000000000659);
#4326=CIRCLE('',#10652,0.30000000000102);
#4327=CIRCLE('',#10654,0.249999999999545);
#4328=CIRCLE('',#10658,0.25);
#4329=CIRCLE('',#10661,0.300000000000659);
#4330=CIRCLE('',#10664,0.299999999999477);
#4331=CIRCLE('',#10667,0.300000000000438);
#4332=CIRCLE('',#10671,0.80000000000001);
#4333=CIRCLE('',#10672,0.8);
#4334=CIRCLE('',#10673,0.899999999999999);
#4335=CIRCLE('',#10674,0.900000000000016);
#4336=CIRCLE('',#10676,0.800000000000018);
#4337=CIRCLE('',#10678,1.);
#4338=CIRCLE('',#10679,1.);
#4339=CIRCLE('',#10680,1.);
#4340=CIRCLE('',#10681,0.2);
#4341=CIRCLE('',#10682,0.200000000000724);
#4342=CIRCLE('',#10683,1.);
#4343=CIRCLE('',#10684,1.);
#4344=CIRCLE('',#10685,0.5);
#4345=CIRCLE('',#10687,0.900000000000016);
#4346=CIRCLE('',#10688,0.9);
#4347=CIRCLE('',#10689,0.800000000000001);
#4348=CIRCLE('',#10690,0.800000000000018);
#4349=CIRCLE('',#10692,0.900000000000016);
#4350=CIRCLE('',#10694,0.5);
#4351=CIRCLE('',#10695,1.);
#4352=CIRCLE('',#10696,1.);
#4353=CIRCLE('',#10697,1.);
#4354=CIRCLE('',#10698,1.);
#4355=CIRCLE('',#10699,1.);
#4356=CIRCLE('',#10701,0.900000000000007);
#4357=CIRCLE('',#10702,0.9);
#4358=CIRCLE('',#10703,0.800000000000001);
#4359=CIRCLE('',#10706,0.80000000000001);
#4360=CIRCLE('',#10710,0.8);
#4361=CIRCLE('',#10711,0.899999999999999);
#4362=CIRCLE('',#10888,0.199999999999996);
#4363=CIRCLE('',#10889,0.2);
#4364=CIRCLE('',#10915,0.299999999999989);
#4365=CIRCLE('',#10916,0.0999999999999852);
#4366=CIRCLE('',#10919,0.299999999999998);
#4367=CIRCLE('',#10920,0.1);
#4368=CIRCLE('',#10923,0.300000000000002);
#4369=CIRCLE('',#10924,0.0999999999999985);
#4370=CIRCLE('',#10927,0.299999999999998);
#4371=CIRCLE('',#10928,0.0999999999999941);
#4372=CIRCLE('',#10930,0.300000000000002);
#4373=CIRCLE('',#10933,0.299999999999998);
#4374=CIRCLE('',#10938,0.0999999999999852);
#4375=CIRCLE('',#10939,0.299999999999989);
#4376=CIRCLE('',#10942,0.1);
#4377=CIRCLE('',#10943,0.299999999999998);
#4378=CIRCLE('',#10946,0.0999999999999985);
#4379=CIRCLE('',#10949,0.0999999999999941);
#4380=CIRCLE('',#10981,5.);
#4381=CIRCLE('',#10982,5.);
#4382=CIRCLE('',#10983,1.00000000000023);
#4383=CIRCLE('',#10984,1.);
#4384=CIRCLE('',#10985,5.);
#4385=CIRCLE('',#10986,5.);
#4386=CIRCLE('',#10989,5.);
#4387=CIRCLE('',#10991,5.);
#4388=CIRCLE('',#10993,5.);
#4389=CIRCLE('',#10994,0.499999999999545);
#4390=CIRCLE('',#10995,5.);
#4391=CIRCLE('',#10997,5.);
#4392=CIRCLE('',#11000,5.);
#4393=CIRCLE('',#11001,0.499999999999545);
#4394=CIRCLE('',#11003,1.1);
#4395=CIRCLE('',#11004,1.1);
#4396=CIRCLE('',#11006,1.2);
#4397=CIRCLE('',#11009,1.2);
#4398=CIRCLE('',#11010,1.2);
#4399=CIRCLE('',#11012,5.);
#4400=CIRCLE('',#11013,1.00000000000023);
#4401=CIRCLE('',#11014,1.);
#4402=CIRCLE('',#11015,5.);
#4403=CIRCLE('',#11017,0.2);
#4404=CIRCLE('',#11018,0.2);
#4405=CIRCLE('',#11020,1.1);
#4406=CIRCLE('',#11021,1.1);
#4407=CIRCLE('',#11024,0.2);
#4408=CIRCLE('',#11025,0.2);
#4409=CIRCLE('',#11027,0.2);
#4410=CIRCLE('',#11028,0.2);
#4411=CIRCLE('',#11060,0.200000000000102);
#4412=CIRCLE('',#11061,0.199999999999818);
#4413=CIRCLE('',#11075,1.);
#4414=CIRCLE('',#11076,2.);
#4415=CIRCLE('',#11080,0.200000000000001);
#4416=CIRCLE('',#11081,0.199999999999999);
#4417=CIRCLE('',#11083,2.);
#4418=CIRCLE('',#11084,1.);
#4419=CIRCLE('',#11115,1.00000000000023);
#4420=CIRCLE('',#11116,1.00000000000023);
#4421=CIRCLE('',#11117,1.);
#4422=CIRCLE('',#11118,1.);
#4423=CIRCLE('',#11125,1.);
#4424=CIRCLE('',#11127,1.00000000000023);
#4425=CIRCLE('',#11130,1.00000000000023);
#4426=CIRCLE('',#11131,1.);
#4427=CIRCLE('',#11133,0.2);
#4428=CIRCLE('',#11134,0.2);
#4429=CIRCLE('',#11139,1.2);
#4430=CIRCLE('',#11184,1.);
#4431=CIRCLE('',#11185,1.);
#4432=CIRCLE('',#11186,1.);
#4433=CIRCLE('',#11187,1.);
#4434=CIRCLE('',#11188,1.);
#4435=CIRCLE('',#11189,1.);
#4436=CIRCLE('',#11190,1.);
#4437=CIRCLE('',#11191,1.);
#4438=CIRCLE('',#11192,1.75);
#4439=CIRCLE('',#11193,1.75);
#4440=CIRCLE('',#11194,1.75);
#4441=CIRCLE('',#11195,1.75);
#4442=CIRCLE('',#11196,1.75);
#4443=CIRCLE('',#11197,1.75);
#4444=CIRCLE('',#11198,1.75);
#4445=CIRCLE('',#11199,1.75);
#4446=CIRCLE('',#11203,1.);
#4447=CIRCLE('',#11204,1.);
#4448=CIRCLE('',#11205,1.);
#4449=CIRCLE('',#11206,1.);
#4450=CIRCLE('',#11207,1.);
#4451=CIRCLE('',#11208,1.);
#4452=CIRCLE('',#11209,1.);
#4453=CIRCLE('',#11210,1.);
#4454=CIRCLE('',#11211,1.75);
#4455=CIRCLE('',#11212,1.75);
#4456=CIRCLE('',#11213,1.75);
#4457=CIRCLE('',#11214,1.75);
#4458=CIRCLE('',#11215,1.75);
#4459=CIRCLE('',#11216,1.75);
#4460=CIRCLE('',#11217,1.75);
#4461=CIRCLE('',#11218,1.75);
#4462=VERTEX_POINT('',#13972);
#4463=VERTEX_POINT('',#13973);
#4464=VERTEX_POINT('',#13975);
#4465=VERTEX_POINT('',#13977);
#4466=VERTEX_POINT('',#13981);
#4467=VERTEX_POINT('',#13983);
#4468=VERTEX_POINT('',#13985);
#4469=VERTEX_POINT('',#13989);
#4470=VERTEX_POINT('',#13991);
#4471=VERTEX_POINT('',#13993);
#4472=VERTEX_POINT('',#13995);
#4473=VERTEX_POINT('',#13997);
#4474=VERTEX_POINT('',#13999);
#4475=VERTEX_POINT('',#14001);
#4476=VERTEX_POINT('',#14003);
#4477=VERTEX_POINT('',#14005);
#4478=VERTEX_POINT('',#14008);
#4479=VERTEX_POINT('',#14009);
#4480=VERTEX_POINT('',#14011);
#4481=VERTEX_POINT('',#14013);
#4482=VERTEX_POINT('',#14017);
#4483=VERTEX_POINT('',#14019);
#4484=VERTEX_POINT('',#14023);
#4485=VERTEX_POINT('',#14025);
#4486=VERTEX_POINT('',#14031);
#4487=VERTEX_POINT('',#14033);
#4488=VERTEX_POINT('',#14039);
#4489=VERTEX_POINT('',#14041);
#4490=VERTEX_POINT('',#14047);
#4491=VERTEX_POINT('',#14049);
#4492=VERTEX_POINT('',#14055);
#4493=VERTEX_POINT('',#14057);
#4494=VERTEX_POINT('',#14061);
#4495=VERTEX_POINT('',#14065);
#4496=VERTEX_POINT('',#14067);
#4497=VERTEX_POINT('',#14071);
#4498=VERTEX_POINT('',#14073);
#4499=VERTEX_POINT('',#14077);
#4500=VERTEX_POINT('',#14081);
#4501=VERTEX_POINT('',#14088);
#4502=VERTEX_POINT('',#14090);
#4503=VERTEX_POINT('',#14096);
#4504=VERTEX_POINT('',#14100);
#4505=VERTEX_POINT('',#14108);
#4506=VERTEX_POINT('',#14112);
#4507=VERTEX_POINT('',#14116);
#4508=VERTEX_POINT('',#14120);
#4509=VERTEX_POINT('',#14124);
#4510=VERTEX_POINT('',#14132);
#4511=VERTEX_POINT('',#14133);
#4512=VERTEX_POINT('',#14135);
#4513=VERTEX_POINT('',#14137);
#4514=VERTEX_POINT('',#14139);
#4515=VERTEX_POINT('',#14141);
#4516=VERTEX_POINT('',#14143);
#4517=VERTEX_POINT('',#14145);
#4518=VERTEX_POINT('',#14147);
#4519=VERTEX_POINT('',#14149);
#4520=VERTEX_POINT('',#14151);
#4521=VERTEX_POINT('',#14153);
#4522=VERTEX_POINT('',#14157);
#4523=VERTEX_POINT('',#14159);
#4524=VERTEX_POINT('',#14163);
#4525=VERTEX_POINT('',#14165);
#4526=VERTEX_POINT('',#14167);
#4527=VERTEX_POINT('',#14169);
#4528=VERTEX_POINT('',#14171);
#4529=VERTEX_POINT('',#14173);
#4530=VERTEX_POINT('',#14175);
#4531=VERTEX_POINT('',#14177);
#4532=VERTEX_POINT('',#14179);
#4533=VERTEX_POINT('',#14181);
#4534=VERTEX_POINT('',#14183);
#4535=VERTEX_POINT('',#14185);
#4536=VERTEX_POINT('',#14187);
#4537=VERTEX_POINT('',#14189);
#4538=VERTEX_POINT('',#14191);
#4539=VERTEX_POINT('',#14193);
#4540=VERTEX_POINT('',#14195);
#4541=VERTEX_POINT('',#14197);
#4542=VERTEX_POINT('',#14199);
#4543=VERTEX_POINT('',#14201);
#4544=VERTEX_POINT('',#14203);
#4545=VERTEX_POINT('',#14205);
#4546=VERTEX_POINT('',#14207);
#4547=VERTEX_POINT('',#14209);
#4548=VERTEX_POINT('',#14211);
#4549=VERTEX_POINT('',#14213);
#4550=VERTEX_POINT('',#14215);
#4551=VERTEX_POINT('',#14217);
#4552=VERTEX_POINT('',#14219);
#4553=VERTEX_POINT('',#14221);
#4554=VERTEX_POINT('',#14223);
#4555=VERTEX_POINT('',#14225);
#4556=VERTEX_POINT('',#14227);
#4557=VERTEX_POINT('',#14229);
#4558=VERTEX_POINT('',#14231);
#4559=VERTEX_POINT('',#14233);
#4560=VERTEX_POINT('',#14235);
#4561=VERTEX_POINT('',#14237);
#4562=VERTEX_POINT('',#14239);
#4563=VERTEX_POINT('',#14241);
#4564=VERTEX_POINT('',#14243);
#4565=VERTEX_POINT('',#14245);
#4566=VERTEX_POINT('',#14247);
#4567=VERTEX_POINT('',#14249);
#4568=VERTEX_POINT('',#14251);
#4569=VERTEX_POINT('',#14253);
#4570=VERTEX_POINT('',#14255);
#4571=VERTEX_POINT('',#14257);
#4572=VERTEX_POINT('',#14259);
#4573=VERTEX_POINT('',#14261);
#4574=VERTEX_POINT('',#14263);
#4575=VERTEX_POINT('',#14265);
#4576=VERTEX_POINT('',#14267);
#4577=VERTEX_POINT('',#14269);
#4578=VERTEX_POINT('',#14271);
#4579=VERTEX_POINT('',#14273);
#4580=VERTEX_POINT('',#14275);
#4581=VERTEX_POINT('',#14277);
#4582=VERTEX_POINT('',#14279);
#4583=VERTEX_POINT('',#14281);
#4584=VERTEX_POINT('',#14283);
#4585=VERTEX_POINT('',#14285);
#4586=VERTEX_POINT('',#14287);
#4587=VERTEX_POINT('',#14289);
#4588=VERTEX_POINT('',#14291);
#4589=VERTEX_POINT('',#14293);
#4590=VERTEX_POINT('',#14295);
#4591=VERTEX_POINT('',#14297);
#4592=VERTEX_POINT('',#14299);
#4593=VERTEX_POINT('',#14301);
#4594=VERTEX_POINT('',#14303);
#4595=VERTEX_POINT('',#14305);
#4596=VERTEX_POINT('',#14307);
#4597=VERTEX_POINT('',#14309);
#4598=VERTEX_POINT('',#14311);
#4599=VERTEX_POINT('',#14313);
#4600=VERTEX_POINT('',#14315);
#4601=VERTEX_POINT('',#14317);
#4602=VERTEX_POINT('',#14319);
#4603=VERTEX_POINT('',#14321);
#4604=VERTEX_POINT('',#14323);
#4605=VERTEX_POINT('',#14325);
#4606=VERTEX_POINT('',#14327);
#4607=VERTEX_POINT('',#14329);
#4608=VERTEX_POINT('',#14331);
#4609=VERTEX_POINT('',#14333);
#4610=VERTEX_POINT('',#14335);
#4611=VERTEX_POINT('',#14337);
#4612=VERTEX_POINT('',#14339);
#4613=VERTEX_POINT('',#14341);
#4614=VERTEX_POINT('',#14343);
#4615=VERTEX_POINT('',#14345);
#4616=VERTEX_POINT('',#14347);
#4617=VERTEX_POINT('',#14349);
#4618=VERTEX_POINT('',#14351);
#4619=VERTEX_POINT('',#14353);
#4620=VERTEX_POINT('',#14355);
#4621=VERTEX_POINT('',#14357);
#4622=VERTEX_POINT('',#14359);
#4623=VERTEX_POINT('',#14361);
#4624=VERTEX_POINT('',#14363);
#4625=VERTEX_POINT('',#14365);
#4626=VERTEX_POINT('',#14367);
#4627=VERTEX_POINT('',#14369);
#4628=VERTEX_POINT('',#14371);
#4629=VERTEX_POINT('',#14373);
#4630=VERTEX_POINT('',#14375);
#4631=VERTEX_POINT('',#14377);
#4632=VERTEX_POINT('',#14379);
#4633=VERTEX_POINT('',#14381);
#4634=VERTEX_POINT('',#14383);
#4635=VERTEX_POINT('',#14385);
#4636=VERTEX_POINT('',#14387);
#4637=VERTEX_POINT('',#14389);
#4638=VERTEX_POINT('',#14391);
#4639=VERTEX_POINT('',#14393);
#4640=VERTEX_POINT('',#14395);
#4641=VERTEX_POINT('',#14397);
#4642=VERTEX_POINT('',#14399);
#4643=VERTEX_POINT('',#14401);
#4644=VERTEX_POINT('',#14403);
#4645=VERTEX_POINT('',#14405);
#4646=VERTEX_POINT('',#14407);
#4647=VERTEX_POINT('',#14409);
#4648=VERTEX_POINT('',#14411);
#4649=VERTEX_POINT('',#14413);
#4650=VERTEX_POINT('',#14415);
#4651=VERTEX_POINT('',#14417);
#4652=VERTEX_POINT('',#14419);
#4653=VERTEX_POINT('',#14421);
#4654=VERTEX_POINT('',#14423);
#4655=VERTEX_POINT('',#14425);
#4656=VERTEX_POINT('',#14427);
#4657=VERTEX_POINT('',#14429);
#4658=VERTEX_POINT('',#14431);
#4659=VERTEX_POINT('',#14433);
#4660=VERTEX_POINT('',#14435);
#4661=VERTEX_POINT('',#14437);
#4662=VERTEX_POINT('',#14439);
#4663=VERTEX_POINT('',#14441);
#4664=VERTEX_POINT('',#14443);
#4665=VERTEX_POINT('',#14445);
#4666=VERTEX_POINT('',#14447);
#4667=VERTEX_POINT('',#14449);
#4668=VERTEX_POINT('',#14451);
#4669=VERTEX_POINT('',#14453);
#4670=VERTEX_POINT('',#14455);
#4671=VERTEX_POINT('',#14457);
#4672=VERTEX_POINT('',#14459);
#4673=VERTEX_POINT('',#14461);
#4674=VERTEX_POINT('',#14463);
#4675=VERTEX_POINT('',#14465);
#4676=VERTEX_POINT('',#14467);
#4677=VERTEX_POINT('',#14469);
#4678=VERTEX_POINT('',#14471);
#4679=VERTEX_POINT('',#14473);
#4680=VERTEX_POINT('',#14475);
#4681=VERTEX_POINT('',#14477);
#4682=VERTEX_POINT('',#14479);
#4683=VERTEX_POINT('',#14481);
#4684=VERTEX_POINT('',#14483);
#4685=VERTEX_POINT('',#14485);
#4686=VERTEX_POINT('',#14487);
#4687=VERTEX_POINT('',#14489);
#4688=VERTEX_POINT('',#14491);
#4689=VERTEX_POINT('',#14493);
#4690=VERTEX_POINT('',#14495);
#4691=VERTEX_POINT('',#14497);
#4692=VERTEX_POINT('',#14499);
#4693=VERTEX_POINT('',#14501);
#4694=VERTEX_POINT('',#14503);
#4695=VERTEX_POINT('',#14505);
#4696=VERTEX_POINT('',#14507);
#4697=VERTEX_POINT('',#14509);
#4698=VERTEX_POINT('',#14511);
#4699=VERTEX_POINT('',#14513);
#4700=VERTEX_POINT('',#14515);
#4701=VERTEX_POINT('',#14517);
#4702=VERTEX_POINT('',#14519);
#4703=VERTEX_POINT('',#14521);
#4704=VERTEX_POINT('',#14524);
#4705=VERTEX_POINT('',#14525);
#4706=VERTEX_POINT('',#14527);
#4707=VERTEX_POINT('',#14529);
#4708=VERTEX_POINT('',#14533);
#4709=VERTEX_POINT('',#14534);
#4710=VERTEX_POINT('',#14537);
#4711=VERTEX_POINT('',#14539);
#4712=VERTEX_POINT('',#14541);
#4713=VERTEX_POINT('',#14543);
#4714=VERTEX_POINT('',#14545);
#4715=VERTEX_POINT('',#14547);
#4716=VERTEX_POINT('',#14549);
#4717=VERTEX_POINT('',#14551);
#4718=VERTEX_POINT('',#14555);
#4719=VERTEX_POINT('',#14559);
#4720=VERTEX_POINT('',#14562);
#4721=VERTEX_POINT('',#14564);
#4722=VERTEX_POINT('',#14566);
#4723=VERTEX_POINT('',#14568);
#4724=VERTEX_POINT('',#14570);
#4725=VERTEX_POINT('',#14572);
#4726=VERTEX_POINT('',#14574);
#4727=VERTEX_POINT('',#14576);
#4728=VERTEX_POINT('',#14578);
#4729=VERTEX_POINT('',#14580);
#4730=VERTEX_POINT('',#14582);
#4731=VERTEX_POINT('',#14584);
#4732=VERTEX_POINT('',#14586);
#4733=VERTEX_POINT('',#14588);
#4734=VERTEX_POINT('',#14593);
#4735=VERTEX_POINT('',#14595);
#4736=VERTEX_POINT('',#14597);
#4737=VERTEX_POINT('',#14599);
#4738=VERTEX_POINT('',#14601);
#4739=VERTEX_POINT('',#14603);
#4740=VERTEX_POINT('',#14605);
#4741=VERTEX_POINT('',#14612);
#4742=VERTEX_POINT('',#14617);
#4743=VERTEX_POINT('',#14622);
#4744=VERTEX_POINT('',#14624);
#4745=VERTEX_POINT('',#14626);
#4746=VERTEX_POINT('',#14628);
#4747=VERTEX_POINT('',#14630);
#4748=VERTEX_POINT('',#14651);
#4749=VERTEX_POINT('',#14653);
#4750=VERTEX_POINT('',#14657);
#4751=VERTEX_POINT('',#14661);
#4752=VERTEX_POINT('',#14668);
#4753=VERTEX_POINT('',#14669);
#4754=VERTEX_POINT('',#14671);
#4755=VERTEX_POINT('',#14673);
#4756=VERTEX_POINT('',#14677);
#4757=VERTEX_POINT('',#14678);
#4758=VERTEX_POINT('',#14680);
#4759=VERTEX_POINT('',#14682);
#4760=VERTEX_POINT('',#14686);
#4761=VERTEX_POINT('',#14687);
#4762=VERTEX_POINT('',#14689);
#4763=VERTEX_POINT('',#14691);
#4764=VERTEX_POINT('',#14695);
#4765=VERTEX_POINT('',#14696);
#4766=VERTEX_POINT('',#14698);
#4767=VERTEX_POINT('',#14700);
#4768=VERTEX_POINT('',#14704);
#4769=VERTEX_POINT('',#14705);
#4770=VERTEX_POINT('',#14707);
#4771=VERTEX_POINT('',#14709);
#4772=VERTEX_POINT('',#14713);
#4773=VERTEX_POINT('',#14714);
#4774=VERTEX_POINT('',#14716);
#4775=VERTEX_POINT('',#14718);
#4776=VERTEX_POINT('',#14722);
#4777=VERTEX_POINT('',#14723);
#4778=VERTEX_POINT('',#14725);
#4779=VERTEX_POINT('',#14727);
#4780=VERTEX_POINT('',#14731);
#4781=VERTEX_POINT('',#14732);
#4782=VERTEX_POINT('',#14734);
#4783=VERTEX_POINT('',#14736);
#4784=VERTEX_POINT('',#14740);
#4785=VERTEX_POINT('',#14741);
#4786=VERTEX_POINT('',#14743);
#4787=VERTEX_POINT('',#14745);
#4788=VERTEX_POINT('',#14749);
#4789=VERTEX_POINT('',#14750);
#4790=VERTEX_POINT('',#14752);
#4791=VERTEX_POINT('',#14754);
#4792=VERTEX_POINT('',#14758);
#4793=VERTEX_POINT('',#14759);
#4794=VERTEX_POINT('',#14761);
#4795=VERTEX_POINT('',#14763);
#4796=VERTEX_POINT('',#14767);
#4797=VERTEX_POINT('',#14768);
#4798=VERTEX_POINT('',#14770);
#4799=VERTEX_POINT('',#14772);
#4800=VERTEX_POINT('',#14776);
#4801=VERTEX_POINT('',#14777);
#4802=VERTEX_POINT('',#14779);
#4803=VERTEX_POINT('',#14781);
#4804=VERTEX_POINT('',#14785);
#4805=VERTEX_POINT('',#14786);
#4806=VERTEX_POINT('',#14788);
#4807=VERTEX_POINT('',#14790);
#4808=VERTEX_POINT('',#14794);
#4809=VERTEX_POINT('',#14795);
#4810=VERTEX_POINT('',#14797);
#4811=VERTEX_POINT('',#14799);
#4812=VERTEX_POINT('',#14803);
#4813=VERTEX_POINT('',#14804);
#4814=VERTEX_POINT('',#14806);
#4815=VERTEX_POINT('',#14808);
#4816=VERTEX_POINT('',#14812);
#4817=VERTEX_POINT('',#14813);
#4818=VERTEX_POINT('',#14815);
#4819=VERTEX_POINT('',#14817);
#4820=VERTEX_POINT('',#14821);
#4821=VERTEX_POINT('',#14822);
#4822=VERTEX_POINT('',#14824);
#4823=VERTEX_POINT('',#14826);
#4824=VERTEX_POINT('',#14830);
#4825=VERTEX_POINT('',#14831);
#4826=VERTEX_POINT('',#14833);
#4827=VERTEX_POINT('',#14835);
#4828=VERTEX_POINT('',#14839);
#4829=VERTEX_POINT('',#14840);
#4830=VERTEX_POINT('',#14842);
#4831=VERTEX_POINT('',#14844);
#4832=VERTEX_POINT('',#14848);
#4833=VERTEX_POINT('',#14849);
#4834=VERTEX_POINT('',#14851);
#4835=VERTEX_POINT('',#14853);
#4836=VERTEX_POINT('',#14857);
#4837=VERTEX_POINT('',#14858);
#4838=VERTEX_POINT('',#14860);
#4839=VERTEX_POINT('',#14862);
#4840=VERTEX_POINT('',#14866);
#4841=VERTEX_POINT('',#14867);
#4842=VERTEX_POINT('',#14869);
#4843=VERTEX_POINT('',#14871);
#4844=VERTEX_POINT('',#14875);
#4845=VERTEX_POINT('',#14876);
#4846=VERTEX_POINT('',#14878);
#4847=VERTEX_POINT('',#14880);
#4848=VERTEX_POINT('',#14884);
#4849=VERTEX_POINT('',#14885);
#4850=VERTEX_POINT('',#14887);
#4851=VERTEX_POINT('',#14889);
#4852=VERTEX_POINT('',#14893);
#4853=VERTEX_POINT('',#14894);
#4854=VERTEX_POINT('',#14896);
#4855=VERTEX_POINT('',#14898);
#4856=VERTEX_POINT('',#14902);
#4857=VERTEX_POINT('',#14903);
#4858=VERTEX_POINT('',#14905);
#4859=VERTEX_POINT('',#14907);
#4860=VERTEX_POINT('',#14911);
#4861=VERTEX_POINT('',#14912);
#4862=VERTEX_POINT('',#14914);
#4863=VERTEX_POINT('',#14916);
#4864=VERTEX_POINT('',#14920);
#4865=VERTEX_POINT('',#14921);
#4866=VERTEX_POINT('',#14923);
#4867=VERTEX_POINT('',#14925);
#4868=VERTEX_POINT('',#14929);
#4869=VERTEX_POINT('',#14930);
#4870=VERTEX_POINT('',#14932);
#4871=VERTEX_POINT('',#14934);
#4872=VERTEX_POINT('',#14938);
#4873=VERTEX_POINT('',#14939);
#4874=VERTEX_POINT('',#14941);
#4875=VERTEX_POINT('',#14943);
#4876=VERTEX_POINT('',#14947);
#4877=VERTEX_POINT('',#14948);
#4878=VERTEX_POINT('',#14950);
#4879=VERTEX_POINT('',#14952);
#4880=VERTEX_POINT('',#14956);
#4881=VERTEX_POINT('',#14957);
#4882=VERTEX_POINT('',#14959);
#4883=VERTEX_POINT('',#14961);
#4884=VERTEX_POINT('',#14965);
#4885=VERTEX_POINT('',#14966);
#4886=VERTEX_POINT('',#14968);
#4887=VERTEX_POINT('',#14970);
#4888=VERTEX_POINT('',#14974);
#4889=VERTEX_POINT('',#14975);
#4890=VERTEX_POINT('',#14977);
#4891=VERTEX_POINT('',#14979);
#4892=VERTEX_POINT('',#14983);
#4893=VERTEX_POINT('',#14984);
#4894=VERTEX_POINT('',#14986);
#4895=VERTEX_POINT('',#14988);
#4896=VERTEX_POINT('',#14992);
#4897=VERTEX_POINT('',#14993);
#4898=VERTEX_POINT('',#14995);
#4899=VERTEX_POINT('',#14997);
#4900=VERTEX_POINT('',#15001);
#4901=VERTEX_POINT('',#15002);
#4902=VERTEX_POINT('',#15004);
#4903=VERTEX_POINT('',#15006);
#4904=VERTEX_POINT('',#15010);
#4905=VERTEX_POINT('',#15011);
#4906=VERTEX_POINT('',#15013);
#4907=VERTEX_POINT('',#15015);
#4908=VERTEX_POINT('',#15019);
#4909=VERTEX_POINT('',#15020);
#4910=VERTEX_POINT('',#15022);
#4911=VERTEX_POINT('',#15024);
#4912=VERTEX_POINT('',#15308);
#4913=VERTEX_POINT('',#15310);
#4914=VERTEX_POINT('',#15314);
#4915=VERTEX_POINT('',#15316);
#4916=VERTEX_POINT('',#15320);
#4917=VERTEX_POINT('',#15322);
#4918=VERTEX_POINT('',#15363);
#4919=VERTEX_POINT('',#15364);
#4920=VERTEX_POINT('',#15366);
#4921=VERTEX_POINT('',#15368);
#4922=VERTEX_POINT('',#15372);
#4923=VERTEX_POINT('',#15373);
#4924=VERTEX_POINT('',#15378);
#4925=VERTEX_POINT('',#15379);
#4926=VERTEX_POINT('',#15384);
#4927=VERTEX_POINT('',#15385);
#4928=VERTEX_POINT('',#15390);
#4929=VERTEX_POINT('',#15391);
#4930=VERTEX_POINT('',#15396);
#4931=VERTEX_POINT('',#15397);
#4932=VERTEX_POINT('',#15402);
#4933=VERTEX_POINT('',#15403);
#4934=VERTEX_POINT('',#15411);
#4935=VERTEX_POINT('',#15413);
#4936=VERTEX_POINT('',#15417);
#4937=VERTEX_POINT('',#15421);
#4938=VERTEX_POINT('',#15425);
#4939=VERTEX_POINT('',#15429);
#4940=VERTEX_POINT('',#15430);
#4941=VERTEX_POINT('',#15432);
#4942=VERTEX_POINT('',#15434);
#4943=VERTEX_POINT('',#15438);
#4944=VERTEX_POINT('',#15440);
#4945=VERTEX_POINT('',#15444);
#4946=VERTEX_POINT('',#15445);
#4947=VERTEX_POINT('',#15450);
#4948=VERTEX_POINT('',#15451);
#4949=VERTEX_POINT('',#15456);
#4950=VERTEX_POINT('',#15457);
#4951=VERTEX_POINT('',#15462);
#4952=VERTEX_POINT('',#15467);
#4953=VERTEX_POINT('',#15471);
#4954=VERTEX_POINT('',#15483);
#4955=VERTEX_POINT('',#15484);
#4956=VERTEX_POINT('',#15486);
#4957=VERTEX_POINT('',#15488);
#4958=VERTEX_POINT('',#15501);
#4959=VERTEX_POINT('',#15502);
#4960=VERTEX_POINT('',#15504);
#4961=VERTEX_POINT('',#15506);
#4962=VERTEX_POINT('',#15510);
#4963=VERTEX_POINT('',#15512);
#4964=VERTEX_POINT('',#15516);
#4965=VERTEX_POINT('',#15518);
#4966=VERTEX_POINT('',#15528);
#4967=VERTEX_POINT('',#15529);
#4968=VERTEX_POINT('',#15531);
#4969=VERTEX_POINT('',#15533);
#4970=VERTEX_POINT('',#15537);
#4971=VERTEX_POINT('',#15539);
#4972=VERTEX_POINT('',#15543);
#4973=VERTEX_POINT('',#15545);
#4974=VERTEX_POINT('',#15555);
#4975=VERTEX_POINT('',#15556);
#4976=VERTEX_POINT('',#15558);
#4977=VERTEX_POINT('',#15560);
#4978=VERTEX_POINT('',#15564);
#4979=VERTEX_POINT('',#15566);
#4980=VERTEX_POINT('',#15570);
#4981=VERTEX_POINT('',#15572);
#4982=VERTEX_POINT('',#15582);
#4983=VERTEX_POINT('',#15583);
#4984=VERTEX_POINT('',#15585);
#4985=VERTEX_POINT('',#15587);
#4986=VERTEX_POINT('',#15589);
#4987=VERTEX_POINT('',#15591);
#4988=VERTEX_POINT('',#15593);
#4989=VERTEX_POINT('',#15595);
#4990=VERTEX_POINT('',#15597);
#4991=VERTEX_POINT('',#15599);
#4992=VERTEX_POINT('',#15601);
#4993=VERTEX_POINT('',#15603);
#4994=VERTEX_POINT('',#15626);
#4995=VERTEX_POINT('',#15628);
#4996=VERTEX_POINT('',#15636);
#4997=VERTEX_POINT('',#15646);
#4998=VERTEX_POINT('',#15648);
#4999=VERTEX_POINT('',#15659);
#5000=VERTEX_POINT('',#15663);
#5001=VERTEX_POINT('',#15667);
#5002=VERTEX_POINT('',#15669);
#5003=VERTEX_POINT('',#15671);
#5004=VERTEX_POINT('',#15673);
#5005=VERTEX_POINT('',#15675);
#5006=VERTEX_POINT('',#15677);
#5007=VERTEX_POINT('',#15681);
#5008=VERTEX_POINT('',#15683);
#5009=VERTEX_POINT('',#15696);
#5010=VERTEX_POINT('',#15698);
#5011=VERTEX_POINT('',#15700);
#5012=VERTEX_POINT('',#15702);
#5013=VERTEX_POINT('',#15704);
#5014=VERTEX_POINT('',#15724);
#5015=VERTEX_POINT('',#15729);
#5016=VERTEX_POINT('',#15736);
#5017=VERTEX_POINT('',#15738);
#5018=VERTEX_POINT('',#15742);
#5019=VERTEX_POINT('',#15744);
#5020=VERTEX_POINT('',#15746);
#5021=VERTEX_POINT('',#15752);
#5022=VERTEX_POINT('',#15754);
#5023=VERTEX_POINT('',#15756);
#5024=VERTEX_POINT('',#15763);
#5025=VERTEX_POINT('',#15765);
#5026=VERTEX_POINT('',#15767);
#5027=VERTEX_POINT('',#15769);
#5028=VERTEX_POINT('',#15771);
#5029=VERTEX_POINT('',#15773);
#5030=VERTEX_POINT('',#15775);
#5031=VERTEX_POINT('',#15777);
#5032=VERTEX_POINT('',#15781);
#5033=VERTEX_POINT('',#15783);
#5034=VERTEX_POINT('',#15785);
#5035=VERTEX_POINT('',#15787);
#5036=VERTEX_POINT('',#15791);
#5037=VERTEX_POINT('',#15796);
#5038=VERTEX_POINT('',#15798);
#5039=VERTEX_POINT('',#15803);
#5040=VERTEX_POINT('',#15805);
#5041=VERTEX_POINT('',#15809);
#5042=VERTEX_POINT('',#15811);
#5043=VERTEX_POINT('',#15813);
#5044=VERTEX_POINT('',#15817);
#5045=VERTEX_POINT('',#15819);
#5046=VERTEX_POINT('',#15821);
#5047=VERTEX_POINT('',#15825);
#5048=VERTEX_POINT('',#15826);
#5049=VERTEX_POINT('',#15828);
#5050=VERTEX_POINT('',#15830);
#5051=VERTEX_POINT('',#15834);
#5052=VERTEX_POINT('',#15835);
#5053=VERTEX_POINT('',#15837);
#5054=VERTEX_POINT('',#15839);
#5055=VERTEX_POINT('',#15846);
#5056=VERTEX_POINT('',#15847);
#5057=VERTEX_POINT('',#15849);
#5058=VERTEX_POINT('',#15851);
#5059=VERTEX_POINT('',#15855);
#5060=VERTEX_POINT('',#15857);
#5061=VERTEX_POINT('',#15861);
#5062=VERTEX_POINT('',#15863);
#5063=VERTEX_POINT('',#15867);
#5064=VERTEX_POINT('',#15868);
#5065=VERTEX_POINT('',#15870);
#5066=VERTEX_POINT('',#15872);
#5067=VERTEX_POINT('',#15876);
#5068=VERTEX_POINT('',#15878);
#5069=VERTEX_POINT('',#15882);
#5070=VERTEX_POINT('',#15884);
#5071=VERTEX_POINT('',#15888);
#5072=VERTEX_POINT('',#15889);
#5073=VERTEX_POINT('',#15891);
#5074=VERTEX_POINT('',#15893);
#5075=VERTEX_POINT('',#15897);
#5076=VERTEX_POINT('',#15898);
#5077=VERTEX_POINT('',#15900);
#5078=VERTEX_POINT('',#15902);
#5079=VERTEX_POINT('',#15909);
#5080=VERTEX_POINT('',#15910);
#5081=VERTEX_POINT('',#15912);
#5082=VERTEX_POINT('',#15914);
#5083=VERTEX_POINT('',#15918);
#5084=VERTEX_POINT('',#15920);
#5085=VERTEX_POINT('',#15924);
#5086=VERTEX_POINT('',#15926);
#5087=VERTEX_POINT('',#15930);
#5088=VERTEX_POINT('',#15931);
#5089=VERTEX_POINT('',#15933);
#5090=VERTEX_POINT('',#15935);
#5091=VERTEX_POINT('',#15939);
#5092=VERTEX_POINT('',#15941);
#5093=VERTEX_POINT('',#15945);
#5094=VERTEX_POINT('',#15947);
#5095=VERTEX_POINT('',#15951);
#5096=VERTEX_POINT('',#15952);
#5097=VERTEX_POINT('',#15954);
#5098=VERTEX_POINT('',#15956);
#5099=VERTEX_POINT('',#15960);
#5100=VERTEX_POINT('',#15961);
#5101=VERTEX_POINT('',#15963);
#5102=VERTEX_POINT('',#15965);
#5103=VERTEX_POINT('',#15972);
#5104=VERTEX_POINT('',#15973);
#5105=VERTEX_POINT('',#15975);
#5106=VERTEX_POINT('',#15977);
#5107=VERTEX_POINT('',#15981);
#5108=VERTEX_POINT('',#15983);
#5109=VERTEX_POINT('',#15987);
#5110=VERTEX_POINT('',#15989);
#5111=VERTEX_POINT('',#15993);
#5112=VERTEX_POINT('',#15994);
#5113=VERTEX_POINT('',#15996);
#5114=VERTEX_POINT('',#15998);
#5115=VERTEX_POINT('',#16002);
#5116=VERTEX_POINT('',#16003);
#5117=VERTEX_POINT('',#16005);
#5118=VERTEX_POINT('',#16007);
#5119=VERTEX_POINT('',#16014);
#5120=VERTEX_POINT('',#16015);
#5121=VERTEX_POINT('',#16017);
#5122=VERTEX_POINT('',#16019);
#5123=VERTEX_POINT('',#16023);
#5124=VERTEX_POINT('',#16024);
#5125=VERTEX_POINT('',#16026);
#5126=VERTEX_POINT('',#16028);
#5127=VERTEX_POINT('',#16036);
#5128=VERTEX_POINT('',#16038);
#5129=VERTEX_POINT('',#16040);
#5130=VERTEX_POINT('',#16042);
#5131=VERTEX_POINT('',#16044);
#5132=VERTEX_POINT('',#16046);
#5133=VERTEX_POINT('',#16058);
#5134=VERTEX_POINT('',#16062);
#5135=VERTEX_POINT('',#16084);
#5136=VERTEX_POINT('',#16086);
#5137=VERTEX_POINT('',#16088);
#5138=VERTEX_POINT('',#16090);
#5139=VERTEX_POINT('',#16092);
#5140=VERTEX_POINT('',#16096);
#5141=VERTEX_POINT('',#16098);
#5142=VERTEX_POINT('',#16100);
#5143=VERTEX_POINT('',#16104);
#5144=VERTEX_POINT('',#16106);
#5145=VERTEX_POINT('',#16108);
#5146=VERTEX_POINT('',#16110);
#5147=VERTEX_POINT('',#16117);
#5148=VERTEX_POINT('',#16119);
#5149=VERTEX_POINT('',#16123);
#5150=VERTEX_POINT('',#16125);
#5151=VERTEX_POINT('',#16129);
#5152=VERTEX_POINT('',#16130);
#5153=VERTEX_POINT('',#16132);
#5154=VERTEX_POINT('',#16134);
#5155=VERTEX_POINT('',#16138);
#5156=VERTEX_POINT('',#16140);
#5157=VERTEX_POINT('',#16144);
#5158=VERTEX_POINT('',#16146);
#5159=VERTEX_POINT('',#16150);
#5160=VERTEX_POINT('',#16152);
#5161=VERTEX_POINT('',#16156);
#5162=VERTEX_POINT('',#16158);
#5163=VERTEX_POINT('',#16162);
#5164=VERTEX_POINT('',#16164);
#5165=VERTEX_POINT('',#16168);
#5166=VERTEX_POINT('',#16170);
#5167=VERTEX_POINT('',#16174);
#5168=VERTEX_POINT('',#16176);
#5169=VERTEX_POINT('',#16180);
#5170=VERTEX_POINT('',#16182);
#5171=VERTEX_POINT('',#16186);
#5172=VERTEX_POINT('',#16188);
#5173=VERTEX_POINT('',#16192);
#5174=VERTEX_POINT('',#16194);
#5175=VERTEX_POINT('',#16202);
#5176=VERTEX_POINT('',#16203);
#5177=VERTEX_POINT('',#16205);
#5178=VERTEX_POINT('',#16207);
#5179=VERTEX_POINT('',#16211);
#5180=VERTEX_POINT('',#16213);
#5181=VERTEX_POINT('',#16217);
#5182=VERTEX_POINT('',#16219);
#5183=VERTEX_POINT('',#16225);
#5184=VERTEX_POINT('',#16226);
#5185=VERTEX_POINT('',#16228);
#5186=VERTEX_POINT('',#16230);
#5187=VERTEX_POINT('',#16234);
#5188=VERTEX_POINT('',#16236);
#5189=VERTEX_POINT('',#16240);
#5190=VERTEX_POINT('',#16242);
#5191=VERTEX_POINT('',#16248);
#5192=VERTEX_POINT('',#16249);
#5193=VERTEX_POINT('',#16251);
#5194=VERTEX_POINT('',#16253);
#5195=VERTEX_POINT('',#16257);
#5196=VERTEX_POINT('',#16259);
#5197=VERTEX_POINT('',#16263);
#5198=VERTEX_POINT('',#16265);
#5199=VERTEX_POINT('',#16271);
#5200=VERTEX_POINT('',#16272);
#5201=VERTEX_POINT('',#16274);
#5202=VERTEX_POINT('',#16276);
#5203=VERTEX_POINT('',#16280);
#5204=VERTEX_POINT('',#16282);
#5205=VERTEX_POINT('',#16286);
#5206=VERTEX_POINT('',#16288);
#5207=VERTEX_POINT('',#16294);
#5208=VERTEX_POINT('',#16295);
#5209=VERTEX_POINT('',#16297);
#5210=VERTEX_POINT('',#16299);
#5211=VERTEX_POINT('',#16301);
#5212=VERTEX_POINT('',#16303);
#5213=VERTEX_POINT('',#16305);
#5214=VERTEX_POINT('',#16307);
#5215=VERTEX_POINT('',#16313);
#5216=VERTEX_POINT('',#16315);
#5217=VERTEX_POINT('',#16317);
#5218=VERTEX_POINT('',#16319);
#5219=VERTEX_POINT('',#16323);
#5220=VERTEX_POINT('',#16325);
#5221=VERTEX_POINT('',#16329);
#5222=VERTEX_POINT('',#16333);
#5223=VERTEX_POINT('',#16340);
#5224=VERTEX_POINT('',#16342);
#5225=VERTEX_POINT('',#16346);
#5226=VERTEX_POINT('',#16348);
#5227=VERTEX_POINT('',#16354);
#5228=VERTEX_POINT('',#16356);
#5229=VERTEX_POINT('',#16358);
#5230=VERTEX_POINT('',#16360);
#5231=VERTEX_POINT('',#16364);
#5232=VERTEX_POINT('',#16366);
#5233=VERTEX_POINT('',#16368);
#5234=VERTEX_POINT('',#16461);
#5235=VERTEX_POINT('',#16462);
#5236=VERTEX_POINT('',#16464);
#5237=VERTEX_POINT('',#16466);
#5238=VERTEX_POINT('',#16470);
#5239=VERTEX_POINT('',#16472);
#5240=VERTEX_POINT('',#16476);
#5241=VERTEX_POINT('',#16478);
#5242=VERTEX_POINT('',#16485);
#5243=VERTEX_POINT('',#16486);
#5244=VERTEX_POINT('',#16488);
#5245=VERTEX_POINT('',#16490);
#5246=VERTEX_POINT('',#16494);
#5247=VERTEX_POINT('',#16496);
#5248=VERTEX_POINT('',#16500);
#5249=VERTEX_POINT('',#16502);
#5250=VERTEX_POINT('',#16506);
#5251=VERTEX_POINT('',#16508);
#5252=VERTEX_POINT('',#16512);
#5253=VERTEX_POINT('',#16514);
#5254=VERTEX_POINT('',#16530);
#5255=VERTEX_POINT('',#16531);
#5256=VERTEX_POINT('',#16533);
#5257=VERTEX_POINT('',#16535);
#5258=VERTEX_POINT('',#16537);
#5259=VERTEX_POINT('',#16539);
#5260=VERTEX_POINT('',#16541);
#5261=VERTEX_POINT('',#16543);
#5262=VERTEX_POINT('',#16545);
#5263=VERTEX_POINT('',#16547);
#5264=VERTEX_POINT('',#16549);
#5265=VERTEX_POINT('',#16551);
#5266=VERTEX_POINT('',#16553);
#5267=VERTEX_POINT('',#16555);
#5268=VERTEX_POINT('',#16557);
#5269=VERTEX_POINT('',#16559);
#5270=VERTEX_POINT('',#16561);
#5271=VERTEX_POINT('',#16563);
#5272=VERTEX_POINT('',#16565);
#5273=VERTEX_POINT('',#16567);
#5274=VERTEX_POINT('',#16569);
#5275=VERTEX_POINT('',#16571);
#5276=VERTEX_POINT('',#16573);
#5277=VERTEX_POINT('',#16575);
#5278=VERTEX_POINT('',#16577);
#5279=VERTEX_POINT('',#16579);
#5280=VERTEX_POINT('',#16581);
#5281=VERTEX_POINT('',#16583);
#5282=VERTEX_POINT('',#16585);
#5283=VERTEX_POINT('',#16587);
#5284=VERTEX_POINT('',#16589);
#5285=VERTEX_POINT('',#16591);
#5286=VERTEX_POINT('',#16594);
#5287=VERTEX_POINT('',#16595);
#5288=VERTEX_POINT('',#16598);
#5289=VERTEX_POINT('',#16599);
#5290=VERTEX_POINT('',#16602);
#5291=VERTEX_POINT('',#16603);
#5292=VERTEX_POINT('',#16606);
#5293=VERTEX_POINT('',#16607);
#5294=VERTEX_POINT('',#16611);
#5295=VERTEX_POINT('',#16613);
#5296=VERTEX_POINT('',#16617);
#5297=VERTEX_POINT('',#16618);
#5298=VERTEX_POINT('',#16621);
#5299=VERTEX_POINT('',#16623);
#5300=VERTEX_POINT('',#16625);
#5301=VERTEX_POINT('',#16629);
#5302=VERTEX_POINT('',#16630);
#5303=VERTEX_POINT('',#16632);
#5304=VERTEX_POINT('',#16634);
#5305=VERTEX_POINT('',#16636);
#5306=VERTEX_POINT('',#16638);
#5307=VERTEX_POINT('',#16640);
#5308=VERTEX_POINT('',#16642);
#5309=VERTEX_POINT('',#16644);
#5310=VERTEX_POINT('',#16646);
#5311=VERTEX_POINT('',#16648);
#5312=VERTEX_POINT('',#16650);
#5313=VERTEX_POINT('',#16652);
#5314=VERTEX_POINT('',#16654);
#5315=VERTEX_POINT('',#16656);
#5316=VERTEX_POINT('',#16658);
#5317=VERTEX_POINT('',#16660);
#5318=VERTEX_POINT('',#16662);
#5319=VERTEX_POINT('',#16664);
#5320=VERTEX_POINT('',#16666);
#5321=VERTEX_POINT('',#16668);
#5322=VERTEX_POINT('',#16670);
#5323=VERTEX_POINT('',#16672);
#5324=VERTEX_POINT('',#16674);
#5325=VERTEX_POINT('',#16676);
#5326=VERTEX_POINT('',#16678);
#5327=VERTEX_POINT('',#16680);
#5328=VERTEX_POINT('',#16682);
#5329=VERTEX_POINT('',#16684);
#5330=VERTEX_POINT('',#16686);
#5331=VERTEX_POINT('',#16688);
#5332=VERTEX_POINT('',#16691);
#5333=VERTEX_POINT('',#16693);
#5334=VERTEX_POINT('',#16696);
#5335=VERTEX_POINT('',#16698);
#5336=VERTEX_POINT('',#16700);
#5337=VERTEX_POINT('',#16702);
#5338=VERTEX_POINT('',#16704);
#5339=VERTEX_POINT('',#16706);
#5340=VERTEX_POINT('',#16708);
#5341=VERTEX_POINT('',#16710);
#5342=VERTEX_POINT('',#16712);
#5343=VERTEX_POINT('',#16714);
#5344=VERTEX_POINT('',#16716);
#5345=VERTEX_POINT('',#16718);
#5346=VERTEX_POINT('',#16720);
#5347=VERTEX_POINT('',#16722);
#5348=VERTEX_POINT('',#16724);
#5349=VERTEX_POINT('',#16726);
#5350=VERTEX_POINT('',#16728);
#5351=VERTEX_POINT('',#16730);
#5352=VERTEX_POINT('',#16732);
#5353=VERTEX_POINT('',#16734);
#5354=VERTEX_POINT('',#16736);
#5355=VERTEX_POINT('',#16738);
#5356=VERTEX_POINT('',#16740);
#5357=VERTEX_POINT('',#16742);
#5358=VERTEX_POINT('',#16744);
#5359=VERTEX_POINT('',#16746);
#5360=VERTEX_POINT('',#16749);
#5361=VERTEX_POINT('',#16750);
#5362=VERTEX_POINT('',#16753);
#5363=VERTEX_POINT('',#16754);
#5364=VERTEX_POINT('',#16757);
#5365=VERTEX_POINT('',#16758);
#5366=VERTEX_POINT('',#16761);
#5367=VERTEX_POINT('',#16762);
#5368=VERTEX_POINT('',#16766);
#5369=VERTEX_POINT('',#16768);
#5370=VERTEX_POINT('',#16772);
#5371=VERTEX_POINT('',#16776);
#5372=VERTEX_POINT('',#16787);
#5373=VERTEX_POINT('',#16788);
#5374=VERTEX_POINT('',#16790);
#5375=VERTEX_POINT('',#16792);
#5376=VERTEX_POINT('',#16796);
#5377=VERTEX_POINT('',#16798);
#5378=VERTEX_POINT('',#16802);
#5379=VERTEX_POINT('',#16804);
#5380=VERTEX_POINT('',#16808);
#5381=VERTEX_POINT('',#16812);
#5382=VERTEX_POINT('',#16816);
#5383=VERTEX_POINT('',#16818);
#5384=VERTEX_POINT('',#16832);
#5385=VERTEX_POINT('',#16834);
#5386=VERTEX_POINT('',#16838);
#5387=VERTEX_POINT('',#16842);
#5388=VERTEX_POINT('',#16860);
#5389=VERTEX_POINT('',#16862);
#5390=VERTEX_POINT('',#16866);
#5391=VERTEX_POINT('',#16870);
#5392=VERTEX_POINT('',#16897);
#5393=VERTEX_POINT('',#16899);
#5394=VERTEX_POINT('',#16903);
#5395=VERTEX_POINT('',#16907);
#5396=VERTEX_POINT('',#16925);
#5397=VERTEX_POINT('',#16927);
#5398=VERTEX_POINT('',#16931);
#5399=VERTEX_POINT('',#16935);
#5400=VERTEX_POINT('',#16944);
#5401=VERTEX_POINT('',#16946);
#5402=VERTEX_POINT('',#16950);
#5403=VERTEX_POINT('',#16954);
#5404=VERTEX_POINT('',#16961);
#5405=VERTEX_POINT('',#16965);
#5406=VERTEX_POINT('',#16981);
#5407=VERTEX_POINT('',#16982);
#5408=VERTEX_POINT('',#16984);
#5409=VERTEX_POINT('',#16986);
#5410=VERTEX_POINT('',#16990);
#5411=VERTEX_POINT('',#16992);
#5412=VERTEX_POINT('',#16996);
#5413=VERTEX_POINT('',#16998);
#5414=EDGE_CURVE('',#4462,#4463,#4308,.T.);
#5415=EDGE_CURVE('',#4463,#4464,#1742,.T.);
#5416=EDGE_CURVE('',#4464,#4465,#4309,.T.);
#5417=EDGE_CURVE('',#4465,#4462,#1743,.T.);
#5418=EDGE_CURVE('',#4466,#4464,#1744,.T.);
#5419=EDGE_CURVE('',#4467,#4466,#1745,.T.);
#5420=EDGE_CURVE('',#4467,#4468,#1746,.T.);
#5421=EDGE_CURVE('',#4468,#4465,#1747,.T.);
#5422=EDGE_CURVE('',#4463,#4469,#1748,.T.);
#5423=EDGE_CURVE('',#4469,#4470,#4310,.T.);
#5424=EDGE_CURVE('',#4470,#4471,#1749,.T.);
#5425=EDGE_CURVE('',#4472,#4471,#1750,.T.);
#5426=EDGE_CURVE('',#4473,#4472,#1751,.T.);
#5427=EDGE_CURVE('',#4474,#4473,#1752,.T.);
#5428=EDGE_CURVE('',#4475,#4474,#1753,.T.);
#5429=EDGE_CURVE('',#4476,#4475,#1754,.T.);
#5430=EDGE_CURVE('',#4476,#4477,#1755,.T.);
#5431=EDGE_CURVE('',#4477,#4466,#4311,.T.);
#5432=EDGE_CURVE('',#4478,#4479,#1756,.T.);
#5433=EDGE_CURVE('',#4479,#4480,#1757,.T.);
#5434=EDGE_CURVE('',#4480,#4481,#1758,.T.);
#5435=EDGE_CURVE('',#4481,#4478,#1759,.T.);
#5436=EDGE_CURVE('',#4471,#4482,#4312,.T.);
#5437=EDGE_CURVE('',#4482,#4483,#1760,.T.);
#5438=EDGE_CURVE('',#4483,#4472,#4313,.T.);
#5439=EDGE_CURVE('',#4472,#4484,#4314,.T.);
#5440=EDGE_CURVE('',#4484,#4485,#1761,.T.);
#5441=EDGE_CURVE('',#4485,#4473,#4315,.T.);
#5442=EDGE_CURVE('',#4483,#4484,#4316,.T.);
#5443=EDGE_CURVE('',#4473,#4486,#4317,.T.);
#5444=EDGE_CURVE('',#4486,#4487,#1762,.T.);
#5445=EDGE_CURVE('',#4487,#4474,#4318,.T.);
#5446=EDGE_CURVE('',#4485,#4486,#4319,.T.);
#5447=EDGE_CURVE('',#4474,#4488,#4320,.T.);
#5448=EDGE_CURVE('',#4488,#4489,#1763,.T.);
#5449=EDGE_CURVE('',#4489,#4475,#4321,.T.);
#5450=EDGE_CURVE('',#4487,#4488,#4322,.T.);
#5451=EDGE_CURVE('',#4490,#4476,#4323,.T.);
#5452=EDGE_CURVE('',#4475,#4491,#4324,.T.);
#5453=EDGE_CURVE('',#4491,#4490,#1764,.T.);
#5454=EDGE_CURVE('',#4489,#4491,#4325,.T.);
#5455=EDGE_CURVE('',#4492,#4482,#1765,.T.);
#5456=EDGE_CURVE('',#4492,#4493,#1766,.T.);
#5457=EDGE_CURVE('',#4493,#4483,#1767,.T.);
#5458=EDGE_CURVE('',#4494,#4470,#1768,.T.);
#5459=EDGE_CURVE('',#4494,#4492,#1769,.T.);
#5460=EDGE_CURVE('',#4495,#4490,#1770,.T.);
#5461=EDGE_CURVE('',#4495,#4496,#1771,.T.);
#5462=EDGE_CURVE('',#4496,#4477,#1772,.T.);
#5463=EDGE_CURVE('',#4478,#4497,#1773,.T.);
#5464=EDGE_CURVE('',#4497,#4498,#1774,.T.);
#5465=EDGE_CURVE('',#4479,#4498,#1775,.T.);
#5466=EDGE_CURVE('',#4481,#4499,#1776,.T.);
#5467=EDGE_CURVE('',#4499,#4497,#1777,.T.);
#5468=EDGE_CURVE('',#4480,#4500,#1778,.T.);
#5469=EDGE_CURVE('',#4500,#4499,#1779,.T.);
#5470=EDGE_CURVE('',#4498,#4500,#1780,.T.);
#5471=EDGE_CURVE('',#4501,#4484,#1781,.T.);
#5472=EDGE_CURVE('',#4501,#4502,#1782,.T.);
#5473=EDGE_CURVE('',#4502,#4485,#1783,.T.);
#5474=EDGE_CURVE('',#4493,#4501,#4326,.T.);
#5475=EDGE_CURVE('',#4503,#4494,#4327,.T.);
#5476=EDGE_CURVE('',#4503,#4469,#1784,.T.);
#5477=EDGE_CURVE('',#4504,#4462,#1785,.T.);
#5478=EDGE_CURVE('',#4504,#4503,#1786,.T.);
#5479=EDGE_CURVE('',#4468,#4504,#1787,.T.);
#5480=EDGE_CURVE('',#4496,#4467,#4328,.T.);
#5481=EDGE_CURVE('',#4505,#4491,#1788,.T.);
#5482=EDGE_CURVE('',#4505,#4495,#1789,.T.);
#5483=EDGE_CURVE('',#4506,#4489,#1790,.T.);
#5484=EDGE_CURVE('',#4506,#4505,#4329,.T.);
#5485=EDGE_CURVE('',#4507,#4488,#1791,.T.);
#5486=EDGE_CURVE('',#4507,#4506,#1792,.T.);
#5487=EDGE_CURVE('',#4508,#4487,#1793,.T.);
#5488=EDGE_CURVE('',#4508,#4507,#4330,.T.);
#5489=EDGE_CURVE('',#4509,#4486,#1794,.T.);
#5490=EDGE_CURVE('',#4509,#4508,#1795,.T.);
#5491=EDGE_CURVE('',#4502,#4509,#4331,.T.);
#5492=EDGE_CURVE('',#4510,#4511,#1796,.T.);
#5493=EDGE_CURVE('',#4512,#4510,#1797,.T.);
#5494=EDGE_CURVE('',#4513,#4512,#1798,.T.);
#5495=EDGE_CURVE('',#4514,#4513,#4332,.T.);
#5496=EDGE_CURVE('',#4515,#4514,#1799,.T.);
#5497=EDGE_CURVE('',#4516,#4515,#4333,.T.);
#5498=EDGE_CURVE('',#4517,#4516,#1800,.T.);
#5499=EDGE_CURVE('',#4517,#4518,#1801,.T.);
#5500=EDGE_CURVE('',#4519,#4518,#1802,.T.);
#5501=EDGE_CURVE('',#4520,#4519,#4334,.T.);
#5502=EDGE_CURVE('',#4521,#4520,#1803,.T.);
#5503=EDGE_CURVE('',#4511,#4521,#4335,.T.);
#5504=EDGE_CURVE('',#4522,#4513,#1804,.T.);
#5505=EDGE_CURVE('',#4522,#4523,#4336,.T.);
#5506=EDGE_CURVE('',#4523,#4514,#1805,.T.);
#5507=EDGE_CURVE('',#4511,#4524,#1806,.T.);
#5508=EDGE_CURVE('',#4524,#4525,#1807,.T.);
#5509=EDGE_CURVE('',#4525,#4526,#1808,.T.);
#5510=EDGE_CURVE('',#4526,#4527,#4337,.T.);
#5511=EDGE_CURVE('',#4527,#4528,#1809,.T.);
#5512=EDGE_CURVE('',#4528,#4529,#4338,.T.);
#5513=EDGE_CURVE('',#4529,#4530,#1810,.T.);
#5514=EDGE_CURVE('',#4530,#4531,#4339,.T.);
#5515=EDGE_CURVE('',#4531,#4532,#1811,.T.);
#5516=EDGE_CURVE('',#4532,#4533,#4340,.T.);
#5517=EDGE_CURVE('',#4533,#4534,#1812,.T.);
#5518=EDGE_CURVE('',#4534,#4535,#1813,.T.);
#5519=EDGE_CURVE('',#4535,#4536,#1814,.T.);
#5520=EDGE_CURVE('',#4536,#4537,#1815,.T.);
#5521=EDGE_CURVE('',#4537,#4538,#1816,.T.);
#5522=EDGE_CURVE('',#4538,#4539,#1817,.T.);
#5523=EDGE_CURVE('',#4539,#4540,#1818,.T.);
#5524=EDGE_CURVE('',#4540,#4541,#1819,.T.);
#5525=EDGE_CURVE('',#4541,#4542,#1820,.T.);
#5526=EDGE_CURVE('',#4542,#4543,#1821,.T.);
#5527=EDGE_CURVE('',#4543,#4544,#1822,.T.);
#5528=EDGE_CURVE('',#4544,#4545,#1823,.T.);
#5529=EDGE_CURVE('',#4545,#4546,#1824,.T.);
#5530=EDGE_CURVE('',#4546,#4547,#1825,.T.);
#5531=EDGE_CURVE('',#4547,#4548,#1826,.T.);
#5532=EDGE_CURVE('',#4548,#4549,#1827,.T.);
#5533=EDGE_CURVE('',#4549,#4550,#1828,.T.);
#5534=EDGE_CURVE('',#4550,#4551,#1829,.T.);
#5535=EDGE_CURVE('',#4551,#4552,#1830,.T.);
#5536=EDGE_CURVE('',#4552,#4553,#1831,.T.);
#5537=EDGE_CURVE('',#4553,#4554,#1832,.T.);
#5538=EDGE_CURVE('',#4554,#4555,#1833,.T.);
#5539=EDGE_CURVE('',#4555,#4556,#1834,.T.);
#5540=EDGE_CURVE('',#4556,#4557,#1835,.T.);
#5541=EDGE_CURVE('',#4557,#4558,#1836,.T.);
#5542=EDGE_CURVE('',#4558,#4559,#1837,.T.);
#5543=EDGE_CURVE('',#4559,#4560,#1838,.T.);
#5544=EDGE_CURVE('',#4560,#4561,#1839,.T.);
#5545=EDGE_CURVE('',#4561,#4562,#1840,.T.);
#5546=EDGE_CURVE('',#4562,#4563,#1841,.T.);
#5547=EDGE_CURVE('',#4563,#4564,#1842,.T.);
#5548=EDGE_CURVE('',#4564,#4565,#1843,.T.);
#5549=EDGE_CURVE('',#4565,#4566,#1844,.T.);
#5550=EDGE_CURVE('',#4566,#4567,#1845,.T.);
#5551=EDGE_CURVE('',#4567,#4568,#1846,.T.);
#5552=EDGE_CURVE('',#4568,#4569,#1847,.T.);
#5553=EDGE_CURVE('',#4569,#4570,#1848,.T.);
#5554=EDGE_CURVE('',#4570,#4571,#1849,.T.);
#5555=EDGE_CURVE('',#4571,#4572,#1850,.T.);
#5556=EDGE_CURVE('',#4572,#4573,#1851,.T.);
#5557=EDGE_CURVE('',#4573,#4574,#1852,.T.);
#5558=EDGE_CURVE('',#4574,#4575,#1853,.T.);
#5559=EDGE_CURVE('',#4575,#4576,#1854,.T.);
#5560=EDGE_CURVE('',#4576,#4577,#1855,.T.);
#5561=EDGE_CURVE('',#4577,#4578,#1856,.T.);
#5562=EDGE_CURVE('',#4578,#4579,#1857,.T.);
#5563=EDGE_CURVE('',#4579,#4580,#1858,.T.);
#5564=EDGE_CURVE('',#4580,#4581,#1859,.T.);
#5565=EDGE_CURVE('',#4581,#4582,#1860,.T.);
#5566=EDGE_CURVE('',#4582,#4583,#1861,.T.);
#5567=EDGE_CURVE('',#4583,#4584,#1862,.T.);
#5568=EDGE_CURVE('',#4584,#4585,#1863,.T.);
#5569=EDGE_CURVE('',#4585,#4586,#1864,.T.);
#5570=EDGE_CURVE('',#4586,#4587,#1865,.T.);
#5571=EDGE_CURVE('',#4587,#4588,#1866,.T.);
#5572=EDGE_CURVE('',#4588,#4589,#1867,.T.);
#5573=EDGE_CURVE('',#4589,#4590,#1868,.T.);
#5574=EDGE_CURVE('',#4590,#4591,#1869,.T.);
#5575=EDGE_CURVE('',#4591,#4592,#1870,.T.);
#5576=EDGE_CURVE('',#4592,#4593,#1871,.T.);
#5577=EDGE_CURVE('',#4593,#4594,#1872,.T.);
#5578=EDGE_CURVE('',#4594,#4595,#1873,.T.);
#5579=EDGE_CURVE('',#4595,#4596,#1874,.T.);
#5580=EDGE_CURVE('',#4596,#4597,#1875,.T.);
#5581=EDGE_CURVE('',#4597,#4598,#1876,.T.);
#5582=EDGE_CURVE('',#4598,#4599,#1877,.T.);
#5583=EDGE_CURVE('',#4599,#4600,#1878,.T.);
#5584=EDGE_CURVE('',#4600,#4601,#1879,.T.);
#5585=EDGE_CURVE('',#4601,#4602,#1880,.T.);
#5586=EDGE_CURVE('',#4602,#4603,#1881,.T.);
#5587=EDGE_CURVE('',#4603,#4604,#1882,.T.);
#5588=EDGE_CURVE('',#4604,#4605,#1883,.T.);
#5589=EDGE_CURVE('',#4605,#4606,#1884,.T.);
#5590=EDGE_CURVE('',#4606,#4607,#1885,.T.);
#5591=EDGE_CURVE('',#4607,#4608,#1886,.T.);
#5592=EDGE_CURVE('',#4608,#4609,#1887,.T.);
#5593=EDGE_CURVE('',#4609,#4610,#1888,.T.);
#5594=EDGE_CURVE('',#4610,#4611,#1889,.T.);
#5595=EDGE_CURVE('',#4611,#4612,#1890,.T.);
#5596=EDGE_CURVE('',#4612,#4613,#1891,.T.);
#5597=EDGE_CURVE('',#4613,#4614,#1892,.T.);
#5598=EDGE_CURVE('',#4614,#4615,#1893,.T.);
#5599=EDGE_CURVE('',#4615,#4616,#1894,.T.);
#5600=EDGE_CURVE('',#4616,#4617,#1895,.T.);
#5601=EDGE_CURVE('',#4617,#4618,#1896,.T.);
#5602=EDGE_CURVE('',#4618,#4619,#1897,.T.);
#5603=EDGE_CURVE('',#4619,#4620,#1898,.T.);
#5604=EDGE_CURVE('',#4620,#4621,#1899,.T.);
#5605=EDGE_CURVE('',#4621,#4622,#1900,.T.);
#5606=EDGE_CURVE('',#4622,#4623,#1901,.T.);
#5607=EDGE_CURVE('',#4623,#4624,#1902,.T.);
#5608=EDGE_CURVE('',#4624,#4625,#1903,.T.);
#5609=EDGE_CURVE('',#4625,#4626,#1904,.T.);
#5610=EDGE_CURVE('',#4626,#4627,#1905,.T.);
#5611=EDGE_CURVE('',#4627,#4628,#1906,.T.);
#5612=EDGE_CURVE('',#4628,#4629,#1907,.T.);
#5613=EDGE_CURVE('',#4629,#4630,#1908,.T.);
#5614=EDGE_CURVE('',#4630,#4631,#1909,.T.);
#5615=EDGE_CURVE('',#4631,#4632,#1910,.T.);
#5616=EDGE_CURVE('',#4632,#4633,#1911,.T.);
#5617=EDGE_CURVE('',#4633,#4634,#1912,.T.);
#5618=EDGE_CURVE('',#4634,#4635,#1913,.T.);
#5619=EDGE_CURVE('',#4635,#4636,#1914,.T.);
#5620=EDGE_CURVE('',#4636,#4637,#1915,.T.);
#5621=EDGE_CURVE('',#4637,#4638,#1916,.T.);
#5622=EDGE_CURVE('',#4638,#4639,#1917,.T.);
#5623=EDGE_CURVE('',#4639,#4640,#1918,.T.);
#5624=EDGE_CURVE('',#4640,#4641,#1919,.T.);
#5625=EDGE_CURVE('',#4641,#4642,#1920,.T.);
#5626=EDGE_CURVE('',#4642,#4643,#1921,.T.);
#5627=EDGE_CURVE('',#4643,#4644,#1922,.T.);
#5628=EDGE_CURVE('',#4644,#4645,#1923,.T.);
#5629=EDGE_CURVE('',#4645,#4646,#1924,.T.);
#5630=EDGE_CURVE('',#4646,#4647,#1925,.T.);
#5631=EDGE_CURVE('',#4647,#4648,#1926,.T.);
#5632=EDGE_CURVE('',#4648,#4649,#1927,.T.);
#5633=EDGE_CURVE('',#4649,#4650,#1928,.T.);
#5634=EDGE_CURVE('',#4650,#4651,#1929,.T.);
#5635=EDGE_CURVE('',#4651,#4652,#1930,.T.);
#5636=EDGE_CURVE('',#4652,#4653,#1931,.T.);
#5637=EDGE_CURVE('',#4653,#4654,#1932,.T.);
#5638=EDGE_CURVE('',#4654,#4655,#1933,.T.);
#5639=EDGE_CURVE('',#4655,#4656,#1934,.T.);
#5640=EDGE_CURVE('',#4656,#4657,#1935,.T.);
#5641=EDGE_CURVE('',#4657,#4658,#1936,.T.);
#5642=EDGE_CURVE('',#4658,#4659,#1937,.T.);
#5643=EDGE_CURVE('',#4659,#4660,#1938,.T.);
#5644=EDGE_CURVE('',#4660,#4661,#1939,.T.);
#5645=EDGE_CURVE('',#4661,#4662,#1940,.T.);
#5646=EDGE_CURVE('',#4662,#4663,#1941,.T.);
#5647=EDGE_CURVE('',#4663,#4664,#1942,.T.);
#5648=EDGE_CURVE('',#4664,#4665,#1943,.T.);
#5649=EDGE_CURVE('',#4665,#4666,#1944,.T.);
#5650=EDGE_CURVE('',#4666,#4667,#1945,.T.);
#5651=EDGE_CURVE('',#4667,#4668,#1946,.T.);
#5652=EDGE_CURVE('',#4668,#4669,#1947,.T.);
#5653=EDGE_CURVE('',#4669,#4670,#1948,.T.);
#5654=EDGE_CURVE('',#4670,#4671,#1949,.T.);
#5655=EDGE_CURVE('',#4671,#4672,#1950,.T.);
#5656=EDGE_CURVE('',#4672,#4673,#1951,.T.);
#5657=EDGE_CURVE('',#4673,#4674,#1952,.T.);
#5658=EDGE_CURVE('',#4674,#4675,#1953,.T.);
#5659=EDGE_CURVE('',#4675,#4676,#1954,.T.);
#5660=EDGE_CURVE('',#4676,#4677,#1955,.T.);
#5661=EDGE_CURVE('',#4677,#4678,#1956,.T.);
#5662=EDGE_CURVE('',#4678,#4679,#1957,.T.);
#5663=EDGE_CURVE('',#4679,#4680,#1958,.T.);
#5664=EDGE_CURVE('',#4680,#4681,#1959,.T.);
#5665=EDGE_CURVE('',#4681,#4682,#1960,.T.);
#5666=EDGE_CURVE('',#4682,#4683,#1961,.T.);
#5667=EDGE_CURVE('',#4683,#4684,#1962,.T.);
#5668=EDGE_CURVE('',#4684,#4685,#1963,.T.);
#5669=EDGE_CURVE('',#4685,#4686,#1964,.T.);
#5670=EDGE_CURVE('',#4686,#4687,#1965,.T.);
#5671=EDGE_CURVE('',#4687,#4688,#1966,.T.);
#5672=EDGE_CURVE('',#4688,#4689,#1967,.T.);
#5673=EDGE_CURVE('',#4689,#4690,#1968,.T.);
#5674=EDGE_CURVE('',#4690,#4691,#1969,.T.);
#5675=EDGE_CURVE('',#4691,#4692,#1970,.T.);
#5676=EDGE_CURVE('',#4692,#4693,#1971,.T.);
#5677=EDGE_CURVE('',#4693,#4694,#1972,.T.);
#5678=EDGE_CURVE('',#4694,#4695,#4341,.T.);
#5679=EDGE_CURVE('',#4695,#4696,#1973,.T.);
#5680=EDGE_CURVE('',#4696,#4697,#4342,.T.);
#5681=EDGE_CURVE('',#4697,#4698,#1974,.T.);
#5682=EDGE_CURVE('',#4698,#4699,#4343,.T.);
#5683=EDGE_CURVE('',#4699,#4700,#1975,.T.);
#5684=EDGE_CURVE('',#4700,#4701,#1976,.T.);
#5685=EDGE_CURVE('',#4701,#4702,#1977,.T.);
#5686=EDGE_CURVE('',#4702,#4703,#4344,.T.);
#5687=EDGE_CURVE('',#4703,#4510,#1978,.T.);
#5688=EDGE_CURVE('',#4704,#4705,#1979,.T.);
#5689=EDGE_CURVE('',#4705,#4706,#1980,.T.);
#5690=EDGE_CURVE('',#4706,#4707,#1981,.T.);
#5691=EDGE_CURVE('',#4707,#4704,#1982,.T.);
#5692=EDGE_CURVE('',#4708,#4709,#1983,.T.);
#5693=EDGE_CURVE('',#4708,#4702,#1984,.T.);
#5694=EDGE_CURVE('',#4710,#4701,#4345,.T.);
#5695=EDGE_CURVE('',#4711,#4710,#1985,.T.);
#5696=EDGE_CURVE('',#4712,#4711,#4346,.T.);
#5697=EDGE_CURVE('',#4713,#4712,#1986,.T.);
#5698=EDGE_CURVE('',#4714,#4713,#1987,.T.);
#5699=EDGE_CURVE('',#4715,#4714,#1988,.T.);
#5700=EDGE_CURVE('',#4716,#4715,#4347,.T.);
#5701=EDGE_CURVE('',#4717,#4716,#1989,.T.);
#5702=EDGE_CURVE('',#4709,#4717,#4348,.T.);
#5703=EDGE_CURVE('',#4700,#4718,#4349,.T.);
#5704=EDGE_CURVE('',#4718,#4710,#1990,.T.);
#5705=EDGE_CURVE('',#4512,#4719,#1991,.T.);
#5706=EDGE_CURVE('',#4719,#4708,#4350,.T.);
#5707=EDGE_CURVE('',#4709,#4720,#1992,.T.);
#5708=EDGE_CURVE('',#4720,#4721,#1993,.T.);
#5709=EDGE_CURVE('',#4721,#4722,#4351,.T.);
#5710=EDGE_CURVE('',#4722,#4723,#1994,.T.);
#5711=EDGE_CURVE('',#4723,#4724,#4352,.T.);
#5712=EDGE_CURVE('',#4724,#4725,#1995,.T.);
#5713=EDGE_CURVE('',#4725,#4726,#1996,.T.);
#5714=EDGE_CURVE('',#4726,#4727,#1997,.T.);
#5715=EDGE_CURVE('',#4727,#4728,#4353,.T.);
#5716=EDGE_CURVE('',#4728,#4729,#1998,.T.);
#5717=EDGE_CURVE('',#4729,#4730,#4354,.T.);
#5718=EDGE_CURVE('',#4730,#4731,#1999,.T.);
#5719=EDGE_CURVE('',#4731,#4732,#4355,.T.);
#5720=EDGE_CURVE('',#4732,#4733,#2000,.T.);
#5721=EDGE_CURVE('',#4733,#4522,#2001,.T.);
#5722=EDGE_CURVE('',#4733,#4525,#2002,.T.);
#5723=EDGE_CURVE('',#4734,#4524,#4356,.T.);
#5724=EDGE_CURVE('',#4735,#4734,#2003,.T.);
#5725=EDGE_CURVE('',#4736,#4735,#4357,.T.);
#5726=EDGE_CURVE('',#4737,#4736,#2004,.T.);
#5727=EDGE_CURVE('',#4738,#4737,#2005,.T.);
#5728=EDGE_CURVE('',#4739,#4738,#2006,.T.);
#5729=EDGE_CURVE('',#4740,#4739,#4358,.T.);
#5730=EDGE_CURVE('',#4523,#4740,#2007,.T.);
#5731=EDGE_CURVE('',#4521,#4734,#2008,.T.);
#5732=EDGE_CURVE('',#4520,#4735,#2009,.T.);
#5733=EDGE_CURVE('',#4717,#4741,#2010,.T.);
#5734=EDGE_CURVE('',#4741,#4720,#4359,.T.);
#5735=EDGE_CURVE('',#4716,#4742,#2011,.T.);
#5736=EDGE_CURVE('',#4742,#4741,#2012,.T.);
#5737=EDGE_CURVE('',#4721,#4699,#2013,.T.);
#5738=EDGE_CURVE('',#4743,#4742,#4360,.T.);
#5739=EDGE_CURVE('',#4744,#4743,#2014,.T.);
#5740=EDGE_CURVE('',#4744,#4745,#2015,.T.);
#5741=EDGE_CURVE('',#4746,#4745,#2016,.T.);
#5742=EDGE_CURVE('',#4747,#4746,#4361,.T.);
#5743=EDGE_CURVE('',#4718,#4747,#2017,.T.);
#5744=EDGE_CURVE('',#4715,#4743,#2018,.T.);
#5745=EDGE_CURVE('',#4747,#4711,#2019,.T.);
#5746=EDGE_CURVE('',#4519,#4736,#2020,.T.);
#5747=EDGE_CURVE('',#4740,#4515,#2021,.T.);
#5748=EDGE_CURVE('',#4714,#4744,#2022,.T.);
#5749=EDGE_CURVE('',#4746,#4712,#2023,.T.);
#5750=EDGE_CURVE('',#4739,#4516,#2024,.T.);
#5751=EDGE_CURVE('',#4738,#4517,#2025,.T.);
#5752=EDGE_CURVE('',#4745,#4713,#2026,.T.);
#5753=EDGE_CURVE('',#4704,#4748,#2027,.T.);
#5754=EDGE_CURVE('',#4749,#4748,#2028,.T.);
#5755=EDGE_CURVE('',#4705,#4749,#2029,.T.);
#5756=EDGE_CURVE('',#4750,#4749,#2030,.T.);
#5757=EDGE_CURVE('',#4706,#4750,#2031,.T.);
#5758=EDGE_CURVE('',#4751,#4750,#2032,.T.);
#5759=EDGE_CURVE('',#4707,#4751,#2033,.T.);
#5760=EDGE_CURVE('',#4748,#4751,#2034,.T.);
#5761=EDGE_CURVE('',#4752,#4753,#2035,.T.);
#5762=EDGE_CURVE('',#4754,#4753,#2036,.T.);
#5763=EDGE_CURVE('',#4755,#4754,#2037,.T.);
#5764=EDGE_CURVE('',#4752,#4755,#2038,.T.);
#5765=EDGE_CURVE('',#4756,#4757,#2039,.T.);
#5766=EDGE_CURVE('',#4758,#4757,#2040,.T.);
#5767=EDGE_CURVE('',#4759,#4758,#2041,.T.);
#5768=EDGE_CURVE('',#4756,#4759,#2042,.T.);
#5769=EDGE_CURVE('',#4760,#4761,#2043,.T.);
#5770=EDGE_CURVE('',#4762,#4761,#2044,.T.);
#5771=EDGE_CURVE('',#4763,#4762,#2045,.T.);
#5772=EDGE_CURVE('',#4760,#4763,#2046,.T.);
#5773=EDGE_CURVE('',#4764,#4765,#2047,.T.);
#5774=EDGE_CURVE('',#4766,#4765,#2048,.T.);
#5775=EDGE_CURVE('',#4767,#4766,#2049,.T.);
#5776=EDGE_CURVE('',#4764,#4767,#2050,.T.);
#5777=EDGE_CURVE('',#4768,#4769,#2051,.T.);
#5778=EDGE_CURVE('',#4770,#4769,#2052,.T.);
#5779=EDGE_CURVE('',#4771,#4770,#2053,.T.);
#5780=EDGE_CURVE('',#4768,#4771,#2054,.T.);
#5781=EDGE_CURVE('',#4772,#4773,#2055,.T.);
#5782=EDGE_CURVE('',#4774,#4773,#2056,.T.);
#5783=EDGE_CURVE('',#4775,#4774,#2057,.T.);
#5784=EDGE_CURVE('',#4772,#4775,#2058,.T.);
#5785=EDGE_CURVE('',#4776,#4777,#2059,.T.);
#5786=EDGE_CURVE('',#4778,#4777,#2060,.T.);
#5787=EDGE_CURVE('',#4779,#4778,#2061,.T.);
#5788=EDGE_CURVE('',#4776,#4779,#2062,.T.);
#5789=EDGE_CURVE('',#4780,#4781,#2063,.T.);
#5790=EDGE_CURVE('',#4782,#4781,#2064,.T.);
#5791=EDGE_CURVE('',#4783,#4782,#2065,.T.);
#5792=EDGE_CURVE('',#4780,#4783,#2066,.T.);
#5793=EDGE_CURVE('',#4784,#4785,#2067,.T.);
#5794=EDGE_CURVE('',#4786,#4785,#2068,.T.);
#5795=EDGE_CURVE('',#4787,#4786,#2069,.T.);
#5796=EDGE_CURVE('',#4784,#4787,#2070,.T.);
#5797=EDGE_CURVE('',#4788,#4789,#2071,.T.);
#5798=EDGE_CURVE('',#4790,#4789,#2072,.T.);
#5799=EDGE_CURVE('',#4791,#4790,#2073,.T.);
#5800=EDGE_CURVE('',#4788,#4791,#2074,.T.);
#5801=EDGE_CURVE('',#4792,#4793,#2075,.T.);
#5802=EDGE_CURVE('',#4794,#4793,#2076,.T.);
#5803=EDGE_CURVE('',#4795,#4794,#2077,.T.);
#5804=EDGE_CURVE('',#4792,#4795,#2078,.T.);
#5805=EDGE_CURVE('',#4796,#4797,#2079,.T.);
#5806=EDGE_CURVE('',#4798,#4797,#2080,.T.);
#5807=EDGE_CURVE('',#4799,#4798,#2081,.T.);
#5808=EDGE_CURVE('',#4796,#4799,#2082,.T.);
#5809=EDGE_CURVE('',#4800,#4801,#2083,.T.);
#5810=EDGE_CURVE('',#4802,#4801,#2084,.T.);
#5811=EDGE_CURVE('',#4803,#4802,#2085,.T.);
#5812=EDGE_CURVE('',#4800,#4803,#2086,.T.);
#5813=EDGE_CURVE('',#4804,#4805,#2087,.T.);
#5814=EDGE_CURVE('',#4806,#4805,#2088,.T.);
#5815=EDGE_CURVE('',#4807,#4806,#2089,.T.);
#5816=EDGE_CURVE('',#4804,#4807,#2090,.T.);
#5817=EDGE_CURVE('',#4808,#4809,#2091,.T.);
#5818=EDGE_CURVE('',#4810,#4809,#2092,.T.);
#5819=EDGE_CURVE('',#4811,#4810,#2093,.T.);
#5820=EDGE_CURVE('',#4808,#4811,#2094,.T.);
#5821=EDGE_CURVE('',#4812,#4813,#2095,.T.);
#5822=EDGE_CURVE('',#4814,#4813,#2096,.T.);
#5823=EDGE_CURVE('',#4815,#4814,#2097,.T.);
#5824=EDGE_CURVE('',#4812,#4815,#2098,.T.);
#5825=EDGE_CURVE('',#4816,#4817,#2099,.T.);
#5826=EDGE_CURVE('',#4818,#4817,#2100,.T.);
#5827=EDGE_CURVE('',#4819,#4818,#2101,.T.);
#5828=EDGE_CURVE('',#4816,#4819,#2102,.T.);
#5829=EDGE_CURVE('',#4820,#4821,#2103,.T.);
#5830=EDGE_CURVE('',#4822,#4821,#2104,.T.);
#5831=EDGE_CURVE('',#4823,#4822,#2105,.T.);
#5832=EDGE_CURVE('',#4820,#4823,#2106,.T.);
#5833=EDGE_CURVE('',#4824,#4825,#2107,.T.);
#5834=EDGE_CURVE('',#4826,#4825,#2108,.T.);
#5835=EDGE_CURVE('',#4827,#4826,#2109,.T.);
#5836=EDGE_CURVE('',#4824,#4827,#2110,.T.);
#5837=EDGE_CURVE('',#4828,#4829,#2111,.T.);
#5838=EDGE_CURVE('',#4828,#4830,#2112,.T.);
#5839=EDGE_CURVE('',#4831,#4830,#2113,.T.);
#5840=EDGE_CURVE('',#4829,#4831,#2114,.T.);
#5841=EDGE_CURVE('',#4832,#4833,#2115,.T.);
#5842=EDGE_CURVE('',#4834,#4833,#2116,.T.);
#5843=EDGE_CURVE('',#4835,#4834,#2117,.T.);
#5844=EDGE_CURVE('',#4832,#4835,#2118,.T.);
#5845=EDGE_CURVE('',#4836,#4837,#2119,.T.);
#5846=EDGE_CURVE('',#4838,#4837,#2120,.T.);
#5847=EDGE_CURVE('',#4839,#4838,#2121,.T.);
#5848=EDGE_CURVE('',#4836,#4839,#2122,.T.);
#5849=EDGE_CURVE('',#4840,#4841,#2123,.T.);
#5850=EDGE_CURVE('',#4842,#4841,#2124,.T.);
#5851=EDGE_CURVE('',#4843,#4842,#2125,.T.);
#5852=EDGE_CURVE('',#4840,#4843,#2126,.T.);
#5853=EDGE_CURVE('',#4844,#4845,#2127,.T.);
#5854=EDGE_CURVE('',#4846,#4845,#2128,.T.);
#5855=EDGE_CURVE('',#4847,#4846,#2129,.T.);
#5856=EDGE_CURVE('',#4844,#4847,#2130,.T.);
#5857=EDGE_CURVE('',#4848,#4849,#2131,.T.);
#5858=EDGE_CURVE('',#4850,#4849,#2132,.T.);
#5859=EDGE_CURVE('',#4851,#4850,#2133,.T.);
#5860=EDGE_CURVE('',#4848,#4851,#2134,.T.);
#5861=EDGE_CURVE('',#4852,#4853,#2135,.T.);
#5862=EDGE_CURVE('',#4854,#4853,#2136,.T.);
#5863=EDGE_CURVE('',#4855,#4854,#2137,.T.);
#5864=EDGE_CURVE('',#4852,#4855,#2138,.T.);
#5865=EDGE_CURVE('',#4856,#4857,#2139,.T.);
#5866=EDGE_CURVE('',#4858,#4857,#2140,.T.);
#5867=EDGE_CURVE('',#4859,#4858,#2141,.T.);
#5868=EDGE_CURVE('',#4856,#4859,#2142,.T.);
#5869=EDGE_CURVE('',#4860,#4861,#2143,.T.);
#5870=EDGE_CURVE('',#4862,#4861,#2144,.T.);
#5871=EDGE_CURVE('',#4863,#4862,#2145,.T.);
#5872=EDGE_CURVE('',#4860,#4863,#2146,.T.);
#5873=EDGE_CURVE('',#4864,#4865,#2147,.T.);
#5874=EDGE_CURVE('',#4866,#4865,#2148,.T.);
#5875=EDGE_CURVE('',#4867,#4866,#2149,.T.);
#5876=EDGE_CURVE('',#4864,#4867,#2150,.T.);
#5877=EDGE_CURVE('',#4868,#4869,#2151,.T.);
#5878=EDGE_CURVE('',#4870,#4869,#2152,.T.);
#5879=EDGE_CURVE('',#4871,#4870,#2153,.T.);
#5880=EDGE_CURVE('',#4868,#4871,#2154,.T.);
#5881=EDGE_CURVE('',#4872,#4873,#2155,.T.);
#5882=EDGE_CURVE('',#4874,#4873,#2156,.T.);
#5883=EDGE_CURVE('',#4875,#4874,#2157,.T.);
#5884=EDGE_CURVE('',#4872,#4875,#2158,.T.);
#5885=EDGE_CURVE('',#4876,#4877,#2159,.T.);
#5886=EDGE_CURVE('',#4878,#4877,#2160,.T.);
#5887=EDGE_CURVE('',#4879,#4878,#2161,.T.);
#5888=EDGE_CURVE('',#4876,#4879,#2162,.T.);
#5889=EDGE_CURVE('',#4880,#4881,#2163,.T.);
#5890=EDGE_CURVE('',#4882,#4881,#2164,.T.);
#5891=EDGE_CURVE('',#4883,#4882,#2165,.T.);
#5892=EDGE_CURVE('',#4880,#4883,#2166,.T.);
#5893=EDGE_CURVE('',#4884,#4885,#2167,.T.);
#5894=EDGE_CURVE('',#4886,#4885,#2168,.T.);
#5895=EDGE_CURVE('',#4887,#4886,#2169,.T.);
#5896=EDGE_CURVE('',#4884,#4887,#2170,.T.);
#5897=EDGE_CURVE('',#4888,#4889,#2171,.T.);
#5898=EDGE_CURVE('',#4890,#4889,#2172,.T.);
#5899=EDGE_CURVE('',#4891,#4890,#2173,.T.);
#5900=EDGE_CURVE('',#4888,#4891,#2174,.T.);
#5901=EDGE_CURVE('',#4892,#4893,#2175,.T.);
#5902=EDGE_CURVE('',#4894,#4893,#2176,.T.);
#5903=EDGE_CURVE('',#4895,#4894,#2177,.T.);
#5904=EDGE_CURVE('',#4892,#4895,#2178,.T.);
#5905=EDGE_CURVE('',#4896,#4897,#2179,.T.);
#5906=EDGE_CURVE('',#4898,#4897,#2180,.T.);
#5907=EDGE_CURVE('',#4899,#4898,#2181,.T.);
#5908=EDGE_CURVE('',#4896,#4899,#2182,.T.);
#5909=EDGE_CURVE('',#4900,#4901,#2183,.T.);
#5910=EDGE_CURVE('',#4902,#4901,#2184,.T.);
#5911=EDGE_CURVE('',#4903,#4902,#2185,.T.);
#5912=EDGE_CURVE('',#4900,#4903,#2186,.T.);
#5913=EDGE_CURVE('',#4904,#4905,#2187,.T.);
#5914=EDGE_CURVE('',#4906,#4905,#2188,.T.);
#5915=EDGE_CURVE('',#4907,#4906,#2189,.T.);
#5916=EDGE_CURVE('',#4904,#4907,#2190,.T.);
#5917=EDGE_CURVE('',#4908,#4909,#2191,.T.);
#5918=EDGE_CURVE('',#4910,#4909,#2192,.T.);
#5919=EDGE_CURVE('',#4911,#4910,#2193,.T.);
#5920=EDGE_CURVE('',#4908,#4911,#2194,.T.);
#5921=EDGE_CURVE('',#4555,#4755,#2195,.T.);
#5922=EDGE_CURVE('',#4752,#4554,#2196,.T.);
#5923=EDGE_CURVE('',#4556,#4754,#2197,.T.);
#5924=EDGE_CURVE('',#4563,#4759,#2198,.T.);
#5925=EDGE_CURVE('',#4756,#4562,#2199,.T.);
#5926=EDGE_CURVE('',#4564,#4758,#2200,.T.);
#5927=EDGE_CURVE('',#4571,#4763,#2201,.T.);
#5928=EDGE_CURVE('',#4760,#4570,#2202,.T.);
#5929=EDGE_CURVE('',#4572,#4762,#2203,.T.);
#5930=EDGE_CURVE('',#4579,#4767,#2204,.T.);
#5931=EDGE_CURVE('',#4764,#4578,#2205,.T.);
#5932=EDGE_CURVE('',#4580,#4766,#2206,.T.);
#5933=EDGE_CURVE('',#4587,#4771,#2207,.T.);
#5934=EDGE_CURVE('',#4768,#4586,#2208,.T.);
#5935=EDGE_CURVE('',#4588,#4770,#2209,.T.);
#5936=EDGE_CURVE('',#4595,#4775,#2210,.T.);
#5937=EDGE_CURVE('',#4772,#4594,#2211,.T.);
#5938=EDGE_CURVE('',#4596,#4774,#2212,.T.);
#5939=EDGE_CURVE('',#4603,#4779,#2213,.T.);
#5940=EDGE_CURVE('',#4776,#4602,#2214,.T.);
#5941=EDGE_CURVE('',#4604,#4778,#2215,.T.);
#5942=EDGE_CURVE('',#4611,#4783,#2216,.T.);
#5943=EDGE_CURVE('',#4780,#4610,#2217,.T.);
#5944=EDGE_CURVE('',#4612,#4782,#2218,.T.);
#5945=EDGE_CURVE('',#4619,#4787,#2219,.T.);
#5946=EDGE_CURVE('',#4784,#4618,#2220,.T.);
#5947=EDGE_CURVE('',#4620,#4786,#2221,.T.);
#5948=EDGE_CURVE('',#4627,#4791,#2222,.T.);
#5949=EDGE_CURVE('',#4788,#4626,#2223,.T.);
#5950=EDGE_CURVE('',#4628,#4790,#2224,.T.);
#5951=EDGE_CURVE('',#4635,#4795,#2225,.T.);
#5952=EDGE_CURVE('',#4792,#4634,#2226,.T.);
#5953=EDGE_CURVE('',#4636,#4794,#2227,.T.);
#5954=EDGE_CURVE('',#4643,#4799,#2228,.T.);
#5955=EDGE_CURVE('',#4796,#4642,#2229,.T.);
#5956=EDGE_CURVE('',#4644,#4798,#2230,.T.);
#5957=EDGE_CURVE('',#4651,#4803,#2231,.T.);
#5958=EDGE_CURVE('',#4800,#4650,#2232,.T.);
#5959=EDGE_CURVE('',#4652,#4802,#2233,.T.);
#5960=EDGE_CURVE('',#4659,#4807,#2234,.T.);
#5961=EDGE_CURVE('',#4804,#4658,#2235,.T.);
#5962=EDGE_CURVE('',#4660,#4806,#2236,.T.);
#5963=EDGE_CURVE('',#4667,#4811,#2237,.T.);
#5964=EDGE_CURVE('',#4808,#4666,#2238,.T.);
#5965=EDGE_CURVE('',#4668,#4810,#2239,.T.);
#5966=EDGE_CURVE('',#4675,#4815,#2240,.T.);
#5967=EDGE_CURVE('',#4812,#4674,#2241,.T.);
#5968=EDGE_CURVE('',#4676,#4814,#2242,.T.);
#5969=EDGE_CURVE('',#4683,#4819,#2243,.T.);
#5970=EDGE_CURVE('',#4816,#4682,#2244,.T.);
#5971=EDGE_CURVE('',#4684,#4818,#2245,.T.);
#5972=EDGE_CURVE('',#4691,#4823,#2246,.T.);
#5973=EDGE_CURVE('',#4820,#4690,#2247,.T.);
#5974=EDGE_CURVE('',#4692,#4822,#2248,.T.);
#5975=EDGE_CURVE('',#4543,#4827,#2249,.T.);
#5976=EDGE_CURVE('',#4824,#4542,#2250,.T.);
#5977=EDGE_CURVE('',#4544,#4826,#2251,.T.);
#5978=EDGE_CURVE('',#4537,#4830,#2252,.T.);
#5979=EDGE_CURVE('',#4536,#4831,#2253,.T.);
#5980=EDGE_CURVE('',#4539,#4835,#2254,.T.);
#5981=EDGE_CURVE('',#4832,#4538,#2255,.T.);
#5982=EDGE_CURVE('',#4540,#4834,#2256,.T.);
#5983=EDGE_CURVE('',#4547,#4839,#2257,.T.);
#5984=EDGE_CURVE('',#4836,#4546,#2258,.T.);
#5985=EDGE_CURVE('',#4548,#4838,#2259,.T.);
#5986=EDGE_CURVE('',#4687,#4843,#2260,.T.);
#5987=EDGE_CURVE('',#4840,#4686,#2261,.T.);
#5988=EDGE_CURVE('',#4688,#4842,#2262,.T.);
#5989=EDGE_CURVE('',#4679,#4847,#2263,.T.);
#5990=EDGE_CURVE('',#4844,#4678,#2264,.T.);
#5991=EDGE_CURVE('',#4680,#4846,#2265,.T.);
#5992=EDGE_CURVE('',#4671,#4851,#2266,.T.);
#5993=EDGE_CURVE('',#4848,#4670,#2267,.T.);
#5994=EDGE_CURVE('',#4672,#4850,#2268,.T.);
#5995=EDGE_CURVE('',#4663,#4855,#2269,.T.);
#5996=EDGE_CURVE('',#4852,#4662,#2270,.T.);
#5997=EDGE_CURVE('',#4664,#4854,#2271,.T.);
#5998=EDGE_CURVE('',#4655,#4859,#2272,.T.);
#5999=EDGE_CURVE('',#4856,#4654,#2273,.T.);
#6000=EDGE_CURVE('',#4656,#4858,#2274,.T.);
#6001=EDGE_CURVE('',#4647,#4863,#2275,.T.);
#6002=EDGE_CURVE('',#4860,#4646,#2276,.T.);
#6003=EDGE_CURVE('',#4648,#4862,#2277,.T.);
#6004=EDGE_CURVE('',#4639,#4867,#2278,.T.);
#6005=EDGE_CURVE('',#4864,#4638,#2279,.T.);
#6006=EDGE_CURVE('',#4640,#4866,#2280,.T.);
#6007=EDGE_CURVE('',#4631,#4871,#2281,.T.);
#6008=EDGE_CURVE('',#4868,#4630,#2282,.T.);
#6009=EDGE_CURVE('',#4632,#4870,#2283,.T.);
#6010=EDGE_CURVE('',#4623,#4875,#2284,.T.);
#6011=EDGE_CURVE('',#4872,#4622,#2285,.T.);
#6012=EDGE_CURVE('',#4624,#4874,#2286,.T.);
#6013=EDGE_CURVE('',#4615,#4879,#2287,.T.);
#6014=EDGE_CURVE('',#4876,#4614,#2288,.T.);
#6015=EDGE_CURVE('',#4616,#4878,#2289,.T.);
#6016=EDGE_CURVE('',#4607,#4883,#2290,.T.);
#6017=EDGE_CURVE('',#4880,#4606,#2291,.T.);
#6018=EDGE_CURVE('',#4608,#4882,#2292,.T.);
#6019=EDGE_CURVE('',#4599,#4887,#2293,.T.);
#6020=EDGE_CURVE('',#4884,#4598,#2294,.T.);
#6021=EDGE_CURVE('',#4600,#4886,#2295,.T.);
#6022=EDGE_CURVE('',#4591,#4891,#2296,.T.);
#6023=EDGE_CURVE('',#4888,#4590,#2297,.T.);
#6024=EDGE_CURVE('',#4592,#4890,#2298,.T.);
#6025=EDGE_CURVE('',#4583,#4895,#2299,.T.);
#6026=EDGE_CURVE('',#4892,#4582,#2300,.T.);
#6027=EDGE_CURVE('',#4584,#4894,#2301,.T.);
#6028=EDGE_CURVE('',#4575,#4899,#2302,.T.);
#6029=EDGE_CURVE('',#4896,#4574,#2303,.T.);
#6030=EDGE_CURVE('',#4576,#4898,#2304,.T.);
#6031=EDGE_CURVE('',#4567,#4903,#2305,.T.);
#6032=EDGE_CURVE('',#4900,#4566,#2306,.T.);
#6033=EDGE_CURVE('',#4568,#4902,#2307,.T.);
#6034=EDGE_CURVE('',#4559,#4907,#2308,.T.);
#6035=EDGE_CURVE('',#4904,#4558,#2309,.T.);
#6036=EDGE_CURVE('',#4560,#4906,#2310,.T.);
#6037=EDGE_CURVE('',#4551,#4911,#2311,.T.);
#6038=EDGE_CURVE('',#4908,#4550,#2312,.T.);
#6039=EDGE_CURVE('',#4552,#4910,#2313,.T.);
#6040=EDGE_CURVE('',#4541,#4833,#2314,.T.);
#6041=EDGE_CURVE('',#4549,#4837,#2315,.T.);
#6042=EDGE_CURVE('',#4557,#4753,#2316,.T.);
#6043=EDGE_CURVE('',#4565,#4757,#2317,.T.);
#6044=EDGE_CURVE('',#4573,#4761,#2318,.T.);
#6045=EDGE_CURVE('',#4581,#4765,#2319,.T.);
#6046=EDGE_CURVE('',#4589,#4769,#2320,.T.);
#6047=EDGE_CURVE('',#4597,#4773,#2321,.T.);
#6048=EDGE_CURVE('',#4605,#4777,#2322,.T.);
#6049=EDGE_CURVE('',#4613,#4781,#2323,.T.);
#6050=EDGE_CURVE('',#4621,#4785,#2324,.T.);
#6051=EDGE_CURVE('',#4629,#4789,#2325,.T.);
#6052=EDGE_CURVE('',#4637,#4793,#2326,.T.);
#6053=EDGE_CURVE('',#4645,#4797,#2327,.T.);
#6054=EDGE_CURVE('',#4653,#4801,#2328,.T.);
#6055=EDGE_CURVE('',#4661,#4805,#2329,.T.);
#6056=EDGE_CURVE('',#4669,#4809,#2330,.T.);
#6057=EDGE_CURVE('',#4677,#4813,#2331,.T.);
#6058=EDGE_CURVE('',#4685,#4817,#2332,.T.);
#6059=EDGE_CURVE('',#4693,#4821,#2333,.T.);
#6060=EDGE_CURVE('',#4689,#4841,#2334,.T.);
#6061=EDGE_CURVE('',#4681,#4845,#2335,.T.);
#6062=EDGE_CURVE('',#4673,#4849,#2336,.T.);
#6063=EDGE_CURVE('',#4665,#4853,#2337,.T.);
#6064=EDGE_CURVE('',#4657,#4857,#2338,.T.);
#6065=EDGE_CURVE('',#4649,#4861,#2339,.T.);
#6066=EDGE_CURVE('',#4641,#4865,#2340,.T.);
#6067=EDGE_CURVE('',#4633,#4869,#2341,.T.);
#6068=EDGE_CURVE('',#4625,#4873,#2342,.T.);
#6069=EDGE_CURVE('',#4617,#4877,#2343,.T.);
#6070=EDGE_CURVE('',#4609,#4881,#2344,.T.);
#6071=EDGE_CURVE('',#4601,#4885,#2345,.T.);
#6072=EDGE_CURVE('',#4593,#4889,#2346,.T.);
#6073=EDGE_CURVE('',#4585,#4893,#2347,.T.);
#6074=EDGE_CURVE('',#4577,#4897,#2348,.T.);
#6075=EDGE_CURVE('',#4569,#4901,#2349,.T.);
#6076=EDGE_CURVE('',#4561,#4905,#2350,.T.);
#6077=EDGE_CURVE('',#4553,#4909,#2351,.T.);
#6078=EDGE_CURVE('',#4545,#4825,#2352,.T.);
#6079=EDGE_CURVE('',#4535,#4829,#2353,.T.);
#6080=EDGE_CURVE('',#4828,#4534,#2354,.T.);
#6081=EDGE_CURVE('',#4533,#4912,#2355,.T.);
#6082=EDGE_CURVE('',#4913,#4912,#2356,.T.);
#6083=EDGE_CURVE('',#4694,#4913,#2357,.T.);
#6084=EDGE_CURVE('',#4725,#4914,#2358,.T.);
#6085=EDGE_CURVE('',#4915,#4914,#2359,.T.);
#6086=EDGE_CURVE('',#4726,#4915,#2360,.T.);
#6087=EDGE_CURVE('',#4916,#4915,#2361,.T.);
#6088=EDGE_CURVE('',#4914,#4917,#2362,.T.);
#6089=EDGE_CURVE('',#4917,#4913,#4362,.T.);
#6090=EDGE_CURVE('',#4912,#4916,#4363,.T.);
#6091=EDGE_CURVE('',#4719,#4703,#2363,.T.);
#6092=EDGE_CURVE('',#4722,#4698,#2364,.T.);
#6093=EDGE_CURVE('',#4723,#4697,#2365,.T.);
#6094=EDGE_CURVE('',#4724,#4696,#2366,.T.);
#6095=EDGE_CURVE('',#4695,#4917,#2367,.T.);
#6096=EDGE_CURVE('',#4532,#4916,#2368,.T.);
#6097=EDGE_CURVE('',#4727,#4531,#2369,.T.);
#6098=EDGE_CURVE('',#4728,#4530,#2370,.T.);
#6099=EDGE_CURVE('',#4729,#4529,#2371,.T.);
#6100=EDGE_CURVE('',#4730,#4528,#2372,.T.);
#6101=EDGE_CURVE('',#4731,#4527,#2373,.T.);
#6102=EDGE_CURVE('',#4732,#4526,#2374,.T.);
#6103=EDGE_CURVE('',#4518,#4737,#2375,.T.);
#6104=EDGE_CURVE('',#4918,#4919,#2376,.T.);
#6105=EDGE_CURVE('',#4919,#4920,#2377,.T.);
#6106=EDGE_CURVE('',#4920,#4921,#2378,.T.);
#6107=EDGE_CURVE('',#4921,#4918,#2379,.T.);
#6108=EDGE_CURVE('',#4922,#4923,#2380,.T.);
#6109=EDGE_CURVE('',#4923,#4919,#4364,.T.);
#6110=EDGE_CURVE('',#4918,#4922,#4365,.T.);
#6111=EDGE_CURVE('',#4924,#4925,#2381,.T.);
#6112=EDGE_CURVE('',#4925,#4923,#2382,.T.);
#6113=EDGE_CURVE('',#4922,#4924,#2383,.T.);
#6114=EDGE_CURVE('',#4926,#4927,#2384,.T.);
#6115=EDGE_CURVE('',#4927,#4925,#4366,.T.);
#6116=EDGE_CURVE('',#4924,#4926,#4367,.T.);
#6117=EDGE_CURVE('',#4928,#4929,#2385,.T.);
#6118=EDGE_CURVE('',#4929,#4927,#2386,.T.);
#6119=EDGE_CURVE('',#4926,#4928,#2387,.T.);
#6120=EDGE_CURVE('',#4930,#4931,#2388,.T.);
#6121=EDGE_CURVE('',#4931,#4929,#4368,.T.);
#6122=EDGE_CURVE('',#4928,#4930,#4369,.T.);
#6123=EDGE_CURVE('',#4932,#4933,#2389,.T.);
#6124=EDGE_CURVE('',#4933,#4931,#2390,.T.);
#6125=EDGE_CURVE('',#4930,#4932,#2391,.T.);
#6126=EDGE_CURVE('',#4920,#4933,#4370,.T.);
#6127=EDGE_CURVE('',#4932,#4921,#4371,.T.);
#6128=EDGE_CURVE('',#4931,#4934,#2392,.T.);
#6129=EDGE_CURVE('',#4935,#4934,#4372,.T.);
#6130=EDGE_CURVE('',#4929,#4935,#2393,.T.);
#6131=EDGE_CURVE('',#4933,#4936,#2394,.T.);
#6132=EDGE_CURVE('',#4934,#4936,#2395,.T.);
#6133=EDGE_CURVE('',#4920,#4937,#2396,.T.);
#6134=EDGE_CURVE('',#4936,#4937,#4373,.T.);
#6135=EDGE_CURVE('',#4919,#4938,#2397,.T.);
#6136=EDGE_CURVE('',#4937,#4938,#2398,.T.);
#6137=EDGE_CURVE('',#4939,#4940,#2399,.T.);
#6138=EDGE_CURVE('',#4940,#4941,#2400,.T.);
#6139=EDGE_CURVE('',#4941,#4942,#2401,.T.);
#6140=EDGE_CURVE('',#4942,#4939,#2402,.T.);
#6141=EDGE_CURVE('',#4938,#4943,#2403,.T.);
#6142=EDGE_CURVE('',#4943,#4944,#2404,.T.);
#6143=EDGE_CURVE('',#4944,#4937,#2405,.T.);
#6144=EDGE_CURVE('',#4945,#4946,#2406,.T.);
#6145=EDGE_CURVE('',#4946,#4943,#4374,.T.);
#6146=EDGE_CURVE('',#4938,#4945,#4375,.T.);
#6147=EDGE_CURVE('',#4947,#4948,#2407,.T.);
#6148=EDGE_CURVE('',#4948,#4946,#2408,.T.);
#6149=EDGE_CURVE('',#4945,#4947,#2409,.T.);
#6150=EDGE_CURVE('',#4949,#4950,#2410,.T.);
#6151=EDGE_CURVE('',#4950,#4948,#4376,.T.);
#6152=EDGE_CURVE('',#4947,#4949,#4377,.T.);
#6153=EDGE_CURVE('',#4935,#4951,#2411,.T.);
#6154=EDGE_CURVE('',#4951,#4950,#2412,.T.);
#6155=EDGE_CURVE('',#4949,#4935,#2413,.T.);
#6156=EDGE_CURVE('',#4934,#4952,#2414,.T.);
#6157=EDGE_CURVE('',#4952,#4951,#4378,.T.);
#6158=EDGE_CURVE('',#4936,#4953,#2415,.T.);
#6159=EDGE_CURVE('',#4953,#4952,#2416,.T.);
#6160=EDGE_CURVE('',#4944,#4953,#4379,.T.);
#6161=EDGE_CURVE('',#4927,#4949,#2417,.T.);
#6162=EDGE_CURVE('',#4925,#4947,#2418,.T.);
#6163=EDGE_CURVE('',#4923,#4945,#2419,.T.);
#6164=EDGE_CURVE('',#4954,#4955,#2420,.T.);
#6165=EDGE_CURVE('',#4955,#4956,#2421,.T.);
#6166=EDGE_CURVE('',#4956,#4957,#2422,.T.);
#6167=EDGE_CURVE('',#4957,#4954,#2423,.T.);
#6168=EDGE_CURVE('',#4939,#4955,#2424,.T.);
#6169=EDGE_CURVE('',#4940,#4954,#2425,.T.);
#6170=EDGE_CURVE('',#4942,#4956,#2426,.T.);
#6171=EDGE_CURVE('',#4941,#4957,#2427,.T.);
#6172=EDGE_CURVE('',#4958,#4959,#2428,.T.);
#6173=EDGE_CURVE('',#4958,#4960,#2429,.T.);
#6174=EDGE_CURVE('',#4961,#4960,#2430,.T.);
#6175=EDGE_CURVE('',#4959,#4961,#2431,.T.);
#6176=EDGE_CURVE('',#4959,#4962,#2432,.T.);
#6177=EDGE_CURVE('',#4963,#4961,#2433,.T.);
#6178=EDGE_CURVE('',#4962,#4963,#2434,.T.);
#6179=EDGE_CURVE('',#4962,#4964,#2435,.T.);
#6180=EDGE_CURVE('',#4965,#4963,#2436,.T.);
#6181=EDGE_CURVE('',#4964,#4965,#2437,.T.);
#6182=EDGE_CURVE('',#4964,#4958,#2438,.T.);
#6183=EDGE_CURVE('',#4960,#4965,#2439,.T.);
#6184=EDGE_CURVE('',#4966,#4967,#2440,.T.);
#6185=EDGE_CURVE('',#4967,#4968,#2441,.T.);
#6186=EDGE_CURVE('',#4969,#4968,#2442,.T.);
#6187=EDGE_CURVE('',#4966,#4969,#2443,.T.);
#6188=EDGE_CURVE('',#4970,#4966,#2444,.T.);
#6189=EDGE_CURVE('',#4971,#4969,#2445,.T.);
#6190=EDGE_CURVE('',#4970,#4971,#2446,.T.);
#6191=EDGE_CURVE('',#4972,#4970,#2447,.T.);
#6192=EDGE_CURVE('',#4973,#4971,#2448,.T.);
#6193=EDGE_CURVE('',#4972,#4973,#2449,.T.);
#6194=EDGE_CURVE('',#4967,#4972,#2450,.T.);
#6195=EDGE_CURVE('',#4968,#4973,#2451,.T.);
#6196=EDGE_CURVE('',#4974,#4975,#2452,.T.);
#6197=EDGE_CURVE('',#4975,#4976,#2453,.T.);
#6198=EDGE_CURVE('',#4977,#4976,#2454,.T.);
#6199=EDGE_CURVE('',#4974,#4977,#2455,.T.);
#6200=EDGE_CURVE('',#4978,#4974,#2456,.T.);
#6201=EDGE_CURVE('',#4979,#4977,#2457,.T.);
#6202=EDGE_CURVE('',#4978,#4979,#2458,.T.);
#6203=EDGE_CURVE('',#4980,#4978,#2459,.T.);
#6204=EDGE_CURVE('',#4981,#4979,#2460,.T.);
#6205=EDGE_CURVE('',#4980,#4981,#2461,.T.);
#6206=EDGE_CURVE('',#4975,#4980,#2462,.T.);
#6207=EDGE_CURVE('',#4976,#4981,#2463,.T.);
#6208=EDGE_CURVE('',#4982,#4983,#2464,.T.);
#6209=EDGE_CURVE('',#4983,#4984,#4380,.T.);
#6210=EDGE_CURVE('',#4984,#4985,#2465,.T.);
#6211=EDGE_CURVE('',#4985,#4986,#4381,.T.);
#6212=EDGE_CURVE('',#4986,#4987,#2466,.T.);
#6213=EDGE_CURVE('',#4987,#4988,#4382,.T.);
#6214=EDGE_CURVE('',#4988,#4989,#2467,.T.);
#6215=EDGE_CURVE('',#4989,#4990,#4383,.T.);
#6216=EDGE_CURVE('',#4990,#4991,#2468,.T.);
#6217=EDGE_CURVE('',#4991,#4992,#4384,.T.);
#6218=EDGE_CURVE('',#4992,#4993,#2469,.T.);
#6219=EDGE_CURVE('',#4993,#4982,#4385,.T.);
#6220=EDGE_CURVE('',#4994,#4982,#2470,.T.);
#6221=EDGE_CURVE('',#4994,#4995,#11,.T.);
#6222=EDGE_CURVE('',#4995,#4996,#2471,.T.);
#6223=EDGE_CURVE('',#4982,#4996,#12,.T.);
#6224=EDGE_CURVE('',#4997,#4994,#2472,.T.);
#6225=EDGE_CURVE('',#4998,#4997,#13,.T.);
#6226=EDGE_CURVE('',#4998,#4995,#2473,.T.);
#6227=EDGE_CURVE('',#4983,#4997,#2474,.T.);
#6228=EDGE_CURVE('',#4997,#4999,#4386,.T.);
#6229=EDGE_CURVE('',#4999,#4984,#2475,.T.);
#6230=EDGE_CURVE('',#5000,#4993,#2476,.T.);
#6231=EDGE_CURVE('',#5000,#4994,#4387,.T.);
#6232=EDGE_CURVE('',#5001,#4998,#4388,.T.);
#6233=EDGE_CURVE('',#5002,#5001,#2477,.T.);
#6234=EDGE_CURVE('',#5002,#5003,#2478,.T.);
#6235=EDGE_CURVE('',#5004,#5003,#4389,.T.);
#6236=EDGE_CURVE('',#5004,#5005,#2479,.T.);
#6237=EDGE_CURVE('',#5006,#5005,#2480,.T.);
#6238=EDGE_CURVE('',#4995,#5006,#4390,.T.);
#6239=EDGE_CURVE('',#5007,#4998,#2481,.T.);
#6240=EDGE_CURVE('',#5008,#5007,#4391,.T.);
#6241=EDGE_CURVE('',#5001,#5008,#2482,.T.);
#6242=EDGE_CURVE('',#4996,#5007,#2483,.T.);
#6243=EDGE_CURVE('',#5007,#4983,#14,.T.);
#6244=EDGE_CURVE('',#4996,#5009,#4392,.T.);
#6245=EDGE_CURVE('',#5009,#5010,#2484,.T.);
#6246=EDGE_CURVE('',#5010,#5011,#2485,.T.);
#6247=EDGE_CURVE('',#5011,#5012,#4393,.T.);
#6248=EDGE_CURVE('',#5012,#5013,#2486,.T.);
#6249=EDGE_CURVE('',#5013,#5008,#2487,.T.);
#6250=EDGE_CURVE('',#5003,#5012,#2488,.T.);
#6251=EDGE_CURVE('',#5003,#5014,#15,.T.);
#6252=EDGE_CURVE('',#5014,#5015,#2489,.T.);
#6253=EDGE_CURVE('',#5012,#5015,#16,.T.);
#6254=EDGE_CURVE('',#5016,#5002,#4394,.T.);
#6255=EDGE_CURVE('',#5016,#5017,#2490,.T.);
#6256=EDGE_CURVE('',#5014,#5017,#4395,.T.);
#6257=EDGE_CURVE('',#5018,#5013,#4396,.T.);
#6258=EDGE_CURVE('',#5019,#5018,#2491,.T.);
#6259=EDGE_CURVE('',#5020,#5019,#2492,.T.);
#6260=EDGE_CURVE('',#5020,#5016,#2493,.T.);
#6261=EDGE_CURVE('',#5011,#5004,#2494,.T.);
#6262=EDGE_CURVE('',#5010,#5021,#4397,.T.);
#6263=EDGE_CURVE('',#5021,#5022,#2495,.T.);
#6264=EDGE_CURVE('',#5022,#5023,#4398,.T.);
#6265=EDGE_CURVE('',#5023,#5011,#17,.T.);
#6266=EDGE_CURVE('',#5024,#5000,#2496,.T.);
#6267=EDGE_CURVE('',#5025,#5024,#4399,.T.);
#6268=EDGE_CURVE('',#5026,#5025,#2497,.T.);
#6269=EDGE_CURVE('',#5026,#5027,#4400,.T.);
#6270=EDGE_CURVE('',#5027,#5028,#2498,.T.);
#6271=EDGE_CURVE('',#5028,#5029,#4401,.T.);
#6272=EDGE_CURVE('',#5030,#5029,#2499,.T.);
#6273=EDGE_CURVE('',#5031,#5030,#4402,.T.);
#6274=EDGE_CURVE('',#4999,#5031,#2500,.T.);
#6275=EDGE_CURVE('',#5032,#5018,#2501,.T.);
#6276=EDGE_CURVE('',#5032,#5033,#2502,.T.);
#6277=EDGE_CURVE('',#5033,#5034,#4403,.T.);
#6278=EDGE_CURVE('',#5034,#5035,#2503,.T.);
#6279=EDGE_CURVE('',#5035,#5019,#4404,.T.);
#6280=EDGE_CURVE('',#5036,#5004,#18,.T.);
#6281=EDGE_CURVE('',#5037,#5036,#4405,.T.);
#6282=EDGE_CURVE('',#5037,#5038,#2504,.T.);
#6283=EDGE_CURVE('',#5005,#5038,#4406,.T.);
#6284=EDGE_CURVE('',#5036,#5023,#2505,.T.);
#6285=EDGE_CURVE('',#5039,#5022,#2506,.T.);
#6286=EDGE_CURVE('',#5040,#5039,#2507,.T.);
#6287=EDGE_CURVE('',#5040,#5037,#2508,.T.);
#6288=EDGE_CURVE('',#5021,#5041,#2509,.T.);
#6289=EDGE_CURVE('',#5041,#5042,#4407,.T.);
#6290=EDGE_CURVE('',#5042,#5043,#2510,.T.);
#6291=EDGE_CURVE('',#5043,#5039,#4408,.T.);
#6292=EDGE_CURVE('',#5044,#5020,#4409,.T.);
#6293=EDGE_CURVE('',#5045,#5044,#2511,.T.);
#6294=EDGE_CURVE('',#5046,#5045,#4410,.T.);
#6295=EDGE_CURVE('',#5017,#5046,#2512,.T.);
#6296=EDGE_CURVE('',#5047,#5048,#2513,.T.);
#6297=EDGE_CURVE('',#5047,#5049,#2514,.T.);
#6298=EDGE_CURVE('',#5050,#5049,#2515,.T.);
#6299=EDGE_CURVE('',#5048,#5050,#2516,.T.);
#6300=EDGE_CURVE('',#5051,#5052,#2517,.T.);
#6301=EDGE_CURVE('',#5053,#5051,#2518,.T.);
#6302=EDGE_CURVE('',#5054,#5053,#2519,.T.);
#6303=EDGE_CURVE('',#5052,#5054,#2520,.T.);
#6304=EDGE_CURVE('',#5052,#5047,#2521,.T.);
#6305=EDGE_CURVE('',#5049,#5054,#2522,.T.);
#6306=EDGE_CURVE('',#5055,#5056,#2523,.T.);
#6307=EDGE_CURVE('',#5057,#5055,#2524,.T.);
#6308=EDGE_CURVE('',#5058,#5057,#2525,.T.);
#6309=EDGE_CURVE('',#5056,#5058,#2526,.T.);
#6310=EDGE_CURVE('',#5056,#5059,#2527,.T.);
#6311=EDGE_CURVE('',#5060,#5058,#2528,.T.);
#6312=EDGE_CURVE('',#5059,#5060,#2529,.T.);
#6313=EDGE_CURVE('',#5059,#5061,#2530,.T.);
#6314=EDGE_CURVE('',#5062,#5060,#2531,.T.);
#6315=EDGE_CURVE('',#5061,#5062,#2532,.T.);
#6316=EDGE_CURVE('',#5063,#5064,#2533,.T.);
#6317=EDGE_CURVE('',#5065,#5063,#2534,.T.);
#6318=EDGE_CURVE('',#5066,#5065,#2535,.T.);
#6319=EDGE_CURVE('',#5064,#5066,#2536,.T.);
#6320=EDGE_CURVE('',#5064,#5067,#2537,.T.);
#6321=EDGE_CURVE('',#5068,#5066,#2538,.T.);
#6322=EDGE_CURVE('',#5067,#5068,#2539,.T.);
#6323=EDGE_CURVE('',#5067,#5069,#2540,.T.);
#6324=EDGE_CURVE('',#5070,#5068,#2541,.T.);
#6325=EDGE_CURVE('',#5069,#5070,#2542,.T.);
#6326=EDGE_CURVE('',#5071,#5072,#2543,.T.);
#6327=EDGE_CURVE('',#5071,#5073,#2544,.T.);
#6328=EDGE_CURVE('',#5074,#5073,#2545,.T.);
#6329=EDGE_CURVE('',#5072,#5074,#2546,.T.);
#6330=EDGE_CURVE('',#5075,#5076,#2547,.T.);
#6331=EDGE_CURVE('',#5077,#5075,#2548,.T.);
#6332=EDGE_CURVE('',#5078,#5077,#2549,.T.);
#6333=EDGE_CURVE('',#5076,#5078,#2550,.T.);
#6334=EDGE_CURVE('',#5076,#5071,#2551,.T.);
#6335=EDGE_CURVE('',#5073,#5078,#2552,.T.);
#6336=EDGE_CURVE('',#5079,#5080,#2553,.T.);
#6337=EDGE_CURVE('',#5081,#5079,#2554,.T.);
#6338=EDGE_CURVE('',#5082,#5081,#2555,.T.);
#6339=EDGE_CURVE('',#5080,#5082,#2556,.T.);
#6340=EDGE_CURVE('',#5080,#5083,#2557,.T.);
#6341=EDGE_CURVE('',#5084,#5082,#2558,.T.);
#6342=EDGE_CURVE('',#5083,#5084,#2559,.T.);
#6343=EDGE_CURVE('',#5083,#5085,#2560,.T.);
#6344=EDGE_CURVE('',#5086,#5084,#2561,.T.);
#6345=EDGE_CURVE('',#5085,#5086,#2562,.T.);
#6346=EDGE_CURVE('',#5087,#5088,#2563,.T.);
#6347=EDGE_CURVE('',#5089,#5087,#2564,.T.);
#6348=EDGE_CURVE('',#5090,#5089,#2565,.T.);
#6349=EDGE_CURVE('',#5088,#5090,#2566,.T.);
#6350=EDGE_CURVE('',#5088,#5091,#2567,.T.);
#6351=EDGE_CURVE('',#5092,#5090,#2568,.T.);
#6352=EDGE_CURVE('',#5091,#5092,#2569,.T.);
#6353=EDGE_CURVE('',#5091,#5093,#2570,.T.);
#6354=EDGE_CURVE('',#5094,#5092,#2571,.T.);
#6355=EDGE_CURVE('',#5093,#5094,#2572,.T.);
#6356=EDGE_CURVE('',#5095,#5096,#2573,.T.);
#6357=EDGE_CURVE('',#5095,#5097,#2574,.T.);
#6358=EDGE_CURVE('',#5098,#5097,#2575,.T.);
#6359=EDGE_CURVE('',#5096,#5098,#2576,.T.);
#6360=EDGE_CURVE('',#5099,#5100,#2577,.T.);
#6361=EDGE_CURVE('',#5101,#5099,#2578,.T.);
#6362=EDGE_CURVE('',#5102,#5101,#2579,.T.);
#6363=EDGE_CURVE('',#5100,#5102,#2580,.T.);
#6364=EDGE_CURVE('',#5100,#5095,#2581,.T.);
#6365=EDGE_CURVE('',#5097,#5102,#2582,.T.);
#6366=EDGE_CURVE('',#5103,#5104,#2583,.T.);
#6367=EDGE_CURVE('',#5105,#5103,#2584,.T.);
#6368=EDGE_CURVE('',#5106,#5105,#2585,.T.);
#6369=EDGE_CURVE('',#5104,#5106,#2586,.T.);
#6370=EDGE_CURVE('',#5104,#5107,#2587,.T.);
#6371=EDGE_CURVE('',#5108,#5106,#2588,.T.);
#6372=EDGE_CURVE('',#5107,#5108,#2589,.T.);
#6373=EDGE_CURVE('',#5107,#5109,#2590,.T.);
#6374=EDGE_CURVE('',#5110,#5108,#2591,.T.);
#6375=EDGE_CURVE('',#5109,#5110,#2592,.T.);
#6376=EDGE_CURVE('',#5111,#5112,#2593,.T.);
#6377=EDGE_CURVE('',#5111,#5113,#2594,.T.);
#6378=EDGE_CURVE('',#5114,#5113,#2595,.T.);
#6379=EDGE_CURVE('',#5112,#5114,#2596,.T.);
#6380=EDGE_CURVE('',#5115,#5116,#2597,.T.);
#6381=EDGE_CURVE('',#5117,#5115,#2598,.T.);
#6382=EDGE_CURVE('',#5118,#5117,#2599,.T.);
#6383=EDGE_CURVE('',#5116,#5118,#2600,.T.);
#6384=EDGE_CURVE('',#5116,#5111,#2601,.T.);
#6385=EDGE_CURVE('',#5113,#5118,#2602,.T.);
#6386=EDGE_CURVE('',#5119,#5120,#2603,.T.);
#6387=EDGE_CURVE('',#5119,#5121,#2604,.T.);
#6388=EDGE_CURVE('',#5122,#5121,#2605,.T.);
#6389=EDGE_CURVE('',#5120,#5122,#2606,.T.);
#6390=EDGE_CURVE('',#5123,#5124,#2607,.T.);
#6391=EDGE_CURVE('',#5125,#5123,#2608,.T.);
#6392=EDGE_CURVE('',#5126,#5125,#2609,.T.);
#6393=EDGE_CURVE('',#5124,#5126,#2610,.T.);
#6394=EDGE_CURVE('',#5124,#5119,#2611,.T.);
#6395=EDGE_CURVE('',#5121,#5126,#2612,.T.);
#6396=EDGE_CURVE('',#5123,#5048,#2613,.T.);
#6397=EDGE_CURVE('',#5127,#5120,#2614,.T.);
#6398=EDGE_CURVE('',#5128,#5127,#2615,.T.);
#6399=EDGE_CURVE('',#5129,#5128,#4411,.T.);
#6400=EDGE_CURVE('',#5130,#5129,#2616,.T.);
#6401=EDGE_CURVE('',#5131,#5130,#4412,.T.);
#6402=EDGE_CURVE('',#5132,#5131,#2617,.T.);
#6403=EDGE_CURVE('',#5103,#5132,#2618,.T.);
#6404=EDGE_CURVE('',#5063,#5109,#2619,.T.);
#6405=EDGE_CURVE('',#5075,#5069,#2620,.T.);
#6406=EDGE_CURVE('',#5099,#5072,#2621,.T.);
#6407=EDGE_CURVE('',#5087,#5096,#2622,.T.);
#6408=EDGE_CURVE('',#5079,#5093,#2623,.T.);
#6409=EDGE_CURVE('',#5055,#5085,#2624,.T.);
#6410=EDGE_CURVE('',#5115,#5061,#2625,.T.);
#6411=EDGE_CURVE('',#5051,#5112,#2626,.T.);
#6412=EDGE_CURVE('',#5133,#5122,#2627,.T.);
#6413=EDGE_CURVE('',#5127,#5133,#2628,.T.);
#6414=EDGE_CURVE('',#5134,#5132,#2629,.T.);
#6415=EDGE_CURVE('',#5105,#5134,#2630,.T.);
#6416=EDGE_CURVE('',#5089,#5098,#2631,.T.);
#6417=EDGE_CURVE('',#5117,#5062,#2632,.T.);
#6418=EDGE_CURVE('',#5081,#5094,#2633,.T.);
#6419=EDGE_CURVE('',#5101,#5074,#2634,.T.);
#6420=EDGE_CURVE('',#5077,#5070,#2635,.T.);
#6421=EDGE_CURVE('',#5065,#5110,#2636,.T.);
#6422=EDGE_CURVE('',#5057,#5086,#2637,.T.);
#6423=EDGE_CURVE('',#5125,#5050,#2638,.T.);
#6424=EDGE_CURVE('',#5053,#5114,#2639,.T.);
#6425=EDGE_CURVE('',#5133,#5135,#2640,.T.);
#6426=EDGE_CURVE('',#5135,#5136,#2641,.T.);
#6427=EDGE_CURVE('',#5137,#5136,#2642,.T.);
#6428=EDGE_CURVE('',#5137,#5138,#2643,.T.);
#6429=EDGE_CURVE('',#5139,#5138,#2644,.T.);
#6430=EDGE_CURVE('',#5128,#5139,#2645,.T.);
#6431=EDGE_CURVE('',#5140,#5134,#2646,.T.);
#6432=EDGE_CURVE('',#5141,#5140,#4413,.T.);
#6433=EDGE_CURVE('',#5141,#5142,#2647,.T.);
#6434=EDGE_CURVE('',#5135,#5142,#4414,.T.);
#6435=EDGE_CURVE('',#5131,#5143,#2648,.T.);
#6436=EDGE_CURVE('',#5144,#5143,#2649,.T.);
#6437=EDGE_CURVE('',#5145,#5144,#2650,.T.);
#6438=EDGE_CURVE('',#5146,#5145,#2651,.T.);
#6439=EDGE_CURVE('',#5140,#5146,#2652,.T.);
#6440=EDGE_CURVE('',#5145,#5137,#2653,.T.);
#6441=EDGE_CURVE('',#5138,#5144,#2654,.T.);
#6442=EDGE_CURVE('',#5143,#5147,#4415,.T.);
#6443=EDGE_CURVE('',#5147,#5148,#2655,.T.);
#6444=EDGE_CURVE('',#5148,#5139,#4416,.T.);
#6445=EDGE_CURVE('',#5136,#5149,#4417,.T.);
#6446=EDGE_CURVE('',#5149,#5150,#2656,.T.);
#6447=EDGE_CURVE('',#5150,#5146,#4418,.T.);
#6448=EDGE_CURVE('',#5151,#5152,#2657,.T.);
#6449=EDGE_CURVE('',#5151,#5153,#2658,.T.);
#6450=EDGE_CURVE('',#5153,#5154,#2659,.T.);
#6451=EDGE_CURVE('',#5152,#5154,#2660,.T.);
#6452=EDGE_CURVE('',#5155,#5151,#2661,.T.);
#6453=EDGE_CURVE('',#5155,#5156,#2662,.T.);
#6454=EDGE_CURVE('',#5156,#5153,#2663,.T.);
#6455=EDGE_CURVE('',#5157,#5155,#2664,.T.);
#6456=EDGE_CURVE('',#5157,#5158,#2665,.T.);
#6457=EDGE_CURVE('',#5158,#5156,#2666,.T.);
#6458=EDGE_CURVE('',#5159,#5157,#2667,.T.);
#6459=EDGE_CURVE('',#5159,#5160,#2668,.T.);
#6460=EDGE_CURVE('',#5160,#5158,#2669,.T.);
#6461=EDGE_CURVE('',#5161,#5159,#2670,.T.);
#6462=EDGE_CURVE('',#5161,#5162,#2671,.T.);
#6463=EDGE_CURVE('',#5162,#5160,#2672,.T.);
#6464=EDGE_CURVE('',#5163,#5161,#2673,.T.);
#6465=EDGE_CURVE('',#5163,#5164,#2674,.T.);
#6466=EDGE_CURVE('',#5164,#5162,#2675,.T.);
#6467=EDGE_CURVE('',#5165,#5163,#2676,.T.);
#6468=EDGE_CURVE('',#5165,#5166,#2677,.T.);
#6469=EDGE_CURVE('',#5166,#5164,#2678,.T.);
#6470=EDGE_CURVE('',#5167,#5165,#2679,.T.);
#6471=EDGE_CURVE('',#5167,#5168,#2680,.T.);
#6472=EDGE_CURVE('',#5168,#5166,#2681,.T.);
#6473=EDGE_CURVE('',#5169,#5167,#2682,.T.);
#6474=EDGE_CURVE('',#5169,#5170,#2683,.T.);
#6475=EDGE_CURVE('',#5170,#5168,#2684,.T.);
#6476=EDGE_CURVE('',#5171,#5169,#2685,.T.);
#6477=EDGE_CURVE('',#5171,#5172,#2686,.T.);
#6478=EDGE_CURVE('',#5172,#5170,#2687,.T.);
#6479=EDGE_CURVE('',#5173,#5171,#2688,.T.);
#6480=EDGE_CURVE('',#5173,#5174,#2689,.T.);
#6481=EDGE_CURVE('',#5174,#5172,#2690,.T.);
#6482=EDGE_CURVE('',#5152,#5173,#2691,.T.);
#6483=EDGE_CURVE('',#5154,#5174,#2692,.T.);
#6484=EDGE_CURVE('',#5175,#5176,#2693,.T.);
#6485=EDGE_CURVE('',#5177,#5175,#2694,.T.);
#6486=EDGE_CURVE('',#5178,#5177,#2695,.T.);
#6487=EDGE_CURVE('',#5176,#5178,#2696,.T.);
#6488=EDGE_CURVE('',#5176,#5179,#2697,.T.);
#6489=EDGE_CURVE('',#5180,#5178,#2698,.T.);
#6490=EDGE_CURVE('',#5179,#5180,#2699,.T.);
#6491=EDGE_CURVE('',#5179,#5181,#2700,.T.);
#6492=EDGE_CURVE('',#5182,#5180,#2701,.T.);
#6493=EDGE_CURVE('',#5181,#5182,#2702,.T.);
#6494=EDGE_CURVE('',#5182,#5177,#2703,.T.);
#6495=EDGE_CURVE('',#5183,#5184,#2704,.T.);
#6496=EDGE_CURVE('',#5185,#5183,#2705,.T.);
#6497=EDGE_CURVE('',#5186,#5185,#2706,.T.);
#6498=EDGE_CURVE('',#5184,#5186,#2707,.T.);
#6499=EDGE_CURVE('',#5184,#5187,#2708,.T.);
#6500=EDGE_CURVE('',#5188,#5186,#2709,.T.);
#6501=EDGE_CURVE('',#5187,#5188,#2710,.T.);
#6502=EDGE_CURVE('',#5187,#5189,#2711,.T.);
#6503=EDGE_CURVE('',#5190,#5188,#2712,.T.);
#6504=EDGE_CURVE('',#5189,#5190,#2713,.T.);
#6505=EDGE_CURVE('',#5190,#5185,#2714,.T.);
#6506=EDGE_CURVE('',#5191,#5192,#2715,.T.);
#6507=EDGE_CURVE('',#5193,#5191,#2716,.T.);
#6508=EDGE_CURVE('',#5194,#5193,#2717,.T.);
#6509=EDGE_CURVE('',#5192,#5194,#2718,.T.);
#6510=EDGE_CURVE('',#5192,#5195,#2719,.T.);
#6511=EDGE_CURVE('',#5196,#5194,#2720,.T.);
#6512=EDGE_CURVE('',#5195,#5196,#2721,.T.);
#6513=EDGE_CURVE('',#5195,#5197,#2722,.T.);
#6514=EDGE_CURVE('',#5198,#5196,#2723,.T.);
#6515=EDGE_CURVE('',#5197,#5198,#2724,.T.);
#6516=EDGE_CURVE('',#5198,#5193,#2725,.T.);
#6517=EDGE_CURVE('',#5199,#5200,#2726,.T.);
#6518=EDGE_CURVE('',#5201,#5199,#2727,.T.);
#6519=EDGE_CURVE('',#5202,#5201,#2728,.T.);
#6520=EDGE_CURVE('',#5200,#5202,#2729,.T.);
#6521=EDGE_CURVE('',#5200,#5203,#2730,.T.);
#6522=EDGE_CURVE('',#5204,#5202,#2731,.T.);
#6523=EDGE_CURVE('',#5203,#5204,#2732,.T.);
#6524=EDGE_CURVE('',#5203,#5205,#2733,.T.);
#6525=EDGE_CURVE('',#5206,#5204,#2734,.T.);
#6526=EDGE_CURVE('',#5205,#5206,#2735,.T.);
#6527=EDGE_CURVE('',#5206,#5201,#2736,.T.);
#6528=EDGE_CURVE('',#5207,#5208,#2737,.T.);
#6529=EDGE_CURVE('',#5208,#5209,#4419,.T.);
#6530=EDGE_CURVE('',#5209,#5210,#2738,.T.);
#6531=EDGE_CURVE('',#5210,#5211,#4420,.T.);
#6532=EDGE_CURVE('',#5211,#5212,#2739,.T.);
#6533=EDGE_CURVE('',#5212,#5213,#4421,.T.);
#6534=EDGE_CURVE('',#5213,#5214,#2740,.T.);
#6535=EDGE_CURVE('',#5214,#5207,#4422,.T.);
#6536=EDGE_CURVE('',#5181,#5199,#2741,.T.);
#6537=EDGE_CURVE('',#5205,#5183,#2742,.T.);
#6538=EDGE_CURVE('',#5189,#5191,#2743,.T.);
#6539=EDGE_CURVE('',#5197,#5215,#2744,.T.);
#6540=EDGE_CURVE('',#5215,#5216,#2745,.T.);
#6541=EDGE_CURVE('',#5216,#5217,#2746,.T.);
#6542=EDGE_CURVE('',#5217,#5218,#2747,.T.);
#6543=EDGE_CURVE('',#5218,#5175,#2748,.T.);
#6544=EDGE_CURVE('',#5215,#5219,#2749,.T.);
#6545=EDGE_CURVE('',#5220,#5219,#2750,.T.);
#6546=EDGE_CURVE('',#5216,#5220,#2751,.T.);
#6547=EDGE_CURVE('',#5221,#5220,#2752,.T.);
#6548=EDGE_CURVE('',#5217,#5221,#2753,.T.);
#6549=EDGE_CURVE('',#5222,#5221,#2754,.T.);
#6550=EDGE_CURVE('',#5218,#5222,#2755,.T.);
#6551=EDGE_CURVE('',#5219,#5222,#2756,.T.);
#6552=EDGE_CURVE('',#5028,#5223,#2757,.T.);
#6553=EDGE_CURVE('',#5224,#5223,#4423,.T.);
#6554=EDGE_CURVE('',#5029,#5224,#2758,.T.);
#6555=EDGE_CURVE('',#5026,#5225,#2759,.T.);
#6556=EDGE_CURVE('',#5226,#5225,#4424,.T.);
#6557=EDGE_CURVE('',#5027,#5226,#2760,.T.);
#6558=EDGE_CURVE('',#5223,#5226,#2761,.T.);
#6559=EDGE_CURVE('',#5225,#5227,#2762,.T.);
#6560=EDGE_CURVE('',#5227,#5228,#4425,.T.);
#6561=EDGE_CURVE('',#5228,#5229,#2763,.T.);
#6562=EDGE_CURVE('',#5229,#5230,#4426,.T.);
#6563=EDGE_CURVE('',#5230,#5224,#2764,.T.);
#6564=EDGE_CURVE('',#5231,#5040,#4427,.T.);
#6565=EDGE_CURVE('',#5232,#5231,#2765,.T.);
#6566=EDGE_CURVE('',#5233,#5232,#4428,.T.);
#6567=EDGE_CURVE('',#5038,#5233,#2766,.T.);
#6568=EDGE_CURVE('',#4989,#5207,#2767,.T.);
#6569=EDGE_CURVE('',#4990,#5214,#2768,.T.);
#6570=EDGE_CURVE('',#4987,#5209,#2769,.T.);
#6571=EDGE_CURVE('',#4988,#5208,#2770,.T.);
#6572=EDGE_CURVE('',#5015,#5032,#4429,.T.);
#6573=EDGE_CURVE('',#5044,#5035,#2771,.T.);
#6574=EDGE_CURVE('',#5045,#5034,#2772,.T.);
#6575=EDGE_CURVE('',#5046,#5033,#2773,.T.);
#6576=EDGE_CURVE('',#5231,#5043,#2774,.T.);
#6577=EDGE_CURVE('',#5232,#5042,#2775,.T.);
#6578=EDGE_CURVE('',#5233,#5041,#2776,.T.);
#6579=EDGE_CURVE('',#5006,#5009,#2777,.T.);
#6580=EDGE_CURVE('',#5024,#4992,#2778,.T.);
#6581=EDGE_CURVE('',#5025,#4991,#2779,.T.);
#6582=EDGE_CURVE('',#5227,#5213,#2780,.T.);
#6583=EDGE_CURVE('',#5228,#5212,#2781,.T.);
#6584=EDGE_CURVE('',#5150,#5211,#2782,.T.);
#6585=EDGE_CURVE('',#5142,#5149,#2783,.T.);
#6586=EDGE_CURVE('',#5141,#5229,#2784,.T.);
#6587=EDGE_CURVE('',#5129,#5148,#2785,.T.);
#6588=EDGE_CURVE('',#5130,#5147,#2786,.T.);
#6589=EDGE_CURVE('',#5141,#5150,#2787,.T.);
#6590=EDGE_CURVE('',#5230,#5210,#2788,.T.);
#6591=EDGE_CURVE('',#5030,#4986,#2789,.T.);
#6592=EDGE_CURVE('',#5031,#4985,#2790,.T.);
#6593=EDGE_CURVE('',#5234,#5235,#2791,.T.);
#6594=EDGE_CURVE('',#5234,#5236,#2792,.T.);
#6595=EDGE_CURVE('',#5237,#5236,#2793,.T.);
#6596=EDGE_CURVE('',#5235,#5237,#2794,.T.);
#6597=EDGE_CURVE('',#5238,#5234,#2795,.T.);
#6598=EDGE_CURVE('',#5238,#5239,#2796,.T.);
#6599=EDGE_CURVE('',#5236,#5239,#2797,.T.);
#6600=EDGE_CURVE('',#5240,#5238,#2798,.T.);
#6601=EDGE_CURVE('',#5240,#5241,#2799,.T.);
#6602=EDGE_CURVE('',#5239,#5241,#2800,.T.);
#6603=EDGE_CURVE('',#5235,#5240,#2801,.T.);
#6604=EDGE_CURVE('',#5241,#5237,#2802,.T.);
#6605=EDGE_CURVE('',#5242,#5243,#2803,.T.);
#6606=EDGE_CURVE('',#5243,#5244,#2804,.T.);
#6607=EDGE_CURVE('',#5245,#5244,#2805,.T.);
#6608=EDGE_CURVE('',#5242,#5245,#2806,.T.);
#6609=EDGE_CURVE('',#5246,#5242,#2807,.T.);
#6610=EDGE_CURVE('',#5247,#5245,#2808,.T.);
#6611=EDGE_CURVE('',#5246,#5247,#2809,.T.);
#6612=EDGE_CURVE('',#5248,#5246,#2810,.T.);
#6613=EDGE_CURVE('',#5249,#5247,#2811,.T.);
#6614=EDGE_CURVE('',#5248,#5249,#2812,.T.);
#6615=EDGE_CURVE('',#5250,#5248,#2813,.T.);
#6616=EDGE_CURVE('',#5251,#5249,#2814,.T.);
#6617=EDGE_CURVE('',#5250,#5251,#2815,.T.);
#6618=EDGE_CURVE('',#5252,#5250,#2816,.T.);
#6619=EDGE_CURVE('',#5253,#5251,#2817,.T.);
#6620=EDGE_CURVE('',#5252,#5253,#2818,.T.);
#6621=EDGE_CURVE('',#5243,#5252,#2819,.T.);
#6622=EDGE_CURVE('',#5244,#5253,#2820,.T.);
#6623=EDGE_CURVE('',#5254,#5255,#2821,.T.);
#6624=EDGE_CURVE('',#5256,#5254,#2822,.T.);
#6625=EDGE_CURVE('',#5257,#5256,#2823,.T.);
#6626=EDGE_CURVE('',#5258,#5257,#4430,.T.);
#6627=EDGE_CURVE('',#5259,#5258,#2824,.T.);
#6628=EDGE_CURVE('',#5260,#5259,#4431,.T.);
#6629=EDGE_CURVE('',#5261,#5260,#2825,.T.);
#6630=EDGE_CURVE('',#5262,#5261,#2826,.T.);
#6631=EDGE_CURVE('',#5263,#5262,#2827,.T.);
#6632=EDGE_CURVE('',#5264,#5263,#4432,.T.);
#6633=EDGE_CURVE('',#5265,#5264,#2828,.T.);
#6634=EDGE_CURVE('',#5266,#5265,#4433,.T.);
#6635=EDGE_CURVE('',#5267,#5266,#2829,.T.);
#6636=EDGE_CURVE('',#5268,#5267,#2830,.T.);
#6637=EDGE_CURVE('',#5269,#5268,#2831,.T.);
#6638=EDGE_CURVE('',#5270,#5269,#2832,.T.);
#6639=EDGE_CURVE('',#5271,#5270,#2833,.T.);
#6640=EDGE_CURVE('',#5272,#5271,#2834,.T.);
#6641=EDGE_CURVE('',#5273,#5272,#2835,.T.);
#6642=EDGE_CURVE('',#5274,#5273,#4434,.T.);
#6643=EDGE_CURVE('',#5275,#5274,#2836,.T.);
#6644=EDGE_CURVE('',#5276,#5275,#4435,.T.);
#6645=EDGE_CURVE('',#5277,#5276,#2837,.T.);
#6646=EDGE_CURVE('',#5278,#5277,#2838,.T.);
#6647=EDGE_CURVE('',#5279,#5278,#2839,.T.);
#6648=EDGE_CURVE('',#5280,#5279,#4436,.T.);
#6649=EDGE_CURVE('',#5281,#5280,#2840,.T.);
#6650=EDGE_CURVE('',#5282,#5281,#4437,.T.);
#6651=EDGE_CURVE('',#5283,#5282,#2841,.T.);
#6652=EDGE_CURVE('',#5284,#5283,#2842,.T.);
#6653=EDGE_CURVE('',#5285,#5284,#2843,.T.);
#6654=EDGE_CURVE('',#5255,#5285,#2844,.T.);
#6655=EDGE_CURVE('',#5286,#5287,#4438,.T.);
#6656=EDGE_CURVE('',#5287,#5286,#4439,.T.);
#6657=EDGE_CURVE('',#5288,#5289,#4440,.T.);
#6658=EDGE_CURVE('',#5289,#5288,#4441,.T.);
#6659=EDGE_CURVE('',#5290,#5291,#4442,.T.);
#6660=EDGE_CURVE('',#5291,#5290,#4443,.T.);
#6661=EDGE_CURVE('',#5292,#5293,#4444,.T.);
#6662=EDGE_CURVE('',#5293,#5292,#4445,.T.);
#6663=EDGE_CURVE('',#5255,#5294,#2845,.T.);
#6664=EDGE_CURVE('',#5295,#5294,#2846,.T.);
#6665=EDGE_CURVE('',#5254,#5295,#2847,.T.);
#6666=EDGE_CURVE('',#5296,#5297,#2848,.T.);
#6667=EDGE_CURVE('',#5256,#5296,#2849,.T.);
#6668=EDGE_CURVE('',#5298,#5295,#2850,.T.);
#6669=EDGE_CURVE('',#5298,#5299,#2851,.T.);
#6670=EDGE_CURVE('',#5300,#5299,#2852,.T.);
#6671=EDGE_CURVE('',#5297,#5300,#2853,.T.);
#6672=EDGE_CURVE('',#5301,#5302,#2854,.T.);
#6673=EDGE_CURVE('',#5303,#5301,#2855,.T.);
#6674=EDGE_CURVE('',#5304,#5303,#2856,.T.);
#6675=EDGE_CURVE('',#5304,#5305,#2857,.T.);
#6676=EDGE_CURVE('',#5305,#5306,#2858,.T.);
#6677=EDGE_CURVE('',#5306,#5307,#2859,.T.);
#6678=EDGE_CURVE('',#5307,#5308,#2860,.T.);
#6679=EDGE_CURVE('',#5309,#5308,#2861,.T.);
#6680=EDGE_CURVE('',#5310,#5309,#2862,.T.);
#6681=EDGE_CURVE('',#5310,#5311,#2863,.T.);
#6682=EDGE_CURVE('',#5311,#5312,#2864,.T.);
#6683=EDGE_CURVE('',#5312,#5313,#2865,.T.);
#6684=EDGE_CURVE('',#5314,#5313,#2866,.T.);
#6685=EDGE_CURVE('',#5315,#5314,#2867,.T.);
#6686=EDGE_CURVE('',#5316,#5315,#2868,.T.);
#6687=EDGE_CURVE('',#5316,#5317,#2869,.T.);
#6688=EDGE_CURVE('',#5317,#5318,#2870,.T.);
#6689=EDGE_CURVE('',#5318,#5319,#4446,.T.);
#6690=EDGE_CURVE('',#5319,#5320,#2871,.T.);
#6691=EDGE_CURVE('',#5320,#5321,#4447,.T.);
#6692=EDGE_CURVE('',#5321,#5322,#2872,.T.);
#6693=EDGE_CURVE('',#5322,#5323,#2873,.T.);
#6694=EDGE_CURVE('',#5324,#5323,#2874,.T.);
#6695=EDGE_CURVE('',#5325,#5324,#2875,.T.);
#6696=EDGE_CURVE('',#5326,#5325,#2876,.T.);
#6697=EDGE_CURVE('',#5326,#5327,#2877,.T.);
#6698=EDGE_CURVE('',#5327,#5328,#2878,.T.);
#6699=EDGE_CURVE('',#5328,#5329,#4448,.T.);
#6700=EDGE_CURVE('',#5329,#5330,#2879,.T.);
#6701=EDGE_CURVE('',#5330,#5331,#4449,.T.);
#6702=EDGE_CURVE('',#5331,#5296,#2880,.T.);
#6703=EDGE_CURVE('',#5332,#5297,#2881,.T.);
#6704=EDGE_CURVE('',#5333,#5332,#2882,.T.);
#6705=EDGE_CURVE('',#5298,#5333,#2883,.T.);
#6706=EDGE_CURVE('',#5294,#5334,#2884,.T.);
#6707=EDGE_CURVE('',#5334,#5335,#2885,.T.);
#6708=EDGE_CURVE('',#5336,#5335,#2886,.T.);
#6709=EDGE_CURVE('',#5337,#5336,#2887,.T.);
#6710=EDGE_CURVE('',#5337,#5338,#2888,.T.);
#6711=EDGE_CURVE('',#5338,#5339,#2889,.T.);
#6712=EDGE_CURVE('',#5339,#5340,#2890,.T.);
#6713=EDGE_CURVE('',#5341,#5340,#2891,.T.);
#6714=EDGE_CURVE('',#5342,#5341,#2892,.T.);
#6715=EDGE_CURVE('',#5343,#5342,#2893,.T.);
#6716=EDGE_CURVE('',#5343,#5344,#2894,.T.);
#6717=EDGE_CURVE('',#5344,#5345,#2895,.T.);
#6718=EDGE_CURVE('',#5345,#5346,#4450,.T.);
#6719=EDGE_CURVE('',#5346,#5347,#2896,.T.);
#6720=EDGE_CURVE('',#5347,#5348,#4451,.T.);
#6721=EDGE_CURVE('',#5348,#5349,#2897,.T.);
#6722=EDGE_CURVE('',#5349,#5350,#2898,.T.);
#6723=EDGE_CURVE('',#5351,#5350,#2899,.T.);
#6724=EDGE_CURVE('',#5352,#5351,#2900,.T.);
#6725=EDGE_CURVE('',#5353,#5352,#2901,.T.);
#6726=EDGE_CURVE('',#5353,#5354,#2902,.T.);
#6727=EDGE_CURVE('',#5354,#5355,#2903,.T.);
#6728=EDGE_CURVE('',#5355,#5356,#4452,.T.);
#6729=EDGE_CURVE('',#5356,#5357,#2904,.T.);
#6730=EDGE_CURVE('',#5357,#5358,#4453,.T.);
#6731=EDGE_CURVE('',#5358,#5359,#2905,.T.);
#6732=EDGE_CURVE('',#5359,#5302,#2906,.T.);
#6733=EDGE_CURVE('',#5360,#5361,#4454,.T.);
#6734=EDGE_CURVE('',#5361,#5360,#4455,.T.);
#6735=EDGE_CURVE('',#5362,#5363,#4456,.T.);
#6736=EDGE_CURVE('',#5363,#5362,#4457,.T.);
#6737=EDGE_CURVE('',#5364,#5365,#4458,.T.);
#6738=EDGE_CURVE('',#5365,#5364,#4459,.T.);
#6739=EDGE_CURVE('',#5366,#5367,#4460,.T.);
#6740=EDGE_CURVE('',#5367,#5366,#4461,.T.);
#6741=EDGE_CURVE('',#5302,#5368,#2907,.T.);
#6742=EDGE_CURVE('',#5369,#5368,#2908,.T.);
#6743=EDGE_CURVE('',#5301,#5369,#2909,.T.);
#6744=EDGE_CURVE('',#5370,#5369,#2910,.T.);
#6745=EDGE_CURVE('',#5303,#5370,#2911,.T.);
#6746=EDGE_CURVE('',#5371,#5370,#2912,.T.);
#6747=EDGE_CURVE('',#5304,#5371,#2913,.T.);
#6748=EDGE_CURVE('',#5272,#5359,#2914,.T.);
#6749=EDGE_CURVE('',#5271,#5305,#2915,.T.);
#6750=EDGE_CURVE('',#5368,#5371,#2916,.T.);
#6751=EDGE_CURVE('',#5270,#5306,#2917,.T.);
#6752=EDGE_CURVE('',#5372,#5373,#2918,.T.);
#6753=EDGE_CURVE('',#5374,#5372,#2919,.T.);
#6754=EDGE_CURVE('',#5375,#5374,#2920,.T.);
#6755=EDGE_CURVE('',#5307,#5375,#2921,.T.);
#6756=EDGE_CURVE('',#5269,#5311,#2922,.T.);
#6757=EDGE_CURVE('',#5310,#5376,#2923,.T.);
#6758=EDGE_CURVE('',#5377,#5376,#2924,.T.);
#6759=EDGE_CURVE('',#5377,#5373,#2925,.T.);
#6760=EDGE_CURVE('',#5373,#5378,#2926,.T.);
#6761=EDGE_CURVE('',#5379,#5378,#2927,.T.);
#6762=EDGE_CURVE('',#5379,#5372,#2928,.T.);
#6763=EDGE_CURVE('',#5380,#5379,#2929,.T.);
#6764=EDGE_CURVE('',#5374,#5380,#2930,.T.);
#6765=EDGE_CURVE('',#5380,#5381,#2931,.T.);
#6766=EDGE_CURVE('',#5381,#5375,#2932,.T.);
#6767=EDGE_CURVE('',#5377,#5382,#2933,.T.);
#6768=EDGE_CURVE('',#5376,#5383,#2934,.T.);
#6769=EDGE_CURVE('',#5383,#5382,#2935,.T.);
#6770=EDGE_CURVE('',#5308,#5381,#2936,.T.);
#6771=EDGE_CURVE('',#5382,#5378,#2937,.T.);
#6772=EDGE_CURVE('',#5309,#5383,#2938,.T.);
#6773=EDGE_CURVE('',#5268,#5312,#2939,.T.);
#6774=EDGE_CURVE('',#5267,#5317,#2940,.T.);
#6775=EDGE_CURVE('',#5316,#5384,#2941,.T.);
#6776=EDGE_CURVE('',#5385,#5384,#2942,.T.);
#6777=EDGE_CURVE('',#5313,#5385,#2943,.T.);
#6778=EDGE_CURVE('',#5386,#5385,#2944,.T.);
#6779=EDGE_CURVE('',#5314,#5386,#2945,.T.);
#6780=EDGE_CURVE('',#5387,#5386,#2946,.T.);
#6781=EDGE_CURVE('',#5315,#5387,#2947,.T.);
#6782=EDGE_CURVE('',#5384,#5387,#2948,.T.);
#6783=EDGE_CURVE('',#5266,#5318,#2949,.T.);
#6784=EDGE_CURVE('',#5265,#5319,#2950,.T.);
#6785=EDGE_CURVE('',#5264,#5320,#2951,.T.);
#6786=EDGE_CURVE('',#5263,#5321,#2952,.T.);
#6787=EDGE_CURVE('',#5262,#5322,#2953,.T.);
#6788=EDGE_CURVE('',#5261,#5327,#2954,.T.);
#6789=EDGE_CURVE('',#5326,#5388,#2955,.T.);
#6790=EDGE_CURVE('',#5389,#5388,#2956,.T.);
#6791=EDGE_CURVE('',#5323,#5389,#2957,.T.);
#6792=EDGE_CURVE('',#5390,#5389,#2958,.T.);
#6793=EDGE_CURVE('',#5324,#5390,#2959,.T.);
#6794=EDGE_CURVE('',#5391,#5390,#2960,.T.);
#6795=EDGE_CURVE('',#5325,#5391,#2961,.T.);
#6796=EDGE_CURVE('',#5388,#5391,#2962,.T.);
#6797=EDGE_CURVE('',#5260,#5328,#2963,.T.);
#6798=EDGE_CURVE('',#5259,#5329,#2964,.T.);
#6799=EDGE_CURVE('',#5258,#5330,#2965,.T.);
#6800=EDGE_CURVE('',#5257,#5331,#2966,.T.);
#6801=EDGE_CURVE('',#5273,#5358,#2967,.T.);
#6802=EDGE_CURVE('',#5274,#5357,#2968,.T.);
#6803=EDGE_CURVE('',#5275,#5356,#2969,.T.);
#6804=EDGE_CURVE('',#5276,#5355,#2970,.T.);
#6805=EDGE_CURVE('',#5277,#5354,#2971,.T.);
#6806=EDGE_CURVE('',#5278,#5349,#2972,.T.);
#6807=EDGE_CURVE('',#5353,#5392,#2973,.T.);
#6808=EDGE_CURVE('',#5393,#5392,#2974,.T.);
#6809=EDGE_CURVE('',#5350,#5393,#2975,.T.);
#6810=EDGE_CURVE('',#5394,#5393,#2976,.T.);
#6811=EDGE_CURVE('',#5351,#5394,#2977,.T.);
#6812=EDGE_CURVE('',#5395,#5394,#2978,.T.);
#6813=EDGE_CURVE('',#5352,#5395,#2979,.T.);
#6814=EDGE_CURVE('',#5392,#5395,#2980,.T.);
#6815=EDGE_CURVE('',#5279,#5348,#2981,.T.);
#6816=EDGE_CURVE('',#5280,#5347,#2982,.T.);
#6817=EDGE_CURVE('',#5281,#5346,#2983,.T.);
#6818=EDGE_CURVE('',#5282,#5345,#2984,.T.);
#6819=EDGE_CURVE('',#5283,#5344,#2985,.T.);
#6820=EDGE_CURVE('',#5284,#5339,#2986,.T.);
#6821=EDGE_CURVE('',#5343,#5396,#2987,.T.);
#6822=EDGE_CURVE('',#5397,#5396,#2988,.T.);
#6823=EDGE_CURVE('',#5340,#5397,#2989,.T.);
#6824=EDGE_CURVE('',#5398,#5397,#2990,.T.);
#6825=EDGE_CURVE('',#5341,#5398,#2991,.T.);
#6826=EDGE_CURVE('',#5399,#5398,#2992,.T.);
#6827=EDGE_CURVE('',#5342,#5399,#2993,.T.);
#6828=EDGE_CURVE('',#5396,#5399,#2994,.T.);
#6829=EDGE_CURVE('',#5285,#5338,#2995,.T.);
#6830=EDGE_CURVE('',#5337,#5400,#2996,.T.);
#6831=EDGE_CURVE('',#5401,#5400,#2997,.T.);
#6832=EDGE_CURVE('',#5334,#5401,#2998,.T.);
#6833=EDGE_CURVE('',#5402,#5401,#2999,.T.);
#6834=EDGE_CURVE('',#5335,#5402,#3000,.T.);
#6835=EDGE_CURVE('',#5403,#5402,#3001,.T.);
#6836=EDGE_CURVE('',#5336,#5403,#3002,.T.);
#6837=EDGE_CURVE('',#5400,#5403,#3003,.T.);
#6838=EDGE_CURVE('',#5333,#5404,#3004,.T.);
#6839=EDGE_CURVE('',#5299,#5404,#3005,.T.);
#6840=EDGE_CURVE('',#5404,#5405,#3006,.T.);
#6841=EDGE_CURVE('',#5405,#5300,#3007,.T.);
#6842=EDGE_CURVE('',#5332,#5405,#3008,.T.);
#6843=EDGE_CURVE('',#5361,#5287,#3009,.T.);
#6844=EDGE_CURVE('',#5363,#5289,#3010,.T.);
#6845=EDGE_CURVE('',#5365,#5291,#3011,.T.);
#6846=EDGE_CURVE('',#5367,#5293,#3012,.T.);
#6847=EDGE_CURVE('',#5406,#5407,#3013,.T.);
#6848=EDGE_CURVE('',#5407,#5408,#3014,.T.);
#6849=EDGE_CURVE('',#5409,#5408,#3015,.T.);
#6850=EDGE_CURVE('',#5406,#5409,#3016,.T.);
#6851=EDGE_CURVE('',#5410,#5406,#3017,.T.);
#6852=EDGE_CURVE('',#5411,#5409,#3018,.T.);
#6853=EDGE_CURVE('',#5410,#5411,#3019,.T.);
#6854=EDGE_CURVE('',#5412,#5410,#3020,.T.);
#6855=EDGE_CURVE('',#5413,#5411,#3021,.T.);
#6856=EDGE_CURVE('',#5412,#5413,#3022,.T.);
#6857=EDGE_CURVE('',#5407,#5412,#3023,.T.);
#6858=EDGE_CURVE('',#5408,#5413,#3024,.T.);
#6859=ORIENTED_EDGE('',*,*,#5414,.T.);
#6860=ORIENTED_EDGE('',*,*,#5415,.T.);
#6861=ORIENTED_EDGE('',*,*,#5416,.T.);
#6862=ORIENTED_EDGE('',*,*,#5417,.T.);
#6863=ORIENTED_EDGE('',*,*,#5416,.F.);
#6864=ORIENTED_EDGE('',*,*,#5418,.F.);
#6865=ORIENTED_EDGE('',*,*,#5419,.F.);
#6866=ORIENTED_EDGE('',*,*,#5420,.T.);
#6867=ORIENTED_EDGE('',*,*,#5421,.T.);
#6868=ORIENTED_EDGE('',*,*,#5415,.F.);
#6869=ORIENTED_EDGE('',*,*,#5422,.T.);
#6870=ORIENTED_EDGE('',*,*,#5423,.T.);
#6871=ORIENTED_EDGE('',*,*,#5424,.T.);
#6872=ORIENTED_EDGE('',*,*,#5425,.F.);
#6873=ORIENTED_EDGE('',*,*,#5426,.F.);
#6874=ORIENTED_EDGE('',*,*,#5427,.F.);
#6875=ORIENTED_EDGE('',*,*,#5428,.F.);
#6876=ORIENTED_EDGE('',*,*,#5429,.F.);
#6877=ORIENTED_EDGE('',*,*,#5430,.T.);
#6878=ORIENTED_EDGE('',*,*,#5431,.T.);
#6879=ORIENTED_EDGE('',*,*,#5418,.T.);
#6880=ORIENTED_EDGE('',*,*,#5432,.T.);
#6881=ORIENTED_EDGE('',*,*,#5433,.T.);
#6882=ORIENTED_EDGE('',*,*,#5434,.T.);
#6883=ORIENTED_EDGE('',*,*,#5435,.T.);
#6884=ORIENTED_EDGE('',*,*,#5436,.T.);
#6885=ORIENTED_EDGE('',*,*,#5437,.T.);
#6886=ORIENTED_EDGE('',*,*,#5438,.T.);
#6887=ORIENTED_EDGE('',*,*,#5425,.T.);
#6888=ORIENTED_EDGE('',*,*,#5439,.T.);
#6889=ORIENTED_EDGE('',*,*,#5440,.T.);
#6890=ORIENTED_EDGE('',*,*,#5441,.T.);
#6891=ORIENTED_EDGE('',*,*,#5426,.T.);
#6892=ORIENTED_EDGE('',*,*,#5439,.F.);
#6893=ORIENTED_EDGE('',*,*,#5438,.F.);
#6894=ORIENTED_EDGE('',*,*,#5442,.T.);
#6895=ORIENTED_EDGE('',*,*,#5443,.T.);
#6896=ORIENTED_EDGE('',*,*,#5444,.T.);
#6897=ORIENTED_EDGE('',*,*,#5445,.T.);
#6898=ORIENTED_EDGE('',*,*,#5427,.T.);
#6899=ORIENTED_EDGE('',*,*,#5443,.F.);
#6900=ORIENTED_EDGE('',*,*,#5441,.F.);
#6901=ORIENTED_EDGE('',*,*,#5446,.T.);
#6902=ORIENTED_EDGE('',*,*,#5447,.T.);
#6903=ORIENTED_EDGE('',*,*,#5448,.T.);
#6904=ORIENTED_EDGE('',*,*,#5449,.T.);
#6905=ORIENTED_EDGE('',*,*,#5428,.T.);
#6906=ORIENTED_EDGE('',*,*,#5447,.F.);
#6907=ORIENTED_EDGE('',*,*,#5445,.F.);
#6908=ORIENTED_EDGE('',*,*,#5450,.T.);
#6909=ORIENTED_EDGE('',*,*,#5451,.T.);
#6910=ORIENTED_EDGE('',*,*,#5429,.T.);
#6911=ORIENTED_EDGE('',*,*,#5452,.T.);
#6912=ORIENTED_EDGE('',*,*,#5453,.T.);
#6913=ORIENTED_EDGE('',*,*,#5452,.F.);
#6914=ORIENTED_EDGE('',*,*,#5449,.F.);
#6915=ORIENTED_EDGE('',*,*,#5454,.T.);
#6916=ORIENTED_EDGE('',*,*,#5437,.F.);
#6917=ORIENTED_EDGE('',*,*,#5455,.F.);
#6918=ORIENTED_EDGE('',*,*,#5456,.T.);
#6919=ORIENTED_EDGE('',*,*,#5457,.T.);
#6920=ORIENTED_EDGE('',*,*,#5436,.F.);
#6921=ORIENTED_EDGE('',*,*,#5424,.F.);
#6922=ORIENTED_EDGE('',*,*,#5458,.F.);
#6923=ORIENTED_EDGE('',*,*,#5459,.T.);
#6924=ORIENTED_EDGE('',*,*,#5455,.T.);
#6925=ORIENTED_EDGE('',*,*,#5451,.F.);
#6926=ORIENTED_EDGE('',*,*,#5460,.F.);
#6927=ORIENTED_EDGE('',*,*,#5461,.T.);
#6928=ORIENTED_EDGE('',*,*,#5462,.T.);
#6929=ORIENTED_EDGE('',*,*,#5430,.F.);
#6930=ORIENTED_EDGE('',*,*,#5432,.F.);
#6931=ORIENTED_EDGE('',*,*,#5463,.T.);
#6932=ORIENTED_EDGE('',*,*,#5464,.T.);
#6933=ORIENTED_EDGE('',*,*,#5465,.F.);
#6934=ORIENTED_EDGE('',*,*,#5435,.F.);
#6935=ORIENTED_EDGE('',*,*,#5466,.T.);
#6936=ORIENTED_EDGE('',*,*,#5467,.T.);
#6937=ORIENTED_EDGE('',*,*,#5463,.F.);
#6938=ORIENTED_EDGE('',*,*,#5434,.F.);
#6939=ORIENTED_EDGE('',*,*,#5468,.T.);
#6940=ORIENTED_EDGE('',*,*,#5469,.T.);
#6941=ORIENTED_EDGE('',*,*,#5466,.F.);
#6942=ORIENTED_EDGE('',*,*,#5433,.F.);
#6943=ORIENTED_EDGE('',*,*,#5465,.T.);
#6944=ORIENTED_EDGE('',*,*,#5470,.T.);
#6945=ORIENTED_EDGE('',*,*,#5468,.F.);
#6946=ORIENTED_EDGE('',*,*,#5470,.F.);
#6947=ORIENTED_EDGE('',*,*,#5464,.F.);
#6948=ORIENTED_EDGE('',*,*,#5467,.F.);
#6949=ORIENTED_EDGE('',*,*,#5469,.F.);
#6950=ORIENTED_EDGE('',*,*,#5440,.F.);
#6951=ORIENTED_EDGE('',*,*,#5471,.F.);
#6952=ORIENTED_EDGE('',*,*,#5472,.T.);
#6953=ORIENTED_EDGE('',*,*,#5473,.T.);
#6954=ORIENTED_EDGE('',*,*,#5442,.F.);
#6955=ORIENTED_EDGE('',*,*,#5457,.F.);
#6956=ORIENTED_EDGE('',*,*,#5474,.T.);
#6957=ORIENTED_EDGE('',*,*,#5471,.T.);
#6958=ORIENTED_EDGE('',*,*,#5475,.T.);
#6959=ORIENTED_EDGE('',*,*,#5458,.T.);
#6960=ORIENTED_EDGE('',*,*,#5423,.F.);
#6961=ORIENTED_EDGE('',*,*,#5476,.F.);
#6962=ORIENTED_EDGE('',*,*,#5414,.F.);
#6963=ORIENTED_EDGE('',*,*,#5477,.F.);
#6964=ORIENTED_EDGE('',*,*,#5478,.T.);
#6965=ORIENTED_EDGE('',*,*,#5476,.T.);
#6966=ORIENTED_EDGE('',*,*,#5422,.F.);
#6967=ORIENTED_EDGE('',*,*,#5417,.F.);
#6968=ORIENTED_EDGE('',*,*,#5421,.F.);
#6969=ORIENTED_EDGE('',*,*,#5479,.T.);
#6970=ORIENTED_EDGE('',*,*,#5477,.T.);
#6971=ORIENTED_EDGE('',*,*,#5480,.T.);
#6972=ORIENTED_EDGE('',*,*,#5419,.T.);
#6973=ORIENTED_EDGE('',*,*,#5431,.F.);
#6974=ORIENTED_EDGE('',*,*,#5462,.F.);
#6975=ORIENTED_EDGE('',*,*,#5453,.F.);
#6976=ORIENTED_EDGE('',*,*,#5481,.F.);
#6977=ORIENTED_EDGE('',*,*,#5482,.T.);
#6978=ORIENTED_EDGE('',*,*,#5460,.T.);
#6979=ORIENTED_EDGE('',*,*,#5454,.F.);
#6980=ORIENTED_EDGE('',*,*,#5483,.F.);
#6981=ORIENTED_EDGE('',*,*,#5484,.T.);
#6982=ORIENTED_EDGE('',*,*,#5481,.T.);
#6983=ORIENTED_EDGE('',*,*,#5448,.F.);
#6984=ORIENTED_EDGE('',*,*,#5485,.F.);
#6985=ORIENTED_EDGE('',*,*,#5486,.T.);
#6986=ORIENTED_EDGE('',*,*,#5483,.T.);
#6987=ORIENTED_EDGE('',*,*,#5450,.F.);
#6988=ORIENTED_EDGE('',*,*,#5487,.F.);
#6989=ORIENTED_EDGE('',*,*,#5488,.T.);
#6990=ORIENTED_EDGE('',*,*,#5485,.T.);
#6991=ORIENTED_EDGE('',*,*,#5444,.F.);
#6992=ORIENTED_EDGE('',*,*,#5489,.F.);
#6993=ORIENTED_EDGE('',*,*,#5490,.T.);
#6994=ORIENTED_EDGE('',*,*,#5487,.T.);
#6995=ORIENTED_EDGE('',*,*,#5446,.F.);
#6996=ORIENTED_EDGE('',*,*,#5473,.F.);
#6997=ORIENTED_EDGE('',*,*,#5491,.T.);
#6998=ORIENTED_EDGE('',*,*,#5489,.T.);
#6999=ORIENTED_EDGE('',*,*,#5491,.F.);
#7000=ORIENTED_EDGE('',*,*,#5472,.F.);
#7001=ORIENTED_EDGE('',*,*,#5474,.F.);
#7002=ORIENTED_EDGE('',*,*,#5456,.F.);
#7003=ORIENTED_EDGE('',*,*,#5459,.F.);
#7004=ORIENTED_EDGE('',*,*,#5475,.F.);
#7005=ORIENTED_EDGE('',*,*,#5478,.F.);
#7006=ORIENTED_EDGE('',*,*,#5479,.F.);
#7007=ORIENTED_EDGE('',*,*,#5420,.F.);
#7008=ORIENTED_EDGE('',*,*,#5480,.F.);
#7009=ORIENTED_EDGE('',*,*,#5461,.F.);
#7010=ORIENTED_EDGE('',*,*,#5482,.F.);
#7011=ORIENTED_EDGE('',*,*,#5484,.F.);
#7012=ORIENTED_EDGE('',*,*,#5486,.F.);
#7013=ORIENTED_EDGE('',*,*,#5488,.F.);
#7014=ORIENTED_EDGE('',*,*,#5490,.F.);
#7015=ORIENTED_EDGE('',*,*,#5492,.F.);
#7016=ORIENTED_EDGE('',*,*,#5493,.F.);
#7017=ORIENTED_EDGE('',*,*,#5494,.F.);
#7018=ORIENTED_EDGE('',*,*,#5495,.F.);
#7019=ORIENTED_EDGE('',*,*,#5496,.F.);
#7020=ORIENTED_EDGE('',*,*,#5497,.F.);
#7021=ORIENTED_EDGE('',*,*,#5498,.F.);
#7022=ORIENTED_EDGE('',*,*,#5499,.T.);
#7023=ORIENTED_EDGE('',*,*,#5500,.F.);
#7024=ORIENTED_EDGE('',*,*,#5501,.F.);
#7025=ORIENTED_EDGE('',*,*,#5502,.F.);
#7026=ORIENTED_EDGE('',*,*,#5503,.F.);
#7027=ORIENTED_EDGE('',*,*,#5504,.F.);
#7028=ORIENTED_EDGE('',*,*,#5505,.T.);
#7029=ORIENTED_EDGE('',*,*,#5506,.T.);
#7030=ORIENTED_EDGE('',*,*,#5495,.T.);
#7031=ORIENTED_EDGE('',*,*,#5507,.T.);
#7032=ORIENTED_EDGE('',*,*,#5508,.T.);
#7033=ORIENTED_EDGE('',*,*,#5509,.T.);
#7034=ORIENTED_EDGE('',*,*,#5510,.T.);
#7035=ORIENTED_EDGE('',*,*,#5511,.T.);
#7036=ORIENTED_EDGE('',*,*,#5512,.T.);
#7037=ORIENTED_EDGE('',*,*,#5513,.T.);
#7038=ORIENTED_EDGE('',*,*,#5514,.T.);
#7039=ORIENTED_EDGE('',*,*,#5515,.T.);
#7040=ORIENTED_EDGE('',*,*,#5516,.T.);
#7041=ORIENTED_EDGE('',*,*,#5517,.T.);
#7042=ORIENTED_EDGE('',*,*,#5518,.T.);
#7043=ORIENTED_EDGE('',*,*,#5519,.T.);
#7044=ORIENTED_EDGE('',*,*,#5520,.T.);
#7045=ORIENTED_EDGE('',*,*,#5521,.T.);
#7046=ORIENTED_EDGE('',*,*,#5522,.T.);
#7047=ORIENTED_EDGE('',*,*,#5523,.T.);
#7048=ORIENTED_EDGE('',*,*,#5524,.T.);
#7049=ORIENTED_EDGE('',*,*,#5525,.T.);
#7050=ORIENTED_EDGE('',*,*,#5526,.T.);
#7051=ORIENTED_EDGE('',*,*,#5527,.T.);
#7052=ORIENTED_EDGE('',*,*,#5528,.T.);
#7053=ORIENTED_EDGE('',*,*,#5529,.T.);
#7054=ORIENTED_EDGE('',*,*,#5530,.T.);
#7055=ORIENTED_EDGE('',*,*,#5531,.T.);
#7056=ORIENTED_EDGE('',*,*,#5532,.T.);
#7057=ORIENTED_EDGE('',*,*,#5533,.T.);
#7058=ORIENTED_EDGE('',*,*,#5534,.T.);
#7059=ORIENTED_EDGE('',*,*,#5535,.T.);
#7060=ORIENTED_EDGE('',*,*,#5536,.T.);
#7061=ORIENTED_EDGE('',*,*,#5537,.T.);
#7062=ORIENTED_EDGE('',*,*,#5538,.T.);
#7063=ORIENTED_EDGE('',*,*,#5539,.T.);
#7064=ORIENTED_EDGE('',*,*,#5540,.T.);
#7065=ORIENTED_EDGE('',*,*,#5541,.T.);
#7066=ORIENTED_EDGE('',*,*,#5542,.T.);
#7067=ORIENTED_EDGE('',*,*,#5543,.T.);
#7068=ORIENTED_EDGE('',*,*,#5544,.T.);
#7069=ORIENTED_EDGE('',*,*,#5545,.T.);
#7070=ORIENTED_EDGE('',*,*,#5546,.T.);
#7071=ORIENTED_EDGE('',*,*,#5547,.T.);
#7072=ORIENTED_EDGE('',*,*,#5548,.T.);
#7073=ORIENTED_EDGE('',*,*,#5549,.T.);
#7074=ORIENTED_EDGE('',*,*,#5550,.T.);
#7075=ORIENTED_EDGE('',*,*,#5551,.T.);
#7076=ORIENTED_EDGE('',*,*,#5552,.T.);
#7077=ORIENTED_EDGE('',*,*,#5553,.T.);
#7078=ORIENTED_EDGE('',*,*,#5554,.T.);
#7079=ORIENTED_EDGE('',*,*,#5555,.T.);
#7080=ORIENTED_EDGE('',*,*,#5556,.T.);
#7081=ORIENTED_EDGE('',*,*,#5557,.T.);
#7082=ORIENTED_EDGE('',*,*,#5558,.T.);
#7083=ORIENTED_EDGE('',*,*,#5559,.T.);
#7084=ORIENTED_EDGE('',*,*,#5560,.T.);
#7085=ORIENTED_EDGE('',*,*,#5561,.T.);
#7086=ORIENTED_EDGE('',*,*,#5562,.T.);
#7087=ORIENTED_EDGE('',*,*,#5563,.T.);
#7088=ORIENTED_EDGE('',*,*,#5564,.T.);
#7089=ORIENTED_EDGE('',*,*,#5565,.T.);
#7090=ORIENTED_EDGE('',*,*,#5566,.T.);
#7091=ORIENTED_EDGE('',*,*,#5567,.T.);
#7092=ORIENTED_EDGE('',*,*,#5568,.T.);
#7093=ORIENTED_EDGE('',*,*,#5569,.T.);
#7094=ORIENTED_EDGE('',*,*,#5570,.T.);
#7095=ORIENTED_EDGE('',*,*,#5571,.T.);
#7096=ORIENTED_EDGE('',*,*,#5572,.T.);
#7097=ORIENTED_EDGE('',*,*,#5573,.T.);
#7098=ORIENTED_EDGE('',*,*,#5574,.T.);
#7099=ORIENTED_EDGE('',*,*,#5575,.T.);
#7100=ORIENTED_EDGE('',*,*,#5576,.T.);
#7101=ORIENTED_EDGE('',*,*,#5577,.T.);
#7102=ORIENTED_EDGE('',*,*,#5578,.T.);
#7103=ORIENTED_EDGE('',*,*,#5579,.T.);
#7104=ORIENTED_EDGE('',*,*,#5580,.T.);
#7105=ORIENTED_EDGE('',*,*,#5581,.T.);
#7106=ORIENTED_EDGE('',*,*,#5582,.T.);
#7107=ORIENTED_EDGE('',*,*,#5583,.T.);
#7108=ORIENTED_EDGE('',*,*,#5584,.T.);
#7109=ORIENTED_EDGE('',*,*,#5585,.T.);
#7110=ORIENTED_EDGE('',*,*,#5586,.T.);
#7111=ORIENTED_EDGE('',*,*,#5587,.T.);
#7112=ORIENTED_EDGE('',*,*,#5588,.T.);
#7113=ORIENTED_EDGE('',*,*,#5589,.T.);
#7114=ORIENTED_EDGE('',*,*,#5590,.T.);
#7115=ORIENTED_EDGE('',*,*,#5591,.T.);
#7116=ORIENTED_EDGE('',*,*,#5592,.T.);
#7117=ORIENTED_EDGE('',*,*,#5593,.T.);
#7118=ORIENTED_EDGE('',*,*,#5594,.T.);
#7119=ORIENTED_EDGE('',*,*,#5595,.T.);
#7120=ORIENTED_EDGE('',*,*,#5596,.T.);
#7121=ORIENTED_EDGE('',*,*,#5597,.T.);
#7122=ORIENTED_EDGE('',*,*,#5598,.T.);
#7123=ORIENTED_EDGE('',*,*,#5599,.T.);
#7124=ORIENTED_EDGE('',*,*,#5600,.T.);
#7125=ORIENTED_EDGE('',*,*,#5601,.T.);
#7126=ORIENTED_EDGE('',*,*,#5602,.T.);
#7127=ORIENTED_EDGE('',*,*,#5603,.T.);
#7128=ORIENTED_EDGE('',*,*,#5604,.T.);
#7129=ORIENTED_EDGE('',*,*,#5605,.T.);
#7130=ORIENTED_EDGE('',*,*,#5606,.T.);
#7131=ORIENTED_EDGE('',*,*,#5607,.T.);
#7132=ORIENTED_EDGE('',*,*,#5608,.T.);
#7133=ORIENTED_EDGE('',*,*,#5609,.T.);
#7134=ORIENTED_EDGE('',*,*,#5610,.T.);
#7135=ORIENTED_EDGE('',*,*,#5611,.T.);
#7136=ORIENTED_EDGE('',*,*,#5612,.T.);
#7137=ORIENTED_EDGE('',*,*,#5613,.T.);
#7138=ORIENTED_EDGE('',*,*,#5614,.T.);
#7139=ORIENTED_EDGE('',*,*,#5615,.T.);
#7140=ORIENTED_EDGE('',*,*,#5616,.T.);
#7141=ORIENTED_EDGE('',*,*,#5617,.T.);
#7142=ORIENTED_EDGE('',*,*,#5618,.T.);
#7143=ORIENTED_EDGE('',*,*,#5619,.T.);
#7144=ORIENTED_EDGE('',*,*,#5620,.T.);
#7145=ORIENTED_EDGE('',*,*,#5621,.T.);
#7146=ORIENTED_EDGE('',*,*,#5622,.T.);
#7147=ORIENTED_EDGE('',*,*,#5623,.T.);
#7148=ORIENTED_EDGE('',*,*,#5624,.T.);
#7149=ORIENTED_EDGE('',*,*,#5625,.T.);
#7150=ORIENTED_EDGE('',*,*,#5626,.T.);
#7151=ORIENTED_EDGE('',*,*,#5627,.T.);
#7152=ORIENTED_EDGE('',*,*,#5628,.T.);
#7153=ORIENTED_EDGE('',*,*,#5629,.T.);
#7154=ORIENTED_EDGE('',*,*,#5630,.T.);
#7155=ORIENTED_EDGE('',*,*,#5631,.T.);
#7156=ORIENTED_EDGE('',*,*,#5632,.T.);
#7157=ORIENTED_EDGE('',*,*,#5633,.T.);
#7158=ORIENTED_EDGE('',*,*,#5634,.T.);
#7159=ORIENTED_EDGE('',*,*,#5635,.T.);
#7160=ORIENTED_EDGE('',*,*,#5636,.T.);
#7161=ORIENTED_EDGE('',*,*,#5637,.T.);
#7162=ORIENTED_EDGE('',*,*,#5638,.T.);
#7163=ORIENTED_EDGE('',*,*,#5639,.T.);
#7164=ORIENTED_EDGE('',*,*,#5640,.T.);
#7165=ORIENTED_EDGE('',*,*,#5641,.T.);
#7166=ORIENTED_EDGE('',*,*,#5642,.T.);
#7167=ORIENTED_EDGE('',*,*,#5643,.T.);
#7168=ORIENTED_EDGE('',*,*,#5644,.T.);
#7169=ORIENTED_EDGE('',*,*,#5645,.T.);
#7170=ORIENTED_EDGE('',*,*,#5646,.T.);
#7171=ORIENTED_EDGE('',*,*,#5647,.T.);
#7172=ORIENTED_EDGE('',*,*,#5648,.T.);
#7173=ORIENTED_EDGE('',*,*,#5649,.T.);
#7174=ORIENTED_EDGE('',*,*,#5650,.T.);
#7175=ORIENTED_EDGE('',*,*,#5651,.T.);
#7176=ORIENTED_EDGE('',*,*,#5652,.T.);
#7177=ORIENTED_EDGE('',*,*,#5653,.T.);
#7178=ORIENTED_EDGE('',*,*,#5654,.T.);
#7179=ORIENTED_EDGE('',*,*,#5655,.T.);
#7180=ORIENTED_EDGE('',*,*,#5656,.T.);
#7181=ORIENTED_EDGE('',*,*,#5657,.T.);
#7182=ORIENTED_EDGE('',*,*,#5658,.T.);
#7183=ORIENTED_EDGE('',*,*,#5659,.T.);
#7184=ORIENTED_EDGE('',*,*,#5660,.T.);
#7185=ORIENTED_EDGE('',*,*,#5661,.T.);
#7186=ORIENTED_EDGE('',*,*,#5662,.T.);
#7187=ORIENTED_EDGE('',*,*,#5663,.T.);
#7188=ORIENTED_EDGE('',*,*,#5664,.T.);
#7189=ORIENTED_EDGE('',*,*,#5665,.T.);
#7190=ORIENTED_EDGE('',*,*,#5666,.T.);
#7191=ORIENTED_EDGE('',*,*,#5667,.T.);
#7192=ORIENTED_EDGE('',*,*,#5668,.T.);
#7193=ORIENTED_EDGE('',*,*,#5669,.T.);
#7194=ORIENTED_EDGE('',*,*,#5670,.T.);
#7195=ORIENTED_EDGE('',*,*,#5671,.T.);
#7196=ORIENTED_EDGE('',*,*,#5672,.T.);
#7197=ORIENTED_EDGE('',*,*,#5673,.T.);
#7198=ORIENTED_EDGE('',*,*,#5674,.T.);
#7199=ORIENTED_EDGE('',*,*,#5675,.T.);
#7200=ORIENTED_EDGE('',*,*,#5676,.T.);
#7201=ORIENTED_EDGE('',*,*,#5677,.T.);
#7202=ORIENTED_EDGE('',*,*,#5678,.T.);
#7203=ORIENTED_EDGE('',*,*,#5679,.T.);
#7204=ORIENTED_EDGE('',*,*,#5680,.T.);
#7205=ORIENTED_EDGE('',*,*,#5681,.T.);
#7206=ORIENTED_EDGE('',*,*,#5682,.T.);
#7207=ORIENTED_EDGE('',*,*,#5683,.T.);
#7208=ORIENTED_EDGE('',*,*,#5684,.T.);
#7209=ORIENTED_EDGE('',*,*,#5685,.T.);
#7210=ORIENTED_EDGE('',*,*,#5686,.T.);
#7211=ORIENTED_EDGE('',*,*,#5687,.T.);
#7212=ORIENTED_EDGE('',*,*,#5492,.T.);
#7213=ORIENTED_EDGE('',*,*,#5688,.T.);
#7214=ORIENTED_EDGE('',*,*,#5689,.T.);
#7215=ORIENTED_EDGE('',*,*,#5690,.T.);
#7216=ORIENTED_EDGE('',*,*,#5691,.T.);
#7217=ORIENTED_EDGE('',*,*,#5692,.F.);
#7218=ORIENTED_EDGE('',*,*,#5693,.T.);
#7219=ORIENTED_EDGE('',*,*,#5685,.F.);
#7220=ORIENTED_EDGE('',*,*,#5694,.F.);
#7221=ORIENTED_EDGE('',*,*,#5695,.F.);
#7222=ORIENTED_EDGE('',*,*,#5696,.F.);
#7223=ORIENTED_EDGE('',*,*,#5697,.F.);
#7224=ORIENTED_EDGE('',*,*,#5698,.F.);
#7225=ORIENTED_EDGE('',*,*,#5699,.F.);
#7226=ORIENTED_EDGE('',*,*,#5700,.F.);
#7227=ORIENTED_EDGE('',*,*,#5701,.F.);
#7228=ORIENTED_EDGE('',*,*,#5702,.F.);
#7229=ORIENTED_EDGE('',*,*,#5684,.F.);
#7230=ORIENTED_EDGE('',*,*,#5703,.T.);
#7231=ORIENTED_EDGE('',*,*,#5704,.T.);
#7232=ORIENTED_EDGE('',*,*,#5694,.T.);
#7233=ORIENTED_EDGE('',*,*,#5504,.T.);
#7234=ORIENTED_EDGE('',*,*,#5494,.T.);
#7235=ORIENTED_EDGE('',*,*,#5705,.T.);
#7236=ORIENTED_EDGE('',*,*,#5706,.T.);
#7237=ORIENTED_EDGE('',*,*,#5692,.T.);
#7238=ORIENTED_EDGE('',*,*,#5707,.T.);
#7239=ORIENTED_EDGE('',*,*,#5708,.T.);
#7240=ORIENTED_EDGE('',*,*,#5709,.T.);
#7241=ORIENTED_EDGE('',*,*,#5710,.T.);
#7242=ORIENTED_EDGE('',*,*,#5711,.T.);
#7243=ORIENTED_EDGE('',*,*,#5712,.T.);
#7244=ORIENTED_EDGE('',*,*,#5713,.T.);
#7245=ORIENTED_EDGE('',*,*,#5714,.T.);
#7246=ORIENTED_EDGE('',*,*,#5715,.T.);
#7247=ORIENTED_EDGE('',*,*,#5716,.T.);
#7248=ORIENTED_EDGE('',*,*,#5717,.T.);
#7249=ORIENTED_EDGE('',*,*,#5718,.T.);
#7250=ORIENTED_EDGE('',*,*,#5719,.T.);
#7251=ORIENTED_EDGE('',*,*,#5720,.T.);
#7252=ORIENTED_EDGE('',*,*,#5721,.T.);
#7253=ORIENTED_EDGE('',*,*,#5721,.F.);
#7254=ORIENTED_EDGE('',*,*,#5722,.T.);
#7255=ORIENTED_EDGE('',*,*,#5508,.F.);
#7256=ORIENTED_EDGE('',*,*,#5723,.F.);
#7257=ORIENTED_EDGE('',*,*,#5724,.F.);
#7258=ORIENTED_EDGE('',*,*,#5725,.F.);
#7259=ORIENTED_EDGE('',*,*,#5726,.F.);
#7260=ORIENTED_EDGE('',*,*,#5727,.F.);
#7261=ORIENTED_EDGE('',*,*,#5728,.F.);
#7262=ORIENTED_EDGE('',*,*,#5729,.F.);
#7263=ORIENTED_EDGE('',*,*,#5730,.F.);
#7264=ORIENTED_EDGE('',*,*,#5505,.F.);
#7265=ORIENTED_EDGE('',*,*,#5731,.F.);
#7266=ORIENTED_EDGE('',*,*,#5502,.T.);
#7267=ORIENTED_EDGE('',*,*,#5732,.T.);
#7268=ORIENTED_EDGE('',*,*,#5724,.T.);
#7269=ORIENTED_EDGE('',*,*,#5707,.F.);
#7270=ORIENTED_EDGE('',*,*,#5702,.T.);
#7271=ORIENTED_EDGE('',*,*,#5733,.T.);
#7272=ORIENTED_EDGE('',*,*,#5734,.T.);
#7273=ORIENTED_EDGE('',*,*,#5507,.F.);
#7274=ORIENTED_EDGE('',*,*,#5503,.T.);
#7275=ORIENTED_EDGE('',*,*,#5731,.T.);
#7276=ORIENTED_EDGE('',*,*,#5723,.T.);
#7277=ORIENTED_EDGE('',*,*,#5733,.F.);
#7278=ORIENTED_EDGE('',*,*,#5701,.T.);
#7279=ORIENTED_EDGE('',*,*,#5735,.T.);
#7280=ORIENTED_EDGE('',*,*,#5736,.T.);
#7281=ORIENTED_EDGE('',*,*,#5683,.F.);
#7282=ORIENTED_EDGE('',*,*,#5737,.F.);
#7283=ORIENTED_EDGE('',*,*,#5708,.F.);
#7284=ORIENTED_EDGE('',*,*,#5734,.F.);
#7285=ORIENTED_EDGE('',*,*,#5736,.F.);
#7286=ORIENTED_EDGE('',*,*,#5738,.F.);
#7287=ORIENTED_EDGE('',*,*,#5739,.F.);
#7288=ORIENTED_EDGE('',*,*,#5740,.T.);
#7289=ORIENTED_EDGE('',*,*,#5741,.F.);
#7290=ORIENTED_EDGE('',*,*,#5742,.F.);
#7291=ORIENTED_EDGE('',*,*,#5743,.F.);
#7292=ORIENTED_EDGE('',*,*,#5703,.F.);
#7293=ORIENTED_EDGE('',*,*,#5735,.F.);
#7294=ORIENTED_EDGE('',*,*,#5700,.T.);
#7295=ORIENTED_EDGE('',*,*,#5744,.T.);
#7296=ORIENTED_EDGE('',*,*,#5738,.T.);
#7297=ORIENTED_EDGE('',*,*,#5704,.F.);
#7298=ORIENTED_EDGE('',*,*,#5743,.T.);
#7299=ORIENTED_EDGE('',*,*,#5745,.T.);
#7300=ORIENTED_EDGE('',*,*,#5695,.T.);
#7301=ORIENTED_EDGE('',*,*,#5732,.F.);
#7302=ORIENTED_EDGE('',*,*,#5501,.T.);
#7303=ORIENTED_EDGE('',*,*,#5746,.T.);
#7304=ORIENTED_EDGE('',*,*,#5725,.T.);
#7305=ORIENTED_EDGE('',*,*,#5506,.F.);
#7306=ORIENTED_EDGE('',*,*,#5730,.T.);
#7307=ORIENTED_EDGE('',*,*,#5747,.T.);
#7308=ORIENTED_EDGE('',*,*,#5496,.T.);
#7309=ORIENTED_EDGE('',*,*,#5744,.F.);
#7310=ORIENTED_EDGE('',*,*,#5699,.T.);
#7311=ORIENTED_EDGE('',*,*,#5748,.T.);
#7312=ORIENTED_EDGE('',*,*,#5739,.T.);
#7313=ORIENTED_EDGE('',*,*,#5745,.F.);
#7314=ORIENTED_EDGE('',*,*,#5742,.T.);
#7315=ORIENTED_EDGE('',*,*,#5749,.T.);
#7316=ORIENTED_EDGE('',*,*,#5696,.T.);
#7317=ORIENTED_EDGE('',*,*,#5750,.F.);
#7318=ORIENTED_EDGE('',*,*,#5728,.T.);
#7319=ORIENTED_EDGE('',*,*,#5751,.T.);
#7320=ORIENTED_EDGE('',*,*,#5498,.T.);
#7321=ORIENTED_EDGE('',*,*,#5749,.F.);
#7322=ORIENTED_EDGE('',*,*,#5741,.T.);
#7323=ORIENTED_EDGE('',*,*,#5752,.T.);
#7324=ORIENTED_EDGE('',*,*,#5697,.T.);
#7325=ORIENTED_EDGE('',*,*,#5688,.F.);
#7326=ORIENTED_EDGE('',*,*,#5753,.T.);
#7327=ORIENTED_EDGE('',*,*,#5754,.F.);
#7328=ORIENTED_EDGE('',*,*,#5755,.F.);
#7329=ORIENTED_EDGE('',*,*,#5689,.F.);
#7330=ORIENTED_EDGE('',*,*,#5755,.T.);
#7331=ORIENTED_EDGE('',*,*,#5756,.F.);
#7332=ORIENTED_EDGE('',*,*,#5757,.F.);
#7333=ORIENTED_EDGE('',*,*,#5690,.F.);
#7334=ORIENTED_EDGE('',*,*,#5757,.T.);
#7335=ORIENTED_EDGE('',*,*,#5758,.F.);
#7336=ORIENTED_EDGE('',*,*,#5759,.F.);
#7337=ORIENTED_EDGE('',*,*,#5691,.F.);
#7338=ORIENTED_EDGE('',*,*,#5759,.T.);
#7339=ORIENTED_EDGE('',*,*,#5760,.F.);
#7340=ORIENTED_EDGE('',*,*,#5753,.F.);
#7341=ORIENTED_EDGE('',*,*,#5760,.T.);
#7342=ORIENTED_EDGE('',*,*,#5758,.T.);
#7343=ORIENTED_EDGE('',*,*,#5756,.T.);
#7344=ORIENTED_EDGE('',*,*,#5754,.T.);
#7345=ORIENTED_EDGE('',*,*,#5761,.T.);
#7346=ORIENTED_EDGE('',*,*,#5762,.F.);
#7347=ORIENTED_EDGE('',*,*,#5763,.F.);
#7348=ORIENTED_EDGE('',*,*,#5764,.F.);
#7349=ORIENTED_EDGE('',*,*,#5765,.T.);
#7350=ORIENTED_EDGE('',*,*,#5766,.F.);
#7351=ORIENTED_EDGE('',*,*,#5767,.F.);
#7352=ORIENTED_EDGE('',*,*,#5768,.F.);
#7353=ORIENTED_EDGE('',*,*,#5769,.T.);
#7354=ORIENTED_EDGE('',*,*,#5770,.F.);
#7355=ORIENTED_EDGE('',*,*,#5771,.F.);
#7356=ORIENTED_EDGE('',*,*,#5772,.F.);
#7357=ORIENTED_EDGE('',*,*,#5773,.T.);
#7358=ORIENTED_EDGE('',*,*,#5774,.F.);
#7359=ORIENTED_EDGE('',*,*,#5775,.F.);
#7360=ORIENTED_EDGE('',*,*,#5776,.F.);
#7361=ORIENTED_EDGE('',*,*,#5777,.T.);
#7362=ORIENTED_EDGE('',*,*,#5778,.F.);
#7363=ORIENTED_EDGE('',*,*,#5779,.F.);
#7364=ORIENTED_EDGE('',*,*,#5780,.F.);
#7365=ORIENTED_EDGE('',*,*,#5781,.T.);
#7366=ORIENTED_EDGE('',*,*,#5782,.F.);
#7367=ORIENTED_EDGE('',*,*,#5783,.F.);
#7368=ORIENTED_EDGE('',*,*,#5784,.F.);
#7369=ORIENTED_EDGE('',*,*,#5785,.T.);
#7370=ORIENTED_EDGE('',*,*,#5786,.F.);
#7371=ORIENTED_EDGE('',*,*,#5787,.F.);
#7372=ORIENTED_EDGE('',*,*,#5788,.F.);
#7373=ORIENTED_EDGE('',*,*,#5789,.T.);
#7374=ORIENTED_EDGE('',*,*,#5790,.F.);
#7375=ORIENTED_EDGE('',*,*,#5791,.F.);
#7376=ORIENTED_EDGE('',*,*,#5792,.F.);
#7377=ORIENTED_EDGE('',*,*,#5793,.T.);
#7378=ORIENTED_EDGE('',*,*,#5794,.F.);
#7379=ORIENTED_EDGE('',*,*,#5795,.F.);
#7380=ORIENTED_EDGE('',*,*,#5796,.F.);
#7381=ORIENTED_EDGE('',*,*,#5797,.T.);
#7382=ORIENTED_EDGE('',*,*,#5798,.F.);
#7383=ORIENTED_EDGE('',*,*,#5799,.F.);
#7384=ORIENTED_EDGE('',*,*,#5800,.F.);
#7385=ORIENTED_EDGE('',*,*,#5801,.T.);
#7386=ORIENTED_EDGE('',*,*,#5802,.F.);
#7387=ORIENTED_EDGE('',*,*,#5803,.F.);
#7388=ORIENTED_EDGE('',*,*,#5804,.F.);
#7389=ORIENTED_EDGE('',*,*,#5805,.T.);
#7390=ORIENTED_EDGE('',*,*,#5806,.F.);
#7391=ORIENTED_EDGE('',*,*,#5807,.F.);
#7392=ORIENTED_EDGE('',*,*,#5808,.F.);
#7393=ORIENTED_EDGE('',*,*,#5809,.T.);
#7394=ORIENTED_EDGE('',*,*,#5810,.F.);
#7395=ORIENTED_EDGE('',*,*,#5811,.F.);
#7396=ORIENTED_EDGE('',*,*,#5812,.F.);
#7397=ORIENTED_EDGE('',*,*,#5813,.T.);
#7398=ORIENTED_EDGE('',*,*,#5814,.F.);
#7399=ORIENTED_EDGE('',*,*,#5815,.F.);
#7400=ORIENTED_EDGE('',*,*,#5816,.F.);
#7401=ORIENTED_EDGE('',*,*,#5817,.T.);
#7402=ORIENTED_EDGE('',*,*,#5818,.F.);
#7403=ORIENTED_EDGE('',*,*,#5819,.F.);
#7404=ORIENTED_EDGE('',*,*,#5820,.F.);
#7405=ORIENTED_EDGE('',*,*,#5821,.T.);
#7406=ORIENTED_EDGE('',*,*,#5822,.F.);
#7407=ORIENTED_EDGE('',*,*,#5823,.F.);
#7408=ORIENTED_EDGE('',*,*,#5824,.F.);
#7409=ORIENTED_EDGE('',*,*,#5825,.T.);
#7410=ORIENTED_EDGE('',*,*,#5826,.F.);
#7411=ORIENTED_EDGE('',*,*,#5827,.F.);
#7412=ORIENTED_EDGE('',*,*,#5828,.F.);
#7413=ORIENTED_EDGE('',*,*,#5829,.T.);
#7414=ORIENTED_EDGE('',*,*,#5830,.F.);
#7415=ORIENTED_EDGE('',*,*,#5831,.F.);
#7416=ORIENTED_EDGE('',*,*,#5832,.F.);
#7417=ORIENTED_EDGE('',*,*,#5833,.T.);
#7418=ORIENTED_EDGE('',*,*,#5834,.F.);
#7419=ORIENTED_EDGE('',*,*,#5835,.F.);
#7420=ORIENTED_EDGE('',*,*,#5836,.F.);
#7421=ORIENTED_EDGE('',*,*,#5837,.F.);
#7422=ORIENTED_EDGE('',*,*,#5838,.T.);
#7423=ORIENTED_EDGE('',*,*,#5839,.F.);
#7424=ORIENTED_EDGE('',*,*,#5840,.F.);
#7425=ORIENTED_EDGE('',*,*,#5841,.T.);
#7426=ORIENTED_EDGE('',*,*,#5842,.F.);
#7427=ORIENTED_EDGE('',*,*,#5843,.F.);
#7428=ORIENTED_EDGE('',*,*,#5844,.F.);
#7429=ORIENTED_EDGE('',*,*,#5845,.T.);
#7430=ORIENTED_EDGE('',*,*,#5846,.F.);
#7431=ORIENTED_EDGE('',*,*,#5847,.F.);
#7432=ORIENTED_EDGE('',*,*,#5848,.F.);
#7433=ORIENTED_EDGE('',*,*,#5849,.T.);
#7434=ORIENTED_EDGE('',*,*,#5850,.F.);
#7435=ORIENTED_EDGE('',*,*,#5851,.F.);
#7436=ORIENTED_EDGE('',*,*,#5852,.F.);
#7437=ORIENTED_EDGE('',*,*,#5853,.T.);
#7438=ORIENTED_EDGE('',*,*,#5854,.F.);
#7439=ORIENTED_EDGE('',*,*,#5855,.F.);
#7440=ORIENTED_EDGE('',*,*,#5856,.F.);
#7441=ORIENTED_EDGE('',*,*,#5857,.T.);
#7442=ORIENTED_EDGE('',*,*,#5858,.F.);
#7443=ORIENTED_EDGE('',*,*,#5859,.F.);
#7444=ORIENTED_EDGE('',*,*,#5860,.F.);
#7445=ORIENTED_EDGE('',*,*,#5861,.T.);
#7446=ORIENTED_EDGE('',*,*,#5862,.F.);
#7447=ORIENTED_EDGE('',*,*,#5863,.F.);
#7448=ORIENTED_EDGE('',*,*,#5864,.F.);
#7449=ORIENTED_EDGE('',*,*,#5865,.T.);
#7450=ORIENTED_EDGE('',*,*,#5866,.F.);
#7451=ORIENTED_EDGE('',*,*,#5867,.F.);
#7452=ORIENTED_EDGE('',*,*,#5868,.F.);
#7453=ORIENTED_EDGE('',*,*,#5869,.T.);
#7454=ORIENTED_EDGE('',*,*,#5870,.F.);
#7455=ORIENTED_EDGE('',*,*,#5871,.F.);
#7456=ORIENTED_EDGE('',*,*,#5872,.F.);
#7457=ORIENTED_EDGE('',*,*,#5873,.T.);
#7458=ORIENTED_EDGE('',*,*,#5874,.F.);
#7459=ORIENTED_EDGE('',*,*,#5875,.F.);
#7460=ORIENTED_EDGE('',*,*,#5876,.F.);
#7461=ORIENTED_EDGE('',*,*,#5877,.T.);
#7462=ORIENTED_EDGE('',*,*,#5878,.F.);
#7463=ORIENTED_EDGE('',*,*,#5879,.F.);
#7464=ORIENTED_EDGE('',*,*,#5880,.F.);
#7465=ORIENTED_EDGE('',*,*,#5881,.T.);
#7466=ORIENTED_EDGE('',*,*,#5882,.F.);
#7467=ORIENTED_EDGE('',*,*,#5883,.F.);
#7468=ORIENTED_EDGE('',*,*,#5884,.F.);
#7469=ORIENTED_EDGE('',*,*,#5885,.T.);
#7470=ORIENTED_EDGE('',*,*,#5886,.F.);
#7471=ORIENTED_EDGE('',*,*,#5887,.F.);
#7472=ORIENTED_EDGE('',*,*,#5888,.F.);
#7473=ORIENTED_EDGE('',*,*,#5889,.T.);
#7474=ORIENTED_EDGE('',*,*,#5890,.F.);
#7475=ORIENTED_EDGE('',*,*,#5891,.F.);
#7476=ORIENTED_EDGE('',*,*,#5892,.F.);
#7477=ORIENTED_EDGE('',*,*,#5893,.T.);
#7478=ORIENTED_EDGE('',*,*,#5894,.F.);
#7479=ORIENTED_EDGE('',*,*,#5895,.F.);
#7480=ORIENTED_EDGE('',*,*,#5896,.F.);
#7481=ORIENTED_EDGE('',*,*,#5897,.T.);
#7482=ORIENTED_EDGE('',*,*,#5898,.F.);
#7483=ORIENTED_EDGE('',*,*,#5899,.F.);
#7484=ORIENTED_EDGE('',*,*,#5900,.F.);
#7485=ORIENTED_EDGE('',*,*,#5901,.T.);
#7486=ORIENTED_EDGE('',*,*,#5902,.F.);
#7487=ORIENTED_EDGE('',*,*,#5903,.F.);
#7488=ORIENTED_EDGE('',*,*,#5904,.F.);
#7489=ORIENTED_EDGE('',*,*,#5905,.T.);
#7490=ORIENTED_EDGE('',*,*,#5906,.F.);
#7491=ORIENTED_EDGE('',*,*,#5907,.F.);
#7492=ORIENTED_EDGE('',*,*,#5908,.F.);
#7493=ORIENTED_EDGE('',*,*,#5909,.T.);
#7494=ORIENTED_EDGE('',*,*,#5910,.F.);
#7495=ORIENTED_EDGE('',*,*,#5911,.F.);
#7496=ORIENTED_EDGE('',*,*,#5912,.F.);
#7497=ORIENTED_EDGE('',*,*,#5913,.T.);
#7498=ORIENTED_EDGE('',*,*,#5914,.F.);
#7499=ORIENTED_EDGE('',*,*,#5915,.F.);
#7500=ORIENTED_EDGE('',*,*,#5916,.F.);
#7501=ORIENTED_EDGE('',*,*,#5917,.T.);
#7502=ORIENTED_EDGE('',*,*,#5918,.F.);
#7503=ORIENTED_EDGE('',*,*,#5919,.F.);
#7504=ORIENTED_EDGE('',*,*,#5920,.F.);
#7505=ORIENTED_EDGE('',*,*,#5764,.T.);
#7506=ORIENTED_EDGE('',*,*,#5921,.F.);
#7507=ORIENTED_EDGE('',*,*,#5538,.F.);
#7508=ORIENTED_EDGE('',*,*,#5922,.F.);
#7509=ORIENTED_EDGE('',*,*,#5763,.T.);
#7510=ORIENTED_EDGE('',*,*,#5923,.F.);
#7511=ORIENTED_EDGE('',*,*,#5539,.F.);
#7512=ORIENTED_EDGE('',*,*,#5921,.T.);
#7513=ORIENTED_EDGE('',*,*,#5768,.T.);
#7514=ORIENTED_EDGE('',*,*,#5924,.F.);
#7515=ORIENTED_EDGE('',*,*,#5546,.F.);
#7516=ORIENTED_EDGE('',*,*,#5925,.F.);
#7517=ORIENTED_EDGE('',*,*,#5767,.T.);
#7518=ORIENTED_EDGE('',*,*,#5926,.F.);
#7519=ORIENTED_EDGE('',*,*,#5547,.F.);
#7520=ORIENTED_EDGE('',*,*,#5924,.T.);
#7521=ORIENTED_EDGE('',*,*,#5772,.T.);
#7522=ORIENTED_EDGE('',*,*,#5927,.F.);
#7523=ORIENTED_EDGE('',*,*,#5554,.F.);
#7524=ORIENTED_EDGE('',*,*,#5928,.F.);
#7525=ORIENTED_EDGE('',*,*,#5771,.T.);
#7526=ORIENTED_EDGE('',*,*,#5929,.F.);
#7527=ORIENTED_EDGE('',*,*,#5555,.F.);
#7528=ORIENTED_EDGE('',*,*,#5927,.T.);
#7529=ORIENTED_EDGE('',*,*,#5776,.T.);
#7530=ORIENTED_EDGE('',*,*,#5930,.F.);
#7531=ORIENTED_EDGE('',*,*,#5562,.F.);
#7532=ORIENTED_EDGE('',*,*,#5931,.F.);
#7533=ORIENTED_EDGE('',*,*,#5775,.T.);
#7534=ORIENTED_EDGE('',*,*,#5932,.F.);
#7535=ORIENTED_EDGE('',*,*,#5563,.F.);
#7536=ORIENTED_EDGE('',*,*,#5930,.T.);
#7537=ORIENTED_EDGE('',*,*,#5780,.T.);
#7538=ORIENTED_EDGE('',*,*,#5933,.F.);
#7539=ORIENTED_EDGE('',*,*,#5570,.F.);
#7540=ORIENTED_EDGE('',*,*,#5934,.F.);
#7541=ORIENTED_EDGE('',*,*,#5779,.T.);
#7542=ORIENTED_EDGE('',*,*,#5935,.F.);
#7543=ORIENTED_EDGE('',*,*,#5571,.F.);
#7544=ORIENTED_EDGE('',*,*,#5933,.T.);
#7545=ORIENTED_EDGE('',*,*,#5784,.T.);
#7546=ORIENTED_EDGE('',*,*,#5936,.F.);
#7547=ORIENTED_EDGE('',*,*,#5578,.F.);
#7548=ORIENTED_EDGE('',*,*,#5937,.F.);
#7549=ORIENTED_EDGE('',*,*,#5783,.T.);
#7550=ORIENTED_EDGE('',*,*,#5938,.F.);
#7551=ORIENTED_EDGE('',*,*,#5579,.F.);
#7552=ORIENTED_EDGE('',*,*,#5936,.T.);
#7553=ORIENTED_EDGE('',*,*,#5788,.T.);
#7554=ORIENTED_EDGE('',*,*,#5939,.F.);
#7555=ORIENTED_EDGE('',*,*,#5586,.F.);
#7556=ORIENTED_EDGE('',*,*,#5940,.F.);
#7557=ORIENTED_EDGE('',*,*,#5787,.T.);
#7558=ORIENTED_EDGE('',*,*,#5941,.F.);
#7559=ORIENTED_EDGE('',*,*,#5587,.F.);
#7560=ORIENTED_EDGE('',*,*,#5939,.T.);
#7561=ORIENTED_EDGE('',*,*,#5792,.T.);
#7562=ORIENTED_EDGE('',*,*,#5942,.F.);
#7563=ORIENTED_EDGE('',*,*,#5594,.F.);
#7564=ORIENTED_EDGE('',*,*,#5943,.F.);
#7565=ORIENTED_EDGE('',*,*,#5791,.T.);
#7566=ORIENTED_EDGE('',*,*,#5944,.F.);
#7567=ORIENTED_EDGE('',*,*,#5595,.F.);
#7568=ORIENTED_EDGE('',*,*,#5942,.T.);
#7569=ORIENTED_EDGE('',*,*,#5796,.T.);
#7570=ORIENTED_EDGE('',*,*,#5945,.F.);
#7571=ORIENTED_EDGE('',*,*,#5602,.F.);
#7572=ORIENTED_EDGE('',*,*,#5946,.F.);
#7573=ORIENTED_EDGE('',*,*,#5795,.T.);
#7574=ORIENTED_EDGE('',*,*,#5947,.F.);
#7575=ORIENTED_EDGE('',*,*,#5603,.F.);
#7576=ORIENTED_EDGE('',*,*,#5945,.T.);
#7577=ORIENTED_EDGE('',*,*,#5800,.T.);
#7578=ORIENTED_EDGE('',*,*,#5948,.F.);
#7579=ORIENTED_EDGE('',*,*,#5610,.F.);
#7580=ORIENTED_EDGE('',*,*,#5949,.F.);
#7581=ORIENTED_EDGE('',*,*,#5799,.T.);
#7582=ORIENTED_EDGE('',*,*,#5950,.F.);
#7583=ORIENTED_EDGE('',*,*,#5611,.F.);
#7584=ORIENTED_EDGE('',*,*,#5948,.T.);
#7585=ORIENTED_EDGE('',*,*,#5804,.T.);
#7586=ORIENTED_EDGE('',*,*,#5951,.F.);
#7587=ORIENTED_EDGE('',*,*,#5618,.F.);
#7588=ORIENTED_EDGE('',*,*,#5952,.F.);
#7589=ORIENTED_EDGE('',*,*,#5803,.T.);
#7590=ORIENTED_EDGE('',*,*,#5953,.F.);
#7591=ORIENTED_EDGE('',*,*,#5619,.F.);
#7592=ORIENTED_EDGE('',*,*,#5951,.T.);
#7593=ORIENTED_EDGE('',*,*,#5808,.T.);
#7594=ORIENTED_EDGE('',*,*,#5954,.F.);
#7595=ORIENTED_EDGE('',*,*,#5626,.F.);
#7596=ORIENTED_EDGE('',*,*,#5955,.F.);
#7597=ORIENTED_EDGE('',*,*,#5807,.T.);
#7598=ORIENTED_EDGE('',*,*,#5956,.F.);
#7599=ORIENTED_EDGE('',*,*,#5627,.F.);
#7600=ORIENTED_EDGE('',*,*,#5954,.T.);
#7601=ORIENTED_EDGE('',*,*,#5812,.T.);
#7602=ORIENTED_EDGE('',*,*,#5957,.F.);
#7603=ORIENTED_EDGE('',*,*,#5634,.F.);
#7604=ORIENTED_EDGE('',*,*,#5958,.F.);
#7605=ORIENTED_EDGE('',*,*,#5811,.T.);
#7606=ORIENTED_EDGE('',*,*,#5959,.F.);
#7607=ORIENTED_EDGE('',*,*,#5635,.F.);
#7608=ORIENTED_EDGE('',*,*,#5957,.T.);
#7609=ORIENTED_EDGE('',*,*,#5816,.T.);
#7610=ORIENTED_EDGE('',*,*,#5960,.F.);
#7611=ORIENTED_EDGE('',*,*,#5642,.F.);
#7612=ORIENTED_EDGE('',*,*,#5961,.F.);
#7613=ORIENTED_EDGE('',*,*,#5815,.T.);
#7614=ORIENTED_EDGE('',*,*,#5962,.F.);
#7615=ORIENTED_EDGE('',*,*,#5643,.F.);
#7616=ORIENTED_EDGE('',*,*,#5960,.T.);
#7617=ORIENTED_EDGE('',*,*,#5820,.T.);
#7618=ORIENTED_EDGE('',*,*,#5963,.F.);
#7619=ORIENTED_EDGE('',*,*,#5650,.F.);
#7620=ORIENTED_EDGE('',*,*,#5964,.F.);
#7621=ORIENTED_EDGE('',*,*,#5819,.T.);
#7622=ORIENTED_EDGE('',*,*,#5965,.F.);
#7623=ORIENTED_EDGE('',*,*,#5651,.F.);
#7624=ORIENTED_EDGE('',*,*,#5963,.T.);
#7625=ORIENTED_EDGE('',*,*,#5824,.T.);
#7626=ORIENTED_EDGE('',*,*,#5966,.F.);
#7627=ORIENTED_EDGE('',*,*,#5658,.F.);
#7628=ORIENTED_EDGE('',*,*,#5967,.F.);
#7629=ORIENTED_EDGE('',*,*,#5823,.T.);
#7630=ORIENTED_EDGE('',*,*,#5968,.F.);
#7631=ORIENTED_EDGE('',*,*,#5659,.F.);
#7632=ORIENTED_EDGE('',*,*,#5966,.T.);
#7633=ORIENTED_EDGE('',*,*,#5828,.T.);
#7634=ORIENTED_EDGE('',*,*,#5969,.F.);
#7635=ORIENTED_EDGE('',*,*,#5666,.F.);
#7636=ORIENTED_EDGE('',*,*,#5970,.F.);
#7637=ORIENTED_EDGE('',*,*,#5827,.T.);
#7638=ORIENTED_EDGE('',*,*,#5971,.F.);
#7639=ORIENTED_EDGE('',*,*,#5667,.F.);
#7640=ORIENTED_EDGE('',*,*,#5969,.T.);
#7641=ORIENTED_EDGE('',*,*,#5832,.T.);
#7642=ORIENTED_EDGE('',*,*,#5972,.F.);
#7643=ORIENTED_EDGE('',*,*,#5674,.F.);
#7644=ORIENTED_EDGE('',*,*,#5973,.F.);
#7645=ORIENTED_EDGE('',*,*,#5831,.T.);
#7646=ORIENTED_EDGE('',*,*,#5974,.F.);
#7647=ORIENTED_EDGE('',*,*,#5675,.F.);
#7648=ORIENTED_EDGE('',*,*,#5972,.T.);
#7649=ORIENTED_EDGE('',*,*,#5836,.T.);
#7650=ORIENTED_EDGE('',*,*,#5975,.F.);
#7651=ORIENTED_EDGE('',*,*,#5526,.F.);
#7652=ORIENTED_EDGE('',*,*,#5976,.F.);
#7653=ORIENTED_EDGE('',*,*,#5835,.T.);
#7654=ORIENTED_EDGE('',*,*,#5977,.F.);
#7655=ORIENTED_EDGE('',*,*,#5527,.F.);
#7656=ORIENTED_EDGE('',*,*,#5975,.T.);
#7657=ORIENTED_EDGE('',*,*,#5839,.T.);
#7658=ORIENTED_EDGE('',*,*,#5978,.F.);
#7659=ORIENTED_EDGE('',*,*,#5520,.F.);
#7660=ORIENTED_EDGE('',*,*,#5979,.T.);
#7661=ORIENTED_EDGE('',*,*,#5844,.T.);
#7662=ORIENTED_EDGE('',*,*,#5980,.F.);
#7663=ORIENTED_EDGE('',*,*,#5522,.F.);
#7664=ORIENTED_EDGE('',*,*,#5981,.F.);
#7665=ORIENTED_EDGE('',*,*,#5843,.T.);
#7666=ORIENTED_EDGE('',*,*,#5982,.F.);
#7667=ORIENTED_EDGE('',*,*,#5523,.F.);
#7668=ORIENTED_EDGE('',*,*,#5980,.T.);
#7669=ORIENTED_EDGE('',*,*,#5848,.T.);
#7670=ORIENTED_EDGE('',*,*,#5983,.F.);
#7671=ORIENTED_EDGE('',*,*,#5530,.F.);
#7672=ORIENTED_EDGE('',*,*,#5984,.F.);
#7673=ORIENTED_EDGE('',*,*,#5847,.T.);
#7674=ORIENTED_EDGE('',*,*,#5985,.F.);
#7675=ORIENTED_EDGE('',*,*,#5531,.F.);
#7676=ORIENTED_EDGE('',*,*,#5983,.T.);
#7677=ORIENTED_EDGE('',*,*,#5852,.T.);
#7678=ORIENTED_EDGE('',*,*,#5986,.F.);
#7679=ORIENTED_EDGE('',*,*,#5670,.F.);
#7680=ORIENTED_EDGE('',*,*,#5987,.F.);
#7681=ORIENTED_EDGE('',*,*,#5851,.T.);
#7682=ORIENTED_EDGE('',*,*,#5988,.F.);
#7683=ORIENTED_EDGE('',*,*,#5671,.F.);
#7684=ORIENTED_EDGE('',*,*,#5986,.T.);
#7685=ORIENTED_EDGE('',*,*,#5856,.T.);
#7686=ORIENTED_EDGE('',*,*,#5989,.F.);
#7687=ORIENTED_EDGE('',*,*,#5662,.F.);
#7688=ORIENTED_EDGE('',*,*,#5990,.F.);
#7689=ORIENTED_EDGE('',*,*,#5855,.T.);
#7690=ORIENTED_EDGE('',*,*,#5991,.F.);
#7691=ORIENTED_EDGE('',*,*,#5663,.F.);
#7692=ORIENTED_EDGE('',*,*,#5989,.T.);
#7693=ORIENTED_EDGE('',*,*,#5860,.T.);
#7694=ORIENTED_EDGE('',*,*,#5992,.F.);
#7695=ORIENTED_EDGE('',*,*,#5654,.F.);
#7696=ORIENTED_EDGE('',*,*,#5993,.F.);
#7697=ORIENTED_EDGE('',*,*,#5859,.T.);
#7698=ORIENTED_EDGE('',*,*,#5994,.F.);
#7699=ORIENTED_EDGE('',*,*,#5655,.F.);
#7700=ORIENTED_EDGE('',*,*,#5992,.T.);
#7701=ORIENTED_EDGE('',*,*,#5864,.T.);
#7702=ORIENTED_EDGE('',*,*,#5995,.F.);
#7703=ORIENTED_EDGE('',*,*,#5646,.F.);
#7704=ORIENTED_EDGE('',*,*,#5996,.F.);
#7705=ORIENTED_EDGE('',*,*,#5863,.T.);
#7706=ORIENTED_EDGE('',*,*,#5997,.F.);
#7707=ORIENTED_EDGE('',*,*,#5647,.F.);
#7708=ORIENTED_EDGE('',*,*,#5995,.T.);
#7709=ORIENTED_EDGE('',*,*,#5868,.T.);
#7710=ORIENTED_EDGE('',*,*,#5998,.F.);
#7711=ORIENTED_EDGE('',*,*,#5638,.F.);
#7712=ORIENTED_EDGE('',*,*,#5999,.F.);
#7713=ORIENTED_EDGE('',*,*,#5867,.T.);
#7714=ORIENTED_EDGE('',*,*,#6000,.F.);
#7715=ORIENTED_EDGE('',*,*,#5639,.F.);
#7716=ORIENTED_EDGE('',*,*,#5998,.T.);
#7717=ORIENTED_EDGE('',*,*,#5872,.T.);
#7718=ORIENTED_EDGE('',*,*,#6001,.F.);
#7719=ORIENTED_EDGE('',*,*,#5630,.F.);
#7720=ORIENTED_EDGE('',*,*,#6002,.F.);
#7721=ORIENTED_EDGE('',*,*,#5871,.T.);
#7722=ORIENTED_EDGE('',*,*,#6003,.F.);
#7723=ORIENTED_EDGE('',*,*,#5631,.F.);
#7724=ORIENTED_EDGE('',*,*,#6001,.T.);
#7725=ORIENTED_EDGE('',*,*,#5876,.T.);
#7726=ORIENTED_EDGE('',*,*,#6004,.F.);
#7727=ORIENTED_EDGE('',*,*,#5622,.F.);
#7728=ORIENTED_EDGE('',*,*,#6005,.F.);
#7729=ORIENTED_EDGE('',*,*,#5875,.T.);
#7730=ORIENTED_EDGE('',*,*,#6006,.F.);
#7731=ORIENTED_EDGE('',*,*,#5623,.F.);
#7732=ORIENTED_EDGE('',*,*,#6004,.T.);
#7733=ORIENTED_EDGE('',*,*,#5880,.T.);
#7734=ORIENTED_EDGE('',*,*,#6007,.F.);
#7735=ORIENTED_EDGE('',*,*,#5614,.F.);
#7736=ORIENTED_EDGE('',*,*,#6008,.F.);
#7737=ORIENTED_EDGE('',*,*,#5879,.T.);
#7738=ORIENTED_EDGE('',*,*,#6009,.F.);
#7739=ORIENTED_EDGE('',*,*,#5615,.F.);
#7740=ORIENTED_EDGE('',*,*,#6007,.T.);
#7741=ORIENTED_EDGE('',*,*,#5884,.T.);
#7742=ORIENTED_EDGE('',*,*,#6010,.F.);
#7743=ORIENTED_EDGE('',*,*,#5606,.F.);
#7744=ORIENTED_EDGE('',*,*,#6011,.F.);
#7745=ORIENTED_EDGE('',*,*,#5883,.T.);
#7746=ORIENTED_EDGE('',*,*,#6012,.F.);
#7747=ORIENTED_EDGE('',*,*,#5607,.F.);
#7748=ORIENTED_EDGE('',*,*,#6010,.T.);
#7749=ORIENTED_EDGE('',*,*,#5888,.T.);
#7750=ORIENTED_EDGE('',*,*,#6013,.F.);
#7751=ORIENTED_EDGE('',*,*,#5598,.F.);
#7752=ORIENTED_EDGE('',*,*,#6014,.F.);
#7753=ORIENTED_EDGE('',*,*,#5887,.T.);
#7754=ORIENTED_EDGE('',*,*,#6015,.F.);
#7755=ORIENTED_EDGE('',*,*,#5599,.F.);
#7756=ORIENTED_EDGE('',*,*,#6013,.T.);
#7757=ORIENTED_EDGE('',*,*,#5892,.T.);
#7758=ORIENTED_EDGE('',*,*,#6016,.F.);
#7759=ORIENTED_EDGE('',*,*,#5590,.F.);
#7760=ORIENTED_EDGE('',*,*,#6017,.F.);
#7761=ORIENTED_EDGE('',*,*,#5891,.T.);
#7762=ORIENTED_EDGE('',*,*,#6018,.F.);
#7763=ORIENTED_EDGE('',*,*,#5591,.F.);
#7764=ORIENTED_EDGE('',*,*,#6016,.T.);
#7765=ORIENTED_EDGE('',*,*,#5896,.T.);
#7766=ORIENTED_EDGE('',*,*,#6019,.F.);
#7767=ORIENTED_EDGE('',*,*,#5582,.F.);
#7768=ORIENTED_EDGE('',*,*,#6020,.F.);
#7769=ORIENTED_EDGE('',*,*,#5895,.T.);
#7770=ORIENTED_EDGE('',*,*,#6021,.F.);
#7771=ORIENTED_EDGE('',*,*,#5583,.F.);
#7772=ORIENTED_EDGE('',*,*,#6019,.T.);
#7773=ORIENTED_EDGE('',*,*,#5900,.T.);
#7774=ORIENTED_EDGE('',*,*,#6022,.F.);
#7775=ORIENTED_EDGE('',*,*,#5574,.F.);
#7776=ORIENTED_EDGE('',*,*,#6023,.F.);
#7777=ORIENTED_EDGE('',*,*,#5899,.T.);
#7778=ORIENTED_EDGE('',*,*,#6024,.F.);
#7779=ORIENTED_EDGE('',*,*,#5575,.F.);
#7780=ORIENTED_EDGE('',*,*,#6022,.T.);
#7781=ORIENTED_EDGE('',*,*,#5904,.T.);
#7782=ORIENTED_EDGE('',*,*,#6025,.F.);
#7783=ORIENTED_EDGE('',*,*,#5566,.F.);
#7784=ORIENTED_EDGE('',*,*,#6026,.F.);
#7785=ORIENTED_EDGE('',*,*,#5903,.T.);
#7786=ORIENTED_EDGE('',*,*,#6027,.F.);
#7787=ORIENTED_EDGE('',*,*,#5567,.F.);
#7788=ORIENTED_EDGE('',*,*,#6025,.T.);
#7789=ORIENTED_EDGE('',*,*,#5908,.T.);
#7790=ORIENTED_EDGE('',*,*,#6028,.F.);
#7791=ORIENTED_EDGE('',*,*,#5558,.F.);
#7792=ORIENTED_EDGE('',*,*,#6029,.F.);
#7793=ORIENTED_EDGE('',*,*,#5907,.T.);
#7794=ORIENTED_EDGE('',*,*,#6030,.F.);
#7795=ORIENTED_EDGE('',*,*,#5559,.F.);
#7796=ORIENTED_EDGE('',*,*,#6028,.T.);
#7797=ORIENTED_EDGE('',*,*,#5912,.T.);
#7798=ORIENTED_EDGE('',*,*,#6031,.F.);
#7799=ORIENTED_EDGE('',*,*,#5550,.F.);
#7800=ORIENTED_EDGE('',*,*,#6032,.F.);
#7801=ORIENTED_EDGE('',*,*,#5911,.T.);
#7802=ORIENTED_EDGE('',*,*,#6033,.F.);
#7803=ORIENTED_EDGE('',*,*,#5551,.F.);
#7804=ORIENTED_EDGE('',*,*,#6031,.T.);
#7805=ORIENTED_EDGE('',*,*,#5916,.T.);
#7806=ORIENTED_EDGE('',*,*,#6034,.F.);
#7807=ORIENTED_EDGE('',*,*,#5542,.F.);
#7808=ORIENTED_EDGE('',*,*,#6035,.F.);
#7809=ORIENTED_EDGE('',*,*,#5915,.T.);
#7810=ORIENTED_EDGE('',*,*,#6036,.F.);
#7811=ORIENTED_EDGE('',*,*,#5543,.F.);
#7812=ORIENTED_EDGE('',*,*,#6034,.T.);
#7813=ORIENTED_EDGE('',*,*,#5920,.T.);
#7814=ORIENTED_EDGE('',*,*,#6037,.F.);
#7815=ORIENTED_EDGE('',*,*,#5534,.F.);
#7816=ORIENTED_EDGE('',*,*,#6038,.F.);
#7817=ORIENTED_EDGE('',*,*,#5919,.T.);
#7818=ORIENTED_EDGE('',*,*,#6039,.F.);
#7819=ORIENTED_EDGE('',*,*,#5535,.F.);
#7820=ORIENTED_EDGE('',*,*,#6037,.T.);
#7821=ORIENTED_EDGE('',*,*,#5842,.T.);
#7822=ORIENTED_EDGE('',*,*,#6040,.F.);
#7823=ORIENTED_EDGE('',*,*,#5524,.F.);
#7824=ORIENTED_EDGE('',*,*,#5982,.T.);
#7825=ORIENTED_EDGE('',*,*,#5846,.T.);
#7826=ORIENTED_EDGE('',*,*,#6041,.F.);
#7827=ORIENTED_EDGE('',*,*,#5532,.F.);
#7828=ORIENTED_EDGE('',*,*,#5985,.T.);
#7829=ORIENTED_EDGE('',*,*,#5762,.T.);
#7830=ORIENTED_EDGE('',*,*,#6042,.F.);
#7831=ORIENTED_EDGE('',*,*,#5540,.F.);
#7832=ORIENTED_EDGE('',*,*,#5923,.T.);
#7833=ORIENTED_EDGE('',*,*,#5766,.T.);
#7834=ORIENTED_EDGE('',*,*,#6043,.F.);
#7835=ORIENTED_EDGE('',*,*,#5548,.F.);
#7836=ORIENTED_EDGE('',*,*,#5926,.T.);
#7837=ORIENTED_EDGE('',*,*,#5770,.T.);
#7838=ORIENTED_EDGE('',*,*,#6044,.F.);
#7839=ORIENTED_EDGE('',*,*,#5556,.F.);
#7840=ORIENTED_EDGE('',*,*,#5929,.T.);
#7841=ORIENTED_EDGE('',*,*,#5774,.T.);
#7842=ORIENTED_EDGE('',*,*,#6045,.F.);
#7843=ORIENTED_EDGE('',*,*,#5564,.F.);
#7844=ORIENTED_EDGE('',*,*,#5932,.T.);
#7845=ORIENTED_EDGE('',*,*,#5778,.T.);
#7846=ORIENTED_EDGE('',*,*,#6046,.F.);
#7847=ORIENTED_EDGE('',*,*,#5572,.F.);
#7848=ORIENTED_EDGE('',*,*,#5935,.T.);
#7849=ORIENTED_EDGE('',*,*,#5782,.T.);
#7850=ORIENTED_EDGE('',*,*,#6047,.F.);
#7851=ORIENTED_EDGE('',*,*,#5580,.F.);
#7852=ORIENTED_EDGE('',*,*,#5938,.T.);
#7853=ORIENTED_EDGE('',*,*,#5786,.T.);
#7854=ORIENTED_EDGE('',*,*,#6048,.F.);
#7855=ORIENTED_EDGE('',*,*,#5588,.F.);
#7856=ORIENTED_EDGE('',*,*,#5941,.T.);
#7857=ORIENTED_EDGE('',*,*,#5790,.T.);
#7858=ORIENTED_EDGE('',*,*,#6049,.F.);
#7859=ORIENTED_EDGE('',*,*,#5596,.F.);
#7860=ORIENTED_EDGE('',*,*,#5944,.T.);
#7861=ORIENTED_EDGE('',*,*,#5794,.T.);
#7862=ORIENTED_EDGE('',*,*,#6050,.F.);
#7863=ORIENTED_EDGE('',*,*,#5604,.F.);
#7864=ORIENTED_EDGE('',*,*,#5947,.T.);
#7865=ORIENTED_EDGE('',*,*,#5798,.T.);
#7866=ORIENTED_EDGE('',*,*,#6051,.F.);
#7867=ORIENTED_EDGE('',*,*,#5612,.F.);
#7868=ORIENTED_EDGE('',*,*,#5950,.T.);
#7869=ORIENTED_EDGE('',*,*,#5802,.T.);
#7870=ORIENTED_EDGE('',*,*,#6052,.F.);
#7871=ORIENTED_EDGE('',*,*,#5620,.F.);
#7872=ORIENTED_EDGE('',*,*,#5953,.T.);
#7873=ORIENTED_EDGE('',*,*,#5806,.T.);
#7874=ORIENTED_EDGE('',*,*,#6053,.F.);
#7875=ORIENTED_EDGE('',*,*,#5628,.F.);
#7876=ORIENTED_EDGE('',*,*,#5956,.T.);
#7877=ORIENTED_EDGE('',*,*,#5810,.T.);
#7878=ORIENTED_EDGE('',*,*,#6054,.F.);
#7879=ORIENTED_EDGE('',*,*,#5636,.F.);
#7880=ORIENTED_EDGE('',*,*,#5959,.T.);
#7881=ORIENTED_EDGE('',*,*,#5814,.T.);
#7882=ORIENTED_EDGE('',*,*,#6055,.F.);
#7883=ORIENTED_EDGE('',*,*,#5644,.F.);
#7884=ORIENTED_EDGE('',*,*,#5962,.T.);
#7885=ORIENTED_EDGE('',*,*,#5818,.T.);
#7886=ORIENTED_EDGE('',*,*,#6056,.F.);
#7887=ORIENTED_EDGE('',*,*,#5652,.F.);
#7888=ORIENTED_EDGE('',*,*,#5965,.T.);
#7889=ORIENTED_EDGE('',*,*,#5822,.T.);
#7890=ORIENTED_EDGE('',*,*,#6057,.F.);
#7891=ORIENTED_EDGE('',*,*,#5660,.F.);
#7892=ORIENTED_EDGE('',*,*,#5968,.T.);
#7893=ORIENTED_EDGE('',*,*,#5826,.T.);
#7894=ORIENTED_EDGE('',*,*,#6058,.F.);
#7895=ORIENTED_EDGE('',*,*,#5668,.F.);
#7896=ORIENTED_EDGE('',*,*,#5971,.T.);
#7897=ORIENTED_EDGE('',*,*,#5830,.T.);
#7898=ORIENTED_EDGE('',*,*,#6059,.F.);
#7899=ORIENTED_EDGE('',*,*,#5676,.F.);
#7900=ORIENTED_EDGE('',*,*,#5974,.T.);
#7901=ORIENTED_EDGE('',*,*,#5850,.T.);
#7902=ORIENTED_EDGE('',*,*,#6060,.F.);
#7903=ORIENTED_EDGE('',*,*,#5672,.F.);
#7904=ORIENTED_EDGE('',*,*,#5988,.T.);
#7905=ORIENTED_EDGE('',*,*,#5854,.T.);
#7906=ORIENTED_EDGE('',*,*,#6061,.F.);
#7907=ORIENTED_EDGE('',*,*,#5664,.F.);
#7908=ORIENTED_EDGE('',*,*,#5991,.T.);
#7909=ORIENTED_EDGE('',*,*,#5858,.T.);
#7910=ORIENTED_EDGE('',*,*,#6062,.F.);
#7911=ORIENTED_EDGE('',*,*,#5656,.F.);
#7912=ORIENTED_EDGE('',*,*,#5994,.T.);
#7913=ORIENTED_EDGE('',*,*,#5862,.T.);
#7914=ORIENTED_EDGE('',*,*,#6063,.F.);
#7915=ORIENTED_EDGE('',*,*,#5648,.F.);
#7916=ORIENTED_EDGE('',*,*,#5997,.T.);
#7917=ORIENTED_EDGE('',*,*,#5866,.T.);
#7918=ORIENTED_EDGE('',*,*,#6064,.F.);
#7919=ORIENTED_EDGE('',*,*,#5640,.F.);
#7920=ORIENTED_EDGE('',*,*,#6000,.T.);
#7921=ORIENTED_EDGE('',*,*,#5870,.T.);
#7922=ORIENTED_EDGE('',*,*,#6065,.F.);
#7923=ORIENTED_EDGE('',*,*,#5632,.F.);
#7924=ORIENTED_EDGE('',*,*,#6003,.T.);
#7925=ORIENTED_EDGE('',*,*,#5874,.T.);
#7926=ORIENTED_EDGE('',*,*,#6066,.F.);
#7927=ORIENTED_EDGE('',*,*,#5624,.F.);
#7928=ORIENTED_EDGE('',*,*,#6006,.T.);
#7929=ORIENTED_EDGE('',*,*,#5878,.T.);
#7930=ORIENTED_EDGE('',*,*,#6067,.F.);
#7931=ORIENTED_EDGE('',*,*,#5616,.F.);
#7932=ORIENTED_EDGE('',*,*,#6009,.T.);
#7933=ORIENTED_EDGE('',*,*,#5882,.T.);
#7934=ORIENTED_EDGE('',*,*,#6068,.F.);
#7935=ORIENTED_EDGE('',*,*,#5608,.F.);
#7936=ORIENTED_EDGE('',*,*,#6012,.T.);
#7937=ORIENTED_EDGE('',*,*,#5886,.T.);
#7938=ORIENTED_EDGE('',*,*,#6069,.F.);
#7939=ORIENTED_EDGE('',*,*,#5600,.F.);
#7940=ORIENTED_EDGE('',*,*,#6015,.T.);
#7941=ORIENTED_EDGE('',*,*,#5890,.T.);
#7942=ORIENTED_EDGE('',*,*,#6070,.F.);
#7943=ORIENTED_EDGE('',*,*,#5592,.F.);
#7944=ORIENTED_EDGE('',*,*,#6018,.T.);
#7945=ORIENTED_EDGE('',*,*,#5894,.T.);
#7946=ORIENTED_EDGE('',*,*,#6071,.F.);
#7947=ORIENTED_EDGE('',*,*,#5584,.F.);
#7948=ORIENTED_EDGE('',*,*,#6021,.T.);
#7949=ORIENTED_EDGE('',*,*,#5898,.T.);
#7950=ORIENTED_EDGE('',*,*,#6072,.F.);
#7951=ORIENTED_EDGE('',*,*,#5576,.F.);
#7952=ORIENTED_EDGE('',*,*,#6024,.T.);
#7953=ORIENTED_EDGE('',*,*,#5902,.T.);
#7954=ORIENTED_EDGE('',*,*,#6073,.F.);
#7955=ORIENTED_EDGE('',*,*,#5568,.F.);
#7956=ORIENTED_EDGE('',*,*,#6027,.T.);
#7957=ORIENTED_EDGE('',*,*,#5906,.T.);
#7958=ORIENTED_EDGE('',*,*,#6074,.F.);
#7959=ORIENTED_EDGE('',*,*,#5560,.F.);
#7960=ORIENTED_EDGE('',*,*,#6030,.T.);
#7961=ORIENTED_EDGE('',*,*,#5910,.T.);
#7962=ORIENTED_EDGE('',*,*,#6075,.F.);
#7963=ORIENTED_EDGE('',*,*,#5552,.F.);
#7964=ORIENTED_EDGE('',*,*,#6033,.T.);
#7965=ORIENTED_EDGE('',*,*,#5914,.T.);
#7966=ORIENTED_EDGE('',*,*,#6076,.F.);
#7967=ORIENTED_EDGE('',*,*,#5544,.F.);
#7968=ORIENTED_EDGE('',*,*,#6036,.T.);
#7969=ORIENTED_EDGE('',*,*,#5918,.T.);
#7970=ORIENTED_EDGE('',*,*,#6077,.F.);
#7971=ORIENTED_EDGE('',*,*,#5536,.F.);
#7972=ORIENTED_EDGE('',*,*,#6039,.T.);
#7973=ORIENTED_EDGE('',*,*,#5834,.T.);
#7974=ORIENTED_EDGE('',*,*,#6078,.F.);
#7975=ORIENTED_EDGE('',*,*,#5528,.F.);
#7976=ORIENTED_EDGE('',*,*,#5977,.T.);
#7977=ORIENTED_EDGE('',*,*,#5840,.T.);
#7978=ORIENTED_EDGE('',*,*,#5979,.F.);
#7979=ORIENTED_EDGE('',*,*,#5519,.F.);
#7980=ORIENTED_EDGE('',*,*,#6079,.T.);
#7981=ORIENTED_EDGE('',*,*,#5837,.T.);
#7982=ORIENTED_EDGE('',*,*,#6079,.F.);
#7983=ORIENTED_EDGE('',*,*,#5518,.F.);
#7984=ORIENTED_EDGE('',*,*,#6080,.F.);
#7985=ORIENTED_EDGE('',*,*,#6040,.T.);
#7986=ORIENTED_EDGE('',*,*,#5841,.F.);
#7987=ORIENTED_EDGE('',*,*,#5981,.T.);
#7988=ORIENTED_EDGE('',*,*,#5521,.F.);
#7989=ORIENTED_EDGE('',*,*,#5978,.T.);
#7990=ORIENTED_EDGE('',*,*,#5838,.F.);
#7991=ORIENTED_EDGE('',*,*,#6080,.T.);
#7992=ORIENTED_EDGE('',*,*,#5517,.F.);
#7993=ORIENTED_EDGE('',*,*,#6081,.T.);
#7994=ORIENTED_EDGE('',*,*,#6082,.F.);
#7995=ORIENTED_EDGE('',*,*,#6083,.F.);
#7996=ORIENTED_EDGE('',*,*,#5677,.F.);
#7997=ORIENTED_EDGE('',*,*,#6059,.T.);
#7998=ORIENTED_EDGE('',*,*,#5829,.F.);
#7999=ORIENTED_EDGE('',*,*,#5973,.T.);
#8000=ORIENTED_EDGE('',*,*,#5673,.F.);
#8001=ORIENTED_EDGE('',*,*,#6060,.T.);
#8002=ORIENTED_EDGE('',*,*,#5849,.F.);
#8003=ORIENTED_EDGE('',*,*,#5987,.T.);
#8004=ORIENTED_EDGE('',*,*,#5669,.F.);
#8005=ORIENTED_EDGE('',*,*,#6058,.T.);
#8006=ORIENTED_EDGE('',*,*,#5825,.F.);
#8007=ORIENTED_EDGE('',*,*,#5970,.T.);
#8008=ORIENTED_EDGE('',*,*,#5665,.F.);
#8009=ORIENTED_EDGE('',*,*,#6061,.T.);
#8010=ORIENTED_EDGE('',*,*,#5853,.F.);
#8011=ORIENTED_EDGE('',*,*,#5990,.T.);
#8012=ORIENTED_EDGE('',*,*,#5661,.F.);
#8013=ORIENTED_EDGE('',*,*,#6057,.T.);
#8014=ORIENTED_EDGE('',*,*,#5821,.F.);
#8015=ORIENTED_EDGE('',*,*,#5967,.T.);
#8016=ORIENTED_EDGE('',*,*,#5657,.F.);
#8017=ORIENTED_EDGE('',*,*,#6062,.T.);
#8018=ORIENTED_EDGE('',*,*,#5857,.F.);
#8019=ORIENTED_EDGE('',*,*,#5993,.T.);
#8020=ORIENTED_EDGE('',*,*,#5653,.F.);
#8021=ORIENTED_EDGE('',*,*,#6056,.T.);
#8022=ORIENTED_EDGE('',*,*,#5817,.F.);
#8023=ORIENTED_EDGE('',*,*,#5964,.T.);
#8024=ORIENTED_EDGE('',*,*,#5649,.F.);
#8025=ORIENTED_EDGE('',*,*,#6063,.T.);
#8026=ORIENTED_EDGE('',*,*,#5861,.F.);
#8027=ORIENTED_EDGE('',*,*,#5996,.T.);
#8028=ORIENTED_EDGE('',*,*,#5645,.F.);
#8029=ORIENTED_EDGE('',*,*,#6055,.T.);
#8030=ORIENTED_EDGE('',*,*,#5813,.F.);
#8031=ORIENTED_EDGE('',*,*,#5961,.T.);
#8032=ORIENTED_EDGE('',*,*,#5641,.F.);
#8033=ORIENTED_EDGE('',*,*,#6064,.T.);
#8034=ORIENTED_EDGE('',*,*,#5865,.F.);
#8035=ORIENTED_EDGE('',*,*,#5999,.T.);
#8036=ORIENTED_EDGE('',*,*,#5637,.F.);
#8037=ORIENTED_EDGE('',*,*,#6054,.T.);
#8038=ORIENTED_EDGE('',*,*,#5809,.F.);
#8039=ORIENTED_EDGE('',*,*,#5958,.T.);
#8040=ORIENTED_EDGE('',*,*,#5633,.F.);
#8041=ORIENTED_EDGE('',*,*,#6065,.T.);
#8042=ORIENTED_EDGE('',*,*,#5869,.F.);
#8043=ORIENTED_EDGE('',*,*,#6002,.T.);
#8044=ORIENTED_EDGE('',*,*,#5629,.F.);
#8045=ORIENTED_EDGE('',*,*,#6053,.T.);
#8046=ORIENTED_EDGE('',*,*,#5805,.F.);
#8047=ORIENTED_EDGE('',*,*,#5955,.T.);
#8048=ORIENTED_EDGE('',*,*,#5625,.F.);
#8049=ORIENTED_EDGE('',*,*,#6066,.T.);
#8050=ORIENTED_EDGE('',*,*,#5873,.F.);
#8051=ORIENTED_EDGE('',*,*,#6005,.T.);
#8052=ORIENTED_EDGE('',*,*,#5621,.F.);
#8053=ORIENTED_EDGE('',*,*,#6052,.T.);
#8054=ORIENTED_EDGE('',*,*,#5801,.F.);
#8055=ORIENTED_EDGE('',*,*,#5952,.T.);
#8056=ORIENTED_EDGE('',*,*,#5617,.F.);
#8057=ORIENTED_EDGE('',*,*,#6067,.T.);
#8058=ORIENTED_EDGE('',*,*,#5877,.F.);
#8059=ORIENTED_EDGE('',*,*,#6008,.T.);
#8060=ORIENTED_EDGE('',*,*,#5613,.F.);
#8061=ORIENTED_EDGE('',*,*,#6051,.T.);
#8062=ORIENTED_EDGE('',*,*,#5797,.F.);
#8063=ORIENTED_EDGE('',*,*,#5949,.T.);
#8064=ORIENTED_EDGE('',*,*,#5609,.F.);
#8065=ORIENTED_EDGE('',*,*,#6068,.T.);
#8066=ORIENTED_EDGE('',*,*,#5881,.F.);
#8067=ORIENTED_EDGE('',*,*,#6011,.T.);
#8068=ORIENTED_EDGE('',*,*,#5605,.F.);
#8069=ORIENTED_EDGE('',*,*,#6050,.T.);
#8070=ORIENTED_EDGE('',*,*,#5793,.F.);
#8071=ORIENTED_EDGE('',*,*,#5946,.T.);
#8072=ORIENTED_EDGE('',*,*,#5601,.F.);
#8073=ORIENTED_EDGE('',*,*,#6069,.T.);
#8074=ORIENTED_EDGE('',*,*,#5885,.F.);
#8075=ORIENTED_EDGE('',*,*,#6014,.T.);
#8076=ORIENTED_EDGE('',*,*,#5597,.F.);
#8077=ORIENTED_EDGE('',*,*,#6049,.T.);
#8078=ORIENTED_EDGE('',*,*,#5789,.F.);
#8079=ORIENTED_EDGE('',*,*,#5943,.T.);
#8080=ORIENTED_EDGE('',*,*,#5593,.F.);
#8081=ORIENTED_EDGE('',*,*,#6070,.T.);
#8082=ORIENTED_EDGE('',*,*,#5889,.F.);
#8083=ORIENTED_EDGE('',*,*,#6017,.T.);
#8084=ORIENTED_EDGE('',*,*,#5589,.F.);
#8085=ORIENTED_EDGE('',*,*,#6048,.T.);
#8086=ORIENTED_EDGE('',*,*,#5785,.F.);
#8087=ORIENTED_EDGE('',*,*,#5940,.T.);
#8088=ORIENTED_EDGE('',*,*,#5585,.F.);
#8089=ORIENTED_EDGE('',*,*,#6071,.T.);
#8090=ORIENTED_EDGE('',*,*,#5893,.F.);
#8091=ORIENTED_EDGE('',*,*,#6020,.T.);
#8092=ORIENTED_EDGE('',*,*,#5581,.F.);
#8093=ORIENTED_EDGE('',*,*,#6047,.T.);
#8094=ORIENTED_EDGE('',*,*,#5781,.F.);
#8095=ORIENTED_EDGE('',*,*,#5937,.T.);
#8096=ORIENTED_EDGE('',*,*,#5577,.F.);
#8097=ORIENTED_EDGE('',*,*,#6072,.T.);
#8098=ORIENTED_EDGE('',*,*,#5897,.F.);
#8099=ORIENTED_EDGE('',*,*,#6023,.T.);
#8100=ORIENTED_EDGE('',*,*,#5573,.F.);
#8101=ORIENTED_EDGE('',*,*,#6046,.T.);
#8102=ORIENTED_EDGE('',*,*,#5777,.F.);
#8103=ORIENTED_EDGE('',*,*,#5934,.T.);
#8104=ORIENTED_EDGE('',*,*,#5569,.F.);
#8105=ORIENTED_EDGE('',*,*,#6073,.T.);
#8106=ORIENTED_EDGE('',*,*,#5901,.F.);
#8107=ORIENTED_EDGE('',*,*,#6026,.T.);
#8108=ORIENTED_EDGE('',*,*,#5565,.F.);
#8109=ORIENTED_EDGE('',*,*,#6045,.T.);
#8110=ORIENTED_EDGE('',*,*,#5773,.F.);
#8111=ORIENTED_EDGE('',*,*,#5931,.T.);
#8112=ORIENTED_EDGE('',*,*,#5561,.F.);
#8113=ORIENTED_EDGE('',*,*,#6074,.T.);
#8114=ORIENTED_EDGE('',*,*,#5905,.F.);
#8115=ORIENTED_EDGE('',*,*,#6029,.T.);
#8116=ORIENTED_EDGE('',*,*,#5557,.F.);
#8117=ORIENTED_EDGE('',*,*,#6044,.T.);
#8118=ORIENTED_EDGE('',*,*,#5769,.F.);
#8119=ORIENTED_EDGE('',*,*,#5928,.T.);
#8120=ORIENTED_EDGE('',*,*,#5553,.F.);
#8121=ORIENTED_EDGE('',*,*,#6075,.T.);
#8122=ORIENTED_EDGE('',*,*,#5909,.F.);
#8123=ORIENTED_EDGE('',*,*,#6032,.T.);
#8124=ORIENTED_EDGE('',*,*,#5549,.F.);
#8125=ORIENTED_EDGE('',*,*,#6043,.T.);
#8126=ORIENTED_EDGE('',*,*,#5765,.F.);
#8127=ORIENTED_EDGE('',*,*,#5925,.T.);
#8128=ORIENTED_EDGE('',*,*,#5545,.F.);
#8129=ORIENTED_EDGE('',*,*,#6076,.T.);
#8130=ORIENTED_EDGE('',*,*,#5913,.F.);
#8131=ORIENTED_EDGE('',*,*,#6035,.T.);
#8132=ORIENTED_EDGE('',*,*,#5541,.F.);
#8133=ORIENTED_EDGE('',*,*,#6042,.T.);
#8134=ORIENTED_EDGE('',*,*,#5761,.F.);
#8135=ORIENTED_EDGE('',*,*,#5922,.T.);
#8136=ORIENTED_EDGE('',*,*,#5537,.F.);
#8137=ORIENTED_EDGE('',*,*,#6077,.T.);
#8138=ORIENTED_EDGE('',*,*,#5917,.F.);
#8139=ORIENTED_EDGE('',*,*,#6038,.T.);
#8140=ORIENTED_EDGE('',*,*,#5533,.F.);
#8141=ORIENTED_EDGE('',*,*,#6041,.T.);
#8142=ORIENTED_EDGE('',*,*,#5845,.F.);
#8143=ORIENTED_EDGE('',*,*,#5984,.T.);
#8144=ORIENTED_EDGE('',*,*,#5529,.F.);
#8145=ORIENTED_EDGE('',*,*,#6078,.T.);
#8146=ORIENTED_EDGE('',*,*,#5833,.F.);
#8147=ORIENTED_EDGE('',*,*,#5976,.T.);
#8148=ORIENTED_EDGE('',*,*,#5525,.F.);
#8149=ORIENTED_EDGE('',*,*,#5713,.F.);
#8150=ORIENTED_EDGE('',*,*,#6084,.T.);
#8151=ORIENTED_EDGE('',*,*,#6085,.F.);
#8152=ORIENTED_EDGE('',*,*,#6086,.F.);
#8153=ORIENTED_EDGE('',*,*,#6087,.T.);
#8154=ORIENTED_EDGE('',*,*,#6085,.T.);
#8155=ORIENTED_EDGE('',*,*,#6088,.T.);
#8156=ORIENTED_EDGE('',*,*,#6089,.T.);
#8157=ORIENTED_EDGE('',*,*,#6082,.T.);
#8158=ORIENTED_EDGE('',*,*,#6090,.T.);
#8159=ORIENTED_EDGE('',*,*,#5747,.F.);
#8160=ORIENTED_EDGE('',*,*,#5729,.T.);
#8161=ORIENTED_EDGE('',*,*,#5750,.T.);
#8162=ORIENTED_EDGE('',*,*,#5497,.T.);
#8163=ORIENTED_EDGE('',*,*,#5705,.F.);
#8164=ORIENTED_EDGE('',*,*,#5493,.T.);
#8165=ORIENTED_EDGE('',*,*,#5687,.F.);
#8166=ORIENTED_EDGE('',*,*,#6091,.F.);
#8167=ORIENTED_EDGE('',*,*,#5706,.F.);
#8168=ORIENTED_EDGE('',*,*,#6091,.T.);
#8169=ORIENTED_EDGE('',*,*,#5686,.F.);
#8170=ORIENTED_EDGE('',*,*,#5693,.F.);
#8171=ORIENTED_EDGE('',*,*,#5748,.F.);
#8172=ORIENTED_EDGE('',*,*,#5698,.T.);
#8173=ORIENTED_EDGE('',*,*,#5752,.F.);
#8174=ORIENTED_EDGE('',*,*,#5740,.F.);
#8175=ORIENTED_EDGE('',*,*,#5709,.F.);
#8176=ORIENTED_EDGE('',*,*,#5737,.T.);
#8177=ORIENTED_EDGE('',*,*,#5682,.F.);
#8178=ORIENTED_EDGE('',*,*,#6092,.F.);
#8179=ORIENTED_EDGE('',*,*,#5710,.F.);
#8180=ORIENTED_EDGE('',*,*,#6092,.T.);
#8181=ORIENTED_EDGE('',*,*,#5681,.F.);
#8182=ORIENTED_EDGE('',*,*,#6093,.F.);
#8183=ORIENTED_EDGE('',*,*,#5711,.F.);
#8184=ORIENTED_EDGE('',*,*,#6093,.T.);
#8185=ORIENTED_EDGE('',*,*,#5680,.F.);
#8186=ORIENTED_EDGE('',*,*,#6094,.F.);
#8187=ORIENTED_EDGE('',*,*,#5712,.F.);
#8188=ORIENTED_EDGE('',*,*,#6094,.T.);
#8189=ORIENTED_EDGE('',*,*,#5679,.F.);
#8190=ORIENTED_EDGE('',*,*,#6095,.T.);
#8191=ORIENTED_EDGE('',*,*,#6088,.F.);
#8192=ORIENTED_EDGE('',*,*,#6084,.F.);
#8193=ORIENTED_EDGE('',*,*,#6095,.F.);
#8194=ORIENTED_EDGE('',*,*,#5678,.F.);
#8195=ORIENTED_EDGE('',*,*,#6083,.T.);
#8196=ORIENTED_EDGE('',*,*,#6089,.F.);
#8197=ORIENTED_EDGE('',*,*,#6081,.F.);
#8198=ORIENTED_EDGE('',*,*,#5516,.F.);
#8199=ORIENTED_EDGE('',*,*,#6096,.T.);
#8200=ORIENTED_EDGE('',*,*,#6090,.F.);
#8201=ORIENTED_EDGE('',*,*,#6096,.F.);
#8202=ORIENTED_EDGE('',*,*,#5515,.F.);
#8203=ORIENTED_EDGE('',*,*,#6097,.F.);
#8204=ORIENTED_EDGE('',*,*,#5714,.F.);
#8205=ORIENTED_EDGE('',*,*,#6086,.T.);
#8206=ORIENTED_EDGE('',*,*,#6087,.F.);
#8207=ORIENTED_EDGE('',*,*,#5715,.F.);
#8208=ORIENTED_EDGE('',*,*,#6097,.T.);
#8209=ORIENTED_EDGE('',*,*,#5514,.F.);
#8210=ORIENTED_EDGE('',*,*,#6098,.F.);
#8211=ORIENTED_EDGE('',*,*,#5716,.F.);
#8212=ORIENTED_EDGE('',*,*,#6098,.T.);
#8213=ORIENTED_EDGE('',*,*,#5513,.F.);
#8214=ORIENTED_EDGE('',*,*,#6099,.F.);
#8215=ORIENTED_EDGE('',*,*,#5717,.F.);
#8216=ORIENTED_EDGE('',*,*,#6099,.T.);
#8217=ORIENTED_EDGE('',*,*,#5512,.F.);
#8218=ORIENTED_EDGE('',*,*,#6100,.F.);
#8219=ORIENTED_EDGE('',*,*,#5718,.F.);
#8220=ORIENTED_EDGE('',*,*,#6100,.T.);
#8221=ORIENTED_EDGE('',*,*,#5511,.F.);
#8222=ORIENTED_EDGE('',*,*,#6101,.F.);
#8223=ORIENTED_EDGE('',*,*,#5719,.F.);
#8224=ORIENTED_EDGE('',*,*,#6101,.T.);
#8225=ORIENTED_EDGE('',*,*,#5510,.F.);
#8226=ORIENTED_EDGE('',*,*,#6102,.F.);
#8227=ORIENTED_EDGE('',*,*,#5720,.F.);
#8228=ORIENTED_EDGE('',*,*,#6102,.T.);
#8229=ORIENTED_EDGE('',*,*,#5509,.F.);
#8230=ORIENTED_EDGE('',*,*,#5722,.F.);
#8231=ORIENTED_EDGE('',*,*,#5751,.F.);
#8232=ORIENTED_EDGE('',*,*,#5727,.T.);
#8233=ORIENTED_EDGE('',*,*,#6103,.F.);
#8234=ORIENTED_EDGE('',*,*,#5499,.F.);
#8235=ORIENTED_EDGE('',*,*,#5746,.F.);
#8236=ORIENTED_EDGE('',*,*,#5500,.T.);
#8237=ORIENTED_EDGE('',*,*,#6103,.T.);
#8238=ORIENTED_EDGE('',*,*,#5726,.T.);
#8239=ORIENTED_EDGE('',*,*,#6104,.T.);
#8240=ORIENTED_EDGE('',*,*,#6105,.T.);
#8241=ORIENTED_EDGE('',*,*,#6106,.T.);
#8242=ORIENTED_EDGE('',*,*,#6107,.T.);
#8243=ORIENTED_EDGE('',*,*,#6108,.T.);
#8244=ORIENTED_EDGE('',*,*,#6109,.T.);
#8245=ORIENTED_EDGE('',*,*,#6104,.F.);
#8246=ORIENTED_EDGE('',*,*,#6110,.T.);
#8247=ORIENTED_EDGE('',*,*,#6111,.T.);
#8248=ORIENTED_EDGE('',*,*,#6112,.T.);
#8249=ORIENTED_EDGE('',*,*,#6108,.F.);
#8250=ORIENTED_EDGE('',*,*,#6113,.T.);
#8251=ORIENTED_EDGE('',*,*,#6114,.T.);
#8252=ORIENTED_EDGE('',*,*,#6115,.T.);
#8253=ORIENTED_EDGE('',*,*,#6111,.F.);
#8254=ORIENTED_EDGE('',*,*,#6116,.T.);
#8255=ORIENTED_EDGE('',*,*,#6117,.T.);
#8256=ORIENTED_EDGE('',*,*,#6118,.T.);
#8257=ORIENTED_EDGE('',*,*,#6114,.F.);
#8258=ORIENTED_EDGE('',*,*,#6119,.T.);
#8259=ORIENTED_EDGE('',*,*,#6120,.T.);
#8260=ORIENTED_EDGE('',*,*,#6121,.T.);
#8261=ORIENTED_EDGE('',*,*,#6117,.F.);
#8262=ORIENTED_EDGE('',*,*,#6122,.T.);
#8263=ORIENTED_EDGE('',*,*,#6123,.T.);
#8264=ORIENTED_EDGE('',*,*,#6124,.T.);
#8265=ORIENTED_EDGE('',*,*,#6120,.F.);
#8266=ORIENTED_EDGE('',*,*,#6125,.T.);
#8267=ORIENTED_EDGE('',*,*,#6106,.F.);
#8268=ORIENTED_EDGE('',*,*,#6126,.T.);
#8269=ORIENTED_EDGE('',*,*,#6123,.F.);
#8270=ORIENTED_EDGE('',*,*,#6127,.T.);
#8271=ORIENTED_EDGE('',*,*,#6121,.F.);
#8272=ORIENTED_EDGE('',*,*,#6128,.T.);
#8273=ORIENTED_EDGE('',*,*,#6129,.F.);
#8274=ORIENTED_EDGE('',*,*,#6130,.F.);
#8275=ORIENTED_EDGE('',*,*,#6124,.F.);
#8276=ORIENTED_EDGE('',*,*,#6131,.T.);
#8277=ORIENTED_EDGE('',*,*,#6132,.F.);
#8278=ORIENTED_EDGE('',*,*,#6128,.F.);
#8279=ORIENTED_EDGE('',*,*,#6126,.F.);
#8280=ORIENTED_EDGE('',*,*,#6133,.T.);
#8281=ORIENTED_EDGE('',*,*,#6134,.F.);
#8282=ORIENTED_EDGE('',*,*,#6131,.F.);
#8283=ORIENTED_EDGE('',*,*,#6105,.F.);
#8284=ORIENTED_EDGE('',*,*,#6135,.T.);
#8285=ORIENTED_EDGE('',*,*,#6136,.F.);
#8286=ORIENTED_EDGE('',*,*,#6133,.F.);
#8287=ORIENTED_EDGE('',*,*,#6107,.F.);
#8288=ORIENTED_EDGE('',*,*,#6127,.F.);
#8289=ORIENTED_EDGE('',*,*,#6125,.F.);
#8290=ORIENTED_EDGE('',*,*,#6122,.F.);
#8291=ORIENTED_EDGE('',*,*,#6119,.F.);
#8292=ORIENTED_EDGE('',*,*,#6116,.F.);
#8293=ORIENTED_EDGE('',*,*,#6113,.F.);
#8294=ORIENTED_EDGE('',*,*,#6110,.F.);
#8295=ORIENTED_EDGE('',*,*,#6137,.T.);
#8296=ORIENTED_EDGE('',*,*,#6138,.T.);
#8297=ORIENTED_EDGE('',*,*,#6139,.T.);
#8298=ORIENTED_EDGE('',*,*,#6140,.T.);
#8299=ORIENTED_EDGE('',*,*,#6141,.T.);
#8300=ORIENTED_EDGE('',*,*,#6142,.T.);
#8301=ORIENTED_EDGE('',*,*,#6143,.T.);
#8302=ORIENTED_EDGE('',*,*,#6136,.T.);
#8303=ORIENTED_EDGE('',*,*,#6144,.T.);
#8304=ORIENTED_EDGE('',*,*,#6145,.T.);
#8305=ORIENTED_EDGE('',*,*,#6141,.F.);
#8306=ORIENTED_EDGE('',*,*,#6146,.T.);
#8307=ORIENTED_EDGE('',*,*,#6147,.T.);
#8308=ORIENTED_EDGE('',*,*,#6148,.T.);
#8309=ORIENTED_EDGE('',*,*,#6144,.F.);
#8310=ORIENTED_EDGE('',*,*,#6149,.T.);
#8311=ORIENTED_EDGE('',*,*,#6150,.T.);
#8312=ORIENTED_EDGE('',*,*,#6151,.T.);
#8313=ORIENTED_EDGE('',*,*,#6147,.F.);
#8314=ORIENTED_EDGE('',*,*,#6152,.T.);
#8315=ORIENTED_EDGE('',*,*,#6153,.T.);
#8316=ORIENTED_EDGE('',*,*,#6154,.T.);
#8317=ORIENTED_EDGE('',*,*,#6150,.F.);
#8318=ORIENTED_EDGE('',*,*,#6155,.T.);
#8319=ORIENTED_EDGE('',*,*,#6156,.T.);
#8320=ORIENTED_EDGE('',*,*,#6157,.T.);
#8321=ORIENTED_EDGE('',*,*,#6153,.F.);
#8322=ORIENTED_EDGE('',*,*,#6129,.T.);
#8323=ORIENTED_EDGE('',*,*,#6158,.T.);
#8324=ORIENTED_EDGE('',*,*,#6159,.T.);
#8325=ORIENTED_EDGE('',*,*,#6156,.F.);
#8326=ORIENTED_EDGE('',*,*,#6132,.T.);
#8327=ORIENTED_EDGE('',*,*,#6143,.F.);
#8328=ORIENTED_EDGE('',*,*,#6160,.T.);
#8329=ORIENTED_EDGE('',*,*,#6158,.F.);
#8330=ORIENTED_EDGE('',*,*,#6134,.T.);
#8331=ORIENTED_EDGE('',*,*,#6115,.F.);
#8332=ORIENTED_EDGE('',*,*,#6161,.T.);
#8333=ORIENTED_EDGE('',*,*,#6152,.F.);
#8334=ORIENTED_EDGE('',*,*,#6162,.F.);
#8335=ORIENTED_EDGE('',*,*,#6112,.F.);
#8336=ORIENTED_EDGE('',*,*,#6162,.T.);
#8337=ORIENTED_EDGE('',*,*,#6149,.F.);
#8338=ORIENTED_EDGE('',*,*,#6163,.F.);
#8339=ORIENTED_EDGE('',*,*,#6109,.F.);
#8340=ORIENTED_EDGE('',*,*,#6163,.T.);
#8341=ORIENTED_EDGE('',*,*,#6146,.F.);
#8342=ORIENTED_EDGE('',*,*,#6135,.F.);
#8343=ORIENTED_EDGE('',*,*,#6142,.F.);
#8344=ORIENTED_EDGE('',*,*,#6145,.F.);
#8345=ORIENTED_EDGE('',*,*,#6148,.F.);
#8346=ORIENTED_EDGE('',*,*,#6151,.F.);
#8347=ORIENTED_EDGE('',*,*,#6154,.F.);
#8348=ORIENTED_EDGE('',*,*,#6157,.F.);
#8349=ORIENTED_EDGE('',*,*,#6159,.F.);
#8350=ORIENTED_EDGE('',*,*,#6160,.F.);
#8351=ORIENTED_EDGE('',*,*,#6164,.T.);
#8352=ORIENTED_EDGE('',*,*,#6165,.T.);
#8353=ORIENTED_EDGE('',*,*,#6166,.T.);
#8354=ORIENTED_EDGE('',*,*,#6167,.T.);
#8355=ORIENTED_EDGE('',*,*,#6137,.F.);
#8356=ORIENTED_EDGE('',*,*,#6168,.T.);
#8357=ORIENTED_EDGE('',*,*,#6164,.F.);
#8358=ORIENTED_EDGE('',*,*,#6169,.F.);
#8359=ORIENTED_EDGE('',*,*,#6140,.F.);
#8360=ORIENTED_EDGE('',*,*,#6170,.T.);
#8361=ORIENTED_EDGE('',*,*,#6165,.F.);
#8362=ORIENTED_EDGE('',*,*,#6168,.F.);
#8363=ORIENTED_EDGE('',*,*,#6139,.F.);
#8364=ORIENTED_EDGE('',*,*,#6171,.T.);
#8365=ORIENTED_EDGE('',*,*,#6166,.F.);
#8366=ORIENTED_EDGE('',*,*,#6170,.F.);
#8367=ORIENTED_EDGE('',*,*,#6138,.F.);
#8368=ORIENTED_EDGE('',*,*,#6169,.T.);
#8369=ORIENTED_EDGE('',*,*,#6167,.F.);
#8370=ORIENTED_EDGE('',*,*,#6171,.F.);
#8371=ORIENTED_EDGE('',*,*,#6118,.F.);
#8372=ORIENTED_EDGE('',*,*,#6130,.T.);
#8373=ORIENTED_EDGE('',*,*,#6155,.F.);
#8374=ORIENTED_EDGE('',*,*,#6161,.F.);
#8375=ORIENTED_EDGE('',*,*,#6172,.F.);
#8376=ORIENTED_EDGE('',*,*,#6173,.T.);
#8377=ORIENTED_EDGE('',*,*,#6174,.F.);
#8378=ORIENTED_EDGE('',*,*,#6175,.F.);
#8379=ORIENTED_EDGE('',*,*,#6176,.F.);
#8380=ORIENTED_EDGE('',*,*,#6175,.T.);
#8381=ORIENTED_EDGE('',*,*,#6177,.F.);
#8382=ORIENTED_EDGE('',*,*,#6178,.F.);
#8383=ORIENTED_EDGE('',*,*,#6179,.F.);
#8384=ORIENTED_EDGE('',*,*,#6178,.T.);
#8385=ORIENTED_EDGE('',*,*,#6180,.F.);
#8386=ORIENTED_EDGE('',*,*,#6181,.F.);
#8387=ORIENTED_EDGE('',*,*,#6182,.F.);
#8388=ORIENTED_EDGE('',*,*,#6181,.T.);
#8389=ORIENTED_EDGE('',*,*,#6183,.F.);
#8390=ORIENTED_EDGE('',*,*,#6173,.F.);
#8391=ORIENTED_EDGE('',*,*,#6182,.T.);
#8392=ORIENTED_EDGE('',*,*,#6172,.T.);
#8393=ORIENTED_EDGE('',*,*,#6176,.T.);
#8394=ORIENTED_EDGE('',*,*,#6179,.T.);
#8395=ORIENTED_EDGE('',*,*,#6183,.T.);
#8396=ORIENTED_EDGE('',*,*,#6180,.T.);
#8397=ORIENTED_EDGE('',*,*,#6177,.T.);
#8398=ORIENTED_EDGE('',*,*,#6174,.T.);
#8399=ORIENTED_EDGE('',*,*,#6184,.T.);
#8400=ORIENTED_EDGE('',*,*,#6185,.T.);
#8401=ORIENTED_EDGE('',*,*,#6186,.F.);
#8402=ORIENTED_EDGE('',*,*,#6187,.F.);
#8403=ORIENTED_EDGE('',*,*,#6188,.T.);
#8404=ORIENTED_EDGE('',*,*,#6187,.T.);
#8405=ORIENTED_EDGE('',*,*,#6189,.F.);
#8406=ORIENTED_EDGE('',*,*,#6190,.F.);
#8407=ORIENTED_EDGE('',*,*,#6191,.T.);
#8408=ORIENTED_EDGE('',*,*,#6190,.T.);
#8409=ORIENTED_EDGE('',*,*,#6192,.F.);
#8410=ORIENTED_EDGE('',*,*,#6193,.F.);
#8411=ORIENTED_EDGE('',*,*,#6194,.T.);
#8412=ORIENTED_EDGE('',*,*,#6193,.T.);
#8413=ORIENTED_EDGE('',*,*,#6195,.F.);
#8414=ORIENTED_EDGE('',*,*,#6185,.F.);
#8415=ORIENTED_EDGE('',*,*,#6195,.T.);
#8416=ORIENTED_EDGE('',*,*,#6192,.T.);
#8417=ORIENTED_EDGE('',*,*,#6189,.T.);
#8418=ORIENTED_EDGE('',*,*,#6186,.T.);
#8419=ORIENTED_EDGE('',*,*,#6194,.F.);
#8420=ORIENTED_EDGE('',*,*,#6184,.F.);
#8421=ORIENTED_EDGE('',*,*,#6188,.F.);
#8422=ORIENTED_EDGE('',*,*,#6191,.F.);
#8423=ORIENTED_EDGE('',*,*,#6196,.T.);
#8424=ORIENTED_EDGE('',*,*,#6197,.T.);
#8425=ORIENTED_EDGE('',*,*,#6198,.F.);
#8426=ORIENTED_EDGE('',*,*,#6199,.F.);
#8427=ORIENTED_EDGE('',*,*,#6200,.T.);
#8428=ORIENTED_EDGE('',*,*,#6199,.T.);
#8429=ORIENTED_EDGE('',*,*,#6201,.F.);
#8430=ORIENTED_EDGE('',*,*,#6202,.F.);
#8431=ORIENTED_EDGE('',*,*,#6203,.T.);
#8432=ORIENTED_EDGE('',*,*,#6202,.T.);
#8433=ORIENTED_EDGE('',*,*,#6204,.F.);
#8434=ORIENTED_EDGE('',*,*,#6205,.F.);
#8435=ORIENTED_EDGE('',*,*,#6206,.T.);
#8436=ORIENTED_EDGE('',*,*,#6205,.T.);
#8437=ORIENTED_EDGE('',*,*,#6207,.F.);
#8438=ORIENTED_EDGE('',*,*,#6197,.F.);
#8439=ORIENTED_EDGE('',*,*,#6207,.T.);
#8440=ORIENTED_EDGE('',*,*,#6204,.T.);
#8441=ORIENTED_EDGE('',*,*,#6201,.T.);
#8442=ORIENTED_EDGE('',*,*,#6198,.T.);
#8443=ORIENTED_EDGE('',*,*,#6206,.F.);
#8444=ORIENTED_EDGE('',*,*,#6196,.F.);
#8445=ORIENTED_EDGE('',*,*,#6200,.F.);
#8446=ORIENTED_EDGE('',*,*,#6203,.F.);
#8447=ORIENTED_EDGE('',*,*,#6208,.T.);
#8448=ORIENTED_EDGE('',*,*,#6209,.T.);
#8449=ORIENTED_EDGE('',*,*,#6210,.T.);
#8450=ORIENTED_EDGE('',*,*,#6211,.T.);
#8451=ORIENTED_EDGE('',*,*,#6212,.T.);
#8452=ORIENTED_EDGE('',*,*,#6213,.T.);
#8453=ORIENTED_EDGE('',*,*,#6214,.T.);
#8454=ORIENTED_EDGE('',*,*,#6215,.T.);
#8455=ORIENTED_EDGE('',*,*,#6216,.T.);
#8456=ORIENTED_EDGE('',*,*,#6217,.T.);
#8457=ORIENTED_EDGE('',*,*,#6218,.T.);
#8458=ORIENTED_EDGE('',*,*,#6219,.T.);
#8459=ORIENTED_EDGE('',*,*,#6220,.F.);
#8460=ORIENTED_EDGE('',*,*,#6221,.T.);
#8461=ORIENTED_EDGE('',*,*,#6222,.T.);
#8462=ORIENTED_EDGE('',*,*,#6223,.F.);
#8463=ORIENTED_EDGE('',*,*,#6224,.F.);
#8464=ORIENTED_EDGE('',*,*,#6225,.F.);
#8465=ORIENTED_EDGE('',*,*,#6226,.T.);
#8466=ORIENTED_EDGE('',*,*,#6221,.F.);
#8467=ORIENTED_EDGE('',*,*,#6227,.T.);
#8468=ORIENTED_EDGE('',*,*,#6228,.T.);
#8469=ORIENTED_EDGE('',*,*,#6229,.T.);
#8470=ORIENTED_EDGE('',*,*,#6209,.F.);
#8471=ORIENTED_EDGE('',*,*,#6220,.T.);
#8472=ORIENTED_EDGE('',*,*,#6219,.F.);
#8473=ORIENTED_EDGE('',*,*,#6230,.F.);
#8474=ORIENTED_EDGE('',*,*,#6231,.T.);
#8475=ORIENTED_EDGE('',*,*,#6226,.F.);
#8476=ORIENTED_EDGE('',*,*,#6232,.F.);
#8477=ORIENTED_EDGE('',*,*,#6233,.F.);
#8478=ORIENTED_EDGE('',*,*,#6234,.T.);
#8479=ORIENTED_EDGE('',*,*,#6235,.F.);
#8480=ORIENTED_EDGE('',*,*,#6236,.T.);
#8481=ORIENTED_EDGE('',*,*,#6237,.F.);
#8482=ORIENTED_EDGE('',*,*,#6238,.F.);
#8483=ORIENTED_EDGE('',*,*,#6239,.F.);
#8484=ORIENTED_EDGE('',*,*,#6240,.F.);
#8485=ORIENTED_EDGE('',*,*,#6241,.F.);
#8486=ORIENTED_EDGE('',*,*,#6232,.T.);
#8487=ORIENTED_EDGE('',*,*,#6208,.F.);
#8488=ORIENTED_EDGE('',*,*,#6223,.T.);
#8489=ORIENTED_EDGE('',*,*,#6242,.T.);
#8490=ORIENTED_EDGE('',*,*,#6243,.T.);
#8491=ORIENTED_EDGE('',*,*,#6242,.F.);
#8492=ORIENTED_EDGE('',*,*,#6244,.T.);
#8493=ORIENTED_EDGE('',*,*,#6245,.T.);
#8494=ORIENTED_EDGE('',*,*,#6246,.T.);
#8495=ORIENTED_EDGE('',*,*,#6247,.T.);
#8496=ORIENTED_EDGE('',*,*,#6248,.T.);
#8497=ORIENTED_EDGE('',*,*,#6249,.T.);
#8498=ORIENTED_EDGE('',*,*,#6240,.T.);
#8499=ORIENTED_EDGE('',*,*,#6250,.F.);
#8500=ORIENTED_EDGE('',*,*,#6251,.T.);
#8501=ORIENTED_EDGE('',*,*,#6252,.T.);
#8502=ORIENTED_EDGE('',*,*,#6253,.F.);
#8503=ORIENTED_EDGE('',*,*,#6234,.F.);
#8504=ORIENTED_EDGE('',*,*,#6254,.F.);
#8505=ORIENTED_EDGE('',*,*,#6255,.T.);
#8506=ORIENTED_EDGE('',*,*,#6256,.F.);
#8507=ORIENTED_EDGE('',*,*,#6251,.F.);
#8508=ORIENTED_EDGE('',*,*,#6233,.T.);
#8509=ORIENTED_EDGE('',*,*,#6241,.T.);
#8510=ORIENTED_EDGE('',*,*,#6249,.F.);
#8511=ORIENTED_EDGE('',*,*,#6257,.F.);
#8512=ORIENTED_EDGE('',*,*,#6258,.F.);
#8513=ORIENTED_EDGE('',*,*,#6259,.F.);
#8514=ORIENTED_EDGE('',*,*,#6260,.T.);
#8515=ORIENTED_EDGE('',*,*,#6254,.T.);
#8516=ORIENTED_EDGE('',*,*,#6250,.T.);
#8517=ORIENTED_EDGE('',*,*,#6247,.F.);
#8518=ORIENTED_EDGE('',*,*,#6261,.T.);
#8519=ORIENTED_EDGE('',*,*,#6235,.T.);
#8520=ORIENTED_EDGE('',*,*,#6246,.F.);
#8521=ORIENTED_EDGE('',*,*,#6262,.T.);
#8522=ORIENTED_EDGE('',*,*,#6263,.T.);
#8523=ORIENTED_EDGE('',*,*,#6264,.T.);
#8524=ORIENTED_EDGE('',*,*,#6265,.T.);
#8525=ORIENTED_EDGE('',*,*,#6224,.T.);
#8526=ORIENTED_EDGE('',*,*,#6231,.F.);
#8527=ORIENTED_EDGE('',*,*,#6266,.F.);
#8528=ORIENTED_EDGE('',*,*,#6267,.F.);
#8529=ORIENTED_EDGE('',*,*,#6268,.F.);
#8530=ORIENTED_EDGE('',*,*,#6269,.T.);
#8531=ORIENTED_EDGE('',*,*,#6270,.T.);
#8532=ORIENTED_EDGE('',*,*,#6271,.T.);
#8533=ORIENTED_EDGE('',*,*,#6272,.F.);
#8534=ORIENTED_EDGE('',*,*,#6273,.F.);
#8535=ORIENTED_EDGE('',*,*,#6274,.F.);
#8536=ORIENTED_EDGE('',*,*,#6228,.F.);
#8537=ORIENTED_EDGE('',*,*,#6275,.F.);
#8538=ORIENTED_EDGE('',*,*,#6276,.T.);
#8539=ORIENTED_EDGE('',*,*,#6277,.T.);
#8540=ORIENTED_EDGE('',*,*,#6278,.T.);
#8541=ORIENTED_EDGE('',*,*,#6279,.T.);
#8542=ORIENTED_EDGE('',*,*,#6258,.T.);
#8543=ORIENTED_EDGE('',*,*,#6236,.F.);
#8544=ORIENTED_EDGE('',*,*,#6280,.F.);
#8545=ORIENTED_EDGE('',*,*,#6281,.F.);
#8546=ORIENTED_EDGE('',*,*,#6282,.T.);
#8547=ORIENTED_EDGE('',*,*,#6283,.F.);
#8548=ORIENTED_EDGE('',*,*,#6281,.T.);
#8549=ORIENTED_EDGE('',*,*,#6284,.T.);
#8550=ORIENTED_EDGE('',*,*,#6264,.F.);
#8551=ORIENTED_EDGE('',*,*,#6285,.F.);
#8552=ORIENTED_EDGE('',*,*,#6286,.F.);
#8553=ORIENTED_EDGE('',*,*,#6287,.T.);
#8554=ORIENTED_EDGE('',*,*,#6263,.F.);
#8555=ORIENTED_EDGE('',*,*,#6288,.T.);
#8556=ORIENTED_EDGE('',*,*,#6289,.T.);
#8557=ORIENTED_EDGE('',*,*,#6290,.T.);
#8558=ORIENTED_EDGE('',*,*,#6291,.T.);
#8559=ORIENTED_EDGE('',*,*,#6285,.T.);
#8560=ORIENTED_EDGE('',*,*,#6255,.F.);
#8561=ORIENTED_EDGE('',*,*,#6260,.F.);
#8562=ORIENTED_EDGE('',*,*,#6292,.F.);
#8563=ORIENTED_EDGE('',*,*,#6293,.F.);
#8564=ORIENTED_EDGE('',*,*,#6294,.F.);
#8565=ORIENTED_EDGE('',*,*,#6295,.F.);
#8566=ORIENTED_EDGE('',*,*,#6296,.F.);
#8567=ORIENTED_EDGE('',*,*,#6297,.T.);
#8568=ORIENTED_EDGE('',*,*,#6298,.F.);
#8569=ORIENTED_EDGE('',*,*,#6299,.F.);
#8570=ORIENTED_EDGE('',*,*,#6300,.F.);
#8571=ORIENTED_EDGE('',*,*,#6301,.F.);
#8572=ORIENTED_EDGE('',*,*,#6302,.F.);
#8573=ORIENTED_EDGE('',*,*,#6303,.F.);
#8574=ORIENTED_EDGE('',*,*,#6304,.F.);
#8575=ORIENTED_EDGE('',*,*,#6303,.T.);
#8576=ORIENTED_EDGE('',*,*,#6305,.F.);
#8577=ORIENTED_EDGE('',*,*,#6297,.F.);
#8578=ORIENTED_EDGE('',*,*,#6306,.F.);
#8579=ORIENTED_EDGE('',*,*,#6307,.F.);
#8580=ORIENTED_EDGE('',*,*,#6308,.F.);
#8581=ORIENTED_EDGE('',*,*,#6309,.F.);
#8582=ORIENTED_EDGE('',*,*,#6310,.F.);
#8583=ORIENTED_EDGE('',*,*,#6309,.T.);
#8584=ORIENTED_EDGE('',*,*,#6311,.F.);
#8585=ORIENTED_EDGE('',*,*,#6312,.F.);
#8586=ORIENTED_EDGE('',*,*,#6313,.F.);
#8587=ORIENTED_EDGE('',*,*,#6312,.T.);
#8588=ORIENTED_EDGE('',*,*,#6314,.F.);
#8589=ORIENTED_EDGE('',*,*,#6315,.F.);
#8590=ORIENTED_EDGE('',*,*,#6316,.F.);
#8591=ORIENTED_EDGE('',*,*,#6317,.F.);
#8592=ORIENTED_EDGE('',*,*,#6318,.F.);
#8593=ORIENTED_EDGE('',*,*,#6319,.F.);
#8594=ORIENTED_EDGE('',*,*,#6320,.F.);
#8595=ORIENTED_EDGE('',*,*,#6319,.T.);
#8596=ORIENTED_EDGE('',*,*,#6321,.F.);
#8597=ORIENTED_EDGE('',*,*,#6322,.F.);
#8598=ORIENTED_EDGE('',*,*,#6323,.F.);
#8599=ORIENTED_EDGE('',*,*,#6322,.T.);
#8600=ORIENTED_EDGE('',*,*,#6324,.F.);
#8601=ORIENTED_EDGE('',*,*,#6325,.F.);
#8602=ORIENTED_EDGE('',*,*,#6326,.F.);
#8603=ORIENTED_EDGE('',*,*,#6327,.T.);
#8604=ORIENTED_EDGE('',*,*,#6328,.F.);
#8605=ORIENTED_EDGE('',*,*,#6329,.F.);
#8606=ORIENTED_EDGE('',*,*,#6330,.F.);
#8607=ORIENTED_EDGE('',*,*,#6331,.F.);
#8608=ORIENTED_EDGE('',*,*,#6332,.F.);
#8609=ORIENTED_EDGE('',*,*,#6333,.F.);
#8610=ORIENTED_EDGE('',*,*,#6334,.F.);
#8611=ORIENTED_EDGE('',*,*,#6333,.T.);
#8612=ORIENTED_EDGE('',*,*,#6335,.F.);
#8613=ORIENTED_EDGE('',*,*,#6327,.F.);
#8614=ORIENTED_EDGE('',*,*,#6336,.F.);
#8615=ORIENTED_EDGE('',*,*,#6337,.F.);
#8616=ORIENTED_EDGE('',*,*,#6338,.F.);
#8617=ORIENTED_EDGE('',*,*,#6339,.F.);
#8618=ORIENTED_EDGE('',*,*,#6340,.F.);
#8619=ORIENTED_EDGE('',*,*,#6339,.T.);
#8620=ORIENTED_EDGE('',*,*,#6341,.F.);
#8621=ORIENTED_EDGE('',*,*,#6342,.F.);
#8622=ORIENTED_EDGE('',*,*,#6343,.F.);
#8623=ORIENTED_EDGE('',*,*,#6342,.T.);
#8624=ORIENTED_EDGE('',*,*,#6344,.F.);
#8625=ORIENTED_EDGE('',*,*,#6345,.F.);
#8626=ORIENTED_EDGE('',*,*,#6346,.F.);
#8627=ORIENTED_EDGE('',*,*,#6347,.F.);
#8628=ORIENTED_EDGE('',*,*,#6348,.F.);
#8629=ORIENTED_EDGE('',*,*,#6349,.F.);
#8630=ORIENTED_EDGE('',*,*,#6350,.F.);
#8631=ORIENTED_EDGE('',*,*,#6349,.T.);
#8632=ORIENTED_EDGE('',*,*,#6351,.F.);
#8633=ORIENTED_EDGE('',*,*,#6352,.F.);
#8634=ORIENTED_EDGE('',*,*,#6353,.F.);
#8635=ORIENTED_EDGE('',*,*,#6352,.T.);
#8636=ORIENTED_EDGE('',*,*,#6354,.F.);
#8637=ORIENTED_EDGE('',*,*,#6355,.F.);
#8638=ORIENTED_EDGE('',*,*,#6356,.F.);
#8639=ORIENTED_EDGE('',*,*,#6357,.T.);
#8640=ORIENTED_EDGE('',*,*,#6358,.F.);
#8641=ORIENTED_EDGE('',*,*,#6359,.F.);
#8642=ORIENTED_EDGE('',*,*,#6360,.F.);
#8643=ORIENTED_EDGE('',*,*,#6361,.F.);
#8644=ORIENTED_EDGE('',*,*,#6362,.F.);
#8645=ORIENTED_EDGE('',*,*,#6363,.F.);
#8646=ORIENTED_EDGE('',*,*,#6364,.F.);
#8647=ORIENTED_EDGE('',*,*,#6363,.T.);
#8648=ORIENTED_EDGE('',*,*,#6365,.F.);
#8649=ORIENTED_EDGE('',*,*,#6357,.F.);
#8650=ORIENTED_EDGE('',*,*,#6366,.F.);
#8651=ORIENTED_EDGE('',*,*,#6367,.F.);
#8652=ORIENTED_EDGE('',*,*,#6368,.F.);
#8653=ORIENTED_EDGE('',*,*,#6369,.F.);
#8654=ORIENTED_EDGE('',*,*,#6370,.F.);
#8655=ORIENTED_EDGE('',*,*,#6369,.T.);
#8656=ORIENTED_EDGE('',*,*,#6371,.F.);
#8657=ORIENTED_EDGE('',*,*,#6372,.F.);
#8658=ORIENTED_EDGE('',*,*,#6373,.F.);
#8659=ORIENTED_EDGE('',*,*,#6372,.T.);
#8660=ORIENTED_EDGE('',*,*,#6374,.F.);
#8661=ORIENTED_EDGE('',*,*,#6375,.F.);
#8662=ORIENTED_EDGE('',*,*,#6376,.F.);
#8663=ORIENTED_EDGE('',*,*,#6377,.T.);
#8664=ORIENTED_EDGE('',*,*,#6378,.F.);
#8665=ORIENTED_EDGE('',*,*,#6379,.F.);
#8666=ORIENTED_EDGE('',*,*,#6380,.F.);
#8667=ORIENTED_EDGE('',*,*,#6381,.F.);
#8668=ORIENTED_EDGE('',*,*,#6382,.F.);
#8669=ORIENTED_EDGE('',*,*,#6383,.F.);
#8670=ORIENTED_EDGE('',*,*,#6384,.F.);
#8671=ORIENTED_EDGE('',*,*,#6383,.T.);
#8672=ORIENTED_EDGE('',*,*,#6385,.F.);
#8673=ORIENTED_EDGE('',*,*,#6377,.F.);
#8674=ORIENTED_EDGE('',*,*,#6386,.F.);
#8675=ORIENTED_EDGE('',*,*,#6387,.T.);
#8676=ORIENTED_EDGE('',*,*,#6388,.F.);
#8677=ORIENTED_EDGE('',*,*,#6389,.F.);
#8678=ORIENTED_EDGE('',*,*,#6390,.F.);
#8679=ORIENTED_EDGE('',*,*,#6391,.F.);
#8680=ORIENTED_EDGE('',*,*,#6392,.F.);
#8681=ORIENTED_EDGE('',*,*,#6393,.F.);
#8682=ORIENTED_EDGE('',*,*,#6394,.F.);
#8683=ORIENTED_EDGE('',*,*,#6393,.T.);
#8684=ORIENTED_EDGE('',*,*,#6395,.F.);
#8685=ORIENTED_EDGE('',*,*,#6387,.F.);
#8686=ORIENTED_EDGE('',*,*,#6300,.T.);
#8687=ORIENTED_EDGE('',*,*,#6304,.T.);
#8688=ORIENTED_EDGE('',*,*,#6296,.T.);
#8689=ORIENTED_EDGE('',*,*,#6396,.F.);
#8690=ORIENTED_EDGE('',*,*,#6390,.T.);
#8691=ORIENTED_EDGE('',*,*,#6394,.T.);
#8692=ORIENTED_EDGE('',*,*,#6386,.T.);
#8693=ORIENTED_EDGE('',*,*,#6397,.F.);
#8694=ORIENTED_EDGE('',*,*,#6398,.F.);
#8695=ORIENTED_EDGE('',*,*,#6399,.F.);
#8696=ORIENTED_EDGE('',*,*,#6400,.F.);
#8697=ORIENTED_EDGE('',*,*,#6401,.F.);
#8698=ORIENTED_EDGE('',*,*,#6402,.F.);
#8699=ORIENTED_EDGE('',*,*,#6403,.F.);
#8700=ORIENTED_EDGE('',*,*,#6366,.T.);
#8701=ORIENTED_EDGE('',*,*,#6370,.T.);
#8702=ORIENTED_EDGE('',*,*,#6373,.T.);
#8703=ORIENTED_EDGE('',*,*,#6404,.F.);
#8704=ORIENTED_EDGE('',*,*,#6316,.T.);
#8705=ORIENTED_EDGE('',*,*,#6320,.T.);
#8706=ORIENTED_EDGE('',*,*,#6323,.T.);
#8707=ORIENTED_EDGE('',*,*,#6405,.F.);
#8708=ORIENTED_EDGE('',*,*,#6330,.T.);
#8709=ORIENTED_EDGE('',*,*,#6334,.T.);
#8710=ORIENTED_EDGE('',*,*,#6326,.T.);
#8711=ORIENTED_EDGE('',*,*,#6406,.F.);
#8712=ORIENTED_EDGE('',*,*,#6360,.T.);
#8713=ORIENTED_EDGE('',*,*,#6364,.T.);
#8714=ORIENTED_EDGE('',*,*,#6356,.T.);
#8715=ORIENTED_EDGE('',*,*,#6407,.F.);
#8716=ORIENTED_EDGE('',*,*,#6346,.T.);
#8717=ORIENTED_EDGE('',*,*,#6350,.T.);
#8718=ORIENTED_EDGE('',*,*,#6353,.T.);
#8719=ORIENTED_EDGE('',*,*,#6408,.F.);
#8720=ORIENTED_EDGE('',*,*,#6336,.T.);
#8721=ORIENTED_EDGE('',*,*,#6340,.T.);
#8722=ORIENTED_EDGE('',*,*,#6343,.T.);
#8723=ORIENTED_EDGE('',*,*,#6409,.F.);
#8724=ORIENTED_EDGE('',*,*,#6306,.T.);
#8725=ORIENTED_EDGE('',*,*,#6310,.T.);
#8726=ORIENTED_EDGE('',*,*,#6313,.T.);
#8727=ORIENTED_EDGE('',*,*,#6410,.F.);
#8728=ORIENTED_EDGE('',*,*,#6380,.T.);
#8729=ORIENTED_EDGE('',*,*,#6384,.T.);
#8730=ORIENTED_EDGE('',*,*,#6376,.T.);
#8731=ORIENTED_EDGE('',*,*,#6411,.F.);
#8732=ORIENTED_EDGE('',*,*,#6389,.T.);
#8733=ORIENTED_EDGE('',*,*,#6412,.F.);
#8734=ORIENTED_EDGE('',*,*,#6413,.F.);
#8735=ORIENTED_EDGE('',*,*,#6397,.T.);
#8736=ORIENTED_EDGE('',*,*,#6367,.T.);
#8737=ORIENTED_EDGE('',*,*,#6403,.T.);
#8738=ORIENTED_EDGE('',*,*,#6414,.F.);
#8739=ORIENTED_EDGE('',*,*,#6415,.F.);
#8740=ORIENTED_EDGE('',*,*,#6347,.T.);
#8741=ORIENTED_EDGE('',*,*,#6407,.T.);
#8742=ORIENTED_EDGE('',*,*,#6359,.T.);
#8743=ORIENTED_EDGE('',*,*,#6416,.F.);
#8744=ORIENTED_EDGE('',*,*,#6315,.T.);
#8745=ORIENTED_EDGE('',*,*,#6417,.F.);
#8746=ORIENTED_EDGE('',*,*,#6381,.T.);
#8747=ORIENTED_EDGE('',*,*,#6410,.T.);
#8748=ORIENTED_EDGE('',*,*,#6337,.T.);
#8749=ORIENTED_EDGE('',*,*,#6408,.T.);
#8750=ORIENTED_EDGE('',*,*,#6355,.T.);
#8751=ORIENTED_EDGE('',*,*,#6418,.F.);
#8752=ORIENTED_EDGE('',*,*,#6329,.T.);
#8753=ORIENTED_EDGE('',*,*,#6419,.F.);
#8754=ORIENTED_EDGE('',*,*,#6361,.T.);
#8755=ORIENTED_EDGE('',*,*,#6406,.T.);
#8756=ORIENTED_EDGE('',*,*,#6325,.T.);
#8757=ORIENTED_EDGE('',*,*,#6420,.F.);
#8758=ORIENTED_EDGE('',*,*,#6331,.T.);
#8759=ORIENTED_EDGE('',*,*,#6405,.T.);
#8760=ORIENTED_EDGE('',*,*,#6317,.T.);
#8761=ORIENTED_EDGE('',*,*,#6404,.T.);
#8762=ORIENTED_EDGE('',*,*,#6375,.T.);
#8763=ORIENTED_EDGE('',*,*,#6421,.F.);
#8764=ORIENTED_EDGE('',*,*,#6307,.T.);
#8765=ORIENTED_EDGE('',*,*,#6409,.T.);
#8766=ORIENTED_EDGE('',*,*,#6345,.T.);
#8767=ORIENTED_EDGE('',*,*,#6422,.F.);
#8768=ORIENTED_EDGE('',*,*,#6299,.T.);
#8769=ORIENTED_EDGE('',*,*,#6423,.F.);
#8770=ORIENTED_EDGE('',*,*,#6391,.T.);
#8771=ORIENTED_EDGE('',*,*,#6396,.T.);
#8772=ORIENTED_EDGE('',*,*,#6301,.T.);
#8773=ORIENTED_EDGE('',*,*,#6411,.T.);
#8774=ORIENTED_EDGE('',*,*,#6379,.T.);
#8775=ORIENTED_EDGE('',*,*,#6424,.F.);
#8776=ORIENTED_EDGE('',*,*,#6398,.T.);
#8777=ORIENTED_EDGE('',*,*,#6413,.T.);
#8778=ORIENTED_EDGE('',*,*,#6425,.T.);
#8779=ORIENTED_EDGE('',*,*,#6426,.T.);
#8780=ORIENTED_EDGE('',*,*,#6427,.F.);
#8781=ORIENTED_EDGE('',*,*,#6428,.T.);
#8782=ORIENTED_EDGE('',*,*,#6429,.F.);
#8783=ORIENTED_EDGE('',*,*,#6430,.F.);
#8784=ORIENTED_EDGE('',*,*,#6412,.T.);
#8785=ORIENTED_EDGE('',*,*,#6388,.T.);
#8786=ORIENTED_EDGE('',*,*,#6395,.T.);
#8787=ORIENTED_EDGE('',*,*,#6392,.T.);
#8788=ORIENTED_EDGE('',*,*,#6423,.T.);
#8789=ORIENTED_EDGE('',*,*,#6298,.T.);
#8790=ORIENTED_EDGE('',*,*,#6305,.T.);
#8791=ORIENTED_EDGE('',*,*,#6302,.T.);
#8792=ORIENTED_EDGE('',*,*,#6424,.T.);
#8793=ORIENTED_EDGE('',*,*,#6378,.T.);
#8794=ORIENTED_EDGE('',*,*,#6385,.T.);
#8795=ORIENTED_EDGE('',*,*,#6382,.T.);
#8796=ORIENTED_EDGE('',*,*,#6417,.T.);
#8797=ORIENTED_EDGE('',*,*,#6314,.T.);
#8798=ORIENTED_EDGE('',*,*,#6311,.T.);
#8799=ORIENTED_EDGE('',*,*,#6308,.T.);
#8800=ORIENTED_EDGE('',*,*,#6422,.T.);
#8801=ORIENTED_EDGE('',*,*,#6344,.T.);
#8802=ORIENTED_EDGE('',*,*,#6341,.T.);
#8803=ORIENTED_EDGE('',*,*,#6338,.T.);
#8804=ORIENTED_EDGE('',*,*,#6418,.T.);
#8805=ORIENTED_EDGE('',*,*,#6354,.T.);
#8806=ORIENTED_EDGE('',*,*,#6351,.T.);
#8807=ORIENTED_EDGE('',*,*,#6348,.T.);
#8808=ORIENTED_EDGE('',*,*,#6416,.T.);
#8809=ORIENTED_EDGE('',*,*,#6358,.T.);
#8810=ORIENTED_EDGE('',*,*,#6365,.T.);
#8811=ORIENTED_EDGE('',*,*,#6362,.T.);
#8812=ORIENTED_EDGE('',*,*,#6419,.T.);
#8813=ORIENTED_EDGE('',*,*,#6328,.T.);
#8814=ORIENTED_EDGE('',*,*,#6335,.T.);
#8815=ORIENTED_EDGE('',*,*,#6332,.T.);
#8816=ORIENTED_EDGE('',*,*,#6420,.T.);
#8817=ORIENTED_EDGE('',*,*,#6324,.T.);
#8818=ORIENTED_EDGE('',*,*,#6321,.T.);
#8819=ORIENTED_EDGE('',*,*,#6318,.T.);
#8820=ORIENTED_EDGE('',*,*,#6421,.T.);
#8821=ORIENTED_EDGE('',*,*,#6374,.T.);
#8822=ORIENTED_EDGE('',*,*,#6371,.T.);
#8823=ORIENTED_EDGE('',*,*,#6368,.T.);
#8824=ORIENTED_EDGE('',*,*,#6415,.T.);
#8825=ORIENTED_EDGE('',*,*,#6431,.F.);
#8826=ORIENTED_EDGE('',*,*,#6432,.F.);
#8827=ORIENTED_EDGE('',*,*,#6433,.T.);
#8828=ORIENTED_EDGE('',*,*,#6434,.F.);
#8829=ORIENTED_EDGE('',*,*,#6425,.F.);
#8830=ORIENTED_EDGE('',*,*,#6414,.T.);
#8831=ORIENTED_EDGE('',*,*,#6402,.T.);
#8832=ORIENTED_EDGE('',*,*,#6435,.T.);
#8833=ORIENTED_EDGE('',*,*,#6436,.F.);
#8834=ORIENTED_EDGE('',*,*,#6437,.F.);
#8835=ORIENTED_EDGE('',*,*,#6438,.F.);
#8836=ORIENTED_EDGE('',*,*,#6439,.F.);
#8837=ORIENTED_EDGE('',*,*,#6431,.T.);
#8838=ORIENTED_EDGE('',*,*,#6440,.F.);
#8839=ORIENTED_EDGE('',*,*,#6437,.T.);
#8840=ORIENTED_EDGE('',*,*,#6441,.F.);
#8841=ORIENTED_EDGE('',*,*,#6428,.F.);
#8842=ORIENTED_EDGE('',*,*,#6429,.T.);
#8843=ORIENTED_EDGE('',*,*,#6441,.T.);
#8844=ORIENTED_EDGE('',*,*,#6436,.T.);
#8845=ORIENTED_EDGE('',*,*,#6442,.T.);
#8846=ORIENTED_EDGE('',*,*,#6443,.T.);
#8847=ORIENTED_EDGE('',*,*,#6444,.T.);
#8848=ORIENTED_EDGE('',*,*,#6440,.T.);
#8849=ORIENTED_EDGE('',*,*,#6427,.T.);
#8850=ORIENTED_EDGE('',*,*,#6445,.T.);
#8851=ORIENTED_EDGE('',*,*,#6446,.T.);
#8852=ORIENTED_EDGE('',*,*,#6447,.T.);
#8853=ORIENTED_EDGE('',*,*,#6438,.T.);
#8854=ORIENTED_EDGE('',*,*,#6448,.F.);
#8855=ORIENTED_EDGE('',*,*,#6449,.T.);
#8856=ORIENTED_EDGE('',*,*,#6450,.T.);
#8857=ORIENTED_EDGE('',*,*,#6451,.F.);
#8858=ORIENTED_EDGE('',*,*,#6452,.F.);
#8859=ORIENTED_EDGE('',*,*,#6453,.T.);
#8860=ORIENTED_EDGE('',*,*,#6454,.T.);
#8861=ORIENTED_EDGE('',*,*,#6449,.F.);
#8862=ORIENTED_EDGE('',*,*,#6455,.F.);
#8863=ORIENTED_EDGE('',*,*,#6456,.T.);
#8864=ORIENTED_EDGE('',*,*,#6457,.T.);
#8865=ORIENTED_EDGE('',*,*,#6453,.F.);
#8866=ORIENTED_EDGE('',*,*,#6458,.F.);
#8867=ORIENTED_EDGE('',*,*,#6459,.T.);
#8868=ORIENTED_EDGE('',*,*,#6460,.T.);
#8869=ORIENTED_EDGE('',*,*,#6456,.F.);
#8870=ORIENTED_EDGE('',*,*,#6461,.F.);
#8871=ORIENTED_EDGE('',*,*,#6462,.T.);
#8872=ORIENTED_EDGE('',*,*,#6463,.T.);
#8873=ORIENTED_EDGE('',*,*,#6459,.F.);
#8874=ORIENTED_EDGE('',*,*,#6464,.F.);
#8875=ORIENTED_EDGE('',*,*,#6465,.T.);
#8876=ORIENTED_EDGE('',*,*,#6466,.T.);
#8877=ORIENTED_EDGE('',*,*,#6462,.F.);
#8878=ORIENTED_EDGE('',*,*,#6467,.F.);
#8879=ORIENTED_EDGE('',*,*,#6468,.T.);
#8880=ORIENTED_EDGE('',*,*,#6469,.T.);
#8881=ORIENTED_EDGE('',*,*,#6465,.F.);
#8882=ORIENTED_EDGE('',*,*,#6470,.F.);
#8883=ORIENTED_EDGE('',*,*,#6471,.T.);
#8884=ORIENTED_EDGE('',*,*,#6472,.T.);
#8885=ORIENTED_EDGE('',*,*,#6468,.F.);
#8886=ORIENTED_EDGE('',*,*,#6473,.F.);
#8887=ORIENTED_EDGE('',*,*,#6474,.T.);
#8888=ORIENTED_EDGE('',*,*,#6475,.T.);
#8889=ORIENTED_EDGE('',*,*,#6471,.F.);
#8890=ORIENTED_EDGE('',*,*,#6476,.F.);
#8891=ORIENTED_EDGE('',*,*,#6477,.T.);
#8892=ORIENTED_EDGE('',*,*,#6478,.T.);
#8893=ORIENTED_EDGE('',*,*,#6474,.F.);
#8894=ORIENTED_EDGE('',*,*,#6479,.F.);
#8895=ORIENTED_EDGE('',*,*,#6480,.T.);
#8896=ORIENTED_EDGE('',*,*,#6481,.T.);
#8897=ORIENTED_EDGE('',*,*,#6477,.F.);
#8898=ORIENTED_EDGE('',*,*,#6482,.F.);
#8899=ORIENTED_EDGE('',*,*,#6451,.T.);
#8900=ORIENTED_EDGE('',*,*,#6483,.T.);
#8901=ORIENTED_EDGE('',*,*,#6480,.F.);
#8902=ORIENTED_EDGE('',*,*,#6483,.F.);
#8903=ORIENTED_EDGE('',*,*,#6450,.F.);
#8904=ORIENTED_EDGE('',*,*,#6454,.F.);
#8905=ORIENTED_EDGE('',*,*,#6457,.F.);
#8906=ORIENTED_EDGE('',*,*,#6460,.F.);
#8907=ORIENTED_EDGE('',*,*,#6463,.F.);
#8908=ORIENTED_EDGE('',*,*,#6466,.F.);
#8909=ORIENTED_EDGE('',*,*,#6469,.F.);
#8910=ORIENTED_EDGE('',*,*,#6472,.F.);
#8911=ORIENTED_EDGE('',*,*,#6475,.F.);
#8912=ORIENTED_EDGE('',*,*,#6478,.F.);
#8913=ORIENTED_EDGE('',*,*,#6481,.F.);
#8914=ORIENTED_EDGE('',*,*,#6484,.F.);
#8915=ORIENTED_EDGE('',*,*,#6485,.F.);
#8916=ORIENTED_EDGE('',*,*,#6486,.F.);
#8917=ORIENTED_EDGE('',*,*,#6487,.F.);
#8918=ORIENTED_EDGE('',*,*,#6488,.F.);
#8919=ORIENTED_EDGE('',*,*,#6487,.T.);
#8920=ORIENTED_EDGE('',*,*,#6489,.F.);
#8921=ORIENTED_EDGE('',*,*,#6490,.F.);
#8922=ORIENTED_EDGE('',*,*,#6491,.F.);
#8923=ORIENTED_EDGE('',*,*,#6490,.T.);
#8924=ORIENTED_EDGE('',*,*,#6492,.F.);
#8925=ORIENTED_EDGE('',*,*,#6493,.F.);
#8926=ORIENTED_EDGE('',*,*,#6492,.T.);
#8927=ORIENTED_EDGE('',*,*,#6489,.T.);
#8928=ORIENTED_EDGE('',*,*,#6486,.T.);
#8929=ORIENTED_EDGE('',*,*,#6494,.F.);
#8930=ORIENTED_EDGE('',*,*,#6495,.F.);
#8931=ORIENTED_EDGE('',*,*,#6496,.F.);
#8932=ORIENTED_EDGE('',*,*,#6497,.F.);
#8933=ORIENTED_EDGE('',*,*,#6498,.F.);
#8934=ORIENTED_EDGE('',*,*,#6499,.F.);
#8935=ORIENTED_EDGE('',*,*,#6498,.T.);
#8936=ORIENTED_EDGE('',*,*,#6500,.F.);
#8937=ORIENTED_EDGE('',*,*,#6501,.F.);
#8938=ORIENTED_EDGE('',*,*,#6502,.F.);
#8939=ORIENTED_EDGE('',*,*,#6501,.T.);
#8940=ORIENTED_EDGE('',*,*,#6503,.F.);
#8941=ORIENTED_EDGE('',*,*,#6504,.F.);
#8942=ORIENTED_EDGE('',*,*,#6503,.T.);
#8943=ORIENTED_EDGE('',*,*,#6500,.T.);
#8944=ORIENTED_EDGE('',*,*,#6497,.T.);
#8945=ORIENTED_EDGE('',*,*,#6505,.F.);
#8946=ORIENTED_EDGE('',*,*,#6506,.F.);
#8947=ORIENTED_EDGE('',*,*,#6507,.F.);
#8948=ORIENTED_EDGE('',*,*,#6508,.F.);
#8949=ORIENTED_EDGE('',*,*,#6509,.F.);
#8950=ORIENTED_EDGE('',*,*,#6510,.F.);
#8951=ORIENTED_EDGE('',*,*,#6509,.T.);
#8952=ORIENTED_EDGE('',*,*,#6511,.F.);
#8953=ORIENTED_EDGE('',*,*,#6512,.F.);
#8954=ORIENTED_EDGE('',*,*,#6513,.F.);
#8955=ORIENTED_EDGE('',*,*,#6512,.T.);
#8956=ORIENTED_EDGE('',*,*,#6514,.F.);
#8957=ORIENTED_EDGE('',*,*,#6515,.F.);
#8958=ORIENTED_EDGE('',*,*,#6514,.T.);
#8959=ORIENTED_EDGE('',*,*,#6511,.T.);
#8960=ORIENTED_EDGE('',*,*,#6508,.T.);
#8961=ORIENTED_EDGE('',*,*,#6516,.F.);
#8962=ORIENTED_EDGE('',*,*,#6517,.F.);
#8963=ORIENTED_EDGE('',*,*,#6518,.F.);
#8964=ORIENTED_EDGE('',*,*,#6519,.F.);
#8965=ORIENTED_EDGE('',*,*,#6520,.F.);
#8966=ORIENTED_EDGE('',*,*,#6521,.F.);
#8967=ORIENTED_EDGE('',*,*,#6520,.T.);
#8968=ORIENTED_EDGE('',*,*,#6522,.F.);
#8969=ORIENTED_EDGE('',*,*,#6523,.F.);
#8970=ORIENTED_EDGE('',*,*,#6524,.F.);
#8971=ORIENTED_EDGE('',*,*,#6523,.T.);
#8972=ORIENTED_EDGE('',*,*,#6525,.F.);
#8973=ORIENTED_EDGE('',*,*,#6526,.F.);
#8974=ORIENTED_EDGE('',*,*,#6525,.T.);
#8975=ORIENTED_EDGE('',*,*,#6522,.T.);
#8976=ORIENTED_EDGE('',*,*,#6519,.T.);
#8977=ORIENTED_EDGE('',*,*,#6527,.F.);
#8978=ORIENTED_EDGE('',*,*,#6528,.T.);
#8979=ORIENTED_EDGE('',*,*,#6529,.T.);
#8980=ORIENTED_EDGE('',*,*,#6530,.T.);
#8981=ORIENTED_EDGE('',*,*,#6531,.T.);
#8982=ORIENTED_EDGE('',*,*,#6532,.T.);
#8983=ORIENTED_EDGE('',*,*,#6533,.T.);
#8984=ORIENTED_EDGE('',*,*,#6534,.T.);
#8985=ORIENTED_EDGE('',*,*,#6535,.T.);
#8986=ORIENTED_EDGE('',*,*,#6484,.T.);
#8987=ORIENTED_EDGE('',*,*,#6488,.T.);
#8988=ORIENTED_EDGE('',*,*,#6491,.T.);
#8989=ORIENTED_EDGE('',*,*,#6536,.T.);
#8990=ORIENTED_EDGE('',*,*,#6517,.T.);
#8991=ORIENTED_EDGE('',*,*,#6521,.T.);
#8992=ORIENTED_EDGE('',*,*,#6524,.T.);
#8993=ORIENTED_EDGE('',*,*,#6537,.T.);
#8994=ORIENTED_EDGE('',*,*,#6495,.T.);
#8995=ORIENTED_EDGE('',*,*,#6499,.T.);
#8996=ORIENTED_EDGE('',*,*,#6502,.T.);
#8997=ORIENTED_EDGE('',*,*,#6538,.T.);
#8998=ORIENTED_EDGE('',*,*,#6506,.T.);
#8999=ORIENTED_EDGE('',*,*,#6510,.T.);
#9000=ORIENTED_EDGE('',*,*,#6513,.T.);
#9001=ORIENTED_EDGE('',*,*,#6539,.T.);
#9002=ORIENTED_EDGE('',*,*,#6540,.T.);
#9003=ORIENTED_EDGE('',*,*,#6541,.T.);
#9004=ORIENTED_EDGE('',*,*,#6542,.T.);
#9005=ORIENTED_EDGE('',*,*,#6543,.T.);
#9006=ORIENTED_EDGE('',*,*,#6540,.F.);
#9007=ORIENTED_EDGE('',*,*,#6544,.T.);
#9008=ORIENTED_EDGE('',*,*,#6545,.F.);
#9009=ORIENTED_EDGE('',*,*,#6546,.F.);
#9010=ORIENTED_EDGE('',*,*,#6541,.F.);
#9011=ORIENTED_EDGE('',*,*,#6546,.T.);
#9012=ORIENTED_EDGE('',*,*,#6547,.F.);
#9013=ORIENTED_EDGE('',*,*,#6548,.F.);
#9014=ORIENTED_EDGE('',*,*,#6448,.T.);
#9015=ORIENTED_EDGE('',*,*,#6482,.T.);
#9016=ORIENTED_EDGE('',*,*,#6479,.T.);
#9017=ORIENTED_EDGE('',*,*,#6476,.T.);
#9018=ORIENTED_EDGE('',*,*,#6473,.T.);
#9019=ORIENTED_EDGE('',*,*,#6470,.T.);
#9020=ORIENTED_EDGE('',*,*,#6467,.T.);
#9021=ORIENTED_EDGE('',*,*,#6464,.T.);
#9022=ORIENTED_EDGE('',*,*,#6461,.T.);
#9023=ORIENTED_EDGE('',*,*,#6458,.T.);
#9024=ORIENTED_EDGE('',*,*,#6455,.T.);
#9025=ORIENTED_EDGE('',*,*,#6452,.T.);
#9026=ORIENTED_EDGE('',*,*,#6542,.F.);
#9027=ORIENTED_EDGE('',*,*,#6548,.T.);
#9028=ORIENTED_EDGE('',*,*,#6549,.F.);
#9029=ORIENTED_EDGE('',*,*,#6550,.F.);
#9030=ORIENTED_EDGE('',*,*,#6485,.T.);
#9031=ORIENTED_EDGE('',*,*,#6543,.F.);
#9032=ORIENTED_EDGE('',*,*,#6550,.T.);
#9033=ORIENTED_EDGE('',*,*,#6551,.F.);
#9034=ORIENTED_EDGE('',*,*,#6544,.F.);
#9035=ORIENTED_EDGE('',*,*,#6539,.F.);
#9036=ORIENTED_EDGE('',*,*,#6515,.T.);
#9037=ORIENTED_EDGE('',*,*,#6516,.T.);
#9038=ORIENTED_EDGE('',*,*,#6507,.T.);
#9039=ORIENTED_EDGE('',*,*,#6538,.F.);
#9040=ORIENTED_EDGE('',*,*,#6504,.T.);
#9041=ORIENTED_EDGE('',*,*,#6505,.T.);
#9042=ORIENTED_EDGE('',*,*,#6496,.T.);
#9043=ORIENTED_EDGE('',*,*,#6537,.F.);
#9044=ORIENTED_EDGE('',*,*,#6526,.T.);
#9045=ORIENTED_EDGE('',*,*,#6527,.T.);
#9046=ORIENTED_EDGE('',*,*,#6518,.T.);
#9047=ORIENTED_EDGE('',*,*,#6536,.F.);
#9048=ORIENTED_EDGE('',*,*,#6493,.T.);
#9049=ORIENTED_EDGE('',*,*,#6494,.T.);
#9050=ORIENTED_EDGE('',*,*,#6551,.T.);
#9051=ORIENTED_EDGE('',*,*,#6549,.T.);
#9052=ORIENTED_EDGE('',*,*,#6547,.T.);
#9053=ORIENTED_EDGE('',*,*,#6545,.T.);
#9054=ORIENTED_EDGE('',*,*,#6271,.F.);
#9055=ORIENTED_EDGE('',*,*,#6552,.T.);
#9056=ORIENTED_EDGE('',*,*,#6553,.F.);
#9057=ORIENTED_EDGE('',*,*,#6554,.F.);
#9058=ORIENTED_EDGE('',*,*,#6269,.F.);
#9059=ORIENTED_EDGE('',*,*,#6555,.T.);
#9060=ORIENTED_EDGE('',*,*,#6556,.F.);
#9061=ORIENTED_EDGE('',*,*,#6557,.F.);
#9062=ORIENTED_EDGE('',*,*,#6270,.F.);
#9063=ORIENTED_EDGE('',*,*,#6557,.T.);
#9064=ORIENTED_EDGE('',*,*,#6558,.F.);
#9065=ORIENTED_EDGE('',*,*,#6552,.F.);
#9066=ORIENTED_EDGE('',*,*,#6558,.T.);
#9067=ORIENTED_EDGE('',*,*,#6556,.T.);
#9068=ORIENTED_EDGE('',*,*,#6559,.T.);
#9069=ORIENTED_EDGE('',*,*,#6560,.T.);
#9070=ORIENTED_EDGE('',*,*,#6561,.T.);
#9071=ORIENTED_EDGE('',*,*,#6562,.T.);
#9072=ORIENTED_EDGE('',*,*,#6563,.T.);
#9073=ORIENTED_EDGE('',*,*,#6553,.T.);
#9074=ORIENTED_EDGE('',*,*,#6282,.F.);
#9075=ORIENTED_EDGE('',*,*,#6287,.F.);
#9076=ORIENTED_EDGE('',*,*,#6564,.F.);
#9077=ORIENTED_EDGE('',*,*,#6565,.F.);
#9078=ORIENTED_EDGE('',*,*,#6566,.F.);
#9079=ORIENTED_EDGE('',*,*,#6567,.F.);
#9080=ORIENTED_EDGE('',*,*,#6215,.F.);
#9081=ORIENTED_EDGE('',*,*,#6568,.T.);
#9082=ORIENTED_EDGE('',*,*,#6535,.F.);
#9083=ORIENTED_EDGE('',*,*,#6569,.F.);
#9084=ORIENTED_EDGE('',*,*,#6213,.F.);
#9085=ORIENTED_EDGE('',*,*,#6570,.T.);
#9086=ORIENTED_EDGE('',*,*,#6529,.F.);
#9087=ORIENTED_EDGE('',*,*,#6571,.F.);
#9088=ORIENTED_EDGE('',*,*,#6214,.F.);
#9089=ORIENTED_EDGE('',*,*,#6571,.T.);
#9090=ORIENTED_EDGE('',*,*,#6528,.F.);
#9091=ORIENTED_EDGE('',*,*,#6568,.F.);
#9092=ORIENTED_EDGE('',*,*,#6248,.F.);
#9093=ORIENTED_EDGE('',*,*,#6253,.T.);
#9094=ORIENTED_EDGE('',*,*,#6572,.T.);
#9095=ORIENTED_EDGE('',*,*,#6275,.T.);
#9096=ORIENTED_EDGE('',*,*,#6257,.T.);
#9097=ORIENTED_EDGE('',*,*,#6292,.T.);
#9098=ORIENTED_EDGE('',*,*,#6259,.T.);
#9099=ORIENTED_EDGE('',*,*,#6279,.F.);
#9100=ORIENTED_EDGE('',*,*,#6573,.F.);
#9101=ORIENTED_EDGE('',*,*,#6293,.T.);
#9102=ORIENTED_EDGE('',*,*,#6573,.T.);
#9103=ORIENTED_EDGE('',*,*,#6278,.F.);
#9104=ORIENTED_EDGE('',*,*,#6574,.F.);
#9105=ORIENTED_EDGE('',*,*,#6294,.T.);
#9106=ORIENTED_EDGE('',*,*,#6574,.T.);
#9107=ORIENTED_EDGE('',*,*,#6277,.F.);
#9108=ORIENTED_EDGE('',*,*,#6575,.F.);
#9109=ORIENTED_EDGE('',*,*,#6572,.F.);
#9110=ORIENTED_EDGE('',*,*,#6252,.F.);
#9111=ORIENTED_EDGE('',*,*,#6256,.T.);
#9112=ORIENTED_EDGE('',*,*,#6295,.T.);
#9113=ORIENTED_EDGE('',*,*,#6575,.T.);
#9114=ORIENTED_EDGE('',*,*,#6276,.F.);
#9115=ORIENTED_EDGE('',*,*,#6261,.F.);
#9116=ORIENTED_EDGE('',*,*,#6265,.F.);
#9117=ORIENTED_EDGE('',*,*,#6284,.F.);
#9118=ORIENTED_EDGE('',*,*,#6280,.T.);
#9119=ORIENTED_EDGE('',*,*,#6564,.T.);
#9120=ORIENTED_EDGE('',*,*,#6286,.T.);
#9121=ORIENTED_EDGE('',*,*,#6291,.F.);
#9122=ORIENTED_EDGE('',*,*,#6576,.F.);
#9123=ORIENTED_EDGE('',*,*,#6565,.T.);
#9124=ORIENTED_EDGE('',*,*,#6576,.T.);
#9125=ORIENTED_EDGE('',*,*,#6290,.F.);
#9126=ORIENTED_EDGE('',*,*,#6577,.F.);
#9127=ORIENTED_EDGE('',*,*,#6566,.T.);
#9128=ORIENTED_EDGE('',*,*,#6577,.T.);
#9129=ORIENTED_EDGE('',*,*,#6289,.F.);
#9130=ORIENTED_EDGE('',*,*,#6578,.F.);
#9131=ORIENTED_EDGE('',*,*,#6245,.F.);
#9132=ORIENTED_EDGE('',*,*,#6579,.F.);
#9133=ORIENTED_EDGE('',*,*,#6237,.T.);
#9134=ORIENTED_EDGE('',*,*,#6283,.T.);
#9135=ORIENTED_EDGE('',*,*,#6567,.T.);
#9136=ORIENTED_EDGE('',*,*,#6578,.T.);
#9137=ORIENTED_EDGE('',*,*,#6288,.F.);
#9138=ORIENTED_EDGE('',*,*,#6262,.F.);
#9139=ORIENTED_EDGE('',*,*,#6222,.F.);
#9140=ORIENTED_EDGE('',*,*,#6238,.T.);
#9141=ORIENTED_EDGE('',*,*,#6579,.T.);
#9142=ORIENTED_EDGE('',*,*,#6244,.F.);
#9143=ORIENTED_EDGE('',*,*,#6266,.T.);
#9144=ORIENTED_EDGE('',*,*,#6230,.T.);
#9145=ORIENTED_EDGE('',*,*,#6218,.F.);
#9146=ORIENTED_EDGE('',*,*,#6580,.F.);
#9147=ORIENTED_EDGE('',*,*,#6267,.T.);
#9148=ORIENTED_EDGE('',*,*,#6580,.T.);
#9149=ORIENTED_EDGE('',*,*,#6217,.F.);
#9150=ORIENTED_EDGE('',*,*,#6581,.F.);
#9151=ORIENTED_EDGE('',*,*,#6268,.T.);
#9152=ORIENTED_EDGE('',*,*,#6581,.T.);
#9153=ORIENTED_EDGE('',*,*,#6216,.F.);
#9154=ORIENTED_EDGE('',*,*,#6569,.T.);
#9155=ORIENTED_EDGE('',*,*,#6534,.F.);
#9156=ORIENTED_EDGE('',*,*,#6582,.F.);
#9157=ORIENTED_EDGE('',*,*,#6559,.F.);
#9158=ORIENTED_EDGE('',*,*,#6555,.F.);
#9159=ORIENTED_EDGE('',*,*,#6582,.T.);
#9160=ORIENTED_EDGE('',*,*,#6533,.F.);
#9161=ORIENTED_EDGE('',*,*,#6583,.F.);
#9162=ORIENTED_EDGE('',*,*,#6560,.F.);
#9163=ORIENTED_EDGE('',*,*,#6583,.T.);
#9164=ORIENTED_EDGE('',*,*,#6532,.F.);
#9165=ORIENTED_EDGE('',*,*,#6584,.F.);
#9166=ORIENTED_EDGE('',*,*,#6446,.F.);
#9167=ORIENTED_EDGE('',*,*,#6585,.F.);
#9168=ORIENTED_EDGE('',*,*,#6433,.F.);
#9169=ORIENTED_EDGE('',*,*,#6586,.T.);
#9170=ORIENTED_EDGE('',*,*,#6561,.F.);
#9171=ORIENTED_EDGE('',*,*,#6434,.T.);
#9172=ORIENTED_EDGE('',*,*,#6585,.T.);
#9173=ORIENTED_EDGE('',*,*,#6445,.F.);
#9174=ORIENTED_EDGE('',*,*,#6426,.F.);
#9175=ORIENTED_EDGE('',*,*,#6399,.T.);
#9176=ORIENTED_EDGE('',*,*,#6430,.T.);
#9177=ORIENTED_EDGE('',*,*,#6444,.F.);
#9178=ORIENTED_EDGE('',*,*,#6587,.F.);
#9179=ORIENTED_EDGE('',*,*,#6400,.T.);
#9180=ORIENTED_EDGE('',*,*,#6587,.T.);
#9181=ORIENTED_EDGE('',*,*,#6443,.F.);
#9182=ORIENTED_EDGE('',*,*,#6588,.F.);
#9183=ORIENTED_EDGE('',*,*,#6401,.T.);
#9184=ORIENTED_EDGE('',*,*,#6588,.T.);
#9185=ORIENTED_EDGE('',*,*,#6442,.F.);
#9186=ORIENTED_EDGE('',*,*,#6435,.F.);
#9187=ORIENTED_EDGE('',*,*,#6432,.T.);
#9188=ORIENTED_EDGE('',*,*,#6439,.T.);
#9189=ORIENTED_EDGE('',*,*,#6447,.F.);
#9190=ORIENTED_EDGE('',*,*,#6589,.F.);
#9191=ORIENTED_EDGE('',*,*,#6589,.T.);
#9192=ORIENTED_EDGE('',*,*,#6584,.T.);
#9193=ORIENTED_EDGE('',*,*,#6531,.F.);
#9194=ORIENTED_EDGE('',*,*,#6590,.F.);
#9195=ORIENTED_EDGE('',*,*,#6562,.F.);
#9196=ORIENTED_EDGE('',*,*,#6586,.F.);
#9197=ORIENTED_EDGE('',*,*,#6272,.T.);
#9198=ORIENTED_EDGE('',*,*,#6554,.T.);
#9199=ORIENTED_EDGE('',*,*,#6563,.F.);
#9200=ORIENTED_EDGE('',*,*,#6590,.T.);
#9201=ORIENTED_EDGE('',*,*,#6530,.F.);
#9202=ORIENTED_EDGE('',*,*,#6570,.F.);
#9203=ORIENTED_EDGE('',*,*,#6212,.F.);
#9204=ORIENTED_EDGE('',*,*,#6591,.F.);
#9205=ORIENTED_EDGE('',*,*,#6273,.T.);
#9206=ORIENTED_EDGE('',*,*,#6591,.T.);
#9207=ORIENTED_EDGE('',*,*,#6211,.F.);
#9208=ORIENTED_EDGE('',*,*,#6592,.F.);
#9209=ORIENTED_EDGE('',*,*,#6274,.T.);
#9210=ORIENTED_EDGE('',*,*,#6592,.T.);
#9211=ORIENTED_EDGE('',*,*,#6210,.F.);
#9212=ORIENTED_EDGE('',*,*,#6229,.F.);
#9213=ORIENTED_EDGE('',*,*,#6227,.F.);
#9214=ORIENTED_EDGE('',*,*,#6243,.F.);
#9215=ORIENTED_EDGE('',*,*,#6239,.T.);
#9216=ORIENTED_EDGE('',*,*,#6225,.T.);
#9217=ORIENTED_EDGE('',*,*,#6593,.F.);
#9218=ORIENTED_EDGE('',*,*,#6594,.T.);
#9219=ORIENTED_EDGE('',*,*,#6595,.F.);
#9220=ORIENTED_EDGE('',*,*,#6596,.F.);
#9221=ORIENTED_EDGE('',*,*,#6597,.F.);
#9222=ORIENTED_EDGE('',*,*,#6598,.T.);
#9223=ORIENTED_EDGE('',*,*,#6599,.F.);
#9224=ORIENTED_EDGE('',*,*,#6594,.F.);
#9225=ORIENTED_EDGE('',*,*,#6600,.F.);
#9226=ORIENTED_EDGE('',*,*,#6601,.T.);
#9227=ORIENTED_EDGE('',*,*,#6602,.F.);
#9228=ORIENTED_EDGE('',*,*,#6598,.F.);
#9229=ORIENTED_EDGE('',*,*,#6603,.F.);
#9230=ORIENTED_EDGE('',*,*,#6596,.T.);
#9231=ORIENTED_EDGE('',*,*,#6604,.F.);
#9232=ORIENTED_EDGE('',*,*,#6601,.F.);
#9233=ORIENTED_EDGE('',*,*,#6605,.T.);
#9234=ORIENTED_EDGE('',*,*,#6606,.T.);
#9235=ORIENTED_EDGE('',*,*,#6607,.F.);
#9236=ORIENTED_EDGE('',*,*,#6608,.F.);
#9237=ORIENTED_EDGE('',*,*,#6609,.T.);
#9238=ORIENTED_EDGE('',*,*,#6608,.T.);
#9239=ORIENTED_EDGE('',*,*,#6610,.F.);
#9240=ORIENTED_EDGE('',*,*,#6611,.F.);
#9241=ORIENTED_EDGE('',*,*,#6612,.T.);
#9242=ORIENTED_EDGE('',*,*,#6611,.T.);
#9243=ORIENTED_EDGE('',*,*,#6613,.F.);
#9244=ORIENTED_EDGE('',*,*,#6614,.F.);
#9245=ORIENTED_EDGE('',*,*,#6615,.T.);
#9246=ORIENTED_EDGE('',*,*,#6614,.T.);
#9247=ORIENTED_EDGE('',*,*,#6616,.F.);
#9248=ORIENTED_EDGE('',*,*,#6617,.F.);
#9249=ORIENTED_EDGE('',*,*,#6618,.T.);
#9250=ORIENTED_EDGE('',*,*,#6617,.T.);
#9251=ORIENTED_EDGE('',*,*,#6619,.F.);
#9252=ORIENTED_EDGE('',*,*,#6620,.F.);
#9253=ORIENTED_EDGE('',*,*,#6621,.T.);
#9254=ORIENTED_EDGE('',*,*,#6620,.T.);
#9255=ORIENTED_EDGE('',*,*,#6622,.F.);
#9256=ORIENTED_EDGE('',*,*,#6606,.F.);
#9257=ORIENTED_EDGE('',*,*,#6622,.T.);
#9258=ORIENTED_EDGE('',*,*,#6619,.T.);
#9259=ORIENTED_EDGE('',*,*,#6616,.T.);
#9260=ORIENTED_EDGE('',*,*,#6613,.T.);
#9261=ORIENTED_EDGE('',*,*,#6610,.T.);
#9262=ORIENTED_EDGE('',*,*,#6607,.T.);
#9263=ORIENTED_EDGE('',*,*,#6595,.T.);
#9264=ORIENTED_EDGE('',*,*,#6599,.T.);
#9265=ORIENTED_EDGE('',*,*,#6602,.T.);
#9266=ORIENTED_EDGE('',*,*,#6604,.T.);
#9267=ORIENTED_EDGE('',*,*,#6621,.F.);
#9268=ORIENTED_EDGE('',*,*,#6605,.F.);
#9269=ORIENTED_EDGE('',*,*,#6609,.F.);
#9270=ORIENTED_EDGE('',*,*,#6612,.F.);
#9271=ORIENTED_EDGE('',*,*,#6615,.F.);
#9272=ORIENTED_EDGE('',*,*,#6618,.F.);
#9273=ORIENTED_EDGE('',*,*,#6593,.T.);
#9274=ORIENTED_EDGE('',*,*,#6603,.T.);
#9275=ORIENTED_EDGE('',*,*,#6600,.T.);
#9276=ORIENTED_EDGE('',*,*,#6597,.T.);
#9277=ORIENTED_EDGE('',*,*,#6623,.F.);
#9278=ORIENTED_EDGE('',*,*,#6624,.F.);
#9279=ORIENTED_EDGE('',*,*,#6625,.F.);
#9280=ORIENTED_EDGE('',*,*,#6626,.F.);
#9281=ORIENTED_EDGE('',*,*,#6627,.F.);
#9282=ORIENTED_EDGE('',*,*,#6628,.F.);
#9283=ORIENTED_EDGE('',*,*,#6629,.F.);
#9284=ORIENTED_EDGE('',*,*,#6630,.F.);
#9285=ORIENTED_EDGE('',*,*,#6631,.F.);
#9286=ORIENTED_EDGE('',*,*,#6632,.F.);
#9287=ORIENTED_EDGE('',*,*,#6633,.F.);
#9288=ORIENTED_EDGE('',*,*,#6634,.F.);
#9289=ORIENTED_EDGE('',*,*,#6635,.F.);
#9290=ORIENTED_EDGE('',*,*,#6636,.F.);
#9291=ORIENTED_EDGE('',*,*,#6637,.F.);
#9292=ORIENTED_EDGE('',*,*,#6638,.F.);
#9293=ORIENTED_EDGE('',*,*,#6639,.F.);
#9294=ORIENTED_EDGE('',*,*,#6640,.F.);
#9295=ORIENTED_EDGE('',*,*,#6641,.F.);
#9296=ORIENTED_EDGE('',*,*,#6642,.F.);
#9297=ORIENTED_EDGE('',*,*,#6643,.F.);
#9298=ORIENTED_EDGE('',*,*,#6644,.F.);
#9299=ORIENTED_EDGE('',*,*,#6645,.F.);
#9300=ORIENTED_EDGE('',*,*,#6646,.F.);
#9301=ORIENTED_EDGE('',*,*,#6647,.F.);
#9302=ORIENTED_EDGE('',*,*,#6648,.F.);
#9303=ORIENTED_EDGE('',*,*,#6649,.F.);
#9304=ORIENTED_EDGE('',*,*,#6650,.F.);
#9305=ORIENTED_EDGE('',*,*,#6651,.F.);
#9306=ORIENTED_EDGE('',*,*,#6652,.F.);
#9307=ORIENTED_EDGE('',*,*,#6653,.F.);
#9308=ORIENTED_EDGE('',*,*,#6654,.F.);
#9309=ORIENTED_EDGE('',*,*,#6655,.T.);
#9310=ORIENTED_EDGE('',*,*,#6656,.T.);
#9311=ORIENTED_EDGE('',*,*,#6657,.T.);
#9312=ORIENTED_EDGE('',*,*,#6658,.T.);
#9313=ORIENTED_EDGE('',*,*,#6659,.T.);
#9314=ORIENTED_EDGE('',*,*,#6660,.T.);
#9315=ORIENTED_EDGE('',*,*,#6661,.T.);
#9316=ORIENTED_EDGE('',*,*,#6662,.T.);
#9317=ORIENTED_EDGE('',*,*,#6623,.T.);
#9318=ORIENTED_EDGE('',*,*,#6663,.T.);
#9319=ORIENTED_EDGE('',*,*,#6664,.F.);
#9320=ORIENTED_EDGE('',*,*,#6665,.F.);
#9321=ORIENTED_EDGE('',*,*,#6666,.F.);
#9322=ORIENTED_EDGE('',*,*,#6667,.F.);
#9323=ORIENTED_EDGE('',*,*,#6624,.T.);
#9324=ORIENTED_EDGE('',*,*,#6665,.T.);
#9325=ORIENTED_EDGE('',*,*,#6668,.F.);
#9326=ORIENTED_EDGE('',*,*,#6669,.T.);
#9327=ORIENTED_EDGE('',*,*,#6670,.F.);
#9328=ORIENTED_EDGE('',*,*,#6671,.F.);
#9329=ORIENTED_EDGE('',*,*,#6672,.F.);
#9330=ORIENTED_EDGE('',*,*,#6673,.F.);
#9331=ORIENTED_EDGE('',*,*,#6674,.F.);
#9332=ORIENTED_EDGE('',*,*,#6675,.T.);
#9333=ORIENTED_EDGE('',*,*,#6676,.T.);
#9334=ORIENTED_EDGE('',*,*,#6677,.T.);
#9335=ORIENTED_EDGE('',*,*,#6678,.T.);
#9336=ORIENTED_EDGE('',*,*,#6679,.F.);
#9337=ORIENTED_EDGE('',*,*,#6680,.F.);
#9338=ORIENTED_EDGE('',*,*,#6681,.T.);
#9339=ORIENTED_EDGE('',*,*,#6682,.T.);
#9340=ORIENTED_EDGE('',*,*,#6683,.T.);
#9341=ORIENTED_EDGE('',*,*,#6684,.F.);
#9342=ORIENTED_EDGE('',*,*,#6685,.F.);
#9343=ORIENTED_EDGE('',*,*,#6686,.F.);
#9344=ORIENTED_EDGE('',*,*,#6687,.T.);
#9345=ORIENTED_EDGE('',*,*,#6688,.T.);
#9346=ORIENTED_EDGE('',*,*,#6689,.T.);
#9347=ORIENTED_EDGE('',*,*,#6690,.T.);
#9348=ORIENTED_EDGE('',*,*,#6691,.T.);
#9349=ORIENTED_EDGE('',*,*,#6692,.T.);
#9350=ORIENTED_EDGE('',*,*,#6693,.T.);
#9351=ORIENTED_EDGE('',*,*,#6694,.F.);
#9352=ORIENTED_EDGE('',*,*,#6695,.F.);
#9353=ORIENTED_EDGE('',*,*,#6696,.F.);
#9354=ORIENTED_EDGE('',*,*,#6697,.T.);
#9355=ORIENTED_EDGE('',*,*,#6698,.T.);
#9356=ORIENTED_EDGE('',*,*,#6699,.T.);
#9357=ORIENTED_EDGE('',*,*,#6700,.T.);
#9358=ORIENTED_EDGE('',*,*,#6701,.T.);
#9359=ORIENTED_EDGE('',*,*,#6702,.T.);
#9360=ORIENTED_EDGE('',*,*,#6666,.T.);
#9361=ORIENTED_EDGE('',*,*,#6703,.F.);
#9362=ORIENTED_EDGE('',*,*,#6704,.F.);
#9363=ORIENTED_EDGE('',*,*,#6705,.F.);
#9364=ORIENTED_EDGE('',*,*,#6668,.T.);
#9365=ORIENTED_EDGE('',*,*,#6664,.T.);
#9366=ORIENTED_EDGE('',*,*,#6706,.T.);
#9367=ORIENTED_EDGE('',*,*,#6707,.T.);
#9368=ORIENTED_EDGE('',*,*,#6708,.F.);
#9369=ORIENTED_EDGE('',*,*,#6709,.F.);
#9370=ORIENTED_EDGE('',*,*,#6710,.T.);
#9371=ORIENTED_EDGE('',*,*,#6711,.T.);
#9372=ORIENTED_EDGE('',*,*,#6712,.T.);
#9373=ORIENTED_EDGE('',*,*,#6713,.F.);
#9374=ORIENTED_EDGE('',*,*,#6714,.F.);
#9375=ORIENTED_EDGE('',*,*,#6715,.F.);
#9376=ORIENTED_EDGE('',*,*,#6716,.T.);
#9377=ORIENTED_EDGE('',*,*,#6717,.T.);
#9378=ORIENTED_EDGE('',*,*,#6718,.T.);
#9379=ORIENTED_EDGE('',*,*,#6719,.T.);
#9380=ORIENTED_EDGE('',*,*,#6720,.T.);
#9381=ORIENTED_EDGE('',*,*,#6721,.T.);
#9382=ORIENTED_EDGE('',*,*,#6722,.T.);
#9383=ORIENTED_EDGE('',*,*,#6723,.F.);
#9384=ORIENTED_EDGE('',*,*,#6724,.F.);
#9385=ORIENTED_EDGE('',*,*,#6725,.F.);
#9386=ORIENTED_EDGE('',*,*,#6726,.T.);
#9387=ORIENTED_EDGE('',*,*,#6727,.T.);
#9388=ORIENTED_EDGE('',*,*,#6728,.T.);
#9389=ORIENTED_EDGE('',*,*,#6729,.T.);
#9390=ORIENTED_EDGE('',*,*,#6730,.T.);
#9391=ORIENTED_EDGE('',*,*,#6731,.T.);
#9392=ORIENTED_EDGE('',*,*,#6732,.T.);
#9393=ORIENTED_EDGE('',*,*,#6733,.F.);
#9394=ORIENTED_EDGE('',*,*,#6734,.F.);
#9395=ORIENTED_EDGE('',*,*,#6735,.F.);
#9396=ORIENTED_EDGE('',*,*,#6736,.F.);
#9397=ORIENTED_EDGE('',*,*,#6737,.F.);
#9398=ORIENTED_EDGE('',*,*,#6738,.F.);
#9399=ORIENTED_EDGE('',*,*,#6739,.F.);
#9400=ORIENTED_EDGE('',*,*,#6740,.F.);
#9401=ORIENTED_EDGE('',*,*,#6672,.T.);
#9402=ORIENTED_EDGE('',*,*,#6741,.T.);
#9403=ORIENTED_EDGE('',*,*,#6742,.F.);
#9404=ORIENTED_EDGE('',*,*,#6743,.F.);
#9405=ORIENTED_EDGE('',*,*,#6673,.T.);
#9406=ORIENTED_EDGE('',*,*,#6743,.T.);
#9407=ORIENTED_EDGE('',*,*,#6744,.F.);
#9408=ORIENTED_EDGE('',*,*,#6745,.F.);
#9409=ORIENTED_EDGE('',*,*,#6674,.T.);
#9410=ORIENTED_EDGE('',*,*,#6745,.T.);
#9411=ORIENTED_EDGE('',*,*,#6746,.F.);
#9412=ORIENTED_EDGE('',*,*,#6747,.F.);
#9413=ORIENTED_EDGE('',*,*,#6732,.F.);
#9414=ORIENTED_EDGE('',*,*,#6748,.F.);
#9415=ORIENTED_EDGE('',*,*,#6640,.T.);
#9416=ORIENTED_EDGE('',*,*,#6749,.T.);
#9417=ORIENTED_EDGE('',*,*,#6675,.F.);
#9418=ORIENTED_EDGE('',*,*,#6747,.T.);
#9419=ORIENTED_EDGE('',*,*,#6750,.F.);
#9420=ORIENTED_EDGE('',*,*,#6741,.F.);
#9421=ORIENTED_EDGE('',*,*,#6742,.T.);
#9422=ORIENTED_EDGE('',*,*,#6750,.T.);
#9423=ORIENTED_EDGE('',*,*,#6746,.T.);
#9424=ORIENTED_EDGE('',*,*,#6744,.T.);
#9425=ORIENTED_EDGE('',*,*,#6639,.T.);
#9426=ORIENTED_EDGE('',*,*,#6751,.T.);
#9427=ORIENTED_EDGE('',*,*,#6676,.F.);
#9428=ORIENTED_EDGE('',*,*,#6749,.F.);
#9429=ORIENTED_EDGE('',*,*,#6752,.F.);
#9430=ORIENTED_EDGE('',*,*,#6753,.F.);
#9431=ORIENTED_EDGE('',*,*,#6754,.F.);
#9432=ORIENTED_EDGE('',*,*,#6755,.F.);
#9433=ORIENTED_EDGE('',*,*,#6677,.F.);
#9434=ORIENTED_EDGE('',*,*,#6751,.F.);
#9435=ORIENTED_EDGE('',*,*,#6638,.T.);
#9436=ORIENTED_EDGE('',*,*,#6756,.T.);
#9437=ORIENTED_EDGE('',*,*,#6681,.F.);
#9438=ORIENTED_EDGE('',*,*,#6757,.T.);
#9439=ORIENTED_EDGE('',*,*,#6758,.F.);
#9440=ORIENTED_EDGE('',*,*,#6759,.T.);
#9441=ORIENTED_EDGE('',*,*,#6752,.T.);
#9442=ORIENTED_EDGE('',*,*,#6760,.T.);
#9443=ORIENTED_EDGE('',*,*,#6761,.F.);
#9444=ORIENTED_EDGE('',*,*,#6762,.T.);
#9445=ORIENTED_EDGE('',*,*,#6753,.T.);
#9446=ORIENTED_EDGE('',*,*,#6762,.F.);
#9447=ORIENTED_EDGE('',*,*,#6763,.F.);
#9448=ORIENTED_EDGE('',*,*,#6764,.F.);
#9449=ORIENTED_EDGE('',*,*,#6764,.T.);
#9450=ORIENTED_EDGE('',*,*,#6765,.T.);
#9451=ORIENTED_EDGE('',*,*,#6766,.T.);
#9452=ORIENTED_EDGE('',*,*,#6754,.T.);
#9453=ORIENTED_EDGE('',*,*,#6767,.F.);
#9454=ORIENTED_EDGE('',*,*,#6758,.T.);
#9455=ORIENTED_EDGE('',*,*,#6768,.T.);
#9456=ORIENTED_EDGE('',*,*,#6769,.T.);
#9457=ORIENTED_EDGE('',*,*,#6678,.F.);
#9458=ORIENTED_EDGE('',*,*,#6755,.T.);
#9459=ORIENTED_EDGE('',*,*,#6766,.F.);
#9460=ORIENTED_EDGE('',*,*,#6770,.F.);
#9461=ORIENTED_EDGE('',*,*,#6761,.T.);
#9462=ORIENTED_EDGE('',*,*,#6771,.F.);
#9463=ORIENTED_EDGE('',*,*,#6769,.F.);
#9464=ORIENTED_EDGE('',*,*,#6772,.F.);
#9465=ORIENTED_EDGE('',*,*,#6679,.T.);
#9466=ORIENTED_EDGE('',*,*,#6770,.T.);
#9467=ORIENTED_EDGE('',*,*,#6765,.F.);
#9468=ORIENTED_EDGE('',*,*,#6763,.T.);
#9469=ORIENTED_EDGE('',*,*,#6680,.T.);
#9470=ORIENTED_EDGE('',*,*,#6772,.T.);
#9471=ORIENTED_EDGE('',*,*,#6768,.F.);
#9472=ORIENTED_EDGE('',*,*,#6757,.F.);
#9473=ORIENTED_EDGE('',*,*,#6759,.F.);
#9474=ORIENTED_EDGE('',*,*,#6767,.T.);
#9475=ORIENTED_EDGE('',*,*,#6771,.T.);
#9476=ORIENTED_EDGE('',*,*,#6760,.F.);
#9477=ORIENTED_EDGE('',*,*,#6637,.T.);
#9478=ORIENTED_EDGE('',*,*,#6773,.T.);
#9479=ORIENTED_EDGE('',*,*,#6682,.F.);
#9480=ORIENTED_EDGE('',*,*,#6756,.F.);
#9481=ORIENTED_EDGE('',*,*,#6683,.F.);
#9482=ORIENTED_EDGE('',*,*,#6773,.F.);
#9483=ORIENTED_EDGE('',*,*,#6636,.T.);
#9484=ORIENTED_EDGE('',*,*,#6774,.T.);
#9485=ORIENTED_EDGE('',*,*,#6687,.F.);
#9486=ORIENTED_EDGE('',*,*,#6775,.T.);
#9487=ORIENTED_EDGE('',*,*,#6776,.F.);
#9488=ORIENTED_EDGE('',*,*,#6777,.F.);
#9489=ORIENTED_EDGE('',*,*,#6684,.T.);
#9490=ORIENTED_EDGE('',*,*,#6777,.T.);
#9491=ORIENTED_EDGE('',*,*,#6778,.F.);
#9492=ORIENTED_EDGE('',*,*,#6779,.F.);
#9493=ORIENTED_EDGE('',*,*,#6685,.T.);
#9494=ORIENTED_EDGE('',*,*,#6779,.T.);
#9495=ORIENTED_EDGE('',*,*,#6780,.F.);
#9496=ORIENTED_EDGE('',*,*,#6781,.F.);
#9497=ORIENTED_EDGE('',*,*,#6686,.T.);
#9498=ORIENTED_EDGE('',*,*,#6781,.T.);
#9499=ORIENTED_EDGE('',*,*,#6782,.F.);
#9500=ORIENTED_EDGE('',*,*,#6775,.F.);
#9501=ORIENTED_EDGE('',*,*,#6780,.T.);
#9502=ORIENTED_EDGE('',*,*,#6778,.T.);
#9503=ORIENTED_EDGE('',*,*,#6776,.T.);
#9504=ORIENTED_EDGE('',*,*,#6782,.T.);
#9505=ORIENTED_EDGE('',*,*,#6635,.T.);
#9506=ORIENTED_EDGE('',*,*,#6783,.T.);
#9507=ORIENTED_EDGE('',*,*,#6688,.F.);
#9508=ORIENTED_EDGE('',*,*,#6774,.F.);
#9509=ORIENTED_EDGE('',*,*,#6634,.T.);
#9510=ORIENTED_EDGE('',*,*,#6784,.T.);
#9511=ORIENTED_EDGE('',*,*,#6689,.F.);
#9512=ORIENTED_EDGE('',*,*,#6783,.F.);
#9513=ORIENTED_EDGE('',*,*,#6633,.T.);
#9514=ORIENTED_EDGE('',*,*,#6785,.T.);
#9515=ORIENTED_EDGE('',*,*,#6690,.F.);
#9516=ORIENTED_EDGE('',*,*,#6784,.F.);
#9517=ORIENTED_EDGE('',*,*,#6632,.T.);
#9518=ORIENTED_EDGE('',*,*,#6786,.T.);
#9519=ORIENTED_EDGE('',*,*,#6691,.F.);
#9520=ORIENTED_EDGE('',*,*,#6785,.F.);
#9521=ORIENTED_EDGE('',*,*,#6631,.T.);
#9522=ORIENTED_EDGE('',*,*,#6787,.T.);
#9523=ORIENTED_EDGE('',*,*,#6692,.F.);
#9524=ORIENTED_EDGE('',*,*,#6786,.F.);
#9525=ORIENTED_EDGE('',*,*,#6693,.F.);
#9526=ORIENTED_EDGE('',*,*,#6787,.F.);
#9527=ORIENTED_EDGE('',*,*,#6630,.T.);
#9528=ORIENTED_EDGE('',*,*,#6788,.T.);
#9529=ORIENTED_EDGE('',*,*,#6697,.F.);
#9530=ORIENTED_EDGE('',*,*,#6789,.T.);
#9531=ORIENTED_EDGE('',*,*,#6790,.F.);
#9532=ORIENTED_EDGE('',*,*,#6791,.F.);
#9533=ORIENTED_EDGE('',*,*,#6694,.T.);
#9534=ORIENTED_EDGE('',*,*,#6791,.T.);
#9535=ORIENTED_EDGE('',*,*,#6792,.F.);
#9536=ORIENTED_EDGE('',*,*,#6793,.F.);
#9537=ORIENTED_EDGE('',*,*,#6695,.T.);
#9538=ORIENTED_EDGE('',*,*,#6793,.T.);
#9539=ORIENTED_EDGE('',*,*,#6794,.F.);
#9540=ORIENTED_EDGE('',*,*,#6795,.F.);
#9541=ORIENTED_EDGE('',*,*,#6696,.T.);
#9542=ORIENTED_EDGE('',*,*,#6795,.T.);
#9543=ORIENTED_EDGE('',*,*,#6796,.F.);
#9544=ORIENTED_EDGE('',*,*,#6789,.F.);
#9545=ORIENTED_EDGE('',*,*,#6794,.T.);
#9546=ORIENTED_EDGE('',*,*,#6792,.T.);
#9547=ORIENTED_EDGE('',*,*,#6790,.T.);
#9548=ORIENTED_EDGE('',*,*,#6796,.T.);
#9549=ORIENTED_EDGE('',*,*,#6629,.T.);
#9550=ORIENTED_EDGE('',*,*,#6797,.T.);
#9551=ORIENTED_EDGE('',*,*,#6698,.F.);
#9552=ORIENTED_EDGE('',*,*,#6788,.F.);
#9553=ORIENTED_EDGE('',*,*,#6628,.T.);
#9554=ORIENTED_EDGE('',*,*,#6798,.T.);
#9555=ORIENTED_EDGE('',*,*,#6699,.F.);
#9556=ORIENTED_EDGE('',*,*,#6797,.F.);
#9557=ORIENTED_EDGE('',*,*,#6627,.T.);
#9558=ORIENTED_EDGE('',*,*,#6799,.T.);
#9559=ORIENTED_EDGE('',*,*,#6700,.F.);
#9560=ORIENTED_EDGE('',*,*,#6798,.F.);
#9561=ORIENTED_EDGE('',*,*,#6626,.T.);
#9562=ORIENTED_EDGE('',*,*,#6800,.T.);
#9563=ORIENTED_EDGE('',*,*,#6701,.F.);
#9564=ORIENTED_EDGE('',*,*,#6799,.F.);
#9565=ORIENTED_EDGE('',*,*,#6625,.T.);
#9566=ORIENTED_EDGE('',*,*,#6667,.T.);
#9567=ORIENTED_EDGE('',*,*,#6702,.F.);
#9568=ORIENTED_EDGE('',*,*,#6800,.F.);
#9569=ORIENTED_EDGE('',*,*,#6641,.T.);
#9570=ORIENTED_EDGE('',*,*,#6748,.T.);
#9571=ORIENTED_EDGE('',*,*,#6731,.F.);
#9572=ORIENTED_EDGE('',*,*,#6801,.F.);
#9573=ORIENTED_EDGE('',*,*,#6642,.T.);
#9574=ORIENTED_EDGE('',*,*,#6801,.T.);
#9575=ORIENTED_EDGE('',*,*,#6730,.F.);
#9576=ORIENTED_EDGE('',*,*,#6802,.F.);
#9577=ORIENTED_EDGE('',*,*,#6643,.T.);
#9578=ORIENTED_EDGE('',*,*,#6802,.T.);
#9579=ORIENTED_EDGE('',*,*,#6729,.F.);
#9580=ORIENTED_EDGE('',*,*,#6803,.F.);
#9581=ORIENTED_EDGE('',*,*,#6644,.T.);
#9582=ORIENTED_EDGE('',*,*,#6803,.T.);
#9583=ORIENTED_EDGE('',*,*,#6728,.F.);
#9584=ORIENTED_EDGE('',*,*,#6804,.F.);
#9585=ORIENTED_EDGE('',*,*,#6645,.T.);
#9586=ORIENTED_EDGE('',*,*,#6804,.T.);
#9587=ORIENTED_EDGE('',*,*,#6727,.F.);
#9588=ORIENTED_EDGE('',*,*,#6805,.F.);
#9589=ORIENTED_EDGE('',*,*,#6722,.F.);
#9590=ORIENTED_EDGE('',*,*,#6806,.F.);
#9591=ORIENTED_EDGE('',*,*,#6646,.T.);
#9592=ORIENTED_EDGE('',*,*,#6805,.T.);
#9593=ORIENTED_EDGE('',*,*,#6726,.F.);
#9594=ORIENTED_EDGE('',*,*,#6807,.T.);
#9595=ORIENTED_EDGE('',*,*,#6808,.F.);
#9596=ORIENTED_EDGE('',*,*,#6809,.F.);
#9597=ORIENTED_EDGE('',*,*,#6723,.T.);
#9598=ORIENTED_EDGE('',*,*,#6809,.T.);
#9599=ORIENTED_EDGE('',*,*,#6810,.F.);
#9600=ORIENTED_EDGE('',*,*,#6811,.F.);
#9601=ORIENTED_EDGE('',*,*,#6724,.T.);
#9602=ORIENTED_EDGE('',*,*,#6811,.T.);
#9603=ORIENTED_EDGE('',*,*,#6812,.F.);
#9604=ORIENTED_EDGE('',*,*,#6813,.F.);
#9605=ORIENTED_EDGE('',*,*,#6725,.T.);
#9606=ORIENTED_EDGE('',*,*,#6813,.T.);
#9607=ORIENTED_EDGE('',*,*,#6814,.F.);
#9608=ORIENTED_EDGE('',*,*,#6807,.F.);
#9609=ORIENTED_EDGE('',*,*,#6810,.T.);
#9610=ORIENTED_EDGE('',*,*,#6808,.T.);
#9611=ORIENTED_EDGE('',*,*,#6814,.T.);
#9612=ORIENTED_EDGE('',*,*,#6812,.T.);
#9613=ORIENTED_EDGE('',*,*,#6647,.T.);
#9614=ORIENTED_EDGE('',*,*,#6806,.T.);
#9615=ORIENTED_EDGE('',*,*,#6721,.F.);
#9616=ORIENTED_EDGE('',*,*,#6815,.F.);
#9617=ORIENTED_EDGE('',*,*,#6648,.T.);
#9618=ORIENTED_EDGE('',*,*,#6815,.T.);
#9619=ORIENTED_EDGE('',*,*,#6720,.F.);
#9620=ORIENTED_EDGE('',*,*,#6816,.F.);
#9621=ORIENTED_EDGE('',*,*,#6649,.T.);
#9622=ORIENTED_EDGE('',*,*,#6816,.T.);
#9623=ORIENTED_EDGE('',*,*,#6719,.F.);
#9624=ORIENTED_EDGE('',*,*,#6817,.F.);
#9625=ORIENTED_EDGE('',*,*,#6650,.T.);
#9626=ORIENTED_EDGE('',*,*,#6817,.T.);
#9627=ORIENTED_EDGE('',*,*,#6718,.F.);
#9628=ORIENTED_EDGE('',*,*,#6818,.F.);
#9629=ORIENTED_EDGE('',*,*,#6651,.T.);
#9630=ORIENTED_EDGE('',*,*,#6818,.T.);
#9631=ORIENTED_EDGE('',*,*,#6717,.F.);
#9632=ORIENTED_EDGE('',*,*,#6819,.F.);
#9633=ORIENTED_EDGE('',*,*,#6712,.F.);
#9634=ORIENTED_EDGE('',*,*,#6820,.F.);
#9635=ORIENTED_EDGE('',*,*,#6652,.T.);
#9636=ORIENTED_EDGE('',*,*,#6819,.T.);
#9637=ORIENTED_EDGE('',*,*,#6716,.F.);
#9638=ORIENTED_EDGE('',*,*,#6821,.T.);
#9639=ORIENTED_EDGE('',*,*,#6822,.F.);
#9640=ORIENTED_EDGE('',*,*,#6823,.F.);
#9641=ORIENTED_EDGE('',*,*,#6713,.T.);
#9642=ORIENTED_EDGE('',*,*,#6823,.T.);
#9643=ORIENTED_EDGE('',*,*,#6824,.F.);
#9644=ORIENTED_EDGE('',*,*,#6825,.F.);
#9645=ORIENTED_EDGE('',*,*,#6714,.T.);
#9646=ORIENTED_EDGE('',*,*,#6825,.T.);
#9647=ORIENTED_EDGE('',*,*,#6826,.F.);
#9648=ORIENTED_EDGE('',*,*,#6827,.F.);
#9649=ORIENTED_EDGE('',*,*,#6715,.T.);
#9650=ORIENTED_EDGE('',*,*,#6827,.T.);
#9651=ORIENTED_EDGE('',*,*,#6828,.F.);
#9652=ORIENTED_EDGE('',*,*,#6821,.F.);
#9653=ORIENTED_EDGE('',*,*,#6822,.T.);
#9654=ORIENTED_EDGE('',*,*,#6828,.T.);
#9655=ORIENTED_EDGE('',*,*,#6826,.T.);
#9656=ORIENTED_EDGE('',*,*,#6824,.T.);
#9657=ORIENTED_EDGE('',*,*,#6653,.T.);
#9658=ORIENTED_EDGE('',*,*,#6820,.T.);
#9659=ORIENTED_EDGE('',*,*,#6711,.F.);
#9660=ORIENTED_EDGE('',*,*,#6829,.F.);
#9661=ORIENTED_EDGE('',*,*,#6706,.F.);
#9662=ORIENTED_EDGE('',*,*,#6663,.F.);
#9663=ORIENTED_EDGE('',*,*,#6654,.T.);
#9664=ORIENTED_EDGE('',*,*,#6829,.T.);
#9665=ORIENTED_EDGE('',*,*,#6710,.F.);
#9666=ORIENTED_EDGE('',*,*,#6830,.T.);
#9667=ORIENTED_EDGE('',*,*,#6831,.F.);
#9668=ORIENTED_EDGE('',*,*,#6832,.F.);
#9669=ORIENTED_EDGE('',*,*,#6707,.F.);
#9670=ORIENTED_EDGE('',*,*,#6832,.T.);
#9671=ORIENTED_EDGE('',*,*,#6833,.F.);
#9672=ORIENTED_EDGE('',*,*,#6834,.F.);
#9673=ORIENTED_EDGE('',*,*,#6708,.T.);
#9674=ORIENTED_EDGE('',*,*,#6834,.T.);
#9675=ORIENTED_EDGE('',*,*,#6835,.F.);
#9676=ORIENTED_EDGE('',*,*,#6836,.F.);
#9677=ORIENTED_EDGE('',*,*,#6709,.T.);
#9678=ORIENTED_EDGE('',*,*,#6836,.T.);
#9679=ORIENTED_EDGE('',*,*,#6837,.F.);
#9680=ORIENTED_EDGE('',*,*,#6830,.F.);
#9681=ORIENTED_EDGE('',*,*,#6835,.T.);
#9682=ORIENTED_EDGE('',*,*,#6833,.T.);
#9683=ORIENTED_EDGE('',*,*,#6831,.T.);
#9684=ORIENTED_EDGE('',*,*,#6837,.T.);
#9685=ORIENTED_EDGE('',*,*,#6705,.T.);
#9686=ORIENTED_EDGE('',*,*,#6838,.T.);
#9687=ORIENTED_EDGE('',*,*,#6839,.F.);
#9688=ORIENTED_EDGE('',*,*,#6669,.F.);
#9689=ORIENTED_EDGE('',*,*,#6840,.T.);
#9690=ORIENTED_EDGE('',*,*,#6841,.T.);
#9691=ORIENTED_EDGE('',*,*,#6670,.T.);
#9692=ORIENTED_EDGE('',*,*,#6839,.T.);
#9693=ORIENTED_EDGE('',*,*,#6704,.T.);
#9694=ORIENTED_EDGE('',*,*,#6842,.T.);
#9695=ORIENTED_EDGE('',*,*,#6840,.F.);
#9696=ORIENTED_EDGE('',*,*,#6838,.F.);
#9697=ORIENTED_EDGE('',*,*,#6703,.T.);
#9698=ORIENTED_EDGE('',*,*,#6671,.T.);
#9699=ORIENTED_EDGE('',*,*,#6841,.F.);
#9700=ORIENTED_EDGE('',*,*,#6842,.F.);
#9701=ORIENTED_EDGE('',*,*,#6733,.T.);
#9702=ORIENTED_EDGE('',*,*,#6843,.T.);
#9703=ORIENTED_EDGE('',*,*,#6655,.F.);
#9704=ORIENTED_EDGE('',*,*,#6656,.F.);
#9705=ORIENTED_EDGE('',*,*,#6843,.F.);
#9706=ORIENTED_EDGE('',*,*,#6734,.T.);
#9707=ORIENTED_EDGE('',*,*,#6735,.T.);
#9708=ORIENTED_EDGE('',*,*,#6844,.T.);
#9709=ORIENTED_EDGE('',*,*,#6657,.F.);
#9710=ORIENTED_EDGE('',*,*,#6658,.F.);
#9711=ORIENTED_EDGE('',*,*,#6844,.F.);
#9712=ORIENTED_EDGE('',*,*,#6736,.T.);
#9713=ORIENTED_EDGE('',*,*,#6737,.T.);
#9714=ORIENTED_EDGE('',*,*,#6845,.T.);
#9715=ORIENTED_EDGE('',*,*,#6659,.F.);
#9716=ORIENTED_EDGE('',*,*,#6660,.F.);
#9717=ORIENTED_EDGE('',*,*,#6845,.F.);
#9718=ORIENTED_EDGE('',*,*,#6738,.T.);
#9719=ORIENTED_EDGE('',*,*,#6739,.T.);
#9720=ORIENTED_EDGE('',*,*,#6846,.T.);
#9721=ORIENTED_EDGE('',*,*,#6661,.F.);
#9722=ORIENTED_EDGE('',*,*,#6662,.F.);
#9723=ORIENTED_EDGE('',*,*,#6846,.F.);
#9724=ORIENTED_EDGE('',*,*,#6740,.T.);
#9725=ORIENTED_EDGE('',*,*,#6847,.T.);
#9726=ORIENTED_EDGE('',*,*,#6848,.T.);
#9727=ORIENTED_EDGE('',*,*,#6849,.F.);
#9728=ORIENTED_EDGE('',*,*,#6850,.F.);
#9729=ORIENTED_EDGE('',*,*,#6851,.T.);
#9730=ORIENTED_EDGE('',*,*,#6850,.T.);
#9731=ORIENTED_EDGE('',*,*,#6852,.F.);
#9732=ORIENTED_EDGE('',*,*,#6853,.F.);
#9733=ORIENTED_EDGE('',*,*,#6854,.T.);
#9734=ORIENTED_EDGE('',*,*,#6853,.T.);
#9735=ORIENTED_EDGE('',*,*,#6855,.F.);
#9736=ORIENTED_EDGE('',*,*,#6856,.F.);
#9737=ORIENTED_EDGE('',*,*,#6857,.T.);
#9738=ORIENTED_EDGE('',*,*,#6856,.T.);
#9739=ORIENTED_EDGE('',*,*,#6858,.F.);
#9740=ORIENTED_EDGE('',*,*,#6848,.F.);
#9741=ORIENTED_EDGE('',*,*,#6858,.T.);
#9742=ORIENTED_EDGE('',*,*,#6855,.T.);
#9743=ORIENTED_EDGE('',*,*,#6852,.T.);
#9744=ORIENTED_EDGE('',*,*,#6849,.T.);
#9745=ORIENTED_EDGE('',*,*,#6857,.F.);
#9746=ORIENTED_EDGE('',*,*,#6847,.F.);
#9747=ORIENTED_EDGE('',*,*,#6851,.F.);
#9748=ORIENTED_EDGE('',*,*,#6854,.F.);
#9749=CYLINDRICAL_SURFACE('',#10612,0.3);
#9750=CYLINDRICAL_SURFACE('',#10619,0.3);
#9751=CYLINDRICAL_SURFACE('',#10622,0.3);
#9752=CYLINDRICAL_SURFACE('',#10627,0.3);
#9753=CYLINDRICAL_SURFACE('',#10632,0.3);
#9754=CYLINDRICAL_SURFACE('',#10637,0.3);
#9755=CYLINDRICAL_SURFACE('',#10651,0.30000000000102);
#9756=CYLINDRICAL_SURFACE('',#10653,0.249999999999545);
#9757=CYLINDRICAL_SURFACE('',#10657,0.25);
#9758=CYLINDRICAL_SURFACE('',#10660,0.300000000000659);
#9759=CYLINDRICAL_SURFACE('',#10663,0.299999999999477);
#9760=CYLINDRICAL_SURFACE('',#10666,0.300000000000438);
#9761=CYLINDRICAL_SURFACE('',#10675,0.8);
#9762=CYLINDRICAL_SURFACE('',#10691,0.900000000000016);
#9763=CYLINDRICAL_SURFACE('',#10705,0.8);
#9764=CYLINDRICAL_SURFACE('',#10707,0.900000000000016);
#9765=CYLINDRICAL_SURFACE('',#10712,0.8);
#9766=CYLINDRICAL_SURFACE('',#10714,0.9);
#9767=CYLINDRICAL_SURFACE('',#10717,0.9);
#9768=CYLINDRICAL_SURFACE('',#10890,0.8);
#9769=CYLINDRICAL_SURFACE('',#10892,0.5);
#9770=CYLINDRICAL_SURFACE('',#10894,1.);
#9771=CYLINDRICAL_SURFACE('',#10896,1.);
#9772=CYLINDRICAL_SURFACE('',#10898,0.200000000000724);
#9773=CYLINDRICAL_SURFACE('',#10899,0.2);
#9774=CYLINDRICAL_SURFACE('',#10901,1.);
#9775=CYLINDRICAL_SURFACE('',#10903,1.);
#9776=CYLINDRICAL_SURFACE('',#10905,1.);
#9777=CYLINDRICAL_SURFACE('',#10929,0.300000000000002);
#9778=CYLINDRICAL_SURFACE('',#10932,0.299999999999998);
#9779=CYLINDRICAL_SURFACE('',#10950,0.299999999999998);
#9780=CYLINDRICAL_SURFACE('',#10952,0.299999999999989);
#9781=CYLINDRICAL_SURFACE('',#10987,1.1);
#9782=CYLINDRICAL_SURFACE('',#10988,5.);
#9783=CYLINDRICAL_SURFACE('',#10990,5.);
#9784=CYLINDRICAL_SURFACE('',#10996,5.);
#9785=CYLINDRICAL_SURFACE('',#10998,1.2);
#9786=CYLINDRICAL_SURFACE('',#11002,1.1);
#9787=CYLINDRICAL_SURFACE('',#11007,0.499999999999545);
#9788=CYLINDRICAL_SURFACE('',#11008,1.2);
#9789=CYLINDRICAL_SURFACE('',#11019,1.1);
#9790=CYLINDRICAL_SURFACE('',#11124,1.);
#9791=CYLINDRICAL_SURFACE('',#11126,1.00000000000023);
#9792=CYLINDRICAL_SURFACE('',#11135,1.);
#9793=CYLINDRICAL_SURFACE('',#11136,1.00000000000023);
#9794=CYLINDRICAL_SURFACE('',#11138,1.2);
#9795=CYLINDRICAL_SURFACE('',#11140,0.2);
#9796=CYLINDRICAL_SURFACE('',#11142,0.2);
#9797=CYLINDRICAL_SURFACE('',#11144,0.2);
#9798=CYLINDRICAL_SURFACE('',#11146,0.2);
#9799=CYLINDRICAL_SURFACE('',#11148,5.);
#9800=CYLINDRICAL_SURFACE('',#11150,5.);
#9801=CYLINDRICAL_SURFACE('',#11152,1.);
#9802=CYLINDRICAL_SURFACE('',#11154,2.);
#9803=CYLINDRICAL_SURFACE('',#11155,0.200000000000102);
#9804=CYLINDRICAL_SURFACE('',#11157,0.199999999999818);
#9805=CYLINDRICAL_SURFACE('',#11158,1.);
#9806=CYLINDRICAL_SURFACE('',#11159,1.00000000000023);
#9807=CYLINDRICAL_SURFACE('',#11161,5.);
#9808=CYLINDRICAL_SURFACE('',#11241,0.999999999999724);
#9809=CYLINDRICAL_SURFACE('',#11243,0.999999999999804);
#9810=CYLINDRICAL_SURFACE('',#11251,0.999999999999724);
#9811=CYLINDRICAL_SURFACE('',#11253,0.999999999999806);
#9812=CYLINDRICAL_SURFACE('',#11256,0.999999999999818);
#9813=CYLINDRICAL_SURFACE('',#11258,1.00000000000014);
#9814=CYLINDRICAL_SURFACE('',#11266,0.999999999999819);
#9815=CYLINDRICAL_SURFACE('',#11268,1.00000000000013);
#9816=CYLINDRICAL_SURFACE('',#11285,1.74999999999972);
#9817=CYLINDRICAL_SURFACE('',#11286,1.74999999999972);
#9818=CYLINDRICAL_SURFACE('',#11287,1.75000000000001);
#9819=CYLINDRICAL_SURFACE('',#11288,1.75000000000001);
#9820=ADVANCED_FACE('',(#692),#9749,.T.);
#9821=ADVANCED_FACE('',(#693),#262,.T.);
#9822=ADVANCED_FACE('',(#694,#246),#263,.T.);
#9823=ADVANCED_FACE('',(#695),#9750,.T.);
#9824=ADVANCED_FACE('',(#696),#9751,.T.);
#9825=ADVANCED_FACE('',(#697),#242,.T.);
#9826=ADVANCED_FACE('',(#698),#9752,.T.);
#9827=ADVANCED_FACE('',(#699),#243,.T.);
#9828=ADVANCED_FACE('',(#700),#9753,.T.);
#9829=ADVANCED_FACE('',(#701),#244,.T.);
#9830=ADVANCED_FACE('',(#702),#9754,.T.);
#9831=ADVANCED_FACE('',(#703),#245,.T.);
#9832=ADVANCED_FACE('',(#704),#264,.T.);
#9833=ADVANCED_FACE('',(#705),#265,.T.);
#9834=ADVANCED_FACE('',(#706),#266,.T.);
#9835=ADVANCED_FACE('',(#707),#267,.F.);
#9836=ADVANCED_FACE('',(#708),#268,.F.);
#9837=ADVANCED_FACE('',(#709),#269,.F.);
#9838=ADVANCED_FACE('',(#710),#270,.F.);
#9839=ADVANCED_FACE('',(#711),#271,.F.);
#9840=ADVANCED_FACE('',(#712),#272,.T.);
#9841=ADVANCED_FACE('',(#713),#9755,.T.);
#9842=ADVANCED_FACE('',(#714),#9756,.F.);
#9843=ADVANCED_FACE('',(#715),#273,.T.);
#9844=ADVANCED_FACE('',(#716),#274,.T.);
#9845=ADVANCED_FACE('',(#717),#9757,.F.);
#9846=ADVANCED_FACE('',(#718),#275,.T.);
#9847=ADVANCED_FACE('',(#719),#9758,.T.);
#9848=ADVANCED_FACE('',(#720),#276,.T.);
#9849=ADVANCED_FACE('',(#721),#9759,.T.);
#9850=ADVANCED_FACE('',(#722),#277,.T.);
#9851=ADVANCED_FACE('',(#723),#9760,.T.);
#9852=ADVANCED_FACE('',(#724),#278,.F.);
#9853=ADVANCED_FACE('',(#725),#279,.T.);
#9854=ADVANCED_FACE('',(#726),#9761,.F.);
#9855=ADVANCED_FACE('',(#727,#247),#280,.T.);
#9856=ADVANCED_FACE('',(#728),#281,.T.);
#9857=ADVANCED_FACE('',(#729),#9762,.T.);
#9858=ADVANCED_FACE('',(#730),#282,.F.);
#9859=ADVANCED_FACE('',(#731),#283,.T.);
#9860=ADVANCED_FACE('',(#732),#284,.T.);
#9861=ADVANCED_FACE('',(#733),#9763,.F.);
#9862=ADVANCED_FACE('',(#734),#9764,.T.);
#9863=ADVANCED_FACE('',(#735),#285,.F.);
#9864=ADVANCED_FACE('',(#736),#286,.T.);
#9865=ADVANCED_FACE('',(#737),#9765,.F.);
#9866=ADVANCED_FACE('',(#738),#287,.T.);
#9867=ADVANCED_FACE('',(#739),#9766,.T.);
#9868=ADVANCED_FACE('',(#740),#288,.F.);
#9869=ADVANCED_FACE('',(#741),#289,.F.);
#9870=ADVANCED_FACE('',(#742),#9767,.T.);
#9871=ADVANCED_FACE('',(#743),#290,.F.);
#9872=ADVANCED_FACE('',(#744),#291,.T.);
#9873=ADVANCED_FACE('',(#745),#292,.T.);
#9874=ADVANCED_FACE('',(#746),#293,.T.);
#9875=ADVANCED_FACE('',(#747),#294,.T.);
#9876=ADVANCED_FACE('',(#748),#295,.T.);
#9877=ADVANCED_FACE('',(#749),#296,.T.);
#9878=ADVANCED_FACE('',(#750),#297,.T.);
#9879=ADVANCED_FACE('',(#751),#298,.T.);
#9880=ADVANCED_FACE('',(#752),#299,.T.);
#9881=ADVANCED_FACE('',(#753),#300,.T.);
#9882=ADVANCED_FACE('',(#754),#301,.T.);
#9883=ADVANCED_FACE('',(#755),#302,.T.);
#9884=ADVANCED_FACE('',(#756),#303,.T.);
#9885=ADVANCED_FACE('',(#757),#304,.T.);
#9886=ADVANCED_FACE('',(#758),#305,.T.);
#9887=ADVANCED_FACE('',(#759),#306,.T.);
#9888=ADVANCED_FACE('',(#760),#307,.T.);
#9889=ADVANCED_FACE('',(#761),#308,.T.);
#9890=ADVANCED_FACE('',(#762),#309,.T.);
#9891=ADVANCED_FACE('',(#763),#310,.T.);
#9892=ADVANCED_FACE('',(#764),#311,.T.);
#9893=ADVANCED_FACE('',(#765),#312,.T.);
#9894=ADVANCED_FACE('',(#766),#313,.T.);
#9895=ADVANCED_FACE('',(#767),#314,.T.);
#9896=ADVANCED_FACE('',(#768),#315,.T.);
#9897=ADVANCED_FACE('',(#769),#316,.T.);
#9898=ADVANCED_FACE('',(#770),#317,.T.);
#9899=ADVANCED_FACE('',(#771),#318,.T.);
#9900=ADVANCED_FACE('',(#772),#319,.T.);
#9901=ADVANCED_FACE('',(#773),#320,.T.);
#9902=ADVANCED_FACE('',(#774),#321,.T.);
#9903=ADVANCED_FACE('',(#775),#322,.T.);
#9904=ADVANCED_FACE('',(#776),#323,.T.);
#9905=ADVANCED_FACE('',(#777),#324,.T.);
#9906=ADVANCED_FACE('',(#778),#325,.T.);
#9907=ADVANCED_FACE('',(#779),#326,.T.);
#9908=ADVANCED_FACE('',(#780),#327,.T.);
#9909=ADVANCED_FACE('',(#781),#328,.T.);
#9910=ADVANCED_FACE('',(#782),#329,.T.);
#9911=ADVANCED_FACE('',(#783),#330,.T.);
#9912=ADVANCED_FACE('',(#784),#331,.T.);
#9913=ADVANCED_FACE('',(#785),#332,.T.);
#9914=ADVANCED_FACE('',(#786),#333,.T.);
#9915=ADVANCED_FACE('',(#787),#334,.T.);
#9916=ADVANCED_FACE('',(#788),#335,.T.);
#9917=ADVANCED_FACE('',(#789),#336,.T.);
#9918=ADVANCED_FACE('',(#790),#337,.F.);
#9919=ADVANCED_FACE('',(#791),#338,.F.);
#9920=ADVANCED_FACE('',(#792),#339,.F.);
#9921=ADVANCED_FACE('',(#793),#340,.F.);
#9922=ADVANCED_FACE('',(#794),#341,.F.);
#9923=ADVANCED_FACE('',(#795),#342,.F.);
#9924=ADVANCED_FACE('',(#796),#343,.F.);
#9925=ADVANCED_FACE('',(#797),#344,.F.);
#9926=ADVANCED_FACE('',(#798),#345,.F.);
#9927=ADVANCED_FACE('',(#799),#346,.F.);
#9928=ADVANCED_FACE('',(#800),#347,.F.);
#9929=ADVANCED_FACE('',(#801),#348,.F.);
#9930=ADVANCED_FACE('',(#802),#349,.F.);
#9931=ADVANCED_FACE('',(#803),#350,.F.);
#9932=ADVANCED_FACE('',(#804),#351,.F.);
#9933=ADVANCED_FACE('',(#805),#352,.F.);
#9934=ADVANCED_FACE('',(#806),#353,.F.);
#9935=ADVANCED_FACE('',(#807),#354,.F.);
#9936=ADVANCED_FACE('',(#808),#355,.F.);
#9937=ADVANCED_FACE('',(#809),#356,.F.);
#9938=ADVANCED_FACE('',(#810),#357,.F.);
#9939=ADVANCED_FACE('',(#811),#358,.F.);
#9940=ADVANCED_FACE('',(#812),#359,.F.);
#9941=ADVANCED_FACE('',(#813),#360,.F.);
#9942=ADVANCED_FACE('',(#814),#361,.F.);
#9943=ADVANCED_FACE('',(#815),#362,.F.);
#9944=ADVANCED_FACE('',(#816),#363,.F.);
#9945=ADVANCED_FACE('',(#817),#364,.F.);
#9946=ADVANCED_FACE('',(#818),#365,.F.);
#9947=ADVANCED_FACE('',(#819),#366,.F.);
#9948=ADVANCED_FACE('',(#820),#367,.F.);
#9949=ADVANCED_FACE('',(#821),#368,.F.);
#9950=ADVANCED_FACE('',(#822),#369,.F.);
#9951=ADVANCED_FACE('',(#823),#370,.F.);
#9952=ADVANCED_FACE('',(#824),#371,.F.);
#9953=ADVANCED_FACE('',(#825),#372,.F.);
#9954=ADVANCED_FACE('',(#826),#373,.F.);
#9955=ADVANCED_FACE('',(#827),#374,.F.);
#9956=ADVANCED_FACE('',(#828),#375,.F.);
#9957=ADVANCED_FACE('',(#829),#376,.F.);
#9958=ADVANCED_FACE('',(#830),#377,.F.);
#9959=ADVANCED_FACE('',(#831),#378,.F.);
#9960=ADVANCED_FACE('',(#832),#379,.F.);
#9961=ADVANCED_FACE('',(#833),#380,.F.);
#9962=ADVANCED_FACE('',(#834),#381,.F.);
#9963=ADVANCED_FACE('',(#835),#382,.F.);
#9964=ADVANCED_FACE('',(#836),#383,.F.);
#9965=ADVANCED_FACE('',(#837),#384,.F.);
#9966=ADVANCED_FACE('',(#838),#385,.F.);
#9967=ADVANCED_FACE('',(#839),#386,.F.);
#9968=ADVANCED_FACE('',(#840),#387,.F.);
#9969=ADVANCED_FACE('',(#841),#388,.F.);
#9970=ADVANCED_FACE('',(#842),#389,.F.);
#9971=ADVANCED_FACE('',(#843),#390,.F.);
#9972=ADVANCED_FACE('',(#844),#391,.F.);
#9973=ADVANCED_FACE('',(#845),#392,.F.);
#9974=ADVANCED_FACE('',(#846),#393,.F.);
#9975=ADVANCED_FACE('',(#847),#394,.F.);
#9976=ADVANCED_FACE('',(#848),#395,.F.);
#9977=ADVANCED_FACE('',(#849),#396,.F.);
#9978=ADVANCED_FACE('',(#850),#397,.F.);
#9979=ADVANCED_FACE('',(#851),#398,.F.);
#9980=ADVANCED_FACE('',(#852),#399,.F.);
#9981=ADVANCED_FACE('',(#853),#400,.F.);
#9982=ADVANCED_FACE('',(#854),#401,.F.);
#9983=ADVANCED_FACE('',(#855),#402,.F.);
#9984=ADVANCED_FACE('',(#856),#403,.F.);
#9985=ADVANCED_FACE('',(#857),#404,.F.);
#9986=ADVANCED_FACE('',(#858),#405,.F.);
#9987=ADVANCED_FACE('',(#859),#406,.F.);
#9988=ADVANCED_FACE('',(#860),#407,.F.);
#9989=ADVANCED_FACE('',(#861),#408,.F.);
#9990=ADVANCED_FACE('',(#862),#409,.F.);
#9991=ADVANCED_FACE('',(#863),#410,.F.);
#9992=ADVANCED_FACE('',(#864),#411,.F.);
#9993=ADVANCED_FACE('',(#865),#412,.F.);
#9994=ADVANCED_FACE('',(#866),#413,.F.);
#9995=ADVANCED_FACE('',(#867),#414,.F.);
#9996=ADVANCED_FACE('',(#868),#415,.F.);
#9997=ADVANCED_FACE('',(#869),#416,.F.);
#9998=ADVANCED_FACE('',(#870),#417,.F.);
#9999=ADVANCED_FACE('',(#871),#418,.F.);
#10000=ADVANCED_FACE('',(#872),#419,.F.);
#10001=ADVANCED_FACE('',(#873),#420,.F.);
#10002=ADVANCED_FACE('',(#874),#421,.F.);
#10003=ADVANCED_FACE('',(#875),#422,.F.);
#10004=ADVANCED_FACE('',(#876),#423,.F.);
#10005=ADVANCED_FACE('',(#877),#424,.F.);
#10006=ADVANCED_FACE('',(#878),#425,.F.);
#10007=ADVANCED_FACE('',(#879),#426,.F.);
#10008=ADVANCED_FACE('',(#880),#427,.F.);
#10009=ADVANCED_FACE('',(#881),#428,.F.);
#10010=ADVANCED_FACE('',(#882),#429,.F.);
#10011=ADVANCED_FACE('',(#883),#430,.F.);
#10012=ADVANCED_FACE('',(#884),#431,.F.);
#10013=ADVANCED_FACE('',(#885),#432,.F.);
#10014=ADVANCED_FACE('',(#886),#433,.F.);
#10015=ADVANCED_FACE('',(#887),#434,.F.);
#10016=ADVANCED_FACE('',(#888),#435,.F.);
#10017=ADVANCED_FACE('',(#889),#436,.F.);
#10018=ADVANCED_FACE('',(#890),#437,.F.);
#10019=ADVANCED_FACE('',(#891),#438,.F.);
#10020=ADVANCED_FACE('',(#892),#439,.F.);
#10021=ADVANCED_FACE('',(#893),#440,.F.);
#10022=ADVANCED_FACE('',(#894),#441,.F.);
#10023=ADVANCED_FACE('',(#895),#442,.F.);
#10024=ADVANCED_FACE('',(#896),#443,.F.);
#10025=ADVANCED_FACE('',(#897),#444,.F.);
#10026=ADVANCED_FACE('',(#898),#445,.F.);
#10027=ADVANCED_FACE('',(#899),#446,.F.);
#10028=ADVANCED_FACE('',(#900),#447,.F.);
#10029=ADVANCED_FACE('',(#901),#448,.F.);
#10030=ADVANCED_FACE('',(#902),#449,.F.);
#10031=ADVANCED_FACE('',(#903),#450,.F.);
#10032=ADVANCED_FACE('',(#904),#451,.F.);
#10033=ADVANCED_FACE('',(#905),#452,.F.);
#10034=ADVANCED_FACE('',(#906),#453,.F.);
#10035=ADVANCED_FACE('',(#907),#454,.F.);
#10036=ADVANCED_FACE('',(#908),#455,.F.);
#10037=ADVANCED_FACE('',(#909),#456,.F.);
#10038=ADVANCED_FACE('',(#910),#457,.T.);
#10039=ADVANCED_FACE('',(#911),#458,.T.);
#10040=ADVANCED_FACE('',(#912),#459,.F.);
#10041=ADVANCED_FACE('',(#913),#9768,.F.);
#10042=ADVANCED_FACE('',(#914),#460,.T.);
#10043=ADVANCED_FACE('',(#915),#9769,.F.);
#10044=ADVANCED_FACE('',(#916),#461,.T.);
#10045=ADVANCED_FACE('',(#917),#9770,.T.);
#10046=ADVANCED_FACE('',(#918),#462,.T.);
#10047=ADVANCED_FACE('',(#919),#9771,.F.);
#10048=ADVANCED_FACE('',(#920),#463,.T.);
#10049=ADVANCED_FACE('',(#921),#9772,.T.);
#10050=ADVANCED_FACE('',(#922),#9773,.T.);
#10051=ADVANCED_FACE('',(#923),#464,.T.);
#10052=ADVANCED_FACE('',(#924),#9774,.F.);
#10053=ADVANCED_FACE('',(#925),#465,.T.);
#10054=ADVANCED_FACE('',(#926),#9775,.T.);
#10055=ADVANCED_FACE('',(#927),#466,.T.);
#10056=ADVANCED_FACE('',(#928),#9776,.T.);
#10057=ADVANCED_FACE('',(#929),#467,.T.);
#10058=ADVANCED_FACE('',(#930),#468,.T.);
#10059=ADVANCED_FACE('',(#931),#469,.T.);
#10060=ADVANCED_FACE('',(#932),#470,.T.);
#10061=ADVANCED_FACE('',(#933),#23,.T.);
#10062=ADVANCED_FACE('',(#934),#471,.T.);
#10063=ADVANCED_FACE('',(#935),#24,.T.);
#10064=ADVANCED_FACE('',(#936),#472,.T.);
#10065=ADVANCED_FACE('',(#937),#25,.T.);
#10066=ADVANCED_FACE('',(#938),#473,.T.);
#10067=ADVANCED_FACE('',(#939),#26,.T.);
#10068=ADVANCED_FACE('',(#940),#9777,.T.);
#10069=ADVANCED_FACE('',(#941),#474,.T.);
#10070=ADVANCED_FACE('',(#942),#9778,.T.);
#10071=ADVANCED_FACE('',(#943),#475,.T.);
#10072=ADVANCED_FACE('',(#944,#248),#476,.F.);
#10073=ADVANCED_FACE('',(#945),#477,.T.);
#10074=ADVANCED_FACE('',(#946),#27,.T.);
#10075=ADVANCED_FACE('',(#947),#478,.T.);
#10076=ADVANCED_FACE('',(#948),#28,.T.);
#10077=ADVANCED_FACE('',(#949),#479,.T.);
#10078=ADVANCED_FACE('',(#950),#29,.T.);
#10079=ADVANCED_FACE('',(#951),#480,.T.);
#10080=ADVANCED_FACE('',(#952),#30,.T.);
#10081=ADVANCED_FACE('',(#953),#9779,.T.);
#10082=ADVANCED_FACE('',(#954),#481,.T.);
#10083=ADVANCED_FACE('',(#955),#9780,.T.);
#10084=ADVANCED_FACE('',(#956,#249),#482,.T.);
#10085=ADVANCED_FACE('',(#957),#483,.F.);
#10086=ADVANCED_FACE('',(#958),#484,.F.);
#10087=ADVANCED_FACE('',(#959),#485,.F.);
#10088=ADVANCED_FACE('',(#960),#486,.F.);
#10089=ADVANCED_FACE('',(#961),#487,.T.);
#10090=ADVANCED_FACE('',(#962),#488,.T.);
#10091=ADVANCED_FACE('',(#963),#489,.T.);
#10092=ADVANCED_FACE('',(#964),#490,.T.);
#10093=ADVANCED_FACE('',(#965),#491,.T.);
#10094=ADVANCED_FACE('',(#966),#492,.T.);
#10095=ADVANCED_FACE('',(#967),#493,.T.);
#10096=ADVANCED_FACE('',(#968),#494,.T.);
#10097=ADVANCED_FACE('',(#969),#495,.T.);
#10098=ADVANCED_FACE('',(#970),#496,.T.);
#10099=ADVANCED_FACE('',(#971),#497,.T.);
#10100=ADVANCED_FACE('',(#972),#498,.T.);
#10101=ADVANCED_FACE('',(#973),#499,.F.);
#10102=ADVANCED_FACE('',(#974),#500,.T.);
#10103=ADVANCED_FACE('',(#975),#501,.T.);
#10104=ADVANCED_FACE('',(#976),#502,.T.);
#10105=ADVANCED_FACE('',(#977),#503,.T.);
#10106=ADVANCED_FACE('',(#978),#504,.T.);
#10107=ADVANCED_FACE('',(#979),#505,.F.);
#10108=ADVANCED_FACE('',(#980),#506,.T.);
#10109=ADVANCED_FACE('',(#981),#19,.T.);
#10110=ADVANCED_FACE('',(#982),#9781,.F.);
#10111=ADVANCED_FACE('',(#983),#9782,.F.);
#10112=ADVANCED_FACE('',(#984),#9783,.F.);
#10113=ADVANCED_FACE('',(#985),#507,.F.);
#10114=ADVANCED_FACE('',(#986),#9784,.F.);
#10115=ADVANCED_FACE('',(#987),#9785,.T.);
#10116=ADVANCED_FACE('',(#988),#508,.T.);
#10117=ADVANCED_FACE('',(#989),#20,.T.);
#10118=ADVANCED_FACE('',(#990),#9786,.F.);
#10119=ADVANCED_FACE('',(#991),#509,.T.);
#10120=ADVANCED_FACE('',(#992),#9787,.F.);
#10121=ADVANCED_FACE('',(#993),#9788,.T.);
#10122=ADVANCED_FACE('',(#994),#510,.F.);
#10123=ADVANCED_FACE('',(#995),#511,.T.);
#10124=ADVANCED_FACE('',(#996),#9789,.F.);
#10125=ADVANCED_FACE('',(#997),#512,.T.);
#10126=ADVANCED_FACE('',(#998),#513,.T.);
#10127=ADVANCED_FACE('',(#999),#514,.F.);
#10128=ADVANCED_FACE('',(#1000),#515,.T.);
#10129=ADVANCED_FACE('',(#1001),#516,.T.);
#10130=ADVANCED_FACE('',(#1002),#517,.T.);
#10131=ADVANCED_FACE('',(#1003),#518,.T.);
#10132=ADVANCED_FACE('',(#1004),#519,.T.);
#10133=ADVANCED_FACE('',(#1005),#520,.T.);
#10134=ADVANCED_FACE('',(#1006),#521,.T.);
#10135=ADVANCED_FACE('',(#1007),#522,.T.);
#10136=ADVANCED_FACE('',(#1008),#523,.T.);
#10137=ADVANCED_FACE('',(#1009),#524,.T.);
#10138=ADVANCED_FACE('',(#1010),#525,.T.);
#10139=ADVANCED_FACE('',(#1011),#526,.T.);
#10140=ADVANCED_FACE('',(#1012),#527,.T.);
#10141=ADVANCED_FACE('',(#1013),#528,.T.);
#10142=ADVANCED_FACE('',(#1014),#529,.T.);
#10143=ADVANCED_FACE('',(#1015),#530,.T.);
#10144=ADVANCED_FACE('',(#1016),#531,.T.);
#10145=ADVANCED_FACE('',(#1017),#532,.T.);
#10146=ADVANCED_FACE('',(#1018),#533,.T.);
#10147=ADVANCED_FACE('',(#1019),#534,.T.);
#10148=ADVANCED_FACE('',(#1020),#535,.T.);
#10149=ADVANCED_FACE('',(#1021),#536,.T.);
#10150=ADVANCED_FACE('',(#1022),#537,.T.);
#10151=ADVANCED_FACE('',(#1023),#538,.T.);
#10152=ADVANCED_FACE('',(#1024),#539,.T.);
#10153=ADVANCED_FACE('',(#1025),#540,.T.);
#10154=ADVANCED_FACE('',(#1026),#541,.T.);
#10155=ADVANCED_FACE('',(#1027),#542,.T.);
#10156=ADVANCED_FACE('',(#1028),#543,.T.);
#10157=ADVANCED_FACE('',(#1029),#544,.T.);
#10158=ADVANCED_FACE('',(#1030),#545,.F.);
#10159=ADVANCED_FACE('',(#1031),#546,.F.);
#10160=ADVANCED_FACE('',(#1032),#547,.F.);
#10161=ADVANCED_FACE('',(#1033),#548,.F.);
#10162=ADVANCED_FACE('',(#1034),#549,.F.);
#10163=ADVANCED_FACE('',(#1035),#550,.F.);
#10164=ADVANCED_FACE('',(#1036),#551,.F.);
#10165=ADVANCED_FACE('',(#1037),#552,.F.);
#10166=ADVANCED_FACE('',(#1038),#553,.F.);
#10167=ADVANCED_FACE('',(#1039),#554,.F.);
#10168=ADVANCED_FACE('',(#1040),#555,.F.);
#10169=ADVANCED_FACE('',(#1041),#556,.F.);
#10170=ADVANCED_FACE('',(#1042),#557,.T.);
#10171=ADVANCED_FACE('',(#1043),#558,.F.);
#10172=ADVANCED_FACE('',(#1044),#559,.T.);
#10173=ADVANCED_FACE('',(#1045),#560,.T.);
#10174=ADVANCED_FACE('',(#1046),#561,.T.);
#10175=ADVANCED_FACE('',(#1047),#562,.T.);
#10176=ADVANCED_FACE('',(#1048),#563,.F.);
#10177=ADVANCED_FACE('',(#1049),#564,.F.);
#10178=ADVANCED_FACE('',(#1050),#565,.F.);
#10179=ADVANCED_FACE('',(#1051),#566,.F.);
#10180=ADVANCED_FACE('',(#1052),#567,.F.);
#10181=ADVANCED_FACE('',(#1053),#568,.F.);
#10182=ADVANCED_FACE('',(#1054),#569,.F.);
#10183=ADVANCED_FACE('',(#1055),#570,.F.);
#10184=ADVANCED_FACE('',(#1056),#571,.F.);
#10185=ADVANCED_FACE('',(#1057),#572,.F.);
#10186=ADVANCED_FACE('',(#1058),#573,.F.);
#10187=ADVANCED_FACE('',(#1059),#574,.F.);
#10188=ADVANCED_FACE('',(#1060),#575,.F.);
#10189=ADVANCED_FACE('',(#1061),#576,.T.);
#10190=ADVANCED_FACE('',(#1062),#577,.T.);
#10191=ADVANCED_FACE('',(#1063),#578,.T.);
#10192=ADVANCED_FACE('',(#1064),#579,.T.);
#10193=ADVANCED_FACE('',(#1065),#580,.T.);
#10194=ADVANCED_FACE('',(#1066),#581,.T.);
#10195=ADVANCED_FACE('',(#1067),#582,.T.);
#10196=ADVANCED_FACE('',(#1068),#583,.T.);
#10197=ADVANCED_FACE('',(#1069),#584,.T.);
#10198=ADVANCED_FACE('',(#1070),#585,.T.);
#10199=ADVANCED_FACE('',(#1071),#586,.T.);
#10200=ADVANCED_FACE('',(#1072),#587,.T.);
#10201=ADVANCED_FACE('',(#1073),#588,.T.);
#10202=ADVANCED_FACE('',(#1074),#589,.T.);
#10203=ADVANCED_FACE('',(#1075),#590,.T.);
#10204=ADVANCED_FACE('',(#1076),#591,.T.);
#10205=ADVANCED_FACE('',(#1077,#250),#592,.T.);
#10206=ADVANCED_FACE('',(#1078),#593,.T.);
#10207=ADVANCED_FACE('',(#1079,#251),#594,.T.);
#10208=ADVANCED_FACE('',(#1080),#595,.T.);
#10209=ADVANCED_FACE('',(#1081),#596,.T.);
#10210=ADVANCED_FACE('',(#1082),#597,.T.);
#10211=ADVANCED_FACE('',(#1083),#9790,.T.);
#10212=ADVANCED_FACE('',(#1084),#9791,.T.);
#10213=ADVANCED_FACE('',(#1085),#598,.T.);
#10214=ADVANCED_FACE('',(#1086),#599,.F.);
#10215=ADVANCED_FACE('',(#1087),#600,.F.);
#10216=ADVANCED_FACE('',(#1088),#9792,.T.);
#10217=ADVANCED_FACE('',(#1089),#9793,.T.);
#10218=ADVANCED_FACE('',(#1090),#601,.T.);
#10219=ADVANCED_FACE('',(#1091),#9794,.T.);
#10220=ADVANCED_FACE('',(#1092),#9795,.T.);
#10221=ADVANCED_FACE('',(#1093),#602,.T.);
#10222=ADVANCED_FACE('',(#1094),#9796,.T.);
#10223=ADVANCED_FACE('',(#1095),#603,.T.);
#10224=ADVANCED_FACE('',(#1096),#21,.T.);
#10225=ADVANCED_FACE('',(#1097),#9797,.T.);
#10226=ADVANCED_FACE('',(#1098),#604,.T.);
#10227=ADVANCED_FACE('',(#1099),#9798,.T.);
#10228=ADVANCED_FACE('',(#1100),#605,.T.);
#10229=ADVANCED_FACE('',(#1101),#9799,.F.);
#10230=ADVANCED_FACE('',(#1102),#606,.T.);
#10231=ADVANCED_FACE('',(#1103),#9800,.T.);
#10232=ADVANCED_FACE('',(#1104),#607,.T.);
#10233=ADVANCED_FACE('',(#1105),#9801,.T.);
#10234=ADVANCED_FACE('',(#1106),#608,.T.);
#10235=ADVANCED_FACE('',(#1107),#9802,.F.);
#10236=ADVANCED_FACE('',(#1108),#9803,.T.);
#10237=ADVANCED_FACE('',(#1109),#609,.T.);
#10238=ADVANCED_FACE('',(#1110),#9804,.T.);
#10239=ADVANCED_FACE('',(#1111),#9805,.F.);
#10240=ADVANCED_FACE('',(#1112),#9806,.T.);
#10241=ADVANCED_FACE('',(#1113),#610,.T.);
#10242=ADVANCED_FACE('',(#1114),#9807,.T.);
#10243=ADVANCED_FACE('',(#1115),#611,.T.);
#10244=ADVANCED_FACE('',(#1116),#22,.T.);
#10245=ADVANCED_FACE('',(#1117),#612,.F.);
#10246=ADVANCED_FACE('',(#1118),#613,.F.);
#10247=ADVANCED_FACE('',(#1119),#614,.F.);
#10248=ADVANCED_FACE('',(#1120),#615,.F.);
#10249=ADVANCED_FACE('',(#1121),#616,.T.);
#10250=ADVANCED_FACE('',(#1122),#617,.T.);
#10251=ADVANCED_FACE('',(#1123),#618,.T.);
#10252=ADVANCED_FACE('',(#1124),#619,.T.);
#10253=ADVANCED_FACE('',(#1125),#620,.T.);
#10254=ADVANCED_FACE('',(#1126),#621,.T.);
#10255=ADVANCED_FACE('',(#1127,#252),#622,.T.);
#10256=ADVANCED_FACE('',(#1128,#253),#623,.F.);
#10257=ADVANCED_FACE('',(#1129,#254,#255,#256,#257),#624,.F.);
#10258=ADVANCED_FACE('',(#1130),#625,.T.);
#10259=ADVANCED_FACE('',(#1131),#626,.T.);
#10260=ADVANCED_FACE('',(#1132,#258,#259,#260,#261),#627,.T.);
#10261=ADVANCED_FACE('',(#1133),#628,.T.);
#10262=ADVANCED_FACE('',(#1134),#629,.T.);
#10263=ADVANCED_FACE('',(#1135),#630,.T.);
#10264=ADVANCED_FACE('',(#1136),#631,.T.);
#10265=ADVANCED_FACE('',(#1137),#632,.T.);
#10266=ADVANCED_FACE('',(#1138),#633,.T.);
#10267=ADVANCED_FACE('',(#1139),#634,.T.);
#10268=ADVANCED_FACE('',(#1140),#635,.T.);
#10269=ADVANCED_FACE('',(#1141),#636,.F.);
#10270=ADVANCED_FACE('',(#1142),#637,.T.);
#10271=ADVANCED_FACE('',(#1143),#638,.T.);
#10272=ADVANCED_FACE('',(#1144),#639,.T.);
#10273=ADVANCED_FACE('',(#1145),#640,.T.);
#10274=ADVANCED_FACE('',(#1146),#641,.T.);
#10275=ADVANCED_FACE('',(#1147),#642,.F.);
#10276=ADVANCED_FACE('',(#1148),#643,.T.);
#10277=ADVANCED_FACE('',(#1149),#644,.T.);
#10278=ADVANCED_FACE('',(#1150),#645,.T.);
#10279=ADVANCED_FACE('',(#1151),#646,.T.);
#10280=ADVANCED_FACE('',(#1152),#647,.T.);
#10281=ADVANCED_FACE('',(#1153),#648,.T.);
#10282=ADVANCED_FACE('',(#1154),#649,.T.);
#10283=ADVANCED_FACE('',(#1155),#9808,.T.);
#10284=ADVANCED_FACE('',(#1156),#650,.T.);
#10285=ADVANCED_FACE('',(#1157),#9809,.T.);
#10286=ADVANCED_FACE('',(#1158),#651,.T.);
#10287=ADVANCED_FACE('',(#1159),#652,.T.);
#10288=ADVANCED_FACE('',(#1160),#653,.T.);
#10289=ADVANCED_FACE('',(#1161),#654,.T.);
#10290=ADVANCED_FACE('',(#1162),#655,.T.);
#10291=ADVANCED_FACE('',(#1163),#656,.T.);
#10292=ADVANCED_FACE('',(#1164),#657,.T.);
#10293=ADVANCED_FACE('',(#1165),#9810,.T.);
#10294=ADVANCED_FACE('',(#1166),#658,.T.);
#10295=ADVANCED_FACE('',(#1167),#9811,.T.);
#10296=ADVANCED_FACE('',(#1168),#659,.T.);
#10297=ADVANCED_FACE('',(#1169),#660,.T.);
#10298=ADVANCED_FACE('',(#1170),#9812,.T.);
#10299=ADVANCED_FACE('',(#1171),#661,.T.);
#10300=ADVANCED_FACE('',(#1172),#9813,.T.);
#10301=ADVANCED_FACE('',(#1173),#662,.T.);
#10302=ADVANCED_FACE('',(#1174),#663,.T.);
#10303=ADVANCED_FACE('',(#1175),#664,.T.);
#10304=ADVANCED_FACE('',(#1176),#665,.T.);
#10305=ADVANCED_FACE('',(#1177),#666,.T.);
#10306=ADVANCED_FACE('',(#1178),#667,.T.);
#10307=ADVANCED_FACE('',(#1179),#668,.T.);
#10308=ADVANCED_FACE('',(#1180),#9814,.T.);
#10309=ADVANCED_FACE('',(#1181),#669,.T.);
#10310=ADVANCED_FACE('',(#1182),#9815,.T.);
#10311=ADVANCED_FACE('',(#1183),#670,.T.);
#10312=ADVANCED_FACE('',(#1184),#671,.T.);
#10313=ADVANCED_FACE('',(#1185),#672,.T.);
#10314=ADVANCED_FACE('',(#1186),#673,.T.);
#10315=ADVANCED_FACE('',(#1187),#674,.T.);
#10316=ADVANCED_FACE('',(#1188),#675,.T.);
#10317=ADVANCED_FACE('',(#1189),#676,.T.);
#10318=ADVANCED_FACE('',(#1190),#677,.T.);
#10319=ADVANCED_FACE('',(#1191),#678,.T.);
#10320=ADVANCED_FACE('',(#1192),#679,.T.);
#10321=ADVANCED_FACE('',(#1193),#680,.T.);
#10322=ADVANCED_FACE('',(#1194),#681,.T.);
#10323=ADVANCED_FACE('',(#1195),#682,.T.);
#10324=ADVANCED_FACE('',(#1196),#683,.T.);
#10325=ADVANCED_FACE('',(#1197),#684,.T.);
#10326=ADVANCED_FACE('',(#1198),#685,.T.);
#10327=ADVANCED_FACE('',(#1199),#9816,.F.);
#10328=ADVANCED_FACE('',(#1200),#9817,.F.);
#10329=ADVANCED_FACE('',(#1201),#9818,.F.);
#10330=ADVANCED_FACE('',(#1202),#9819,.F.);
#10331=ADVANCED_FACE('',(#1203),#686,.T.);
#10332=ADVANCED_FACE('',(#1204),#687,.T.);
#10333=ADVANCED_FACE('',(#1205),#688,.T.);
#10334=ADVANCED_FACE('',(#1206),#689,.T.);
#10335=ADVANCED_FACE('',(#1207),#690,.T.);
#10336=ADVANCED_FACE('',(#1208),#691,.F.);
#10337=CLOSED_SHELL('',(#9820,#9821,#9822,#9823,#9824,#9825,#9826,#9827,
#9828,#9829,#9830,#9831,#9832,#9833,#9834,#9835,#9836,#9837,#9838,#9839,
#9840,#9841,#9842,#9843,#9844,#9845,#9846,#9847,#9848,#9849,#9850,#9851,
#9852));
#10338=CLOSED_SHELL('',(#9853,#9854,#9855,#9856,#9857,#9858,#9859,#9860,
#9861,#9862,#9863,#9864,#9865,#9866,#9867,#9868,#9869,#9870,#9871,#9872,
#9873,#9874,#9875,#9876,#9877,#9878,#9879,#9880,#9881,#9882,#9883,#9884,
#9885,#9886,#9887,#9888,#9889,#9890,#9891,#9892,#9893,#9894,#9895,#9896,
#9897,#9898,#9899,#9900,#9901,#9902,#9903,#9904,#9905,#9906,#9907,#9908,
#9909,#9910,#9911,#9912,#9913,#9914,#9915,#9916,#9917,#9918,#9919,#9920,
#9921,#9922,#9923,#9924,#9925,#9926,#9927,#9928,#9929,#9930,#9931,#9932,
#9933,#9934,#9935,#9936,#9937,#9938,#9939,#9940,#9941,#9942,#9943,#9944,
#9945,#9946,#9947,#9948,#9949,#9950,#9951,#9952,#9953,#9954,#9955,#9956,
#9957,#9958,#9959,#9960,#9961,#9962,#9963,#9964,#9965,#9966,#9967,#9968,
#9969,#9970,#9971,#9972,#9973,#9974,#9975,#9976,#9977,#9978,#9979,#9980,
#9981,#9982,#9983,#9984,#9985,#9986,#9987,#9988,#9989,#9990,#9991,#9992,
#9993,#9994,#9995,#9996,#9997,#9998,#9999,#10000,#10001,#10002,#10003,#10004,
#10005,#10006,#10007,#10008,#10009,#10010,#10011,#10012,#10013,#10014,#10015,
#10016,#10017,#10018,#10019,#10020,#10021,#10022,#10023,#10024,#10025,#10026,
#10027,#10028,#10029,#10030,#10031,#10032,#10033,#10034,#10035,#10036,#10037,
#10038,#10039,#10040,#10041,#10042,#10043,#10044,#10045,#10046,#10047,#10048,
#10049,#10050,#10051,#10052,#10053,#10054,#10055,#10056,#10057,#10058,#10059));
#10339=CLOSED_SHELL('',(#10060,#10061,#10062,#10063,#10064,#10065,#10066,
#10067,#10068,#10069,#10070,#10071,#10072,#10073,#10074,#10075,#10076,#10077,
#10078,#10079,#10080,#10081,#10082,#10083,#10084,#10085,#10086,#10087,#10088,
#10089));
#10340=CLOSED_SHELL('',(#10090,#10091,#10092,#10093,#10094,#10095));
#10341=CLOSED_SHELL('',(#10096,#10097,#10098,#10099,#10100,#10101));
#10342=CLOSED_SHELL('',(#10102,#10103,#10104,#10105,#10106,#10107));
#10343=CLOSED_SHELL('',(#10108,#10109,#10110,#10111,#10112,#10113,#10114,
#10115,#10116,#10117,#10118,#10119,#10120,#10121,#10122,#10123,#10124,#10125,
#10126,#10127,#10128,#10129,#10130,#10131,#10132,#10133,#10134,#10135,#10136,
#10137,#10138,#10139,#10140,#10141,#10142,#10143,#10144,#10145,#10146,#10147,
#10148,#10149,#10150,#10151,#10152,#10153,#10154,#10155,#10156,#10157,#10158,
#10159,#10160,#10161,#10162,#10163,#10164,#10165,#10166,#10167,#10168,#10169,
#10170,#10171,#10172,#10173,#10174,#10175,#10176,#10177,#10178,#10179,#10180,
#10181,#10182,#10183,#10184,#10185,#10186,#10187,#10188,#10189,#10190,#10191,
#10192,#10193,#10194,#10195,#10196,#10197,#10198,#10199,#10200,#10201,#10202,
#10203,#10204,#10205,#10206,#10207,#10208,#10209,#10210,#10211,#10212,#10213,
#10214,#10215,#10216,#10217,#10218,#10219,#10220,#10221,#10222,#10223,#10224,
#10225,#10226,#10227,#10228,#10229,#10230,#10231,#10232,#10233,#10234,#10235,
#10236,#10237,#10238,#10239,#10240,#10241,#10242,#10243,#10244));
#10344=CLOSED_SHELL('',(#10245,#10246,#10247,#10248,#10249,#10250,#10251,
#10252,#10253,#10254,#10255,#10256));
#10345=CLOSED_SHELL('',(#10257,#10258,#10259,#10260,#10261,#10262,#10263,
#10264,#10265,#10266,#10267,#10268,#10269,#10270,#10271,#10272,#10273,#10274,
#10275,#10276,#10277,#10278,#10279,#10280,#10281,#10282,#10283,#10284,#10285,
#10286,#10287,#10288,#10289,#10290,#10291,#10292,#10293,#10294,#10295,#10296,
#10297,#10298,#10299,#10300,#10301,#10302,#10303,#10304,#10305,#10306,#10307,
#10308,#10309,#10310,#10311,#10312,#10313,#10314,#10315,#10316,#10317,#10318,
#10319,#10320,#10321,#10322,#10323,#10324,#10325,#10326,#10327,#10328,#10329,
#10330));
#10346=CLOSED_SHELL('',(#10331,#10332,#10333,#10334,#10335,#10336));
#10347=DERIVED_UNIT_ELEMENT(#10365,1.);
#10348=DERIVED_UNIT_ELEMENT(#17040,3.);
#10349=DERIVED_UNIT_ELEMENT(#10365,1.);
#10350=DERIVED_UNIT_ELEMENT(#17040,3.);
#10351=DERIVED_UNIT_ELEMENT(#10365,1.);
#10352=DERIVED_UNIT_ELEMENT(#17040,3.);
#10353=DERIVED_UNIT_ELEMENT(#10365,1.);
#10354=DERIVED_UNIT_ELEMENT(#17040,3.);
#10355=DERIVED_UNIT_ELEMENT(#10365,1.);
#10356=DERIVED_UNIT_ELEMENT(#17040,3.);
#10357=DERIVED_UNIT_ELEMENT(#10365,1.);
#10358=DERIVED_UNIT_ELEMENT(#17040,3.);
#10359=DERIVED_UNIT_ELEMENT(#10365,1.);
#10360=DERIVED_UNIT_ELEMENT(#17040,3.);
#10361=DERIVED_UNIT_ELEMENT(#10365,1.);
#10362=DERIVED_UNIT_ELEMENT(#17040,3.);
#10363=DERIVED_UNIT_ELEMENT(#10365,1.);
#10364=DERIVED_UNIT_ELEMENT(#17040,3.);
#10365=(
MASS_UNIT()
NAMED_UNIT(*)
SI_UNIT($,.GRAM.)
);
#10366=DERIVED_UNIT((#10347,#10348));
#10367=DERIVED_UNIT((#10349,#10350));
#10368=DERIVED_UNIT((#10351,#10352));
#10369=DERIVED_UNIT((#10353,#10354));
#10370=DERIVED_UNIT((#10355,#10356));
#10371=DERIVED_UNIT((#10357,#10358));
#10372=DERIVED_UNIT((#10359,#10360));
#10373=DERIVED_UNIT((#10361,#10362));
#10374=DERIVED_UNIT((#10363,#10364));
#10375=MEASURE_REPRESENTATION_ITEM('density measure',
POSITIVE_RATIO_MEASURE(1.),#10366);
#10376=MEASURE_REPRESENTATION_ITEM('density measure',
POSITIVE_RATIO_MEASURE(1.),#10367);
#10377=MEASURE_REPRESENTATION_ITEM('density measure',
POSITIVE_RATIO_MEASURE(1.),#10368);
#10378=MEASURE_REPRESENTATION_ITEM('density measure',
POSITIVE_RATIO_MEASURE(1.),#10369);
#10379=MEASURE_REPRESENTATION_ITEM('density measure',
POSITIVE_RATIO_MEASURE(1.2),#10370);
#10380=MEASURE_REPRESENTATION_ITEM('density measure',
POSITIVE_RATIO_MEASURE(8.94),#10371);
#10381=MEASURE_REPRESENTATION_ITEM('density measure',
POSITIVE_RATIO_MEASURE(3.18),#10372);
#10382=MEASURE_REPRESENTATION_ITEM('density measure',
POSITIVE_RATIO_MEASURE(1.),#10373);
#10383=MEASURE_REPRESENTATION_ITEM('density measure',
POSITIVE_RATIO_MEASURE(1.),#10374);
#10384=PROPERTY_DEFINITION_REPRESENTATION(#10429,#10402);
#10385=PROPERTY_DEFINITION_REPRESENTATION(#10430,#10403);
#10386=PROPERTY_DEFINITION_REPRESENTATION(#10431,#10404);
#10387=PROPERTY_DEFINITION_REPRESENTATION(#10432,#10405);
#10388=PROPERTY_DEFINITION_REPRESENTATION(#10433,#10406);
#10389=PROPERTY_DEFINITION_REPRESENTATION(#10434,#10407);
#10390=PROPERTY_DEFINITION_REPRESENTATION(#10435,#10408);
#10391=PROPERTY_DEFINITION_REPRESENTATION(#10436,#10409);
#10392=PROPERTY_DEFINITION_REPRESENTATION(#10437,#10410);
#10393=PROPERTY_DEFINITION_REPRESENTATION(#10438,#10411);
#10394=PROPERTY_DEFINITION_REPRESENTATION(#10439,#10412);
#10395=PROPERTY_DEFINITION_REPRESENTATION(#10440,#10413);
#10396=PROPERTY_DEFINITION_REPRESENTATION(#10441,#10414);
#10397=PROPERTY_DEFINITION_REPRESENTATION(#10442,#10415);
#10398=PROPERTY_DEFINITION_REPRESENTATION(#10443,#10416);
#10399=PROPERTY_DEFINITION_REPRESENTATION(#10444,#10417);
#10400=PROPERTY_DEFINITION_REPRESENTATION(#10445,#10418);
#10401=PROPERTY_DEFINITION_REPRESENTATION(#10446,#10419);
#10402=REPRESENTATION('material name',(#10420),#17027);
#10403=REPRESENTATION('density',(#10375),#17027);
#10404=REPRESENTATION('material name',(#10421),#17028);
#10405=REPRESENTATION('density',(#10376),#17028);
#10406=REPRESENTATION('material name',(#10422),#17030);
#10407=REPRESENTATION('density',(#10377),#17030);
#10408=REPRESENTATION('material name',(#10423),#17031);
#10409=REPRESENTATION('density',(#10378),#17031);
#10410=REPRESENTATION('material name',(#10424),#17032);
#10411=REPRESENTATION('density',(#10379),#17032);
#10412=REPRESENTATION('material name',(#10425),#17033);
#10413=REPRESENTATION('density',(#10380),#17033);
#10414=REPRESENTATION('material name',(#10426),#17034);
#10415=REPRESENTATION('density',(#10381),#17034);
#10416=REPRESENTATION('material name',(#10427),#17036);
#10417=REPRESENTATION('density',(#10382),#17036);
#10418=REPRESENTATION('material name',(#10428),#17037);
#10419=REPRESENTATION('density',(#10383),#17037);
#10420=DESCRIPTIVE_REPRESENTATION_ITEM('Generic','Generic');
#10421=DESCRIPTIVE_REPRESENTATION_ITEM('Generic','Generic');
#10422=DESCRIPTIVE_REPRESENTATION_ITEM('Generic','Generic');
#10423=DESCRIPTIVE_REPRESENTATION_ITEM('Generic','Generic');
#10424=DESCRIPTIVE_REPRESENTATION_ITEM('Polycarbonate, Clear',
'Polycarbonate, Clear');
#10425=DESCRIPTIVE_REPRESENTATION_ITEM('Copper','Copper');
#10426=DESCRIPTIVE_REPRESENTATION_ITEM('Silicon Nitride',
'Silicon Nitride');
#10427=DESCRIPTIVE_REPRESENTATION_ITEM('Generic','Generic');
#10428=DESCRIPTIVE_REPRESENTATION_ITEM('Generic','Generic');
#10429=PROPERTY_DEFINITION('material property','material name',#17097);
#10430=PROPERTY_DEFINITION('material property','density of part',#17097);
#10431=PROPERTY_DEFINITION('material property','material name',#17098);
#10432=PROPERTY_DEFINITION('material property','density of part',#17098);
#10433=PROPERTY_DEFINITION('material property','material name',#17100);
#10434=PROPERTY_DEFINITION('material property','density of part',#17100);
#10435=PROPERTY_DEFINITION('material property','material name',#17101);
#10436=PROPERTY_DEFINITION('material property','density of part',#17101);
#10437=PROPERTY_DEFINITION('material property','material name',#17102);
#10438=PROPERTY_DEFINITION('material property','density of part',#17102);
#10439=PROPERTY_DEFINITION('material property','material name',#17103);
#10440=PROPERTY_DEFINITION('material property','density of part',#17103);
#10441=PROPERTY_DEFINITION('material property','material name',#17104);
#10442=PROPERTY_DEFINITION('material property','density of part',#17104);
#10443=PROPERTY_DEFINITION('material property','material name',#17106);
#10444=PROPERTY_DEFINITION('material property','density of part',#17106);
#10445=PROPERTY_DEFINITION('material property','material name',#17107);
#10446=PROPERTY_DEFINITION('material property','density of part',#17107);
#10447=PRESENTATION_STYLE_ASSIGNMENT((#10459));
#10448=PRESENTATION_STYLE_ASSIGNMENT((#10460));
#10449=PRESENTATION_STYLE_ASSIGNMENT((#10461));
#10450=PRESENTATION_STYLE_ASSIGNMENT((#10462));
#10451=PRESENTATION_STYLE_ASSIGNMENT((#10463));
#10452=PRESENTATION_STYLE_ASSIGNMENT((#10464));
#10453=PRESENTATION_STYLE_ASSIGNMENT((#10465));
#10454=PRESENTATION_STYLE_ASSIGNMENT((#10466));
#10455=PRESENTATION_STYLE_ASSIGNMENT((#10467));
#10456=PRESENTATION_STYLE_ASSIGNMENT((#10468));
#10457=PRESENTATION_STYLE_ASSIGNMENT((#10469));
#10458=PRESENTATION_STYLE_ASSIGNMENT((#10470));
#10459=SURFACE_STYLE_USAGE(.BOTH.,#10471);
#10460=SURFACE_STYLE_USAGE(.BOTH.,#10472);
#10461=SURFACE_STYLE_USAGE(.BOTH.,#10473);
#10462=SURFACE_STYLE_USAGE(.BOTH.,#10474);
#10463=SURFACE_STYLE_USAGE(.BOTH.,#10475);
#10464=SURFACE_STYLE_USAGE(.BOTH.,#10476);
#10465=SURFACE_STYLE_USAGE(.BOTH.,#10477);
#10466=SURFACE_STYLE_USAGE(.BOTH.,#10478);
#10467=SURFACE_STYLE_USAGE(.BOTH.,#10479);
#10468=SURFACE_STYLE_USAGE(.BOTH.,#10480);
#10469=SURFACE_STYLE_USAGE(.BOTH.,#10481);
#10470=SURFACE_STYLE_USAGE(.BOTH.,#10482);
#10471=SURFACE_SIDE_STYLE('',(#10483));
#10472=SURFACE_SIDE_STYLE('',(#10484));
#10473=SURFACE_SIDE_STYLE('',(#10485));
#10474=SURFACE_SIDE_STYLE('',(#10486));
#10475=SURFACE_SIDE_STYLE('',(#10487));
#10476=SURFACE_SIDE_STYLE('',(#10488));
#10477=SURFACE_SIDE_STYLE('',(#10489));
#10478=SURFACE_SIDE_STYLE('',(#10490));
#10479=SURFACE_SIDE_STYLE('',(#10491));
#10480=SURFACE_SIDE_STYLE('',(#10492));
#10481=SURFACE_SIDE_STYLE('',(#10493));
#10482=SURFACE_SIDE_STYLE('',(#10494));
#10483=SURFACE_STYLE_FILL_AREA(#10495);
#10484=SURFACE_STYLE_FILL_AREA(#10496);
#10485=SURFACE_STYLE_FILL_AREA(#10497);
#10486=SURFACE_STYLE_FILL_AREA(#10498);
#10487=SURFACE_STYLE_FILL_AREA(#10499);
#10488=SURFACE_STYLE_FILL_AREA(#10500);
#10489=SURFACE_STYLE_FILL_AREA(#10501);
#10490=SURFACE_STYLE_FILL_AREA(#10502);
#10491=SURFACE_STYLE_FILL_AREA(#10503);
#10492=SURFACE_STYLE_FILL_AREA(#10504);
#10493=SURFACE_STYLE_FILL_AREA(#10505);
#10494=SURFACE_STYLE_FILL_AREA(#10506);
#10495=FILL_AREA_STYLE('',(#10507));
#10496=FILL_AREA_STYLE('',(#10508));
#10497=FILL_AREA_STYLE('',(#10509));
#10498=FILL_AREA_STYLE('',(#10510));
#10499=FILL_AREA_STYLE('',(#10511));
#10500=FILL_AREA_STYLE('',(#10512));
#10501=FILL_AREA_STYLE('',(#10513));
#10502=FILL_AREA_STYLE('',(#10514));
#10503=FILL_AREA_STYLE('',(#10515));
#10504=FILL_AREA_STYLE('',(#10516));
#10505=FILL_AREA_STYLE('',(#10517));
#10506=FILL_AREA_STYLE('',(#10518));
#10507=FILL_AREA_STYLE_COLOUR('',#10519);
#10508=FILL_AREA_STYLE_COLOUR('',#10520);
#10509=FILL_AREA_STYLE_COLOUR('',#10521);
#10510=FILL_AREA_STYLE_COLOUR('',#10522);
#10511=FILL_AREA_STYLE_COLOUR('',#10523);
#10512=FILL_AREA_STYLE_COLOUR('',#10524);
#10513=FILL_AREA_STYLE_COLOUR('',#10525);
#10514=FILL_AREA_STYLE_COLOUR('',#10526);
#10515=FILL_AREA_STYLE_COLOUR('',#10527);
#10516=FILL_AREA_STYLE_COLOUR('',#10528);
#10517=FILL_AREA_STYLE_COLOUR('',#10529);
#10518=FILL_AREA_STYLE_COLOUR('',#10530);
#10519=COLOUR_RGB('',0.956862745098039,0.956862745098039,0.956862745098039);
#10520=COLOUR_RGB('',0.,0.,0.);
#10521=COLOUR_RGB('',0.737254901960784,0.313725490196078,0.184313725490196);
#10522=COLOUR_RGB('',1.,0.56078431372549,0.184313725490196);
#10523=COLOUR_RGB('',0.0392156862745098,0.0392156862745098,0.0392156862745098);
#10524=COLOUR_RGB('',0.87843137254902,0.874509803921569,0.858823529411765);
#10525=COLOUR_RGB('',0.925490196078431,0.945098039215686,0.937254901960784);
#10526=COLOUR_RGB('',0.8,0.8,0.8);
#10527=COLOUR_RGB('',0.352941176470588,0.384313725490196,0.4);
#10528=COLOUR_RGB('',0.67843137254902,0.67843137254902,0.67843137254902);
#10529=COLOUR_RGB('',0.749019607843137,0.749019607843137,0.749019607843137);
#10530=COLOUR_RGB('',0.372549019607843,0.372549019607843,0.380392156862745);
#10531=DATE_TIME_ROLE('creation_date');
#10532=DATE_TIME_ROLE('creation_date');
#10533=DATE_TIME_ROLE('creation_date');
#10534=DATE_TIME_ROLE('creation_date');
#10535=DATE_TIME_ROLE('creation_date');
#10536=DATE_TIME_ROLE('creation_date');
#10537=DATE_TIME_ROLE('creation_date');
#10538=DATE_TIME_ROLE('creation_date');
#10539=DATE_TIME_ROLE('creation_date');
#10540=DATE_TIME_ROLE('creation_date');
#10541=DATE_TIME_ROLE('creation_date');
#10542=DATE_TIME_ROLE('creation_date');
#10543=DATE_TIME_ROLE('creation_date');
#10544=APPLIED_DATE_AND_TIME_ASSIGNMENT(#10557,#10531,(#17095));
#10545=APPLIED_DATE_AND_TIME_ASSIGNMENT(#10558,#10532,(#17096));
#10546=APPLIED_DATE_AND_TIME_ASSIGNMENT(#10559,#10533,(#17097));
#10547=APPLIED_DATE_AND_TIME_ASSIGNMENT(#10560,#10534,(#17098));
#10548=APPLIED_DATE_AND_TIME_ASSIGNMENT(#10561,#10535,(#17099));
#10549=APPLIED_DATE_AND_TIME_ASSIGNMENT(#10562,#10536,(#17100));
#10550=APPLIED_DATE_AND_TIME_ASSIGNMENT(#10563,#10537,(#17101));
#10551=APPLIED_DATE_AND_TIME_ASSIGNMENT(#10564,#10538,(#17102));
#10552=APPLIED_DATE_AND_TIME_ASSIGNMENT(#10565,#10539,(#17103));
#10553=APPLIED_DATE_AND_TIME_ASSIGNMENT(#10566,#10540,(#17104));
#10554=APPLIED_DATE_AND_TIME_ASSIGNMENT(#10567,#10541,(#17105));
#10555=APPLIED_DATE_AND_TIME_ASSIGNMENT(#10568,#10542,(#17106));
#10556=APPLIED_DATE_AND_TIME_ASSIGNMENT(#10569,#10543,(#17107));
#10557=DATE_AND_TIME(#10570,#10583);
#10558=DATE_AND_TIME(#10571,#10584);
#10559=DATE_AND_TIME(#10572,#10585);
#10560=DATE_AND_TIME(#10573,#10586);
#10561=DATE_AND_TIME(#10574,#10587);
#10562=DATE_AND_TIME(#10575,#10588);
#10563=DATE_AND_TIME(#10576,#10589);
#10564=DATE_AND_TIME(#10577,#10590);
#10565=DATE_AND_TIME(#10578,#10591);
#10566=DATE_AND_TIME(#10579,#10592);
#10567=DATE_AND_TIME(#10580,#10593);
#10568=DATE_AND_TIME(#10581,#10594);
#10569=DATE_AND_TIME(#10582,#10595);
#10570=CALENDAR_DATE(2020,9,9);
#10571=CALENDAR_DATE(2020,9,9);
#10572=CALENDAR_DATE(2020,9,9);
#10573=CALENDAR_DATE(2020,9,9);
#10574=CALENDAR_DATE(2020,26,8);
#10575=CALENDAR_DATE(2020,26,8);
#10576=CALENDAR_DATE(2020,26,8);
#10577=CALENDAR_DATE(2020,26,8);
#10578=CALENDAR_DATE(2020,26,8);
#10579=CALENDAR_DATE(2020,26,8);
#10580=CALENDAR_DATE(2020,16,9);
#10581=CALENDAR_DATE(2018,13,9);
#10582=CALENDAR_DATE(2020,13,8);
#10583=LOCAL_TIME(8,24,50.,#10596);
#10584=LOCAL_TIME(8,20,25.,#10597);
#10585=LOCAL_TIME(7,48,9.,#10598);
#10586=LOCAL_TIME(8,5,36.,#10599);
#10587=LOCAL_TIME(8,32,14.,#10600);
#10588=LOCAL_TIME(7,54,0.,#10601);
#10589=LOCAL_TIME(7,59,33.,#10602);
#10590=LOCAL_TIME(8,3,10.,#10603);
#10591=LOCAL_TIME(8,12,12.,#10604);
#10592=LOCAL_TIME(8,7,39.,#10605);
#10593=LOCAL_TIME(13,33,37.,#10606);
#10594=LOCAL_TIME(18,2,14.,#10607);
#10595=LOCAL_TIME(10,5,57.,#10608);
#10596=COORDINATED_UNIVERSAL_TIME_OFFSET(0,0,.BEHIND.);
#10597=COORDINATED_UNIVERSAL_TIME_OFFSET(0,0,.BEHIND.);
#10598=COORDINATED_UNIVERSAL_TIME_OFFSET(0,0,.BEHIND.);
#10599=COORDINATED_UNIVERSAL_TIME_OFFSET(0,0,.BEHIND.);
#10600=COORDINATED_UNIVERSAL_TIME_OFFSET(0,0,.BEHIND.);
#10601=COORDINATED_UNIVERSAL_TIME_OFFSET(0,0,.BEHIND.);
#10602=COORDINATED_UNIVERSAL_TIME_OFFSET(0,0,.BEHIND.);
#10603=COORDINATED_UNIVERSAL_TIME_OFFSET(0,0,.BEHIND.);
#10604=COORDINATED_UNIVERSAL_TIME_OFFSET(0,0,.BEHIND.);
#10605=COORDINATED_UNIVERSAL_TIME_OFFSET(0,0,.BEHIND.);
#10606=COORDINATED_UNIVERSAL_TIME_OFFSET(0,0,.BEHIND.);
#10607=COORDINATED_UNIVERSAL_TIME_OFFSET(0,0,.BEHIND.);
#10608=COORDINATED_UNIVERSAL_TIME_OFFSET(0,0,.BEHIND.);
#10609=AXIS2_PLACEMENT_3D('placement',#13968,#11301,#11302);
#10610=AXIS2_PLACEMENT_3D('placement',#13969,#11303,#11304);
#10611=AXIS2_PLACEMENT_3D('placement',#13970,#11305,#11306);
#10612=AXIS2_PLACEMENT_3D('',#13971,#11307,#11308);
#10613=AXIS2_PLACEMENT_3D('',#13974,#11309,#11310);
#10614=AXIS2_PLACEMENT_3D('',#13978,#11312,#11313);
#10615=AXIS2_PLACEMENT_3D('',#13980,#11315,#11316);
#10616=AXIS2_PLACEMENT_3D('',#13988,#11321,#11322);
#10617=AXIS2_PLACEMENT_3D('',#13992,#11324,#11325);
#10618=AXIS2_PLACEMENT_3D('',#14007,#11333,#11334);
#10619=AXIS2_PLACEMENT_3D('',#14016,#11339,#11340);
#10620=AXIS2_PLACEMENT_3D('',#14018,#11341,#11342);
#10621=AXIS2_PLACEMENT_3D('',#14021,#11344,#11345);
#10622=AXIS2_PLACEMENT_3D('',#14022,#11346,#11347);
#10623=AXIS2_PLACEMENT_3D('',#14024,#11348,#11349);
#10624=AXIS2_PLACEMENT_3D('',#14027,#11351,#11352);
#10625=AXIS2_PLACEMENT_3D('',#14028,#11353,#11354);
#10626=AXIS2_PLACEMENT_3D('',#14029,#11355,#11356);
#10627=AXIS2_PLACEMENT_3D('',#14030,#11357,#11358);
#10628=AXIS2_PLACEMENT_3D('',#14032,#11359,#11360);
#10629=AXIS2_PLACEMENT_3D('',#14035,#11362,#11363);
#10630=AXIS2_PLACEMENT_3D('',#14036,#11364,#11365);
#10631=AXIS2_PLACEMENT_3D('',#14037,#11366,#11367);
#10632=AXIS2_PLACEMENT_3D('',#14038,#11368,#11369);
#10633=AXIS2_PLACEMENT_3D('',#14040,#11370,#11371);
#10634=AXIS2_PLACEMENT_3D('',#14043,#11373,#11374);
#10635=AXIS2_PLACEMENT_3D('',#14044,#11375,#11376);
#10636=AXIS2_PLACEMENT_3D('',#14045,#11377,#11378);
#10637=AXIS2_PLACEMENT_3D('',#14046,#11379,#11380);
#10638=AXIS2_PLACEMENT_3D('',#14048,#11381,#11382);
#10639=AXIS2_PLACEMENT_3D('',#14050,#11383,#11384);
#10640=AXIS2_PLACEMENT_3D('',#14052,#11386,#11387);
#10641=AXIS2_PLACEMENT_3D('',#14053,#11388,#11389);
#10642=AXIS2_PLACEMENT_3D('',#14054,#11390,#11391);
#10643=AXIS2_PLACEMENT_3D('',#14060,#11395,#11396);
#10644=AXIS2_PLACEMENT_3D('',#14064,#11399,#11400);
#10645=AXIS2_PLACEMENT_3D('',#14070,#11404,#11405);
#10646=AXIS2_PLACEMENT_3D('',#14076,#11409,#11410);
#10647=AXIS2_PLACEMENT_3D('',#14080,#11413,#11414);
#10648=AXIS2_PLACEMENT_3D('',#14084,#11417,#11418);
#10649=AXIS2_PLACEMENT_3D('',#14086,#11420,#11421);
#10650=AXIS2_PLACEMENT_3D('',#14087,#11422,#11423);
#10651=AXIS2_PLACEMENT_3D('',#14093,#11427,#11428);
#10652=AXIS2_PLACEMENT_3D('',#14094,#11429,#11430);
#10653=AXIS2_PLACEMENT_3D('',#14095,#11431,#11432);
#10654=AXIS2_PLACEMENT_3D('',#14097,#11433,#11434);
#10655=AXIS2_PLACEMENT_3D('',#14099,#11436,#11437);
#10656=AXIS2_PLACEMENT_3D('',#14103,#11440,#11441);
#10657=AXIS2_PLACEMENT_3D('',#14105,#11443,#11444);
#10658=AXIS2_PLACEMENT_3D('',#14106,#11445,#11446);
#10659=AXIS2_PLACEMENT_3D('',#14107,#11447,#11448);
#10660=AXIS2_PLACEMENT_3D('',#14111,#11451,#11452);
#10661=AXIS2_PLACEMENT_3D('',#14114,#11454,#11455);
#10662=AXIS2_PLACEMENT_3D('',#14115,#11456,#11457);
#10663=AXIS2_PLACEMENT_3D('',#14119,#11460,#11461);
#10664=AXIS2_PLACEMENT_3D('',#14122,#11463,#11464);
#10665=AXIS2_PLACEMENT_3D('',#14123,#11465,#11466);
#10666=AXIS2_PLACEMENT_3D('',#14127,#11469,#11470);
#10667=AXIS2_PLACEMENT_3D('',#14128,#11471,#11472);
#10668=AXIS2_PLACEMENT_3D('',#14129,#11473,#11474);
#10669=AXIS2_PLACEMENT_3D('placement',#14130,#11475,#11476);
#10670=AXIS2_PLACEMENT_3D('',#14131,#11477,#11478);
#10671=AXIS2_PLACEMENT_3D('',#14140,#11482,#11483);
#10672=AXIS2_PLACEMENT_3D('',#14144,#11485,#11486);
#10673=AXIS2_PLACEMENT_3D('',#14152,#11490,#11491);
#10674=AXIS2_PLACEMENT_3D('',#14155,#11493,#11494);
#10675=AXIS2_PLACEMENT_3D('',#14156,#11495,#11496);
#10676=AXIS2_PLACEMENT_3D('',#14160,#11498,#11499);
#10677=AXIS2_PLACEMENT_3D('',#14162,#11501,#11502);
#10678=AXIS2_PLACEMENT_3D('',#14170,#11506,#11507);
#10679=AXIS2_PLACEMENT_3D('',#14174,#11509,#11510);
#10680=AXIS2_PLACEMENT_3D('',#14178,#11512,#11513);
#10681=AXIS2_PLACEMENT_3D('',#14182,#11515,#11516);
#10682=AXIS2_PLACEMENT_3D('',#14506,#11678,#11679);
#10683=AXIS2_PLACEMENT_3D('',#14510,#11681,#11682);
#10684=AXIS2_PLACEMENT_3D('',#14514,#11684,#11685);
#10685=AXIS2_PLACEMENT_3D('',#14522,#11689,#11690);
#10686=AXIS2_PLACEMENT_3D('',#14532,#11696,#11697);
#10687=AXIS2_PLACEMENT_3D('',#14538,#11700,#11701);
#10688=AXIS2_PLACEMENT_3D('',#14542,#11703,#11704);
#10689=AXIS2_PLACEMENT_3D('',#14550,#11708,#11709);
#10690=AXIS2_PLACEMENT_3D('',#14553,#11711,#11712);
#10691=AXIS2_PLACEMENT_3D('',#14554,#11713,#11714);
#10692=AXIS2_PLACEMENT_3D('',#14556,#11715,#11716);
#10693=AXIS2_PLACEMENT_3D('',#14558,#11718,#11719);
#10694=AXIS2_PLACEMENT_3D('',#14561,#11721,#11722);
#10695=AXIS2_PLACEMENT_3D('',#14567,#11725,#11726);
#10696=AXIS2_PLACEMENT_3D('',#14571,#11728,#11729);
#10697=AXIS2_PLACEMENT_3D('',#14579,#11733,#11734);
#10698=AXIS2_PLACEMENT_3D('',#14583,#11736,#11737);
#10699=AXIS2_PLACEMENT_3D('',#14587,#11739,#11740);
#10700=AXIS2_PLACEMENT_3D('',#14591,#11743,#11744);
#10701=AXIS2_PLACEMENT_3D('',#14594,#11746,#11747);
#10702=AXIS2_PLACEMENT_3D('',#14598,#11749,#11750);
#10703=AXIS2_PLACEMENT_3D('',#14606,#11754,#11755);
#10704=AXIS2_PLACEMENT_3D('',#14608,#11757,#11758);
#10705=AXIS2_PLACEMENT_3D('',#14611,#11761,#11762);
#10706=AXIS2_PLACEMENT_3D('',#14614,#11764,#11765);
#10707=AXIS2_PLACEMENT_3D('',#14615,#11766,#11767);
#10708=AXIS2_PLACEMENT_3D('',#14616,#11768,#11769);
#10709=AXIS2_PLACEMENT_3D('',#14620,#11772,#11773);
#10710=AXIS2_PLACEMENT_3D('',#14623,#11775,#11776);
#10711=AXIS2_PLACEMENT_3D('',#14631,#11780,#11781);
#10712=AXIS2_PLACEMENT_3D('',#14633,#11783,#11784);
#10713=AXIS2_PLACEMENT_3D('',#14635,#11786,#11787);
#10714=AXIS2_PLACEMENT_3D('',#14637,#11789,#11790);
#10715=AXIS2_PLACEMENT_3D('',#14639,#11792,#11793);
#10716=AXIS2_PLACEMENT_3D('',#14641,#11795,#11796);
#10717=AXIS2_PLACEMENT_3D('',#14643,#11798,#11799);
#10718=AXIS2_PLACEMENT_3D('',#14645,#11801,#11802);
#10719=AXIS2_PLACEMENT_3D('',#14648,#11805,#11806);
#10720=AXIS2_PLACEMENT_3D('',#14650,#11808,#11809);
#10721=AXIS2_PLACEMENT_3D('',#14656,#11813,#11814);
#10722=AXIS2_PLACEMENT_3D('',#14660,#11817,#11818);
#10723=AXIS2_PLACEMENT_3D('',#14664,#11821,#11822);
#10724=AXIS2_PLACEMENT_3D('',#14666,#11824,#11825);
#10725=AXIS2_PLACEMENT_3D('',#14667,#11826,#11827);
#10726=AXIS2_PLACEMENT_3D('',#14676,#11832,#11833);
#10727=AXIS2_PLACEMENT_3D('',#14685,#11838,#11839);
#10728=AXIS2_PLACEMENT_3D('',#14694,#11844,#11845);
#10729=AXIS2_PLACEMENT_3D('',#14703,#11850,#11851);
#10730=AXIS2_PLACEMENT_3D('',#14712,#11856,#11857);
#10731=AXIS2_PLACEMENT_3D('',#14721,#11862,#11863);
#10732=AXIS2_PLACEMENT_3D('',#14730,#11868,#11869);
#10733=AXIS2_PLACEMENT_3D('',#14739,#11874,#11875);
#10734=AXIS2_PLACEMENT_3D('',#14748,#11880,#11881);
#10735=AXIS2_PLACEMENT_3D('',#14757,#11886,#11887);
#10736=AXIS2_PLACEMENT_3D('',#14766,#11892,#11893);
#10737=AXIS2_PLACEMENT_3D('',#14775,#11898,#11899);
#10738=AXIS2_PLACEMENT_3D('',#14784,#11904,#11905);
#10739=AXIS2_PLACEMENT_3D('',#14793,#11910,#11911);
#10740=AXIS2_PLACEMENT_3D('',#14802,#11916,#11917);
#10741=AXIS2_PLACEMENT_3D('',#14811,#11922,#11923);
#10742=AXIS2_PLACEMENT_3D('',#14820,#11928,#11929);
#10743=AXIS2_PLACEMENT_3D('',#14829,#11934,#11935);
#10744=AXIS2_PLACEMENT_3D('',#14838,#11940,#11941);
#10745=AXIS2_PLACEMENT_3D('',#14847,#11946,#11947);
#10746=AXIS2_PLACEMENT_3D('',#14856,#11952,#11953);
#10747=AXIS2_PLACEMENT_3D('',#14865,#11958,#11959);
#10748=AXIS2_PLACEMENT_3D('',#14874,#11964,#11965);
#10749=AXIS2_PLACEMENT_3D('',#14883,#11970,#11971);
#10750=AXIS2_PLACEMENT_3D('',#14892,#11976,#11977);
#10751=AXIS2_PLACEMENT_3D('',#14901,#11982,#11983);
#10752=AXIS2_PLACEMENT_3D('',#14910,#11988,#11989);
#10753=AXIS2_PLACEMENT_3D('',#14919,#11994,#11995);
#10754=AXIS2_PLACEMENT_3D('',#14928,#12000,#12001);
#10755=AXIS2_PLACEMENT_3D('',#14937,#12006,#12007);
#10756=AXIS2_PLACEMENT_3D('',#14946,#12012,#12013);
#10757=AXIS2_PLACEMENT_3D('',#14955,#12018,#12019);
#10758=AXIS2_PLACEMENT_3D('',#14964,#12024,#12025);
#10759=AXIS2_PLACEMENT_3D('',#14973,#12030,#12031);
#10760=AXIS2_PLACEMENT_3D('',#14982,#12036,#12037);
#10761=AXIS2_PLACEMENT_3D('',#14991,#12042,#12043);
#10762=AXIS2_PLACEMENT_3D('',#15000,#12048,#12049);
#10763=AXIS2_PLACEMENT_3D('',#15009,#12054,#12055);
#10764=AXIS2_PLACEMENT_3D('',#15018,#12060,#12061);
#10765=AXIS2_PLACEMENT_3D('',#15027,#12066,#12067);
#10766=AXIS2_PLACEMENT_3D('',#15030,#12070,#12071);
#10767=AXIS2_PLACEMENT_3D('',#15032,#12073,#12074);
#10768=AXIS2_PLACEMENT_3D('',#15035,#12077,#12078);
#10769=AXIS2_PLACEMENT_3D('',#15037,#12080,#12081);
#10770=AXIS2_PLACEMENT_3D('',#15040,#12084,#12085);
#10771=AXIS2_PLACEMENT_3D('',#15042,#12087,#12088);
#10772=AXIS2_PLACEMENT_3D('',#15045,#12091,#12092);
#10773=AXIS2_PLACEMENT_3D('',#15047,#12094,#12095);
#10774=AXIS2_PLACEMENT_3D('',#15050,#12098,#12099);
#10775=AXIS2_PLACEMENT_3D('',#15052,#12101,#12102);
#10776=AXIS2_PLACEMENT_3D('',#15055,#12105,#12106);
#10777=AXIS2_PLACEMENT_3D('',#15057,#12108,#12109);
#10778=AXIS2_PLACEMENT_3D('',#15060,#12112,#12113);
#10779=AXIS2_PLACEMENT_3D('',#15062,#12115,#12116);
#10780=AXIS2_PLACEMENT_3D('',#15065,#12119,#12120);
#10781=AXIS2_PLACEMENT_3D('',#15067,#12122,#12123);
#10782=AXIS2_PLACEMENT_3D('',#15070,#12126,#12127);
#10783=AXIS2_PLACEMENT_3D('',#15072,#12129,#12130);
#10784=AXIS2_PLACEMENT_3D('',#15075,#12133,#12134);
#10785=AXIS2_PLACEMENT_3D('',#15077,#12136,#12137);
#10786=AXIS2_PLACEMENT_3D('',#15080,#12140,#12141);
#10787=AXIS2_PLACEMENT_3D('',#15082,#12143,#12144);
#10788=AXIS2_PLACEMENT_3D('',#15085,#12147,#12148);
#10789=AXIS2_PLACEMENT_3D('',#15087,#12150,#12151);
#10790=AXIS2_PLACEMENT_3D('',#15090,#12154,#12155);
#10791=AXIS2_PLACEMENT_3D('',#15092,#12157,#12158);
#10792=AXIS2_PLACEMENT_3D('',#15095,#12161,#12162);
#10793=AXIS2_PLACEMENT_3D('',#15097,#12164,#12165);
#10794=AXIS2_PLACEMENT_3D('',#15100,#12168,#12169);
#10795=AXIS2_PLACEMENT_3D('',#15102,#12171,#12172);
#10796=AXIS2_PLACEMENT_3D('',#15105,#12175,#12176);
#10797=AXIS2_PLACEMENT_3D('',#15107,#12178,#12179);
#10798=AXIS2_PLACEMENT_3D('',#15110,#12182,#12183);
#10799=AXIS2_PLACEMENT_3D('',#15112,#12185,#12186);
#10800=AXIS2_PLACEMENT_3D('',#15115,#12189,#12190);
#10801=AXIS2_PLACEMENT_3D('',#15117,#12192,#12193);
#10802=AXIS2_PLACEMENT_3D('',#15120,#12196,#12197);
#10803=AXIS2_PLACEMENT_3D('',#15122,#12199,#12200);
#10804=AXIS2_PLACEMENT_3D('',#15125,#12203,#12204);
#10805=AXIS2_PLACEMENT_3D('',#15128,#12207,#12208);
#10806=AXIS2_PLACEMENT_3D('',#15130,#12210,#12211);
#10807=AXIS2_PLACEMENT_3D('',#15133,#12214,#12215);
#10808=AXIS2_PLACEMENT_3D('',#15135,#12217,#12218);
#10809=AXIS2_PLACEMENT_3D('',#15138,#12221,#12222);
#10810=AXIS2_PLACEMENT_3D('',#15140,#12224,#12225);
#10811=AXIS2_PLACEMENT_3D('',#15143,#12228,#12229);
#10812=AXIS2_PLACEMENT_3D('',#15145,#12231,#12232);
#10813=AXIS2_PLACEMENT_3D('',#15148,#12235,#12236);
#10814=AXIS2_PLACEMENT_3D('',#15150,#12238,#12239);
#10815=AXIS2_PLACEMENT_3D('',#15153,#12242,#12243);
#10816=AXIS2_PLACEMENT_3D('',#15155,#12245,#12246);
#10817=AXIS2_PLACEMENT_3D('',#15158,#12249,#12250);
#10818=AXIS2_PLACEMENT_3D('',#15160,#12252,#12253);
#10819=AXIS2_PLACEMENT_3D('',#15163,#12256,#12257);
#10820=AXIS2_PLACEMENT_3D('',#15165,#12259,#12260);
#10821=AXIS2_PLACEMENT_3D('',#15168,#12263,#12264);
#10822=AXIS2_PLACEMENT_3D('',#15170,#12266,#12267);
#10823=AXIS2_PLACEMENT_3D('',#15173,#12270,#12271);
#10824=AXIS2_PLACEMENT_3D('',#15175,#12273,#12274);
#10825=AXIS2_PLACEMENT_3D('',#15178,#12277,#12278);
#10826=AXIS2_PLACEMENT_3D('',#15180,#12280,#12281);
#10827=AXIS2_PLACEMENT_3D('',#15183,#12284,#12285);
#10828=AXIS2_PLACEMENT_3D('',#15185,#12287,#12288);
#10829=AXIS2_PLACEMENT_3D('',#15188,#12291,#12292);
#10830=AXIS2_PLACEMENT_3D('',#15190,#12294,#12295);
#10831=AXIS2_PLACEMENT_3D('',#15193,#12298,#12299);
#10832=AXIS2_PLACEMENT_3D('',#15195,#12301,#12302);
#10833=AXIS2_PLACEMENT_3D('',#15198,#12305,#12306);
#10834=AXIS2_PLACEMENT_3D('',#15200,#12308,#12309);
#10835=AXIS2_PLACEMENT_3D('',#15203,#12312,#12313);
#10836=AXIS2_PLACEMENT_3D('',#15205,#12315,#12316);
#10837=AXIS2_PLACEMENT_3D('',#15208,#12319,#12320);
#10838=AXIS2_PLACEMENT_3D('',#15210,#12322,#12323);
#10839=AXIS2_PLACEMENT_3D('',#15213,#12326,#12327);
#10840=AXIS2_PLACEMENT_3D('',#15215,#12329,#12330);
#10841=AXIS2_PLACEMENT_3D('',#15218,#12333,#12334);
#10842=AXIS2_PLACEMENT_3D('',#15220,#12336,#12337);
#10843=AXIS2_PLACEMENT_3D('',#15223,#12340,#12341);
#10844=AXIS2_PLACEMENT_3D('',#15225,#12343,#12344);
#10845=AXIS2_PLACEMENT_3D('',#15227,#12346,#12347);
#10846=AXIS2_PLACEMENT_3D('',#15229,#12349,#12350);
#10847=AXIS2_PLACEMENT_3D('',#15231,#12352,#12353);
#10848=AXIS2_PLACEMENT_3D('',#15233,#12355,#12356);
#10849=AXIS2_PLACEMENT_3D('',#15235,#12358,#12359);
#10850=AXIS2_PLACEMENT_3D('',#15237,#12361,#12362);
#10851=AXIS2_PLACEMENT_3D('',#15239,#12364,#12365);
#10852=AXIS2_PLACEMENT_3D('',#15241,#12367,#12368);
#10853=AXIS2_PLACEMENT_3D('',#15243,#12370,#12371);
#10854=AXIS2_PLACEMENT_3D('',#15245,#12373,#12374);
#10855=AXIS2_PLACEMENT_3D('',#15247,#12376,#12377);
#10856=AXIS2_PLACEMENT_3D('',#15249,#12379,#12380);
#10857=AXIS2_PLACEMENT_3D('',#15251,#12382,#12383);
#10858=AXIS2_PLACEMENT_3D('',#15253,#12385,#12386);
#10859=AXIS2_PLACEMENT_3D('',#15255,#12388,#12389);
#10860=AXIS2_PLACEMENT_3D('',#15257,#12391,#12392);
#10861=AXIS2_PLACEMENT_3D('',#15259,#12394,#12395);
#10862=AXIS2_PLACEMENT_3D('',#15261,#12397,#12398);
#10863=AXIS2_PLACEMENT_3D('',#15263,#12400,#12401);
#10864=AXIS2_PLACEMENT_3D('',#15265,#12403,#12404);
#10865=AXIS2_PLACEMENT_3D('',#15267,#12406,#12407);
#10866=AXIS2_PLACEMENT_3D('',#15269,#12409,#12410);
#10867=AXIS2_PLACEMENT_3D('',#15271,#12412,#12413);
#10868=AXIS2_PLACEMENT_3D('',#15273,#12415,#12416);
#10869=AXIS2_PLACEMENT_3D('',#15275,#12418,#12419);
#10870=AXIS2_PLACEMENT_3D('',#15277,#12421,#12422);
#10871=AXIS2_PLACEMENT_3D('',#15279,#12424,#12425);
#10872=AXIS2_PLACEMENT_3D('',#15281,#12427,#12428);
#10873=AXIS2_PLACEMENT_3D('',#15283,#12430,#12431);
#10874=AXIS2_PLACEMENT_3D('',#15285,#12433,#12434);
#10875=AXIS2_PLACEMENT_3D('',#15287,#12436,#12437);
#10876=AXIS2_PLACEMENT_3D('',#15289,#12439,#12440);
#10877=AXIS2_PLACEMENT_3D('',#15291,#12442,#12443);
#10878=AXIS2_PLACEMENT_3D('',#15293,#12445,#12446);
#10879=AXIS2_PLACEMENT_3D('',#15295,#12448,#12449);
#10880=AXIS2_PLACEMENT_3D('',#15297,#12451,#12452);
#10881=AXIS2_PLACEMENT_3D('',#15299,#12454,#12455);
#10882=AXIS2_PLACEMENT_3D('',#15301,#12457,#12458);
#10883=AXIS2_PLACEMENT_3D('',#15303,#12460,#12461);
#10884=AXIS2_PLACEMENT_3D('',#15305,#12463,#12464);
#10885=AXIS2_PLACEMENT_3D('',#15307,#12466,#12467);
#10886=AXIS2_PLACEMENT_3D('',#15313,#12471,#12472);
#10887=AXIS2_PLACEMENT_3D('',#15319,#12476,#12477);
#10888=AXIS2_PLACEMENT_3D('',#15324,#12480,#12481);
#10889=AXIS2_PLACEMENT_3D('',#15325,#12482,#12483);
#10890=AXIS2_PLACEMENT_3D('',#15326,#12484,#12485);
#10891=AXIS2_PLACEMENT_3D('',#15327,#12486,#12487);
#10892=AXIS2_PLACEMENT_3D('',#15329,#12489,#12490);
#10893=AXIS2_PLACEMENT_3D('',#15330,#12491,#12492);
#10894=AXIS2_PLACEMENT_3D('',#15331,#12493,#12494);
#10895=AXIS2_PLACEMENT_3D('',#15333,#12496,#12497);
#10896=AXIS2_PLACEMENT_3D('',#15335,#12499,#12500);
#10897=AXIS2_PLACEMENT_3D('',#15337,#12502,#12503);
#10898=AXIS2_PLACEMENT_3D('',#15339,#12505,#12506);
#10899=AXIS2_PLACEMENT_3D('',#15340,#12507,#12508);
#10900=AXIS2_PLACEMENT_3D('',#15342,#12510,#12511);
#10901=AXIS2_PLACEMENT_3D('',#15344,#12513,#12514);
#10902=AXIS2_PLACEMENT_3D('',#15346,#12516,#12517);
#10903=AXIS2_PLACEMENT_3D('',#15348,#12519,#12520);
#10904=AXIS2_PLACEMENT_3D('',#15350,#12522,#12523);
#10905=AXIS2_PLACEMENT_3D('',#15352,#12525,#12526);
#10906=AXIS2_PLACEMENT_3D('',#15354,#12528,#12529);
#10907=AXIS2_PLACEMENT_3D('',#15355,#12530,#12531);
#10908=AXIS2_PLACEMENT_3D('',#15357,#12533,#12534);
#10909=AXIS2_PLACEMENT_3D('',#15358,#12535,#12536);
#10910=AXIS2_PLACEMENT_3D('',#15359,#12537,#12538);
#10911=AXIS2_PLACEMENT_3D('placement',#15360,#12539,#12540);
#10912=AXIS2_PLACEMENT_3D('placement',#15361,#12541,#12542);
#10913=AXIS2_PLACEMENT_3D('',#15362,#12543,#12544);
#10914=AXIS2_PLACEMENT_3D('',#15371,#12549,#12550);
#10915=AXIS2_PLACEMENT_3D('',#15375,#12552,#12553);
#10916=AXIS2_PLACEMENT_3D('',#15376,#12554,#12555);
#10917=AXIS2_PLACEMENT_3D('',#15377,#12556,#12557);
#10918=AXIS2_PLACEMENT_3D('',#15383,#12561,#12562);
#10919=AXIS2_PLACEMENT_3D('',#15387,#12564,#12565);
#10920=AXIS2_PLACEMENT_3D('',#15388,#12566,#12567);
#10921=AXIS2_PLACEMENT_3D('',#15389,#12568,#12569);
#10922=AXIS2_PLACEMENT_3D('',#15395,#12573,#12574);
#10923=AXIS2_PLACEMENT_3D('',#15399,#12576,#12577);
#10924=AXIS2_PLACEMENT_3D('',#15400,#12578,#12579);
#10925=AXIS2_PLACEMENT_3D('',#15401,#12580,#12581);
#10926=AXIS2_PLACEMENT_3D('',#15407,#12585,#12586);
#10927=AXIS2_PLACEMENT_3D('',#15408,#12587,#12588);
#10928=AXIS2_PLACEMENT_3D('',#15409,#12589,#12590);
#10929=AXIS2_PLACEMENT_3D('',#15410,#12591,#12592);
#10930=AXIS2_PLACEMENT_3D('',#15414,#12594,#12595);
#10931=AXIS2_PLACEMENT_3D('',#15416,#12597,#12598);
#10932=AXIS2_PLACEMENT_3D('',#15420,#12601,#12602);
#10933=AXIS2_PLACEMENT_3D('',#15423,#12604,#12605);
#10934=AXIS2_PLACEMENT_3D('',#15424,#12606,#12607);
#10935=AXIS2_PLACEMENT_3D('',#15428,#12610,#12611);
#10936=AXIS2_PLACEMENT_3D('',#15437,#12616,#12617);
#10937=AXIS2_PLACEMENT_3D('',#15443,#12621,#12622);
#10938=AXIS2_PLACEMENT_3D('',#15447,#12624,#12625);
#10939=AXIS2_PLACEMENT_3D('',#15448,#12626,#12627);
#10940=AXIS2_PLACEMENT_3D('',#15449,#12628,#12629);
#10941=AXIS2_PLACEMENT_3D('',#15455,#12633,#12634);
#10942=AXIS2_PLACEMENT_3D('',#15459,#12636,#12637);
#10943=AXIS2_PLACEMENT_3D('',#15460,#12638,#12639);
#10944=AXIS2_PLACEMENT_3D('',#15461,#12640,#12641);
#10945=AXIS2_PLACEMENT_3D('',#15466,#12645,#12646);
#10946=AXIS2_PLACEMENT_3D('',#15469,#12648,#12649);
#10947=AXIS2_PLACEMENT_3D('',#15470,#12650,#12651);
#10948=AXIS2_PLACEMENT_3D('',#15474,#12654,#12655);
#10949=AXIS2_PLACEMENT_3D('',#15475,#12656,#12657);
#10950=AXIS2_PLACEMENT_3D('',#15476,#12658,#12659);
#10951=AXIS2_PLACEMENT_3D('',#15479,#12662,#12663);
#10952=AXIS2_PLACEMENT_3D('',#15481,#12665,#12666);
#10953=AXIS2_PLACEMENT_3D('',#15482,#12667,#12668);
#10954=AXIS2_PLACEMENT_3D('',#15491,#12673,#12674);
#10955=AXIS2_PLACEMENT_3D('',#15494,#12677,#12678);
#10956=AXIS2_PLACEMENT_3D('',#15496,#12680,#12681);
#10957=AXIS2_PLACEMENT_3D('',#15498,#12683,#12684);
#10958=AXIS2_PLACEMENT_3D('',#15499,#12685,#12686);
#10959=AXIS2_PLACEMENT_3D('',#15500,#12687,#12688);
#10960=AXIS2_PLACEMENT_3D('',#15509,#12693,#12694);
#10961=AXIS2_PLACEMENT_3D('',#15515,#12698,#12699);
#10962=AXIS2_PLACEMENT_3D('',#15521,#12703,#12704);
#10963=AXIS2_PLACEMENT_3D('',#15524,#12707,#12708);
#10964=AXIS2_PLACEMENT_3D('',#15525,#12709,#12710);
#10965=AXIS2_PLACEMENT_3D('placement',#15526,#12711,#12712);
#10966=AXIS2_PLACEMENT_3D('',#15527,#12713,#12714);
#10967=AXIS2_PLACEMENT_3D('',#15536,#12719,#12720);
#10968=AXIS2_PLACEMENT_3D('',#15542,#12724,#12725);
#10969=AXIS2_PLACEMENT_3D('',#15548,#12729,#12730);
#10970=AXIS2_PLACEMENT_3D('',#15551,#12733,#12734);
#10971=AXIS2_PLACEMENT_3D('',#15552,#12735,#12736);
#10972=AXIS2_PLACEMENT_3D('placement',#15553,#12737,#12738);
#10973=AXIS2_PLACEMENT_3D('',#15554,#12739,#12740);
#10974=AXIS2_PLACEMENT_3D('',#15563,#12745,#12746);
#10975=AXIS2_PLACEMENT_3D('',#15569,#12750,#12751);
#10976=AXIS2_PLACEMENT_3D('',#15575,#12755,#12756);
#10977=AXIS2_PLACEMENT_3D('',#15578,#12759,#12760);
#10978=AXIS2_PLACEMENT_3D('',#15579,#12761,#12762);
#10979=AXIS2_PLACEMENT_3D('placement',#15580,#12763,#12764);
#10980=AXIS2_PLACEMENT_3D('',#15581,#12765,#12766);
#10981=AXIS2_PLACEMENT_3D('',#15586,#12768,#12769);
#10982=AXIS2_PLACEMENT_3D('',#15590,#12771,#12772);
#10983=AXIS2_PLACEMENT_3D('',#15594,#12774,#12775);
#10984=AXIS2_PLACEMENT_3D('',#15598,#12777,#12778);
#10985=AXIS2_PLACEMENT_3D('',#15602,#12780,#12781);
#10986=AXIS2_PLACEMENT_3D('',#15605,#12783,#12784);
#10987=AXIS2_PLACEMENT_3D('',#15645,#12787,#12788);
#10988=AXIS2_PLACEMENT_3D('',#15657,#12791,#12792);
#10989=AXIS2_PLACEMENT_3D('',#15660,#12794,#12795);
#10990=AXIS2_PLACEMENT_3D('',#15662,#12797,#12798);
#10991=AXIS2_PLACEMENT_3D('',#15665,#12800,#12801);
#10992=AXIS2_PLACEMENT_3D('',#15666,#12802,#12803);
#10993=AXIS2_PLACEMENT_3D('',#15668,#12804,#12805);
#10994=AXIS2_PLACEMENT_3D('',#15674,#12808,#12809);
#10995=AXIS2_PLACEMENT_3D('',#15679,#12812,#12813);
#10996=AXIS2_PLACEMENT_3D('',#15680,#12814,#12815);
#10997=AXIS2_PLACEMENT_3D('',#15684,#12817,#12818);
#10998=AXIS2_PLACEMENT_3D('',#15686,#12820,#12821);
#10999=AXIS2_PLACEMENT_3D('',#15695,#12823,#12824);
#11000=AXIS2_PLACEMENT_3D('',#15697,#12825,#12826);
#11001=AXIS2_PLACEMENT_3D('',#15703,#12829,#12830);
#11002=AXIS2_PLACEMENT_3D('',#15735,#12835,#12836);
#11003=AXIS2_PLACEMENT_3D('',#15737,#12837,#12838);
#11004=AXIS2_PLACEMENT_3D('',#15740,#12840,#12841);
#11005=AXIS2_PLACEMENT_3D('',#15741,#12842,#12843);
#11006=AXIS2_PLACEMENT_3D('',#15743,#12844,#12845);
#11007=AXIS2_PLACEMENT_3D('',#15749,#12849,#12850);
#11008=AXIS2_PLACEMENT_3D('',#15751,#12852,#12853);
#11009=AXIS2_PLACEMENT_3D('',#15753,#12854,#12855);
#11010=AXIS2_PLACEMENT_3D('',#15757,#12857,#12858);
#11011=AXIS2_PLACEMENT_3D('',#15762,#12859,#12860);
#11012=AXIS2_PLACEMENT_3D('',#15766,#12862,#12863);
#11013=AXIS2_PLACEMENT_3D('',#15770,#12865,#12866);
#11014=AXIS2_PLACEMENT_3D('',#15774,#12868,#12869);
#11015=AXIS2_PLACEMENT_3D('',#15778,#12871,#12872);
#11016=AXIS2_PLACEMENT_3D('',#15780,#12874,#12875);
#11017=AXIS2_PLACEMENT_3D('',#15786,#12878,#12879);
#11018=AXIS2_PLACEMENT_3D('',#15789,#12881,#12882);
#11019=AXIS2_PLACEMENT_3D('',#15790,#12883,#12884);
#11020=AXIS2_PLACEMENT_3D('',#15797,#12885,#12886);
#11021=AXIS2_PLACEMENT_3D('',#15800,#12888,#12889);
#11022=AXIS2_PLACEMENT_3D('',#15801,#12890,#12891);
#11023=AXIS2_PLACEMENT_3D('',#15808,#12896,#12897);
#11024=AXIS2_PLACEMENT_3D('',#15812,#12899,#12900);
#11025=AXIS2_PLACEMENT_3D('',#15815,#12902,#12903);
#11026=AXIS2_PLACEMENT_3D('',#15816,#12904,#12905);
#11027=AXIS2_PLACEMENT_3D('',#15818,#12906,#12907);
#11028=AXIS2_PLACEMENT_3D('',#15822,#12909,#12910);
#11029=AXIS2_PLACEMENT_3D('',#15824,#12912,#12913);
#11030=AXIS2_PLACEMENT_3D('',#15833,#12918,#12919);
#11031=AXIS2_PLACEMENT_3D('',#15842,#12924,#12925);
#11032=AXIS2_PLACEMENT_3D('',#15845,#12928,#12929);
#11033=AXIS2_PLACEMENT_3D('',#15854,#12934,#12935);
#11034=AXIS2_PLACEMENT_3D('',#15860,#12939,#12940);
#11035=AXIS2_PLACEMENT_3D('',#15866,#12944,#12945);
#11036=AXIS2_PLACEMENT_3D('',#15875,#12950,#12951);
#11037=AXIS2_PLACEMENT_3D('',#15881,#12955,#12956);
#11038=AXIS2_PLACEMENT_3D('',#15887,#12960,#12961);
#11039=AXIS2_PLACEMENT_3D('',#15896,#12966,#12967);
#11040=AXIS2_PLACEMENT_3D('',#15905,#12972,#12973);
#11041=AXIS2_PLACEMENT_3D('',#15908,#12976,#12977);
#11042=AXIS2_PLACEMENT_3D('',#15917,#12982,#12983);
#11043=AXIS2_PLACEMENT_3D('',#15923,#12987,#12988);
#11044=AXIS2_PLACEMENT_3D('',#15929,#12992,#12993);
#11045=AXIS2_PLACEMENT_3D('',#15938,#12998,#12999);
#11046=AXIS2_PLACEMENT_3D('',#15944,#13003,#13004);
#11047=AXIS2_PLACEMENT_3D('',#15950,#13008,#13009);
#11048=AXIS2_PLACEMENT_3D('',#15959,#13014,#13015);
#11049=AXIS2_PLACEMENT_3D('',#15968,#13020,#13021);
#11050=AXIS2_PLACEMENT_3D('',#15971,#13024,#13025);
#11051=AXIS2_PLACEMENT_3D('',#15980,#13030,#13031);
#11052=AXIS2_PLACEMENT_3D('',#15986,#13035,#13036);
#11053=AXIS2_PLACEMENT_3D('',#15992,#13040,#13041);
#11054=AXIS2_PLACEMENT_3D('',#16001,#13046,#13047);
#11055=AXIS2_PLACEMENT_3D('',#16010,#13052,#13053);
#11056=AXIS2_PLACEMENT_3D('',#16013,#13056,#13057);
#11057=AXIS2_PLACEMENT_3D('',#16022,#13062,#13063);
#11058=AXIS2_PLACEMENT_3D('',#16031,#13068,#13069);
#11059=AXIS2_PLACEMENT_3D('',#16034,#13072,#13073);
#11060=AXIS2_PLACEMENT_3D('',#16041,#13077,#13078);
#11061=AXIS2_PLACEMENT_3D('',#16045,#13080,#13081);
#11062=AXIS2_PLACEMENT_3D('',#16057,#13092,#13093);
#11063=AXIS2_PLACEMENT_3D('',#16061,#13096,#13097);
#11064=AXIS2_PLACEMENT_3D('',#16065,#13100,#13101);
#11065=AXIS2_PLACEMENT_3D('',#16067,#13103,#13104);
#11066=AXIS2_PLACEMENT_3D('',#16069,#13106,#13107);
#11067=AXIS2_PLACEMENT_3D('',#16071,#13109,#13110);
#11068=AXIS2_PLACEMENT_3D('',#16073,#13112,#13113);
#11069=AXIS2_PLACEMENT_3D('',#16075,#13115,#13116);
#11070=AXIS2_PLACEMENT_3D('',#16077,#13118,#13119);
#11071=AXIS2_PLACEMENT_3D('',#16079,#13121,#13122);
#11072=AXIS2_PLACEMENT_3D('',#16081,#13124,#13125);
#11073=AXIS2_PLACEMENT_3D('',#16083,#13127,#13128);
#11074=AXIS2_PLACEMENT_3D('',#16095,#13135,#13136);
#11075=AXIS2_PLACEMENT_3D('',#16099,#13138,#13139);
#11076=AXIS2_PLACEMENT_3D('',#16102,#13141,#13142);
#11077=AXIS2_PLACEMENT_3D('',#16103,#13143,#13144);
#11078=AXIS2_PLACEMENT_3D('',#16113,#13150,#13151);
#11079=AXIS2_PLACEMENT_3D('',#16116,#13154,#13155);
#11080=AXIS2_PLACEMENT_3D('',#16118,#13156,#13157);
#11081=AXIS2_PLACEMENT_3D('',#16121,#13159,#13160);
#11082=AXIS2_PLACEMENT_3D('',#16122,#13161,#13162);
#11083=AXIS2_PLACEMENT_3D('',#16124,#13163,#13164);
#11084=AXIS2_PLACEMENT_3D('',#16127,#13166,#13167);
#11085=AXIS2_PLACEMENT_3D('',#16128,#13168,#13169);
#11086=AXIS2_PLACEMENT_3D('',#16137,#13174,#13175);
#11087=AXIS2_PLACEMENT_3D('',#16143,#13179,#13180);
#11088=AXIS2_PLACEMENT_3D('',#16149,#13184,#13185);
#11089=AXIS2_PLACEMENT_3D('',#16155,#13189,#13190);
#11090=AXIS2_PLACEMENT_3D('',#16161,#13194,#13195);
#11091=AXIS2_PLACEMENT_3D('',#16167,#13199,#13200);
#11092=AXIS2_PLACEMENT_3D('',#16173,#13204,#13205);
#11093=AXIS2_PLACEMENT_3D('',#16179,#13209,#13210);
#11094=AXIS2_PLACEMENT_3D('',#16185,#13214,#13215);
#11095=AXIS2_PLACEMENT_3D('',#16191,#13219,#13220);
#11096=AXIS2_PLACEMENT_3D('',#16197,#13224,#13225);
#11097=AXIS2_PLACEMENT_3D('',#16200,#13228,#13229);
#11098=AXIS2_PLACEMENT_3D('',#16201,#13230,#13231);
#11099=AXIS2_PLACEMENT_3D('',#16210,#13236,#13237);
#11100=AXIS2_PLACEMENT_3D('',#16216,#13241,#13242);
#11101=AXIS2_PLACEMENT_3D('',#16222,#13246,#13247);
#11102=AXIS2_PLACEMENT_3D('',#16224,#13249,#13250);
#11103=AXIS2_PLACEMENT_3D('',#16233,#13255,#13256);
#11104=AXIS2_PLACEMENT_3D('',#16239,#13260,#13261);
#11105=AXIS2_PLACEMENT_3D('',#16245,#13265,#13266);
#11106=AXIS2_PLACEMENT_3D('',#16247,#13268,#13269);
#11107=AXIS2_PLACEMENT_3D('',#16256,#13274,#13275);
#11108=AXIS2_PLACEMENT_3D('',#16262,#13279,#13280);
#11109=AXIS2_PLACEMENT_3D('',#16268,#13284,#13285);
#11110=AXIS2_PLACEMENT_3D('',#16270,#13287,#13288);
#11111=AXIS2_PLACEMENT_3D('',#16279,#13293,#13294);
#11112=AXIS2_PLACEMENT_3D('',#16285,#13298,#13299);
#11113=AXIS2_PLACEMENT_3D('',#16291,#13303,#13304);
#11114=AXIS2_PLACEMENT_3D('',#16293,#13306,#13307);
#11115=AXIS2_PLACEMENT_3D('',#16298,#13309,#13310);
#11116=AXIS2_PLACEMENT_3D('',#16302,#13312,#13313);
#11117=AXIS2_PLACEMENT_3D('',#16306,#13315,#13316);
#11118=AXIS2_PLACEMENT_3D('',#16309,#13318,#13319);
#11119=AXIS2_PLACEMENT_3D('',#16322,#13328,#13329);
#11120=AXIS2_PLACEMENT_3D('',#16328,#13333,#13334);
#11121=AXIS2_PLACEMENT_3D('',#16332,#13337,#13338);
#11122=AXIS2_PLACEMENT_3D('',#16336,#13341,#13342);
#11123=AXIS2_PLACEMENT_3D('',#16338,#13344,#13345);
#11124=AXIS2_PLACEMENT_3D('',#16339,#13346,#13347);
#11125=AXIS2_PLACEMENT_3D('',#16343,#13349,#13350);
#11126=AXIS2_PLACEMENT_3D('',#16345,#13352,#13353);
#11127=AXIS2_PLACEMENT_3D('',#16349,#13355,#13356);
#11128=AXIS2_PLACEMENT_3D('',#16351,#13358,#13359);
#11129=AXIS2_PLACEMENT_3D('',#16353,#13361,#13362);
#11130=AXIS2_PLACEMENT_3D('',#16357,#13364,#13365);
#11131=AXIS2_PLACEMENT_3D('',#16361,#13367,#13368);
#11132=AXIS2_PLACEMENT_3D('',#16363,#13370,#13371);
#11133=AXIS2_PLACEMENT_3D('',#16365,#13372,#13373);
#11134=AXIS2_PLACEMENT_3D('',#16369,#13375,#13376);
#11135=AXIS2_PLACEMENT_3D('',#16371,#13378,#13379);
#11136=AXIS2_PLACEMENT_3D('',#16374,#13382,#13383);
#11137=AXIS2_PLACEMENT_3D('',#16377,#13386,#13387);
#11138=AXIS2_PLACEMENT_3D('',#16378,#13388,#13389);
#11139=AXIS2_PLACEMENT_3D('',#16379,#13390,#13391);
#11140=AXIS2_PLACEMENT_3D('',#16380,#13392,#13393);
#11141=AXIS2_PLACEMENT_3D('',#16382,#13395,#13396);
#11142=AXIS2_PLACEMENT_3D('',#16384,#13398,#13399);
#11143=AXIS2_PLACEMENT_3D('',#16386,#13401,#13402);
#11144=AXIS2_PLACEMENT_3D('',#16403,#13403,#13404);
#11145=AXIS2_PLACEMENT_3D('',#16405,#13406,#13407);
#11146=AXIS2_PLACEMENT_3D('',#16407,#13409,#13410);
#11147=AXIS2_PLACEMENT_3D('',#16409,#13412,#13413);
#11148=AXIS2_PLACEMENT_3D('',#16411,#13415,#13416);
#11149=AXIS2_PLACEMENT_3D('',#16412,#13417,#13418);
#11150=AXIS2_PLACEMENT_3D('',#16414,#13420,#13421);
#11151=AXIS2_PLACEMENT_3D('',#16416,#13423,#13424);
#11152=AXIS2_PLACEMENT_3D('',#16418,#13426,#13427);
#11153=AXIS2_PLACEMENT_3D('',#16420,#13429,#13430);
#11154=AXIS2_PLACEMENT_3D('',#16424,#13434,#13435);
#11155=AXIS2_PLACEMENT_3D('',#16425,#13436,#13437);
#11156=AXIS2_PLACEMENT_3D('',#16427,#13439,#13440);
#11157=AXIS2_PLACEMENT_3D('',#16429,#13442,#13443);
#11158=AXIS2_PLACEMENT_3D('',#16430,#13444,#13445);
#11159=AXIS2_PLACEMENT_3D('',#16432,#13447,#13448);
#11160=AXIS2_PLACEMENT_3D('',#16434,#13450,#13451);
#11161=AXIS2_PLACEMENT_3D('',#16436,#13453,#13454);
#11162=AXIS2_PLACEMENT_3D('',#16438,#13456,#13457);
#11163=AXIS2_PLACEMENT_3D('placement',#16459,#13458,#13459);
#11164=AXIS2_PLACEMENT_3D('',#16460,#13460,#13461);
#11165=AXIS2_PLACEMENT_3D('',#16469,#13466,#13467);
#11166=AXIS2_PLACEMENT_3D('',#16475,#13471,#13472);
#11167=AXIS2_PLACEMENT_3D('',#16481,#13476,#13477);
#11168=AXIS2_PLACEMENT_3D('',#16484,#13480,#13481);
#11169=AXIS2_PLACEMENT_3D('',#16493,#13486,#13487);
#11170=AXIS2_PLACEMENT_3D('',#16499,#13491,#13492);
#11171=AXIS2_PLACEMENT_3D('',#16505,#13496,#13497);
#11172=AXIS2_PLACEMENT_3D('',#16511,#13501,#13502);
#11173=AXIS2_PLACEMENT_3D('',#16517,#13506,#13507);
#11174=AXIS2_PLACEMENT_3D('',#16520,#13510,#13511);
#11175=AXIS2_PLACEMENT_3D('',#16521,#13512,#13513);
#11176=AXIS2_PLACEMENT_3D('',#16522,#13514,#13515);
#11177=AXIS2_PLACEMENT_3D('',#16523,#13516,#13517);
#11178=AXIS2_PLACEMENT_3D('',#16524,#13518,#13519);
#11179=AXIS2_PLACEMENT_3D('',#16525,#13520,#13521);
#11180=AXIS2_PLACEMENT_3D('',#16526,#13522,#13523);
#11181=AXIS2_PLACEMENT_3D('placement',#16527,#13524,#13525);
#11182=AXIS2_PLACEMENT_3D('placement',#16528,#13526,#13527);
#11183=AXIS2_PLACEMENT_3D('',#16529,#13528,#13529);
#11184=AXIS2_PLACEMENT_3D('',#16538,#13533,#13534);
#11185=AXIS2_PLACEMENT_3D('',#16542,#13536,#13537);
#11186=AXIS2_PLACEMENT_3D('',#16550,#13541,#13542);
#11187=AXIS2_PLACEMENT_3D('',#16554,#13544,#13545);
#11188=AXIS2_PLACEMENT_3D('',#16570,#13553,#13554);
#11189=AXIS2_PLACEMENT_3D('',#16574,#13556,#13557);
#11190=AXIS2_PLACEMENT_3D('',#16582,#13561,#13562);
#11191=AXIS2_PLACEMENT_3D('',#16586,#13564,#13565);
#11192=AXIS2_PLACEMENT_3D('',#16596,#13570,#13571);
#11193=AXIS2_PLACEMENT_3D('',#16597,#13572,#13573);
#11194=AXIS2_PLACEMENT_3D('',#16600,#13574,#13575);
#11195=AXIS2_PLACEMENT_3D('',#16601,#13576,#13577);
#11196=AXIS2_PLACEMENT_3D('',#16604,#13578,#13579);
#11197=AXIS2_PLACEMENT_3D('',#16605,#13580,#13581);
#11198=AXIS2_PLACEMENT_3D('',#16608,#13582,#13583);
#11199=AXIS2_PLACEMENT_3D('',#16609,#13584,#13585);
#11200=AXIS2_PLACEMENT_3D('',#16610,#13586,#13587);
#11201=AXIS2_PLACEMENT_3D('',#16616,#13591,#13592);
#11202=AXIS2_PLACEMENT_3D('',#16628,#13599,#13600);
#11203=AXIS2_PLACEMENT_3D('',#16665,#13618,#13619);
#11204=AXIS2_PLACEMENT_3D('',#16669,#13621,#13622);
#11205=AXIS2_PLACEMENT_3D('',#16685,#13630,#13631);
#11206=AXIS2_PLACEMENT_3D('',#16689,#13633,#13634);
#11207=AXIS2_PLACEMENT_3D('',#16721,#13651,#13652);
#11208=AXIS2_PLACEMENT_3D('',#16725,#13654,#13655);
#11209=AXIS2_PLACEMENT_3D('',#16741,#13663,#13664);
#11210=AXIS2_PLACEMENT_3D('',#16745,#13666,#13667);
#11211=AXIS2_PLACEMENT_3D('',#16751,#13670,#13671);
#11212=AXIS2_PLACEMENT_3D('',#16752,#13672,#13673);
#11213=AXIS2_PLACEMENT_3D('',#16755,#13674,#13675);
#11214=AXIS2_PLACEMENT_3D('',#16756,#13676,#13677);
#11215=AXIS2_PLACEMENT_3D('',#16759,#13678,#13679);
#11216=AXIS2_PLACEMENT_3D('',#16760,#13680,#13681);
#11217=AXIS2_PLACEMENT_3D('',#16763,#13682,#13683);
#11218=AXIS2_PLACEMENT_3D('',#16764,#13684,#13685);
#11219=AXIS2_PLACEMENT_3D('',#16765,#13686,#13687);
#11220=AXIS2_PLACEMENT_3D('',#16771,#13691,#13692);
#11221=AXIS2_PLACEMENT_3D('',#16775,#13695,#13696);
#11222=AXIS2_PLACEMENT_3D('',#16779,#13699,#13700);
#11223=AXIS2_PLACEMENT_3D('',#16783,#13704,#13705);
#11224=AXIS2_PLACEMENT_3D('',#16784,#13706,#13707);
#11225=AXIS2_PLACEMENT_3D('',#16786,#13709,#13710);
#11226=AXIS2_PLACEMENT_3D('',#16801,#13719,#13720);
#11227=AXIS2_PLACEMENT_3D('',#16807,#13724,#13725);
#11228=AXIS2_PLACEMENT_3D('',#16811,#13728,#13729);
#11229=AXIS2_PLACEMENT_3D('',#16815,#13732,#13733);
#11230=AXIS2_PLACEMENT_3D('',#16821,#13737,#13738);
#11231=AXIS2_PLACEMENT_3D('',#16823,#13740,#13741);
#11232=AXIS2_PLACEMENT_3D('',#16826,#13744,#13745);
#11233=AXIS2_PLACEMENT_3D('',#16827,#13746,#13747);
#11234=AXIS2_PLACEMENT_3D('',#16828,#13748,#13749);
#11235=AXIS2_PLACEMENT_3D('',#16830,#13751,#13752);
#11236=AXIS2_PLACEMENT_3D('',#16837,#13757,#13758);
#11237=AXIS2_PLACEMENT_3D('',#16841,#13761,#13762);
#11238=AXIS2_PLACEMENT_3D('',#16845,#13765,#13766);
#11239=AXIS2_PLACEMENT_3D('',#16847,#13768,#13769);
#11240=AXIS2_PLACEMENT_3D('',#16848,#13770,#13771);
#11241=AXIS2_PLACEMENT_3D('',#16850,#13773,#13774);
#11242=AXIS2_PLACEMENT_3D('',#16852,#13776,#13777);
#11243=AXIS2_PLACEMENT_3D('',#16854,#13779,#13780);
#11244=AXIS2_PLACEMENT_3D('',#16856,#13782,#13783);
#11245=AXIS2_PLACEMENT_3D('',#16858,#13785,#13786);
#11246=AXIS2_PLACEMENT_3D('',#16865,#13791,#13792);
#11247=AXIS2_PLACEMENT_3D('',#16869,#13795,#13796);
#11248=AXIS2_PLACEMENT_3D('',#16873,#13799,#13800);
#11249=AXIS2_PLACEMENT_3D('',#16875,#13802,#13803);
#11250=AXIS2_PLACEMENT_3D('',#16876,#13804,#13805);
#11251=AXIS2_PLACEMENT_3D('',#16878,#13807,#13808);
#11252=AXIS2_PLACEMENT_3D('',#16880,#13810,#13811);
#11253=AXIS2_PLACEMENT_3D('',#16882,#13813,#13814);
#11254=AXIS2_PLACEMENT_3D('',#16884,#13816,#13817);
#11255=AXIS2_PLACEMENT_3D('',#16885,#13818,#13819);
#11256=AXIS2_PLACEMENT_3D('',#16887,#13821,#13822);
#11257=AXIS2_PLACEMENT_3D('',#16889,#13824,#13825);
#11258=AXIS2_PLACEMENT_3D('',#16891,#13827,#13828);
#11259=AXIS2_PLACEMENT_3D('',#16893,#13830,#13831);
#11260=AXIS2_PLACEMENT_3D('',#16895,#13833,#13834);
#11261=AXIS2_PLACEMENT_3D('',#16902,#13839,#13840);
#11262=AXIS2_PLACEMENT_3D('',#16906,#13843,#13844);
#11263=AXIS2_PLACEMENT_3D('',#16910,#13847,#13848);
#11264=AXIS2_PLACEMENT_3D('',#16912,#13850,#13851);
#11265=AXIS2_PLACEMENT_3D('',#16913,#13852,#13853);
#11266=AXIS2_PLACEMENT_3D('',#16915,#13855,#13856);
#11267=AXIS2_PLACEMENT_3D('',#16917,#13858,#13859);
#11268=AXIS2_PLACEMENT_3D('',#16919,#13861,#13862);
#11269=AXIS2_PLACEMENT_3D('',#16921,#13864,#13865);
#11270=AXIS2_PLACEMENT_3D('',#16923,#13867,#13868);
#11271=AXIS2_PLACEMENT_3D('',#16930,#13873,#13874);
#11272=AXIS2_PLACEMENT_3D('',#16934,#13877,#13878);
#11273=AXIS2_PLACEMENT_3D('',#16938,#13881,#13882);
#11274=AXIS2_PLACEMENT_3D('',#16940,#13884,#13885);
#11275=AXIS2_PLACEMENT_3D('',#16941,#13886,#13887);
#11276=AXIS2_PLACEMENT_3D('',#16943,#13889,#13890);
#11277=AXIS2_PLACEMENT_3D('',#16949,#13894,#13895);
#11278=AXIS2_PLACEMENT_3D('',#16953,#13898,#13899);
#11279=AXIS2_PLACEMENT_3D('',#16957,#13902,#13903);
#11280=AXIS2_PLACEMENT_3D('',#16959,#13905,#13906);
#11281=AXIS2_PLACEMENT_3D('',#16960,#13907,#13908);
#11282=AXIS2_PLACEMENT_3D('',#16964,#13911,#13912);
#11283=AXIS2_PLACEMENT_3D('',#16968,#13915,#13916);
#11284=AXIS2_PLACEMENT_3D('',#16970,#13918,#13919);
#11285=AXIS2_PLACEMENT_3D('',#16971,#13920,#13921);
#11286=AXIS2_PLACEMENT_3D('',#16973,#13923,#13924);
#11287=AXIS2_PLACEMENT_3D('',#16975,#13926,#13927);
#11288=AXIS2_PLACEMENT_3D('',#16977,#13929,#13930);
#11289=AXIS2_PLACEMENT_3D('placement',#16979,#13932,#13933);
#11290=AXIS2_PLACEMENT_3D('',#16980,#13934,#13935);
#11291=AXIS2_PLACEMENT_3D('',#16989,#13940,#13941);
#11292=AXIS2_PLACEMENT_3D('',#16995,#13945,#13946);
#11293=AXIS2_PLACEMENT_3D('',#17001,#13950,#13951);
#11294=AXIS2_PLACEMENT_3D('',#17004,#13954,#13955);
#11295=AXIS2_PLACEMENT_3D('',#17005,#13956,#13957);
#11296=AXIS2_PLACEMENT_3D('',#17006,#13958,#13959);
#11297=AXIS2_PLACEMENT_3D('',#17007,#13960,#13961);
#11298=AXIS2_PLACEMENT_3D('',#17008,#13962,#13963);
#11299=AXIS2_PLACEMENT_3D('',#17009,#13964,#13965);
#11300=AXIS2_PLACEMENT_3D('',#17010,#13966,#13967);
#11301=DIRECTION('axis',(0.,0.,1.));
#11302=DIRECTION('refdir',(1.,0.,0.));
#11303=DIRECTION('axis',(0.,0.,1.));
#11304=DIRECTION('refdir',(1.,0.,0.));
#11305=DIRECTION('axis',(0.,0.,1.));
#11306=DIRECTION('refdir',(1.,0.,0.));
#11307=DIRECTION('center_axis',(1.,0.,0.));
#11308=DIRECTION('ref_axis',(0.,-0.707106781186546,0.707106781186549));
#11309=DIRECTION('center_axis',(-1.,1.66331594961968E-12,0.));
#11310=DIRECTION('ref_axis',(0.,-0.707106781186546,0.707106781186549));
#11311=DIRECTION('',(-1.,0.,0.));
#11312=DIRECTION('center_axis',(1.,0.,0.));
#11313=DIRECTION('ref_axis',(0.,-0.707106781186546,0.707106781186549));
#11314=DIRECTION('',(1.,0.,0.));
#11315=DIRECTION('center_axis',(-1.,0.,0.));
#11316=DIRECTION('ref_axis',(0.,-1.,0.));
#11317=DIRECTION('',(0.,-1.,0.));
#11318=DIRECTION('',(0.,0.,1.));
#11319=DIRECTION('',(0.,-1.,0.));
#11320=DIRECTION('',(0.,0.,1.));
#11321=DIRECTION('center_axis',(0.,0.,1.));
#11322=DIRECTION('ref_axis',(1.,0.,0.));
#11323=DIRECTION('',(1.66331594961968E-12,1.,0.));
#11324=DIRECTION('center_axis',(0.,0.,-1.));
#11325=DIRECTION('ref_axis',(-1.,0.,0.));
#11326=DIRECTION('',(0.,-1.,0.));
#11327=DIRECTION('',(-1.,-6.34921093803689E-17,0.));
#11328=DIRECTION('',(-1.22833189041918E-14,-1.,0.));
#11329=DIRECTION('',(1.,-9.46601479780321E-15,0.));
#11330=DIRECTION('',(-1.20941602221487E-14,1.,0.));
#11331=DIRECTION('',(-1.,4.63838587195526E-14,0.));
#11332=DIRECTION('',(0.,1.,0.));
#11333=DIRECTION('center_axis',(0.,0.,-1.));
#11334=DIRECTION('ref_axis',(-1.,0.,0.));
#11335=DIRECTION('',(0.,1.,0.));
#11336=DIRECTION('',(1.,0.,0.));
#11337=DIRECTION('',(0.,-1.,0.));
#11338=DIRECTION('',(-1.,0.,0.));
#11339=DIRECTION('center_axis',(1.,6.34921093803689E-17,0.));
#11340=DIRECTION('ref_axis',(0.,-0.707106781186547,0.707106781186548));
#11341=DIRECTION('center_axis',(1.,0.,0.));
#11342=DIRECTION('ref_axis',(0.,-0.707106781186547,0.707106781186548));
#11343=DIRECTION('',(1.,6.34921093803689E-17,0.));
#11344=DIRECTION('center_axis',(-1.,0.,0.));
#11345=DIRECTION('ref_axis',(0.,-1.,0.));
#11346=DIRECTION('center_axis',(1.22833189041918E-14,1.,0.));
#11347=DIRECTION('ref_axis',(0.707106781186561,-1.04672830578916E-14,0.707106781186534));
#11348=DIRECTION('center_axis',(1.1564823173179E-14,1.,0.));
#11349=DIRECTION('ref_axis',(0.,0.,1.));
#11350=DIRECTION('',(1.22833189041918E-14,1.,0.));
#11351=DIRECTION('center_axis',(-2.96059473233381E-14,-1.,0.));
#11352=DIRECTION('ref_axis',(1.,-2.96059473233381E-14,0.));
#11353=DIRECTION('center_axis',(-0.816496580926713,-0.408248290466989,0.408248290462763));
#11354=DIRECTION('ref_axis',(0.577350269191051,-0.577350269191902,0.577350269185925));
#11355=DIRECTION('center_axis',(0.,0.,1.));
#11356=DIRECTION('ref_axis',(2.78295904838426E-12,-1.,0.));
#11357=DIRECTION('center_axis',(-1.,9.46601479780321E-15,0.));
#11358=DIRECTION('ref_axis',(0.,0.70710678118654,0.707106781186555));
#11359=DIRECTION('center_axis',(-1.,0.,0.));
#11360=DIRECTION('ref_axis',(0.,0.,1.));
#11361=DIRECTION('',(-1.,9.46601479780321E-15,0.));
#11362=DIRECTION('center_axis',(1.,-1.20274161001058E-14,0.));
#11363=DIRECTION('ref_axis',(1.20274161001058E-14,1.,0.));
#11364=DIRECTION('center_axis',(-0.816496580928164,0.408248290465621,0.408248290461229));
#11365=DIRECTION('ref_axis',(0.577350269189011,0.577350269193037,0.577350269186829));
#11366=DIRECTION('center_axis',(0.,0.,1.));
#11367=DIRECTION('ref_axis',(1.,4.64813372975721E-12,0.));
#11368=DIRECTION('center_axis',(1.20941602221487E-14,-1.,0.));
#11369=DIRECTION('ref_axis',(-0.707106781186551,0.,0.707106781186544));
#11370=DIRECTION('center_axis',(0.,-1.,0.));
#11371=DIRECTION('ref_axis',(0.,0.,1.));
#11372=DIRECTION('',(1.20941602221487E-14,-1.,0.));
#11373=DIRECTION('center_axis',(-5.08852219619859E-15,1.,0.));
#11374=DIRECTION('ref_axis',(-1.,-5.08852219619859E-15,0.));
#11375=DIRECTION('center_axis',(-0.408248290461613,-0.816496580928663,0.408248290464238));
#11376=DIRECTION('ref_axis',(-0.577350269188433,0.577350269188298,0.577350269192146));
#11377=DIRECTION('center_axis',(0.,0.,1.));
#11378=DIRECTION('ref_axis',(2.34950947586707E-12,1.,0.));
#11379=DIRECTION('center_axis',(1.,-4.63838587195526E-14,0.));
#11380=DIRECTION('ref_axis',(-2.09345661157837E-14,-0.707106781186545,0.70710678118655));
#11381=DIRECTION('center_axis',(-1.,0.,0.));
#11382=DIRECTION('ref_axis',(-2.09345661157837E-14,-0.707106781186545,0.70710678118655));
#11383=DIRECTION('center_axis',(1.,-4.71844785465694E-14,0.));
#11384=DIRECTION('ref_axis',(0.,0.,1.));
#11385=DIRECTION('',(1.,-4.63838587195526E-14,0.));
#11386=DIRECTION('center_axis',(-0.816496580927037,0.408248290467196,-0.408248290461908));
#11387=DIRECTION('ref_axis',(-0.577350269190601,-0.577350269192877,0.577350269185399));
#11388=DIRECTION('center_axis',(0.,0.,1.));
#11389=DIRECTION('ref_axis',(-1.,-5.38041833307784E-12,0.));
#11390=DIRECTION('center_axis',(6.34921093803689E-17,-1.,0.));
#11391=DIRECTION('ref_axis',(1.,6.34921093803689E-17,0.));
#11392=DIRECTION('',(0.,0.,1.));
#11393=DIRECTION('',(1.,6.34921093803689E-17,0.));
#11394=DIRECTION('',(0.,0.,1.));
#11395=DIRECTION('center_axis',(-1.,0.,0.));
#11396=DIRECTION('ref_axis',(0.,-1.,0.));
#11397=DIRECTION('',(0.,0.,1.));
#11398=DIRECTION('',(0.,-1.,0.));
#11399=DIRECTION('center_axis',(1.,0.,0.));
#11400=DIRECTION('ref_axis',(0.,1.,0.));
#11401=DIRECTION('',(0.,0.,1.));
#11402=DIRECTION('',(0.,1.,0.));
#11403=DIRECTION('',(0.,0.,1.));
#11404=DIRECTION('center_axis',(-1.,0.,0.));
#11405=DIRECTION('ref_axis',(0.,1.,0.));
#11406=DIRECTION('',(0.,0.,-1.));
#11407=DIRECTION('',(0.,1.,0.));
#11408=DIRECTION('',(0.,0.,-1.));
#11409=DIRECTION('center_axis',(0.,-1.,0.));
#11410=DIRECTION('ref_axis',(-1.,0.,0.));
#11411=DIRECTION('',(0.,0.,-1.));
#11412=DIRECTION('',(-1.,0.,0.));
#11413=DIRECTION('center_axis',(1.,0.,0.));
#11414=DIRECTION('ref_axis',(0.,-1.,0.));
#11415=DIRECTION('',(0.,0.,-1.));
#11416=DIRECTION('',(0.,-1.,0.));
#11417=DIRECTION('center_axis',(0.,1.,0.));
#11418=DIRECTION('ref_axis',(1.,0.,0.));
#11419=DIRECTION('',(1.,0.,0.));
#11420=DIRECTION('center_axis',(0.,0.,-1.));
#11421=DIRECTION('ref_axis',(-1.,0.,0.));
#11422=DIRECTION('center_axis',(1.,-1.22833189041918E-14,0.));
#11423=DIRECTION('ref_axis',(1.22833189041918E-14,1.,0.));
#11424=DIRECTION('',(0.,0.,1.));
#11425=DIRECTION('',(1.22833189041918E-14,1.,0.));
#11426=DIRECTION('',(0.,0.,1.));
#11427=DIRECTION('center_axis',(0.,0.,1.));
#11428=DIRECTION('ref_axis',(2.78295904838426E-12,-1.,0.));
#11429=DIRECTION('center_axis',(0.,0.,1.));
#11430=DIRECTION('ref_axis',(2.78295904838426E-12,-1.,0.));
#11431=DIRECTION('center_axis',(0.,0.,1.));
#11432=DIRECTION('ref_axis',(-1.,0.,0.));
#11433=DIRECTION('center_axis',(0.,0.,-1.));
#11434=DIRECTION('ref_axis',(-1.,0.,0.));
#11435=DIRECTION('',(0.,0.,1.));
#11436=DIRECTION('center_axis',(1.,-1.66331594961968E-12,0.));
#11437=DIRECTION('ref_axis',(1.66331594961968E-12,1.,0.));
#11438=DIRECTION('',(0.,0.,1.));
#11439=DIRECTION('',(1.66331594961968E-12,1.,0.));
#11440=DIRECTION('center_axis',(0.,-1.,0.));
#11441=DIRECTION('ref_axis',(1.,0.,0.));
#11442=DIRECTION('',(1.,0.,0.));
#11443=DIRECTION('center_axis',(0.,0.,1.));
#11444=DIRECTION('ref_axis',(-1.,0.,0.));
#11445=DIRECTION('center_axis',(0.,0.,-1.));
#11446=DIRECTION('ref_axis',(-1.,0.,0.));
#11447=DIRECTION('center_axis',(-4.63838587195526E-14,-1.,0.));
#11448=DIRECTION('ref_axis',(1.,-4.63838587195526E-14,0.));
#11449=DIRECTION('',(0.,0.,1.));
#11450=DIRECTION('',(1.,-4.63838587195526E-14,0.));
#11451=DIRECTION('center_axis',(0.,0.,1.));
#11452=DIRECTION('ref_axis',(-1.,-5.38041833307784E-12,0.));
#11453=DIRECTION('',(0.,0.,1.));
#11454=DIRECTION('center_axis',(0.,0.,1.));
#11455=DIRECTION('ref_axis',(-1.,-5.38041833307784E-12,0.));
#11456=DIRECTION('center_axis',(-1.,-1.20941602221487E-14,0.));
#11457=DIRECTION('ref_axis',(1.20941602221487E-14,-1.,0.));
#11458=DIRECTION('',(0.,0.,1.));
#11459=DIRECTION('',(1.20941602221487E-14,-1.,0.));
#11460=DIRECTION('center_axis',(0.,0.,1.));
#11461=DIRECTION('ref_axis',(2.34950947586714E-12,1.,0.));
#11462=DIRECTION('',(0.,0.,1.));
#11463=DIRECTION('center_axis',(0.,0.,1.));
#11464=DIRECTION('ref_axis',(2.34950947586714E-12,1.,0.));
#11465=DIRECTION('center_axis',(9.46601479780321E-15,1.,0.));
#11466=DIRECTION('ref_axis',(-1.,9.46601479780321E-15,0.));
#11467=DIRECTION('',(0.,0.,1.));
#11468=DIRECTION('',(-1.,9.46601479780321E-15,0.));
#11469=DIRECTION('center_axis',(0.,0.,1.));
#11470=DIRECTION('ref_axis',(1.,4.64813372975721E-12,0.));
#11471=DIRECTION('center_axis',(0.,0.,1.));
#11472=DIRECTION('ref_axis',(1.,4.64813372975721E-12,0.));
#11473=DIRECTION('center_axis',(0.,0.,1.));
#11474=DIRECTION('ref_axis',(1.,0.,0.));
#11475=DIRECTION('axis',(0.,0.,1.));
#11476=DIRECTION('refdir',(1.,0.,0.));
#11477=DIRECTION('center_axis',(1.,7.10668672620344E-14,-1.21490884960003E-16));
#11478=DIRECTION('ref_axis',(7.10668672620344E-14,-1.,-8.53727491216149E-15));
#11479=DIRECTION('',(7.10668672620344E-14,-1.,-8.53727491216149E-15));
#11480=DIRECTION('',(-1.21490884960609E-16,8.53727491216149E-15,-1.));
#11481=DIRECTION('',(-7.10668672620344E-14,1.,8.53727491216149E-15));
#11482=DIRECTION('center_axis',(1.,1.06003184139073E-30,-1.21490884960609E-16));
#11483=DIRECTION('ref_axis',(0.,-1.,-1.14491749414468E-14));
#11484=DIRECTION('',(-7.1188358146995E-14,8.59850725211885E-15,-1.));
#11485=DIRECTION('center_axis',(1.,1.53915859905983E-32,0.));
#11486=DIRECTION('ref_axis',(-1.35762282392222E-46,2.22044604925031E-16,
1.));
#11487=DIRECTION('',(-7.1188358146995E-14,-1.,2.22044604925031E-16));
#11488=DIRECTION('',(-1.35762282392222E-46,2.22044604925031E-16,1.));
#11489=DIRECTION('',(7.1188358146995E-14,1.,-2.22044604925031E-16));
#11490=DIRECTION('center_axis',(-1.,-1.53915859905983E-32,0.));
#11491=DIRECTION('ref_axis',(1.53915859905983E-32,-1.,-8.5672210066908E-15));
#11492=DIRECTION('',(7.1188358146995E-14,-8.59850725211885E-15,1.));
#11493=DIRECTION('center_axis',(-1.,-1.06003184139073E-30,1.21490884960609E-16));
#11494=DIRECTION('ref_axis',(0.,9.86864910777899E-15,-1.));
#11495=DIRECTION('center_axis',(1.,1.06003184139073E-30,-1.21490884960609E-16));
#11496=DIRECTION('ref_axis',(0.,-1.,-8.82055185704388E-15));
#11497=DIRECTION('',(1.,-4.41499498443113E-20,-1.21490884960609E-16));
#11498=DIRECTION('center_axis',(-1.,-1.06003184139073E-30,1.21490884960609E-16));
#11499=DIRECTION('ref_axis',(0.,1.11022302462513E-14,-1.));
#11500=DIRECTION('',(1.,1.05965221772681E-30,-1.21446735010764E-16));
#11501=DIRECTION('center_axis',(-1.21490884960609E-16,8.53727491216149E-15,
-1.));
#11502=DIRECTION('ref_axis',(1.,-1.21490884960608E-16,-1.2149088496061E-16));
#11503=DIRECTION('',(-1.,4.41499498443113E-20,1.21490884960609E-16));
#11504=DIRECTION('',(-5.64104405847111E-14,1.,8.53727491216149E-15));
#11505=DIRECTION('',(-1.,1.21490884960608E-16,1.2149088496061E-16));
#11506=DIRECTION('center_axis',(-1.21490884960609E-16,8.53727491216149E-15,
-1.));
#11507=DIRECTION('ref_axis',(1.21490884960609E-16,1.,8.53727491216149E-15));
#11508=DIRECTION('',(1.21490884960609E-16,1.,8.53727491216149E-15));
#11509=DIRECTION('center_axis',(-1.21490884960609E-16,8.53727491216149E-15,
-1.));
#11510=DIRECTION('ref_axis',(1.,-1.21490884960608E-16,-1.2149088496061E-16));
#11511=DIRECTION('',(1.,-1.21490884960608E-16,-1.2149088496061E-16));
#11512=DIRECTION('center_axis',(1.21490884960609E-16,-8.53727491216149E-15,
1.));
#11513=DIRECTION('ref_axis',(1.,-1.21490884960608E-16,-1.2149088496061E-16));
#11514=DIRECTION('',(-8.40269420220786E-15,1.,8.53727491216149E-15));
#11515=DIRECTION('center_axis',(-1.21490884960609E-16,8.53727491216149E-15,
-1.));
#11516=DIRECTION('ref_axis',(1.,-1.21490884960608E-16,-1.2149088496061E-16));
#11517=DIRECTION('',(1.,3.52288939787261E-14,-1.21490884960309E-16));
#11518=DIRECTION('',(-1.21490884960609E-16,-1.,-8.53727491216149E-15));
#11519=DIRECTION('',(1.,-1.21490884960608E-16,-1.2149088496061E-16));
#11520=DIRECTION('',(1.21490884960609E-16,1.,8.53727491216149E-15));
#11521=DIRECTION('',(1.,3.52288939787261E-14,-1.21490884960309E-16));
#11522=DIRECTION('',(-1.21490884960609E-16,-1.,-8.53727491216149E-15));
#11523=DIRECTION('',(1.,-1.21490884960608E-16,-1.2149088496061E-16));
#11524=DIRECTION('',(1.21490884960609E-16,1.,8.53727491216149E-15));
#11525=DIRECTION('',(1.,3.52288939787261E-14,-1.21490884960309E-16));
#11526=DIRECTION('',(-1.21490884960609E-16,-1.,-8.53727491216149E-15));
#11527=DIRECTION('',(1.,-1.21490884960608E-16,-1.2149088496061E-16));
#11528=DIRECTION('',(1.21490884960609E-16,1.,8.53727491216149E-15));
#11529=DIRECTION('',(1.,3.52288939787261E-14,-1.21490884960309E-16));
#11530=DIRECTION('',(-1.21490884960609E-16,-1.,-8.53727491216149E-15));
#11531=DIRECTION('',(1.,-1.21490884960608E-16,-1.2149088496061E-16));
#11532=DIRECTION('',(1.21490884960609E-16,1.,8.53727491216149E-15));
#11533=DIRECTION('',(1.,3.52288939787261E-14,-1.21490884960309E-16));
#11534=DIRECTION('',(-1.21490884960609E-16,-1.,-8.53727491216149E-15));
#11535=DIRECTION('',(1.,-1.21490884960608E-16,-1.2149088496061E-16));
#11536=DIRECTION('',(1.21490884960609E-16,1.,8.53727491216149E-15));
#11537=DIRECTION('',(1.,3.52288939787261E-14,-1.21490884960309E-16));
#11538=DIRECTION('',(-1.21490884960609E-16,-1.,-8.53727491216149E-15));
#11539=DIRECTION('',(1.,-1.21490884960608E-16,-1.2149088496061E-16));
#11540=DIRECTION('',(1.21490884960609E-16,1.,8.53727491216149E-15));
#11541=DIRECTION('',(1.,3.52288939787261E-14,-1.21490884960309E-16));
#11542=DIRECTION('',(-1.21490884960609E-16,-1.,-8.53727491216149E-15));
#11543=DIRECTION('',(1.,-1.21490884960608E-16,-1.2149088496061E-16));
#11544=DIRECTION('',(1.21490884960609E-16,1.,8.53727491216149E-15));
#11545=DIRECTION('',(1.,3.52288939787261E-14,-1.21490884960309E-16));
#11546=DIRECTION('',(-1.21490884960609E-16,-1.,-8.53727491216149E-15));
#11547=DIRECTION('',(1.,-1.21490884960608E-16,-1.2149088496061E-16));
#11548=DIRECTION('',(1.21490884960609E-16,1.,8.53727491216149E-15));
#11549=DIRECTION('',(1.,3.52288939787261E-14,-1.21490884960309E-16));
#11550=DIRECTION('',(-1.21490884960609E-16,-1.,-8.53727491216149E-15));
#11551=DIRECTION('',(1.,-1.21490884960608E-16,-1.2149088496061E-16));
#11552=DIRECTION('',(1.21490884960609E-16,1.,8.53727491216149E-15));
#11553=DIRECTION('',(1.,3.52288939787261E-14,-1.21490884960309E-16));
#11554=DIRECTION('',(-1.21490884960609E-16,-1.,-8.53727491216149E-15));
#11555=DIRECTION('',(1.,-1.21490884960608E-16,-1.2149088496061E-16));
#11556=DIRECTION('',(1.21490884960609E-16,1.,8.53727491216149E-15));
#11557=DIRECTION('',(1.,3.52288939787261E-14,-1.21490884960309E-16));
#11558=DIRECTION('',(-1.21490884960609E-16,-1.,-8.53727491216149E-15));
#11559=DIRECTION('',(1.,-1.21490884960608E-16,-1.2149088496061E-16));
#11560=DIRECTION('',(1.21490884960609E-16,1.,8.53727491216149E-15));
#11561=DIRECTION('',(1.,3.52288939787261E-14,-1.21490884960309E-16));
#11562=DIRECTION('',(-1.21490884960609E-16,-1.,-8.53727491216149E-15));
#11563=DIRECTION('',(1.,-1.21490884960608E-16,-1.2149088496061E-16));
#11564=DIRECTION('',(1.21490884960609E-16,1.,8.53727491216149E-15));
#11565=DIRECTION('',(1.,3.52288939787261E-14,-1.21490884960309E-16));
#11566=DIRECTION('',(-1.21490884960609E-16,-1.,-8.53727491216149E-15));
#11567=DIRECTION('',(1.,-1.21490884960608E-16,-1.2149088496061E-16));
#11568=DIRECTION('',(1.21490884960609E-16,1.,8.53727491216149E-15));
#11569=DIRECTION('',(1.,3.52288939787261E-14,-1.21490884960309E-16));
#11570=DIRECTION('',(-1.21490884960609E-16,-1.,-8.53727491216149E-15));
#11571=DIRECTION('',(1.,-1.21490884960608E-16,-1.2149088496061E-16));
#11572=DIRECTION('',(1.21490884960609E-16,1.,8.53727491216149E-15));
#11573=DIRECTION('',(1.,3.52288939787261E-14,-1.21490884960309E-16));
#11574=DIRECTION('',(-1.21490884960609E-16,-1.,-8.53727491216149E-15));
#11575=DIRECTION('',(1.,-1.21490884960608E-16,-1.2149088496061E-16));
#11576=DIRECTION('',(1.21490884960609E-16,1.,8.53727491216149E-15));
#11577=DIRECTION('',(1.,3.52288939787261E-14,-1.21490884960309E-16));
#11578=DIRECTION('',(-1.21490884960609E-16,-1.,-8.53727491216149E-15));
#11579=DIRECTION('',(1.,-1.21490884960608E-16,-1.2149088496061E-16));
#11580=DIRECTION('',(1.21490884960609E-16,1.,8.53727491216149E-15));
#11581=DIRECTION('',(1.,3.52288939787261E-14,-1.21490884960309E-16));
#11582=DIRECTION('',(-1.21490884960609E-16,-1.,-8.53727491216149E-15));
#11583=DIRECTION('',(1.,-1.21490884960608E-16,-1.2149088496061E-16));
#11584=DIRECTION('',(1.21490884960609E-16,1.,8.53727491216149E-15));
#11585=DIRECTION('',(1.,3.52288939787261E-14,-1.21490884960309E-16));
#11586=DIRECTION('',(-1.21490884960609E-16,-1.,-8.53727491216149E-15));
#11587=DIRECTION('',(1.,-1.21490884960608E-16,-1.2149088496061E-16));
#11588=DIRECTION('',(1.21490884960609E-16,1.,8.53727491216149E-15));
#11589=DIRECTION('',(1.,3.52288939787261E-14,-1.21490884960309E-16));
#11590=DIRECTION('',(-1.21490884960609E-16,-1.,-8.53727491216149E-15));
#11591=DIRECTION('',(1.,-1.21490884960608E-16,-1.2149088496061E-16));
#11592=DIRECTION('',(1.21490884960609E-16,1.,8.53727491216149E-15));
#11593=DIRECTION('',(1.,3.52288939787261E-14,-1.21490884960309E-16));
#11594=DIRECTION('',(-1.21490884960609E-16,-1.,-8.53727491216149E-15));
#11595=DIRECTION('',(1.,-1.21490884960608E-16,-1.2149088496061E-16));
#11596=DIRECTION('',(1.21490884960609E-16,1.,8.53727491216149E-15));
#11597=DIRECTION('',(1.,3.52288939787261E-14,-1.21490884960309E-16));
#11598=DIRECTION('',(-1.21490884960609E-16,-1.,-8.53727491216149E-15));
#11599=DIRECTION('',(1.,-1.21490884960608E-16,-1.2149088496061E-16));
#11600=DIRECTION('',(1.21490884960609E-16,1.,8.53727491216149E-15));
#11601=DIRECTION('',(1.,3.52288939787261E-14,-1.21490884960309E-16));
#11602=DIRECTION('',(-1.21490884960609E-16,-1.,-8.53727491216149E-15));
#11603=DIRECTION('',(1.,-1.21490884960608E-16,-1.2149088496061E-16));
#11604=DIRECTION('',(1.21490884960609E-16,1.,8.53727491216149E-15));
#11605=DIRECTION('',(1.,3.52288939787261E-14,-1.21490884960309E-16));
#11606=DIRECTION('',(-1.21490884960609E-16,-1.,-8.53727491216149E-15));
#11607=DIRECTION('',(1.,-1.21490884960608E-16,-1.2149088496061E-16));
#11608=DIRECTION('',(1.21490884960609E-16,1.,8.53727491216149E-15));
#11609=DIRECTION('',(1.,3.52288939787261E-14,-1.21490884960309E-16));
#11610=DIRECTION('',(-1.21490884960609E-16,-1.,-8.53727491216149E-15));
#11611=DIRECTION('',(1.,-1.21490884960608E-16,-1.2149088496061E-16));
#11612=DIRECTION('',(1.21490884960609E-16,1.,8.53727491216149E-15));
#11613=DIRECTION('',(1.,3.52288939787261E-14,-1.21490884960309E-16));
#11614=DIRECTION('',(-1.21490884960609E-16,-1.,-8.53727491216149E-15));
#11615=DIRECTION('',(1.,-1.21490884960608E-16,-1.2149088496061E-16));
#11616=DIRECTION('',(1.21490884960609E-16,1.,8.53727491216149E-15));
#11617=DIRECTION('',(1.,3.52288939787261E-14,-1.21490884960309E-16));
#11618=DIRECTION('',(-1.21490884960609E-16,-1.,-8.53727491216149E-15));
#11619=DIRECTION('',(1.,-1.21490884960608E-16,-1.2149088496061E-16));
#11620=DIRECTION('',(1.21490884960609E-16,1.,8.53727491216149E-15));
#11621=DIRECTION('',(1.,3.52288939787261E-14,-1.21490884960309E-16));
#11622=DIRECTION('',(-1.21490884960609E-16,-1.,-8.53727491216149E-15));
#11623=DIRECTION('',(1.,-1.21490884960608E-16,-1.2149088496061E-16));
#11624=DIRECTION('',(1.21490884960609E-16,1.,8.53727491216149E-15));
#11625=DIRECTION('',(1.,3.52288939787261E-14,-1.21490884960309E-16));
#11626=DIRECTION('',(-1.21490884960609E-16,-1.,-8.53727491216149E-15));
#11627=DIRECTION('',(1.,-1.21490884960608E-16,-1.2149088496061E-16));
#11628=DIRECTION('',(1.21490884960609E-16,1.,8.53727491216149E-15));
#11629=DIRECTION('',(1.,3.52288939787261E-14,-1.21490884960309E-16));
#11630=DIRECTION('',(-1.21490884960609E-16,-1.,-8.53727491216149E-15));
#11631=DIRECTION('',(1.,-1.21490884960608E-16,-1.2149088496061E-16));
#11632=DIRECTION('',(1.21490884960609E-16,1.,8.53727491216149E-15));
#11633=DIRECTION('',(1.,3.52288939787261E-14,-1.21490884960309E-16));
#11634=DIRECTION('',(-1.21490884960609E-16,-1.,-8.53727491216149E-15));
#11635=DIRECTION('',(1.,-1.21490884960608E-16,-1.2149088496061E-16));
#11636=DIRECTION('',(1.21490884960609E-16,1.,8.53727491216149E-15));
#11637=DIRECTION('',(1.,3.52288939787261E-14,-1.21490884960309E-16));
#11638=DIRECTION('',(-1.21490884960609E-16,-1.,-8.53727491216149E-15));
#11639=DIRECTION('',(1.,-1.21490884960608E-16,-1.2149088496061E-16));
#11640=DIRECTION('',(1.21490884960609E-16,1.,8.53727491216149E-15));
#11641=DIRECTION('',(1.,3.52288939787261E-14,-1.21490884960309E-16));
#11642=DIRECTION('',(-1.21490884960609E-16,-1.,-8.53727491216149E-15));
#11643=DIRECTION('',(1.,-1.21490884960608E-16,-1.2149088496061E-16));
#11644=DIRECTION('',(1.21490884960609E-16,1.,8.53727491216149E-15));
#11645=DIRECTION('',(1.,3.52288939787261E-14,-1.21490884960309E-16));
#11646=DIRECTION('',(-1.21490884960609E-16,-1.,-8.53727491216149E-15));
#11647=DIRECTION('',(1.,-1.21490884960608E-16,-1.2149088496061E-16));
#11648=DIRECTION('',(1.21490884960609E-16,1.,8.53727491216149E-15));
#11649=DIRECTION('',(1.,3.52288939787261E-14,-1.21490884960309E-16));
#11650=DIRECTION('',(-1.21490884960609E-16,-1.,-8.53727491216149E-15));
#11651=DIRECTION('',(1.,-1.21490884960608E-16,-1.2149088496061E-16));
#11652=DIRECTION('',(1.21490884960609E-16,1.,8.53727491216149E-15));
#11653=DIRECTION('',(1.,3.52288939787261E-14,-1.21490884960309E-16));
#11654=DIRECTION('',(-1.21490884960609E-16,-1.,-8.53727491216149E-15));
#11655=DIRECTION('',(1.,-1.21490884960608E-16,-1.2149088496061E-16));
#11656=DIRECTION('',(1.21490884960609E-16,1.,8.53727491216149E-15));
#11657=DIRECTION('',(1.,3.52288939787261E-14,-1.21490884960309E-16));
#11658=DIRECTION('',(-1.21490884960609E-16,-1.,-8.53727491216149E-15));
#11659=DIRECTION('',(1.,-1.21490884960608E-16,-1.2149088496061E-16));
#11660=DIRECTION('',(1.21490884960609E-16,1.,8.53727491216149E-15));
#11661=DIRECTION('',(1.,3.52288939787261E-14,-1.21490884960309E-16));
#11662=DIRECTION('',(-1.21490884960609E-16,-1.,-8.53727491216149E-15));
#11663=DIRECTION('',(1.,-1.21490884960608E-16,-1.2149088496061E-16));
#11664=DIRECTION('',(1.21490884960609E-16,1.,8.53727491216149E-15));
#11665=DIRECTION('',(1.,3.52288939787261E-14,-1.21490884960309E-16));
#11666=DIRECTION('',(-1.21490884960609E-16,-1.,-8.53727491216149E-15));
#11667=DIRECTION('',(1.,-1.21490884960608E-16,-1.2149088496061E-16));
#11668=DIRECTION('',(1.21490884960609E-16,1.,8.53727491216149E-15));
#11669=DIRECTION('',(1.,3.52288939787261E-14,-1.21490884960309E-16));
#11670=DIRECTION('',(-1.21490884960609E-16,-1.,-8.53727491216149E-15));
#11671=DIRECTION('',(1.,-1.21490884960608E-16,-1.2149088496061E-16));
#11672=DIRECTION('',(1.21490884960609E-16,1.,8.53727491216149E-15));
#11673=DIRECTION('',(1.,3.52288939787261E-14,-1.21490884960309E-16));
#11674=DIRECTION('',(-1.21490884960609E-16,-1.,-8.53727491216149E-15));
#11675=DIRECTION('',(1.,-1.21490884960608E-16,-1.2149088496061E-16));
#11676=DIRECTION('',(1.21490884960609E-16,1.,8.53727491216149E-15));
#11677=DIRECTION('',(1.,3.52288939787261E-14,-1.21490884960309E-16));
#11678=DIRECTION('center_axis',(-1.21490884960609E-16,8.53727491216149E-15,
-1.));
#11679=DIRECTION('ref_axis',(-2.30938538209713E-12,-1.,-8.53727491216121E-15));
#11680=DIRECTION('',(-1.21490884960609E-16,-1.,-8.53727491216149E-15));
#11681=DIRECTION('center_axis',(1.21490884960609E-16,-8.53727491216149E-15,
1.));
#11682=DIRECTION('ref_axis',(8.76029331204067E-15,-1.,-8.53727491216149E-15));
#11683=DIRECTION('',(1.,-1.21490884960608E-16,-1.2149088496061E-16));
#11684=DIRECTION('center_axis',(-1.21490884960609E-16,8.53727491216149E-15,
-1.));
#11685=DIRECTION('ref_axis',(-1.21490884960609E-16,-1.,-8.53727491216149E-15));
#11686=DIRECTION('',(1.84285998390901E-14,-1.,-8.53727491216149E-15));
#11687=DIRECTION('',(-1.,4.41499498443113E-20,1.21490884960609E-16));
#11688=DIRECTION('',(1.21490884960609E-16,1.,8.53727491216149E-15));
#11689=DIRECTION('center_axis',(1.21490884960609E-16,-8.53727491216149E-15,
1.));
#11690=DIRECTION('ref_axis',(1.21490884960609E-16,1.,8.53727491216149E-15));
#11691=DIRECTION('',(-1.,-5.94204860164435E-16,1.21490884960604E-16));
#11692=DIRECTION('',(-1.21490884960609E-16,-1.,-8.53727491216149E-15));
#11693=DIRECTION('',(1.,-1.21490884960608E-16,-1.2149088496061E-16));
#11694=DIRECTION('',(1.21490884960609E-16,1.,8.53727491216149E-15));
#11695=DIRECTION('',(-1.,1.21490884960608E-16,1.2149088496061E-16));
#11696=DIRECTION('center_axis',(-1.,1.21490884960608E-16,1.2149088496061E-16));
#11697=DIRECTION('ref_axis',(1.21490884960609E-16,1.,8.53727491216149E-15));
#11698=DIRECTION('',(-1.21490884960609E-16,-1.,-8.53727491216149E-15));
#11699=DIRECTION('',(-1.21490884960609E-16,8.53727491216149E-15,-1.));
#11700=DIRECTION('center_axis',(1.,1.07161665095321E-30,-1.21490884960609E-16));
#11701=DIRECTION('ref_axis',(0.,-1.,-1.11022302462514E-14));
#11702=DIRECTION('',(0.,8.82055185704388E-15,-1.));
#11703=DIRECTION('center_axis',(1.,0.,0.));
#11704=DIRECTION('ref_axis',(0.,0.,1.));
#11705=DIRECTION('',(0.,-1.,0.));
#11706=DIRECTION('',(0.,0.,1.));
#11707=DIRECTION('',(0.,1.,0.));
#11708=DIRECTION('center_axis',(-1.,0.,0.));
#11709=DIRECTION('ref_axis',(0.,-1.,-8.84708972748171E-15));
#11710=DIRECTION('',(0.,-8.82055185704388E-15,1.));
#11711=DIRECTION('center_axis',(-1.,-1.07161665095321E-30,1.21490884960609E-16));
#11712=DIRECTION('ref_axis',(0.,1.11022302462513E-14,-1.));
#11713=DIRECTION('center_axis',(1.,1.07161665095321E-30,-1.21490884960609E-16));
#11714=DIRECTION('ref_axis',(0.,-1.,-8.82055185704388E-15));
#11715=DIRECTION('center_axis',(-1.,-1.07161665095321E-30,1.21490884960609E-16));
#11716=DIRECTION('ref_axis',(0.,9.86864910777899E-15,-1.));
#11717=DIRECTION('',(-1.,-1.07122722403111E-30,1.21446735010764E-16));
#11718=DIRECTION('center_axis',(-1.21490884960609E-16,8.53727491216149E-15,
-1.));
#11719=DIRECTION('ref_axis',(1.,-1.21490884960608E-16,-1.2149088496061E-16));
#11720=DIRECTION('',(1.,5.94204860164435E-16,-1.21490884960604E-16));
#11721=DIRECTION('center_axis',(-1.21490884960609E-16,8.53727491216149E-15,
-1.));
#11722=DIRECTION('ref_axis',(1.21490884960609E-16,1.,8.53727491216149E-15));
#11723=DIRECTION('',(1.,-4.41499498443113E-20,-1.21490884960609E-16));
#11724=DIRECTION('',(-1.84285998390901E-14,1.,8.53727491216149E-15));
#11725=DIRECTION('center_axis',(1.21490884960609E-16,-8.53727491216149E-15,
1.));
#11726=DIRECTION('ref_axis',(-1.21490884960609E-16,-1.,-8.53727491216149E-15));
#11727=DIRECTION('',(-1.,1.21490884960608E-16,1.2149088496061E-16));
#11728=DIRECTION('center_axis',(-1.21490884960609E-16,8.53727491216149E-15,
-1.));
#11729=DIRECTION('ref_axis',(8.76029331204067E-15,-1.,-8.53727491216149E-15));
#11730=DIRECTION('',(1.21490884960609E-16,1.,8.53727491216149E-15));
#11731=DIRECTION('',(-1.,1.21490884960608E-16,1.2149088496061E-16));
#11732=DIRECTION('',(8.40269420220786E-15,-1.,-8.53727491216149E-15));
#11733=DIRECTION('center_axis',(-1.21490884960609E-16,8.53727491216149E-15,
-1.));
#11734=DIRECTION('ref_axis',(1.,-1.21490884960608E-16,-1.2149088496061E-16));
#11735=DIRECTION('',(-1.,1.21490884960608E-16,1.2149088496061E-16));
#11736=DIRECTION('center_axis',(1.21490884960609E-16,-8.53727491216149E-15,
1.));
#11737=DIRECTION('ref_axis',(1.,-1.21490884960608E-16,-1.2149088496061E-16));
#11738=DIRECTION('',(-1.21490884960609E-16,-1.,-8.53727491216149E-15));
#11739=DIRECTION('center_axis',(1.21490884960609E-16,-8.53727491216149E-15,
1.));
#11740=DIRECTION('ref_axis',(1.21490884960609E-16,1.,8.53727491216149E-15));
#11741=DIRECTION('',(1.,-1.21490884960608E-16,-1.2149088496061E-16));
#11742=DIRECTION('',(5.64104405847111E-14,-1.,-8.53727491216149E-15));
#11743=DIRECTION('center_axis',(-1.,-5.64104405847111E-14,1.21490884960128E-16));
#11744=DIRECTION('ref_axis',(-5.64104405847111E-14,1.,8.53727491216149E-15));
#11745=DIRECTION('',(-1.21490884960609E-16,8.53727491216149E-15,-1.));
#11746=DIRECTION('center_axis',(1.,1.06003184139073E-30,-1.21490884960609E-16));
#11747=DIRECTION('ref_axis',(0.,-1.,-1.11022302462515E-14));
#11748=DIRECTION('',(-5.65319314696717E-14,8.59850725211885E-15,-1.));
#11749=DIRECTION('center_axis',(1.,1.53915859905983E-32,0.));
#11750=DIRECTION('ref_axis',(-1.35762282392222E-46,2.22044604925031E-16,
1.));
#11751=DIRECTION('',(-5.65319314696717E-14,-1.,2.22044604925031E-16));
#11752=DIRECTION('',(-1.35762282392222E-46,2.22044604925031E-16,1.));
#11753=DIRECTION('',(5.65319314696717E-14,1.,-2.22044604925031E-16));
#11754=DIRECTION('center_axis',(-1.,-1.53915859905983E-32,0.));
#11755=DIRECTION('ref_axis',(1.53915859905983E-32,-1.,-8.62504512255668E-15));
#11756=DIRECTION('',(5.65319314696717E-14,-8.59850725211885E-15,1.));
#11757=DIRECTION('center_axis',(1.53915859905983E-32,-1.,-8.59850725211885E-15));
#11758=DIRECTION('ref_axis',(1.,1.53915859905983E-32,0.));
#11759=DIRECTION('',(-1.,-1.05965221772681E-30,1.21446735010764E-16));
#11760=DIRECTION('',(-1.,-1.53915859905983E-32,0.));
#11761=DIRECTION('center_axis',(1.,1.07161665095321E-30,-1.21490884960609E-16));
#11762=DIRECTION('ref_axis',(0.,-1.,-8.82055185704388E-15));
#11763=DIRECTION('',(1.,1.07122722403111E-30,-1.21446735010764E-16));
#11764=DIRECTION('center_axis',(1.,1.07161665095321E-30,-1.21490884960609E-16));
#11765=DIRECTION('ref_axis',(0.,-1.,-1.07552855510561E-14));
#11766=DIRECTION('center_axis',(1.,1.06003184139073E-30,-1.21490884960609E-16));
#11767=DIRECTION('ref_axis',(0.,-1.,-8.82055185704388E-15));
#11768=DIRECTION('center_axis',(0.,-1.,-8.82055185704388E-15));
#11769=DIRECTION('ref_axis',(1.,0.,0.));
#11770=DIRECTION('',(1.,0.,0.));
#11771=DIRECTION('',(-1.85500907240507E-14,8.82055185704388E-15,-1.));
#11772=DIRECTION('center_axis',(1.,1.84285998390901E-14,-1.21490884960452E-16));
#11773=DIRECTION('ref_axis',(1.84285998390901E-14,-1.,-8.53727491216149E-15));
#11774=DIRECTION('',(-1.21490884960609E-16,8.53727491216149E-15,-1.));
#11775=DIRECTION('center_axis',(1.,0.,0.));
#11776=DIRECTION('ref_axis',(0.,0.,1.));
#11777=DIRECTION('',(-1.85500907240507E-14,-1.,0.));
#11778=DIRECTION('',(0.,0.,1.));
#11779=DIRECTION('',(1.85500907240507E-14,1.,0.));
#11780=DIRECTION('center_axis',(-1.,0.,0.));
#11781=DIRECTION('ref_axis',(0.,-1.,-8.78926561161584E-15));
#11782=DIRECTION('',(1.85500907240507E-14,-8.82055185704388E-15,1.));
#11783=DIRECTION('center_axis',(1.,0.,0.));
#11784=DIRECTION('ref_axis',(0.,0.,1.));
#11785=DIRECTION('',(1.,0.,0.));
#11786=DIRECTION('center_axis',(0.,-1.,-8.82055185704388E-15));
#11787=DIRECTION('ref_axis',(1.,0.,0.));
#11788=DIRECTION('',(-1.,0.,0.));
#11789=DIRECTION('center_axis',(1.,1.53915859905983E-32,0.));
#11790=DIRECTION('ref_axis',(-1.35762282392222E-46,2.22044604925031E-16,
1.));
#11791=DIRECTION('',(-1.,-1.53915859905983E-32,0.));
#11792=DIRECTION('center_axis',(1.53915859905983E-32,-1.,-8.59850725211885E-15));
#11793=DIRECTION('ref_axis',(1.,1.53915859905983E-32,0.));
#11794=DIRECTION('',(1.,1.53915859905983E-32,0.));
#11795=DIRECTION('center_axis',(0.,0.,1.));
#11796=DIRECTION('ref_axis',(1.,0.,0.));
#11797=DIRECTION('',(1.,2.13771348356011E-15,0.));
#11798=DIRECTION('center_axis',(1.,0.,0.));
#11799=DIRECTION('ref_axis',(0.,0.,1.));
#11800=DIRECTION('',(-1.,0.,0.));
#11801=DIRECTION('center_axis',(-1.35762282392222E-46,2.22044604925031E-16,
1.));
#11802=DIRECTION('ref_axis',(1.,1.53915859905983E-32,0.));
#11803=DIRECTION('',(1.,1.53915859905983E-32,0.));
#11804=DIRECTION('',(1.,-1.77635683940014E-14,3.94430452610481E-30));
#11805=DIRECTION('center_axis',(0.,0.,1.));
#11806=DIRECTION('ref_axis',(1.,0.,0.));
#11807=DIRECTION('',(-1.,-2.13771348356011E-15,0.));
#11808=DIRECTION('center_axis',(-1.,1.21490884960608E-16,1.2149088496061E-16));
#11809=DIRECTION('ref_axis',(1.21490884960609E-16,1.,8.53727491216149E-15));
#11810=DIRECTION('',(-1.21490884960609E-16,8.53727491216149E-15,-1.));
#11811=DIRECTION('',(1.21490884960609E-16,1.,8.53727491216149E-15));
#11812=DIRECTION('',(-1.21490884960609E-16,8.53727491216149E-15,-1.));
#11813=DIRECTION('center_axis',(-1.21490884960609E-16,-1.,-8.53727491216149E-15));
#11814=DIRECTION('ref_axis',(-1.,1.21490884960608E-16,1.2149088496061E-16));
#11815=DIRECTION('',(-1.,1.21490884960608E-16,1.2149088496061E-16));
#11816=DIRECTION('',(-1.21490884960609E-16,8.53727491216149E-15,-1.));
#11817=DIRECTION('center_axis',(1.,-1.21490884960608E-16,-1.2149088496061E-16));
#11818=DIRECTION('ref_axis',(-1.21490884960609E-16,-1.,-8.53727491216149E-15));
#11819=DIRECTION('',(-1.21490884960609E-16,-1.,-8.53727491216149E-15));
#11820=DIRECTION('',(-1.21490884960609E-16,8.53727491216149E-15,-1.));
#11821=DIRECTION('center_axis',(1.21490884960609E-16,1.,8.53727491216149E-15));
#11822=DIRECTION('ref_axis',(1.,-1.21490884960608E-16,-1.2149088496061E-16));
#11823=DIRECTION('',(1.,-1.21490884960608E-16,-1.2149088496061E-16));
#11824=DIRECTION('center_axis',(-1.21490884960609E-16,8.53727491216149E-15,
-1.));
#11825=DIRECTION('ref_axis',(1.,-1.21490884960608E-16,-1.2149088496061E-16));
#11826=DIRECTION('center_axis',(-1.21490884960609E-16,8.53727491216149E-15,
-1.));
#11827=DIRECTION('ref_axis',(1.,-1.21490884960608E-16,-1.2149088496061E-16));
#11828=DIRECTION('',(1.,-1.21490884960608E-16,-1.2149088496061E-16));
#11829=DIRECTION('',(1.21490884960609E-16,1.,8.53727491216149E-15));
#11830=DIRECTION('',(1.,-1.21490884960608E-16,-1.2149088496061E-16));
#11831=DIRECTION('',(-1.21490884960609E-16,-1.,-8.53727491216149E-15));
#11832=DIRECTION('center_axis',(-1.21490884960609E-16,8.53727491216149E-15,
-1.));
#11833=DIRECTION('ref_axis',(1.,-1.21490884960608E-16,-1.2149088496061E-16));
#11834=DIRECTION('',(1.,-1.21490884960608E-16,-1.2149088496061E-16));
#11835=DIRECTION('',(1.21490884960609E-16,1.,8.53727491216149E-15));
#11836=DIRECTION('',(1.,-1.21490884960608E-16,-1.2149088496061E-16));
#11837=DIRECTION('',(-1.21490884960609E-16,-1.,-8.53727491216149E-15));
#11838=DIRECTION('center_axis',(-1.21490884960609E-16,8.53727491216149E-15,
-1.));
#11839=DIRECTION('ref_axis',(1.,-1.21490884960608E-16,-1.2149088496061E-16));
#11840=DIRECTION('',(1.,-1.21490884960608E-16,-1.2149088496061E-16));
#11841=DIRECTION('',(1.21490884960609E-16,1.,8.53727491216149E-15));
#11842=DIRECTION('',(1.,-1.21490884960608E-16,-1.2149088496061E-16));
#11843=DIRECTION('',(-1.21490884960609E-16,-1.,-8.53727491216149E-15));
#11844=DIRECTION('center_axis',(-1.21490884960609E-16,8.53727491216149E-15,
-1.));
#11845=DIRECTION('ref_axis',(1.,-1.21490884960608E-16,-1.2149088496061E-16));
#11846=DIRECTION('',(1.,-1.21490884960608E-16,-1.2149088496061E-16));
#11847=DIRECTION('',(1.21490884960609E-16,1.,8.53727491216149E-15));
#11848=DIRECTION('',(1.,-1.21490884960608E-16,-1.2149088496061E-16));
#11849=DIRECTION('',(-1.21490884960609E-16,-1.,-8.53727491216149E-15));
#11850=DIRECTION('center_axis',(-1.21490884960609E-16,8.53727491216149E-15,
-1.));
#11851=DIRECTION('ref_axis',(1.,-1.21490884960608E-16,-1.2149088496061E-16));
#11852=DIRECTION('',(1.,-1.21490884960608E-16,-1.2149088496061E-16));
#11853=DIRECTION('',(1.21490884960609E-16,1.,8.53727491216149E-15));
#11854=DIRECTION('',(1.,-1.21490884960608E-16,-1.2149088496061E-16));
#11855=DIRECTION('',(-1.21490884960609E-16,-1.,-8.53727491216149E-15));
#11856=DIRECTION('center_axis',(-1.21490884960609E-16,8.53727491216149E-15,
-1.));
#11857=DIRECTION('ref_axis',(1.,-1.21490884960608E-16,-1.2149088496061E-16));
#11858=DIRECTION('',(1.,-1.21490884960608E-16,-1.2149088496061E-16));
#11859=DIRECTION('',(1.21490884960609E-16,1.,8.53727491216149E-15));
#11860=DIRECTION('',(1.,-1.21490884960608E-16,-1.2149088496061E-16));
#11861=DIRECTION('',(-1.21490884960609E-16,-1.,-8.53727491216149E-15));
#11862=DIRECTION('center_axis',(-1.21490884960609E-16,8.53727491216149E-15,
-1.));
#11863=DIRECTION('ref_axis',(1.,-1.21490884960608E-16,-1.2149088496061E-16));
#11864=DIRECTION('',(1.,-1.21490884960608E-16,-1.2149088496061E-16));
#11865=DIRECTION('',(1.21490884960609E-16,1.,8.53727491216149E-15));
#11866=DIRECTION('',(1.,-1.21490884960608E-16,-1.2149088496061E-16));
#11867=DIRECTION('',(-1.21490884960609E-16,-1.,-8.53727491216149E-15));
#11868=DIRECTION('center_axis',(-1.21490884960609E-16,8.53727491216149E-15,
-1.));
#11869=DIRECTION('ref_axis',(1.,-1.21490884960608E-16,-1.2149088496061E-16));
#11870=DIRECTION('',(1.,-1.21490884960608E-16,-1.2149088496061E-16));
#11871=DIRECTION('',(1.21490884960609E-16,1.,8.53727491216149E-15));
#11872=DIRECTION('',(1.,-1.21490884960608E-16,-1.2149088496061E-16));
#11873=DIRECTION('',(-1.21490884960609E-16,-1.,-8.53727491216149E-15));
#11874=DIRECTION('center_axis',(-1.21490884960609E-16,8.53727491216149E-15,
-1.));
#11875=DIRECTION('ref_axis',(1.,-1.21490884960608E-16,-1.2149088496061E-16));
#11876=DIRECTION('',(1.,-1.21490884960608E-16,-1.2149088496061E-16));
#11877=DIRECTION('',(1.21490884960609E-16,1.,8.53727491216149E-15));
#11878=DIRECTION('',(1.,-1.21490884960608E-16,-1.2149088496061E-16));
#11879=DIRECTION('',(-1.21490884960609E-16,-1.,-8.53727491216149E-15));
#11880=DIRECTION('center_axis',(-1.21490884960609E-16,8.53727491216149E-15,
-1.));
#11881=DIRECTION('ref_axis',(1.,-1.21490884960608E-16,-1.2149088496061E-16));
#11882=DIRECTION('',(1.,-1.21490884960608E-16,-1.2149088496061E-16));
#11883=DIRECTION('',(1.21490884960609E-16,1.,8.53727491216149E-15));
#11884=DIRECTION('',(1.,-1.21490884960608E-16,-1.2149088496061E-16));
#11885=DIRECTION('',(-1.21490884960609E-16,-1.,-8.53727491216149E-15));
#11886=DIRECTION('center_axis',(-1.21490884960609E-16,8.53727491216149E-15,
-1.));
#11887=DIRECTION('ref_axis',(1.,-1.21490884960608E-16,-1.2149088496061E-16));
#11888=DIRECTION('',(1.,-1.21490884960608E-16,-1.2149088496061E-16));
#11889=DIRECTION('',(1.21490884960609E-16,1.,8.53727491216149E-15));
#11890=DIRECTION('',(1.,-1.21490884960608E-16,-1.2149088496061E-16));
#11891=DIRECTION('',(-1.21490884960609E-16,-1.,-8.53727491216149E-15));
#11892=DIRECTION('center_axis',(-1.21490884960609E-16,8.53727491216149E-15,
-1.));
#11893=DIRECTION('ref_axis',(1.,-1.21490884960608E-16,-1.2149088496061E-16));
#11894=DIRECTION('',(1.,-1.21490884960608E-16,-1.2149088496061E-16));
#11895=DIRECTION('',(1.21490884960609E-16,1.,8.53727491216149E-15));
#11896=DIRECTION('',(1.,-1.21490884960608E-16,-1.2149088496061E-16));
#11897=DIRECTION('',(-1.21490884960609E-16,-1.,-8.53727491216149E-15));
#11898=DIRECTION('center_axis',(-1.21490884960609E-16,8.53727491216149E-15,
-1.));
#11899=DIRECTION('ref_axis',(1.,-1.21490884960608E-16,-1.2149088496061E-16));
#11900=DIRECTION('',(1.,-1.21490884960608E-16,-1.2149088496061E-16));
#11901=DIRECTION('',(1.21490884960609E-16,1.,8.53727491216149E-15));
#11902=DIRECTION('',(1.,-1.21490884960608E-16,-1.2149088496061E-16));
#11903=DIRECTION('',(-1.21490884960609E-16,-1.,-8.53727491216149E-15));
#11904=DIRECTION('center_axis',(-1.21490884960609E-16,8.53727491216149E-15,
-1.));
#11905=DIRECTION('ref_axis',(1.,-1.21490884960608E-16,-1.2149088496061E-16));
#11906=DIRECTION('',(1.,-1.21490884960608E-16,-1.2149088496061E-16));
#11907=DIRECTION('',(1.21490884960609E-16,1.,8.53727491216149E-15));
#11908=DIRECTION('',(1.,-1.21490884960608E-16,-1.2149088496061E-16));
#11909=DIRECTION('',(-1.21490884960609E-16,-1.,-8.53727491216149E-15));
#11910=DIRECTION('center_axis',(-1.21490884960609E-16,8.53727491216149E-15,
-1.));
#11911=DIRECTION('ref_axis',(1.,-1.21490884960608E-16,-1.2149088496061E-16));
#11912=DIRECTION('',(1.,-1.21490884960608E-16,-1.2149088496061E-16));
#11913=DIRECTION('',(1.21490884960609E-16,1.,8.53727491216149E-15));
#11914=DIRECTION('',(1.,-1.21490884960608E-16,-1.2149088496061E-16));
#11915=DIRECTION('',(-1.21490884960609E-16,-1.,-8.53727491216149E-15));
#11916=DIRECTION('center_axis',(-1.21490884960609E-16,8.53727491216149E-15,
-1.));
#11917=DIRECTION('ref_axis',(1.,-1.21490884960608E-16,-1.2149088496061E-16));
#11918=DIRECTION('',(1.,-1.21490884960608E-16,-1.2149088496061E-16));
#11919=DIRECTION('',(1.21490884960609E-16,1.,8.53727491216149E-15));
#11920=DIRECTION('',(1.,-1.21490884960608E-16,-1.2149088496061E-16));
#11921=DIRECTION('',(-1.21490884960609E-16,-1.,-8.53727491216149E-15));
#11922=DIRECTION('center_axis',(-1.21490884960609E-16,8.53727491216149E-15,
-1.));
#11923=DIRECTION('ref_axis',(1.,-1.21490884960608E-16,-1.2149088496061E-16));
#11924=DIRECTION('',(1.,-1.21490884960608E-16,-1.2149088496061E-16));
#11925=DIRECTION('',(1.21490884960609E-16,1.,8.53727491216149E-15));
#11926=DIRECTION('',(1.,-1.21490884960608E-16,-1.2149088496061E-16));
#11927=DIRECTION('',(-1.21490884960609E-16,-1.,-8.53727491216149E-15));
#11928=DIRECTION('center_axis',(-1.21490884960609E-16,8.53727491216149E-15,
-1.));
#11929=DIRECTION('ref_axis',(1.,-1.21490884960608E-16,-1.2149088496061E-16));
#11930=DIRECTION('',(1.,-1.21490884960608E-16,-1.2149088496061E-16));
#11931=DIRECTION('',(1.21490884960609E-16,1.,8.53727491216149E-15));
#11932=DIRECTION('',(1.,-1.21490884960608E-16,-1.2149088496061E-16));
#11933=DIRECTION('',(-1.21490884960609E-16,-1.,-8.53727491216149E-15));
#11934=DIRECTION('center_axis',(-1.21490884960609E-16,8.53727491216149E-15,
-1.));
#11935=DIRECTION('ref_axis',(1.,-1.21490884960608E-16,-1.2149088496061E-16));
#11936=DIRECTION('',(1.,-1.21490884960608E-16,-1.2149088496061E-16));
#11937=DIRECTION('',(1.21490884960609E-16,1.,8.53727491216149E-15));
#11938=DIRECTION('',(1.,-1.21490884960608E-16,-1.2149088496061E-16));
#11939=DIRECTION('',(-1.21490884960609E-16,-1.,-8.53727491216149E-15));
#11940=DIRECTION('center_axis',(-1.21490884960609E-16,8.53727491216149E-15,
-1.));
#11941=DIRECTION('ref_axis',(1.,-1.21490884960608E-16,-1.2149088496061E-16));
#11942=DIRECTION('',(-1.21490884960609E-16,-1.,-8.53727491216149E-15));
#11943=DIRECTION('',(1.,-1.21490884960608E-16,-1.2149088496061E-16));
#11944=DIRECTION('',(1.21490884960609E-16,1.,8.53727491216149E-15));
#11945=DIRECTION('',(1.,-1.21490884960608E-16,-1.2149088496061E-16));
#11946=DIRECTION('center_axis',(-1.21490884960609E-16,8.53727491216149E-15,
-1.));
#11947=DIRECTION('ref_axis',(1.,-1.21490884960608E-16,-1.2149088496061E-16));
#11948=DIRECTION('',(1.,-1.21490884960608E-16,-1.2149088496061E-16));
#11949=DIRECTION('',(1.21490884960609E-16,1.,8.53727491216149E-15));
#11950=DIRECTION('',(1.,-1.21490884960608E-16,-1.2149088496061E-16));
#11951=DIRECTION('',(-1.21490884960609E-16,-1.,-8.53727491216149E-15));
#11952=DIRECTION('center_axis',(-1.21490884960609E-16,8.53727491216149E-15,
-1.));
#11953=DIRECTION('ref_axis',(1.,-1.21490884960608E-16,-1.2149088496061E-16));
#11954=DIRECTION('',(1.,-1.21490884960608E-16,-1.2149088496061E-16));
#11955=DIRECTION('',(1.21490884960609E-16,1.,8.53727491216149E-15));
#11956=DIRECTION('',(1.,-1.21490884960608E-16,-1.2149088496061E-16));
#11957=DIRECTION('',(-1.21490884960609E-16,-1.,-8.53727491216149E-15));
#11958=DIRECTION('center_axis',(-1.21490884960609E-16,8.53727491216149E-15,
-1.));
#11959=DIRECTION('ref_axis',(1.,-1.21490884960608E-16,-1.2149088496061E-16));
#11960=DIRECTION('',(1.,-1.21490884960608E-16,-1.2149088496061E-16));
#11961=DIRECTION('',(1.21490884960609E-16,1.,8.53727491216149E-15));
#11962=DIRECTION('',(1.,-1.21490884960608E-16,-1.2149088496061E-16));
#11963=DIRECTION('',(-1.21490884960609E-16,-1.,-8.53727491216149E-15));
#11964=DIRECTION('center_axis',(-1.21490884960609E-16,8.53727491216149E-15,
-1.));
#11965=DIRECTION('ref_axis',(1.,-1.21490884960608E-16,-1.2149088496061E-16));
#11966=DIRECTION('',(1.,-1.21490884960608E-16,-1.2149088496061E-16));
#11967=DIRECTION('',(1.21490884960609E-16,1.,8.53727491216149E-15));
#11968=DIRECTION('',(1.,-1.21490884960608E-16,-1.2149088496061E-16));
#11969=DIRECTION('',(-1.21490884960609E-16,-1.,-8.53727491216149E-15));
#11970=DIRECTION('center_axis',(-1.21490884960609E-16,8.53727491216149E-15,
-1.));
#11971=DIRECTION('ref_axis',(1.,-1.21490884960608E-16,-1.2149088496061E-16));
#11972=DIRECTION('',(1.,-1.21490884960608E-16,-1.2149088496061E-16));
#11973=DIRECTION('',(1.21490884960609E-16,1.,8.53727491216149E-15));
#11974=DIRECTION('',(1.,-1.21490884960608E-16,-1.2149088496061E-16));
#11975=DIRECTION('',(-1.21490884960609E-16,-1.,-8.53727491216149E-15));
#11976=DIRECTION('center_axis',(-1.21490884960609E-16,8.53727491216149E-15,
-1.));
#11977=DIRECTION('ref_axis',(1.,-1.21490884960608E-16,-1.2149088496061E-16));
#11978=DIRECTION('',(1.,-1.21490884960608E-16,-1.2149088496061E-16));
#11979=DIRECTION('',(1.21490884960609E-16,1.,8.53727491216149E-15));
#11980=DIRECTION('',(1.,-1.21490884960608E-16,-1.2149088496061E-16));
#11981=DIRECTION('',(-1.21490884960609E-16,-1.,-8.53727491216149E-15));
#11982=DIRECTION('center_axis',(-1.21490884960609E-16,8.53727491216149E-15,
-1.));
#11983=DIRECTION('ref_axis',(1.,-1.21490884960608E-16,-1.2149088496061E-16));
#11984=DIRECTION('',(1.,-1.21490884960608E-16,-1.2149088496061E-16));
#11985=DIRECTION('',(1.21490884960609E-16,1.,8.53727491216149E-15));
#11986=DIRECTION('',(1.,-1.21490884960608E-16,-1.2149088496061E-16));
#11987=DIRECTION('',(-1.21490884960609E-16,-1.,-8.53727491216149E-15));
#11988=DIRECTION('center_axis',(-1.21490884960609E-16,8.53727491216149E-15,
-1.));
#11989=DIRECTION('ref_axis',(1.,-1.21490884960608E-16,-1.2149088496061E-16));
#11990=DIRECTION('',(1.,-1.21490884960608E-16,-1.2149088496061E-16));
#11991=DIRECTION('',(1.21490884960609E-16,1.,8.53727491216149E-15));
#11992=DIRECTION('',(1.,-1.21490884960608E-16,-1.2149088496061E-16));
#11993=DIRECTION('',(-1.21490884960609E-16,-1.,-8.53727491216149E-15));
#11994=DIRECTION('center_axis',(-1.21490884960609E-16,8.53727491216149E-15,
-1.));
#11995=DIRECTION('ref_axis',(1.,-1.21490884960608E-16,-1.2149088496061E-16));
#11996=DIRECTION('',(1.,-1.21490884960608E-16,-1.2149088496061E-16));
#11997=DIRECTION('',(1.21490884960609E-16,1.,8.53727491216149E-15));
#11998=DIRECTION('',(1.,-1.21490884960608E-16,-1.2149088496061E-16));
#11999=DIRECTION('',(-1.21490884960609E-16,-1.,-8.53727491216149E-15));
#12000=DIRECTION('center_axis',(-1.21490884960609E-16,8.53727491216149E-15,
-1.));
#12001=DIRECTION('ref_axis',(1.,-1.21490884960608E-16,-1.2149088496061E-16));
#12002=DIRECTION('',(1.,-1.21490884960608E-16,-1.2149088496061E-16));
#12003=DIRECTION('',(1.21490884960609E-16,1.,8.53727491216149E-15));
#12004=DIRECTION('',(1.,-1.21490884960608E-16,-1.2149088496061E-16));
#12005=DIRECTION('',(-1.21490884960609E-16,-1.,-8.53727491216149E-15));
#12006=DIRECTION('center_axis',(-1.21490884960609E-16,8.53727491216149E-15,
-1.));
#12007=DIRECTION('ref_axis',(1.,-1.21490884960608E-16,-1.2149088496061E-16));
#12008=DIRECTION('',(1.,-1.21490884960608E-16,-1.2149088496061E-16));
#12009=DIRECTION('',(1.21490884960609E-16,1.,8.53727491216149E-15));
#12010=DIRECTION('',(1.,-1.21490884960608E-16,-1.2149088496061E-16));
#12011=DIRECTION('',(-1.21490884960609E-16,-1.,-8.53727491216149E-15));
#12012=DIRECTION('center_axis',(-1.21490884960609E-16,8.53727491216149E-15,
-1.));
#12013=DIRECTION('ref_axis',(1.,-1.21490884960608E-16,-1.2149088496061E-16));
#12014=DIRECTION('',(1.,-1.21490884960608E-16,-1.2149088496061E-16));
#12015=DIRECTION('',(1.21490884960609E-16,1.,8.53727491216149E-15));
#12016=DIRECTION('',(1.,-1.21490884960608E-16,-1.2149088496061E-16));
#12017=DIRECTION('',(-1.21490884960609E-16,-1.,-8.53727491216149E-15));
#12018=DIRECTION('center_axis',(-1.21490884960609E-16,8.53727491216149E-15,
-1.));
#12019=DIRECTION('ref_axis',(1.,-1.21490884960608E-16,-1.2149088496061E-16));
#12020=DIRECTION('',(1.,-1.21490884960608E-16,-1.2149088496061E-16));
#12021=DIRECTION('',(1.21490884960609E-16,1.,8.53727491216149E-15));
#12022=DIRECTION('',(1.,-1.21490884960608E-16,-1.2149088496061E-16));
#12023=DIRECTION('',(-1.21490884960609E-16,-1.,-8.53727491216149E-15));
#12024=DIRECTION('center_axis',(-1.21490884960609E-16,8.53727491216149E-15,
-1.));
#12025=DIRECTION('ref_axis',(1.,-1.21490884960608E-16,-1.2149088496061E-16));
#12026=DIRECTION('',(1.,-1.21490884960608E-16,-1.2149088496061E-16));
#12027=DIRECTION('',(1.21490884960609E-16,1.,8.53727491216149E-15));
#12028=DIRECTION('',(1.,-1.21490884960608E-16,-1.2149088496061E-16));
#12029=DIRECTION('',(-1.21490884960609E-16,-1.,-8.53727491216149E-15));
#12030=DIRECTION('center_axis',(-1.21490884960609E-16,8.53727491216149E-15,
-1.));
#12031=DIRECTION('ref_axis',(1.,-1.21490884960608E-16,-1.2149088496061E-16));
#12032=DIRECTION('',(1.,-1.21490884960608E-16,-1.2149088496061E-16));
#12033=DIRECTION('',(1.21490884960609E-16,1.,8.53727491216149E-15));
#12034=DIRECTION('',(1.,-1.21490884960608E-16,-1.2149088496061E-16));
#12035=DIRECTION('',(-1.21490884960609E-16,-1.,-8.53727491216149E-15));
#12036=DIRECTION('center_axis',(-1.21490884960609E-16,8.53727491216149E-15,
-1.));
#12037=DIRECTION('ref_axis',(1.,-1.21490884960608E-16,-1.2149088496061E-16));
#12038=DIRECTION('',(1.,-1.21490884960608E-16,-1.2149088496061E-16));
#12039=DIRECTION('',(1.21490884960609E-16,1.,8.53727491216149E-15));
#12040=DIRECTION('',(1.,-1.21490884960608E-16,-1.2149088496061E-16));
#12041=DIRECTION('',(-1.21490884960609E-16,-1.,-8.53727491216149E-15));
#12042=DIRECTION('center_axis',(-1.21490884960609E-16,8.53727491216149E-15,
-1.));
#12043=DIRECTION('ref_axis',(1.,-1.21490884960608E-16,-1.2149088496061E-16));
#12044=DIRECTION('',(1.,-1.21490884960608E-16,-1.2149088496061E-16));
#12045=DIRECTION('',(1.21490884960609E-16,1.,8.53727491216149E-15));
#12046=DIRECTION('',(1.,-1.21490884960608E-16,-1.2149088496061E-16));
#12047=DIRECTION('',(-1.21490884960609E-16,-1.,-8.53727491216149E-15));
#12048=DIRECTION('center_axis',(-1.21490884960609E-16,8.53727491216149E-15,
-1.));
#12049=DIRECTION('ref_axis',(1.,-1.21490884960608E-16,-1.2149088496061E-16));
#12050=DIRECTION('',(1.,-1.21490884960608E-16,-1.2149088496061E-16));
#12051=DIRECTION('',(1.21490884960609E-16,1.,8.53727491216149E-15));
#12052=DIRECTION('',(1.,-1.21490884960608E-16,-1.2149088496061E-16));
#12053=DIRECTION('',(-1.21490884960609E-16,-1.,-8.53727491216149E-15));
#12054=DIRECTION('center_axis',(-1.21490884960609E-16,8.53727491216149E-15,
-1.));
#12055=DIRECTION('ref_axis',(1.,-1.21490884960608E-16,-1.2149088496061E-16));
#12056=DIRECTION('',(1.,-1.21490884960608E-16,-1.2149088496061E-16));
#12057=DIRECTION('',(1.21490884960609E-16,1.,8.53727491216149E-15));
#12058=DIRECTION('',(1.,-1.21490884960608E-16,-1.2149088496061E-16));
#12059=DIRECTION('',(-1.21490884960609E-16,-1.,-8.53727491216149E-15));
#12060=DIRECTION('center_axis',(-1.21490884960609E-16,8.53727491216149E-15,
-1.));
#12061=DIRECTION('ref_axis',(1.,-1.21490884960608E-16,-1.2149088496061E-16));
#12062=DIRECTION('',(1.,-1.21490884960608E-16,-1.2149088496061E-16));
#12063=DIRECTION('',(1.21490884960609E-16,1.,8.53727491216149E-15));
#12064=DIRECTION('',(1.,-1.21490884960608E-16,-1.2149088496061E-16));
#12065=DIRECTION('',(-1.21490884960609E-16,-1.,-8.53727491216149E-15));
#12066=DIRECTION('center_axis',(-1.,1.21490884960608E-16,1.2149088496061E-16));
#12067=DIRECTION('ref_axis',(-1.21490884960609E-16,-1.,-8.53727491216149E-15));
#12068=DIRECTION('',(1.21490884960609E-16,-8.53727491216149E-15,1.));
#12069=DIRECTION('',(-1.21490884960609E-16,8.53727491216149E-15,-1.));
#12070=DIRECTION('center_axis',(-1.21490884960609E-16,-1.,-8.53727491216149E-15));
#12071=DIRECTION('ref_axis',(1.,-1.21490884960608E-16,-1.2149088496061E-16));
#12072=DIRECTION('',(1.21490884960609E-16,-8.53727491216149E-15,1.));
#12073=DIRECTION('center_axis',(-1.,1.21490884960608E-16,1.2149088496061E-16));
#12074=DIRECTION('ref_axis',(-1.21490884960609E-16,-1.,-8.53727491216149E-15));
#12075=DIRECTION('',(1.21490884960609E-16,-8.53727491216149E-15,1.));
#12076=DIRECTION('',(-1.21490884960609E-16,8.53727491216149E-15,-1.));
#12077=DIRECTION('center_axis',(-1.21490884960609E-16,-1.,-8.53727491216149E-15));
#12078=DIRECTION('ref_axis',(1.,-1.21490884960608E-16,-1.2149088496061E-16));
#12079=DIRECTION('',(1.21490884960609E-16,-8.53727491216149E-15,1.));
#12080=DIRECTION('center_axis',(-1.,1.21490884960608E-16,1.2149088496061E-16));
#12081=DIRECTION('ref_axis',(-1.21490884960609E-16,-1.,-8.53727491216149E-15));
#12082=DIRECTION('',(1.21490884960609E-16,-8.53727491216149E-15,1.));
#12083=DIRECTION('',(-1.21490884960609E-16,8.53727491216149E-15,-1.));
#12084=DIRECTION('center_axis',(-1.21490884960609E-16,-1.,-8.53727491216149E-15));
#12085=DIRECTION('ref_axis',(1.,-1.21490884960608E-16,-1.2149088496061E-16));
#12086=DIRECTION('',(1.21490884960609E-16,-8.53727491216149E-15,1.));
#12087=DIRECTION('center_axis',(-1.,1.21490884960608E-16,1.2149088496061E-16));
#12088=DIRECTION('ref_axis',(-1.21490884960609E-16,-1.,-8.53727491216149E-15));
#12089=DIRECTION('',(1.21490884960609E-16,-8.53727491216149E-15,1.));
#12090=DIRECTION('',(-1.21490884960609E-16,8.53727491216149E-15,-1.));
#12091=DIRECTION('center_axis',(-1.21490884960609E-16,-1.,-8.53727491216149E-15));
#12092=DIRECTION('ref_axis',(1.,-1.21490884960608E-16,-1.2149088496061E-16));
#12093=DIRECTION('',(1.21490884960609E-16,-8.53727491216149E-15,1.));
#12094=DIRECTION('center_axis',(-1.,1.21490884960608E-16,1.2149088496061E-16));
#12095=DIRECTION('ref_axis',(-1.21490884960609E-16,-1.,-8.53727491216149E-15));
#12096=DIRECTION('',(1.21490884960609E-16,-8.53727491216149E-15,1.));
#12097=DIRECTION('',(-1.21490884960609E-16,8.53727491216149E-15,-1.));
#12098=DIRECTION('center_axis',(-1.21490884960609E-16,-1.,-8.53727491216149E-15));
#12099=DIRECTION('ref_axis',(1.,-1.21490884960608E-16,-1.2149088496061E-16));
#12100=DIRECTION('',(1.21490884960609E-16,-8.53727491216149E-15,1.));
#12101=DIRECTION('center_axis',(-1.,1.21490884960608E-16,1.2149088496061E-16));
#12102=DIRECTION('ref_axis',(-1.21490884960609E-16,-1.,-8.53727491216149E-15));
#12103=DIRECTION('',(1.21490884960609E-16,-8.53727491216149E-15,1.));
#12104=DIRECTION('',(-1.21490884960609E-16,8.53727491216149E-15,-1.));
#12105=DIRECTION('center_axis',(-1.21490884960609E-16,-1.,-8.53727491216149E-15));
#12106=DIRECTION('ref_axis',(1.,-1.21490884960608E-16,-1.2149088496061E-16));
#12107=DIRECTION('',(1.21490884960609E-16,-8.53727491216149E-15,1.));
#12108=DIRECTION('center_axis',(-1.,1.21490884960608E-16,1.2149088496061E-16));
#12109=DIRECTION('ref_axis',(-1.21490884960609E-16,-1.,-8.53727491216149E-15));
#12110=DIRECTION('',(1.21490884960609E-16,-8.53727491216149E-15,1.));
#12111=DIRECTION('',(-1.21490884960609E-16,8.53727491216149E-15,-1.));
#12112=DIRECTION('center_axis',(-1.21490884960609E-16,-1.,-8.53727491216149E-15));
#12113=DIRECTION('ref_axis',(1.,-1.21490884960608E-16,-1.2149088496061E-16));
#12114=DIRECTION('',(1.21490884960609E-16,-8.53727491216149E-15,1.));
#12115=DIRECTION('center_axis',(-1.,1.21490884960608E-16,1.2149088496061E-16));
#12116=DIRECTION('ref_axis',(-1.21490884960609E-16,-1.,-8.53727491216149E-15));
#12117=DIRECTION('',(1.21490884960609E-16,-8.53727491216149E-15,1.));
#12118=DIRECTION('',(-1.21490884960609E-16,8.53727491216149E-15,-1.));
#12119=DIRECTION('center_axis',(-1.21490884960609E-16,-1.,-8.53727491216149E-15));
#12120=DIRECTION('ref_axis',(1.,-1.21490884960608E-16,-1.2149088496061E-16));
#12121=DIRECTION('',(1.21490884960609E-16,-8.53727491216149E-15,1.));
#12122=DIRECTION('center_axis',(-1.,1.21490884960608E-16,1.2149088496061E-16));
#12123=DIRECTION('ref_axis',(-1.21490884960609E-16,-1.,-8.53727491216149E-15));
#12124=DIRECTION('',(1.21490884960609E-16,-8.53727491216149E-15,1.));
#12125=DIRECTION('',(-1.21490884960609E-16,8.53727491216149E-15,-1.));
#12126=DIRECTION('center_axis',(-1.21490884960609E-16,-1.,-8.53727491216149E-15));
#12127=DIRECTION('ref_axis',(1.,-1.21490884960608E-16,-1.2149088496061E-16));
#12128=DIRECTION('',(1.21490884960609E-16,-8.53727491216149E-15,1.));
#12129=DIRECTION('center_axis',(-1.,1.21490884960608E-16,1.2149088496061E-16));
#12130=DIRECTION('ref_axis',(-1.21490884960609E-16,-1.,-8.53727491216149E-15));
#12131=DIRECTION('',(1.21490884960609E-16,-8.53727491216149E-15,1.));
#12132=DIRECTION('',(-1.21490884960609E-16,8.53727491216149E-15,-1.));
#12133=DIRECTION('center_axis',(-1.21490884960609E-16,-1.,-8.53727491216149E-15));
#12134=DIRECTION('ref_axis',(1.,-1.21490884960608E-16,-1.2149088496061E-16));
#12135=DIRECTION('',(1.21490884960609E-16,-8.53727491216149E-15,1.));
#12136=DIRECTION('center_axis',(-1.,1.21490884960608E-16,1.2149088496061E-16));
#12137=DIRECTION('ref_axis',(-1.21490884960609E-16,-1.,-8.53727491216149E-15));
#12138=DIRECTION('',(1.21490884960609E-16,-8.53727491216149E-15,1.));
#12139=DIRECTION('',(-1.21490884960609E-16,8.53727491216149E-15,-1.));
#12140=DIRECTION('center_axis',(-1.21490884960609E-16,-1.,-8.53727491216149E-15));
#12141=DIRECTION('ref_axis',(1.,-1.21490884960608E-16,-1.2149088496061E-16));
#12142=DIRECTION('',(1.21490884960609E-16,-8.53727491216149E-15,1.));
#12143=DIRECTION('center_axis',(-1.,1.21490884960608E-16,1.2149088496061E-16));
#12144=DIRECTION('ref_axis',(-1.21490884960609E-16,-1.,-8.53727491216149E-15));
#12145=DIRECTION('',(1.21490884960609E-16,-8.53727491216149E-15,1.));
#12146=DIRECTION('',(-1.21490884960609E-16,8.53727491216149E-15,-1.));
#12147=DIRECTION('center_axis',(-1.21490884960609E-16,-1.,-8.53727491216149E-15));
#12148=DIRECTION('ref_axis',(1.,-1.21490884960608E-16,-1.2149088496061E-16));
#12149=DIRECTION('',(1.21490884960609E-16,-8.53727491216149E-15,1.));
#12150=DIRECTION('center_axis',(-1.,1.21490884960608E-16,1.2149088496061E-16));
#12151=DIRECTION('ref_axis',(-1.21490884960609E-16,-1.,-8.53727491216149E-15));
#12152=DIRECTION('',(1.21490884960609E-16,-8.53727491216149E-15,1.));
#12153=DIRECTION('',(-1.21490884960609E-16,8.53727491216149E-15,-1.));
#12154=DIRECTION('center_axis',(-1.21490884960609E-16,-1.,-8.53727491216149E-15));
#12155=DIRECTION('ref_axis',(1.,-1.21490884960608E-16,-1.2149088496061E-16));
#12156=DIRECTION('',(1.21490884960609E-16,-8.53727491216149E-15,1.));
#12157=DIRECTION('center_axis',(-1.,1.21490884960608E-16,1.2149088496061E-16));
#12158=DIRECTION('ref_axis',(-1.21490884960609E-16,-1.,-8.53727491216149E-15));
#12159=DIRECTION('',(1.21490884960609E-16,-8.53727491216149E-15,1.));
#12160=DIRECTION('',(-1.21490884960609E-16,8.53727491216149E-15,-1.));
#12161=DIRECTION('center_axis',(-1.21490884960609E-16,-1.,-8.53727491216149E-15));
#12162=DIRECTION('ref_axis',(1.,-1.21490884960608E-16,-1.2149088496061E-16));
#12163=DIRECTION('',(1.21490884960609E-16,-8.53727491216149E-15,1.));
#12164=DIRECTION('center_axis',(-1.,1.21490884960608E-16,1.2149088496061E-16));
#12165=DIRECTION('ref_axis',(-1.21490884960609E-16,-1.,-8.53727491216149E-15));
#12166=DIRECTION('',(1.21490884960609E-16,-8.53727491216149E-15,1.));
#12167=DIRECTION('',(-1.21490884960609E-16,8.53727491216149E-15,-1.));
#12168=DIRECTION('center_axis',(-1.21490884960609E-16,-1.,-8.53727491216149E-15));
#12169=DIRECTION('ref_axis',(1.,-1.21490884960608E-16,-1.2149088496061E-16));
#12170=DIRECTION('',(1.21490884960609E-16,-8.53727491216149E-15,1.));
#12171=DIRECTION('center_axis',(-1.,1.21490884960608E-16,1.2149088496061E-16));
#12172=DIRECTION('ref_axis',(-1.21490884960609E-16,-1.,-8.53727491216149E-15));
#12173=DIRECTION('',(1.21490884960609E-16,-8.53727491216149E-15,1.));
#12174=DIRECTION('',(-1.21490884960609E-16,8.53727491216149E-15,-1.));
#12175=DIRECTION('center_axis',(-1.21490884960609E-16,-1.,-8.53727491216149E-15));
#12176=DIRECTION('ref_axis',(1.,-1.21490884960608E-16,-1.2149088496061E-16));
#12177=DIRECTION('',(1.21490884960609E-16,-8.53727491216149E-15,1.));
#12178=DIRECTION('center_axis',(-1.,1.21490884960608E-16,1.2149088496061E-16));
#12179=DIRECTION('ref_axis',(-1.21490884960609E-16,-1.,-8.53727491216149E-15));
#12180=DIRECTION('',(1.21490884960609E-16,-8.53727491216149E-15,1.));
#12181=DIRECTION('',(-1.21490884960609E-16,8.53727491216149E-15,-1.));
#12182=DIRECTION('center_axis',(-1.21490884960609E-16,-1.,-8.53727491216149E-15));
#12183=DIRECTION('ref_axis',(1.,-1.21490884960608E-16,-1.2149088496061E-16));
#12184=DIRECTION('',(1.21490884960609E-16,-8.53727491216149E-15,1.));
#12185=DIRECTION('center_axis',(-1.,1.21490884960608E-16,1.2149088496061E-16));
#12186=DIRECTION('ref_axis',(-1.21490884960609E-16,-1.,-8.53727491216149E-15));
#12187=DIRECTION('',(1.21490884960609E-16,-8.53727491216149E-15,1.));
#12188=DIRECTION('',(-1.21490884960609E-16,8.53727491216149E-15,-1.));
#12189=DIRECTION('center_axis',(-1.21490884960609E-16,-1.,-8.53727491216149E-15));
#12190=DIRECTION('ref_axis',(1.,-1.21490884960608E-16,-1.2149088496061E-16));
#12191=DIRECTION('',(1.21490884960609E-16,-8.53727491216149E-15,1.));
#12192=DIRECTION('center_axis',(-1.,1.21490884960608E-16,1.2149088496061E-16));
#12193=DIRECTION('ref_axis',(-1.21490884960609E-16,-1.,-8.53727491216149E-15));
#12194=DIRECTION('',(1.21490884960609E-16,-8.53727491216149E-15,1.));
#12195=DIRECTION('',(-1.21490884960609E-16,8.53727491216149E-15,-1.));
#12196=DIRECTION('center_axis',(-1.21490884960609E-16,-1.,-8.53727491216149E-15));
#12197=DIRECTION('ref_axis',(1.,-1.21490884960608E-16,-1.2149088496061E-16));
#12198=DIRECTION('',(1.21490884960609E-16,-8.53727491216149E-15,1.));
#12199=DIRECTION('center_axis',(1.,-1.21490884960608E-16,-1.2149088496061E-16));
#12200=DIRECTION('ref_axis',(1.21490884960609E-16,1.,8.53727491216149E-15));
#12201=DIRECTION('',(1.21490884960609E-16,-8.53727491216149E-15,1.));
#12202=DIRECTION('',(1.21490884960609E-16,-8.53727491216149E-15,1.));
#12203=DIRECTION('center_axis',(-1.,1.21490884960608E-16,1.2149088496061E-16));
#12204=DIRECTION('ref_axis',(-1.21490884960609E-16,-1.,-8.53727491216149E-15));
#12205=DIRECTION('',(1.21490884960609E-16,-8.53727491216149E-15,1.));
#12206=DIRECTION('',(-1.21490884960609E-16,8.53727491216149E-15,-1.));
#12207=DIRECTION('center_axis',(-1.21490884960609E-16,-1.,-8.53727491216149E-15));
#12208=DIRECTION('ref_axis',(1.,-1.21490884960608E-16,-1.2149088496061E-16));
#12209=DIRECTION('',(1.21490884960609E-16,-8.53727491216149E-15,1.));
#12210=DIRECTION('center_axis',(-1.,1.21490884960608E-16,1.2149088496061E-16));
#12211=DIRECTION('ref_axis',(-1.21490884960609E-16,-1.,-8.53727491216149E-15));
#12212=DIRECTION('',(1.21490884960609E-16,-8.53727491216149E-15,1.));
#12213=DIRECTION('',(-1.21490884960609E-16,8.53727491216149E-15,-1.));
#12214=DIRECTION('center_axis',(-1.21490884960609E-16,-1.,-8.53727491216149E-15));
#12215=DIRECTION('ref_axis',(1.,-1.21490884960608E-16,-1.2149088496061E-16));
#12216=DIRECTION('',(1.21490884960609E-16,-8.53727491216149E-15,1.));
#12217=DIRECTION('center_axis',(-1.,1.21490884960608E-16,1.2149088496061E-16));
#12218=DIRECTION('ref_axis',(-1.21490884960609E-16,-1.,-8.53727491216149E-15));
#12219=DIRECTION('',(1.21490884960609E-16,-8.53727491216149E-15,1.));
#12220=DIRECTION('',(-1.21490884960609E-16,8.53727491216149E-15,-1.));
#12221=DIRECTION('center_axis',(-1.21490884960609E-16,-1.,-8.53727491216149E-15));
#12222=DIRECTION('ref_axis',(1.,-1.21490884960608E-16,-1.2149088496061E-16));
#12223=DIRECTION('',(1.21490884960609E-16,-8.53727491216149E-15,1.));
#12224=DIRECTION('center_axis',(-1.,1.21490884960608E-16,1.2149088496061E-16));
#12225=DIRECTION('ref_axis',(-1.21490884960609E-16,-1.,-8.53727491216149E-15));
#12226=DIRECTION('',(1.21490884960609E-16,-8.53727491216149E-15,1.));
#12227=DIRECTION('',(-1.21490884960609E-16,8.53727491216149E-15,-1.));
#12228=DIRECTION('center_axis',(-1.21490884960609E-16,-1.,-8.53727491216149E-15));
#12229=DIRECTION('ref_axis',(1.,-1.21490884960608E-16,-1.2149088496061E-16));
#12230=DIRECTION('',(1.21490884960609E-16,-8.53727491216149E-15,1.));
#12231=DIRECTION('center_axis',(-1.,1.21490884960608E-16,1.2149088496061E-16));
#12232=DIRECTION('ref_axis',(-1.21490884960609E-16,-1.,-8.53727491216149E-15));
#12233=DIRECTION('',(1.21490884960609E-16,-8.53727491216149E-15,1.));
#12234=DIRECTION('',(-1.21490884960609E-16,8.53727491216149E-15,-1.));
#12235=DIRECTION('center_axis',(-1.21490884960609E-16,-1.,-8.53727491216149E-15));
#12236=DIRECTION('ref_axis',(1.,-1.21490884960608E-16,-1.2149088496061E-16));
#12237=DIRECTION('',(1.21490884960609E-16,-8.53727491216149E-15,1.));
#12238=DIRECTION('center_axis',(-1.,1.21490884960608E-16,1.2149088496061E-16));
#12239=DIRECTION('ref_axis',(-1.21490884960609E-16,-1.,-8.53727491216149E-15));
#12240=DIRECTION('',(1.21490884960609E-16,-8.53727491216149E-15,1.));
#12241=DIRECTION('',(-1.21490884960609E-16,8.53727491216149E-15,-1.));
#12242=DIRECTION('center_axis',(-1.21490884960609E-16,-1.,-8.53727491216149E-15));
#12243=DIRECTION('ref_axis',(1.,-1.21490884960608E-16,-1.2149088496061E-16));
#12244=DIRECTION('',(1.21490884960609E-16,-8.53727491216149E-15,1.));
#12245=DIRECTION('center_axis',(-1.,1.21490884960608E-16,1.2149088496061E-16));
#12246=DIRECTION('ref_axis',(-1.21490884960609E-16,-1.,-8.53727491216149E-15));
#12247=DIRECTION('',(1.21490884960609E-16,-8.53727491216149E-15,1.));
#12248=DIRECTION('',(-1.21490884960609E-16,8.53727491216149E-15,-1.));
#12249=DIRECTION('center_axis',(-1.21490884960609E-16,-1.,-8.53727491216149E-15));
#12250=DIRECTION('ref_axis',(1.,-1.21490884960608E-16,-1.2149088496061E-16));
#12251=DIRECTION('',(1.21490884960609E-16,-8.53727491216149E-15,1.));
#12252=DIRECTION('center_axis',(-1.,1.21490884960608E-16,1.2149088496061E-16));
#12253=DIRECTION('ref_axis',(-1.21490884960609E-16,-1.,-8.53727491216149E-15));
#12254=DIRECTION('',(1.21490884960609E-16,-8.53727491216149E-15,1.));
#12255=DIRECTION('',(-1.21490884960609E-16,8.53727491216149E-15,-1.));
#12256=DIRECTION('center_axis',(-1.21490884960609E-16,-1.,-8.53727491216149E-15));
#12257=DIRECTION('ref_axis',(1.,-1.21490884960608E-16,-1.2149088496061E-16));
#12258=DIRECTION('',(1.21490884960609E-16,-8.53727491216149E-15,1.));
#12259=DIRECTION('center_axis',(-1.,1.21490884960608E-16,1.2149088496061E-16));
#12260=DIRECTION('ref_axis',(-1.21490884960609E-16,-1.,-8.53727491216149E-15));
#12261=DIRECTION('',(1.21490884960609E-16,-8.53727491216149E-15,1.));
#12262=DIRECTION('',(-1.21490884960609E-16,8.53727491216149E-15,-1.));
#12263=DIRECTION('center_axis',(-1.21490884960609E-16,-1.,-8.53727491216149E-15));
#12264=DIRECTION('ref_axis',(1.,-1.21490884960608E-16,-1.2149088496061E-16));
#12265=DIRECTION('',(1.21490884960609E-16,-8.53727491216149E-15,1.));
#12266=DIRECTION('center_axis',(-1.,1.21490884960608E-16,1.2149088496061E-16));
#12267=DIRECTION('ref_axis',(-1.21490884960609E-16,-1.,-8.53727491216149E-15));
#12268=DIRECTION('',(1.21490884960609E-16,-8.53727491216149E-15,1.));
#12269=DIRECTION('',(-1.21490884960609E-16,8.53727491216149E-15,-1.));
#12270=DIRECTION('center_axis',(-1.21490884960609E-16,-1.,-8.53727491216149E-15));
#12271=DIRECTION('ref_axis',(1.,-1.21490884960608E-16,-1.2149088496061E-16));
#12272=DIRECTION('',(1.21490884960609E-16,-8.53727491216149E-15,1.));
#12273=DIRECTION('center_axis',(-1.,1.21490884960608E-16,1.2149088496061E-16));
#12274=DIRECTION('ref_axis',(-1.21490884960609E-16,-1.,-8.53727491216149E-15));
#12275=DIRECTION('',(1.21490884960609E-16,-8.53727491216149E-15,1.));
#12276=DIRECTION('',(-1.21490884960609E-16,8.53727491216149E-15,-1.));
#12277=DIRECTION('center_axis',(-1.21490884960609E-16,-1.,-8.53727491216149E-15));
#12278=DIRECTION('ref_axis',(1.,-1.21490884960608E-16,-1.2149088496061E-16));
#12279=DIRECTION('',(1.21490884960609E-16,-8.53727491216149E-15,1.));
#12280=DIRECTION('center_axis',(-1.,1.21490884960608E-16,1.2149088496061E-16));
#12281=DIRECTION('ref_axis',(-1.21490884960609E-16,-1.,-8.53727491216149E-15));
#12282=DIRECTION('',(1.21490884960609E-16,-8.53727491216149E-15,1.));
#12283=DIRECTION('',(-1.21490884960609E-16,8.53727491216149E-15,-1.));
#12284=DIRECTION('center_axis',(-1.21490884960609E-16,-1.,-8.53727491216149E-15));
#12285=DIRECTION('ref_axis',(1.,-1.21490884960608E-16,-1.2149088496061E-16));
#12286=DIRECTION('',(1.21490884960609E-16,-8.53727491216149E-15,1.));
#12287=DIRECTION('center_axis',(-1.,1.21490884960608E-16,1.2149088496061E-16));
#12288=DIRECTION('ref_axis',(-1.21490884960609E-16,-1.,-8.53727491216149E-15));
#12289=DIRECTION('',(1.21490884960609E-16,-8.53727491216149E-15,1.));
#12290=DIRECTION('',(-1.21490884960609E-16,8.53727491216149E-15,-1.));
#12291=DIRECTION('center_axis',(-1.21490884960609E-16,-1.,-8.53727491216149E-15));
#12292=DIRECTION('ref_axis',(1.,-1.21490884960608E-16,-1.2149088496061E-16));
#12293=DIRECTION('',(1.21490884960609E-16,-8.53727491216149E-15,1.));
#12294=DIRECTION('center_axis',(-1.,1.21490884960608E-16,1.2149088496061E-16));
#12295=DIRECTION('ref_axis',(-1.21490884960609E-16,-1.,-8.53727491216149E-15));
#12296=DIRECTION('',(1.21490884960609E-16,-8.53727491216149E-15,1.));
#12297=DIRECTION('',(-1.21490884960609E-16,8.53727491216149E-15,-1.));
#12298=DIRECTION('center_axis',(-1.21490884960609E-16,-1.,-8.53727491216149E-15));
#12299=DIRECTION('ref_axis',(1.,-1.21490884960608E-16,-1.2149088496061E-16));
#12300=DIRECTION('',(1.21490884960609E-16,-8.53727491216149E-15,1.));
#12301=DIRECTION('center_axis',(-1.,1.21490884960608E-16,1.2149088496061E-16));
#12302=DIRECTION('ref_axis',(-1.21490884960609E-16,-1.,-8.53727491216149E-15));
#12303=DIRECTION('',(1.21490884960609E-16,-8.53727491216149E-15,1.));
#12304=DIRECTION('',(-1.21490884960609E-16,8.53727491216149E-15,-1.));
#12305=DIRECTION('center_axis',(-1.21490884960609E-16,-1.,-8.53727491216149E-15));
#12306=DIRECTION('ref_axis',(1.,-1.21490884960608E-16,-1.2149088496061E-16));
#12307=DIRECTION('',(1.21490884960609E-16,-8.53727491216149E-15,1.));
#12308=DIRECTION('center_axis',(-1.,1.21490884960608E-16,1.2149088496061E-16));
#12309=DIRECTION('ref_axis',(-1.21490884960609E-16,-1.,-8.53727491216149E-15));
#12310=DIRECTION('',(1.21490884960609E-16,-8.53727491216149E-15,1.));
#12311=DIRECTION('',(-1.21490884960609E-16,8.53727491216149E-15,-1.));
#12312=DIRECTION('center_axis',(-1.21490884960609E-16,-1.,-8.53727491216149E-15));
#12313=DIRECTION('ref_axis',(1.,-1.21490884960608E-16,-1.2149088496061E-16));
#12314=DIRECTION('',(1.21490884960609E-16,-8.53727491216149E-15,1.));
#12315=DIRECTION('center_axis',(-1.,1.21490884960608E-16,1.2149088496061E-16));
#12316=DIRECTION('ref_axis',(-1.21490884960609E-16,-1.,-8.53727491216149E-15));
#12317=DIRECTION('',(1.21490884960609E-16,-8.53727491216149E-15,1.));
#12318=DIRECTION('',(-1.21490884960609E-16,8.53727491216149E-15,-1.));
#12319=DIRECTION('center_axis',(-1.21490884960609E-16,-1.,-8.53727491216149E-15));
#12320=DIRECTION('ref_axis',(1.,-1.21490884960608E-16,-1.2149088496061E-16));
#12321=DIRECTION('',(1.21490884960609E-16,-8.53727491216149E-15,1.));
#12322=DIRECTION('center_axis',(-1.,1.21490884960608E-16,1.2149088496061E-16));
#12323=DIRECTION('ref_axis',(-1.21490884960609E-16,-1.,-8.53727491216149E-15));
#12324=DIRECTION('',(1.21490884960609E-16,-8.53727491216149E-15,1.));
#12325=DIRECTION('',(-1.21490884960609E-16,8.53727491216149E-15,-1.));
#12326=DIRECTION('center_axis',(-1.21490884960609E-16,-1.,-8.53727491216149E-15));
#12327=DIRECTION('ref_axis',(1.,-1.21490884960608E-16,-1.2149088496061E-16));
#12328=DIRECTION('',(1.21490884960609E-16,-8.53727491216149E-15,1.));
#12329=DIRECTION('center_axis',(-1.,1.21490884960608E-16,1.2149088496061E-16));
#12330=DIRECTION('ref_axis',(-1.21490884960609E-16,-1.,-8.53727491216149E-15));
#12331=DIRECTION('',(1.21490884960609E-16,-8.53727491216149E-15,1.));
#12332=DIRECTION('',(-1.21490884960609E-16,8.53727491216149E-15,-1.));
#12333=DIRECTION('center_axis',(-1.21490884960609E-16,-1.,-8.53727491216149E-15));
#12334=DIRECTION('ref_axis',(1.,-1.21490884960608E-16,-1.2149088496061E-16));
#12335=DIRECTION('',(1.21490884960609E-16,-8.53727491216149E-15,1.));
#12336=DIRECTION('center_axis',(-1.,1.21490884960608E-16,1.2149088496061E-16));
#12337=DIRECTION('ref_axis',(-1.21490884960609E-16,-1.,-8.53727491216149E-15));
#12338=DIRECTION('',(1.21490884960609E-16,-8.53727491216149E-15,1.));
#12339=DIRECTION('',(-1.21490884960609E-16,8.53727491216149E-15,-1.));
#12340=DIRECTION('center_axis',(-1.21490884960609E-16,-1.,-8.53727491216149E-15));
#12341=DIRECTION('ref_axis',(1.,-1.21490884960608E-16,-1.2149088496061E-16));
#12342=DIRECTION('',(1.21490884960609E-16,-8.53727491216149E-15,1.));
#12343=DIRECTION('center_axis',(1.,-1.21490884960608E-16,-1.2149088496061E-16));
#12344=DIRECTION('ref_axis',(1.21490884960609E-16,1.,8.53727491216149E-15));
#12345=DIRECTION('',(1.21490884960609E-16,-8.53727491216149E-15,1.));
#12346=DIRECTION('center_axis',(1.,-1.21490884960608E-16,-1.2149088496061E-16));
#12347=DIRECTION('ref_axis',(1.21490884960609E-16,1.,8.53727491216149E-15));
#12348=DIRECTION('',(1.21490884960609E-16,-8.53727491216149E-15,1.));
#12349=DIRECTION('center_axis',(1.,-1.21490884960608E-16,-1.2149088496061E-16));
#12350=DIRECTION('ref_axis',(1.21490884960609E-16,1.,8.53727491216149E-15));
#12351=DIRECTION('',(1.21490884960609E-16,-8.53727491216149E-15,1.));
#12352=DIRECTION('center_axis',(1.,-1.21490884960608E-16,-1.2149088496061E-16));
#12353=DIRECTION('ref_axis',(1.21490884960609E-16,1.,8.53727491216149E-15));
#12354=DIRECTION('',(1.21490884960609E-16,-8.53727491216149E-15,1.));
#12355=DIRECTION('center_axis',(1.,-1.21490884960608E-16,-1.2149088496061E-16));
#12356=DIRECTION('ref_axis',(1.21490884960609E-16,1.,8.53727491216149E-15));
#12357=DIRECTION('',(1.21490884960609E-16,-8.53727491216149E-15,1.));
#12358=DIRECTION('center_axis',(1.,-1.21490884960608E-16,-1.2149088496061E-16));
#12359=DIRECTION('ref_axis',(1.21490884960609E-16,1.,8.53727491216149E-15));
#12360=DIRECTION('',(1.21490884960609E-16,-8.53727491216149E-15,1.));
#12361=DIRECTION('center_axis',(1.,-1.21490884960608E-16,-1.2149088496061E-16));
#12362=DIRECTION('ref_axis',(1.21490884960609E-16,1.,8.53727491216149E-15));
#12363=DIRECTION('',(1.21490884960609E-16,-8.53727491216149E-15,1.));
#12364=DIRECTION('center_axis',(1.,-1.21490884960608E-16,-1.2149088496061E-16));
#12365=DIRECTION('ref_axis',(1.21490884960609E-16,1.,8.53727491216149E-15));
#12366=DIRECTION('',(1.21490884960609E-16,-8.53727491216149E-15,1.));
#12367=DIRECTION('center_axis',(1.,-1.21490884960608E-16,-1.2149088496061E-16));
#12368=DIRECTION('ref_axis',(1.21490884960609E-16,1.,8.53727491216149E-15));
#12369=DIRECTION('',(1.21490884960609E-16,-8.53727491216149E-15,1.));
#12370=DIRECTION('center_axis',(1.,-1.21490884960608E-16,-1.2149088496061E-16));
#12371=DIRECTION('ref_axis',(1.21490884960609E-16,1.,8.53727491216149E-15));
#12372=DIRECTION('',(1.21490884960609E-16,-8.53727491216149E-15,1.));
#12373=DIRECTION('center_axis',(1.,-1.21490884960608E-16,-1.2149088496061E-16));
#12374=DIRECTION('ref_axis',(1.21490884960609E-16,1.,8.53727491216149E-15));
#12375=DIRECTION('',(1.21490884960609E-16,-8.53727491216149E-15,1.));
#12376=DIRECTION('center_axis',(1.,-1.21490884960608E-16,-1.2149088496061E-16));
#12377=DIRECTION('ref_axis',(1.21490884960609E-16,1.,8.53727491216149E-15));
#12378=DIRECTION('',(1.21490884960609E-16,-8.53727491216149E-15,1.));
#12379=DIRECTION('center_axis',(1.,-1.21490884960608E-16,-1.2149088496061E-16));
#12380=DIRECTION('ref_axis',(1.21490884960609E-16,1.,8.53727491216149E-15));
#12381=DIRECTION('',(1.21490884960609E-16,-8.53727491216149E-15,1.));
#12382=DIRECTION('center_axis',(1.,-1.21490884960608E-16,-1.2149088496061E-16));
#12383=DIRECTION('ref_axis',(1.21490884960609E-16,1.,8.53727491216149E-15));
#12384=DIRECTION('',(1.21490884960609E-16,-8.53727491216149E-15,1.));
#12385=DIRECTION('center_axis',(1.,-1.21490884960608E-16,-1.2149088496061E-16));
#12386=DIRECTION('ref_axis',(1.21490884960609E-16,1.,8.53727491216149E-15));
#12387=DIRECTION('',(1.21490884960609E-16,-8.53727491216149E-15,1.));
#12388=DIRECTION('center_axis',(1.,-1.21490884960608E-16,-1.2149088496061E-16));
#12389=DIRECTION('ref_axis',(1.21490884960609E-16,1.,8.53727491216149E-15));
#12390=DIRECTION('',(1.21490884960609E-16,-8.53727491216149E-15,1.));
#12391=DIRECTION('center_axis',(1.,-1.21490884960608E-16,-1.2149088496061E-16));
#12392=DIRECTION('ref_axis',(1.21490884960609E-16,1.,8.53727491216149E-15));
#12393=DIRECTION('',(1.21490884960609E-16,-8.53727491216149E-15,1.));
#12394=DIRECTION('center_axis',(1.,-1.21490884960608E-16,-1.2149088496061E-16));
#12395=DIRECTION('ref_axis',(1.21490884960609E-16,1.,8.53727491216149E-15));
#12396=DIRECTION('',(1.21490884960609E-16,-8.53727491216149E-15,1.));
#12397=DIRECTION('center_axis',(1.,-1.21490884960608E-16,-1.2149088496061E-16));
#12398=DIRECTION('ref_axis',(1.21490884960609E-16,1.,8.53727491216149E-15));
#12399=DIRECTION('',(1.21490884960609E-16,-8.53727491216149E-15,1.));
#12400=DIRECTION('center_axis',(1.,-1.21490884960608E-16,-1.2149088496061E-16));
#12401=DIRECTION('ref_axis',(1.21490884960609E-16,1.,8.53727491216149E-15));
#12402=DIRECTION('',(1.21490884960609E-16,-8.53727491216149E-15,1.));
#12403=DIRECTION('center_axis',(1.,-1.21490884960608E-16,-1.2149088496061E-16));
#12404=DIRECTION('ref_axis',(1.21490884960609E-16,1.,8.53727491216149E-15));
#12405=DIRECTION('',(1.21490884960609E-16,-8.53727491216149E-15,1.));
#12406=DIRECTION('center_axis',(1.,-1.21490884960608E-16,-1.2149088496061E-16));
#12407=DIRECTION('ref_axis',(1.21490884960609E-16,1.,8.53727491216149E-15));
#12408=DIRECTION('',(1.21490884960609E-16,-8.53727491216149E-15,1.));
#12409=DIRECTION('center_axis',(1.,-1.21490884960608E-16,-1.2149088496061E-16));
#12410=DIRECTION('ref_axis',(1.21490884960609E-16,1.,8.53727491216149E-15));
#12411=DIRECTION('',(1.21490884960609E-16,-8.53727491216149E-15,1.));
#12412=DIRECTION('center_axis',(1.,-1.21490884960608E-16,-1.2149088496061E-16));
#12413=DIRECTION('ref_axis',(1.21490884960609E-16,1.,8.53727491216149E-15));
#12414=DIRECTION('',(1.21490884960609E-16,-8.53727491216149E-15,1.));
#12415=DIRECTION('center_axis',(1.,-1.21490884960608E-16,-1.2149088496061E-16));
#12416=DIRECTION('ref_axis',(1.21490884960609E-16,1.,8.53727491216149E-15));
#12417=DIRECTION('',(1.21490884960609E-16,-8.53727491216149E-15,1.));
#12418=DIRECTION('center_axis',(1.,-1.21490884960608E-16,-1.2149088496061E-16));
#12419=DIRECTION('ref_axis',(1.21490884960609E-16,1.,8.53727491216149E-15));
#12420=DIRECTION('',(1.21490884960609E-16,-8.53727491216149E-15,1.));
#12421=DIRECTION('center_axis',(1.,-1.21490884960608E-16,-1.2149088496061E-16));
#12422=DIRECTION('ref_axis',(1.21490884960609E-16,1.,8.53727491216149E-15));
#12423=DIRECTION('',(1.21490884960609E-16,-8.53727491216149E-15,1.));
#12424=DIRECTION('center_axis',(1.,-1.21490884960608E-16,-1.2149088496061E-16));
#12425=DIRECTION('ref_axis',(1.21490884960609E-16,1.,8.53727491216149E-15));
#12426=DIRECTION('',(1.21490884960609E-16,-8.53727491216149E-15,1.));
#12427=DIRECTION('center_axis',(1.,-1.21490884960608E-16,-1.2149088496061E-16));
#12428=DIRECTION('ref_axis',(1.21490884960609E-16,1.,8.53727491216149E-15));
#12429=DIRECTION('',(1.21490884960609E-16,-8.53727491216149E-15,1.));
#12430=DIRECTION('center_axis',(1.,-1.21490884960608E-16,-1.2149088496061E-16));
#12431=DIRECTION('ref_axis',(1.21490884960609E-16,1.,8.53727491216149E-15));
#12432=DIRECTION('',(1.21490884960609E-16,-8.53727491216149E-15,1.));
#12433=DIRECTION('center_axis',(1.,-1.21490884960608E-16,-1.2149088496061E-16));
#12434=DIRECTION('ref_axis',(1.21490884960609E-16,1.,8.53727491216149E-15));
#12435=DIRECTION('',(1.21490884960609E-16,-8.53727491216149E-15,1.));
#12436=DIRECTION('center_axis',(1.,-1.21490884960608E-16,-1.2149088496061E-16));
#12437=DIRECTION('ref_axis',(1.21490884960609E-16,1.,8.53727491216149E-15));
#12438=DIRECTION('',(1.21490884960609E-16,-8.53727491216149E-15,1.));
#12439=DIRECTION('center_axis',(1.,-1.21490884960608E-16,-1.2149088496061E-16));
#12440=DIRECTION('ref_axis',(1.21490884960609E-16,1.,8.53727491216149E-15));
#12441=DIRECTION('',(1.21490884960609E-16,-8.53727491216149E-15,1.));
#12442=DIRECTION('center_axis',(1.,-1.21490884960608E-16,-1.2149088496061E-16));
#12443=DIRECTION('ref_axis',(1.21490884960609E-16,1.,8.53727491216149E-15));
#12444=DIRECTION('',(1.21490884960609E-16,-8.53727491216149E-15,1.));
#12445=DIRECTION('center_axis',(1.,-1.21490884960608E-16,-1.2149088496061E-16));
#12446=DIRECTION('ref_axis',(1.21490884960609E-16,1.,8.53727491216149E-15));
#12447=DIRECTION('',(1.21490884960609E-16,-8.53727491216149E-15,1.));
#12448=DIRECTION('center_axis',(1.,-1.21490884960608E-16,-1.2149088496061E-16));
#12449=DIRECTION('ref_axis',(1.21490884960609E-16,1.,8.53727491216149E-15));
#12450=DIRECTION('',(1.21490884960609E-16,-8.53727491216149E-15,1.));
#12451=DIRECTION('center_axis',(1.,-1.21490884960608E-16,-1.2149088496061E-16));
#12452=DIRECTION('ref_axis',(1.21490884960609E-16,1.,8.53727491216149E-15));
#12453=DIRECTION('',(1.21490884960609E-16,-8.53727491216149E-15,1.));
#12454=DIRECTION('center_axis',(1.,-1.21490884960608E-16,-1.2149088496061E-16));
#12455=DIRECTION('ref_axis',(1.21490884960609E-16,1.,8.53727491216149E-15));
#12456=DIRECTION('',(1.21490884960609E-16,-8.53727491216149E-15,1.));
#12457=DIRECTION('center_axis',(1.,-1.21490884960608E-16,-1.2149088496061E-16));
#12458=DIRECTION('ref_axis',(1.21490884960609E-16,1.,8.53727491216149E-15));
#12459=DIRECTION('',(1.21490884960609E-16,-8.53727491216149E-15,1.));
#12460=DIRECTION('center_axis',(-1.21490884960609E-16,-1.,-8.53727491216149E-15));
#12461=DIRECTION('ref_axis',(1.,-1.21490884960608E-16,-1.2149088496061E-16));
#12462=DIRECTION('',(1.21490884960609E-16,-8.53727491216149E-15,1.));
#12463=DIRECTION('center_axis',(-1.,1.21490884960608E-16,1.2149088496061E-16));
#12464=DIRECTION('ref_axis',(-1.21490884960609E-16,-1.,-8.53727491216149E-15));
#12465=DIRECTION('',(-1.21490884960609E-16,8.53727491216149E-15,-1.));
#12466=DIRECTION('center_axis',(-3.52288939787261E-14,1.,8.53727491216149E-15));
#12467=DIRECTION('ref_axis',(1.,3.52288939787261E-14,-1.21490884960309E-16));
#12468=DIRECTION('',(1.21490884960609E-16,-8.53727491216149E-15,1.));
#12469=DIRECTION('',(-1.,1.21490884960608E-16,1.2149088496061E-16));
#12470=DIRECTION('',(1.21490884960609E-16,-8.53727491216149E-15,1.));
#12471=DIRECTION('center_axis',(-1.21490884960609E-16,-1.,-8.53727491216149E-15));
#12472=DIRECTION('ref_axis',(1.,-1.21490884960608E-16,-1.2149088496061E-16));
#12473=DIRECTION('',(1.21490884960609E-16,-8.53727491216149E-15,1.));
#12474=DIRECTION('',(1.,-1.21490884960608E-16,-1.2149088496061E-16));
#12475=DIRECTION('',(1.21490884960609E-16,-8.53727491216149E-15,1.));
#12476=DIRECTION('center_axis',(-1.21490884960609E-16,8.53727491216149E-15,
-1.));
#12477=DIRECTION('ref_axis',(1.,-1.21490884960608E-16,-1.2149088496061E-16));
#12478=DIRECTION('',(3.41102041966539E-16,-1.,-8.53727491216149E-15));
#12479=DIRECTION('',(1.21490884960609E-16,1.,8.53727491216149E-15));
#12480=DIRECTION('center_axis',(1.21490884960609E-16,-8.53727491216149E-15,
1.));
#12481=DIRECTION('ref_axis',(-1.,1.21490884960608E-16,1.2149088496061E-16));
#12482=DIRECTION('center_axis',(1.21490884960609E-16,-8.53727491216149E-15,
1.));
#12483=DIRECTION('ref_axis',(-1.21490884960609E-16,-1.,-8.53727491216149E-15));
#12484=DIRECTION('center_axis',(1.,1.53915859905983E-32,0.));
#12485=DIRECTION('ref_axis',(-1.35762282392222E-46,2.22044604925031E-16,
1.));
#12486=DIRECTION('center_axis',(5.94204860164434E-16,-1.,-8.53727491216149E-15));
#12487=DIRECTION('ref_axis',(-1.,-5.94204860164435E-16,1.21490884960604E-16));
#12488=DIRECTION('',(-1.21490884960609E-16,8.53727491216149E-15,-1.));
#12489=DIRECTION('center_axis',(-1.21490884960609E-16,8.53727491216149E-15,
-1.));
#12490=DIRECTION('ref_axis',(1.21490884960609E-16,1.,8.53727491216149E-15));
#12491=DIRECTION('center_axis',(-2.13771348356011E-15,1.,0.));
#12492=DIRECTION('ref_axis',(-1.,-2.13771348356011E-15,0.));
#12493=DIRECTION('center_axis',(-1.21490884960609E-16,8.53727491216149E-15,
-1.));
#12494=DIRECTION('ref_axis',(-1.21490884960609E-16,-1.,-8.53727491216149E-15));
#12495=DIRECTION('',(-1.21490884960609E-16,8.53727491216149E-15,-1.));
#12496=DIRECTION('center_axis',(1.21490884960609E-16,1.,8.53727491216149E-15));
#12497=DIRECTION('ref_axis',(1.,-1.21490884960608E-16,-1.2149088496061E-16));
#12498=DIRECTION('',(-1.21490884960609E-16,8.53727491216149E-15,-1.));
#12499=DIRECTION('center_axis',(-1.21490884960609E-16,8.53727491216149E-15,
-1.));
#12500=DIRECTION('ref_axis',(8.76029331204067E-15,-1.,-8.53727491216149E-15));
#12501=DIRECTION('',(-1.21490884960609E-16,8.53727491216149E-15,-1.));
#12502=DIRECTION('center_axis',(1.,-1.21490884960608E-16,-1.2149088496061E-16));
#12503=DIRECTION('ref_axis',(-1.21490884960609E-16,-1.,-8.53727491216149E-15));
#12504=DIRECTION('',(1.21490884960609E-16,-8.53727491216149E-15,1.));
#12505=DIRECTION('center_axis',(-1.21490884960609E-16,8.53727491216149E-15,
-1.));
#12506=DIRECTION('ref_axis',(-2.30938538209713E-12,-1.,-8.53727491216121E-15));
#12507=DIRECTION('center_axis',(-1.21490884960609E-16,8.53727491216149E-15,
-1.));
#12508=DIRECTION('ref_axis',(1.,-1.21490884960608E-16,-1.2149088496061E-16));
#12509=DIRECTION('',(1.21490884960609E-16,-8.53727491216149E-15,1.));
#12510=DIRECTION('center_axis',(-1.,-8.40269420220786E-15,1.21490884960538E-16));
#12511=DIRECTION('ref_axis',(-8.40269420220786E-15,1.,8.53727491216149E-15));
#12512=DIRECTION('',(-1.21490884960609E-16,8.53727491216149E-15,-1.));
#12513=DIRECTION('center_axis',(-1.21490884960609E-16,8.53727491216149E-15,
-1.));
#12514=DIRECTION('ref_axis',(1.,-1.21490884960608E-16,-1.2149088496061E-16));
#12515=DIRECTION('',(-1.21490884960609E-16,8.53727491216149E-15,-1.));
#12516=DIRECTION('center_axis',(1.21490884960609E-16,1.,8.53727491216149E-15));
#12517=DIRECTION('ref_axis',(1.,-1.21490884960608E-16,-1.2149088496061E-16));
#12518=DIRECTION('',(-1.21490884960609E-16,8.53727491216149E-15,-1.));
#12519=DIRECTION('center_axis',(-1.21490884960609E-16,8.53727491216149E-15,
-1.));
#12520=DIRECTION('ref_axis',(1.,-1.21490884960608E-16,-1.2149088496061E-16));
#12521=DIRECTION('',(-1.21490884960609E-16,8.53727491216149E-15,-1.));
#12522=DIRECTION('center_axis',(-1.,1.21490884960608E-16,1.2149088496061E-16));
#12523=DIRECTION('ref_axis',(1.21490884960609E-16,1.,8.53727491216149E-15));
#12524=DIRECTION('',(-1.21490884960609E-16,8.53727491216149E-15,-1.));
#12525=DIRECTION('center_axis',(-1.21490884960609E-16,8.53727491216149E-15,
-1.));
#12526=DIRECTION('ref_axis',(1.21490884960609E-16,1.,8.53727491216149E-15));
#12527=DIRECTION('',(-1.21490884960609E-16,8.53727491216149E-15,-1.));
#12528=DIRECTION('center_axis',(-1.21490884960609E-16,-1.,-8.53727491216149E-15));
#12529=DIRECTION('ref_axis',(-1.,1.21490884960608E-16,1.2149088496061E-16));
#12530=DIRECTION('center_axis',(1.77635683940014E-14,1.,-2.22044604925031E-16));
#12531=DIRECTION('ref_axis',(-1.,1.77635683940014E-14,-3.94430452610481E-30));
#12532=DIRECTION('',(-1.,1.77635683940014E-14,-3.94430452610481E-30));
#12533=DIRECTION('center_axis',(-1.35762282392222E-46,2.22044604925031E-16,
1.));
#12534=DIRECTION('ref_axis',(1.,1.53915859905983E-32,0.));
#12535=DIRECTION('',(1.60353501310606E-16,-2.16840434497111E-18,1.));
#12536=DIRECTION('',(1.,-4.45022881067854E-31,-1.60353501310606E-16));
#12537=DIRECTION('',(1.60353501310606E-16,-5.93238270928235E-19,1.));
#12538=DIRECTION('',(1.,-2.1377134835601E-15,-1.60353501310606E-16));
#12539=DIRECTION('axis',(0.,0.,1.));
#12540=DIRECTION('refdir',(1.,0.,0.));
#12541=DIRECTION('axis',(0.,0.,1.));
#12542=DIRECTION('refdir',(1.,0.,0.));
#12543=DIRECTION('center_axis',(0.707106781186555,1.67476528926271E-16,
-0.70710678118654));
#12544=DIRECTION('ref_axis',(-0.70710678118654,0.,-0.707106781186555));
#12545=DIRECTION('',(0.707106781186524,1.57009245868383E-14,0.707106781186571));
#12546=DIRECTION('',(2.368475785867E-16,-1.,0.));
#12547=DIRECTION('',(-0.707106781186524,0.,-0.707106781186571));
#12548=DIRECTION('',(-2.368475785867E-16,1.,0.));
#12549=DIRECTION('center_axis',(0.,0.,1.));
#12550=DIRECTION('ref_axis',(1.,-4.44089209850072E-14,0.));
#12551=DIRECTION('',(0.,0.707106781186556,0.707106781186539));
#12552=DIRECTION('center_axis',(0.,0.,-1.));
#12553=DIRECTION('ref_axis',(1.,-4.44089209850072E-14,0.));
#12554=DIRECTION('center_axis',(0.,0.,1.));
#12555=DIRECTION('ref_axis',(1.,-4.44089209850072E-14,0.));
#12556=DIRECTION('center_axis',(-2.0952026137565E-16,0.707106781186547,
-0.707106781186548));
#12557=DIRECTION('ref_axis',(-1.,0.,2.96306395229399E-16));
#12558=DIRECTION('',(-3.14018491736755E-14,0.707106781186548,0.707106781186547));
#12559=DIRECTION('',(1.,2.963063952294E-16,0.));
#12560=DIRECTION('',(-1.,-2.963063952294E-16,0.));
#12561=DIRECTION('center_axis',(0.,0.,1.));
#12562=DIRECTION('ref_axis',(2.96059473233377E-14,1.,0.));
#12563=DIRECTION('',(-0.70710678118654,0.,0.707106781186555));
#12564=DIRECTION('center_axis',(0.,0.,-1.));
#12565=DIRECTION('ref_axis',(2.96059473233377E-14,1.,0.));
#12566=DIRECTION('center_axis',(0.,0.,1.));
#12567=DIRECTION('ref_axis',(2.96059473233377E-14,1.,0.));
#12568=DIRECTION('center_axis',(-0.707106781186571,-2.51214793389412E-16,
-0.707106781186524));
#12569=DIRECTION('ref_axis',(-0.707106781186524,0.,0.707106781186571));
#12570=DIRECTION('',(-0.707106781186524,0.,0.707106781186571));
#12571=DIRECTION('',(-3.5527136788005E-16,1.,0.));
#12572=DIRECTION('',(3.5527136788005E-16,-1.,0.));
#12573=DIRECTION('center_axis',(0.,0.,1.));
#12574=DIRECTION('ref_axis',(-1.,1.48029736616686E-14,0.));
#12575=DIRECTION('',(0.,-0.707106781186548,0.707106781186547));
#12576=DIRECTION('center_axis',(0.,0.,-1.));
#12577=DIRECTION('ref_axis',(-1.,1.48029736616686E-14,0.));
#12578=DIRECTION('center_axis',(0.,0.,1.));
#12579=DIRECTION('ref_axis',(-1.,1.48029736616686E-14,0.));
#12580=DIRECTION('center_axis',(0.,-0.707106781186555,-0.70710678118654));
#12581=DIRECTION('ref_axis',(-1.,0.,0.));
#12582=DIRECTION('',(0.,-0.70710678118654,0.707106781186555));
#12583=DIRECTION('',(-1.,0.,0.));
#12584=DIRECTION('',(1.,0.,0.));
#12585=DIRECTION('center_axis',(0.,0.,1.));
#12586=DIRECTION('ref_axis',(2.96059473233377E-14,-1.,0.));
#12587=DIRECTION('center_axis',(0.,0.,-1.));
#12588=DIRECTION('ref_axis',(2.96059473233377E-14,-1.,0.));
#12589=DIRECTION('center_axis',(0.,0.,1.));
#12590=DIRECTION('ref_axis',(2.96059473233377E-14,-1.,0.));
#12591=DIRECTION('center_axis',(0.,0.,1.));
#12592=DIRECTION('ref_axis',(-1.,1.48029736616686E-14,0.));
#12593=DIRECTION('',(0.,0.,1.));
#12594=DIRECTION('center_axis',(0.,0.,1.));
#12595=DIRECTION('ref_axis',(-1.,1.48029736616686E-14,0.));
#12596=DIRECTION('',(0.,0.,1.));
#12597=DIRECTION('center_axis',(0.,-1.,0.));
#12598=DIRECTION('ref_axis',(1.,0.,0.));
#12599=DIRECTION('',(0.,0.,1.));
#12600=DIRECTION('',(1.,0.,0.));
#12601=DIRECTION('center_axis',(0.,0.,1.));
#12602=DIRECTION('ref_axis',(2.96059473233377E-14,-1.,0.));
#12603=DIRECTION('',(0.,0.,1.));
#12604=DIRECTION('center_axis',(0.,0.,1.));
#12605=DIRECTION('ref_axis',(2.96059473233377E-14,-1.,0.));
#12606=DIRECTION('center_axis',(1.,2.368475785867E-16,0.));
#12607=DIRECTION('ref_axis',(-2.368475785867E-16,1.,0.));
#12608=DIRECTION('',(0.,0.,1.));
#12609=DIRECTION('',(-2.368475785867E-16,1.,0.));
#12610=DIRECTION('center_axis',(0.,0.,1.));
#12611=DIRECTION('ref_axis',(1.,0.,0.));
#12612=DIRECTION('',(-5.43228391253899E-16,1.,0.));
#12613=DIRECTION('',(-1.,0.,0.));
#12614=DIRECTION('',(5.43228391253899E-16,-1.,0.));
#12615=DIRECTION('',(1.,0.,0.));
#12616=DIRECTION('center_axis',(0.707106781186555,1.67476528926271E-16,
0.70710678118654));
#12617=DIRECTION('ref_axis',(0.70710678118654,0.,-0.707106781186555));
#12618=DIRECTION('',(-0.707106781186524,-1.57009245868383E-14,0.707106781186571));
#12619=DIRECTION('',(2.368475785867E-16,-1.,0.));
#12620=DIRECTION('',(0.707106781186524,0.,-0.707106781186571));
#12621=DIRECTION('center_axis',(0.,0.,-1.));
#12622=DIRECTION('ref_axis',(1.,-4.44089209850072E-14,0.));
#12623=DIRECTION('',(0.,-0.707106781186556,0.707106781186539));
#12624=DIRECTION('center_axis',(0.,0.,-1.));
#12625=DIRECTION('ref_axis',(1.,-4.44089209850072E-14,0.));
#12626=DIRECTION('center_axis',(0.,0.,1.));
#12627=DIRECTION('ref_axis',(1.,-4.44089209850072E-14,0.));
#12628=DIRECTION('center_axis',(-2.0952026137565E-16,0.707106781186547,
0.707106781186548));
#12629=DIRECTION('ref_axis',(1.,0.,2.96306395229399E-16));
#12630=DIRECTION('',(3.14018491736755E-14,-0.707106781186548,0.707106781186547));
#12631=DIRECTION('',(1.,2.963063952294E-16,0.));
#12632=DIRECTION('',(-1.,-2.963063952294E-16,0.));
#12633=DIRECTION('center_axis',(0.,0.,-1.));
#12634=DIRECTION('ref_axis',(2.96059473233377E-14,1.,0.));
#12635=DIRECTION('',(0.70710678118654,0.,0.707106781186555));
#12636=DIRECTION('center_axis',(0.,0.,-1.));
#12637=DIRECTION('ref_axis',(2.96059473233377E-14,1.,0.));
#12638=DIRECTION('center_axis',(0.,0.,1.));
#12639=DIRECTION('ref_axis',(2.96059473233377E-14,1.,0.));
#12640=DIRECTION('center_axis',(-0.707106781186571,-2.51214793389412E-16,
0.707106781186524));
#12641=DIRECTION('ref_axis',(0.707106781186524,0.,0.707106781186571));
#12642=DIRECTION('',(0.707106781186524,0.,0.707106781186571));
#12643=DIRECTION('',(-3.5527136788005E-16,1.,0.));
#12644=DIRECTION('',(3.5527136788005E-16,-1.,0.));
#12645=DIRECTION('center_axis',(0.,0.,-1.));
#12646=DIRECTION('ref_axis',(-1.,1.48029736616686E-14,0.));
#12647=DIRECTION('',(0.,0.707106781186548,0.707106781186547));
#12648=DIRECTION('center_axis',(0.,0.,-1.));
#12649=DIRECTION('ref_axis',(-1.,1.48029736616686E-14,0.));
#12650=DIRECTION('center_axis',(0.,-0.707106781186547,0.707106781186548));
#12651=DIRECTION('ref_axis',(1.,0.,0.));
#12652=DIRECTION('',(0.,0.707106781186548,0.707106781186547));
#12653=DIRECTION('',(-1.,0.,0.));
#12654=DIRECTION('center_axis',(0.,0.,-1.));
#12655=DIRECTION('ref_axis',(2.96059473233377E-14,-1.,0.));
#12656=DIRECTION('center_axis',(0.,0.,-1.));
#12657=DIRECTION('ref_axis',(2.96059473233377E-14,-1.,0.));
#12658=DIRECTION('center_axis',(0.,0.,1.));
#12659=DIRECTION('ref_axis',(2.96059473233377E-14,1.,0.));
#12660=DIRECTION('',(0.,0.,1.));
#12661=DIRECTION('',(0.,0.,1.));
#12662=DIRECTION('center_axis',(-2.963063952294E-16,1.,0.));
#12663=DIRECTION('ref_axis',(-1.,-2.963063952294E-16,0.));
#12664=DIRECTION('',(0.,0.,1.));
#12665=DIRECTION('center_axis',(0.,0.,1.));
#12666=DIRECTION('ref_axis',(1.,-4.44089209850072E-14,0.));
#12667=DIRECTION('center_axis',(0.,0.,1.));
#12668=DIRECTION('ref_axis',(1.,0.,0.));
#12669=DIRECTION('',(5.43228391253899E-16,-1.,0.));
#12670=DIRECTION('',(-1.,0.,0.));
#12671=DIRECTION('',(-5.43228391253899E-16,1.,0.));
#12672=DIRECTION('',(1.,0.,0.));
#12673=DIRECTION('center_axis',(1.,5.43228391253899E-16,0.));
#12674=DIRECTION('ref_axis',(-5.43228391253899E-16,1.,0.));
#12675=DIRECTION('',(0.,0.,1.));
#12676=DIRECTION('',(0.,0.,1.));
#12677=DIRECTION('center_axis',(0.,-1.,0.));
#12678=DIRECTION('ref_axis',(1.,0.,0.));
#12679=DIRECTION('',(0.,0.,1.));
#12680=DIRECTION('center_axis',(-1.,-5.43228391253899E-16,0.));
#12681=DIRECTION('ref_axis',(5.43228391253899E-16,-1.,0.));
#12682=DIRECTION('',(0.,0.,1.));
#12683=DIRECTION('center_axis',(0.,1.,0.));
#12684=DIRECTION('ref_axis',(-1.,0.,0.));
#12685=DIRECTION('center_axis',(-1.,-3.5527136788005E-16,0.));
#12686=DIRECTION('ref_axis',(3.5527136788005E-16,-1.,0.));
#12687=DIRECTION('center_axis',(0.,-1.,0.));
#12688=DIRECTION('ref_axis',(-1.,0.,0.));
#12689=DIRECTION('',(1.,0.,0.));
#12690=DIRECTION('',(0.,0.,-1.));
#12691=DIRECTION('',(-1.,0.,0.));
#12692=DIRECTION('',(0.,0.,-1.));
#12693=DIRECTION('center_axis',(1.,0.,0.));
#12694=DIRECTION('ref_axis',(0.,-1.,0.));
#12695=DIRECTION('',(0.,1.,0.));
#12696=DIRECTION('',(0.,-1.,0.));
#12697=DIRECTION('',(0.,0.,-1.));
#12698=DIRECTION('center_axis',(0.,1.,0.));
#12699=DIRECTION('ref_axis',(1.,0.,0.));
#12700=DIRECTION('',(-1.,0.,0.));
#12701=DIRECTION('',(1.,0.,0.));
#12702=DIRECTION('',(0.,0.,-1.));
#12703=DIRECTION('center_axis',(-1.,0.,0.));
#12704=DIRECTION('ref_axis',(0.,1.,0.));
#12705=DIRECTION('',(0.,-1.,0.));
#12706=DIRECTION('',(0.,1.,0.));
#12707=DIRECTION('center_axis',(0.,0.,1.));
#12708=DIRECTION('ref_axis',(1.,0.,0.));
#12709=DIRECTION('center_axis',(0.,0.,-1.));
#12710=DIRECTION('ref_axis',(-1.,0.,0.));
#12711=DIRECTION('axis',(0.,0.,1.));
#12712=DIRECTION('refdir',(1.,0.,0.));
#12713=DIRECTION('center_axis',(-1.,0.,0.));
#12714=DIRECTION('ref_axis',(0.,-1.,0.));
#12715=DIRECTION('',(0.,-1.,0.));
#12716=DIRECTION('',(0.,0.,1.));
#12717=DIRECTION('',(0.,-1.,0.));
#12718=DIRECTION('',(0.,0.,1.));
#12719=DIRECTION('center_axis',(0.,1.,0.));
#12720=DIRECTION('ref_axis',(-1.,0.,0.));
#12721=DIRECTION('',(-1.,0.,0.));
#12722=DIRECTION('',(-1.,0.,0.));
#12723=DIRECTION('',(0.,0.,1.));
#12724=DIRECTION('center_axis',(1.,0.,0.));
#12725=DIRECTION('ref_axis',(0.,1.,0.));
#12726=DIRECTION('',(0.,1.,0.));
#12727=DIRECTION('',(0.,1.,0.));
#12728=DIRECTION('',(0.,0.,1.));
#12729=DIRECTION('center_axis',(0.,-1.,0.));
#12730=DIRECTION('ref_axis',(1.,0.,0.));
#12731=DIRECTION('',(1.,0.,0.));
#12732=DIRECTION('',(1.,0.,0.));
#12733=DIRECTION('center_axis',(0.,0.,1.));
#12734=DIRECTION('ref_axis',(1.,0.,0.));
#12735=DIRECTION('center_axis',(0.,0.,1.));
#12736=DIRECTION('ref_axis',(1.,0.,0.));
#12737=DIRECTION('axis',(0.,0.,1.));
#12738=DIRECTION('refdir',(1.,0.,0.));
#12739=DIRECTION('center_axis',(-1.,0.,0.));
#12740=DIRECTION('ref_axis',(0.,-1.,0.));
#12741=DIRECTION('',(0.,-1.,0.));
#12742=DIRECTION('',(0.,0.,1.));
#12743=DIRECTION('',(0.,-1.,0.));
#12744=DIRECTION('',(0.,0.,1.));
#12745=DIRECTION('center_axis',(0.,1.,0.));
#12746=DIRECTION('ref_axis',(-1.,0.,0.));
#12747=DIRECTION('',(-1.,0.,0.));
#12748=DIRECTION('',(-1.,0.,0.));
#12749=DIRECTION('',(0.,0.,1.));
#12750=DIRECTION('center_axis',(1.,0.,0.));
#12751=DIRECTION('ref_axis',(0.,1.,0.));
#12752=DIRECTION('',(0.,1.,0.));
#12753=DIRECTION('',(0.,1.,0.));
#12754=DIRECTION('',(0.,0.,1.));
#12755=DIRECTION('center_axis',(0.,-1.,0.));
#12756=DIRECTION('ref_axis',(1.,0.,0.));
#12757=DIRECTION('',(1.,0.,0.));
#12758=DIRECTION('',(1.,0.,0.));
#12759=DIRECTION('center_axis',(0.,0.,1.));
#12760=DIRECTION('ref_axis',(1.,0.,0.));
#12761=DIRECTION('center_axis',(0.,0.,1.));
#12762=DIRECTION('ref_axis',(1.,0.,0.));
#12763=DIRECTION('axis',(0.,0.,1.));
#12764=DIRECTION('refdir',(1.,0.,0.));
#12765=DIRECTION('center_axis',(0.,1.20980294963545E-15,-1.));
#12766=DIRECTION('ref_axis',(1.,0.,0.));
#12767=DIRECTION('',(-1.,0.,0.));
#12768=DIRECTION('center_axis',(0.,-1.20980294963545E-15,1.));
#12769=DIRECTION('ref_axis',(-0.840924095585756,-0.541153088749642,-6.54688602973652E-16));
#12770=DIRECTION('',(-0.54115308874962,0.84092409558577,1.01735245125919E-15));
#12771=DIRECTION('center_axis',(0.,1.20980294963545E-15,-1.));
#12772=DIRECTION('ref_axis',(-0.840924095585767,-0.541153088749625,-6.54688602973633E-16));
#12773=DIRECTION('',(0.,1.,1.20980294963545E-15));
#12774=DIRECTION('center_axis',(0.,-1.20980294963545E-15,1.));
#12775=DIRECTION('ref_axis',(-2.13162820727982E-13,1.,1.20980294963545E-15));
#12776=DIRECTION('',(1.,0.,0.));
#12777=DIRECTION('center_axis',(0.,-1.20980294963545E-15,1.));
#12778=DIRECTION('ref_axis',(-1.,0.,0.));
#12779=DIRECTION('',(0.,-1.,-1.20980294963545E-15));
#12780=DIRECTION('center_axis',(0.,1.20980294963545E-15,-1.));
#12781=DIRECTION('ref_axis',(1.,0.,0.));
#12782=DIRECTION('',(-0.54115308874962,-0.84092409558577,-1.01735245125919E-15));
#12783=DIRECTION('center_axis',(0.,-1.20980294963545E-15,1.));
#12784=DIRECTION('ref_axis',(1.,-6.92779167366098E-14,-8.38126280125498E-29));
#12785=DIRECTION('',(0.,1.20980294963545E-15,-1.));
#12786=DIRECTION('',(0.,-1.,-1.71512449944288E-15));
#12787=DIRECTION('center_axis',(1.,0.,0.));
#12788=DIRECTION('ref_axis',(0.,-1.,-1.71512449944288E-15));
#12789=DIRECTION('',(1.,0.,0.));
#12790=DIRECTION('',(1.,0.,0.));
#12791=DIRECTION('center_axis',(0.,1.20980294963545E-15,-1.));
#12792=DIRECTION('ref_axis',(-0.840924095585756,-0.541153088749642,-6.54688602973652E-16));
#12793=DIRECTION('',(0.,-1.20980294963545E-15,1.));
#12794=DIRECTION('center_axis',(0.,-1.20980294963545E-15,1.));
#12795=DIRECTION('ref_axis',(-0.840924095585756,-0.541153088749642,-6.54688602973652E-16));
#12796=DIRECTION('',(0.,1.20980294963545E-15,-1.));
#12797=DIRECTION('center_axis',(0.,1.20980294963545E-15,-1.));
#12798=DIRECTION('ref_axis',(1.,-6.92779167366098E-14,-8.38126280125498E-29));
#12799=DIRECTION('',(0.,1.20980294963545E-15,-1.));
#12800=DIRECTION('center_axis',(0.,-1.20980294963545E-15,1.));
#12801=DIRECTION('ref_axis',(1.,-6.92779167366098E-14,-8.38126280125498E-29));
#12802=DIRECTION('center_axis',(0.,-1.,-1.71512449944288E-15));
#12803=DIRECTION('ref_axis',(1.,0.,0.));
#12804=DIRECTION('center_axis',(0.,1.,1.71512449944288E-15));
#12805=DIRECTION('ref_axis',(-0.840924095585756,-9.28144920463699E-16,0.541153088749642));
#12806=DIRECTION('',(-7.74486411251939E-14,1.71512449944288E-15,-1.));
#12807=DIRECTION('',(1.,0.,0.));
#12808=DIRECTION('center_axis',(0.,1.,1.71512449944288E-15));
#12809=DIRECTION('ref_axis',(1.,0.,0.));
#12810=DIRECTION('',(1.,0.,0.));
#12811=DIRECTION('',(0.,-1.71512449944288E-15,1.));
#12812=DIRECTION('center_axis',(0.,1.,1.71512449944288E-15));
#12813=DIRECTION('ref_axis',(1.,-1.18820252265324E-28,6.92779167366098E-14));
#12814=DIRECTION('center_axis',(0.,-1.,-1.71512449944288E-15));
#12815=DIRECTION('ref_axis',(-0.840924095585756,-9.28144920463699E-16,0.541153088749642));
#12816=DIRECTION('',(0.,1.,1.71512449944288E-15));
#12817=DIRECTION('center_axis',(0.,1.,1.71512449944288E-15));
#12818=DIRECTION('ref_axis',(-0.840924095585756,-9.28144920463699E-16,0.541153088749642));
#12819=DIRECTION('',(0.,-1.,-1.71512449944288E-15));
#12820=DIRECTION('center_axis',(1.,0.,0.));
#12821=DIRECTION('ref_axis',(0.,-1.,-1.71512449944288E-15));
#12822=DIRECTION('',(-1.,0.,0.));
#12823=DIRECTION('center_axis',(0.,-1.,-1.71512449944288E-15));
#12824=DIRECTION('ref_axis',(1.,0.,0.));
#12825=DIRECTION('center_axis',(0.,1.,1.71512449944288E-15));
#12826=DIRECTION('ref_axis',(1.,-1.18820252265324E-28,6.92779167366098E-14));
#12827=DIRECTION('',(0.,-1.71512449944288E-15,1.));
#12828=DIRECTION('',(-1.,0.,0.));
#12829=DIRECTION('center_axis',(0.,1.,1.71512449944288E-15));
#12830=DIRECTION('ref_axis',(1.,0.,0.));
#12831=DIRECTION('',(-1.,0.,0.));
#12832=DIRECTION('',(-7.74486411251939E-14,1.71512449944288E-15,-1.));
#12833=DIRECTION('',(0.,-1.,-1.71512449944288E-15));
#12834=DIRECTION('',(0.,-0.999703805866645,0.0243372253090943));
#12835=DIRECTION('center_axis',(1.,0.,0.));
#12836=DIRECTION('ref_axis',(0.,0.,1.));
#12837=DIRECTION('center_axis',(1.,0.,0.));
#12838=DIRECTION('ref_axis',(0.,0.,1.));
#12839=DIRECTION('',(1.,0.,0.));
#12840=DIRECTION('center_axis',(-1.,0.,0.));
#12841=DIRECTION('ref_axis',(0.,-0.999703805866645,0.0243372253090944));
#12842=DIRECTION('center_axis',(-1.,-1.3283406184238E-28,7.74486411251939E-14));
#12843=DIRECTION('ref_axis',(-7.74486411251939E-14,1.71512449944288E-15,
-1.));
#12844=DIRECTION('center_axis',(1.,0.,0.));
#12845=DIRECTION('ref_axis',(0.,0.,1.));
#12846=DIRECTION('',(-7.74486411251939E-14,-1.,0.));
#12847=DIRECTION('',(0.,0.,1.));
#12848=DIRECTION('',(-7.74486411251939E-14,-1.,0.));
#12849=DIRECTION('center_axis',(0.,-1.,-1.71512449944288E-15));
#12850=DIRECTION('ref_axis',(1.,0.,0.));
#12851=DIRECTION('',(0.,1.,1.71512449944288E-15));
#12852=DIRECTION('center_axis',(1.,0.,0.));
#12853=DIRECTION('ref_axis',(0.,0.,1.));
#12854=DIRECTION('center_axis',(-1.,0.,0.));
#12855=DIRECTION('ref_axis',(0.,-1.,-1.73472347597681E-15));
#12856=DIRECTION('',(-1.,0.,0.));
#12857=DIRECTION('center_axis',(1.,0.,0.));
#12858=DIRECTION('ref_axis',(0.,0.,1.));
#12859=DIRECTION('center_axis',(0.,1.20980294963545E-15,-1.));
#12860=DIRECTION('ref_axis',(1.,0.,0.));
#12861=DIRECTION('',(-0.54115308874962,-0.84092409558577,-1.01735245125919E-15));
#12862=DIRECTION('center_axis',(0.,1.20980294963545E-15,-1.));
#12863=DIRECTION('ref_axis',(1.,0.,0.));
#12864=DIRECTION('',(0.,-1.,-1.20980294963545E-15));
#12865=DIRECTION('center_axis',(0.,1.20980294963545E-15,-1.));
#12866=DIRECTION('ref_axis',(2.13162820727982E-13,1.,1.20980294963545E-15));
#12867=DIRECTION('',(-1.,0.,0.));
#12868=DIRECTION('center_axis',(0.,1.20980294963545E-15,-1.));
#12869=DIRECTION('ref_axis',(1.,0.,0.));
#12870=DIRECTION('',(0.,1.,1.20980294963545E-15));
#12871=DIRECTION('center_axis',(0.,1.20980294963545E-15,-1.));
#12872=DIRECTION('ref_axis',(-0.840924095585767,-0.541153088749625,-6.54688602973633E-16));
#12873=DIRECTION('',(-0.54115308874962,0.84092409558577,1.01735245125919E-15));
#12874=DIRECTION('center_axis',(0.,0.,1.));
#12875=DIRECTION('ref_axis',(1.,0.,0.));
#12876=DIRECTION('',(-1.,0.,0.));
#12877=DIRECTION('',(2.01146289167383E-13,1.,0.));
#12878=DIRECTION('center_axis',(0.,0.,1.));
#12879=DIRECTION('ref_axis',(1.,0.,0.));
#12880=DIRECTION('',(-1.,0.,0.));
#12881=DIRECTION('center_axis',(0.,0.,1.));
#12882=DIRECTION('ref_axis',(0.,1.,0.));
#12883=DIRECTION('center_axis',(1.,0.,0.));
#12884=DIRECTION('ref_axis',(0.,0.,1.));
#12885=DIRECTION('center_axis',(1.,0.,0.));
#12886=DIRECTION('ref_axis',(0.,0.,1.));
#12887=DIRECTION('',(1.,0.,0.));
#12888=DIRECTION('center_axis',(-1.,0.,0.));
#12889=DIRECTION('ref_axis',(0.,-1.,-1.76626390281274E-15));
#12890=DIRECTION('center_axis',(-1.,0.,0.));
#12891=DIRECTION('ref_axis',(0.,0.,1.));
#12892=DIRECTION('',(0.,-0.999703805866645,0.0243372253090943));
#12893=DIRECTION('',(-3.34373052122403E-13,-1.,0.));
#12894=DIRECTION('',(0.,0.,1.));
#12895=DIRECTION('',(-3.34373052122403E-13,-1.,0.));
#12896=DIRECTION('center_axis',(0.,0.,1.));
#12897=DIRECTION('ref_axis',(1.,0.,0.));
#12898=DIRECTION('',(0.,1.,0.));
#12899=DIRECTION('center_axis',(0.,0.,1.));
#12900=DIRECTION('ref_axis',(1.,0.,0.));
#12901=DIRECTION('',(-1.,0.,0.));
#12902=DIRECTION('center_axis',(0.,0.,1.));
#12903=DIRECTION('ref_axis',(0.,1.,0.));
#12904=DIRECTION('center_axis',(0.,0.,1.));
#12905=DIRECTION('ref_axis',(1.,0.,0.));
#12906=DIRECTION('center_axis',(0.,0.,1.));
#12907=DIRECTION('ref_axis',(0.,1.,0.));
#12908=DIRECTION('',(-1.,0.,0.));
#12909=DIRECTION('center_axis',(0.,0.,1.));
#12910=DIRECTION('ref_axis',(1.,0.,0.));
#12911=DIRECTION('',(2.01146289167383E-13,1.,0.));
#12912=DIRECTION('center_axis',(1.,0.,0.));
#12913=DIRECTION('ref_axis',(0.,1.,1.20980294963545E-15));
#12914=DIRECTION('',(0.,-1.,-1.20980294963545E-15));
#12915=DIRECTION('',(0.,-1.20980294963545E-15,1.));
#12916=DIRECTION('',(0.,1.,1.20980294963545E-15));
#12917=DIRECTION('',(0.,-1.20980294963545E-15,1.));
#12918=DIRECTION('center_axis',(-1.,0.,0.));
#12919=DIRECTION('ref_axis',(0.,-1.,-1.20980294963545E-15));
#12920=DIRECTION('',(0.,1.,1.20980294963545E-15));
#12921=DIRECTION('',(0.,1.20980294963545E-15,-1.));
#12922=DIRECTION('',(0.,-1.,-1.20980294963545E-15));
#12923=DIRECTION('',(0.,-1.20980294963545E-15,1.));
#12924=DIRECTION('center_axis',(0.,1.,1.20980294963545E-15));
#12925=DIRECTION('ref_axis',(-1.,0.,0.));
#12926=DIRECTION('',(1.,0.,0.));
#12927=DIRECTION('',(-1.,0.,0.));
#12928=DIRECTION('center_axis',(-1.,0.,0.));
#12929=DIRECTION('ref_axis',(0.,-1.,-1.20980294963545E-15));
#12930=DIRECTION('',(0.,1.,1.20980294963545E-15));
#12931=DIRECTION('',(0.,1.20980294963545E-15,-1.));
#12932=DIRECTION('',(0.,-1.,-1.20980294963545E-15));
#12933=DIRECTION('',(0.,-1.20980294963545E-15,1.));
#12934=DIRECTION('center_axis',(0.,1.,1.20980294963545E-15));
#12935=DIRECTION('ref_axis',(-1.,0.,0.));
#12936=DIRECTION('',(1.,0.,0.));
#12937=DIRECTION('',(-1.,0.,0.));
#12938=DIRECTION('',(0.,-1.20980294963545E-15,1.));
#12939=DIRECTION('center_axis',(1.,0.,0.));
#12940=DIRECTION('ref_axis',(0.,1.,1.20980294963545E-15));
#12941=DIRECTION('',(0.,-1.,-1.20980294963545E-15));
#12942=DIRECTION('',(0.,1.,1.20980294963545E-15));
#12943=DIRECTION('',(0.,-1.20980294963545E-15,1.));
#12944=DIRECTION('center_axis',(-1.,0.,0.));
#12945=DIRECTION('ref_axis',(0.,-1.,-1.20980294963545E-15));
#12946=DIRECTION('',(0.,1.,1.20980294963545E-15));
#12947=DIRECTION('',(0.,1.20980294963545E-15,-1.));
#12948=DIRECTION('',(0.,-1.,-1.20980294963545E-15));
#12949=DIRECTION('',(0.,-1.20980294963545E-15,1.));
#12950=DIRECTION('center_axis',(0.,1.,1.20980294963545E-15));
#12951=DIRECTION('ref_axis',(-1.,0.,0.));
#12952=DIRECTION('',(1.,0.,0.));
#12953=DIRECTION('',(-1.,0.,0.));
#12954=DIRECTION('',(0.,-1.20980294963545E-15,1.));
#12955=DIRECTION('center_axis',(1.,0.,0.));
#12956=DIRECTION('ref_axis',(0.,1.,1.20980294963545E-15));
#12957=DIRECTION('',(0.,-1.,-1.20980294963545E-15));
#12958=DIRECTION('',(0.,1.,1.20980294963545E-15));
#12959=DIRECTION('',(0.,-1.20980294963545E-15,1.));
#12960=DIRECTION('center_axis',(1.,0.,0.));
#12961=DIRECTION('ref_axis',(0.,1.,1.20980294963545E-15));
#12962=DIRECTION('',(0.,-1.,-1.20980294963545E-15));
#12963=DIRECTION('',(0.,-1.20980294963545E-15,1.));
#12964=DIRECTION('',(0.,1.,1.20980294963545E-15));
#12965=DIRECTION('',(0.,-1.20980294963545E-15,1.));
#12966=DIRECTION('center_axis',(-1.,0.,0.));
#12967=DIRECTION('ref_axis',(0.,-1.,-1.20980294963545E-15));
#12968=DIRECTION('',(0.,1.,1.20980294963545E-15));
#12969=DIRECTION('',(0.,1.20980294963545E-15,-1.));
#12970=DIRECTION('',(0.,-1.,-1.20980294963545E-15));
#12971=DIRECTION('',(0.,-1.20980294963545E-15,1.));
#12972=DIRECTION('center_axis',(0.,1.,1.20980294963545E-15));
#12973=DIRECTION('ref_axis',(-1.,0.,0.));
#12974=DIRECTION('',(1.,0.,0.));
#12975=DIRECTION('',(-1.,0.,0.));
#12976=DIRECTION('center_axis',(-1.,0.,0.));
#12977=DIRECTION('ref_axis',(0.,-1.,-1.20980294963545E-15));
#12978=DIRECTION('',(0.,1.,1.20980294963545E-15));
#12979=DIRECTION('',(0.,1.20980294963545E-15,-1.));
#12980=DIRECTION('',(0.,-1.,-1.20980294963545E-15));
#12981=DIRECTION('',(0.,-1.20980294963545E-15,1.));
#12982=DIRECTION('center_axis',(0.,1.,1.20980294963545E-15));
#12983=DIRECTION('ref_axis',(-1.,0.,0.));
#12984=DIRECTION('',(1.,0.,0.));
#12985=DIRECTION('',(-1.,0.,0.));
#12986=DIRECTION('',(0.,-1.20980294963545E-15,1.));
#12987=DIRECTION('center_axis',(1.,0.,0.));
#12988=DIRECTION('ref_axis',(0.,1.,1.20980294963545E-15));
#12989=DIRECTION('',(0.,-1.,-1.20980294963545E-15));
#12990=DIRECTION('',(0.,1.,1.20980294963545E-15));
#12991=DIRECTION('',(0.,-1.20980294963545E-15,1.));
#12992=DIRECTION('center_axis',(-1.,0.,0.));
#12993=DIRECTION('ref_axis',(0.,-1.,-1.20980294963545E-15));
#12994=DIRECTION('',(0.,1.,1.20980294963545E-15));
#12995=DIRECTION('',(0.,1.20980294963545E-15,-1.));
#12996=DIRECTION('',(0.,-1.,-1.20980294963545E-15));
#12997=DIRECTION('',(0.,-1.20980294963545E-15,1.));
#12998=DIRECTION('center_axis',(0.,1.,1.20980294963545E-15));
#12999=DIRECTION('ref_axis',(-1.,0.,0.));
#13000=DIRECTION('',(1.,0.,0.));
#13001=DIRECTION('',(-1.,0.,0.));
#13002=DIRECTION('',(0.,-1.20980294963545E-15,1.));
#13003=DIRECTION('center_axis',(1.,0.,0.));
#13004=DIRECTION('ref_axis',(0.,1.,1.20980294963545E-15));
#13005=DIRECTION('',(0.,-1.,-1.20980294963545E-15));
#13006=DIRECTION('',(0.,1.,1.20980294963545E-15));
#13007=DIRECTION('',(0.,-1.20980294963545E-15,1.));
#13008=DIRECTION('center_axis',(1.,0.,0.));
#13009=DIRECTION('ref_axis',(0.,1.,1.20980294963545E-15));
#13010=DIRECTION('',(0.,-1.,-1.20980294963545E-15));
#13011=DIRECTION('',(0.,-1.20980294963545E-15,1.));
#13012=DIRECTION('',(0.,1.,1.20980294963545E-15));
#13013=DIRECTION('',(0.,-1.20980294963545E-15,1.));
#13014=DIRECTION('center_axis',(-1.,0.,0.));
#13015=DIRECTION('ref_axis',(0.,-1.,-1.20980294963545E-15));
#13016=DIRECTION('',(0.,1.,1.20980294963545E-15));
#13017=DIRECTION('',(0.,1.20980294963545E-15,-1.));
#13018=DIRECTION('',(0.,-1.,-1.20980294963545E-15));
#13019=DIRECTION('',(0.,-1.20980294963545E-15,1.));
#13020=DIRECTION('center_axis',(0.,1.,1.20980294963545E-15));
#13021=DIRECTION('ref_axis',(-1.,0.,0.));
#13022=DIRECTION('',(1.,0.,0.));
#13023=DIRECTION('',(-1.,0.,0.));
#13024=DIRECTION('center_axis',(-1.,0.,0.));
#13025=DIRECTION('ref_axis',(0.,-1.,-1.20980294963545E-15));
#13026=DIRECTION('',(0.,1.,1.20980294963545E-15));
#13027=DIRECTION('',(0.,1.20980294963545E-15,-1.));
#13028=DIRECTION('',(0.,-1.,-1.20980294963545E-15));
#13029=DIRECTION('',(0.,-1.20980294963545E-15,1.));
#13030=DIRECTION('center_axis',(0.,1.,1.20980294963545E-15));
#13031=DIRECTION('ref_axis',(-1.,0.,0.));
#13032=DIRECTION('',(1.,0.,0.));
#13033=DIRECTION('',(-1.,0.,0.));
#13034=DIRECTION('',(0.,-1.20980294963545E-15,1.));
#13035=DIRECTION('center_axis',(1.,0.,0.));
#13036=DIRECTION('ref_axis',(0.,1.,1.20980294963545E-15));
#13037=DIRECTION('',(0.,-1.,-1.20980294963545E-15));
#13038=DIRECTION('',(0.,1.,1.20980294963545E-15));
#13039=DIRECTION('',(0.,-1.20980294963545E-15,1.));
#13040=DIRECTION('center_axis',(1.,0.,0.));
#13041=DIRECTION('ref_axis',(0.,1.,1.20980294963545E-15));
#13042=DIRECTION('',(0.,-1.,-1.20980294963545E-15));
#13043=DIRECTION('',(0.,-1.20980294963545E-15,1.));
#13044=DIRECTION('',(0.,1.,1.20980294963545E-15));
#13045=DIRECTION('',(0.,-1.20980294963545E-15,1.));
#13046=DIRECTION('center_axis',(-1.,0.,0.));
#13047=DIRECTION('ref_axis',(0.,-1.,-1.20980294963545E-15));
#13048=DIRECTION('',(0.,1.,1.20980294963545E-15));
#13049=DIRECTION('',(0.,1.20980294963545E-15,-1.));
#13050=DIRECTION('',(0.,-1.,-1.20980294963545E-15));
#13051=DIRECTION('',(0.,-1.20980294963545E-15,1.));
#13052=DIRECTION('center_axis',(0.,1.,1.20980294963545E-15));
#13053=DIRECTION('ref_axis',(-1.,0.,0.));
#13054=DIRECTION('',(1.,0.,0.));
#13055=DIRECTION('',(-1.,0.,0.));
#13056=DIRECTION('center_axis',(1.,0.,0.));
#13057=DIRECTION('ref_axis',(0.,1.,1.20980294963545E-15));
#13058=DIRECTION('',(0.,-1.,-1.20980294963545E-15));
#13059=DIRECTION('',(0.,-1.20980294963545E-15,1.));
#13060=DIRECTION('',(0.,1.,1.20980294963545E-15));
#13061=DIRECTION('',(0.,-1.20980294963545E-15,1.));
#13062=DIRECTION('center_axis',(-1.,0.,0.));
#13063=DIRECTION('ref_axis',(0.,-1.,-1.20980294963545E-15));
#13064=DIRECTION('',(0.,1.,1.20980294963545E-15));
#13065=DIRECTION('',(0.,1.20980294963545E-15,-1.));
#13066=DIRECTION('',(0.,-1.,-1.20980294963545E-15));
#13067=DIRECTION('',(0.,-1.20980294963545E-15,1.));
#13068=DIRECTION('center_axis',(0.,1.,1.20980294963545E-15));
#13069=DIRECTION('ref_axis',(-1.,0.,0.));
#13070=DIRECTION('',(1.,0.,0.));
#13071=DIRECTION('',(-1.,0.,0.));
#13072=DIRECTION('center_axis',(0.,1.20980294963545E-15,-1.));
#13073=DIRECTION('ref_axis',(1.,0.,0.));
#13074=DIRECTION('',(-1.,0.,0.));
#13075=DIRECTION('',(-1.,0.,0.));
#13076=DIRECTION('',(0.,-1.,-1.20980294963545E-15));
#13077=DIRECTION('center_axis',(0.,1.20980294963545E-15,-1.));
#13078=DIRECTION('ref_axis',(0.,1.,1.20980294963545E-15));
#13079=DIRECTION('',(1.,0.,0.));
#13080=DIRECTION('center_axis',(0.,1.20980294963545E-15,-1.));
#13081=DIRECTION('ref_axis',(-1.,4.54775106461458E-12,5.50188265217849E-27));
#13082=DIRECTION('',(-3.22830808578928E-14,1.,1.20980294963545E-15));
#13083=DIRECTION('',(-1.,0.,0.));
#13084=DIRECTION('',(-1.,0.,0.));
#13085=DIRECTION('',(-1.,0.,0.));
#13086=DIRECTION('',(-1.,0.,0.));
#13087=DIRECTION('',(-1.,0.,0.));
#13088=DIRECTION('',(-1.,0.,0.));
#13089=DIRECTION('',(-1.,0.,0.));
#13090=DIRECTION('',(-1.,0.,0.));
#13091=DIRECTION('',(-1.,0.,0.));
#13092=DIRECTION('center_axis',(0.,-1.,-1.20980294963545E-15));
#13093=DIRECTION('ref_axis',(-1.,0.,0.));
#13094=DIRECTION('',(-1.,0.,0.));
#13095=DIRECTION('',(0.,-1.20980294963545E-15,1.));
#13096=DIRECTION('center_axis',(0.,-1.,-1.20980294963545E-15));
#13097=DIRECTION('ref_axis',(-1.,0.,0.));
#13098=DIRECTION('',(0.,1.20980294963545E-15,-1.));
#13099=DIRECTION('',(-1.,0.,0.));
#13100=DIRECTION('center_axis',(0.,-1.,-1.20980294963545E-15));
#13101=DIRECTION('ref_axis',(-1.,0.,0.));
#13102=DIRECTION('',(-1.,0.,0.));
#13103=DIRECTION('center_axis',(0.,-1.,-1.20980294963545E-15));
#13104=DIRECTION('ref_axis',(-1.,0.,0.));
#13105=DIRECTION('',(-1.,0.,0.));
#13106=DIRECTION('center_axis',(0.,-1.,-1.20980294963545E-15));
#13107=DIRECTION('ref_axis',(-1.,0.,0.));
#13108=DIRECTION('',(-1.,0.,0.));
#13109=DIRECTION('center_axis',(0.,-1.,-1.20980294963545E-15));
#13110=DIRECTION('ref_axis',(-1.,0.,0.));
#13111=DIRECTION('',(-1.,0.,0.));
#13112=DIRECTION('center_axis',(0.,-1.,-1.20980294963545E-15));
#13113=DIRECTION('ref_axis',(-1.,0.,0.));
#13114=DIRECTION('',(-1.,0.,0.));
#13115=DIRECTION('center_axis',(0.,-1.,-1.20980294963545E-15));
#13116=DIRECTION('ref_axis',(-1.,0.,0.));
#13117=DIRECTION('',(-1.,0.,0.));
#13118=DIRECTION('center_axis',(0.,-1.,-1.20980294963545E-15));
#13119=DIRECTION('ref_axis',(-1.,0.,0.));
#13120=DIRECTION('',(-1.,0.,0.));
#13121=DIRECTION('center_axis',(0.,-1.,-1.20980294963545E-15));
#13122=DIRECTION('ref_axis',(-1.,0.,0.));
#13123=DIRECTION('',(-1.,0.,0.));
#13124=DIRECTION('center_axis',(0.,-1.,-1.20980294963545E-15));
#13125=DIRECTION('ref_axis',(-1.,0.,0.));
#13126=DIRECTION('',(-1.,0.,0.));
#13127=DIRECTION('center_axis',(1.,0.,0.));
#13128=DIRECTION('ref_axis',(0.,-1.,-1.20980294963545E-15));
#13129=DIRECTION('',(0.,-1.,-1.20980294963545E-15));
#13130=DIRECTION('',(0.,1.20980294963545E-15,-1.));
#13131=DIRECTION('',(0.,-1.,-1.20980294963545E-15));
#13132=DIRECTION('',(0.,1.20980294963545E-15,-1.));
#13133=DIRECTION('',(0.,-1.,-1.20980294963545E-15));
#13134=DIRECTION('',(0.,1.20980294963545E-15,-1.));
#13135=DIRECTION('center_axis',(0.,1.20980294963545E-15,-1.));
#13136=DIRECTION('ref_axis',(1.,0.,0.));
#13137=DIRECTION('',(-3.22830808578928E-14,1.,1.20980294963545E-15));
#13138=DIRECTION('center_axis',(0.,-1.20980294963545E-15,1.));
#13139=DIRECTION('ref_axis',(-1.,0.,0.));
#13140=DIRECTION('',(1.,-1.34572487833354E-16,-1.62806192720572E-31));
#13141=DIRECTION('center_axis',(0.,-1.20980294963545E-15,1.));
#13142=DIRECTION('ref_axis',(0.,1.,1.20980294963545E-15));
#13143=DIRECTION('center_axis',(-1.,-3.22830808578928E-14,-3.90561664451985E-29));
#13144=DIRECTION('ref_axis',(-3.22830808578928E-14,1.,1.20980294963545E-15));
#13145=DIRECTION('',(0.,1.20980294963545E-15,-1.));
#13146=DIRECTION('',(0.,1.,1.20980294963545E-15));
#13147=DIRECTION('',(0.,1.20980294963545E-15,-1.));
#13148=DIRECTION('',(-3.22830808578928E-14,1.,1.20980294963545E-15));
#13149=DIRECTION('',(0.,1.20980294963545E-15,-1.));
#13150=DIRECTION('center_axis',(0.,-1.,-1.20980294963545E-15));
#13151=DIRECTION('ref_axis',(-1.,0.,0.));
#13152=DIRECTION('',(1.,0.,0.));
#13153=DIRECTION('',(-1.,0.,0.));
#13154=DIRECTION('center_axis',(0.,1.20980294963545E-15,-1.));
#13155=DIRECTION('ref_axis',(1.,0.,0.));
#13156=DIRECTION('center_axis',(0.,1.20980294963545E-15,-1.));
#13157=DIRECTION('ref_axis',(1.,0.,0.));
#13158=DIRECTION('',(1.,-8.16340459283249E-17,-9.87611095547635E-32));
#13159=DIRECTION('center_axis',(0.,1.20980294963545E-15,-1.));
#13160=DIRECTION('ref_axis',(5.5511151231258E-15,-1.,-1.20980294963545E-15));
#13161=DIRECTION('center_axis',(0.,1.20980294963545E-15,-1.));
#13162=DIRECTION('ref_axis',(1.,0.,0.));
#13163=DIRECTION('center_axis',(0.,-1.20980294963545E-15,1.));
#13164=DIRECTION('ref_axis',(0.,1.,1.20980294963545E-15));
#13165=DIRECTION('',(-1.,1.34572487833354E-16,1.62806192720573E-31));
#13166=DIRECTION('center_axis',(0.,-1.20980294963545E-15,1.));
#13167=DIRECTION('ref_axis',(-1.,0.,0.));
#13168=DIRECTION('center_axis',(1.,0.,0.));
#13169=DIRECTION('ref_axis',(0.,-1.20980294963545E-15,1.));
#13170=DIRECTION('',(0.,-1.20980294963545E-15,1.));
#13171=DIRECTION('',(0.,-1.,-1.20980294963545E-15));
#13172=DIRECTION('',(0.,-1.20980294963545E-15,1.));
#13173=DIRECTION('',(0.,-1.,-1.20980294963545E-15));
#13174=DIRECTION('center_axis',(-4.62592926927148E-16,-1.20980294963545E-15,
1.));
#13175=DIRECTION('ref_axis',(-1.,5.59646287476961E-31,-4.62592926927148E-16));
#13176=DIRECTION('',(-1.,5.59646287476961E-31,-4.62592926927148E-16));
#13177=DIRECTION('',(0.,-1.,-1.20980294963545E-15));
#13178=DIRECTION('',(-1.,5.59646287476961E-31,-4.62592926927148E-16));
#13179=DIRECTION('center_axis',(1.,0.,0.));
#13180=DIRECTION('ref_axis',(0.,-1.20980294963545E-15,1.));
#13181=DIRECTION('',(0.,-1.20980294963545E-15,1.));
#13182=DIRECTION('',(0.,-1.,-1.20980294963545E-15));
#13183=DIRECTION('',(0.,-1.20980294963545E-15,1.));
#13184=DIRECTION('center_axis',(4.62592926927148E-16,1.20980294963545E-15,
-1.));
#13185=DIRECTION('ref_axis',(1.,-5.59646287476961E-31,4.62592926927148E-16));
#13186=DIRECTION('',(1.,-5.59646287476961E-31,4.62592926927148E-16));
#13187=DIRECTION('',(0.,-1.,-1.20980294963545E-15));
#13188=DIRECTION('',(1.,-5.59646287476961E-31,4.62592926927148E-16));
#13189=DIRECTION('center_axis',(1.,0.,0.));
#13190=DIRECTION('ref_axis',(0.,-1.20980294963545E-15,1.));
#13191=DIRECTION('',(0.,-1.20980294963545E-15,1.));
#13192=DIRECTION('',(0.,-1.,-1.20980294963545E-15));
#13193=DIRECTION('',(0.,-1.20980294963545E-15,1.));
#13194=DIRECTION('center_axis',(5.78241158658936E-17,1.20980294963545E-15,
-1.));
#13195=DIRECTION('ref_axis',(1.,-6.99557859346202E-32,5.78241158658936E-17));
#13196=DIRECTION('',(1.,-6.99557859346202E-32,5.78241158658936E-17));
#13197=DIRECTION('',(0.,-1.,-1.20980294963545E-15));
#13198=DIRECTION('',(1.,-6.99557859346202E-32,5.78241158658936E-17));
#13199=DIRECTION('center_axis',(-1.,-2.09867357803861E-31,1.73472347597681E-16));
#13200=DIRECTION('ref_axis',(-1.73472347597681E-16,1.20980294963545E-15,
-1.));
#13201=DIRECTION('',(-1.73472347597681E-16,1.20980294963545E-15,-1.));
#13202=DIRECTION('',(0.,-1.,-1.20980294963545E-15));
#13203=DIRECTION('',(-1.73472347597681E-16,1.20980294963545E-15,-1.));
#13204=DIRECTION('center_axis',(0.,1.20980294963545E-15,-1.));
#13205=DIRECTION('ref_axis',(1.,0.,0.));
#13206=DIRECTION('',(1.,0.,0.));
#13207=DIRECTION('',(0.,-1.,-1.20980294963545E-15));
#13208=DIRECTION('',(1.,0.,0.));
#13209=DIRECTION('center_axis',(-1.,-1.0493367890193E-31,8.67361737988405E-17));
#13210=DIRECTION('ref_axis',(-8.67361737988405E-17,1.20980294963545E-15,
-1.));
#13211=DIRECTION('',(-8.67361737988405E-17,1.20980294963545E-15,-1.));
#13212=DIRECTION('',(0.,-1.,-1.20980294963545E-15));
#13213=DIRECTION('',(-8.67361737988405E-17,1.20980294963545E-15,-1.));
#13214=DIRECTION('center_axis',(-4.6259292692715E-16,-1.20980294963545E-15,
1.));
#13215=DIRECTION('ref_axis',(-1.,5.59646287476963E-31,-4.6259292692715E-16));
#13216=DIRECTION('',(-1.,5.59646287476963E-31,-4.6259292692715E-16));
#13217=DIRECTION('',(0.,-1.,-1.20980294963545E-15));
#13218=DIRECTION('',(-1.,5.59646287476963E-31,-4.6259292692715E-16));
#13219=DIRECTION('center_axis',(-1.,-8.39469431215443E-31,6.93889390390723E-16));
#13220=DIRECTION('ref_axis',(-6.93889390390723E-16,1.20980294963545E-15,
-1.));
#13221=DIRECTION('',(-6.93889390390723E-16,1.20980294963545E-15,-1.));
#13222=DIRECTION('',(0.,-1.,-1.20980294963545E-15));
#13223=DIRECTION('',(-6.93889390390723E-16,1.20980294963545E-15,-1.));
#13224=DIRECTION('center_axis',(-1.22876246215024E-16,-1.20980294963545E-15,
1.));
#13225=DIRECTION('ref_axis',(-1.,1.48656045111068E-31,-1.22876246215024E-16));
#13226=DIRECTION('',(-1.,1.48656045111068E-31,-1.22876246215024E-16));
#13227=DIRECTION('',(-1.,1.48656045111068E-31,-1.22876246215024E-16));
#13228=DIRECTION('center_axis',(0.,-1.,-1.20980294963545E-15));
#13229=DIRECTION('ref_axis',(0.,1.20980294963545E-15,-1.));
#13230=DIRECTION('center_axis',(-1.,0.,0.));
#13231=DIRECTION('ref_axis',(0.,1.,1.20980294963545E-15));
#13232=DIRECTION('',(0.,-1.,-1.20980294963545E-15));
#13233=DIRECTION('',(0.,-1.20980294963545E-15,1.));
#13234=DIRECTION('',(0.,1.,1.20980294963545E-15));
#13235=DIRECTION('',(0.,1.20980294963545E-15,-1.));
#13236=DIRECTION('center_axis',(0.,-1.,-1.20980294963545E-15));
#13237=DIRECTION('ref_axis',(-1.,0.,0.));
#13238=DIRECTION('',(1.,0.,0.));
#13239=DIRECTION('',(-1.,0.,0.));
#13240=DIRECTION('',(0.,1.20980294963545E-15,-1.));
#13241=DIRECTION('center_axis',(1.,0.,0.));
#13242=DIRECTION('ref_axis',(0.,-1.,-1.20980294963545E-15));
#13243=DIRECTION('',(0.,1.,1.20980294963545E-15));
#13244=DIRECTION('',(0.,-1.,-1.20980294963545E-15));
#13245=DIRECTION('',(0.,1.20980294963545E-15,-1.));
#13246=DIRECTION('center_axis',(0.,1.20980294963545E-15,-1.));
#13247=DIRECTION('ref_axis',(1.,0.,0.));
#13248=DIRECTION('',(-1.,0.,0.));
#13249=DIRECTION('center_axis',(-1.,0.,0.));
#13250=DIRECTION('ref_axis',(0.,1.,1.20980294963545E-15));
#13251=DIRECTION('',(0.,-1.,-1.20980294963545E-15));
#13252=DIRECTION('',(0.,-1.20980294963545E-15,1.));
#13253=DIRECTION('',(0.,1.,1.20980294963545E-15));
#13254=DIRECTION('',(0.,1.20980294963545E-15,-1.));
#13255=DIRECTION('center_axis',(0.,-1.,-1.20980294963545E-15));
#13256=DIRECTION('ref_axis',(-1.,0.,0.));
#13257=DIRECTION('',(1.,0.,0.));
#13258=DIRECTION('',(-1.,0.,0.));
#13259=DIRECTION('',(0.,1.20980294963545E-15,-1.));
#13260=DIRECTION('center_axis',(1.,0.,0.));
#13261=DIRECTION('ref_axis',(0.,-1.,-1.20980294963545E-15));
#13262=DIRECTION('',(0.,1.,1.20980294963545E-15));
#13263=DIRECTION('',(0.,-1.,-1.20980294963545E-15));
#13264=DIRECTION('',(0.,1.20980294963545E-15,-1.));
#13265=DIRECTION('center_axis',(0.,1.20980294963545E-15,-1.));
#13266=DIRECTION('ref_axis',(1.,0.,0.));
#13267=DIRECTION('',(-1.,0.,0.));
#13268=DIRECTION('center_axis',(-1.,0.,0.));
#13269=DIRECTION('ref_axis',(0.,1.,1.20980294963545E-15));
#13270=DIRECTION('',(0.,-1.,-1.20980294963545E-15));
#13271=DIRECTION('',(0.,-1.20980294963545E-15,1.));
#13272=DIRECTION('',(0.,1.,1.20980294963545E-15));
#13273=DIRECTION('',(0.,1.20980294963545E-15,-1.));
#13274=DIRECTION('center_axis',(0.,-1.,-1.20980294963545E-15));
#13275=DIRECTION('ref_axis',(-1.,0.,0.));
#13276=DIRECTION('',(1.,0.,0.));
#13277=DIRECTION('',(-1.,0.,0.));
#13278=DIRECTION('',(0.,1.20980294963545E-15,-1.));
#13279=DIRECTION('center_axis',(1.,0.,0.));
#13280=DIRECTION('ref_axis',(0.,-1.,-1.20980294963545E-15));
#13281=DIRECTION('',(0.,1.,1.20980294963545E-15));
#13282=DIRECTION('',(0.,-1.,-1.20980294963545E-15));
#13283=DIRECTION('',(0.,1.20980294963545E-15,-1.));
#13284=DIRECTION('center_axis',(0.,1.20980294963545E-15,-1.));
#13285=DIRECTION('ref_axis',(1.,0.,0.));
#13286=DIRECTION('',(-1.,0.,0.));
#13287=DIRECTION('center_axis',(-1.,0.,0.));
#13288=DIRECTION('ref_axis',(0.,1.,1.20980294963545E-15));
#13289=DIRECTION('',(0.,-1.,-1.20980294963545E-15));
#13290=DIRECTION('',(0.,-1.20980294963545E-15,1.));
#13291=DIRECTION('',(0.,1.,1.20980294963545E-15));
#13292=DIRECTION('',(0.,1.20980294963545E-15,-1.));
#13293=DIRECTION('center_axis',(0.,-1.,-1.20980294963545E-15));
#13294=DIRECTION('ref_axis',(-1.,0.,0.));
#13295=DIRECTION('',(1.,0.,0.));
#13296=DIRECTION('',(-1.,0.,0.));
#13297=DIRECTION('',(0.,1.20980294963545E-15,-1.));
#13298=DIRECTION('center_axis',(1.,0.,0.));
#13299=DIRECTION('ref_axis',(0.,-1.,-1.20980294963545E-15));
#13300=DIRECTION('',(0.,1.,1.20980294963545E-15));
#13301=DIRECTION('',(0.,-1.,-1.20980294963545E-15));
#13302=DIRECTION('',(0.,1.20980294963545E-15,-1.));
#13303=DIRECTION('center_axis',(0.,1.20980294963545E-15,-1.));
#13304=DIRECTION('ref_axis',(1.,0.,0.));
#13305=DIRECTION('',(-1.,0.,0.));
#13306=DIRECTION('center_axis',(0.,1.20980294963545E-15,-1.));
#13307=DIRECTION('ref_axis',(1.,0.,0.));
#13308=DIRECTION('',(-1.,0.,0.));
#13309=DIRECTION('center_axis',(0.,1.20980294963545E-15,-1.));
#13310=DIRECTION('ref_axis',(-2.13162820727982E-13,1.,1.20980294963545E-15));
#13311=DIRECTION('',(0.,1.,1.20980294963545E-15));
#13312=DIRECTION('center_axis',(0.,1.20980294963545E-15,-1.));
#13313=DIRECTION('ref_axis',(1.,-2.2648549702348E-13,-2.74002822348658E-28));
#13314=DIRECTION('',(1.,-1.34572487833354E-16,-1.62806192720573E-31));
#13315=DIRECTION('center_axis',(0.,1.20980294963545E-15,-1.));
#13316=DIRECTION('ref_axis',(0.,-1.,-1.20980294963545E-15));
#13317=DIRECTION('',(0.,-1.,-1.20980294963545E-15));
#13318=DIRECTION('center_axis',(0.,1.20980294963545E-15,-1.));
#13319=DIRECTION('ref_axis',(-1.,0.,0.));
#13320=DIRECTION('',(1.,0.,0.));
#13321=DIRECTION('',(1.,0.,0.));
#13322=DIRECTION('',(1.,0.,0.));
#13323=DIRECTION('',(1.,0.,0.));
#13324=DIRECTION('',(0.,1.,1.20980294963545E-15));
#13325=DIRECTION('',(-1.,0.,0.));
#13326=DIRECTION('',(0.,-1.,-1.20980294963545E-15));
#13327=DIRECTION('',(1.,0.,0.));
#13328=DIRECTION('center_axis',(1.,0.,0.));
#13329=DIRECTION('ref_axis',(0.,-1.,-1.20980294963545E-15));
#13330=DIRECTION('',(0.,1.20980294963545E-15,-1.));
#13331=DIRECTION('',(0.,-1.,-1.20980294963545E-15));
#13332=DIRECTION('',(0.,1.20980294963545E-15,-1.));
#13333=DIRECTION('center_axis',(0.,1.,1.20980294963545E-15));
#13334=DIRECTION('ref_axis',(1.,0.,0.));
#13335=DIRECTION('',(1.,0.,0.));
#13336=DIRECTION('',(0.,1.20980294963545E-15,-1.));
#13337=DIRECTION('center_axis',(-1.,0.,0.));
#13338=DIRECTION('ref_axis',(0.,1.,1.20980294963545E-15));
#13339=DIRECTION('',(0.,1.,1.20980294963545E-15));
#13340=DIRECTION('',(0.,1.20980294963545E-15,-1.));
#13341=DIRECTION('center_axis',(0.,-1.,-1.20980294963545E-15));
#13342=DIRECTION('ref_axis',(-1.,0.,0.));
#13343=DIRECTION('',(-1.,0.,0.));
#13344=DIRECTION('center_axis',(0.,1.20980294963545E-15,-1.));
#13345=DIRECTION('ref_axis',(1.,0.,0.));
#13346=DIRECTION('center_axis',(0.,-1.20980294963545E-15,1.));
#13347=DIRECTION('ref_axis',(1.,0.,0.));
#13348=DIRECTION('',(0.,-1.20980294963545E-15,1.));
#13349=DIRECTION('center_axis',(0.,-1.20980294963545E-15,1.));
#13350=DIRECTION('ref_axis',(1.,0.,0.));
#13351=DIRECTION('',(0.,-1.20980294963545E-15,1.));
#13352=DIRECTION('center_axis',(0.,-1.20980294963545E-15,1.));
#13353=DIRECTION('ref_axis',(2.13162820727982E-13,1.,1.20980294963545E-15));
#13354=DIRECTION('',(0.,-1.20980294963545E-15,1.));
#13355=DIRECTION('center_axis',(0.,-1.20980294963545E-15,1.));
#13356=DIRECTION('ref_axis',(2.13162820727982E-13,1.,1.20980294963545E-15));
#13357=DIRECTION('',(0.,-1.20980294963545E-15,1.));
#13358=DIRECTION('center_axis',(0.,-1.,-1.20980294963545E-15));
#13359=DIRECTION('ref_axis',(1.,0.,0.));
#13360=DIRECTION('',(1.,0.,0.));
#13361=DIRECTION('center_axis',(0.,1.20980294963545E-15,-1.));
#13362=DIRECTION('ref_axis',(1.,0.,0.));
#13363=DIRECTION('',(0.,1.,1.20980294963545E-15));
#13364=DIRECTION('center_axis',(0.,-1.20980294963545E-15,1.));
#13365=DIRECTION('ref_axis',(-1.,-2.2648549702348E-13,-2.74002822348658E-28));
#13366=DIRECTION('',(-1.,1.34572487833354E-16,1.62806192720572E-31));
#13367=DIRECTION('center_axis',(0.,-1.20980294963545E-15,1.));
#13368=DIRECTION('ref_axis',(0.,-1.,-1.20980294963545E-15));
#13369=DIRECTION('',(2.77555756156289E-16,-1.,-1.20980294963545E-15));
#13370=DIRECTION('center_axis',(0.,0.,1.));
#13371=DIRECTION('ref_axis',(1.,0.,0.));
#13372=DIRECTION('center_axis',(0.,0.,1.));
#13373=DIRECTION('ref_axis',(0.,1.,0.));
#13374=DIRECTION('',(-1.,0.,0.));
#13375=DIRECTION('center_axis',(0.,0.,1.));
#13376=DIRECTION('ref_axis',(1.,0.,0.));
#13377=DIRECTION('',(0.,1.,0.));
#13378=DIRECTION('center_axis',(0.,1.20980294963545E-15,-1.));
#13379=DIRECTION('ref_axis',(-1.,0.,0.));
#13380=DIRECTION('',(0.,1.20980294963545E-15,-1.));
#13381=DIRECTION('',(0.,1.20980294963545E-15,-1.));
#13382=DIRECTION('center_axis',(0.,1.20980294963545E-15,-1.));
#13383=DIRECTION('ref_axis',(-2.13162820727982E-13,1.,1.20980294963545E-15));
#13384=DIRECTION('',(0.,1.20980294963545E-15,-1.));
#13385=DIRECTION('',(0.,1.20980294963545E-15,-1.));
#13386=DIRECTION('center_axis',(0.,-1.,-1.20980294963545E-15));
#13387=DIRECTION('ref_axis',(-1.,0.,0.));
#13388=DIRECTION('center_axis',(1.,0.,0.));
#13389=DIRECTION('ref_axis',(0.,0.,1.));
#13390=DIRECTION('center_axis',(-1.,0.,0.));
#13391=DIRECTION('ref_axis',(0.,-0.999703805866645,0.0243372253090943));
#13392=DIRECTION('center_axis',(0.,0.,1.));
#13393=DIRECTION('ref_axis',(0.,1.,0.));
#13394=DIRECTION('',(0.,0.,1.));
#13395=DIRECTION('center_axis',(0.,1.,0.));
#13396=DIRECTION('ref_axis',(-1.,0.,0.));
#13397=DIRECTION('',(0.,0.,1.));
#13398=DIRECTION('center_axis',(0.,0.,1.));
#13399=DIRECTION('ref_axis',(1.,0.,0.));
#13400=DIRECTION('',(0.,0.,1.));
#13401=DIRECTION('center_axis',(1.,0.,0.));
#13402=DIRECTION('ref_axis',(0.,0.,-1.));
#13403=DIRECTION('center_axis',(0.,0.,1.));
#13404=DIRECTION('ref_axis',(0.,1.,0.));
#13405=DIRECTION('',(0.,0.,1.));
#13406=DIRECTION('center_axis',(0.,1.,0.));
#13407=DIRECTION('ref_axis',(-1.,0.,0.));
#13408=DIRECTION('',(0.,0.,1.));
#13409=DIRECTION('center_axis',(0.,0.,1.));
#13410=DIRECTION('ref_axis',(1.,0.,0.));
#13411=DIRECTION('',(0.,0.,1.));
#13412=DIRECTION('center_axis',(1.,0.,0.));
#13413=DIRECTION('ref_axis',(0.,-1.71512449944288E-15,1.));
#13414=DIRECTION('',(0.,-1.,-1.71512449944288E-15));
#13415=DIRECTION('center_axis',(0.,-1.,-1.71512449944288E-15));
#13416=DIRECTION('ref_axis',(1.,-1.18820252265324E-28,6.92779167366098E-14));
#13417=DIRECTION('center_axis',(0.84092409558577,-0.54115308874962,-6.54688602973626E-16));
#13418=DIRECTION('ref_axis',(-0.54115308874962,-0.84092409558577,-1.01735245125919E-15));
#13419=DIRECTION('',(0.,1.20980294963545E-15,-1.));
#13420=DIRECTION('center_axis',(0.,1.20980294963545E-15,-1.));
#13421=DIRECTION('ref_axis',(1.,0.,0.));
#13422=DIRECTION('',(0.,1.20980294963545E-15,-1.));
#13423=DIRECTION('center_axis',(1.,0.,0.));
#13424=DIRECTION('ref_axis',(0.,-1.,-1.20980294963545E-15));
#13425=DIRECTION('',(0.,1.20980294963545E-15,-1.));
#13426=DIRECTION('center_axis',(0.,1.20980294963545E-15,-1.));
#13427=DIRECTION('ref_axis',(0.,1.,1.20980294963545E-15));
#13428=DIRECTION('',(0.,1.20980294963545E-15,-1.));
#13429=DIRECTION('center_axis',(0.,1.,1.20980294963545E-15));
#13430=DIRECTION('ref_axis',(1.,0.,0.));
#13431=DIRECTION('',(0.,1.20980294963545E-15,-1.));
#13432=DIRECTION('',(0.,1.20980294963545E-15,-1.));
#13433=DIRECTION('',(0.,-1.20980294963545E-15,1.));
#13434=DIRECTION('center_axis',(0.,1.20980294963545E-15,-1.));
#13435=DIRECTION('ref_axis',(0.,1.,1.20980294963545E-15));
#13436=DIRECTION('center_axis',(0.,1.20980294963545E-15,-1.));
#13437=DIRECTION('ref_axis',(0.,1.,1.20980294963545E-15));
#13438=DIRECTION('',(0.,1.20980294963545E-15,-1.));
#13439=DIRECTION('center_axis',(0.,1.,1.20980294963545E-15));
#13440=DIRECTION('ref_axis',(1.,0.,0.));
#13441=DIRECTION('',(0.,1.20980294963545E-15,-1.));
#13442=DIRECTION('center_axis',(0.,1.20980294963545E-15,-1.));
#13443=DIRECTION('ref_axis',(-1.,4.54775106461458E-12,5.50188265217849E-27));
#13444=DIRECTION('center_axis',(0.,1.20980294963545E-15,-1.));
#13445=DIRECTION('ref_axis',(-1.,0.,0.));
#13446=DIRECTION('',(0.,1.20980294963545E-15,-1.));
#13447=DIRECTION('center_axis',(0.,1.20980294963545E-15,-1.));
#13448=DIRECTION('ref_axis',(-1.,2.28705943072782E-13,2.7668912452861E-28));
#13449=DIRECTION('',(0.,1.20980294963545E-15,-1.));
#13450=DIRECTION('center_axis',(-1.,0.,0.));
#13451=DIRECTION('ref_axis',(0.,1.,1.20980294963545E-15));
#13452=DIRECTION('',(0.,1.20980294963545E-15,-1.));
#13453=DIRECTION('center_axis',(0.,1.20980294963545E-15,-1.));
#13454=DIRECTION('ref_axis',(-0.840924095585767,-0.541153088749625,-6.54688602973633E-16));
#13455=DIRECTION('',(0.,1.20980294963545E-15,-1.));
#13456=DIRECTION('center_axis',(-0.84092409558577,-0.54115308874962,-6.54688602973626E-16));
#13457=DIRECTION('ref_axis',(-0.54115308874962,0.84092409558577,1.01735245125919E-15));
#13458=DIRECTION('axis',(0.,0.,1.));
#13459=DIRECTION('refdir',(1.,0.,0.));
#13460=DIRECTION('center_axis',(1.,0.,0.));
#13461=DIRECTION('ref_axis',(0.,1.,0.));
#13462=DIRECTION('',(0.,1.,0.));
#13463=DIRECTION('',(0.,0.,1.));
#13464=DIRECTION('',(0.,-1.,0.));
#13465=DIRECTION('',(0.,0.,1.));
#13466=DIRECTION('center_axis',(0.,-1.,0.));
#13467=DIRECTION('ref_axis',(1.,0.,0.));
#13468=DIRECTION('',(1.,0.,0.));
#13469=DIRECTION('',(0.,0.,1.));
#13470=DIRECTION('',(-1.,0.,0.));
#13471=DIRECTION('center_axis',(-1.,0.,0.));
#13472=DIRECTION('ref_axis',(0.,-1.,0.));
#13473=DIRECTION('',(0.,-1.,0.));
#13474=DIRECTION('',(0.,0.,1.));
#13475=DIRECTION('',(0.,1.,0.));
#13476=DIRECTION('center_axis',(0.,1.,0.));
#13477=DIRECTION('ref_axis',(-1.,0.,0.));
#13478=DIRECTION('',(-1.,0.,0.));
#13479=DIRECTION('',(1.,0.,0.));
#13480=DIRECTION('center_axis',(-1.,0.,0.));
#13481=DIRECTION('ref_axis',(0.,-1.,0.));
#13482=DIRECTION('',(0.,-1.,0.));
#13483=DIRECTION('',(0.,0.,1.));
#13484=DIRECTION('',(0.,-1.,0.));
#13485=DIRECTION('',(0.,0.,1.));
#13486=DIRECTION('center_axis',(0.,1.,0.));
#13487=DIRECTION('ref_axis',(-1.,0.,0.));
#13488=DIRECTION('',(-1.,0.,0.));
#13489=DIRECTION('',(-1.,0.,0.));
#13490=DIRECTION('',(0.,0.,1.));
#13491=DIRECTION('center_axis',(1.,0.,0.));
#13492=DIRECTION('ref_axis',(0.,1.,0.));
#13493=DIRECTION('',(0.,1.,0.));
#13494=DIRECTION('',(0.,1.,0.));
#13495=DIRECTION('',(0.,0.,1.));
#13496=DIRECTION('center_axis',(0.,-1.,0.));
#13497=DIRECTION('ref_axis',(1.,0.,0.));
#13498=DIRECTION('',(1.,0.,0.));
#13499=DIRECTION('',(1.,0.,0.));
#13500=DIRECTION('',(0.,0.,1.));
#13501=DIRECTION('center_axis',(-1.,0.,0.));
#13502=DIRECTION('ref_axis',(0.,-1.,0.));
#13503=DIRECTION('',(0.,-1.,0.));
#13504=DIRECTION('',(0.,-1.,0.));
#13505=DIRECTION('',(0.,0.,1.));
#13506=DIRECTION('center_axis',(0.,-1.,0.));
#13507=DIRECTION('ref_axis',(1.,0.,0.));
#13508=DIRECTION('',(1.,0.,0.));
#13509=DIRECTION('',(1.,0.,0.));
#13510=DIRECTION('center_axis',(0.,0.,1.));
#13511=DIRECTION('ref_axis',(1.,0.,0.));
#13512=DIRECTION('center_axis',(0.,0.,1.));
#13513=DIRECTION('ref_axis',(1.,0.,0.));
#13514=DIRECTION('',(-5.27355936696946E-16,-1.46386931290051E-15,1.));
#13515=DIRECTION('',(1.,-3.67165065712218E-15,5.27355936696941E-16));
#13516=DIRECTION('',(-9.15933995315738E-16,-1.46386931290051E-15,1.));
#13517=DIRECTION('',(1.,-3.742141007892E-15,9.15933995315733E-16));
#13518=DIRECTION('',(-1.18102142648846E-15,-3.33066907387511E-16,1.));
#13519=DIRECTION('',(1.,-7.90547735023637E-15,1.18102142648846E-15));
#13520=DIRECTION('',(-1.57079425488208E-15,-2.2972925339446E-16,1.));
#13521=DIRECTION('',(1.,-7.23707649299383E-15,1.57079425488208E-15));
#13522=DIRECTION('',(-4.1806835771041E-16,3.3306690738751E-16,-1.));
#13523=DIRECTION('',(-1.,7.90547735023637E-15,4.18068357710413E-16));
#13524=DIRECTION('axis',(0.,0.,1.));
#13525=DIRECTION('refdir',(1.,0.,0.));
#13526=DIRECTION('axis',(0.,0.,1.));
#13527=DIRECTION('refdir',(1.,0.,0.));
#13528=DIRECTION('center_axis',(0.,0.,1.));
#13529=DIRECTION('ref_axis',(1.,0.,0.));
#13530=DIRECTION('',(-0.707106781186547,0.707106781186547,0.));
#13531=DIRECTION('',(0.,1.,0.));
#13532=DIRECTION('',(-1.,0.,0.));
#13533=DIRECTION('center_axis',(0.,0.,1.));
#13534=DIRECTION('ref_axis',(1.,0.,0.));
#13535=DIRECTION('',(0.,1.,0.));
#13536=DIRECTION('center_axis',(0.,0.,1.));
#13537=DIRECTION('ref_axis',(0.,-1.,0.));
#13538=DIRECTION('',(1.,0.,0.));
#13539=DIRECTION('',(0.,1.,0.));
#13540=DIRECTION('',(-1.,0.,0.));
#13541=DIRECTION('center_axis',(0.,0.,1.));
#13542=DIRECTION('ref_axis',(1.,0.,0.));
#13543=DIRECTION('',(0.,1.,0.));
#13544=DIRECTION('center_axis',(0.,0.,1.));
#13545=DIRECTION('ref_axis',(0.,-1.,0.));
#13546=DIRECTION('',(1.,0.,0.));
#13547=DIRECTION('',(0.,1.,0.));
#13548=DIRECTION('',(0.707106781186547,0.707106781186547,0.));
#13549=DIRECTION('',(1.,0.,0.));
#13550=DIRECTION('',(0.707106781186547,-0.707106781186547,0.));
#13551=DIRECTION('',(0.,-1.,0.));
#13552=DIRECTION('',(1.,0.,0.));
#13553=DIRECTION('center_axis',(0.,0.,1.));
#13554=DIRECTION('ref_axis',(-1.,0.,0.));
#13555=DIRECTION('',(0.,-1.,0.));
#13556=DIRECTION('center_axis',(0.,0.,1.));
#13557=DIRECTION('ref_axis',(0.,1.,0.));
#13558=DIRECTION('',(-1.,0.,0.));
#13559=DIRECTION('',(0.,-1.,0.));
#13560=DIRECTION('',(1.,0.,0.));
#13561=DIRECTION('center_axis',(0.,0.,1.));
#13562=DIRECTION('ref_axis',(-1.,-3.396394276933E-12,0.));
#13563=DIRECTION('',(0.,-1.,0.));
#13564=DIRECTION('center_axis',(0.,0.,1.));
#13565=DIRECTION('ref_axis',(0.,1.,0.));
#13566=DIRECTION('',(-1.,0.,0.));
#13567=DIRECTION('',(0.,-1.,0.));
#13568=DIRECTION('',(-0.707106781186547,-0.707106781186547,0.));
#13569=DIRECTION('',(-1.,0.,0.));
#13570=DIRECTION('center_axis',(0.,0.,1.));
#13571=DIRECTION('ref_axis',(1.,0.,0.));
#13572=DIRECTION('center_axis',(0.,0.,1.));
#13573=DIRECTION('ref_axis',(1.,0.,0.));
#13574=DIRECTION('center_axis',(0.,0.,1.));
#13575=DIRECTION('ref_axis',(1.,0.,0.));
#13576=DIRECTION('center_axis',(0.,0.,1.));
#13577=DIRECTION('ref_axis',(1.,0.,0.));
#13578=DIRECTION('center_axis',(0.,0.,1.));
#13579=DIRECTION('ref_axis',(1.,0.,0.));
#13580=DIRECTION('center_axis',(0.,0.,1.));
#13581=DIRECTION('ref_axis',(1.,0.,0.));
#13582=DIRECTION('center_axis',(0.,0.,1.));
#13583=DIRECTION('ref_axis',(1.,0.,0.));
#13584=DIRECTION('center_axis',(0.,0.,1.));
#13585=DIRECTION('ref_axis',(1.,0.,0.));
#13586=DIRECTION('center_axis',(0.70710678137096,0.707106781002136,0.));
#13587=DIRECTION('ref_axis',(0.,0.,-1.));
#13588=DIRECTION('',(0.,0.,1.));
#13589=DIRECTION('',(-0.707106781186547,0.707106781186547,0.));
#13590=DIRECTION('',(0.,0.,1.));
#13591=DIRECTION('center_axis',(1.,0.,0.));
#13592=DIRECTION('ref_axis',(0.,0.,-1.));
#13593=DIRECTION('',(0.,1.,0.));
#13594=DIRECTION('',(0.,0.,1.));
#13595=DIRECTION('',(0.,1.,0.));
#13596=DIRECTION('',(0.,0.,1.));
#13597=DIRECTION('',(0.,1.,0.));
#13598=DIRECTION('',(0.,0.,1.));
#13599=DIRECTION('center_axis',(0.,0.,1.));
#13600=DIRECTION('ref_axis',(1.,0.,0.));
#13601=DIRECTION('',(-1.,0.,0.));
#13602=DIRECTION('',(0.,1.,0.));
#13603=DIRECTION('',(1.,0.,0.));
#13604=DIRECTION('',(0.,-1.,0.));
#13605=DIRECTION('',(0.707106781186547,-0.707106781186547,0.));
#13606=DIRECTION('',(1.,0.,0.));
#13607=DIRECTION('',(0.,1.,0.));
#13608=DIRECTION('',(-1.,0.,0.));
#13609=DIRECTION('',(0.,1.,0.));
#13610=DIRECTION('',(1.,0.,0.));
#13611=DIRECTION('',(0.707106781186547,0.707106781186547,0.));
#13612=DIRECTION('',(0.,1.,0.));
#13613=DIRECTION('',(1.,0.,0.));
#13614=DIRECTION('',(0.,-1.,0.));
#13615=DIRECTION('',(-1.,0.,0.));
#13616=DIRECTION('',(0.,1.,0.));
#13617=DIRECTION('',(1.,0.,0.));
#13618=DIRECTION('center_axis',(0.,0.,1.));
#13619=DIRECTION('ref_axis',(0.,-1.,0.));
#13620=DIRECTION('',(0.,1.,0.));
#13621=DIRECTION('center_axis',(0.,0.,1.));
#13622=DIRECTION('ref_axis',(1.,0.,0.));
#13623=DIRECTION('',(-1.,0.,0.));
#13624=DIRECTION('',(0.,1.,0.));
#13625=DIRECTION('',(1.,0.,0.));
#13626=DIRECTION('',(0.,-1.,0.));
#13627=DIRECTION('',(-1.,0.,0.));
#13628=DIRECTION('',(0.,1.,0.));
#13629=DIRECTION('',(1.,0.,0.));
#13630=DIRECTION('center_axis',(0.,0.,1.));
#13631=DIRECTION('ref_axis',(0.,-1.,0.));
#13632=DIRECTION('',(0.,1.,0.));
#13633=DIRECTION('center_axis',(0.,0.,1.));
#13634=DIRECTION('ref_axis',(1.,0.,0.));
#13635=DIRECTION('',(-1.,0.,0.));
#13636=DIRECTION('',(1.,0.,0.));
#13637=DIRECTION('',(0.,-1.,0.));
#13638=DIRECTION('',(-1.,0.,0.));
#13639=DIRECTION('',(-1.,0.,0.));
#13640=DIRECTION('',(0.,-1.,0.));
#13641=DIRECTION('',(1.,0.,0.));
#13642=DIRECTION('',(0.,-1.,0.));
#13643=DIRECTION('',(-1.,0.,0.));
#13644=DIRECTION('',(-0.707106781186547,-0.707106781186547,0.));
#13645=DIRECTION('',(0.,-1.,0.));
#13646=DIRECTION('',(-1.,0.,0.));
#13647=DIRECTION('',(0.,1.,0.));
#13648=DIRECTION('',(1.,0.,0.));
#13649=DIRECTION('',(0.,-1.,0.));
#13650=DIRECTION('',(-1.,0.,0.));
#13651=DIRECTION('center_axis',(0.,0.,1.));
#13652=DIRECTION('ref_axis',(0.,1.,0.));
#13653=DIRECTION('',(0.,-1.,0.));
#13654=DIRECTION('center_axis',(0.,0.,1.));
#13655=DIRECTION('ref_axis',(-1.,-3.396394276933E-12,0.));
#13656=DIRECTION('',(1.,0.,0.));
#13657=DIRECTION('',(0.,-1.,0.));
#13658=DIRECTION('',(-1.,0.,0.));
#13659=DIRECTION('',(0.,1.,0.));
#13660=DIRECTION('',(1.,0.,0.));
#13661=DIRECTION('',(0.,-1.,0.));
#13662=DIRECTION('',(-1.,0.,0.));
#13663=DIRECTION('center_axis',(0.,0.,1.));
#13664=DIRECTION('ref_axis',(0.,1.,0.));
#13665=DIRECTION('',(0.,-1.,0.));
#13666=DIRECTION('center_axis',(0.,0.,1.));
#13667=DIRECTION('ref_axis',(-1.,0.,0.));
#13668=DIRECTION('',(1.,0.,0.));
#13669=DIRECTION('',(0.,-1.,0.));
#13670=DIRECTION('center_axis',(0.,0.,1.));
#13671=DIRECTION('ref_axis',(1.,0.,0.));
#13672=DIRECTION('center_axis',(0.,0.,1.));
#13673=DIRECTION('ref_axis',(1.,0.,0.));
#13674=DIRECTION('center_axis',(0.,0.,1.));
#13675=DIRECTION('ref_axis',(1.,0.,0.));
#13676=DIRECTION('center_axis',(0.,0.,1.));
#13677=DIRECTION('ref_axis',(1.,0.,0.));
#13678=DIRECTION('center_axis',(0.,0.,1.));
#13679=DIRECTION('ref_axis',(1.,0.,0.));
#13680=DIRECTION('center_axis',(0.,0.,1.));
#13681=DIRECTION('ref_axis',(1.,0.,0.));
#13682=DIRECTION('center_axis',(0.,0.,1.));
#13683=DIRECTION('ref_axis',(1.,0.,0.));
#13684=DIRECTION('center_axis',(0.,0.,1.));
#13685=DIRECTION('ref_axis',(1.,0.,0.));
#13686=DIRECTION('center_axis',(0.,1.,0.));
#13687=DIRECTION('ref_axis',(0.,0.,1.));
#13688=DIRECTION('',(0.,0.,1.));
#13689=DIRECTION('',(-1.,0.,0.));
#13690=DIRECTION('',(0.,0.,1.));
#13691=DIRECTION('center_axis',(1.,0.,0.));
#13692=DIRECTION('ref_axis',(0.,0.,-1.));
#13693=DIRECTION('',(0.,1.,0.));
#13694=DIRECTION('',(0.,0.,1.));
#13695=DIRECTION('center_axis',(0.,-1.,0.));
#13696=DIRECTION('ref_axis',(0.,0.,-1.));
#13697=DIRECTION('',(1.,0.,0.));
#13698=DIRECTION('',(0.,0.,1.));
#13699=DIRECTION('center_axis',(-1.,0.,0.));
#13700=DIRECTION('ref_axis',(0.,0.,1.));
#13701=DIRECTION('',(0.,0.,1.));
#13702=DIRECTION('',(0.,0.,1.));
#13703=DIRECTION('',(0.,-1.,0.));
#13704=DIRECTION('center_axis',(0.,0.,1.));
#13705=DIRECTION('ref_axis',(1.,0.,0.));
#13706=DIRECTION('center_axis',(-0.707106781370964,-0.707106781002132,0.));
#13707=DIRECTION('ref_axis',(0.,0.,1.));
#13708=DIRECTION('',(0.,0.,1.));
#13709=DIRECTION('center_axis',(0.,-1.,0.));
#13710=DIRECTION('ref_axis',(0.,0.,-1.));
#13711=DIRECTION('',(1.,0.,0.));
#13712=DIRECTION('',(0.,0.,-1.));
#13713=DIRECTION('',(1.,0.,0.));
#13714=DIRECTION('',(0.,0.,1.));
#13715=DIRECTION('',(0.,0.,1.));
#13716=DIRECTION('',(0.,0.,1.));
#13717=DIRECTION('',(1.,0.,0.));
#13718=DIRECTION('',(0.,0.,-1.));
#13719=DIRECTION('center_axis',(0.,0.,1.));
#13720=DIRECTION('ref_axis',(1.,0.,0.));
#13721=DIRECTION('',(0.,1.,0.));
#13722=DIRECTION('',(1.,0.,0.));
#13723=DIRECTION('',(0.,-1.,0.));
#13724=DIRECTION('center_axis',(-1.,0.,0.));
#13725=DIRECTION('ref_axis',(0.,0.,1.));
#13726=DIRECTION('',(0.,0.,-1.));
#13727=DIRECTION('',(0.,1.,0.));
#13728=DIRECTION('center_axis',(0.,0.,1.));
#13729=DIRECTION('ref_axis',(1.,0.,0.));
#13730=DIRECTION('',(-1.,0.,0.));
#13731=DIRECTION('',(0.,-1.,0.));
#13732=DIRECTION('center_axis',(0.,0.,1.));
#13733=DIRECTION('ref_axis',(1.,0.,0.));
#13734=DIRECTION('',(0.,1.,0.));
#13735=DIRECTION('',(0.,1.,0.));
#13736=DIRECTION('',(-1.,0.,0.));
#13737=DIRECTION('center_axis',(-1.,0.,0.));
#13738=DIRECTION('ref_axis',(0.,0.,1.));
#13739=DIRECTION('',(0.,0.,1.));
#13740=DIRECTION('center_axis',(0.,1.,0.));
#13741=DIRECTION('ref_axis',(0.,0.,1.));
#13742=DIRECTION('',(0.,0.,-1.));
#13743=DIRECTION('',(0.,0.,1.));
#13744=DIRECTION('center_axis',(1.,0.,0.));
#13745=DIRECTION('ref_axis',(0.,0.,-1.));
#13746=DIRECTION('center_axis',(1.,0.,0.));
#13747=DIRECTION('ref_axis',(0.,0.,-1.));
#13748=DIRECTION('center_axis',(0.707106781370964,-0.707106781002132,0.));
#13749=DIRECTION('ref_axis',(0.,0.,-1.));
#13750=DIRECTION('',(0.,0.,1.));
#13751=DIRECTION('center_axis',(1.,0.,0.));
#13752=DIRECTION('ref_axis',(0.,0.,-1.));
#13753=DIRECTION('',(0.,0.,1.));
#13754=DIRECTION('',(0.,0.,1.));
#13755=DIRECTION('',(0.,1.,0.));
#13756=DIRECTION('',(0.,0.,1.));
#13757=DIRECTION('center_axis',(0.,-1.,0.));
#13758=DIRECTION('ref_axis',(0.,0.,-1.));
#13759=DIRECTION('',(1.,0.,0.));
#13760=DIRECTION('',(0.,0.,1.));
#13761=DIRECTION('center_axis',(-1.,0.,0.));
#13762=DIRECTION('ref_axis',(0.,0.,1.));
#13763=DIRECTION('',(0.,-1.,0.));
#13764=DIRECTION('',(0.,0.,1.));
#13765=DIRECTION('center_axis',(0.,1.,0.));
#13766=DIRECTION('ref_axis',(0.,0.,1.));
#13767=DIRECTION('',(-1.,0.,0.));
#13768=DIRECTION('center_axis',(0.,0.,1.));
#13769=DIRECTION('ref_axis',(1.,0.,0.));
#13770=DIRECTION('center_axis',(0.,-1.,0.));
#13771=DIRECTION('ref_axis',(0.,0.,-1.));
#13772=DIRECTION('',(0.,0.,1.));
#13773=DIRECTION('center_axis',(0.,0.,1.));
#13774=DIRECTION('ref_axis',(-0.18777035130176,-0.982212958157249,0.));
#13775=DIRECTION('',(0.,0.,1.));
#13776=DIRECTION('center_axis',(1.,0.,0.));
#13777=DIRECTION('ref_axis',(0.,0.,-1.));
#13778=DIRECTION('',(0.,0.,1.));
#13779=DIRECTION('center_axis',(0.,0.,1.));
#13780=DIRECTION('ref_axis',(0.982212958157242,-0.187770351301798,0.));
#13781=DIRECTION('',(0.,0.,1.));
#13782=DIRECTION('center_axis',(0.,1.,0.));
#13783=DIRECTION('ref_axis',(0.,0.,1.));
#13784=DIRECTION('',(0.,0.,1.));
#13785=DIRECTION('center_axis',(1.,0.,0.));
#13786=DIRECTION('ref_axis',(0.,0.,-1.));
#13787=DIRECTION('',(0.,0.,1.));
#13788=DIRECTION('',(0.,0.,1.));
#13789=DIRECTION('',(0.,1.,0.));
#13790=DIRECTION('',(0.,0.,1.));
#13791=DIRECTION('center_axis',(0.,-1.,0.));
#13792=DIRECTION('ref_axis',(0.,0.,-1.));
#13793=DIRECTION('',(1.,0.,0.));
#13794=DIRECTION('',(0.,0.,1.));
#13795=DIRECTION('center_axis',(-1.,0.,0.));
#13796=DIRECTION('ref_axis',(0.,0.,1.));
#13797=DIRECTION('',(0.,-1.,0.));
#13798=DIRECTION('',(0.,0.,1.));
#13799=DIRECTION('center_axis',(0.,1.,0.));
#13800=DIRECTION('ref_axis',(0.,0.,1.));
#13801=DIRECTION('',(-1.,0.,0.));
#13802=DIRECTION('center_axis',(0.,0.,1.));
#13803=DIRECTION('ref_axis',(1.,0.,0.));
#13804=DIRECTION('center_axis',(0.,-1.,0.));
#13805=DIRECTION('ref_axis',(0.,0.,-1.));
#13806=DIRECTION('',(0.,0.,1.));
#13807=DIRECTION('center_axis',(0.,0.,1.));
#13808=DIRECTION('ref_axis',(-0.18777035130176,-0.982212958157249,0.));
#13809=DIRECTION('',(0.,0.,1.));
#13810=DIRECTION('center_axis',(1.,0.,0.));
#13811=DIRECTION('ref_axis',(0.,0.,-1.));
#13812=DIRECTION('',(0.,0.,1.));
#13813=DIRECTION('center_axis',(0.,0.,1.));
#13814=DIRECTION('ref_axis',(0.98221295815724,-0.187770351301807,0.));
#13815=DIRECTION('',(0.,0.,1.));
#13816=DIRECTION('center_axis',(0.,1.,0.));
#13817=DIRECTION('ref_axis',(0.,0.,1.));
#13818=DIRECTION('center_axis',(0.,-1.,0.));
#13819=DIRECTION('ref_axis',(0.,0.,-1.));
#13820=DIRECTION('',(0.,0.,1.));
#13821=DIRECTION('center_axis',(0.,0.,1.));
#13822=DIRECTION('ref_axis',(-0.982212958157229,0.187770351301867,0.));
#13823=DIRECTION('',(0.,0.,1.));
#13824=DIRECTION('center_axis',(-1.,0.,0.));
#13825=DIRECTION('ref_axis',(0.,0.,1.));
#13826=DIRECTION('',(0.,0.,1.));
#13827=DIRECTION('center_axis',(0.,0.,1.));
#13828=DIRECTION('ref_axis',(0.187770351301965,0.98221295815721,0.));
#13829=DIRECTION('',(0.,0.,1.));
#13830=DIRECTION('center_axis',(0.,1.,0.));
#13831=DIRECTION('ref_axis',(0.,0.,1.));
#13832=DIRECTION('',(0.,0.,1.));
#13833=DIRECTION('center_axis',(-1.,0.,0.));
#13834=DIRECTION('ref_axis',(0.,0.,1.));
#13835=DIRECTION('',(0.,0.,1.));
#13836=DIRECTION('',(0.,0.,1.));
#13837=DIRECTION('',(0.,-1.,0.));
#13838=DIRECTION('',(0.,0.,1.));
#13839=DIRECTION('center_axis',(0.,1.,0.));
#13840=DIRECTION('ref_axis',(0.,0.,1.));
#13841=DIRECTION('',(-1.,0.,0.));
#13842=DIRECTION('',(0.,0.,1.));
#13843=DIRECTION('center_axis',(1.,0.,0.));
#13844=DIRECTION('ref_axis',(0.,0.,-1.));
#13845=DIRECTION('',(0.,1.,0.));
#13846=DIRECTION('',(0.,0.,1.));
#13847=DIRECTION('center_axis',(0.,-1.,0.));
#13848=DIRECTION('ref_axis',(0.,0.,-1.));
#13849=DIRECTION('',(1.,0.,0.));
#13850=DIRECTION('center_axis',(0.,0.,1.));
#13851=DIRECTION('ref_axis',(1.,0.,0.));
#13852=DIRECTION('center_axis',(0.,-1.,0.));
#13853=DIRECTION('ref_axis',(0.,0.,-1.));
#13854=DIRECTION('',(0.,0.,1.));
#13855=DIRECTION('center_axis',(0.,0.,1.));
#13856=DIRECTION('ref_axis',(-0.982212958157227,0.187770351301875,0.));
#13857=DIRECTION('',(0.,0.,1.));
#13858=DIRECTION('center_axis',(-1.,0.,0.));
#13859=DIRECTION('ref_axis',(0.,0.,1.));
#13860=DIRECTION('',(0.,0.,1.));
#13861=DIRECTION('center_axis',(0.,0.,1.));
#13862=DIRECTION('ref_axis',(0.187770351301969,0.982212958157209,0.));
#13863=DIRECTION('',(0.,0.,1.));
#13864=DIRECTION('center_axis',(0.,1.,0.));
#13865=DIRECTION('ref_axis',(0.,0.,1.));
#13866=DIRECTION('',(0.,0.,1.));
#13867=DIRECTION('center_axis',(-1.,0.,0.));
#13868=DIRECTION('ref_axis',(0.,0.,1.));
#13869=DIRECTION('',(0.,0.,1.));
#13870=DIRECTION('',(0.,0.,1.));
#13871=DIRECTION('',(0.,-1.,0.));
#13872=DIRECTION('',(0.,0.,1.));
#13873=DIRECTION('center_axis',(0.,1.,0.));
#13874=DIRECTION('ref_axis',(0.,0.,1.));
#13875=DIRECTION('',(-1.,0.,0.));
#13876=DIRECTION('',(0.,0.,1.));
#13877=DIRECTION('center_axis',(1.,0.,0.));
#13878=DIRECTION('ref_axis',(0.,0.,-1.));
#13879=DIRECTION('',(0.,1.,0.));
#13880=DIRECTION('',(0.,0.,1.));
#13881=DIRECTION('center_axis',(0.,-1.,0.));
#13882=DIRECTION('ref_axis',(0.,0.,-1.));
#13883=DIRECTION('',(1.,0.,0.));
#13884=DIRECTION('center_axis',(0.,0.,1.));
#13885=DIRECTION('ref_axis',(1.,0.,0.));
#13886=DIRECTION('center_axis',(-0.707106781370959,0.707106781002136,0.));
#13887=DIRECTION('ref_axis',(0.,0.,1.));
#13888=DIRECTION('',(0.,0.,1.));
#13889=DIRECTION('center_axis',(0.,1.,0.));
#13890=DIRECTION('ref_axis',(0.,0.,1.));
#13891=DIRECTION('',(0.,0.,1.));
#13892=DIRECTION('',(-1.,0.,0.));
#13893=DIRECTION('',(0.,0.,1.));
#13894=DIRECTION('center_axis',(1.,0.,0.));
#13895=DIRECTION('ref_axis',(0.,0.,-1.));
#13896=DIRECTION('',(0.,1.,0.));
#13897=DIRECTION('',(0.,0.,1.));
#13898=DIRECTION('center_axis',(0.,-1.,0.));
#13899=DIRECTION('ref_axis',(0.,0.,-1.));
#13900=DIRECTION('',(1.,0.,0.));
#13901=DIRECTION('',(0.,0.,1.));
#13902=DIRECTION('center_axis',(-1.,0.,0.));
#13903=DIRECTION('ref_axis',(0.,0.,1.));
#13904=DIRECTION('',(0.,-1.,0.));
#13905=DIRECTION('center_axis',(0.,0.,1.));
#13906=DIRECTION('ref_axis',(1.,0.,0.));
#13907=DIRECTION('center_axis',(0.,1.,0.));
#13908=DIRECTION('ref_axis',(0.,0.,1.));
#13909=DIRECTION('',(0.,0.,1.));
#13910=DIRECTION('',(-1.,0.,0.));
#13911=DIRECTION('center_axis',(0.,0.,1.));
#13912=DIRECTION('ref_axis',(1.,0.,0.));
#13913=DIRECTION('',(0.,-1.,0.));
#13914=DIRECTION('',(1.,0.,0.));
#13915=DIRECTION('center_axis',(-1.,0.,0.));
#13916=DIRECTION('ref_axis',(0.,0.,1.));
#13917=DIRECTION('',(0.,0.,1.));
#13918=DIRECTION('center_axis',(0.,-1.,0.));
#13919=DIRECTION('ref_axis',(0.,0.,-1.));
#13920=DIRECTION('center_axis',(0.,0.,1.));
#13921=DIRECTION('ref_axis',(0.994180339819352,-0.107728603057299,0.));
#13922=DIRECTION('',(0.,0.,-1.));
#13923=DIRECTION('center_axis',(0.,0.,1.));
#13924=DIRECTION('ref_axis',(0.994180339819352,-0.107728603057299,0.));
#13925=DIRECTION('',(0.,0.,-1.));
#13926=DIRECTION('center_axis',(0.,0.,1.));
#13927=DIRECTION('ref_axis',(0.994180339819353,-0.107728603057292,0.));
#13928=DIRECTION('',(0.,0.,-1.));
#13929=DIRECTION('center_axis',(0.,0.,1.));
#13930=DIRECTION('ref_axis',(0.994180339819353,-0.107728603057292,0.));
#13931=DIRECTION('',(0.,0.,-1.));
#13932=DIRECTION('axis',(0.,0.,1.));
#13933=DIRECTION('refdir',(1.,0.,0.));
#13934=DIRECTION('center_axis',(-1.,-2.69144975666705E-16,0.));
#13935=DIRECTION('ref_axis',(2.69144975666705E-16,-1.,0.));
#13936=DIRECTION('',(2.69144975666705E-16,-1.,0.));
#13937=DIRECTION('',(0.,0.,1.));
#13938=DIRECTION('',(2.69144975666705E-16,-1.,0.));
#13939=DIRECTION('',(0.,0.,1.));
#13940=DIRECTION('center_axis',(-1.60176450802547E-16,1.,0.));
#13941=DIRECTION('ref_axis',(-1.,-1.60176450802547E-16,0.));
#13942=DIRECTION('',(-1.,-1.60176450802547E-16,0.));
#13943=DIRECTION('',(-1.,-1.60176450802547E-16,0.));
#13944=DIRECTION('',(0.,0.,1.));
#13945=DIRECTION('center_axis',(1.,2.69144975666705E-16,0.));
#13946=DIRECTION('ref_axis',(-2.69144975666705E-16,1.,0.));
#13947=DIRECTION('',(-2.69144975666705E-16,1.,0.));
#13948=DIRECTION('',(-2.69144975666705E-16,1.,0.));
#13949=DIRECTION('',(0.,0.,1.));
#13950=DIRECTION('center_axis',(-4.00441127006368E-17,-1.,0.));
#13951=DIRECTION('ref_axis',(1.,-4.00441127006368E-17,0.));
#13952=DIRECTION('',(1.,-4.00441127006368E-17,0.));
#13953=DIRECTION('',(1.,-4.00441127006368E-17,0.));
#13954=DIRECTION('center_axis',(0.,0.,1.));
#13955=DIRECTION('ref_axis',(1.,0.,0.));
#13956=DIRECTION('center_axis',(0.,0.,1.));
#13957=DIRECTION('ref_axis',(1.,0.,0.));
#13958=DIRECTION('',(0.,0.,1.));
#13959=DIRECTION('',(1.,0.,0.));
#13960=DIRECTION('',(0.,0.,1.));
#13961=DIRECTION('',(1.,-2.69144975666705E-16,0.));
#13962=DIRECTION('',(2.08166817117217E-16,1.11022302462516E-16,1.));
#13963=DIRECTION('',(1.,1.11022302462516E-16,-2.08166817117217E-16));
#13964=DIRECTION('',(3.41408723427823E-30,4.41920805505059E-16,1.));
#13965=DIRECTION('',(1.,-9.79220539658778E-15,9.13292062252829E-31));
#13966=DIRECTION('',(-1.70557209389901E-16,-2.21560415538641E-17,1.));
#13967=DIRECTION('',(1.,-1.73366203194746E-29,1.70557209389901E-16));
#13968=CARTESIAN_POINT('',(0.,0.,0.));
#13969=CARTESIAN_POINT('',(0.,0.,0.));
#13970=CARTESIAN_POINT('',(0.,0.,0.));
#13971=CARTESIAN_POINT('Origin',(43.3878905229305,0.945540430119378,2.65));
#13972=CARTESIAN_POINT('',(76.7718410211717,0.645540430119379,2.65));
#13973=CARTESIAN_POINT('',(76.7718410211722,0.945540430119378,2.95));
#13974=CARTESIAN_POINT('Origin',(76.7718410211717,0.945540430119378,2.65));
#13975=CARTESIAN_POINT('',(25.8968410211726,0.945540430119378,2.95));
#13976=CARTESIAN_POINT('',(43.3878905229305,0.945540430119378,2.95));
#13977=CARTESIAN_POINT('',(25.8968410211726,0.645540430119379,2.65));
#13978=CARTESIAN_POINT('Origin',(25.8968410211726,0.945540430119378,2.65));
#13979=CARTESIAN_POINT('',(43.3878905229305,0.645540430119379,2.65));
#13980=CARTESIAN_POINT('Origin',(25.8968410211726,1.19554043011956,0.));
#13981=CARTESIAN_POINT('',(25.8968410211726,1.19554043011956,2.95));
#13982=CARTESIAN_POINT('',(25.8968410211726,1.19554043011956,2.95));
#13983=CARTESIAN_POINT('',(25.8968410211726,1.19554043011956,0.));
#13984=CARTESIAN_POINT('',(25.8968410211726,1.19554043011956,0.));
#13985=CARTESIAN_POINT('',(25.8968410211726,0.645540430119379,0.));
#13986=CARTESIAN_POINT('',(25.8968410211726,1.19554043011956,0.));
#13987=CARTESIAN_POINT('',(25.8968410211726,0.645540430119379,0.));
#13988=CARTESIAN_POINT('Origin',(60.8789400246884,38.3206629631654,2.95));
#13989=CARTESIAN_POINT('',(76.7718410211726,1.19554043011956,2.95));
#13990=CARTESIAN_POINT('',(76.7718410211717,0.645540430119379,2.95));
#13991=CARTESIAN_POINT('',(77.2718410211717,1.19554043011956,2.95));
#13992=CARTESIAN_POINT('Origin',(77.0218410211721,1.19554043011956,2.95));
#13993=CARTESIAN_POINT('',(77.2718410211717,0.945540430119379,2.95));
#13994=CARTESIAN_POINT('',(77.2718410211717,1.19554043011956,2.95));
#13995=CARTESIAN_POINT('',(120.986841021173,0.945540430119381,2.95));
#13996=CARTESIAN_POINT('',(69.07539052293,0.945540430119378,2.95));
#13997=CARTESIAN_POINT('',(120.986841021174,76.1455383861201,2.95));
#13998=CARTESIAN_POINT('',(120.986841021173,19.633101696642,2.95));
#13999=CARTESIAN_POINT('',(0.886841021174174,76.1455383861203,2.95));
#14000=CARTESIAN_POINT('',(90.9328905229312,76.1455383861194,2.95));
#14001=CARTESIAN_POINT('',(0.886841021174908,0.945540430119562,2.95));
#14002=CARTESIAN_POINT('',(0.886841021174227,57.2331006746423,2.95));
#14003=CARTESIAN_POINT('',(25.3968410211726,0.945540430119377,2.95));
#14004=CARTESIAN_POINT('',(30.8828905229304,0.945540430119123,2.95));
#14005=CARTESIAN_POINT('',(25.3968410211726,1.19554043011956,2.95));
#14006=CARTESIAN_POINT('',(25.3968410211726,0.645540430119379,2.95));
#14007=CARTESIAN_POINT('Origin',(25.6468410211726,1.19554043011956,2.95));
#14008=CARTESIAN_POINT('',(6.9568410211739,8.38553838612317,2.95));
#14009=CARTESIAN_POINT('',(6.9568410211739,73.1855383861231,2.95));
#14010=CARTESIAN_POINT('',(6.9568410211739,23.3531006746443,2.95));
#14011=CARTESIAN_POINT('',(114.956841021174,73.1855383861231,2.95));
#14012=CARTESIAN_POINT('',(33.9178905229312,73.1855383861231,2.95));
#14013=CARTESIAN_POINT('',(114.956841021174,8.38553838612317,2.95));
#14014=CARTESIAN_POINT('',(114.956841021174,55.7531006746443,2.95));
#14015=CARTESIAN_POINT('',(87.9178905229312,8.38553838612317,2.95));
#14016=CARTESIAN_POINT('Origin',(69.07539052293,0.945540430119378,2.65));
#14017=CARTESIAN_POINT('',(77.2718410211717,0.645540430119379,2.65));
#14018=CARTESIAN_POINT('Origin',(77.2718410211717,0.945540430119379,2.65));
#14019=CARTESIAN_POINT('',(120.986841021173,0.645540430119382,2.65));
#14020=CARTESIAN_POINT('',(69.07539052293,0.645540430119378,2.65));
#14021=CARTESIAN_POINT('Origin',(120.986841021173,0.945540430119381,2.65));
#14022=CARTESIAN_POINT('Origin',(120.986841021173,19.633101696642,2.65));
#14023=CARTESIAN_POINT('',(121.286841021173,0.945540430119337,2.65));
#14024=CARTESIAN_POINT('Origin',(120.986841021173,0.94554043011934,2.65));
#14025=CARTESIAN_POINT('',(121.286841021174,76.1455383861201,2.65));
#14026=CARTESIAN_POINT('',(121.286841021173,19.633101696642,2.65));
#14027=CARTESIAN_POINT('Origin',(120.986841021174,76.1455383861201,2.65));
#14028=CARTESIAN_POINT('Origin',(120.986841021172,0.945540430120402,2.65));
#14029=CARTESIAN_POINT('Origin',(120.986841021172,0.945540430120402,2.65));
#14030=CARTESIAN_POINT('Origin',(90.9328905229312,76.1455383861194,2.65));
#14031=CARTESIAN_POINT('',(120.986841021174,76.4455383861191,2.65));
#14032=CARTESIAN_POINT('Origin',(120.986841021174,76.1455383861191,2.65));
#14033=CARTESIAN_POINT('',(0.886841021174178,76.4455383861203,2.65));
#14034=CARTESIAN_POINT('',(90.9328905229312,76.4455383861194,2.65));
#14035=CARTESIAN_POINT('Origin',(0.886841021174174,76.1455383861203,2.65));
#14036=CARTESIAN_POINT('Origin',(120.986841021173,76.1455383861187,2.65));
#14037=CARTESIAN_POINT('Origin',(120.986841021173,76.1455383861187,2.65));
#14038=CARTESIAN_POINT('Origin',(0.886841021174227,57.2331006746423,2.65));
#14039=CARTESIAN_POINT('',(0.586841021173996,76.1455383861199,2.65));
#14040=CARTESIAN_POINT('Origin',(0.886841021173999,76.1455383861199,2.65));
#14041=CARTESIAN_POINT('',(0.586841021174905,0.945540430119561,2.65));
#14042=CARTESIAN_POINT('',(0.586841021174224,57.2331006746423,2.65));
#14043=CARTESIAN_POINT('Origin',(0.886841021174908,0.945540430119562,2.65));
#14044=CARTESIAN_POINT('Origin',(0.886841021173473,76.1455383861208,2.65));
#14045=CARTESIAN_POINT('Origin',(0.886841021173473,76.1455383861208,2.65));
#14046=CARTESIAN_POINT('Origin',(30.8828905229304,0.945540430119123,2.65));
#14047=CARTESIAN_POINT('',(25.3968410211726,0.645540430119379,2.65));
#14048=CARTESIAN_POINT('Origin',(25.3968410211726,0.945540430119377,2.65));
#14049=CARTESIAN_POINT('',(0.886841021174178,0.645540430120516,2.65));
#14050=CARTESIAN_POINT('Origin',(0.886841021174192,0.945540430120514,2.65));
#14051=CARTESIAN_POINT('',(30.8828905229304,0.645540430119125,2.65));
#14052=CARTESIAN_POINT('Origin',(0.886841021175565,0.945540430121175,2.65));
#14053=CARTESIAN_POINT('Origin',(0.886841021175565,0.945540430121175,2.65));
#14054=CARTESIAN_POINT('Origin',(77.2718410211717,0.645540430119379,0.));
#14055=CARTESIAN_POINT('',(77.2718410211717,0.645540430119379,0.));
#14056=CARTESIAN_POINT('',(77.2718410211717,0.645540430119379,0.));
#14057=CARTESIAN_POINT('',(120.986841021173,0.645540430119382,0.));
#14058=CARTESIAN_POINT('',(77.2718410211717,0.645540430119379,0.));
#14059=CARTESIAN_POINT('',(120.986841021173,0.645540430119382,0.));
#14060=CARTESIAN_POINT('Origin',(77.2718410211717,1.19554043011956,0.));
#14061=CARTESIAN_POINT('',(77.2718410211717,1.19554043011956,0.));
#14062=CARTESIAN_POINT('',(77.2718410211717,1.19554043011956,0.));
#14063=CARTESIAN_POINT('',(77.2718410211717,1.19554043011956,0.));
#14064=CARTESIAN_POINT('Origin',(25.3968410211726,0.645540430119379,0.));
#14065=CARTESIAN_POINT('',(25.3968410211726,0.645540430119379,0.));
#14066=CARTESIAN_POINT('',(25.3968410211726,0.645540430119379,0.));
#14067=CARTESIAN_POINT('',(25.3968410211726,1.19554043011956,0.));
#14068=CARTESIAN_POINT('',(25.3968410211726,0.645540430119379,0.));
#14069=CARTESIAN_POINT('',(25.3968410211726,1.19554043011956,0.));
#14070=CARTESIAN_POINT('Origin',(6.9568410211739,8.38553838612317,2.95));
#14071=CARTESIAN_POINT('',(6.9568410211739,8.38553838612317,2.75));
#14072=CARTESIAN_POINT('',(6.9568410211739,8.38553838612317,2.95));
#14073=CARTESIAN_POINT('',(6.9568410211739,73.1855383861231,2.75));
#14074=CARTESIAN_POINT('',(6.9568410211739,8.38553838612317,2.75));
#14075=CARTESIAN_POINT('',(6.9568410211739,73.1855383861231,2.95));
#14076=CARTESIAN_POINT('Origin',(114.956841021174,8.38553838612317,2.95));
#14077=CARTESIAN_POINT('',(114.956841021174,8.38553838612317,2.75));
#14078=CARTESIAN_POINT('',(114.956841021174,8.38553838612317,2.95));
#14079=CARTESIAN_POINT('',(114.956841021174,8.38553838612317,2.75));
#14080=CARTESIAN_POINT('Origin',(114.956841021174,73.1855383861231,2.95));
#14081=CARTESIAN_POINT('',(114.956841021174,73.1855383861231,2.75));
#14082=CARTESIAN_POINT('',(114.956841021174,73.1855383861231,2.95));
#14083=CARTESIAN_POINT('',(114.956841021174,73.1855383861231,2.75));
#14084=CARTESIAN_POINT('Origin',(6.9568410211739,73.1855383861231,2.95));
#14085=CARTESIAN_POINT('',(6.9568410211739,73.1855383861231,2.75));
#14086=CARTESIAN_POINT('Origin',(60.9568410211739,40.7855383861231,2.75));
#14087=CARTESIAN_POINT('Origin',(121.286841021173,0.94554043011934,0.));
#14088=CARTESIAN_POINT('',(121.286841021173,0.945540430119337,0.));
#14089=CARTESIAN_POINT('',(121.286841021173,0.945540430119337,0.));
#14090=CARTESIAN_POINT('',(121.286841021174,76.1455383861201,0.));
#14091=CARTESIAN_POINT('',(121.286841021173,0.94554043011934,0.));
#14092=CARTESIAN_POINT('',(121.286841021174,76.1455383861201,0.));
#14093=CARTESIAN_POINT('Origin',(120.986841021172,0.945540430120402,0.));
#14094=CARTESIAN_POINT('Origin',(120.986841021172,0.945540430120402,0.));
#14095=CARTESIAN_POINT('Origin',(77.0218410211721,1.19554043011956,0.));
#14096=CARTESIAN_POINT('',(76.7718410211726,1.19554043011956,0.));
#14097=CARTESIAN_POINT('Origin',(77.0218410211721,1.19554043011956,0.));
#14098=CARTESIAN_POINT('',(76.7718410211726,1.19554043011956,0.));
#14099=CARTESIAN_POINT('Origin',(76.7718410211717,0.645540430119379,0.));
#14100=CARTESIAN_POINT('',(76.7718410211717,0.645540430119379,0.));
#14101=CARTESIAN_POINT('',(76.7718410211717,0.645540430119379,0.));
#14102=CARTESIAN_POINT('',(76.7718410211717,0.645540430119379,0.));
#14103=CARTESIAN_POINT('Origin',(25.8968410211726,0.645540430119379,0.));
#14104=CARTESIAN_POINT('',(25.8968410211726,0.645540430119379,0.));
#14105=CARTESIAN_POINT('Origin',(25.6468410211726,1.19554043011956,0.));
#14106=CARTESIAN_POINT('Origin',(25.6468410211726,1.19554043011956,0.));
#14107=CARTESIAN_POINT('Origin',(0.886841021174178,0.645540430120516,0.));
#14108=CARTESIAN_POINT('',(0.886841021174178,0.645540430120516,0.));
#14109=CARTESIAN_POINT('',(0.886841021174178,0.645540430120516,0.));
#14110=CARTESIAN_POINT('',(0.886841021174178,0.645540430120516,0.));
#14111=CARTESIAN_POINT('Origin',(0.886841021175565,0.945540430121175,0.));
#14112=CARTESIAN_POINT('',(0.586841021174905,0.945540430119561,0.));
#14113=CARTESIAN_POINT('',(0.586841021174905,0.945540430119561,0.));
#14114=CARTESIAN_POINT('Origin',(0.886841021175565,0.945540430121175,0.));
#14115=CARTESIAN_POINT('Origin',(0.586841021173996,76.1455383861199,0.));
#14116=CARTESIAN_POINT('',(0.586841021173996,76.1455383861199,0.));
#14117=CARTESIAN_POINT('',(0.586841021173996,76.1455383861199,0.));
#14118=CARTESIAN_POINT('',(0.586841021173996,76.1455383861199,0.));
#14119=CARTESIAN_POINT('Origin',(0.886841021173473,76.1455383861208,0.));
#14120=CARTESIAN_POINT('',(0.886841021174178,76.4455383861203,0.));
#14121=CARTESIAN_POINT('',(0.886841021174178,76.4455383861203,0.));
#14122=CARTESIAN_POINT('Origin',(0.886841021173473,76.1455383861208,0.));
#14123=CARTESIAN_POINT('Origin',(120.986841021174,76.4455383861191,0.));
#14124=CARTESIAN_POINT('',(120.986841021174,76.4455383861191,0.));
#14125=CARTESIAN_POINT('',(120.986841021174,76.4455383861191,0.));
#14126=CARTESIAN_POINT('',(120.986841021174,76.4455383861191,0.));
#14127=CARTESIAN_POINT('Origin',(120.986841021173,76.1455383861187,0.));
#14128=CARTESIAN_POINT('Origin',(120.986841021173,76.1455383861187,0.));
#14129=CARTESIAN_POINT('Origin',(60.8789400246884,38.3206629631654,0.));
#14130=CARTESIAN_POINT('',(0.,0.,0.));
#14131=CARTESIAN_POINT('Origin',(6.58686661422943,53.6989398177484,-2.13607498356664));
#14132=CARTESIAN_POINT('',(6.58686661422943,53.6989398177484,-2.23607498356664));
#14133=CARTESIAN_POINT('',(6.58686661422952,52.5172308315783,-2.23607498356665));
#14134=CARTESIAN_POINT('',(6.58686661422973,49.4569447702648,-2.23607498356667));
#14135=CARTESIAN_POINT('',(6.58686661422943,53.6989398177484,-2.13607498356664));
#14136=CARTESIAN_POINT('',(6.58686661422943,53.6989398177484,-2.13607498356664));
#14137=CARTESIAN_POINT('',(6.58686661422952,52.5172308315783,-2.13607498356665));
#14138=CARTESIAN_POINT('',(6.58686661422973,49.4569447702648,-2.13607498356668));
#14139=CARTESIAN_POINT('',(6.5868666142296,51.7172308315783,-1.33607498356664));
#14140=CARTESIAN_POINT('Origin',(6.5868666142296,52.5172308315783,-1.33607498356663));
#14141=CARTESIAN_POINT('',(6.58686661422964,51.7172308315783,-0.799999999999999));
#14142=CARTESIAN_POINT('',(6.58686661422973,51.7172308315783,0.467574016310943));
#14143=CARTESIAN_POINT('',(6.58686661422973,52.5172308315783,1.05432927207487E-14));
#14144=CARTESIAN_POINT('Origin',(6.58686661422973,52.5172308315783,-0.79999999999999));
#14145=CARTESIAN_POINT('',(6.58686661422973,52.5281677864533,1.05408642289244E-14));
#14146=CARTESIAN_POINT('',(6.58686661422973,52.5281677864533,1.05408642289244E-14));
#14147=CARTESIAN_POINT('',(6.58686661422973,52.5281677864533,0.100000000000011));
#14148=CARTESIAN_POINT('',(6.58686661422973,52.5281677864533,1.05408642289244E-14));
#14149=CARTESIAN_POINT('',(6.58686661422973,52.5172308315783,0.100000000000011));
#14150=CARTESIAN_POINT('',(6.58686661422973,52.5281677864533,0.100000000000011));
#14151=CARTESIAN_POINT('',(6.58686661422964,51.6172308315783,-0.799999999999999));
#14152=CARTESIAN_POINT('Origin',(6.58686661422964,52.5172308315783,-0.79999999999999));
#14153=CARTESIAN_POINT('',(6.5868666142296,51.6172308315783,-1.33607498356664));
#14154=CARTESIAN_POINT('',(6.58686661422973,51.6172308315783,0.467574016310943));
#14155=CARTESIAN_POINT('Origin',(6.58686661422951,52.5172308315783,-1.33607498356663));
#14156=CARTESIAN_POINT('Origin',(24.5790978853683,52.5172308315783,-1.33607498356663));
#14157=CARTESIAN_POINT('',(3.08686661422934,52.5172308315783,-2.13607498356665));
#14158=CARTESIAN_POINT('',(12.0350972808526,52.5172308315783,-2.13607498356665));
#14159=CARTESIAN_POINT('',(3.08686661422941,51.7172308315783,-1.33607498356664));
#14160=CARTESIAN_POINT('Origin',(3.08686661422934,52.5172308315783,-1.33607498356663));
#14161=CARTESIAN_POINT('',(12.0350972808526,51.7172308315783,-1.33607498356664));
#14162=CARTESIAN_POINT('Origin',(24.0701945617051,69.4760952860327,-2.23607498356651));
#14163=CARTESIAN_POINT('',(3.08686661422934,52.5172308315783,-2.23607498356665));
#14164=CARTESIAN_POINT('',(12.0350972808526,52.5172308315783,-2.23607498356666));
#14165=CARTESIAN_POINT('',(3.08686661422927,53.6989398177484,-2.23607498356664));
#14166=CARTESIAN_POINT('',(3.08686661422927,53.6989398177484,-2.23607498356664));
#14167=CARTESIAN_POINT('',(1.58686661422837,53.6989398177484,-2.23607498356664));
#14168=CARTESIAN_POINT('',(1.58686661422837,53.6989398177484,-2.23607498356664));
#14169=CARTESIAN_POINT('',(0.586866614228374,54.6989398177484,-2.23607498356663));
#14170=CARTESIAN_POINT('Origin',(1.58686661422837,54.6989398177484,-2.23607498356663));
#14171=CARTESIAN_POINT('',(0.586866614228376,73.3969468142596,-2.23607498356648));
#14172=CARTESIAN_POINT('',(0.586866614228376,73.3969468142596,-2.23607498356648));
#14173=CARTESIAN_POINT('',(1.58686661422837,74.3969468142596,-2.23607498356647));
#14174=CARTESIAN_POINT('Origin',(1.58686661422837,73.3969468142596,-2.23607498356648));
#14175=CARTESIAN_POINT('',(12.5368666142282,74.3969468142596,-2.23607498356647));
#14176=CARTESIAN_POINT('',(12.5368666142282,74.3969468142596,-2.23607498356647));
#14177=CARTESIAN_POINT('',(13.5368666142282,75.3969468142596,-2.23607498356646));
#14178=CARTESIAN_POINT('Origin',(12.5368666142282,75.3969468142596,-2.23607498356646));
#14179=CARTESIAN_POINT('',(13.536866614228,96.7569447702644,-2.23607498356627));
#14180=CARTESIAN_POINT('',(13.536866614228,96.7569447702644,-2.23607498356627));
#14181=CARTESIAN_POINT('',(13.736866614228,96.9569447702644,-2.23607498356627));
#14182=CARTESIAN_POINT('Origin',(13.736866614228,96.7569447702644,-2.23607498356627));
#14183=CARTESIAN_POINT('',(13.8868666142276,96.9569447702647,-2.23607498356627));
#14184=CARTESIAN_POINT('',(33.8368666142279,96.9569447702651,-2.23607498356627));
#14185=CARTESIAN_POINT('',(13.8868666142276,92.9569447702647,-2.2360749835663));
#14186=CARTESIAN_POINT('',(13.8868666142276,83.2165200281487,-2.23607498356639));
#14187=CARTESIAN_POINT('',(14.1868666142278,92.9569447702647,-2.2360749835663));
#14188=CARTESIAN_POINT('',(18.9785305879664,92.9569447702647,-2.2360749835663));
#14189=CARTESIAN_POINT('',(14.1868666142278,96.9569447702647,-2.23607498356627));
#14190=CARTESIAN_POINT('',(14.1868666142278,81.2165200281487,-2.23607498356641));
#14191=CARTESIAN_POINT('',(14.3868666142276,96.9569447702647,-2.23607498356627));
#14192=CARTESIAN_POINT('',(33.8368666142279,96.9569447702651,-2.23607498356627));
#14193=CARTESIAN_POINT('',(14.3868666142276,92.9569447702647,-2.2360749835663));
#14194=CARTESIAN_POINT('',(14.3868666142276,83.2165200281487,-2.23607498356639));
#14195=CARTESIAN_POINT('',(14.6868666142278,92.9569447702647,-2.2360749835663));
#14196=CARTESIAN_POINT('',(19.2285305879664,92.9569447702647,-2.2360749835663));
#14197=CARTESIAN_POINT('',(14.6868666142278,96.9569447702647,-2.23607498356627));
#14198=CARTESIAN_POINT('',(14.6868666142278,81.2165200281487,-2.23607498356641));
#14199=CARTESIAN_POINT('',(14.8868666142276,96.9569447702647,-2.23607498356627));
#14200=CARTESIAN_POINT('',(33.8368666142279,96.9569447702651,-2.23607498356627));
#14201=CARTESIAN_POINT('',(14.8868666142276,92.9569447702647,-2.2360749835663));
#14202=CARTESIAN_POINT('',(14.8868666142276,83.2165200281487,-2.23607498356639));
#14203=CARTESIAN_POINT('',(15.1868666142278,92.9569447702647,-2.2360749835663));
#14204=CARTESIAN_POINT('',(19.4785305879664,92.9569447702647,-2.2360749835663));
#14205=CARTESIAN_POINT('',(15.1868666142278,96.9569447702647,-2.23607498356627));
#14206=CARTESIAN_POINT('',(15.1868666142278,81.2165200281487,-2.23607498356641));
#14207=CARTESIAN_POINT('',(15.3868666142276,96.9569447702647,-2.23607498356627));
#14208=CARTESIAN_POINT('',(33.8368666142279,96.9569447702651,-2.23607498356627));
#14209=CARTESIAN_POINT('',(15.3868666142276,92.9569447702647,-2.2360749835663));
#14210=CARTESIAN_POINT('',(15.3868666142276,83.2165200281487,-2.23607498356639));
#14211=CARTESIAN_POINT('',(15.6868666142278,92.9569447702647,-2.2360749835663));
#14212=CARTESIAN_POINT('',(19.7285305879664,92.9569447702647,-2.2360749835663));
#14213=CARTESIAN_POINT('',(15.6868666142278,96.9569447702647,-2.23607498356627));
#14214=CARTESIAN_POINT('',(15.6868666142278,81.2165200281487,-2.23607498356641));
#14215=CARTESIAN_POINT('',(15.8868666142276,96.9569447702647,-2.23607498356627));
#14216=CARTESIAN_POINT('',(33.8368666142279,96.9569447702651,-2.23607498356627));
#14217=CARTESIAN_POINT('',(15.8868666142276,92.9569447702647,-2.2360749835663));
#14218=CARTESIAN_POINT('',(15.8868666142276,83.2165200281487,-2.23607498356639));
#14219=CARTESIAN_POINT('',(16.1868666142278,92.9569447702647,-2.2360749835663));
#14220=CARTESIAN_POINT('',(19.9785305879664,92.9569447702647,-2.2360749835663));
#14221=CARTESIAN_POINT('',(16.1868666142278,96.9569447702647,-2.23607498356627));
#14222=CARTESIAN_POINT('',(16.1868666142278,81.2165200281487,-2.23607498356641));
#14223=CARTESIAN_POINT('',(16.3868666142276,96.9569447702647,-2.23607498356627));
#14224=CARTESIAN_POINT('',(33.8368666142279,96.9569447702651,-2.23607498356627));
#14225=CARTESIAN_POINT('',(16.3868666142276,92.9569447702647,-2.2360749835663));
#14226=CARTESIAN_POINT('',(16.3868666142276,83.2165200281487,-2.23607498356639));
#14227=CARTESIAN_POINT('',(16.6868666142278,92.9569447702647,-2.2360749835663));
#14228=CARTESIAN_POINT('',(20.2285305879664,92.9569447702647,-2.2360749835663));
#14229=CARTESIAN_POINT('',(16.6868666142278,96.9569447702647,-2.23607498356627));
#14230=CARTESIAN_POINT('',(16.6868666142278,81.2165200281487,-2.23607498356641));
#14231=CARTESIAN_POINT('',(16.8868666142276,96.9569447702647,-2.23607498356627));
#14232=CARTESIAN_POINT('',(33.8368666142279,96.9569447702651,-2.23607498356627));
#14233=CARTESIAN_POINT('',(16.8868666142276,92.9569447702647,-2.2360749835663));
#14234=CARTESIAN_POINT('',(16.8868666142276,83.2165200281487,-2.23607498356639));
#14235=CARTESIAN_POINT('',(17.1868666142278,92.9569447702647,-2.2360749835663));
#14236=CARTESIAN_POINT('',(20.4785305879664,92.9569447702647,-2.2360749835663));
#14237=CARTESIAN_POINT('',(17.1868666142278,96.9569447702647,-2.23607498356627));
#14238=CARTESIAN_POINT('',(17.1868666142278,81.2165200281487,-2.23607498356641));
#14239=CARTESIAN_POINT('',(17.3868666142276,96.9569447702647,-2.23607498356627));
#14240=CARTESIAN_POINT('',(33.8368666142279,96.9569447702651,-2.23607498356627));
#14241=CARTESIAN_POINT('',(17.3868666142276,92.9569447702647,-2.2360749835663));
#14242=CARTESIAN_POINT('',(17.3868666142276,83.2165200281487,-2.23607498356639));
#14243=CARTESIAN_POINT('',(17.6868666142278,92.9569447702647,-2.2360749835663));
#14244=CARTESIAN_POINT('',(20.7285305879664,92.9569447702647,-2.2360749835663));
#14245=CARTESIAN_POINT('',(17.6868666142278,96.9569447702647,-2.23607498356627));
#14246=CARTESIAN_POINT('',(17.6868666142278,81.2165200281487,-2.23607498356641));
#14247=CARTESIAN_POINT('',(17.8868666142276,96.9569447702647,-2.23607498356627));
#14248=CARTESIAN_POINT('',(33.8368666142279,96.9569447702651,-2.23607498356627));
#14249=CARTESIAN_POINT('',(17.8868666142276,92.9569447702647,-2.2360749835663));
#14250=CARTESIAN_POINT('',(17.8868666142276,83.2165200281487,-2.23607498356639));
#14251=CARTESIAN_POINT('',(18.1868666142278,92.9569447702647,-2.2360749835663));
#14252=CARTESIAN_POINT('',(20.9785305879664,92.9569447702647,-2.2360749835663));
#14253=CARTESIAN_POINT('',(18.1868666142278,96.9569447702647,-2.23607498356627));
#14254=CARTESIAN_POINT('',(18.1868666142278,81.2165200281487,-2.23607498356641));
#14255=CARTESIAN_POINT('',(18.3868666142276,96.9569447702647,-2.23607498356627));
#14256=CARTESIAN_POINT('',(33.8368666142279,96.9569447702651,-2.23607498356627));
#14257=CARTESIAN_POINT('',(18.3868666142276,92.9569447702647,-2.2360749835663));
#14258=CARTESIAN_POINT('',(18.3868666142276,83.2165200281487,-2.23607498356639));
#14259=CARTESIAN_POINT('',(18.6868666142278,92.9569447702647,-2.2360749835663));
#14260=CARTESIAN_POINT('',(21.2285305879664,92.9569447702647,-2.2360749835663));
#14261=CARTESIAN_POINT('',(18.6868666142278,96.9569447702647,-2.23607498356627));
#14262=CARTESIAN_POINT('',(18.6868666142278,81.2165200281487,-2.23607498356641));
#14263=CARTESIAN_POINT('',(18.8868666142276,96.9569447702647,-2.23607498356627));
#14264=CARTESIAN_POINT('',(33.8368666142279,96.9569447702651,-2.23607498356627));
#14265=CARTESIAN_POINT('',(18.8868666142276,92.9569447702647,-2.2360749835663));
#14266=CARTESIAN_POINT('',(18.8868666142276,83.2165200281487,-2.23607498356639));
#14267=CARTESIAN_POINT('',(19.1868666142278,92.9569447702647,-2.2360749835663));
#14268=CARTESIAN_POINT('',(21.4785305879664,92.9569447702647,-2.2360749835663));
#14269=CARTESIAN_POINT('',(19.1868666142278,96.9569447702647,-2.23607498356627));
#14270=CARTESIAN_POINT('',(19.1868666142278,81.2165200281487,-2.23607498356641));
#14271=CARTESIAN_POINT('',(19.3868666142276,96.9569447702647,-2.23607498356627));
#14272=CARTESIAN_POINT('',(33.8368666142279,96.9569447702651,-2.23607498356627));
#14273=CARTESIAN_POINT('',(19.3868666142276,92.9569447702647,-2.2360749835663));
#14274=CARTESIAN_POINT('',(19.3868666142276,83.2165200281487,-2.23607498356639));
#14275=CARTESIAN_POINT('',(19.6868666142278,92.9569447702647,-2.2360749835663));
#14276=CARTESIAN_POINT('',(21.7285305879664,92.9569447702647,-2.2360749835663));
#14277=CARTESIAN_POINT('',(19.6868666142278,96.9569447702647,-2.23607498356627));
#14278=CARTESIAN_POINT('',(19.6868666142278,81.2165200281487,-2.23607498356641));
#14279=CARTESIAN_POINT('',(19.8868666142276,96.9569447702647,-2.23607498356627));
#14280=CARTESIAN_POINT('',(33.8368666142279,96.9569447702651,-2.23607498356627));
#14281=CARTESIAN_POINT('',(19.8868666142276,92.9569447702647,-2.2360749835663));
#14282=CARTESIAN_POINT('',(19.8868666142276,83.2165200281487,-2.23607498356639));
#14283=CARTESIAN_POINT('',(20.1868666142278,92.9569447702647,-2.2360749835663));
#14284=CARTESIAN_POINT('',(21.9785305879664,92.9569447702647,-2.2360749835663));
#14285=CARTESIAN_POINT('',(20.1868666142278,96.9569447702647,-2.23607498356627));
#14286=CARTESIAN_POINT('',(20.1868666142278,81.2165200281487,-2.23607498356641));
#14287=CARTESIAN_POINT('',(20.3868666142276,96.9569447702647,-2.23607498356627));
#14288=CARTESIAN_POINT('',(33.8368666142279,96.9569447702651,-2.23607498356627));
#14289=CARTESIAN_POINT('',(20.3868666142276,92.9569447702647,-2.2360749835663));
#14290=CARTESIAN_POINT('',(20.3868666142276,83.2165200281487,-2.23607498356639));
#14291=CARTESIAN_POINT('',(20.6868666142278,92.9569447702647,-2.2360749835663));
#14292=CARTESIAN_POINT('',(22.2285305879664,92.9569447702647,-2.2360749835663));
#14293=CARTESIAN_POINT('',(20.6868666142278,96.9569447702647,-2.23607498356627));
#14294=CARTESIAN_POINT('',(20.6868666142278,81.2165200281487,-2.23607498356641));
#14295=CARTESIAN_POINT('',(20.8868666142276,96.9569447702647,-2.23607498356627));
#14296=CARTESIAN_POINT('',(33.8368666142279,96.9569447702651,-2.23607498356627));
#14297=CARTESIAN_POINT('',(20.8868666142276,92.9569447702647,-2.2360749835663));
#14298=CARTESIAN_POINT('',(20.8868666142276,83.2165200281487,-2.23607498356639));
#14299=CARTESIAN_POINT('',(21.1868666142278,92.9569447702647,-2.2360749835663));
#14300=CARTESIAN_POINT('',(22.4785305879664,92.9569447702647,-2.2360749835663));
#14301=CARTESIAN_POINT('',(21.1868666142278,96.9569447702647,-2.23607498356627));
#14302=CARTESIAN_POINT('',(21.1868666142278,81.2165200281487,-2.23607498356641));
#14303=CARTESIAN_POINT('',(21.3868666142276,96.9569447702647,-2.23607498356627));
#14304=CARTESIAN_POINT('',(33.8368666142279,96.9569447702651,-2.23607498356627));
#14305=CARTESIAN_POINT('',(21.3868666142276,92.9569447702647,-2.2360749835663));
#14306=CARTESIAN_POINT('',(21.3868666142276,83.2165200281487,-2.23607498356639));
#14307=CARTESIAN_POINT('',(21.6868666142278,92.9569447702647,-2.2360749835663));
#14308=CARTESIAN_POINT('',(22.7285305879664,92.9569447702647,-2.2360749835663));
#14309=CARTESIAN_POINT('',(21.6868666142278,96.9569447702647,-2.23607498356627));
#14310=CARTESIAN_POINT('',(21.6868666142278,81.2165200281487,-2.23607498356641));
#14311=CARTESIAN_POINT('',(21.8868666142276,96.9569447702647,-2.23607498356627));
#14312=CARTESIAN_POINT('',(33.8368666142279,96.9569447702651,-2.23607498356627));
#14313=CARTESIAN_POINT('',(21.8868666142276,92.9569447702647,-2.2360749835663));
#14314=CARTESIAN_POINT('',(21.8868666142276,83.2165200281487,-2.23607498356639));
#14315=CARTESIAN_POINT('',(22.1868666142278,92.9569447702647,-2.2360749835663));
#14316=CARTESIAN_POINT('',(22.9785305879664,92.9569447702647,-2.2360749835663));
#14317=CARTESIAN_POINT('',(22.1868666142278,96.9569447702647,-2.23607498356627));
#14318=CARTESIAN_POINT('',(22.1868666142278,81.2165200281487,-2.23607498356641));
#14319=CARTESIAN_POINT('',(22.3868666142276,96.9569447702647,-2.23607498356627));
#14320=CARTESIAN_POINT('',(33.8368666142279,96.9569447702651,-2.23607498356627));
#14321=CARTESIAN_POINT('',(22.3868666142276,92.9569447702647,-2.2360749835663));
#14322=CARTESIAN_POINT('',(22.3868666142276,83.2165200281487,-2.23607498356639));
#14323=CARTESIAN_POINT('',(22.6868666142278,92.9569447702647,-2.2360749835663));
#14324=CARTESIAN_POINT('',(23.2285305879664,92.9569447702647,-2.2360749835663));
#14325=CARTESIAN_POINT('',(22.6868666142278,96.9569447702647,-2.23607498356627));
#14326=CARTESIAN_POINT('',(22.6868666142278,81.2165200281487,-2.23607498356641));
#14327=CARTESIAN_POINT('',(22.8868666142276,96.9569447702647,-2.23607498356627));
#14328=CARTESIAN_POINT('',(33.8368666142279,96.9569447702651,-2.23607498356627));
#14329=CARTESIAN_POINT('',(22.8868666142276,92.9569447702647,-2.2360749835663));
#14330=CARTESIAN_POINT('',(22.8868666142276,83.2165200281487,-2.23607498356639));
#14331=CARTESIAN_POINT('',(23.1868666142278,92.9569447702647,-2.2360749835663));
#14332=CARTESIAN_POINT('',(23.4785305879664,92.9569447702647,-2.2360749835663));
#14333=CARTESIAN_POINT('',(23.1868666142278,96.9569447702647,-2.23607498356627));
#14334=CARTESIAN_POINT('',(23.1868666142278,81.2165200281487,-2.23607498356641));
#14335=CARTESIAN_POINT('',(23.3868666142276,96.9569447702647,-2.23607498356627));
#14336=CARTESIAN_POINT('',(33.8368666142279,96.9569447702651,-2.23607498356627));
#14337=CARTESIAN_POINT('',(23.3868666142276,92.9569447702647,-2.2360749835663));
#14338=CARTESIAN_POINT('',(23.3868666142276,83.2165200281487,-2.23607498356639));
#14339=CARTESIAN_POINT('',(23.6868666142278,92.9569447702647,-2.2360749835663));
#14340=CARTESIAN_POINT('',(23.7285305879664,92.9569447702647,-2.2360749835663));
#14341=CARTESIAN_POINT('',(23.6868666142278,96.9569447702647,-2.23607498356627));
#14342=CARTESIAN_POINT('',(23.6868666142278,81.2165200281487,-2.23607498356641));
#14343=CARTESIAN_POINT('',(23.8868666142276,96.9569447702647,-2.23607498356627));
#14344=CARTESIAN_POINT('',(33.8368666142279,96.9569447702651,-2.23607498356627));
#14345=CARTESIAN_POINT('',(23.8868666142276,92.9569447702647,-2.2360749835663));
#14346=CARTESIAN_POINT('',(23.8868666142276,83.2165200281487,-2.23607498356639));
#14347=CARTESIAN_POINT('',(24.1868666142278,92.9569447702647,-2.2360749835663));
#14348=CARTESIAN_POINT('',(23.9785305879664,92.9569447702647,-2.2360749835663));
#14349=CARTESIAN_POINT('',(24.1868666142278,96.9569447702647,-2.23607498356627));
#14350=CARTESIAN_POINT('',(24.1868666142278,81.2165200281487,-2.23607498356641));
#14351=CARTESIAN_POINT('',(24.3868666142276,96.9569447702647,-2.23607498356627));
#14352=CARTESIAN_POINT('',(33.8368666142279,96.9569447702651,-2.23607498356627));
#14353=CARTESIAN_POINT('',(24.3868666142276,92.9569447702647,-2.2360749835663));
#14354=CARTESIAN_POINT('',(24.3868666142276,83.2165200281487,-2.23607498356639));
#14355=CARTESIAN_POINT('',(24.6868666142278,92.9569447702647,-2.2360749835663));
#14356=CARTESIAN_POINT('',(24.2285305879664,92.9569447702647,-2.2360749835663));
#14357=CARTESIAN_POINT('',(24.6868666142278,96.9569447702647,-2.23607498356627));
#14358=CARTESIAN_POINT('',(24.6868666142278,81.2165200281487,-2.23607498356641));
#14359=CARTESIAN_POINT('',(24.8868666142276,96.9569447702647,-2.23607498356627));
#14360=CARTESIAN_POINT('',(33.8368666142279,96.9569447702651,-2.23607498356627));
#14361=CARTESIAN_POINT('',(24.8868666142276,92.9569447702647,-2.2360749835663));
#14362=CARTESIAN_POINT('',(24.8868666142276,83.2165200281487,-2.23607498356639));
#14363=CARTESIAN_POINT('',(25.1868666142278,92.9569447702647,-2.2360749835663));
#14364=CARTESIAN_POINT('',(24.4785305879664,92.9569447702647,-2.2360749835663));
#14365=CARTESIAN_POINT('',(25.1868666142278,96.9569447702647,-2.23607498356627));
#14366=CARTESIAN_POINT('',(25.1868666142278,81.2165200281487,-2.23607498356641));
#14367=CARTESIAN_POINT('',(25.3868666142276,96.9569447702647,-2.23607498356627));
#14368=CARTESIAN_POINT('',(33.8368666142279,96.9569447702651,-2.23607498356627));
#14369=CARTESIAN_POINT('',(25.3868666142276,92.9569447702647,-2.2360749835663));
#14370=CARTESIAN_POINT('',(25.3868666142276,83.2165200281487,-2.23607498356639));
#14371=CARTESIAN_POINT('',(25.6868666142278,92.9569447702647,-2.2360749835663));
#14372=CARTESIAN_POINT('',(24.7285305879664,92.9569447702647,-2.2360749835663));
#14373=CARTESIAN_POINT('',(25.6868666142278,96.9569447702647,-2.23607498356627));
#14374=CARTESIAN_POINT('',(25.6868666142278,81.2165200281487,-2.23607498356641));
#14375=CARTESIAN_POINT('',(25.8868666142276,96.9569447702647,-2.23607498356627));
#14376=CARTESIAN_POINT('',(33.8368666142279,96.9569447702651,-2.23607498356627));
#14377=CARTESIAN_POINT('',(25.8868666142276,92.9569447702647,-2.2360749835663));
#14378=CARTESIAN_POINT('',(25.8868666142276,83.2165200281487,-2.23607498356639));
#14379=CARTESIAN_POINT('',(26.1868666142278,92.9569447702647,-2.2360749835663));
#14380=CARTESIAN_POINT('',(24.9785305879664,92.9569447702647,-2.2360749835663));
#14381=CARTESIAN_POINT('',(26.1868666142278,96.9569447702647,-2.23607498356627));
#14382=CARTESIAN_POINT('',(26.1868666142278,81.2165200281487,-2.23607498356641));
#14383=CARTESIAN_POINT('',(26.3868666142276,96.9569447702647,-2.23607498356627));
#14384=CARTESIAN_POINT('',(33.8368666142279,96.9569447702651,-2.23607498356627));
#14385=CARTESIAN_POINT('',(26.3868666142276,92.9569447702647,-2.2360749835663));
#14386=CARTESIAN_POINT('',(26.3868666142276,83.2165200281487,-2.23607498356639));
#14387=CARTESIAN_POINT('',(26.6868666142278,92.9569447702647,-2.2360749835663));
#14388=CARTESIAN_POINT('',(25.2285305879664,92.9569447702647,-2.2360749835663));
#14389=CARTESIAN_POINT('',(26.6868666142278,96.9569447702647,-2.23607498356627));
#14390=CARTESIAN_POINT('',(26.6868666142278,81.2165200281487,-2.23607498356641));
#14391=CARTESIAN_POINT('',(26.8868666142276,96.9569447702647,-2.23607498356627));
#14392=CARTESIAN_POINT('',(33.8368666142279,96.9569447702651,-2.23607498356627));
#14393=CARTESIAN_POINT('',(26.8868666142276,92.9569447702647,-2.2360749835663));
#14394=CARTESIAN_POINT('',(26.8868666142276,83.2165200281487,-2.23607498356639));
#14395=CARTESIAN_POINT('',(27.1868666142278,92.9569447702647,-2.2360749835663));
#14396=CARTESIAN_POINT('',(25.4785305879664,92.9569447702647,-2.2360749835663));
#14397=CARTESIAN_POINT('',(27.1868666142278,96.9569447702647,-2.23607498356627));
#14398=CARTESIAN_POINT('',(27.1868666142278,81.2165200281487,-2.23607498356641));
#14399=CARTESIAN_POINT('',(27.3868666142276,96.9569447702647,-2.23607498356627));
#14400=CARTESIAN_POINT('',(33.8368666142279,96.9569447702651,-2.23607498356627));
#14401=CARTESIAN_POINT('',(27.3868666142276,92.9569447702647,-2.2360749835663));
#14402=CARTESIAN_POINT('',(27.3868666142276,83.2165200281487,-2.23607498356639));
#14403=CARTESIAN_POINT('',(27.6868666142278,92.9569447702647,-2.2360749835663));
#14404=CARTESIAN_POINT('',(25.7285305879664,92.9569447702647,-2.2360749835663));
#14405=CARTESIAN_POINT('',(27.6868666142278,96.9569447702647,-2.23607498356627));
#14406=CARTESIAN_POINT('',(27.6868666142278,81.2165200281487,-2.23607498356641));
#14407=CARTESIAN_POINT('',(27.8868666142276,96.9569447702647,-2.23607498356627));
#14408=CARTESIAN_POINT('',(33.8368666142279,96.9569447702651,-2.23607498356627));
#14409=CARTESIAN_POINT('',(27.8868666142276,92.9569447702647,-2.2360749835663));
#14410=CARTESIAN_POINT('',(27.8868666142276,83.2165200281487,-2.23607498356639));
#14411=CARTESIAN_POINT('',(28.1868666142278,92.9569447702647,-2.2360749835663));
#14412=CARTESIAN_POINT('',(25.9785305879664,92.9569447702647,-2.2360749835663));
#14413=CARTESIAN_POINT('',(28.1868666142278,96.9569447702647,-2.23607498356627));
#14414=CARTESIAN_POINT('',(28.1868666142278,81.2165200281487,-2.23607498356641));
#14415=CARTESIAN_POINT('',(28.3868666142276,96.9569447702647,-2.23607498356627));
#14416=CARTESIAN_POINT('',(33.8368666142279,96.9569447702651,-2.23607498356627));
#14417=CARTESIAN_POINT('',(28.3868666142276,92.9569447702647,-2.2360749835663));
#14418=CARTESIAN_POINT('',(28.3868666142276,83.2165200281487,-2.23607498356639));
#14419=CARTESIAN_POINT('',(28.6868666142278,92.9569447702647,-2.2360749835663));
#14420=CARTESIAN_POINT('',(26.2285305879664,92.9569447702647,-2.2360749835663));
#14421=CARTESIAN_POINT('',(28.6868666142278,96.9569447702647,-2.23607498356627));
#14422=CARTESIAN_POINT('',(28.6868666142278,81.2165200281487,-2.23607498356641));
#14423=CARTESIAN_POINT('',(28.8868666142276,96.9569447702647,-2.23607498356627));
#14424=CARTESIAN_POINT('',(33.8368666142279,96.9569447702651,-2.23607498356627));
#14425=CARTESIAN_POINT('',(28.8868666142276,92.9569447702647,-2.2360749835663));
#14426=CARTESIAN_POINT('',(28.8868666142276,83.2165200281487,-2.23607498356639));
#14427=CARTESIAN_POINT('',(29.1868666142278,92.9569447702647,-2.2360749835663));
#14428=CARTESIAN_POINT('',(26.4785305879664,92.9569447702647,-2.2360749835663));
#14429=CARTESIAN_POINT('',(29.1868666142278,96.9569447702647,-2.23607498356627));
#14430=CARTESIAN_POINT('',(29.1868666142278,81.2165200281487,-2.23607498356641));
#14431=CARTESIAN_POINT('',(29.3868666142276,96.9569447702647,-2.23607498356627));
#14432=CARTESIAN_POINT('',(33.8368666142279,96.9569447702651,-2.23607498356627));
#14433=CARTESIAN_POINT('',(29.3868666142276,92.9569447702647,-2.2360749835663));
#14434=CARTESIAN_POINT('',(29.3868666142276,83.2165200281487,-2.23607498356639));
#14435=CARTESIAN_POINT('',(29.6868666142278,92.9569447702647,-2.2360749835663));
#14436=CARTESIAN_POINT('',(26.7285305879664,92.9569447702647,-2.2360749835663));
#14437=CARTESIAN_POINT('',(29.6868666142278,96.9569447702647,-2.23607498356627));
#14438=CARTESIAN_POINT('',(29.6868666142278,81.2165200281487,-2.23607498356641));
#14439=CARTESIAN_POINT('',(29.8868666142276,96.9569447702647,-2.23607498356627));
#14440=CARTESIAN_POINT('',(33.8368666142279,96.9569447702651,-2.23607498356627));
#14441=CARTESIAN_POINT('',(29.8868666142276,92.9569447702647,-2.2360749835663));
#14442=CARTESIAN_POINT('',(29.8868666142276,83.2165200281487,-2.23607498356639));
#14443=CARTESIAN_POINT('',(30.1868666142278,92.9569447702647,-2.2360749835663));
#14444=CARTESIAN_POINT('',(26.9785305879664,92.9569447702647,-2.2360749835663));
#14445=CARTESIAN_POINT('',(30.1868666142278,96.9569447702647,-2.23607498356627));
#14446=CARTESIAN_POINT('',(30.1868666142278,81.2165200281487,-2.23607498356641));
#14447=CARTESIAN_POINT('',(30.3868666142276,96.9569447702647,-2.23607498356627));
#14448=CARTESIAN_POINT('',(33.8368666142279,96.9569447702651,-2.23607498356627));
#14449=CARTESIAN_POINT('',(30.3868666142276,92.9569447702647,-2.2360749835663));
#14450=CARTESIAN_POINT('',(30.3868666142276,83.2165200281487,-2.23607498356639));
#14451=CARTESIAN_POINT('',(30.6868666142278,92.9569447702647,-2.2360749835663));
#14452=CARTESIAN_POINT('',(27.2285305879664,92.9569447702647,-2.2360749835663));
#14453=CARTESIAN_POINT('',(30.6868666142278,96.9569447702647,-2.23607498356627));
#14454=CARTESIAN_POINT('',(30.6868666142278,81.2165200281487,-2.23607498356641));
#14455=CARTESIAN_POINT('',(30.8868666142276,96.9569447702647,-2.23607498356627));
#14456=CARTESIAN_POINT('',(33.8368666142279,96.9569447702651,-2.23607498356627));
#14457=CARTESIAN_POINT('',(30.8868666142276,92.9569447702647,-2.2360749835663));
#14458=CARTESIAN_POINT('',(30.8868666142276,83.2165200281487,-2.23607498356639));
#14459=CARTESIAN_POINT('',(31.1868666142278,92.9569447702647,-2.2360749835663));
#14460=CARTESIAN_POINT('',(27.4785305879664,92.9569447702647,-2.2360749835663));
#14461=CARTESIAN_POINT('',(31.1868666142278,96.9569447702647,-2.23607498356627));
#14462=CARTESIAN_POINT('',(31.1868666142278,81.2165200281487,-2.23607498356641));
#14463=CARTESIAN_POINT('',(31.3868666142276,96.9569447702647,-2.23607498356627));
#14464=CARTESIAN_POINT('',(33.8368666142279,96.9569447702651,-2.23607498356627));
#14465=CARTESIAN_POINT('',(31.3868666142276,92.9569447702647,-2.2360749835663));
#14466=CARTESIAN_POINT('',(31.3868666142276,83.2165200281487,-2.23607498356639));
#14467=CARTESIAN_POINT('',(31.6868666142278,92.9569447702647,-2.2360749835663));
#14468=CARTESIAN_POINT('',(27.7285305879664,92.9569447702647,-2.2360749835663));
#14469=CARTESIAN_POINT('',(31.6868666142278,96.9569447702647,-2.23607498356627));
#14470=CARTESIAN_POINT('',(31.6868666142278,81.2165200281487,-2.23607498356641));
#14471=CARTESIAN_POINT('',(31.8868666142276,96.9569447702647,-2.23607498356627));
#14472=CARTESIAN_POINT('',(33.8368666142279,96.9569447702651,-2.23607498356627));
#14473=CARTESIAN_POINT('',(31.8868666142276,92.9569447702647,-2.2360749835663));
#14474=CARTESIAN_POINT('',(31.8868666142276,83.2165200281487,-2.23607498356639));
#14475=CARTESIAN_POINT('',(32.1868666142278,92.9569447702647,-2.2360749835663));
#14476=CARTESIAN_POINT('',(27.9785305879664,92.9569447702647,-2.2360749835663));
#14477=CARTESIAN_POINT('',(32.1868666142278,96.9569447702647,-2.23607498356627));
#14478=CARTESIAN_POINT('',(32.1868666142278,81.2165200281487,-2.23607498356641));
#14479=CARTESIAN_POINT('',(32.3868666142276,96.9569447702647,-2.23607498356627));
#14480=CARTESIAN_POINT('',(33.8368666142279,96.9569447702651,-2.23607498356627));
#14481=CARTESIAN_POINT('',(32.3868666142276,92.9569447702647,-2.2360749835663));
#14482=CARTESIAN_POINT('',(32.3868666142276,83.2165200281487,-2.23607498356639));
#14483=CARTESIAN_POINT('',(32.6868666142278,92.9569447702647,-2.2360749835663));
#14484=CARTESIAN_POINT('',(28.2285305879664,92.9569447702647,-2.2360749835663));
#14485=CARTESIAN_POINT('',(32.6868666142278,96.9569447702647,-2.23607498356627));
#14486=CARTESIAN_POINT('',(32.6868666142278,81.2165200281487,-2.23607498356641));
#14487=CARTESIAN_POINT('',(32.8868666142276,96.9569447702647,-2.23607498356627));
#14488=CARTESIAN_POINT('',(33.8368666142279,96.9569447702651,-2.23607498356627));
#14489=CARTESIAN_POINT('',(32.8868666142276,92.9569447702647,-2.2360749835663));
#14490=CARTESIAN_POINT('',(32.8868666142276,83.2165200281487,-2.23607498356639));
#14491=CARTESIAN_POINT('',(33.1868666142278,92.9569447702647,-2.2360749835663));
#14492=CARTESIAN_POINT('',(28.4785305879664,92.9569447702647,-2.2360749835663));
#14493=CARTESIAN_POINT('',(33.1868666142278,96.9569447702647,-2.23607498356627));
#14494=CARTESIAN_POINT('',(33.1868666142278,81.2165200281487,-2.23607498356641));
#14495=CARTESIAN_POINT('',(33.3868666142276,96.9569447702647,-2.23607498356627));
#14496=CARTESIAN_POINT('',(33.8368666142279,96.9569447702651,-2.23607498356627));
#14497=CARTESIAN_POINT('',(33.3868666142276,92.9569447702647,-2.2360749835663));
#14498=CARTESIAN_POINT('',(33.3868666142276,83.2165200281487,-2.23607498356639));
#14499=CARTESIAN_POINT('',(33.6868666142278,92.9569447702647,-2.2360749835663));
#14500=CARTESIAN_POINT('',(28.7285305879664,92.9569447702647,-2.2360749835663));
#14501=CARTESIAN_POINT('',(33.6868666142278,96.9569447702647,-2.23607498356627));
#14502=CARTESIAN_POINT('',(33.6868666142278,81.2165200281487,-2.23607498356641));
#14503=CARTESIAN_POINT('',(33.8368666142279,96.9569447702651,-2.23607498356627));
#14504=CARTESIAN_POINT('',(33.8368666142279,96.9569447702651,-2.23607498356627));
#14505=CARTESIAN_POINT('',(34.0368666142282,96.7569447702644,-2.23607498356627));
#14506=CARTESIAN_POINT('Origin',(33.8368666142275,96.7569447702644,-2.23607498356627));
#14507=CARTESIAN_POINT('',(34.0368666142282,75.3969468142596,-2.23607498356646));
#14508=CARTESIAN_POINT('',(34.0368666142282,75.3969468142596,-2.23607498356646));
#14509=CARTESIAN_POINT('',(35.0368666142282,74.3969468142595,-2.23607498356647));
#14510=CARTESIAN_POINT('Origin',(35.0368666142282,75.3969468142595,-2.23607498356646));
#14511=CARTESIAN_POINT('',(47.5805066142285,74.3969468142595,-2.23607498356648));
#14512=CARTESIAN_POINT('',(47.5805066142285,74.3969468142595,-2.23607498356648));
#14513=CARTESIAN_POINT('',(48.5805066142285,73.3969468142596,-2.23607498356649));
#14514=CARTESIAN_POINT('Origin',(47.5805066142285,73.3969468142596,-2.23607498356649));
#14515=CARTESIAN_POINT('',(48.5805066142289,52.5172308315783,-2.23607498356666));
#14516=CARTESIAN_POINT('',(48.580506614229,49.4569447702647,-2.23607498356668));
#14517=CARTESIAN_POINT('',(19.4968666142287,52.5172308315783,-2.23607498356666));
#14518=CARTESIAN_POINT('',(12.0350972808526,52.5172308315783,-2.23607498356666));
#14519=CARTESIAN_POINT('',(19.4968666142287,53.1989398177484,-2.23607498356665));
#14520=CARTESIAN_POINT('',(19.4968666142287,53.1989398177484,-2.23607498356665));
#14521=CARTESIAN_POINT('',(18.9968666142287,53.6989398177484,-2.23607498356664));
#14522=CARTESIAN_POINT('Origin',(18.9968666142287,53.1989398177484,-2.23607498356665));
#14523=CARTESIAN_POINT('',(6.58686661422943,53.6989398177484,-2.23607498356664));
#14524=CARTESIAN_POINT('',(12.4253946142291,72.0064748142595,-2.23607498356649));
#14525=CARTESIAN_POINT('',(12.4253946142291,56.0699948142592,-2.23607498356662));
#14526=CARTESIAN_POINT('',(12.4253946142291,62.7730450501459,-2.23607498356656));
#14527=CARTESIAN_POINT('',(33.0289866142285,56.0699948142592,-2.23607498356662));
#14528=CARTESIAN_POINT('',(28.5495905879668,56.0699948142592,-2.23607498356662));
#14529=CARTESIAN_POINT('',(33.0289866142285,72.0064748142595,-2.23607498356649));
#14530=CARTESIAN_POINT('',(33.0289866142285,70.7412850501461,-2.2360749835665));
#14531=CARTESIAN_POINT('',(18.2477945879671,72.0064748142595,-2.23607498356649));
#14532=CARTESIAN_POINT('Origin',(19.4968666142287,49.4569447702648,-2.13607498356668));
#14533=CARTESIAN_POINT('',(19.4968666142287,53.1989398177484,-2.13607498356664));
#14534=CARTESIAN_POINT('',(19.4968666142287,52.5172308315783,-2.13607498356665));
#14535=CARTESIAN_POINT('',(19.4968666142287,53.1989398177484,-2.13607498356664));
#14536=CARTESIAN_POINT('',(19.4968666142287,53.1989398177484,-2.13607498356664));
#14537=CARTESIAN_POINT('',(19.4968666142287,51.6172308315783,-1.33607498356665));
#14538=CARTESIAN_POINT('Origin',(19.4968666142287,52.5172308315783,-1.33607498356664));
#14539=CARTESIAN_POINT('',(19.4968666142287,51.6172308315783,-0.80000000000001));
#14540=CARTESIAN_POINT('',(19.4968666142287,51.6172308315783,-3.27442103117268));
#14541=CARTESIAN_POINT('',(19.4968666142287,52.5172308315783,0.0999999999999995));
#14542=CARTESIAN_POINT('Origin',(19.4968666142287,52.5172308315783,-0.800000000000001));
#14543=CARTESIAN_POINT('',(19.4968666142287,52.5281677864533,0.0999999999999995));
#14544=CARTESIAN_POINT('',(19.4968666142287,48.7861727389697,0.0999999999999995));
#14545=CARTESIAN_POINT('',(19.4968666142287,52.5281677864533,-5.55111512312578E-16));
#14546=CARTESIAN_POINT('',(19.4968666142287,52.5281677864533,-5.55111512312578E-16));
#14547=CARTESIAN_POINT('',(19.4968666142287,52.5172308315783,-5.55111512312578E-16));
#14548=CARTESIAN_POINT('',(19.4968666142287,48.7861727389697,-5.55111512312578E-16));
#14549=CARTESIAN_POINT('',(19.4968666142287,51.7172308315783,-0.80000000000001));
#14550=CARTESIAN_POINT('Origin',(19.4968666142287,52.5172308315783,-0.800000000000001));
#14551=CARTESIAN_POINT('',(19.4968666142287,51.7172308315783,-1.33607498356665));
#14552=CARTESIAN_POINT('',(19.4968666142287,51.7172308315783,-3.27442103117268));
#14553=CARTESIAN_POINT('Origin',(19.4968666142287,52.5172308315783,-1.33607498356664));
#14554=CARTESIAN_POINT('Origin',(24.5790978853683,52.5172308315783,-1.33607498356664));
#14555=CARTESIAN_POINT('',(48.5805066142289,51.6172308315783,-1.33607498356665));
#14556=CARTESIAN_POINT('Origin',(48.5805066142289,52.5172308315783,-1.33607498356664));
#14557=CARTESIAN_POINT('',(12.0350972808526,51.6172308315783,-1.33607498356665));
#14558=CARTESIAN_POINT('Origin',(24.0701945617051,69.4760952860327,-2.13607498356651));
#14559=CARTESIAN_POINT('',(18.9968666142287,53.6989398177484,-2.13607498356664));
#14560=CARTESIAN_POINT('',(6.58686661422943,53.6989398177484,-2.13607498356664));
#14561=CARTESIAN_POINT('Origin',(18.9968666142287,53.1989398177484,-2.13607498356664));
#14562=CARTESIAN_POINT('',(48.5805066142289,52.5172308315783,-2.13607498356666));
#14563=CARTESIAN_POINT('',(12.0350972808526,52.5172308315783,-2.13607498356665));
#14564=CARTESIAN_POINT('',(48.5805066142285,73.3969468142596,-2.13607498356648));
#14565=CARTESIAN_POINT('',(48.580506614229,49.4569447702647,-2.13607498356668));
#14566=CARTESIAN_POINT('',(47.5805066142285,74.3969468142595,-2.13607498356647));
#14567=CARTESIAN_POINT('Origin',(47.5805066142285,73.3969468142596,-2.13607498356648));
#14568=CARTESIAN_POINT('',(35.0368666142282,74.3969468142595,-2.13607498356646));
#14569=CARTESIAN_POINT('',(47.5805066142285,74.3969468142595,-2.13607498356647));
#14570=CARTESIAN_POINT('',(34.0368666142282,75.3969468142596,-2.13607498356645));
#14571=CARTESIAN_POINT('Origin',(35.0368666142282,75.3969468142595,-2.13607498356645));
#14572=CARTESIAN_POINT('',(34.0368666142282,91.9569447702644,-2.13607498356631));
#14573=CARTESIAN_POINT('',(34.0368666142282,75.3969468142596,-2.13607498356645));
#14574=CARTESIAN_POINT('',(13.5368666142279,91.9569447702644,-2.13607498356631));
#14575=CARTESIAN_POINT('',(18.8035305879665,91.9569447702644,-2.13607498356631));
#14576=CARTESIAN_POINT('',(13.5368666142282,75.3969468142596,-2.13607498356645));
#14577=CARTESIAN_POINT('',(13.536866614228,96.7569447702644,-2.13607498356627));
#14578=CARTESIAN_POINT('',(12.5368666142282,74.3969468142596,-2.13607498356646));
#14579=CARTESIAN_POINT('Origin',(12.5368666142282,75.3969468142596,-2.13607498356645));
#14580=CARTESIAN_POINT('',(1.58686661422837,74.3969468142596,-2.13607498356646));
#14581=CARTESIAN_POINT('',(12.5368666142282,74.3969468142596,-2.13607498356646));
#14582=CARTESIAN_POINT('',(0.586866614228376,73.3969468142596,-2.13607498356647));
#14583=CARTESIAN_POINT('Origin',(1.58686661422837,73.3969468142596,-2.13607498356647));
#14584=CARTESIAN_POINT('',(0.586866614228374,54.6989398177484,-2.13607498356663));
#14585=CARTESIAN_POINT('',(0.586866614228376,73.3969468142596,-2.13607498356647));
#14586=CARTESIAN_POINT('',(1.58686661422837,53.6989398177484,-2.13607498356664));
#14587=CARTESIAN_POINT('Origin',(1.58686661422837,54.6989398177484,-2.13607498356663));
#14588=CARTESIAN_POINT('',(3.08686661422927,53.6989398177484,-2.13607498356664));
#14589=CARTESIAN_POINT('',(1.58686661422837,53.6989398177484,-2.13607498356664));
#14590=CARTESIAN_POINT('',(3.08686661422927,53.6989398177484,-2.13607498356664));
#14591=CARTESIAN_POINT('Origin',(3.08686661422951,49.4569447702647,-2.13607498356668));
#14592=CARTESIAN_POINT('',(3.08686661422927,53.6989398177484,-2.13607498356664));
#14593=CARTESIAN_POINT('',(3.08686661422941,51.6172308315783,-1.33607498356664));
#14594=CARTESIAN_POINT('Origin',(3.08686661422941,52.5172308315783,-1.33607498356663));
#14595=CARTESIAN_POINT('',(3.08686661422944,51.6172308315783,-0.799999999999999));
#14596=CARTESIAN_POINT('',(3.08686661422927,51.6172308315783,-3.77442103117267));
#14597=CARTESIAN_POINT('',(3.08686661422951,52.5172308315783,0.100000000000011));
#14598=CARTESIAN_POINT('Origin',(3.08686661422951,52.5172308315783,-0.79999999999999));
#14599=CARTESIAN_POINT('',(3.08686661422951,52.5281677864534,0.100000000000011));
#14600=CARTESIAN_POINT('',(3.08686661422927,48.2861727389697,0.100000000000011));
#14601=CARTESIAN_POINT('',(3.08686661422951,52.5281677864534,1.05408642289243E-14));
#14602=CARTESIAN_POINT('',(3.08686661422951,52.5281677864534,1.05408642289243E-14));
#14603=CARTESIAN_POINT('',(3.08686661422951,52.5172308315783,1.05432927207487E-14));
#14604=CARTESIAN_POINT('',(3.08686661422927,48.2861727389697,1.14827763433368E-14));
#14605=CARTESIAN_POINT('',(3.08686661422944,51.7172308315783,-0.799999999999999));
#14606=CARTESIAN_POINT('Origin',(3.08686661422944,52.5172308315783,-0.79999999999999));
#14607=CARTESIAN_POINT('',(3.08686661422927,51.7172308315783,-3.77442103117267));
#14608=CARTESIAN_POINT('Origin',(24.0701945617051,51.6172308315784,-19.5515764994569));
#14609=CARTESIAN_POINT('',(12.0350972808526,51.6172308315783,-1.33607498356664));
#14610=CARTESIAN_POINT('',(12.0350972808526,51.6172308315783,-0.799999999999999));
#14611=CARTESIAN_POINT('Origin',(24.5790978853683,52.5172308315783,-1.33607498356664));
#14612=CARTESIAN_POINT('',(48.5805066142289,51.7172308315783,-1.33607498356665));
#14613=CARTESIAN_POINT('',(12.0350972808526,51.7172308315783,-1.33607498356665));
#14614=CARTESIAN_POINT('Origin',(48.5805066142289,52.5172308315783,-1.33607498356664));
#14615=CARTESIAN_POINT('Origin',(24.5790978853683,52.5172308315783,-1.33607498356663));
#14616=CARTESIAN_POINT('Origin',(24.0701945617051,51.7172308315784,-19.551576499457));
#14617=CARTESIAN_POINT('',(48.5805066142289,51.7172308315783,-0.80000000000001));
#14618=CARTESIAN_POINT('',(12.0350972808526,51.7172308315783,-0.80000000000001));
#14619=CARTESIAN_POINT('',(48.580506614229,51.7172308315783,0.467574016310994));
#14620=CARTESIAN_POINT('Origin',(48.5805066142285,73.3969468142596,-2.13607498356648));
#14621=CARTESIAN_POINT('',(48.5805066142285,73.3969468142596,-2.13607498356648));
#14622=CARTESIAN_POINT('',(48.580506614229,52.5172308315783,-5.55111512312578E-16));
#14623=CARTESIAN_POINT('Origin',(48.580506614229,52.5172308315783,-0.800000000000001));
#14624=CARTESIAN_POINT('',(48.580506614229,52.5281677864534,-5.55111512312578E-16));
#14625=CARTESIAN_POINT('',(48.580506614229,52.5281677864534,-5.55111512312578E-16));
#14626=CARTESIAN_POINT('',(48.580506614229,52.5281677864534,0.0999999999999995));
#14627=CARTESIAN_POINT('',(48.580506614229,52.5281677864534,-5.55111512312578E-16));
#14628=CARTESIAN_POINT('',(48.580506614229,52.5172308315783,0.0999999999999995));
#14629=CARTESIAN_POINT('',(48.580506614229,52.5281677864534,0.0999999999999995));
#14630=CARTESIAN_POINT('',(48.5805066142289,51.6172308315783,-0.80000000000001));
#14631=CARTESIAN_POINT('Origin',(48.5805066142289,52.5172308315783,-0.800000000000001));
#14632=CARTESIAN_POINT('',(48.580506614229,51.6172308315783,0.467574016310994));
#14633=CARTESIAN_POINT('Origin',(25.6932786301421,52.5172308315783,-0.800000000000001));
#14634=CARTESIAN_POINT('',(12.0350972808526,52.5172308315783,-5.55111512312578E-16));
#14635=CARTESIAN_POINT('Origin',(24.0701945617051,51.6172308315784,-19.551576499457));
#14636=CARTESIAN_POINT('',(12.0350972808526,51.6172308315783,-0.80000000000001));
#14637=CARTESIAN_POINT('Origin',(25.6932786301421,52.5172308315783,-0.79999999999999));
#14638=CARTESIAN_POINT('',(12.0350972808526,52.5172308315783,0.100000000000011));
#14639=CARTESIAN_POINT('Origin',(24.0701945617051,51.7172308315784,-19.5515764994569));
#14640=CARTESIAN_POINT('',(12.0350972808526,51.7172308315783,-0.799999999999999));
#14641=CARTESIAN_POINT('Origin',(24.0701945617051,32.5090172706854,-5.55111512312578E-16));
#14642=CARTESIAN_POINT('',(19.4968666142287,52.5281677864533,-5.55111512312578E-16));
#14643=CARTESIAN_POINT('Origin',(25.6932786301421,52.5172308315783,-0.800000000000001));
#14644=CARTESIAN_POINT('',(12.0350972808526,52.5172308315783,0.0999999999999995));
#14645=CARTESIAN_POINT('Origin',(24.0701945617051,32.5090172706854,1.49860085961328E-14));
#14646=CARTESIAN_POINT('',(12.0350972808526,52.5172308315783,1.05432927207487E-14));
#14647=CARTESIAN_POINT('',(3.08686661422951,52.5281677864534,1.05408642289243E-14));
#14648=CARTESIAN_POINT('Origin',(24.0701945617051,32.5090172706854,0.0999999999999995));
#14649=CARTESIAN_POINT('',(19.4968666142287,52.5281677864533,0.0999999999999995));
#14650=CARTESIAN_POINT('Origin',(12.4253946142291,56.0699948142592,-2.23607498356662));
#14651=CARTESIAN_POINT('',(12.4253946142291,72.0064748142595,-3.63607498356648));
#14652=CARTESIAN_POINT('',(12.4253946142291,72.0064748142595,-2.23607498356649));
#14653=CARTESIAN_POINT('',(12.4253946142291,56.0699948142592,-3.63607498356662));
#14654=CARTESIAN_POINT('',(12.4253946142291,72.0064748142595,-3.63607498356648));
#14655=CARTESIAN_POINT('',(12.4253946142291,56.0699948142592,-2.23607498356662));
#14656=CARTESIAN_POINT('Origin',(33.0289866142285,56.0699948142592,-2.23607498356662));
#14657=CARTESIAN_POINT('',(33.0289866142285,56.0699948142592,-3.63607498356662));
#14658=CARTESIAN_POINT('',(12.4253946142291,56.0699948142592,-3.63607498356662));
#14659=CARTESIAN_POINT('',(33.0289866142285,56.0699948142592,-2.23607498356662));
#14660=CARTESIAN_POINT('Origin',(33.0289866142285,72.0064748142595,-2.23607498356649));
#14661=CARTESIAN_POINT('',(33.0289866142285,72.0064748142595,-3.63607498356648));
#14662=CARTESIAN_POINT('',(33.0289866142285,56.0699948142592,-3.63607498356662));
#14663=CARTESIAN_POINT('',(33.0289866142285,72.0064748142595,-2.23607498356649));
#14664=CARTESIAN_POINT('Origin',(12.4253946142291,72.0064748142595,-2.23607498356649));
#14665=CARTESIAN_POINT('',(33.0289866142285,72.0064748142595,-3.63607498356648));
#14666=CARTESIAN_POINT('Origin',(22.7271906142288,64.0382348142594,-3.63607498356655));
#14667=CARTESIAN_POINT('Origin',(16.5368666142277,94.9569447702647,-2.23507498356629));
#14668=CARTESIAN_POINT('',(16.3868666142276,96.9569447702647,-2.23507498356628));
#14669=CARTESIAN_POINT('',(16.6868666142278,96.9569447702647,-2.23507498356628));
#14670=CARTESIAN_POINT('',(16.3868666142276,96.9569447702647,-2.23507498356628));
#14671=CARTESIAN_POINT('',(16.6868666142278,92.9569447702647,-2.2350749835663));
#14672=CARTESIAN_POINT('',(16.6868666142278,93.9569447702647,-2.23507498356629));
#14673=CARTESIAN_POINT('',(16.3868666142276,92.9569447702647,-2.2350749835663));
#14674=CARTESIAN_POINT('',(16.4618666142277,92.9569447702647,-2.2350749835663));
#14675=CARTESIAN_POINT('',(16.3868666142276,95.9569447702647,-2.23507498356628));
#14676=CARTESIAN_POINT('Origin',(17.5368666142277,94.9569447702647,-2.23507498356629));
#14677=CARTESIAN_POINT('',(17.3868666142276,96.9569447702647,-2.23507498356628));
#14678=CARTESIAN_POINT('',(17.6868666142278,96.9569447702647,-2.23507498356628));
#14679=CARTESIAN_POINT('',(17.3868666142276,96.9569447702647,-2.23507498356628));
#14680=CARTESIAN_POINT('',(17.6868666142278,92.9569447702647,-2.2350749835663));
#14681=CARTESIAN_POINT('',(17.6868666142278,93.9569447702647,-2.23507498356629));
#14682=CARTESIAN_POINT('',(17.3868666142276,92.9569447702647,-2.2350749835663));
#14683=CARTESIAN_POINT('',(17.4618666142277,92.9569447702647,-2.2350749835663));
#14684=CARTESIAN_POINT('',(17.3868666142276,95.9569447702647,-2.23507498356628));
#14685=CARTESIAN_POINT('Origin',(18.5368666142277,94.9569447702647,-2.23507498356629));
#14686=CARTESIAN_POINT('',(18.3868666142276,96.9569447702647,-2.23507498356628));
#14687=CARTESIAN_POINT('',(18.6868666142278,96.9569447702647,-2.23507498356628));
#14688=CARTESIAN_POINT('',(18.3868666142276,96.9569447702647,-2.23507498356628));
#14689=CARTESIAN_POINT('',(18.6868666142278,92.9569447702647,-2.2350749835663));
#14690=CARTESIAN_POINT('',(18.6868666142278,93.9569447702647,-2.23507498356629));
#14691=CARTESIAN_POINT('',(18.3868666142276,92.9569447702647,-2.2350749835663));
#14692=CARTESIAN_POINT('',(18.4618666142277,92.9569447702647,-2.2350749835663));
#14693=CARTESIAN_POINT('',(18.3868666142276,95.9569447702647,-2.23507498356628));
#14694=CARTESIAN_POINT('Origin',(19.5368666142277,94.9569447702647,-2.23507498356629));
#14695=CARTESIAN_POINT('',(19.3868666142276,96.9569447702647,-2.23507498356628));
#14696=CARTESIAN_POINT('',(19.6868666142278,96.9569447702647,-2.23507498356628));
#14697=CARTESIAN_POINT('',(19.3868666142276,96.9569447702647,-2.23507498356628));
#14698=CARTESIAN_POINT('',(19.6868666142278,92.9569447702647,-2.2350749835663));
#14699=CARTESIAN_POINT('',(19.6868666142278,93.9569447702647,-2.23507498356629));
#14700=CARTESIAN_POINT('',(19.3868666142276,92.9569447702647,-2.2350749835663));
#14701=CARTESIAN_POINT('',(19.4618666142277,92.9569447702647,-2.2350749835663));
#14702=CARTESIAN_POINT('',(19.3868666142276,95.9569447702647,-2.23507498356628));
#14703=CARTESIAN_POINT('Origin',(20.5368666142277,94.9569447702647,-2.23507498356629));
#14704=CARTESIAN_POINT('',(20.3868666142276,96.9569447702647,-2.23507498356628));
#14705=CARTESIAN_POINT('',(20.6868666142278,96.9569447702647,-2.23507498356628));
#14706=CARTESIAN_POINT('',(20.3868666142276,96.9569447702647,-2.23507498356628));
#14707=CARTESIAN_POINT('',(20.6868666142278,92.9569447702647,-2.2350749835663));
#14708=CARTESIAN_POINT('',(20.6868666142278,93.9569447702647,-2.23507498356629));
#14709=CARTESIAN_POINT('',(20.3868666142276,92.9569447702647,-2.2350749835663));
#14710=CARTESIAN_POINT('',(20.4618666142277,92.9569447702647,-2.2350749835663));
#14711=CARTESIAN_POINT('',(20.3868666142276,95.9569447702647,-2.23507498356628));
#14712=CARTESIAN_POINT('Origin',(21.5368666142277,94.9569447702647,-2.23507498356629));
#14713=CARTESIAN_POINT('',(21.3868666142276,96.9569447702647,-2.23507498356628));
#14714=CARTESIAN_POINT('',(21.6868666142278,96.9569447702647,-2.23507498356628));
#14715=CARTESIAN_POINT('',(21.3868666142276,96.9569447702647,-2.23507498356628));
#14716=CARTESIAN_POINT('',(21.6868666142278,92.9569447702647,-2.2350749835663));
#14717=CARTESIAN_POINT('',(21.6868666142278,93.9569447702647,-2.23507498356629));
#14718=CARTESIAN_POINT('',(21.3868666142276,92.9569447702647,-2.2350749835663));
#14719=CARTESIAN_POINT('',(21.4618666142277,92.9569447702647,-2.2350749835663));
#14720=CARTESIAN_POINT('',(21.3868666142276,95.9569447702647,-2.23507498356628));
#14721=CARTESIAN_POINT('Origin',(22.5368666142277,94.9569447702647,-2.23507498356629));
#14722=CARTESIAN_POINT('',(22.3868666142276,96.9569447702647,-2.23507498356628));
#14723=CARTESIAN_POINT('',(22.6868666142278,96.9569447702647,-2.23507498356628));
#14724=CARTESIAN_POINT('',(22.3868666142276,96.9569447702647,-2.23507498356628));
#14725=CARTESIAN_POINT('',(22.6868666142278,92.9569447702647,-2.2350749835663));
#14726=CARTESIAN_POINT('',(22.6868666142278,93.9569447702647,-2.23507498356629));
#14727=CARTESIAN_POINT('',(22.3868666142276,92.9569447702647,-2.2350749835663));
#14728=CARTESIAN_POINT('',(22.4618666142277,92.9569447702647,-2.2350749835663));
#14729=CARTESIAN_POINT('',(22.3868666142276,95.9569447702647,-2.23507498356628));
#14730=CARTESIAN_POINT('Origin',(23.5368666142277,94.9569447702647,-2.23507498356629));
#14731=CARTESIAN_POINT('',(23.3868666142276,96.9569447702647,-2.23507498356628));
#14732=CARTESIAN_POINT('',(23.6868666142278,96.9569447702647,-2.23507498356628));
#14733=CARTESIAN_POINT('',(23.3868666142276,96.9569447702647,-2.23507498356628));
#14734=CARTESIAN_POINT('',(23.6868666142278,92.9569447702647,-2.2350749835663));
#14735=CARTESIAN_POINT('',(23.6868666142278,93.9569447702647,-2.23507498356629));
#14736=CARTESIAN_POINT('',(23.3868666142276,92.9569447702647,-2.2350749835663));
#14737=CARTESIAN_POINT('',(23.4618666142277,92.9569447702647,-2.2350749835663));
#14738=CARTESIAN_POINT('',(23.3868666142276,95.9569447702647,-2.23507498356628));
#14739=CARTESIAN_POINT('Origin',(24.5368666142277,94.9569447702647,-2.23507498356629));
#14740=CARTESIAN_POINT('',(24.3868666142276,96.9569447702647,-2.23507498356628));
#14741=CARTESIAN_POINT('',(24.6868666142278,96.9569447702647,-2.23507498356628));
#14742=CARTESIAN_POINT('',(24.3868666142276,96.9569447702647,-2.23507498356628));
#14743=CARTESIAN_POINT('',(24.6868666142278,92.9569447702647,-2.2350749835663));
#14744=CARTESIAN_POINT('',(24.6868666142278,93.9569447702647,-2.23507498356629));
#14745=CARTESIAN_POINT('',(24.3868666142276,92.9569447702647,-2.2350749835663));
#14746=CARTESIAN_POINT('',(24.4618666142277,92.9569447702647,-2.2350749835663));
#14747=CARTESIAN_POINT('',(24.3868666142276,95.9569447702647,-2.23507498356628));
#14748=CARTESIAN_POINT('Origin',(25.5368666142277,94.9569447702647,-2.23507498356629));
#14749=CARTESIAN_POINT('',(25.3868666142276,96.9569447702647,-2.23507498356628));
#14750=CARTESIAN_POINT('',(25.6868666142278,96.9569447702647,-2.23507498356628));
#14751=CARTESIAN_POINT('',(25.3868666142276,96.9569447702647,-2.23507498356628));
#14752=CARTESIAN_POINT('',(25.6868666142278,92.9569447702647,-2.2350749835663));
#14753=CARTESIAN_POINT('',(25.6868666142278,93.9569447702647,-2.23507498356629));
#14754=CARTESIAN_POINT('',(25.3868666142276,92.9569447702647,-2.2350749835663));
#14755=CARTESIAN_POINT('',(25.4618666142277,92.9569447702647,-2.2350749835663));
#14756=CARTESIAN_POINT('',(25.3868666142276,95.9569447702647,-2.23507498356628));
#14757=CARTESIAN_POINT('Origin',(26.5368666142277,94.9569447702647,-2.23507498356629));
#14758=CARTESIAN_POINT('',(26.3868666142276,96.9569447702647,-2.23507498356628));
#14759=CARTESIAN_POINT('',(26.6868666142278,96.9569447702647,-2.23507498356628));
#14760=CARTESIAN_POINT('',(26.3868666142276,96.9569447702647,-2.23507498356628));
#14761=CARTESIAN_POINT('',(26.6868666142278,92.9569447702647,-2.2350749835663));
#14762=CARTESIAN_POINT('',(26.6868666142278,93.9569447702647,-2.23507498356629));
#14763=CARTESIAN_POINT('',(26.3868666142276,92.9569447702647,-2.2350749835663));
#14764=CARTESIAN_POINT('',(26.4618666142277,92.9569447702647,-2.2350749835663));
#14765=CARTESIAN_POINT('',(26.3868666142276,95.9569447702647,-2.23507498356628));
#14766=CARTESIAN_POINT('Origin',(27.5368666142277,94.9569447702647,-2.23507498356629));
#14767=CARTESIAN_POINT('',(27.3868666142276,96.9569447702647,-2.23507498356628));
#14768=CARTESIAN_POINT('',(27.6868666142278,96.9569447702647,-2.23507498356628));
#14769=CARTESIAN_POINT('',(27.3868666142276,96.9569447702647,-2.23507498356628));
#14770=CARTESIAN_POINT('',(27.6868666142278,92.9569447702647,-2.2350749835663));
#14771=CARTESIAN_POINT('',(27.6868666142278,93.9569447702647,-2.23507498356629));
#14772=CARTESIAN_POINT('',(27.3868666142276,92.9569447702647,-2.2350749835663));
#14773=CARTESIAN_POINT('',(27.4618666142277,92.9569447702647,-2.2350749835663));
#14774=CARTESIAN_POINT('',(27.3868666142276,95.9569447702647,-2.23507498356628));
#14775=CARTESIAN_POINT('Origin',(28.5368666142277,94.9569447702647,-2.23507498356629));
#14776=CARTESIAN_POINT('',(28.3868666142276,96.9569447702647,-2.23507498356628));
#14777=CARTESIAN_POINT('',(28.6868666142278,96.9569447702647,-2.23507498356628));
#14778=CARTESIAN_POINT('',(28.3868666142276,96.9569447702647,-2.23507498356628));
#14779=CARTESIAN_POINT('',(28.6868666142278,92.9569447702647,-2.2350749835663));
#14780=CARTESIAN_POINT('',(28.6868666142278,93.9569447702647,-2.23507498356629));
#14781=CARTESIAN_POINT('',(28.3868666142276,92.9569447702647,-2.2350749835663));
#14782=CARTESIAN_POINT('',(28.4618666142277,92.9569447702647,-2.2350749835663));
#14783=CARTESIAN_POINT('',(28.3868666142276,95.9569447702647,-2.23507498356628));
#14784=CARTESIAN_POINT('Origin',(29.5368666142277,94.9569447702647,-2.23507498356629));
#14785=CARTESIAN_POINT('',(29.3868666142276,96.9569447702647,-2.23507498356628));
#14786=CARTESIAN_POINT('',(29.6868666142278,96.9569447702647,-2.23507498356628));
#14787=CARTESIAN_POINT('',(29.3868666142276,96.9569447702647,-2.23507498356628));
#14788=CARTESIAN_POINT('',(29.6868666142278,92.9569447702647,-2.2350749835663));
#14789=CARTESIAN_POINT('',(29.6868666142278,93.9569447702647,-2.23507498356629));
#14790=CARTESIAN_POINT('',(29.3868666142276,92.9569447702647,-2.2350749835663));
#14791=CARTESIAN_POINT('',(29.4618666142277,92.9569447702647,-2.2350749835663));
#14792=CARTESIAN_POINT('',(29.3868666142276,95.9569447702647,-2.23507498356628));
#14793=CARTESIAN_POINT('Origin',(30.5368666142277,94.9569447702647,-2.23507498356629));
#14794=CARTESIAN_POINT('',(30.3868666142276,96.9569447702647,-2.23507498356628));
#14795=CARTESIAN_POINT('',(30.6868666142278,96.9569447702647,-2.23507498356628));
#14796=CARTESIAN_POINT('',(30.3868666142276,96.9569447702647,-2.23507498356628));
#14797=CARTESIAN_POINT('',(30.6868666142278,92.9569447702647,-2.2350749835663));
#14798=CARTESIAN_POINT('',(30.6868666142278,93.9569447702647,-2.23507498356629));
#14799=CARTESIAN_POINT('',(30.3868666142276,92.9569447702647,-2.2350749835663));
#14800=CARTESIAN_POINT('',(30.4618666142277,92.9569447702647,-2.2350749835663));
#14801=CARTESIAN_POINT('',(30.3868666142276,95.9569447702647,-2.23507498356628));
#14802=CARTESIAN_POINT('Origin',(31.5368666142277,94.9569447702647,-2.23507498356629));
#14803=CARTESIAN_POINT('',(31.3868666142276,96.9569447702647,-2.23507498356628));
#14804=CARTESIAN_POINT('',(31.6868666142278,96.9569447702647,-2.23507498356628));
#14805=CARTESIAN_POINT('',(31.3868666142276,96.9569447702647,-2.23507498356628));
#14806=CARTESIAN_POINT('',(31.6868666142278,92.9569447702647,-2.2350749835663));
#14807=CARTESIAN_POINT('',(31.6868666142278,93.9569447702647,-2.23507498356629));
#14808=CARTESIAN_POINT('',(31.3868666142276,92.9569447702647,-2.2350749835663));
#14809=CARTESIAN_POINT('',(31.4618666142277,92.9569447702647,-2.2350749835663));
#14810=CARTESIAN_POINT('',(31.3868666142276,95.9569447702647,-2.23507498356628));
#14811=CARTESIAN_POINT('Origin',(32.5368666142277,94.9569447702647,-2.23507498356629));
#14812=CARTESIAN_POINT('',(32.3868666142276,96.9569447702647,-2.23507498356628));
#14813=CARTESIAN_POINT('',(32.6868666142278,96.9569447702647,-2.23507498356628));
#14814=CARTESIAN_POINT('',(32.3868666142276,96.9569447702647,-2.23507498356628));
#14815=CARTESIAN_POINT('',(32.6868666142278,92.9569447702647,-2.2350749835663));
#14816=CARTESIAN_POINT('',(32.6868666142278,93.9569447702647,-2.23507498356629));
#14817=CARTESIAN_POINT('',(32.3868666142276,92.9569447702647,-2.2350749835663));
#14818=CARTESIAN_POINT('',(32.4618666142277,92.9569447702647,-2.2350749835663));
#14819=CARTESIAN_POINT('',(32.3868666142276,95.9569447702647,-2.23507498356628));
#14820=CARTESIAN_POINT('Origin',(33.5368666142277,94.9569447702647,-2.23507498356629));
#14821=CARTESIAN_POINT('',(33.3868666142276,96.9569447702647,-2.23507498356628));
#14822=CARTESIAN_POINT('',(33.6868666142278,96.9569447702647,-2.23507498356628));
#14823=CARTESIAN_POINT('',(33.3868666142276,96.9569447702647,-2.23507498356628));
#14824=CARTESIAN_POINT('',(33.6868666142278,92.9569447702647,-2.2350749835663));
#14825=CARTESIAN_POINT('',(33.6868666142278,93.9569447702647,-2.23507498356629));
#14826=CARTESIAN_POINT('',(33.3868666142276,92.9569447702647,-2.2350749835663));
#14827=CARTESIAN_POINT('',(33.4618666142277,92.9569447702647,-2.2350749835663));
#14828=CARTESIAN_POINT('',(33.3868666142276,95.9569447702647,-2.23507498356628));
#14829=CARTESIAN_POINT('Origin',(15.0368666142277,94.9569447702647,-2.23507498356629));
#14830=CARTESIAN_POINT('',(14.8868666142276,96.9569447702647,-2.23507498356628));
#14831=CARTESIAN_POINT('',(15.1868666142278,96.9569447702647,-2.23507498356628));
#14832=CARTESIAN_POINT('',(14.8868666142276,96.9569447702647,-2.23507498356628));
#14833=CARTESIAN_POINT('',(15.1868666142278,92.9569447702647,-2.2350749835663));
#14834=CARTESIAN_POINT('',(15.1868666142278,93.9569447702647,-2.23507498356629));
#14835=CARTESIAN_POINT('',(14.8868666142276,92.9569447702647,-2.2350749835663));
#14836=CARTESIAN_POINT('',(14.9618666142277,92.9569447702647,-2.2350749835663));
#14837=CARTESIAN_POINT('',(14.8868666142276,95.9569447702647,-2.23507498356628));
#14838=CARTESIAN_POINT('Origin',(14.0368666142277,94.9569447702647,-2.23507498356629));
#14839=CARTESIAN_POINT('',(13.8868666142276,96.9569447702647,-2.23507498356628));
#14840=CARTESIAN_POINT('',(13.8868666142276,92.9569447702647,-2.2350749835663));
#14841=CARTESIAN_POINT('',(13.8868666142276,95.9569447702647,-2.23507498356628));
#14842=CARTESIAN_POINT('',(14.1868666142278,96.9569447702647,-2.23507498356628));
#14843=CARTESIAN_POINT('',(13.8868666142276,96.9569447702647,-2.23507498356628));
#14844=CARTESIAN_POINT('',(14.1868666142278,92.9569447702647,-2.2350749835663));
#14845=CARTESIAN_POINT('',(14.1868666142278,93.9569447702647,-2.23507498356629));
#14846=CARTESIAN_POINT('',(13.9618666142277,92.9569447702647,-2.2350749835663));
#14847=CARTESIAN_POINT('Origin',(14.5368666142277,94.9569447702647,-2.23507498356629));
#14848=CARTESIAN_POINT('',(14.3868666142276,96.9569447702647,-2.23507498356628));
#14849=CARTESIAN_POINT('',(14.6868666142278,96.9569447702647,-2.23507498356628));
#14850=CARTESIAN_POINT('',(14.3868666142276,96.9569447702647,-2.23507498356628));
#14851=CARTESIAN_POINT('',(14.6868666142278,92.9569447702647,-2.2350749835663));
#14852=CARTESIAN_POINT('',(14.6868666142278,93.9569447702647,-2.23507498356629));
#14853=CARTESIAN_POINT('',(14.3868666142276,92.9569447702647,-2.2350749835663));
#14854=CARTESIAN_POINT('',(14.4618666142277,92.9569447702647,-2.2350749835663));
#14855=CARTESIAN_POINT('',(14.3868666142276,95.9569447702647,-2.23507498356628));
#14856=CARTESIAN_POINT('Origin',(15.5368666142277,94.9569447702647,-2.23507498356629));
#14857=CARTESIAN_POINT('',(15.3868666142276,96.9569447702647,-2.23507498356628));
#14858=CARTESIAN_POINT('',(15.6868666142278,96.9569447702647,-2.23507498356628));
#14859=CARTESIAN_POINT('',(15.3868666142276,96.9569447702647,-2.23507498356628));
#14860=CARTESIAN_POINT('',(15.6868666142278,92.9569447702647,-2.2350749835663));
#14861=CARTESIAN_POINT('',(15.6868666142278,93.9569447702647,-2.23507498356629));
#14862=CARTESIAN_POINT('',(15.3868666142276,92.9569447702647,-2.2350749835663));
#14863=CARTESIAN_POINT('',(15.4618666142277,92.9569447702647,-2.2350749835663));
#14864=CARTESIAN_POINT('',(15.3868666142276,95.9569447702647,-2.23507498356628));
#14865=CARTESIAN_POINT('Origin',(33.0368666142277,94.9569447702647,-2.23507498356629));
#14866=CARTESIAN_POINT('',(32.8868666142276,96.9569447702647,-2.23507498356628));
#14867=CARTESIAN_POINT('',(33.1868666142278,96.9569447702647,-2.23507498356628));
#14868=CARTESIAN_POINT('',(32.8868666142276,96.9569447702647,-2.23507498356628));
#14869=CARTESIAN_POINT('',(33.1868666142278,92.9569447702647,-2.2350749835663));
#14870=CARTESIAN_POINT('',(33.1868666142278,93.9569447702647,-2.23507498356629));
#14871=CARTESIAN_POINT('',(32.8868666142276,92.9569447702647,-2.2350749835663));
#14872=CARTESIAN_POINT('',(32.9618666142277,92.9569447702647,-2.2350749835663));
#14873=CARTESIAN_POINT('',(32.8868666142276,95.9569447702647,-2.23507498356628));
#14874=CARTESIAN_POINT('Origin',(32.0368666142277,94.9569447702647,-2.23507498356629));
#14875=CARTESIAN_POINT('',(31.8868666142276,96.9569447702647,-2.23507498356628));
#14876=CARTESIAN_POINT('',(32.1868666142278,96.9569447702647,-2.23507498356628));
#14877=CARTESIAN_POINT('',(31.8868666142276,96.9569447702647,-2.23507498356628));
#14878=CARTESIAN_POINT('',(32.1868666142278,92.9569447702647,-2.2350749835663));
#14879=CARTESIAN_POINT('',(32.1868666142278,93.9569447702647,-2.23507498356629));
#14880=CARTESIAN_POINT('',(31.8868666142276,92.9569447702647,-2.2350749835663));
#14881=CARTESIAN_POINT('',(31.9618666142277,92.9569447702647,-2.2350749835663));
#14882=CARTESIAN_POINT('',(31.8868666142276,95.9569447702647,-2.23507498356628));
#14883=CARTESIAN_POINT('Origin',(31.0368666142277,94.9569447702647,-2.23507498356629));
#14884=CARTESIAN_POINT('',(30.8868666142276,96.9569447702647,-2.23507498356628));
#14885=CARTESIAN_POINT('',(31.1868666142278,96.9569447702647,-2.23507498356628));
#14886=CARTESIAN_POINT('',(30.8868666142276,96.9569447702647,-2.23507498356628));
#14887=CARTESIAN_POINT('',(31.1868666142278,92.9569447702647,-2.2350749835663));
#14888=CARTESIAN_POINT('',(31.1868666142278,93.9569447702647,-2.23507498356629));
#14889=CARTESIAN_POINT('',(30.8868666142276,92.9569447702647,-2.2350749835663));
#14890=CARTESIAN_POINT('',(30.9618666142277,92.9569447702647,-2.2350749835663));
#14891=CARTESIAN_POINT('',(30.8868666142276,95.9569447702647,-2.23507498356628));
#14892=CARTESIAN_POINT('Origin',(30.0368666142277,94.9569447702647,-2.23507498356629));
#14893=CARTESIAN_POINT('',(29.8868666142276,96.9569447702647,-2.23507498356628));
#14894=CARTESIAN_POINT('',(30.1868666142278,96.9569447702647,-2.23507498356628));
#14895=CARTESIAN_POINT('',(29.8868666142276,96.9569447702647,-2.23507498356628));
#14896=CARTESIAN_POINT('',(30.1868666142278,92.9569447702647,-2.2350749835663));
#14897=CARTESIAN_POINT('',(30.1868666142278,93.9569447702647,-2.23507498356629));
#14898=CARTESIAN_POINT('',(29.8868666142276,92.9569447702647,-2.2350749835663));
#14899=CARTESIAN_POINT('',(29.9618666142277,92.9569447702647,-2.2350749835663));
#14900=CARTESIAN_POINT('',(29.8868666142276,95.9569447702647,-2.23507498356628));
#14901=CARTESIAN_POINT('Origin',(29.0368666142277,94.9569447702647,-2.23507498356629));
#14902=CARTESIAN_POINT('',(28.8868666142276,96.9569447702647,-2.23507498356628));
#14903=CARTESIAN_POINT('',(29.1868666142278,96.9569447702647,-2.23507498356628));
#14904=CARTESIAN_POINT('',(28.8868666142276,96.9569447702647,-2.23507498356628));
#14905=CARTESIAN_POINT('',(29.1868666142278,92.9569447702647,-2.2350749835663));
#14906=CARTESIAN_POINT('',(29.1868666142278,93.9569447702647,-2.23507498356629));
#14907=CARTESIAN_POINT('',(28.8868666142276,92.9569447702647,-2.2350749835663));
#14908=CARTESIAN_POINT('',(28.9618666142277,92.9569447702647,-2.2350749835663));
#14909=CARTESIAN_POINT('',(28.8868666142276,95.9569447702647,-2.23507498356628));
#14910=CARTESIAN_POINT('Origin',(28.0368666142277,94.9569447702647,-2.23507498356629));
#14911=CARTESIAN_POINT('',(27.8868666142276,96.9569447702647,-2.23507498356628));
#14912=CARTESIAN_POINT('',(28.1868666142278,96.9569447702647,-2.23507498356628));
#14913=CARTESIAN_POINT('',(27.8868666142276,96.9569447702647,-2.23507498356628));
#14914=CARTESIAN_POINT('',(28.1868666142278,92.9569447702647,-2.2350749835663));
#14915=CARTESIAN_POINT('',(28.1868666142278,93.9569447702647,-2.23507498356629));
#14916=CARTESIAN_POINT('',(27.8868666142276,92.9569447702647,-2.2350749835663));
#14917=CARTESIAN_POINT('',(27.9618666142277,92.9569447702647,-2.2350749835663));
#14918=CARTESIAN_POINT('',(27.8868666142276,95.9569447702647,-2.23507498356628));
#14919=CARTESIAN_POINT('Origin',(27.0368666142277,94.9569447702647,-2.23507498356629));
#14920=CARTESIAN_POINT('',(26.8868666142276,96.9569447702647,-2.23507498356628));
#14921=CARTESIAN_POINT('',(27.1868666142278,96.9569447702647,-2.23507498356628));
#14922=CARTESIAN_POINT('',(26.8868666142276,96.9569447702647,-2.23507498356628));
#14923=CARTESIAN_POINT('',(27.1868666142278,92.9569447702647,-2.2350749835663));
#14924=CARTESIAN_POINT('',(27.1868666142278,93.9569447702647,-2.23507498356629));
#14925=CARTESIAN_POINT('',(26.8868666142276,92.9569447702647,-2.2350749835663));
#14926=CARTESIAN_POINT('',(26.9618666142277,92.9569447702647,-2.2350749835663));
#14927=CARTESIAN_POINT('',(26.8868666142276,95.9569447702647,-2.23507498356628));
#14928=CARTESIAN_POINT('Origin',(26.0368666142277,94.9569447702647,-2.23507498356629));
#14929=CARTESIAN_POINT('',(25.8868666142276,96.9569447702647,-2.23507498356628));
#14930=CARTESIAN_POINT('',(26.1868666142278,96.9569447702647,-2.23507498356628));
#14931=CARTESIAN_POINT('',(25.8868666142276,96.9569447702647,-2.23507498356628));
#14932=CARTESIAN_POINT('',(26.1868666142278,92.9569447702647,-2.2350749835663));
#14933=CARTESIAN_POINT('',(26.1868666142278,93.9569447702647,-2.23507498356629));
#14934=CARTESIAN_POINT('',(25.8868666142276,92.9569447702647,-2.2350749835663));
#14935=CARTESIAN_POINT('',(25.9618666142277,92.9569447702647,-2.2350749835663));
#14936=CARTESIAN_POINT('',(25.8868666142276,95.9569447702647,-2.23507498356628));
#14937=CARTESIAN_POINT('Origin',(25.0368666142277,94.9569447702647,-2.23507498356629));
#14938=CARTESIAN_POINT('',(24.8868666142276,96.9569447702647,-2.23507498356628));
#14939=CARTESIAN_POINT('',(25.1868666142278,96.9569447702647,-2.23507498356628));
#14940=CARTESIAN_POINT('',(24.8868666142276,96.9569447702647,-2.23507498356628));
#14941=CARTESIAN_POINT('',(25.1868666142278,92.9569447702647,-2.2350749835663));
#14942=CARTESIAN_POINT('',(25.1868666142278,93.9569447702647,-2.23507498356629));
#14943=CARTESIAN_POINT('',(24.8868666142276,92.9569447702647,-2.2350749835663));
#14944=CARTESIAN_POINT('',(24.9618666142277,92.9569447702647,-2.2350749835663));
#14945=CARTESIAN_POINT('',(24.8868666142276,95.9569447702647,-2.23507498356628));
#14946=CARTESIAN_POINT('Origin',(24.0368666142277,94.9569447702647,-2.23507498356629));
#14947=CARTESIAN_POINT('',(23.8868666142276,96.9569447702647,-2.23507498356628));
#14948=CARTESIAN_POINT('',(24.1868666142278,96.9569447702647,-2.23507498356628));
#14949=CARTESIAN_POINT('',(23.8868666142276,96.9569447702647,-2.23507498356628));
#14950=CARTESIAN_POINT('',(24.1868666142278,92.9569447702647,-2.2350749835663));
#14951=CARTESIAN_POINT('',(24.1868666142278,93.9569447702647,-2.23507498356629));
#14952=CARTESIAN_POINT('',(23.8868666142276,92.9569447702647,-2.2350749835663));
#14953=CARTESIAN_POINT('',(23.9618666142277,92.9569447702647,-2.2350749835663));
#14954=CARTESIAN_POINT('',(23.8868666142276,95.9569447702647,-2.23507498356628));
#14955=CARTESIAN_POINT('Origin',(23.0368666142277,94.9569447702647,-2.23507498356629));
#14956=CARTESIAN_POINT('',(22.8868666142276,96.9569447702647,-2.23507498356628));
#14957=CARTESIAN_POINT('',(23.1868666142278,96.9569447702647,-2.23507498356628));
#14958=CARTESIAN_POINT('',(22.8868666142276,96.9569447702647,-2.23507498356628));
#14959=CARTESIAN_POINT('',(23.1868666142278,92.9569447702647,-2.2350749835663));
#14960=CARTESIAN_POINT('',(23.1868666142278,93.9569447702647,-2.23507498356629));
#14961=CARTESIAN_POINT('',(22.8868666142276,92.9569447702647,-2.2350749835663));
#14962=CARTESIAN_POINT('',(22.9618666142277,92.9569447702647,-2.2350749835663));
#14963=CARTESIAN_POINT('',(22.8868666142276,95.9569447702647,-2.23507498356628));
#14964=CARTESIAN_POINT('Origin',(22.0368666142277,94.9569447702647,-2.23507498356629));
#14965=CARTESIAN_POINT('',(21.8868666142276,96.9569447702647,-2.23507498356628));
#14966=CARTESIAN_POINT('',(22.1868666142278,96.9569447702647,-2.23507498356628));
#14967=CARTESIAN_POINT('',(21.8868666142276,96.9569447702647,-2.23507498356628));
#14968=CARTESIAN_POINT('',(22.1868666142278,92.9569447702647,-2.2350749835663));
#14969=CARTESIAN_POINT('',(22.1868666142278,93.9569447702647,-2.23507498356629));
#14970=CARTESIAN_POINT('',(21.8868666142276,92.9569447702647,-2.2350749835663));
#14971=CARTESIAN_POINT('',(21.9618666142277,92.9569447702647,-2.2350749835663));
#14972=CARTESIAN_POINT('',(21.8868666142276,95.9569447702647,-2.23507498356628));
#14973=CARTESIAN_POINT('Origin',(21.0368666142277,94.9569447702647,-2.23507498356629));
#14974=CARTESIAN_POINT('',(20.8868666142276,96.9569447702647,-2.23507498356628));
#14975=CARTESIAN_POINT('',(21.1868666142278,96.9569447702647,-2.23507498356628));
#14976=CARTESIAN_POINT('',(20.8868666142276,96.9569447702647,-2.23507498356628));
#14977=CARTESIAN_POINT('',(21.1868666142278,92.9569447702647,-2.2350749835663));
#14978=CARTESIAN_POINT('',(21.1868666142278,93.9569447702647,-2.23507498356629));
#14979=CARTESIAN_POINT('',(20.8868666142276,92.9569447702647,-2.2350749835663));
#14980=CARTESIAN_POINT('',(20.9618666142277,92.9569447702647,-2.2350749835663));
#14981=CARTESIAN_POINT('',(20.8868666142276,95.9569447702647,-2.23507498356628));
#14982=CARTESIAN_POINT('Origin',(20.0368666142277,94.9569447702647,-2.23507498356629));
#14983=CARTESIAN_POINT('',(19.8868666142276,96.9569447702647,-2.23507498356628));
#14984=CARTESIAN_POINT('',(20.1868666142278,96.9569447702647,-2.23507498356628));
#14985=CARTESIAN_POINT('',(19.8868666142276,96.9569447702647,-2.23507498356628));
#14986=CARTESIAN_POINT('',(20.1868666142278,92.9569447702647,-2.2350749835663));
#14987=CARTESIAN_POINT('',(20.1868666142278,93.9569447702647,-2.23507498356629));
#14988=CARTESIAN_POINT('',(19.8868666142276,92.9569447702647,-2.2350749835663));
#14989=CARTESIAN_POINT('',(19.9618666142277,92.9569447702647,-2.2350749835663));
#14990=CARTESIAN_POINT('',(19.8868666142276,95.9569447702647,-2.23507498356628));
#14991=CARTESIAN_POINT('Origin',(19.0368666142277,94.9569447702647,-2.23507498356629));
#14992=CARTESIAN_POINT('',(18.8868666142276,96.9569447702647,-2.23507498356628));
#14993=CARTESIAN_POINT('',(19.1868666142278,96.9569447702647,-2.23507498356628));
#14994=CARTESIAN_POINT('',(18.8868666142276,96.9569447702647,-2.23507498356628));
#14995=CARTESIAN_POINT('',(19.1868666142278,92.9569447702647,-2.2350749835663));
#14996=CARTESIAN_POINT('',(19.1868666142278,93.9569447702647,-2.23507498356629));
#14997=CARTESIAN_POINT('',(18.8868666142276,92.9569447702647,-2.2350749835663));
#14998=CARTESIAN_POINT('',(18.9618666142277,92.9569447702647,-2.2350749835663));
#14999=CARTESIAN_POINT('',(18.8868666142276,95.9569447702647,-2.23507498356628));
#15000=CARTESIAN_POINT('Origin',(18.0368666142277,94.9569447702647,-2.23507498356629));
#15001=CARTESIAN_POINT('',(17.8868666142276,96.9569447702647,-2.23507498356628));
#15002=CARTESIAN_POINT('',(18.1868666142278,96.9569447702647,-2.23507498356628));
#15003=CARTESIAN_POINT('',(17.8868666142276,96.9569447702647,-2.23507498356628));
#15004=CARTESIAN_POINT('',(18.1868666142278,92.9569447702647,-2.2350749835663));
#15005=CARTESIAN_POINT('',(18.1868666142278,93.9569447702647,-2.23507498356629));
#15006=CARTESIAN_POINT('',(17.8868666142276,92.9569447702647,-2.2350749835663));
#15007=CARTESIAN_POINT('',(17.9618666142277,92.9569447702647,-2.2350749835663));
#15008=CARTESIAN_POINT('',(17.8868666142276,95.9569447702647,-2.23507498356628));
#15009=CARTESIAN_POINT('Origin',(17.0368666142277,94.9569447702647,-2.23507498356629));
#15010=CARTESIAN_POINT('',(16.8868666142276,96.9569447702647,-2.23507498356628));
#15011=CARTESIAN_POINT('',(17.1868666142278,96.9569447702647,-2.23507498356628));
#15012=CARTESIAN_POINT('',(16.8868666142276,96.9569447702647,-2.23507498356628));
#15013=CARTESIAN_POINT('',(17.1868666142278,92.9569447702647,-2.2350749835663));
#15014=CARTESIAN_POINT('',(17.1868666142278,93.9569447702647,-2.23507498356629));
#15015=CARTESIAN_POINT('',(16.8868666142276,92.9569447702647,-2.2350749835663));
#15016=CARTESIAN_POINT('',(16.9618666142277,92.9569447702647,-2.2350749835663));
#15017=CARTESIAN_POINT('',(16.8868666142276,95.9569447702647,-2.23507498356628));
#15018=CARTESIAN_POINT('Origin',(16.0368666142277,94.9569447702647,-2.23507498356629));
#15019=CARTESIAN_POINT('',(15.8868666142276,96.9569447702647,-2.23507498356628));
#15020=CARTESIAN_POINT('',(16.1868666142278,96.9569447702647,-2.23507498356628));
#15021=CARTESIAN_POINT('',(15.8868666142276,96.9569447702647,-2.23507498356628));
#15022=CARTESIAN_POINT('',(16.1868666142278,92.9569447702647,-2.2350749835663));
#15023=CARTESIAN_POINT('',(16.1868666142278,93.9569447702647,-2.23507498356629));
#15024=CARTESIAN_POINT('',(15.8868666142276,92.9569447702647,-2.2350749835663));
#15025=CARTESIAN_POINT('',(15.9618666142277,92.9569447702647,-2.2350749835663));
#15026=CARTESIAN_POINT('',(15.8868666142276,95.9569447702647,-2.23507498356628));
#15027=CARTESIAN_POINT('Origin',(16.3868666142276,96.9569447702647,-2.23607498356627));
#15028=CARTESIAN_POINT('',(16.3868666142276,92.9569447702647,-2.2360749835663));
#15029=CARTESIAN_POINT('',(16.3868666142276,96.9569447702645,-2.18607498356628));
#15030=CARTESIAN_POINT('Origin',(16.3868666142276,92.9569447702647,-2.2360749835663));
#15031=CARTESIAN_POINT('',(16.6868666142278,92.9569447702647,-2.2360749835663));
#15032=CARTESIAN_POINT('Origin',(17.3868666142276,96.9569447702647,-2.23607498356627));
#15033=CARTESIAN_POINT('',(17.3868666142276,92.9569447702647,-2.2360749835663));
#15034=CARTESIAN_POINT('',(17.3868666142276,96.9569447702645,-2.18607498356628));
#15035=CARTESIAN_POINT('Origin',(17.3868666142276,92.9569447702647,-2.2360749835663));
#15036=CARTESIAN_POINT('',(17.6868666142278,92.9569447702647,-2.2360749835663));
#15037=CARTESIAN_POINT('Origin',(18.3868666142276,96.9569447702647,-2.23607498356627));
#15038=CARTESIAN_POINT('',(18.3868666142276,92.9569447702647,-2.2360749835663));
#15039=CARTESIAN_POINT('',(18.3868666142276,96.9569447702646,-2.18607498356628));
#15040=CARTESIAN_POINT('Origin',(18.3868666142276,92.9569447702647,-2.2360749835663));
#15041=CARTESIAN_POINT('',(18.6868666142278,92.9569447702647,-2.2360749835663));
#15042=CARTESIAN_POINT('Origin',(19.3868666142276,96.9569447702647,-2.23607498356627));
#15043=CARTESIAN_POINT('',(19.3868666142276,92.9569447702647,-2.2360749835663));
#15044=CARTESIAN_POINT('',(19.3868666142276,96.9569447702646,-2.18607498356628));
#15045=CARTESIAN_POINT('Origin',(19.3868666142276,92.9569447702647,-2.2360749835663));
#15046=CARTESIAN_POINT('',(19.6868666142278,92.9569447702647,-2.2360749835663));
#15047=CARTESIAN_POINT('Origin',(20.3868666142276,96.9569447702647,-2.23607498356627));
#15048=CARTESIAN_POINT('',(20.3868666142276,92.9569447702647,-2.2360749835663));
#15049=CARTESIAN_POINT('',(20.3868666142276,96.9569447702646,-2.18607498356628));
#15050=CARTESIAN_POINT('Origin',(20.3868666142276,92.9569447702647,-2.2360749835663));
#15051=CARTESIAN_POINT('',(20.6868666142278,92.9569447702647,-2.2360749835663));
#15052=CARTESIAN_POINT('Origin',(21.3868666142276,96.9569447702647,-2.23607498356627));
#15053=CARTESIAN_POINT('',(21.3868666142276,92.9569447702647,-2.2360749835663));
#15054=CARTESIAN_POINT('',(21.3868666142276,96.9569447702647,-2.18607498356628));
#15055=CARTESIAN_POINT('Origin',(21.3868666142276,92.9569447702647,-2.2360749835663));
#15056=CARTESIAN_POINT('',(21.6868666142278,92.9569447702647,-2.2360749835663));
#15057=CARTESIAN_POINT('Origin',(22.3868666142276,96.9569447702647,-2.23607498356627));
#15058=CARTESIAN_POINT('',(22.3868666142276,92.9569447702647,-2.2360749835663));
#15059=CARTESIAN_POINT('',(22.3868666142276,96.9569447702647,-2.18607498356628));
#15060=CARTESIAN_POINT('Origin',(22.3868666142276,92.9569447702647,-2.2360749835663));
#15061=CARTESIAN_POINT('',(22.6868666142278,92.9569447702647,-2.2360749835663));
#15062=CARTESIAN_POINT('Origin',(23.3868666142276,96.9569447702647,-2.23607498356627));
#15063=CARTESIAN_POINT('',(23.3868666142276,92.9569447702647,-2.2360749835663));
#15064=CARTESIAN_POINT('',(23.3868666142276,96.9569447702648,-2.18607498356628));
#15065=CARTESIAN_POINT('Origin',(23.3868666142276,92.9569447702647,-2.2360749835663));
#15066=CARTESIAN_POINT('',(23.6868666142278,92.9569447702647,-2.2360749835663));
#15067=CARTESIAN_POINT('Origin',(24.3868666142276,96.9569447702647,-2.23607498356627));
#15068=CARTESIAN_POINT('',(24.3868666142276,92.9569447702647,-2.2360749835663));
#15069=CARTESIAN_POINT('',(24.3868666142276,96.9569447702648,-2.18607498356628));
#15070=CARTESIAN_POINT('Origin',(24.3868666142276,92.9569447702647,-2.2360749835663));
#15071=CARTESIAN_POINT('',(24.6868666142278,92.9569447702647,-2.2360749835663));
#15072=CARTESIAN_POINT('Origin',(25.3868666142276,96.9569447702647,-2.23607498356627));
#15073=CARTESIAN_POINT('',(25.3868666142276,92.9569447702647,-2.2360749835663));
#15074=CARTESIAN_POINT('',(25.3868666142276,96.9569447702648,-2.18607498356628));
#15075=CARTESIAN_POINT('Origin',(25.3868666142276,92.9569447702647,-2.2360749835663));
#15076=CARTESIAN_POINT('',(25.6868666142278,92.9569447702647,-2.2360749835663));
#15077=CARTESIAN_POINT('Origin',(26.3868666142276,96.9569447702647,-2.23607498356627));
#15078=CARTESIAN_POINT('',(26.3868666142276,92.9569447702647,-2.2360749835663));
#15079=CARTESIAN_POINT('',(26.3868666142276,96.9569447702649,-2.18607498356628));
#15080=CARTESIAN_POINT('Origin',(26.3868666142276,92.9569447702647,-2.2360749835663));
#15081=CARTESIAN_POINT('',(26.6868666142278,92.9569447702647,-2.2360749835663));
#15082=CARTESIAN_POINT('Origin',(27.3868666142276,96.9569447702647,-2.23607498356627));
#15083=CARTESIAN_POINT('',(27.3868666142276,92.9569447702647,-2.2360749835663));
#15084=CARTESIAN_POINT('',(27.3868666142276,96.9569447702649,-2.18607498356628));
#15085=CARTESIAN_POINT('Origin',(27.3868666142276,92.9569447702647,-2.2360749835663));
#15086=CARTESIAN_POINT('',(27.6868666142278,92.9569447702647,-2.2360749835663));
#15087=CARTESIAN_POINT('Origin',(28.3868666142276,96.9569447702647,-2.23607498356627));
#15088=CARTESIAN_POINT('',(28.3868666142276,92.9569447702647,-2.2360749835663));
#15089=CARTESIAN_POINT('',(28.3868666142276,96.9569447702649,-2.18607498356628));
#15090=CARTESIAN_POINT('Origin',(28.3868666142276,92.9569447702647,-2.2360749835663));
#15091=CARTESIAN_POINT('',(28.6868666142278,92.9569447702647,-2.2360749835663));
#15092=CARTESIAN_POINT('Origin',(29.3868666142276,96.9569447702647,-2.23607498356627));
#15093=CARTESIAN_POINT('',(29.3868666142276,92.9569447702647,-2.2360749835663));
#15094=CARTESIAN_POINT('',(29.3868666142276,96.956944770265,-2.18607498356628));
#15095=CARTESIAN_POINT('Origin',(29.3868666142276,92.9569447702647,-2.2360749835663));
#15096=CARTESIAN_POINT('',(29.6868666142278,92.9569447702647,-2.2360749835663));
#15097=CARTESIAN_POINT('Origin',(30.3868666142276,96.9569447702647,-2.23607498356627));
#15098=CARTESIAN_POINT('',(30.3868666142276,92.9569447702647,-2.2360749835663));
#15099=CARTESIAN_POINT('',(30.3868666142276,96.956944770265,-2.18607498356628));
#15100=CARTESIAN_POINT('Origin',(30.3868666142276,92.9569447702647,-2.2360749835663));
#15101=CARTESIAN_POINT('',(30.6868666142278,92.9569447702647,-2.2360749835663));
#15102=CARTESIAN_POINT('Origin',(31.3868666142276,96.9569447702647,-2.23607498356627));
#15103=CARTESIAN_POINT('',(31.3868666142276,92.9569447702647,-2.2360749835663));
#15104=CARTESIAN_POINT('',(31.3868666142276,96.956944770265,-2.18607498356628));
#15105=CARTESIAN_POINT('Origin',(31.3868666142276,92.9569447702647,-2.2360749835663));
#15106=CARTESIAN_POINT('',(31.6868666142278,92.9569447702647,-2.2360749835663));
#15107=CARTESIAN_POINT('Origin',(32.3868666142276,96.9569447702647,-2.23607498356627));
#15108=CARTESIAN_POINT('',(32.3868666142276,92.9569447702647,-2.2360749835663));
#15109=CARTESIAN_POINT('',(32.3868666142276,96.9569447702651,-2.18607498356628));
#15110=CARTESIAN_POINT('Origin',(32.3868666142276,92.9569447702647,-2.2360749835663));
#15111=CARTESIAN_POINT('',(32.6868666142278,92.9569447702647,-2.2360749835663));
#15112=CARTESIAN_POINT('Origin',(33.3868666142276,96.9569447702647,-2.23607498356627));
#15113=CARTESIAN_POINT('',(33.3868666142276,92.9569447702647,-2.2360749835663));
#15114=CARTESIAN_POINT('',(33.3868666142276,96.9569447702651,-2.18607498356628));
#15115=CARTESIAN_POINT('Origin',(33.3868666142276,92.9569447702647,-2.2360749835663));
#15116=CARTESIAN_POINT('',(33.6868666142278,92.9569447702647,-2.2360749835663));
#15117=CARTESIAN_POINT('Origin',(14.8868666142276,96.9569447702647,-2.23607498356627));
#15118=CARTESIAN_POINT('',(14.8868666142276,92.9569447702647,-2.2360749835663));
#15119=CARTESIAN_POINT('',(14.8868666142276,96.9569447702644,-2.18607498356628));
#15120=CARTESIAN_POINT('Origin',(14.8868666142276,92.9569447702647,-2.2360749835663));
#15121=CARTESIAN_POINT('',(15.1868666142278,92.9569447702647,-2.2360749835663));
#15122=CARTESIAN_POINT('Origin',(14.1868666142278,92.9569447702647,-2.2360749835663));
#15123=CARTESIAN_POINT('',(14.1868666142278,96.9569447702644,-2.18607498356628));
#15124=CARTESIAN_POINT('',(14.1868666142278,92.9569447702647,-2.2360749835663));
#15125=CARTESIAN_POINT('Origin',(14.3868666142276,96.9569447702647,-2.23607498356627));
#15126=CARTESIAN_POINT('',(14.3868666142276,92.9569447702647,-2.2360749835663));
#15127=CARTESIAN_POINT('',(14.3868666142276,96.9569447702644,-2.18607498356628));
#15128=CARTESIAN_POINT('Origin',(14.3868666142276,92.9569447702647,-2.2360749835663));
#15129=CARTESIAN_POINT('',(14.6868666142278,92.9569447702647,-2.2360749835663));
#15130=CARTESIAN_POINT('Origin',(15.3868666142276,96.9569447702647,-2.23607498356627));
#15131=CARTESIAN_POINT('',(15.3868666142276,92.9569447702647,-2.2360749835663));
#15132=CARTESIAN_POINT('',(15.3868666142276,96.9569447702645,-2.18607498356628));
#15133=CARTESIAN_POINT('Origin',(15.3868666142276,92.9569447702647,-2.2360749835663));
#15134=CARTESIAN_POINT('',(15.6868666142278,92.9569447702647,-2.2360749835663));
#15135=CARTESIAN_POINT('Origin',(32.8868666142276,96.9569447702647,-2.23607498356627));
#15136=CARTESIAN_POINT('',(32.8868666142276,92.9569447702647,-2.2360749835663));
#15137=CARTESIAN_POINT('',(32.8868666142276,96.9569447702651,-2.18607498356628));
#15138=CARTESIAN_POINT('Origin',(32.8868666142276,92.9569447702647,-2.2360749835663));
#15139=CARTESIAN_POINT('',(33.1868666142278,92.9569447702647,-2.2360749835663));
#15140=CARTESIAN_POINT('Origin',(31.8868666142276,96.9569447702647,-2.23607498356627));
#15141=CARTESIAN_POINT('',(31.8868666142276,92.9569447702647,-2.2360749835663));
#15142=CARTESIAN_POINT('',(31.8868666142276,96.956944770265,-2.18607498356628));
#15143=CARTESIAN_POINT('Origin',(31.8868666142276,92.9569447702647,-2.2360749835663));
#15144=CARTESIAN_POINT('',(32.1868666142278,92.9569447702647,-2.2360749835663));
#15145=CARTESIAN_POINT('Origin',(30.8868666142276,96.9569447702647,-2.23607498356627));
#15146=CARTESIAN_POINT('',(30.8868666142276,92.9569447702647,-2.2360749835663));
#15147=CARTESIAN_POINT('',(30.8868666142276,96.956944770265,-2.18607498356628));
#15148=CARTESIAN_POINT('Origin',(30.8868666142276,92.9569447702647,-2.2360749835663));
#15149=CARTESIAN_POINT('',(31.1868666142278,92.9569447702647,-2.2360749835663));
#15150=CARTESIAN_POINT('Origin',(29.8868666142276,96.9569447702647,-2.23607498356627));
#15151=CARTESIAN_POINT('',(29.8868666142276,92.9569447702647,-2.2360749835663));
#15152=CARTESIAN_POINT('',(29.8868666142276,96.956944770265,-2.18607498356628));
#15153=CARTESIAN_POINT('Origin',(29.8868666142276,92.9569447702647,-2.2360749835663));
#15154=CARTESIAN_POINT('',(30.1868666142278,92.9569447702647,-2.2360749835663));
#15155=CARTESIAN_POINT('Origin',(28.8868666142276,96.9569447702647,-2.23607498356627));
#15156=CARTESIAN_POINT('',(28.8868666142276,92.9569447702647,-2.2360749835663));
#15157=CARTESIAN_POINT('',(28.8868666142276,96.9569447702649,-2.18607498356628));
#15158=CARTESIAN_POINT('Origin',(28.8868666142276,92.9569447702647,-2.2360749835663));
#15159=CARTESIAN_POINT('',(29.1868666142278,92.9569447702647,-2.2360749835663));
#15160=CARTESIAN_POINT('Origin',(27.8868666142276,96.9569447702647,-2.23607498356627));
#15161=CARTESIAN_POINT('',(27.8868666142276,92.9569447702647,-2.2360749835663));
#15162=CARTESIAN_POINT('',(27.8868666142276,96.9569447702649,-2.18607498356628));
#15163=CARTESIAN_POINT('Origin',(27.8868666142276,92.9569447702647,-2.2360749835663));
#15164=CARTESIAN_POINT('',(28.1868666142278,92.9569447702647,-2.2360749835663));
#15165=CARTESIAN_POINT('Origin',(26.8868666142276,96.9569447702647,-2.23607498356627));
#15166=CARTESIAN_POINT('',(26.8868666142276,92.9569447702647,-2.2360749835663));
#15167=CARTESIAN_POINT('',(26.8868666142276,96.9569447702649,-2.18607498356628));
#15168=CARTESIAN_POINT('Origin',(26.8868666142276,92.9569447702647,-2.2360749835663));
#15169=CARTESIAN_POINT('',(27.1868666142278,92.9569447702647,-2.2360749835663));
#15170=CARTESIAN_POINT('Origin',(25.8868666142276,96.9569447702647,-2.23607498356627));
#15171=CARTESIAN_POINT('',(25.8868666142276,92.9569447702647,-2.2360749835663));
#15172=CARTESIAN_POINT('',(25.8868666142276,96.9569447702648,-2.18607498356628));
#15173=CARTESIAN_POINT('Origin',(25.8868666142276,92.9569447702647,-2.2360749835663));
#15174=CARTESIAN_POINT('',(26.1868666142278,92.9569447702647,-2.2360749835663));
#15175=CARTESIAN_POINT('Origin',(24.8868666142276,96.9569447702647,-2.23607498356627));
#15176=CARTESIAN_POINT('',(24.8868666142276,92.9569447702647,-2.2360749835663));
#15177=CARTESIAN_POINT('',(24.8868666142276,96.9569447702648,-2.18607498356628));
#15178=CARTESIAN_POINT('Origin',(24.8868666142276,92.9569447702647,-2.2360749835663));
#15179=CARTESIAN_POINT('',(25.1868666142278,92.9569447702647,-2.2360749835663));
#15180=CARTESIAN_POINT('Origin',(23.8868666142276,96.9569447702647,-2.23607498356627));
#15181=CARTESIAN_POINT('',(23.8868666142276,92.9569447702647,-2.2360749835663));
#15182=CARTESIAN_POINT('',(23.8868666142276,96.9569447702648,-2.18607498356628));
#15183=CARTESIAN_POINT('Origin',(23.8868666142276,92.9569447702647,-2.2360749835663));
#15184=CARTESIAN_POINT('',(24.1868666142278,92.9569447702647,-2.2360749835663));
#15185=CARTESIAN_POINT('Origin',(22.8868666142276,96.9569447702647,-2.23607498356627));
#15186=CARTESIAN_POINT('',(22.8868666142276,92.9569447702647,-2.2360749835663));
#15187=CARTESIAN_POINT('',(22.8868666142276,96.9569447702647,-2.18607498356628));
#15188=CARTESIAN_POINT('Origin',(22.8868666142276,92.9569447702647,-2.2360749835663));
#15189=CARTESIAN_POINT('',(23.1868666142278,92.9569447702647,-2.2360749835663));
#15190=CARTESIAN_POINT('Origin',(21.8868666142276,96.9569447702647,-2.23607498356627));
#15191=CARTESIAN_POINT('',(21.8868666142276,92.9569447702647,-2.2360749835663));
#15192=CARTESIAN_POINT('',(21.8868666142276,96.9569447702647,-2.18607498356628));
#15193=CARTESIAN_POINT('Origin',(21.8868666142276,92.9569447702647,-2.2360749835663));
#15194=CARTESIAN_POINT('',(22.1868666142278,92.9569447702647,-2.2360749835663));
#15195=CARTESIAN_POINT('Origin',(20.8868666142276,96.9569447702647,-2.23607498356627));
#15196=CARTESIAN_POINT('',(20.8868666142276,92.9569447702647,-2.2360749835663));
#15197=CARTESIAN_POINT('',(20.8868666142276,96.9569447702647,-2.18607498356628));
#15198=CARTESIAN_POINT('Origin',(20.8868666142276,92.9569447702647,-2.2360749835663));
#15199=CARTESIAN_POINT('',(21.1868666142278,92.9569447702647,-2.2360749835663));
#15200=CARTESIAN_POINT('Origin',(19.8868666142276,96.9569447702647,-2.23607498356627));
#15201=CARTESIAN_POINT('',(19.8868666142276,92.9569447702647,-2.2360749835663));
#15202=CARTESIAN_POINT('',(19.8868666142276,96.9569447702646,-2.18607498356628));
#15203=CARTESIAN_POINT('Origin',(19.8868666142276,92.9569447702647,-2.2360749835663));
#15204=CARTESIAN_POINT('',(20.1868666142278,92.9569447702647,-2.2360749835663));
#15205=CARTESIAN_POINT('Origin',(18.8868666142276,96.9569447702647,-2.23607498356627));
#15206=CARTESIAN_POINT('',(18.8868666142276,92.9569447702647,-2.2360749835663));
#15207=CARTESIAN_POINT('',(18.8868666142276,96.9569447702646,-2.18607498356628));
#15208=CARTESIAN_POINT('Origin',(18.8868666142276,92.9569447702647,-2.2360749835663));
#15209=CARTESIAN_POINT('',(19.1868666142278,92.9569447702647,-2.2360749835663));
#15210=CARTESIAN_POINT('Origin',(17.8868666142276,96.9569447702647,-2.23607498356627));
#15211=CARTESIAN_POINT('',(17.8868666142276,92.9569447702647,-2.2360749835663));
#15212=CARTESIAN_POINT('',(17.8868666142276,96.9569447702646,-2.18607498356628));
#15213=CARTESIAN_POINT('Origin',(17.8868666142276,92.9569447702647,-2.2360749835663));
#15214=CARTESIAN_POINT('',(18.1868666142278,92.9569447702647,-2.2360749835663));
#15215=CARTESIAN_POINT('Origin',(16.8868666142276,96.9569447702647,-2.23607498356627));
#15216=CARTESIAN_POINT('',(16.8868666142276,92.9569447702647,-2.2360749835663));
#15217=CARTESIAN_POINT('',(16.8868666142276,96.9569447702645,-2.18607498356628));
#15218=CARTESIAN_POINT('Origin',(16.8868666142276,92.9569447702647,-2.2360749835663));
#15219=CARTESIAN_POINT('',(17.1868666142278,92.9569447702647,-2.2360749835663));
#15220=CARTESIAN_POINT('Origin',(15.8868666142276,96.9569447702647,-2.23607498356627));
#15221=CARTESIAN_POINT('',(15.8868666142276,92.9569447702647,-2.2360749835663));
#15222=CARTESIAN_POINT('',(15.8868666142276,96.9569447702645,-2.18607498356628));
#15223=CARTESIAN_POINT('Origin',(15.8868666142276,92.9569447702647,-2.2360749835663));
#15224=CARTESIAN_POINT('',(16.1868666142278,92.9569447702647,-2.2360749835663));
#15225=CARTESIAN_POINT('Origin',(14.6868666142278,92.9569447702647,-2.2360749835663));
#15226=CARTESIAN_POINT('',(14.6868666142278,96.9569447702644,-2.18607498356628));
#15227=CARTESIAN_POINT('Origin',(15.6868666142278,92.9569447702647,-2.2360749835663));
#15228=CARTESIAN_POINT('',(15.6868666142278,96.9569447702645,-2.18607498356628));
#15229=CARTESIAN_POINT('Origin',(16.6868666142278,92.9569447702647,-2.2360749835663));
#15230=CARTESIAN_POINT('',(16.6868666142278,96.9569447702645,-2.18607498356628));
#15231=CARTESIAN_POINT('Origin',(17.6868666142278,92.9569447702647,-2.2360749835663));
#15232=CARTESIAN_POINT('',(17.6868666142278,96.9569447702645,-2.18607498356628));
#15233=CARTESIAN_POINT('Origin',(18.6868666142278,92.9569447702647,-2.2360749835663));
#15234=CARTESIAN_POINT('',(18.6868666142278,96.9569447702646,-2.18607498356628));
#15235=CARTESIAN_POINT('Origin',(19.6868666142278,92.9569447702647,-2.2360749835663));
#15236=CARTESIAN_POINT('',(19.6868666142278,96.9569447702646,-2.18607498356628));
#15237=CARTESIAN_POINT('Origin',(20.6868666142278,92.9569447702647,-2.2360749835663));
#15238=CARTESIAN_POINT('',(20.6868666142278,96.9569447702646,-2.18607498356628));
#15239=CARTESIAN_POINT('Origin',(21.6868666142278,92.9569447702647,-2.2360749835663));
#15240=CARTESIAN_POINT('',(21.6868666142278,96.9569447702647,-2.18607498356628));
#15241=CARTESIAN_POINT('Origin',(22.6868666142278,92.9569447702647,-2.2360749835663));
#15242=CARTESIAN_POINT('',(22.6868666142278,96.9569447702647,-2.18607498356628));
#15243=CARTESIAN_POINT('Origin',(23.6868666142278,92.9569447702647,-2.2360749835663));
#15244=CARTESIAN_POINT('',(23.6868666142278,96.9569447702648,-2.18607498356628));
#15245=CARTESIAN_POINT('Origin',(24.6868666142278,92.9569447702647,-2.2360749835663));
#15246=CARTESIAN_POINT('',(24.6868666142278,96.9569447702648,-2.18607498356628));
#15247=CARTESIAN_POINT('Origin',(25.6868666142278,92.9569447702647,-2.2360749835663));
#15248=CARTESIAN_POINT('',(25.6868666142278,96.9569447702648,-2.18607498356628));
#15249=CARTESIAN_POINT('Origin',(26.6868666142278,92.9569447702647,-2.2360749835663));
#15250=CARTESIAN_POINT('',(26.6868666142278,96.9569447702649,-2.18607498356628));
#15251=CARTESIAN_POINT('Origin',(27.6868666142278,92.9569447702647,-2.2360749835663));
#15252=CARTESIAN_POINT('',(27.6868666142278,96.9569447702649,-2.18607498356628));
#15253=CARTESIAN_POINT('Origin',(28.6868666142278,92.9569447702647,-2.2360749835663));
#15254=CARTESIAN_POINT('',(28.6868666142278,96.9569447702649,-2.18607498356628));
#15255=CARTESIAN_POINT('Origin',(29.6868666142278,92.9569447702647,-2.2360749835663));
#15256=CARTESIAN_POINT('',(29.6868666142278,96.956944770265,-2.18607498356628));
#15257=CARTESIAN_POINT('Origin',(30.6868666142278,92.9569447702647,-2.2360749835663));
#15258=CARTESIAN_POINT('',(30.6868666142278,96.956944770265,-2.18607498356628));
#15259=CARTESIAN_POINT('Origin',(31.6868666142278,92.9569447702647,-2.2360749835663));
#15260=CARTESIAN_POINT('',(31.6868666142278,96.956944770265,-2.18607498356628));
#15261=CARTESIAN_POINT('Origin',(32.6868666142278,92.9569447702647,-2.2360749835663));
#15262=CARTESIAN_POINT('',(32.6868666142278,96.9569447702651,-2.18607498356628));
#15263=CARTESIAN_POINT('Origin',(33.6868666142278,92.9569447702647,-2.2360749835663));
#15264=CARTESIAN_POINT('',(33.6868666142278,96.9569447702651,-2.18607498356628));
#15265=CARTESIAN_POINT('Origin',(33.1868666142278,92.9569447702647,-2.2360749835663));
#15266=CARTESIAN_POINT('',(33.1868666142278,96.9569447702651,-2.18607498356628));
#15267=CARTESIAN_POINT('Origin',(32.1868666142278,92.9569447702647,-2.2360749835663));
#15268=CARTESIAN_POINT('',(32.1868666142278,96.9569447702651,-2.18607498356628));
#15269=CARTESIAN_POINT('Origin',(31.1868666142278,92.9569447702647,-2.2360749835663));
#15270=CARTESIAN_POINT('',(31.1868666142278,96.956944770265,-2.18607498356628));
#15271=CARTESIAN_POINT('Origin',(30.1868666142278,92.9569447702647,-2.2360749835663));
#15272=CARTESIAN_POINT('',(30.1868666142278,96.956944770265,-2.18607498356628));
#15273=CARTESIAN_POINT('Origin',(29.1868666142278,92.9569447702647,-2.2360749835663));
#15274=CARTESIAN_POINT('',(29.1868666142278,96.9569447702649,-2.18607498356628));
#15275=CARTESIAN_POINT('Origin',(28.1868666142278,92.9569447702647,-2.2360749835663));
#15276=CARTESIAN_POINT('',(28.1868666142278,96.9569447702649,-2.18607498356628));
#15277=CARTESIAN_POINT('Origin',(27.1868666142278,92.9569447702647,-2.2360749835663));
#15278=CARTESIAN_POINT('',(27.1868666142278,96.9569447702649,-2.18607498356628));
#15279=CARTESIAN_POINT('Origin',(26.1868666142278,92.9569447702647,-2.2360749835663));
#15280=CARTESIAN_POINT('',(26.1868666142278,96.9569447702648,-2.18607498356628));
#15281=CARTESIAN_POINT('Origin',(25.1868666142278,92.9569447702647,-2.2360749835663));
#15282=CARTESIAN_POINT('',(25.1868666142278,96.9569447702648,-2.18607498356628));
#15283=CARTESIAN_POINT('Origin',(24.1868666142278,92.9569447702647,-2.2360749835663));
#15284=CARTESIAN_POINT('',(24.1868666142278,96.9569447702648,-2.18607498356628));
#15285=CARTESIAN_POINT('Origin',(23.1868666142278,92.9569447702647,-2.2360749835663));
#15286=CARTESIAN_POINT('',(23.1868666142278,96.9569447702648,-2.18607498356628));
#15287=CARTESIAN_POINT('Origin',(22.1868666142278,92.9569447702647,-2.2360749835663));
#15288=CARTESIAN_POINT('',(22.1868666142278,96.9569447702647,-2.18607498356628));
#15289=CARTESIAN_POINT('Origin',(21.1868666142278,92.9569447702647,-2.2360749835663));
#15290=CARTESIAN_POINT('',(21.1868666142278,96.9569447702647,-2.18607498356628));
#15291=CARTESIAN_POINT('Origin',(20.1868666142278,92.9569447702647,-2.2360749835663));
#15292=CARTESIAN_POINT('',(20.1868666142278,96.9569447702646,-2.18607498356628));
#15293=CARTESIAN_POINT('Origin',(19.1868666142278,92.9569447702647,-2.2360749835663));
#15294=CARTESIAN_POINT('',(19.1868666142278,96.9569447702646,-2.18607498356628));
#15295=CARTESIAN_POINT('Origin',(18.1868666142278,92.9569447702647,-2.2360749835663));
#15296=CARTESIAN_POINT('',(18.1868666142278,96.9569447702646,-2.18607498356628));
#15297=CARTESIAN_POINT('Origin',(17.1868666142278,92.9569447702647,-2.2360749835663));
#15298=CARTESIAN_POINT('',(17.1868666142278,96.9569447702645,-2.18607498356628));
#15299=CARTESIAN_POINT('Origin',(16.1868666142278,92.9569447702647,-2.2360749835663));
#15300=CARTESIAN_POINT('',(16.1868666142278,96.9569447702645,-2.18607498356628));
#15301=CARTESIAN_POINT('Origin',(15.1868666142278,92.9569447702647,-2.2360749835663));
#15302=CARTESIAN_POINT('',(15.1868666142278,96.9569447702645,-2.18607498356628));
#15303=CARTESIAN_POINT('Origin',(13.8868666142276,92.9569447702647,-2.2360749835663));
#15304=CARTESIAN_POINT('',(13.8868666142276,92.9569447702647,-2.2360749835663));
#15305=CARTESIAN_POINT('Origin',(13.8868666142276,96.9569447702647,-2.23607498356627));
#15306=CARTESIAN_POINT('',(13.8868666142276,96.9569447702644,-2.18607498356628));
#15307=CARTESIAN_POINT('Origin',(13.736866614228,96.9569447702644,-2.13607498356628));
#15308=CARTESIAN_POINT('',(13.7368666142279,96.9569447702644,-1.93607498356628));
#15309=CARTESIAN_POINT('',(13.7368666142279,96.9569447702644,-2.13607498356628));
#15310=CARTESIAN_POINT('',(33.8368666142282,96.9569447702644,-1.93607498356628));
#15311=CARTESIAN_POINT('',(13.7368666142279,96.9569447702644,-1.93607498356628));
#15312=CARTESIAN_POINT('',(33.8368666142282,96.9569447702644,-2.13607498356628));
#15313=CARTESIAN_POINT('Origin',(13.5368666142279,91.9569447702644,-2.13607498356631));
#15314=CARTESIAN_POINT('',(34.0368666142282,91.9569447702644,-1.93607498356631));
#15315=CARTESIAN_POINT('',(34.0368666142282,91.9569447702644,-2.13607498356631));
#15316=CARTESIAN_POINT('',(13.5368666142279,91.9569447702644,-1.93607498356631));
#15317=CARTESIAN_POINT('',(34.0368666142282,91.9569447702644,-1.93607498356631));
#15318=CARTESIAN_POINT('',(13.5368666142279,91.9569447702644,-2.13607498356631));
#15319=CARTESIAN_POINT('Origin',(23.786866614228,94.440837990141,-1.93607498356629));
#15320=CARTESIAN_POINT('',(13.5368666142279,96.7569447702644,-1.93607498356627));
#15321=CARTESIAN_POINT('',(13.5368666142279,91.9569447702644,-1.93607498356631));
#15322=CARTESIAN_POINT('',(34.0368666142282,96.7569447702644,-1.93607498356627));
#15323=CARTESIAN_POINT('',(34.0368666142282,96.7569447702644,-1.93607498356627));
#15324=CARTESIAN_POINT('Origin',(33.8368666142282,96.7569447702644,-1.93607498356627));
#15325=CARTESIAN_POINT('Origin',(13.7368666142279,96.7569447702644,-1.93607498356627));
#15326=CARTESIAN_POINT('Origin',(25.6932786301421,52.5172308315783,-0.79999999999999));
#15327=CARTESIAN_POINT('Origin',(18.9968666142287,53.6989398177484,-2.13607498356664));
#15328=CARTESIAN_POINT('',(18.9968666142287,53.6989398177484,-2.13607498356664));
#15329=CARTESIAN_POINT('Origin',(18.9968666142287,53.1989398177484,-2.13607498356664));
#15330=CARTESIAN_POINT('Origin',(48.580506614229,52.5281677864534,-5.55111512312578E-16));
#15331=CARTESIAN_POINT('Origin',(47.5805066142285,73.3969468142596,-2.13607498356648));
#15332=CARTESIAN_POINT('',(47.5805066142285,74.3969468142595,-2.13607498356647));
#15333=CARTESIAN_POINT('Origin',(35.0368666142282,74.3969468142595,-2.13607498356646));
#15334=CARTESIAN_POINT('',(35.0368666142282,74.3969468142595,-2.13607498356646));
#15335=CARTESIAN_POINT('Origin',(35.0368666142282,75.3969468142595,-2.13607498356645));
#15336=CARTESIAN_POINT('',(34.0368666142282,75.3969468142596,-2.13607498356645));
#15337=CARTESIAN_POINT('Origin',(34.0368666142282,96.7569447702644,-2.13607498356627));
#15338=CARTESIAN_POINT('',(34.0368666142282,96.7569447702644,-2.13607498356627));
#15339=CARTESIAN_POINT('Origin',(33.8368666142275,96.7569447702644,-2.13607498356627));
#15340=CARTESIAN_POINT('Origin',(13.736866614228,96.7569447702644,-2.13607498356627));
#15341=CARTESIAN_POINT('',(13.5368666142279,96.7569447702644,-2.13607498356627));
#15342=CARTESIAN_POINT('Origin',(13.5368666142282,75.3969468142596,-2.13607498356645));
#15343=CARTESIAN_POINT('',(13.5368666142282,75.3969468142596,-2.13607498356645));
#15344=CARTESIAN_POINT('Origin',(12.5368666142282,75.3969468142596,-2.13607498356645));
#15345=CARTESIAN_POINT('',(12.5368666142282,74.3969468142596,-2.13607498356646));
#15346=CARTESIAN_POINT('Origin',(1.58686661422837,74.3969468142596,-2.13607498356646));
#15347=CARTESIAN_POINT('',(1.58686661422837,74.3969468142596,-2.13607498356646));
#15348=CARTESIAN_POINT('Origin',(1.58686661422837,73.3969468142596,-2.13607498356647));
#15349=CARTESIAN_POINT('',(0.586866614228376,73.3969468142596,-2.13607498356647));
#15350=CARTESIAN_POINT('Origin',(0.586866614228374,54.6989398177484,-2.13607498356663));
#15351=CARTESIAN_POINT('',(0.586866614228374,54.6989398177484,-2.13607498356663));
#15352=CARTESIAN_POINT('Origin',(1.58686661422837,54.6989398177484,-2.13607498356663));
#15353=CARTESIAN_POINT('',(1.58686661422837,53.6989398177484,-2.13607498356664));
#15354=CARTESIAN_POINT('Origin',(3.08686661422927,53.6989398177484,-2.13607498356664));
#15355=CARTESIAN_POINT('Origin',(6.58686661422973,52.5281677864533,1.05408642289244E-14));
#15356=CARTESIAN_POINT('',(3.08686661422951,52.5281677864534,0.100000000000011));
#15357=CARTESIAN_POINT('Origin',(24.0701945617051,32.5090172706854,0.100000000000015));
#15358=CARTESIAN_POINT('',(-63.5565007813631,-60.1476851599378,-16.6066431595503));
#15359=CARTESIAN_POINT('',(-36.6365263744177,-112.030312516272,-15.6584120895503));
#15360=CARTESIAN_POINT('',(0.,0.,0.));
#15361=CARTESIAN_POINT('',(0.,0.,0.));
#15362=CARTESIAN_POINT('Origin',(60.13,-20.99,0.1));
#15363=CARTESIAN_POINT('',(60.03,35.26,0.));
#15364=CARTESIAN_POINT('',(60.2299999999999,35.26,0.2));
#15365=CARTESIAN_POINT('',(60.03,35.26,0.));
#15366=CARTESIAN_POINT('',(60.23,-39.74,0.2));
#15367=CARTESIAN_POINT('',(60.23,-20.99,0.2));
#15368=CARTESIAN_POINT('',(60.03,-39.74,0.));
#15369=CARTESIAN_POINT('',(60.23,-39.74,0.2));
#15370=CARTESIAN_POINT('',(60.03,-20.99,0.));
#15371=CARTESIAN_POINT('Origin',(59.9299999999999,35.26,0.1));
#15372=CARTESIAN_POINT('',(59.9299999999999,35.36,0.));
#15373=CARTESIAN_POINT('',(59.9299999999999,35.56,0.2));
#15374=CARTESIAN_POINT('',(59.9299999999999,35.36,0.));
#15375=CARTESIAN_POINT('Origin',(59.9299999999999,35.26,0.2));
#15376=CARTESIAN_POINT('Origin',(59.9299999999999,35.26,0.));
#15377=CARTESIAN_POINT('Origin',(29.9549999999999,35.46,0.1));
#15378=CARTESIAN_POINT('',(-59.9700000000001,35.36,0.));
#15379=CARTESIAN_POINT('',(-59.9700000000001,35.56,0.2));
#15380=CARTESIAN_POINT('',(-59.9700000000001,35.36,0.));
#15381=CARTESIAN_POINT('',(29.9549999999999,35.56,0.2));
#15382=CARTESIAN_POINT('',(29.9549999999999,35.36,0.));
#15383=CARTESIAN_POINT('Origin',(-59.9700000000001,35.26,0.1));
#15384=CARTESIAN_POINT('',(-60.0700000000001,35.26,0.));
#15385=CARTESIAN_POINT('',(-60.2700000000001,35.26,0.2));
#15386=CARTESIAN_POINT('',(-60.0700000000001,35.26,0.));
#15387=CARTESIAN_POINT('Origin',(-59.9700000000001,35.26,0.2));
#15388=CARTESIAN_POINT('Origin',(-59.9700000000001,35.26,0.));
#15389=CARTESIAN_POINT('Origin',(-60.1700000000001,16.51,0.1));
#15390=CARTESIAN_POINT('',(-60.0700000000001,-39.74,0.));
#15391=CARTESIAN_POINT('',(-60.27,-39.74,0.2));
#15392=CARTESIAN_POINT('',(-60.0700000000001,-39.74,0.));
#15393=CARTESIAN_POINT('',(-60.2700000000001,16.51,0.2));
#15394=CARTESIAN_POINT('',(-60.0700000000001,16.51,0.));
#15395=CARTESIAN_POINT('Origin',(-59.97,-39.74,0.1));
#15396=CARTESIAN_POINT('',(-59.97,-39.84,0.));
#15397=CARTESIAN_POINT('',(-59.97,-40.04,0.2));
#15398=CARTESIAN_POINT('',(-59.97,-39.84,0.));
#15399=CARTESIAN_POINT('Origin',(-59.97,-39.74,0.2));
#15400=CARTESIAN_POINT('Origin',(-59.97,-39.74,0.));
#15401=CARTESIAN_POINT('Origin',(-29.995,-39.94,0.1));
#15402=CARTESIAN_POINT('',(59.93,-39.84,0.));
#15403=CARTESIAN_POINT('',(59.93,-40.04,0.2));
#15404=CARTESIAN_POINT('',(59.93,-39.84,0.));
#15405=CARTESIAN_POINT('',(-29.995,-40.04,0.2));
#15406=CARTESIAN_POINT('',(-29.995,-39.84,0.));
#15407=CARTESIAN_POINT('Origin',(59.93,-39.74,0.1));
#15408=CARTESIAN_POINT('Origin',(59.93,-39.74,0.2));
#15409=CARTESIAN_POINT('Origin',(59.93,-39.74,0.));
#15410=CARTESIAN_POINT('Origin',(-59.97,-39.74,0.));
#15411=CARTESIAN_POINT('',(-59.97,-40.04,0.9));
#15412=CARTESIAN_POINT('',(-59.97,-40.04,0.));
#15413=CARTESIAN_POINT('',(-60.27,-39.74,0.9));
#15414=CARTESIAN_POINT('Origin',(-59.97,-39.74,0.9));
#15415=CARTESIAN_POINT('',(-60.27,-39.74,0.));
#15416=CARTESIAN_POINT('Origin',(-59.97,-40.04,0.));
#15417=CARTESIAN_POINT('',(59.93,-40.04,0.9));
#15418=CARTESIAN_POINT('',(59.93,-40.04,0.));
#15419=CARTESIAN_POINT('',(-29.995,-40.04,0.9));
#15420=CARTESIAN_POINT('Origin',(59.93,-39.74,0.));
#15421=CARTESIAN_POINT('',(60.23,-39.74,0.9));
#15422=CARTESIAN_POINT('',(60.23,-39.74,0.));
#15423=CARTESIAN_POINT('Origin',(59.93,-39.74,0.9));
#15424=CARTESIAN_POINT('Origin',(60.23,-39.74,0.));
#15425=CARTESIAN_POINT('',(60.2299999999999,35.26,0.9));
#15426=CARTESIAN_POINT('',(60.2299999999999,35.26,0.));
#15427=CARTESIAN_POINT('',(60.23,-20.99,0.9));
#15428=CARTESIAN_POINT('Origin',(-0.0200000000000407,-2.23999999999999,
0.));
#15429=CARTESIAN_POINT('',(54.3,-32.7,0.));
#15430=CARTESIAN_POINT('',(54.3,32.7,0.));
#15431=CARTESIAN_POINT('',(54.3,-17.47,0.));
#15432=CARTESIAN_POINT('',(-54.3,32.7,0.));
#15433=CARTESIAN_POINT('',(27.14,32.7,0.));
#15434=CARTESIAN_POINT('',(-54.3,-32.7,0.));
#15435=CARTESIAN_POINT('',(-54.3,15.23,0.));
#15436=CARTESIAN_POINT('',(-27.16,-32.7,0.));
#15437=CARTESIAN_POINT('Origin',(60.13,-20.99,1.));
#15438=CARTESIAN_POINT('',(60.03,35.26,1.1));
#15439=CARTESIAN_POINT('',(60.2299999999999,35.26,0.9));
#15440=CARTESIAN_POINT('',(60.03,-39.74,1.1));
#15441=CARTESIAN_POINT('',(60.03,-20.99,1.1));
#15442=CARTESIAN_POINT('',(60.03,-39.74,1.1));
#15443=CARTESIAN_POINT('Origin',(59.9299999999999,35.26,1.));
#15444=CARTESIAN_POINT('',(59.9299999999999,35.56,0.9));
#15445=CARTESIAN_POINT('',(59.9299999999999,35.36,1.1));
#15446=CARTESIAN_POINT('',(59.9299999999999,35.56,0.9));
#15447=CARTESIAN_POINT('Origin',(59.9299999999999,35.26,1.1));
#15448=CARTESIAN_POINT('Origin',(59.9299999999999,35.26,0.9));
#15449=CARTESIAN_POINT('Origin',(29.9549999999999,35.46,1.));
#15450=CARTESIAN_POINT('',(-59.9700000000001,35.56,0.9));
#15451=CARTESIAN_POINT('',(-59.9700000000001,35.36,1.1));
#15452=CARTESIAN_POINT('',(-59.9700000000001,35.56,0.9));
#15453=CARTESIAN_POINT('',(29.9549999999999,35.36,1.1));
#15454=CARTESIAN_POINT('',(29.9549999999999,35.56,0.9));
#15455=CARTESIAN_POINT('Origin',(-59.9700000000001,35.26,1.));
#15456=CARTESIAN_POINT('',(-60.2700000000001,35.26,0.9));
#15457=CARTESIAN_POINT('',(-60.0700000000001,35.26,1.1));
#15458=CARTESIAN_POINT('',(-60.2700000000001,35.26,0.9));
#15459=CARTESIAN_POINT('Origin',(-59.9700000000001,35.26,1.1));
#15460=CARTESIAN_POINT('Origin',(-59.9700000000001,35.26,0.9));
#15461=CARTESIAN_POINT('Origin',(-60.1700000000001,16.51,1.));
#15462=CARTESIAN_POINT('',(-60.0700000000001,-39.74,1.1));
#15463=CARTESIAN_POINT('',(-60.27,-39.74,0.9));
#15464=CARTESIAN_POINT('',(-60.0700000000001,16.51,1.1));
#15465=CARTESIAN_POINT('',(-60.2700000000001,16.51,0.9));
#15466=CARTESIAN_POINT('Origin',(-59.97,-39.74,1.));
#15467=CARTESIAN_POINT('',(-59.97,-39.84,1.1));
#15468=CARTESIAN_POINT('',(-59.97,-40.04,0.9));
#15469=CARTESIAN_POINT('Origin',(-59.97,-39.74,1.1));
#15470=CARTESIAN_POINT('Origin',(-29.995,-39.94,1.));
#15471=CARTESIAN_POINT('',(59.93,-39.84,1.1));
#15472=CARTESIAN_POINT('',(59.93,-40.04,0.9));
#15473=CARTESIAN_POINT('',(-29.995,-39.84,1.1));
#15474=CARTESIAN_POINT('Origin',(59.93,-39.74,1.));
#15475=CARTESIAN_POINT('Origin',(59.93,-39.74,1.1));
#15476=CARTESIAN_POINT('Origin',(-59.9700000000001,35.26,0.));
#15477=CARTESIAN_POINT('',(-60.2700000000001,35.26,0.));
#15478=CARTESIAN_POINT('',(-59.9700000000001,35.56,0.));
#15479=CARTESIAN_POINT('Origin',(59.9299999999999,35.56,0.));
#15480=CARTESIAN_POINT('',(59.9299999999999,35.56,0.));
#15481=CARTESIAN_POINT('Origin',(59.9299999999999,35.26,0.));
#15482=CARTESIAN_POINT('Origin',(-0.0200000000000407,-2.23999999999999,
1.1));
#15483=CARTESIAN_POINT('',(54.3,32.7,1.1));
#15484=CARTESIAN_POINT('',(54.3,-32.7,1.1));
#15485=CARTESIAN_POINT('',(54.3,-17.47,1.1));
#15486=CARTESIAN_POINT('',(-54.3,-32.7,1.1));
#15487=CARTESIAN_POINT('',(-27.16,-32.7,1.1));
#15488=CARTESIAN_POINT('',(-54.3,32.7,1.1));
#15489=CARTESIAN_POINT('',(-54.3,15.23,1.1));
#15490=CARTESIAN_POINT('',(27.14,32.7,1.1));
#15491=CARTESIAN_POINT('Origin',(54.3,-32.7,0.));
#15492=CARTESIAN_POINT('',(54.3,-32.7,0.));
#15493=CARTESIAN_POINT('',(54.3,32.7,0.));
#15494=CARTESIAN_POINT('Origin',(-54.3,-32.7,0.));
#15495=CARTESIAN_POINT('',(-54.3,-32.7,0.));
#15496=CARTESIAN_POINT('Origin',(-54.3,32.7,0.));
#15497=CARTESIAN_POINT('',(-54.3,32.7,0.));
#15498=CARTESIAN_POINT('Origin',(54.3,32.7,0.));
#15499=CARTESIAN_POINT('Origin',(-60.2700000000001,35.26,0.));
#15500=CARTESIAN_POINT('Origin',(54.3,-32.7,1.1));
#15501=CARTESIAN_POINT('',(-54.3,-32.7,1.1));
#15502=CARTESIAN_POINT('',(54.3,-32.7,1.1));
#15503=CARTESIAN_POINT('',(-54.3,-32.7,1.1));
#15504=CARTESIAN_POINT('',(-54.3,-32.7,0.));
#15505=CARTESIAN_POINT('',(-54.3,-32.7,1.1));
#15506=CARTESIAN_POINT('',(54.3,-32.7,0.));
#15507=CARTESIAN_POINT('',(-54.3,-32.7,0.));
#15508=CARTESIAN_POINT('',(54.3,-32.7,1.1));
#15509=CARTESIAN_POINT('Origin',(54.3,32.7,1.1));
#15510=CARTESIAN_POINT('',(54.3,32.7,1.1));
#15511=CARTESIAN_POINT('',(54.3,-32.7,1.1));
#15512=CARTESIAN_POINT('',(54.3,32.7,0.));
#15513=CARTESIAN_POINT('',(54.3,-32.7,0.));
#15514=CARTESIAN_POINT('',(54.3,32.7,1.1));
#15515=CARTESIAN_POINT('Origin',(-54.3,32.7,1.1));
#15516=CARTESIAN_POINT('',(-54.3,32.7,1.1));
#15517=CARTESIAN_POINT('',(54.3,32.7,1.1));
#15518=CARTESIAN_POINT('',(-54.3,32.7,0.));
#15519=CARTESIAN_POINT('',(54.3,32.7,0.));
#15520=CARTESIAN_POINT('',(-54.3,32.7,1.1));
#15521=CARTESIAN_POINT('Origin',(-54.3,-32.7,1.1));
#15522=CARTESIAN_POINT('',(-54.3,32.7,1.1));
#15523=CARTESIAN_POINT('',(-54.3,32.7,0.));
#15524=CARTESIAN_POINT('Origin',(-1.93255373389924E-14,7.65671051465625E-15,
1.1));
#15525=CARTESIAN_POINT('Origin',(-1.77635683940025E-14,8.88178419700125E-15,
0.));
#15526=CARTESIAN_POINT('',(0.,0.,0.));
#15527=CARTESIAN_POINT('Origin',(-59.95,37.4,0.));
#15528=CARTESIAN_POINT('',(-59.95,37.4,0.));
#15529=CARTESIAN_POINT('',(-59.95,-37.4,0.));
#15530=CARTESIAN_POINT('',(-59.95,37.4,0.));
#15531=CARTESIAN_POINT('',(-59.95,-37.4,0.2));
#15532=CARTESIAN_POINT('',(-59.95,-37.4,0.));
#15533=CARTESIAN_POINT('',(-59.95,37.4,0.2));
#15534=CARTESIAN_POINT('',(-59.95,37.4,0.2));
#15535=CARTESIAN_POINT('',(-59.95,37.4,0.));
#15536=CARTESIAN_POINT('Origin',(59.95,37.4,0.));
#15537=CARTESIAN_POINT('',(59.95,37.4,0.));
#15538=CARTESIAN_POINT('',(59.95,37.4,0.));
#15539=CARTESIAN_POINT('',(59.95,37.4,0.2));
#15540=CARTESIAN_POINT('',(59.95,37.4,0.2));
#15541=CARTESIAN_POINT('',(59.95,37.4,0.));
#15542=CARTESIAN_POINT('Origin',(59.95,-37.4,0.));
#15543=CARTESIAN_POINT('',(59.95,-37.4,0.));
#15544=CARTESIAN_POINT('',(59.95,-37.4,0.));
#15545=CARTESIAN_POINT('',(59.95,-37.4,0.2));
#15546=CARTESIAN_POINT('',(59.95,-37.4,0.2));
#15547=CARTESIAN_POINT('',(59.95,-37.4,0.));
#15548=CARTESIAN_POINT('Origin',(-59.95,-37.4,0.));
#15549=CARTESIAN_POINT('',(-59.95,-37.4,0.));
#15550=CARTESIAN_POINT('',(-59.95,-37.4,0.2));
#15551=CARTESIAN_POINT('Origin',(0.,0.,0.2));
#15552=CARTESIAN_POINT('Origin',(0.,0.,0.));
#15553=CARTESIAN_POINT('',(0.,0.,0.));
#15554=CARTESIAN_POINT('Origin',(-59.95,37.4,0.));
#15555=CARTESIAN_POINT('',(-59.95,37.4,0.));
#15556=CARTESIAN_POINT('',(-59.95,-37.4,0.));
#15557=CARTESIAN_POINT('',(-59.95,37.4,0.));
#15558=CARTESIAN_POINT('',(-59.95,-37.4,0.55));
#15559=CARTESIAN_POINT('',(-59.95,-37.4,0.));
#15560=CARTESIAN_POINT('',(-59.95,37.4,0.55));
#15561=CARTESIAN_POINT('',(-59.95,37.4,0.55));
#15562=CARTESIAN_POINT('',(-59.95,37.4,0.));
#15563=CARTESIAN_POINT('Origin',(59.95,37.4,0.));
#15564=CARTESIAN_POINT('',(59.95,37.4,0.));
#15565=CARTESIAN_POINT('',(59.95,37.4,0.));
#15566=CARTESIAN_POINT('',(59.95,37.4,0.55));
#15567=CARTESIAN_POINT('',(59.95,37.4,0.55));
#15568=CARTESIAN_POINT('',(59.95,37.4,0.));
#15569=CARTESIAN_POINT('Origin',(59.95,-37.4,0.));
#15570=CARTESIAN_POINT('',(59.95,-37.4,0.));
#15571=CARTESIAN_POINT('',(59.95,-37.4,0.));
#15572=CARTESIAN_POINT('',(59.95,-37.4,0.55));
#15573=CARTESIAN_POINT('',(59.95,-37.4,0.55));
#15574=CARTESIAN_POINT('',(59.95,-37.4,0.));
#15575=CARTESIAN_POINT('Origin',(-59.95,-37.4,0.));
#15576=CARTESIAN_POINT('',(-59.95,-37.4,0.));
#15577=CARTESIAN_POINT('',(-59.95,-37.4,0.55));
#15578=CARTESIAN_POINT('Origin',(0.,0.,0.55));
#15579=CARTESIAN_POINT('Origin',(0.,0.,0.));
#15580=CARTESIAN_POINT('',(0.,0.,0.));
#15581=CARTESIAN_POINT('Origin',(16.6918080394673,88.9037143164321,-5.068411603131));
#15582=CARTESIAN_POINT('',(31.922784071875,65.6804336409278,-5.06841160313103));
#15583=CARTESIAN_POINT('',(4.93456528512821,65.6804336409278,-5.06841160313103));
#15584=CARTESIAN_POINT('',(8.34590401973364,65.6804336409278,-5.06841160313103));
#15585=CARTESIAN_POINT('',(4.58329515642879,66.3261357894258,-5.06841160313103));
#15586=CARTESIAN_POINT('Origin',(0.378674678500033,63.6203703456776,-5.06841160313103));
#15587=CARTESIAN_POINT('',(1.72405420057123,70.7692493276335,-5.06841160313103));
#15588=CARTESIAN_POINT('',(4.58329515642879,66.3261357894258,-5.06841160313103));
#15589=CARTESIAN_POINT('',(0.928674678499988,73.4750147713815,-5.06841160313102));
#15590=CARTESIAN_POINT('Origin',(5.92867467849999,73.4750147713815,-5.06841160313102));
#15591=CARTESIAN_POINT('',(0.928674678503176,76.3573724870339,-5.06841160313102));
#15592=CARTESIAN_POINT('',(0.928674678503171,73.3848324463963,-5.06841160313102));
#15593=CARTESIAN_POINT('',(1.92867467850362,75.3573724870339,-5.06841160313102));
#15594=CARTESIAN_POINT('Origin',(1.9286746785034,76.3573724870341,-5.06841160313102));
#15595=CARTESIAN_POINT('',(34.9286746785032,75.3573724870339,-5.06841160313102));
#15596=CARTESIAN_POINT('',(25.8102413589852,75.3573724870339,-5.06841160313102));
#15597=CARTESIAN_POINT('',(35.9286746785032,76.3573724870339,-5.06841160313102));
#15598=CARTESIAN_POINT('Origin',(34.9286746785032,76.3573724870339,-5.06841160313102));
#15599=CARTESIAN_POINT('',(35.9286746785032,73.4750147713815,-5.06841160313102));
#15600=CARTESIAN_POINT('',(35.9286746785032,108.357372487034,-5.06841160313098));
#15601=CARTESIAN_POINT('',(35.1332951564319,70.7692493276335,-5.06841160313103));
#15602=CARTESIAN_POINT('Origin',(30.9286746785032,73.4750147713815,-5.06841160313102));
#15603=CARTESIAN_POINT('',(32.2740542005744,66.3261357894258,-5.06841160313103));
#15604=CARTESIAN_POINT('',(35.1332951564319,70.7692493276335,-5.06841160313103));
#15605=CARTESIAN_POINT('Origin',(36.4786746785031,63.6203703456776,-5.06841160313103));
#15606=CARTESIAN_POINT('Ctrl Pts',(31.4897217248314,64.5804336409279,-3.86841160313103));
#15607=CARTESIAN_POINT('Ctrl Pts',(31.5067190568134,64.5804336409279,-4.12368590309214));
#15608=CARTESIAN_POINT('Ctrl Pts',(31.5921693837286,64.7990088912145,-4.71545017153324));
#15609=CARTESIAN_POINT('Ctrl Pts',(31.7822385584966,65.3696131017336,-4.96841160313103));
#15610=CARTESIAN_POINT('Ctrl Pts',(31.922784071875,65.6804336409278,-4.96841160313103));
#15611=CARTESIAN_POINT('Ctrl Pts',(31.4897217248314,64.5471003075945,-3.86841160313103));
#15612=CARTESIAN_POINT('Ctrl Pts',(31.5067190568134,64.5471003075945,-4.13142148793944));
#15613=CARTESIAN_POINT('Ctrl Pts',(31.5921693837286,64.7722990503141,-4.74111800693937));
#15614=CARTESIAN_POINT('Ctrl Pts',(31.7822385584966,65.3601942975156,-5.00174493646437));
#15615=CARTESIAN_POINT('Ctrl Pts',(31.922784071875,65.6804336409278,-5.00174493646437));
#15616=CARTESIAN_POINT('Ctrl Pts',(31.4897217248314,64.5137669742612,-3.86841160313103));
#15617=CARTESIAN_POINT('Ctrl Pts',(31.5067190568134,64.5137669742612,-4.13915707278675));
#15618=CARTESIAN_POINT('Ctrl Pts',(31.5921693837286,64.7455892094137,-4.7667858423455));
#15619=CARTESIAN_POINT('Ctrl Pts',(31.7822385584966,65.3507754932975,-5.0350782697977));
#15620=CARTESIAN_POINT('Ctrl Pts',(31.922784071875,65.6804336409278,-5.03507826979769));
#15621=CARTESIAN_POINT('Ctrl Pts',(31.4897217248314,64.4804336409278,-3.86841160313103));
#15622=CARTESIAN_POINT('Ctrl Pts',(31.5067190568134,64.4804336409278,-4.14689265763406));
#15623=CARTESIAN_POINT('Ctrl Pts',(31.5921693837286,64.7188793685133,-4.79245367775162));
#15624=CARTESIAN_POINT('Ctrl Pts',(31.7822385584966,65.3413566890795,-5.06841160313103));
#15625=CARTESIAN_POINT('Ctrl Pts',(31.922784071875,65.6804336409278,-5.06841160313103));
#15626=CARTESIAN_POINT('',(31.922784071875,65.6804336409278,-4.96841160313103));
#15627=CARTESIAN_POINT('',(31.922784071875,65.6804336409278,-4.96841160313103));
#15628=CARTESIAN_POINT('',(31.4897217248314,64.5804336409279,-3.86841160313103));
#15629=CARTESIAN_POINT('Ctrl Pts',(31.922784071875,65.6804336409278,-4.96841160313103));
#15630=CARTESIAN_POINT('Ctrl Pts',(31.7822385584966,65.3696131017336,-4.96841160313103));
#15631=CARTESIAN_POINT('Ctrl Pts',(31.6736276014864,65.0435535528655,-4.82386221364658));
#15632=CARTESIAN_POINT('Ctrl Pts',(31.5991779009178,64.8324422359101,-4.56868332641737));
#15633=CARTESIAN_POINT('Ctrl Pts',(31.5433406254913,64.6741087481936,-4.37729916099547));
#15634=CARTESIAN_POINT('Ctrl Pts',(31.5067190568134,64.5804336409279,-4.12368590309214));
#15635=CARTESIAN_POINT('Ctrl Pts',(31.4897217248314,64.5804336409279,-3.86841160313103));
#15636=CARTESIAN_POINT('',(31.4897217248314,64.4804336409278,-3.86841160313103));
#15637=CARTESIAN_POINT('',(31.4897217248314,64.5804336409279,-3.86841160313103));
#15638=CARTESIAN_POINT('Ctrl Pts',(31.922784071875,65.6804336409278,-5.06841160313103));
#15639=CARTESIAN_POINT('Ctrl Pts',(31.7822385584966,65.3413566890795,-5.06841160313103));
#15640=CARTESIAN_POINT('Ctrl Pts',(31.6736276014864,64.9856553630417,-4.91072136005708));
#15641=CARTESIAN_POINT('Ctrl Pts',(31.5991779009178,64.7553521081812,-4.63234439217067));
#15642=CARTESIAN_POINT('Ctrl Pts',(31.5433406254913,64.5826246670359,-4.42356166625587));
#15643=CARTESIAN_POINT('Ctrl Pts',(31.5067190568134,64.4804336409278,-4.14689265763406));
#15644=CARTESIAN_POINT('Ctrl Pts',(31.4897217248314,64.4804336409278,-3.86841160313103));
#15645=CARTESIAN_POINT('Origin',(18.4400361446672,65.6804336409278,-3.86841160313103));
#15646=CARTESIAN_POINT('',(4.93456528512821,65.6804336409278,-4.96841160313103));
#15647=CARTESIAN_POINT('',(8.34590401973364,65.6804336409278,-4.96841160313103));
#15648=CARTESIAN_POINT('',(5.36762763217179,64.5804336409279,-3.86841160313103));
#15649=CARTESIAN_POINT('Ctrl Pts',(5.36762763217179,64.5804336409279,-3.86841160313103));
#15650=CARTESIAN_POINT('Ctrl Pts',(5.34496452286246,64.5804336409279,-4.20877733641251));
#15651=CARTESIAN_POINT('Ctrl Pts',(5.28733675701759,64.7510271783179,-4.53960337161118));
#15652=CARTESIAN_POINT('Ctrl Pts',(5.19598069003199,65.0097210307248,-4.74038635163374));
#15653=CARTESIAN_POINT('Ctrl Pts',(5.1274636397928,65.20374142003,-4.89097358665067));
#15654=CARTESIAN_POINT('Ctrl Pts',(5.03997442016195,65.4473182365321,-4.96841160313103));
#15655=CARTESIAN_POINT('Ctrl Pts',(4.93456528512821,65.6804336409278,-4.96841160313103));
#15656=CARTESIAN_POINT('',(8.34590401973364,64.5804336409279,-3.86841160313103));
#15657=CARTESIAN_POINT('Origin',(0.378674678500033,63.6203703456776,-4.96841160313103));
#15658=CARTESIAN_POINT('',(4.93456528512821,65.6804336409278,-4.96841160313103));
#15659=CARTESIAN_POINT('',(4.58329515642879,66.3261357894258,-4.96841160313102));
#15660=CARTESIAN_POINT('Origin',(0.378674678500033,63.6203703456776,-4.96841160313103));
#15661=CARTESIAN_POINT('',(4.58329515642879,66.3261357894258,-4.96841160313102));
#15662=CARTESIAN_POINT('Origin',(36.4786746785031,63.6203703456776,-4.96841160313103));
#15663=CARTESIAN_POINT('',(32.2740542005744,66.3261357894258,-4.96841160313102));
#15664=CARTESIAN_POINT('',(32.2740542005744,66.3261357894258,-4.96841160313102));
#15665=CARTESIAN_POINT('Origin',(36.4786746785031,63.6203703456776,-4.96841160313103));
#15666=CARTESIAN_POINT('Origin',(16.6918080394673,64.5804336409279,-28.8195682381096));
#15667=CARTESIAN_POINT('',(5.37867467850003,64.5804336409279,-3.53622426735555));
#15668=CARTESIAN_POINT('Origin',(0.378674678500033,64.5804336409279,-3.5362242673552));
#15669=CARTESIAN_POINT('',(5.37867467850022,64.5804336409279,-1.1));
#15670=CARTESIAN_POINT('',(5.37867467850049,64.5804336409278,2.32677359128573));
#15671=CARTESIAN_POINT('',(20.0293920182679,64.5804336409279,-1.1));
#15672=CARTESIAN_POINT('',(8.34590401973364,64.5804336409279,-1.1));
#15673=CARTESIAN_POINT('',(21.0279573387337,64.5804336409279,-1.1));
#15674=CARTESIAN_POINT('Origin',(20.5286746785008,64.5804336409279,-1.07322640871424));
#15675=CARTESIAN_POINT('',(31.4786746785031,64.5804336409279,-1.1));
#15676=CARTESIAN_POINT('',(8.34590401973364,64.5804336409279,-1.1));
#15677=CARTESIAN_POINT('',(31.4786746785031,64.5804336409279,-3.53622426735555));
#15678=CARTESIAN_POINT('',(31.4786746785031,64.5804336409279,-3.53622426735555));
#15679=CARTESIAN_POINT('Origin',(36.4786746785031,64.5804336409279,-3.5362242673552));
#15680=CARTESIAN_POINT('Origin',(0.378674678500033,64.5804336409279,-3.5362242673552));
#15681=CARTESIAN_POINT('',(5.36762763217179,64.4804336409278,-3.86841160313103));
#15682=CARTESIAN_POINT('',(5.36762763217179,64.5804336409279,-3.86841160313103));
#15683=CARTESIAN_POINT('',(5.37867467850003,64.4804336409278,-3.53622426735555));
#15684=CARTESIAN_POINT('Origin',(0.378674678500033,64.4804336409278,-3.5362242673552));
#15685=CARTESIAN_POINT('',(5.37867467850003,64.5804336409279,-3.53622426735555));
#15686=CARTESIAN_POINT('Origin',(18.4400361446672,65.6804336409278,-3.86841160313103));
#15687=CARTESIAN_POINT('',(8.34590401973364,64.4804336409278,-3.86841160313103));
#15688=CARTESIAN_POINT('Ctrl Pts',(5.36762763217179,64.4804336409278,-3.86841160313103));
#15689=CARTESIAN_POINT('Ctrl Pts',(5.34496452286246,64.4804336409278,-4.23971967580173));
#15690=CARTESIAN_POINT('Ctrl Pts',(5.28733675701759,64.6665356817171,-4.60062080510937));
#15691=CARTESIAN_POINT('Ctrl Pts',(5.19598069003199,64.94874715707,-4.81965678331581));
#15692=CARTESIAN_POINT('Ctrl Pts',(5.1274636397928,65.1604057635847,-4.98393376697063));
#15693=CARTESIAN_POINT('Ctrl Pts',(5.03997442016195,65.4261259270416,-5.06841160313103));
#15694=CARTESIAN_POINT('Ctrl Pts',(4.93456528512821,65.6804336409278,-5.06841160313103));
#15695=CARTESIAN_POINT('Origin',(16.6918080394673,64.4804336409279,-28.8195682381096));
#15696=CARTESIAN_POINT('',(31.4786746785031,64.4804336409278,-3.53622426735555));
#15697=CARTESIAN_POINT('Origin',(36.4786746785031,64.4804336409278,-3.5362242673552));
#15698=CARTESIAN_POINT('',(31.4786746785031,64.4804336409278,-1.1));
#15699=CARTESIAN_POINT('',(31.4786746785031,64.4804336409278,-3.53622426735555));
#15700=CARTESIAN_POINT('',(21.0279573387337,64.4804336409278,-1.1));
#15701=CARTESIAN_POINT('',(8.34590401973364,64.4804336409278,-1.1));
#15702=CARTESIAN_POINT('',(20.0293920182679,64.4804336409278,-1.1));
#15703=CARTESIAN_POINT('Origin',(20.5286746785008,64.4804336409278,-1.07322640871424));
#15704=CARTESIAN_POINT('',(5.37867467850022,64.4804336409278,-1.1));
#15705=CARTESIAN_POINT('',(8.34590401973364,64.4804336409278,-1.1));
#15706=CARTESIAN_POINT('',(5.37867467850049,64.4804336409278,2.32677359128573));
#15707=CARTESIAN_POINT('Ctrl Pts',(20.0286746785013,64.5807594544745,-1.07322905216));
#15708=CARTESIAN_POINT('Ctrl Pts',(20.0286746785013,64.5805421522371,-1.08215520832798));
#15709=CARTESIAN_POINT('Ctrl Pts',(20.0289139061399,64.5804336409279,-1.09108400914141));
#15710=CARTESIAN_POINT('Ctrl Pts',(20.0293920182679,64.5804336409279,-1.10000000000001));
#15711=CARTESIAN_POINT('Ctrl Pts',(20.0286746785013,64.547435994279,-1.07241781131636));
#15712=CARTESIAN_POINT('Ctrl Pts',(20.0286746785013,64.5472121071252,-1.08161445706519));
#15713=CARTESIAN_POINT('Ctrl Pts',(20.0289139061399,64.5471003075945,-1.09081382760024));
#15714=CARTESIAN_POINT('Ctrl Pts',(20.0293920182679,64.5471003075945,-1.10000000000001));
#15715=CARTESIAN_POINT('Ctrl Pts',(20.0286746785013,64.5141125340834,-1.07160657047273));
#15716=CARTESIAN_POINT('Ctrl Pts',(20.0286746785013,64.5138820620134,-1.0810737058024));
#15717=CARTESIAN_POINT('Ctrl Pts',(20.0289139061399,64.5137669742612,-1.09054364605907));
#15718=CARTESIAN_POINT('Ctrl Pts',(20.0293920182679,64.5137669742612,-1.10000000000001));
#15719=CARTESIAN_POINT('Ctrl Pts',(20.0286746785013,64.4807890738879,-1.07079532962909));
#15720=CARTESIAN_POINT('Ctrl Pts',(20.0286746785013,64.4805520169016,-1.08053295453961));
#15721=CARTESIAN_POINT('Ctrl Pts',(20.0289139061399,64.4804336409278,-1.0902734645179));
#15722=CARTESIAN_POINT('Ctrl Pts',(20.0293920182679,64.4804336409278,-1.10000000000001));
#15723=CARTESIAN_POINT('',(20.0293920182679,64.5804336409279,-1.1));
#15724=CARTESIAN_POINT('',(20.0286746785008,64.5807594544745,-1.07322905216));
#15725=CARTESIAN_POINT('Ctrl Pts',(20.0293920182679,64.5804336409279,-1.10000000000001));
#15726=CARTESIAN_POINT('Ctrl Pts',(20.0289139061399,64.5804336409279,-1.09108400914141));
#15727=CARTESIAN_POINT('Ctrl Pts',(20.0286746785013,64.5805421522371,-1.08215520832798));
#15728=CARTESIAN_POINT('Ctrl Pts',(20.0286746785013,64.5807594544745,-1.07322905216));
#15729=CARTESIAN_POINT('',(20.0286746785008,64.4807890738879,-1.07079532962909));
#15730=CARTESIAN_POINT('',(20.0286746785008,64.5807594544745,-1.07322905216));
#15731=CARTESIAN_POINT('Ctrl Pts',(20.0293920182679,64.4804336409278,-1.10000000000001));
#15732=CARTESIAN_POINT('Ctrl Pts',(20.0289139061399,64.4804336409278,-1.0902734645179));
#15733=CARTESIAN_POINT('Ctrl Pts',(20.0286746785013,64.4805520169016,-1.08053295453961));
#15734=CARTESIAN_POINT('Ctrl Pts',(20.0286746785013,64.4807890738879,-1.07079532962909));
#15735=CARTESIAN_POINT('Origin',(18.3260791759629,65.6804336409278,-1.1));
#15736=CARTESIAN_POINT('',(5.37867467850036,65.6804336409278,-3.05311331771918E-15));
#15737=CARTESIAN_POINT('Origin',(5.37867467850036,65.6804336409278,-1.1));
#15738=CARTESIAN_POINT('',(20.0286746785011,65.6804336409278,-3.05311331771918E-15));
#15739=CARTESIAN_POINT('',(8.34590401973364,65.6804336409278,-3.05311331771918E-15));
#15740=CARTESIAN_POINT('Origin',(20.0286746785008,65.6804336409278,-1.1));
#15741=CARTESIAN_POINT('Origin',(5.37867467850049,64.5804336409278,2.32677359128573));
#15742=CARTESIAN_POINT('',(5.37867467850036,65.6804336409278,0.099999999999997));
#15743=CARTESIAN_POINT('Origin',(5.37867467850036,65.6804336409278,-1.1));
#15744=CARTESIAN_POINT('',(5.37867467850049,67.3793312727392,0.099999999999997));
#15745=CARTESIAN_POINT('',(5.37867467850049,67.3793312727392,0.099999999999997));
#15746=CARTESIAN_POINT('',(5.37867467850049,67.3793312727392,-3.05311331771918E-15));
#15747=CARTESIAN_POINT('',(5.37867467850049,67.3793312727392,-3.05311331771918E-15));
#15748=CARTESIAN_POINT('',(5.37867467850049,67.3793312727392,-3.05311331771918E-15));
#15749=CARTESIAN_POINT('Origin',(20.5286746785008,64.5804336409279,-1.07322640871424));
#15750=CARTESIAN_POINT('',(21.0279573387337,64.5804336409279,-1.1));
#15751=CARTESIAN_POINT('Origin',(18.3260791759629,65.6804336409278,-1.1));
#15752=CARTESIAN_POINT('',(31.4786746785031,65.6804336409278,0.1));
#15753=CARTESIAN_POINT('Origin',(31.4786746785031,65.6804336409278,-1.1));
#15754=CARTESIAN_POINT('',(21.0286746785014,65.6804336409278,0.1));
#15755=CARTESIAN_POINT('',(8.34590401973364,65.6804336409278,0.1));
#15756=CARTESIAN_POINT('',(21.0286746785008,64.4807890738879,-1.07079532962909));
#15757=CARTESIAN_POINT('Origin',(21.0286746785014,65.6804336409278,-1.1));
#15758=CARTESIAN_POINT('Ctrl Pts',(21.0286746785004,64.4807890738879,-1.07079532962909));
#15759=CARTESIAN_POINT('Ctrl Pts',(21.0286746785004,64.4805520169016,-1.08053295453961));
#15760=CARTESIAN_POINT('Ctrl Pts',(21.0284354508617,64.4804336409278,-1.0902734645179));
#15761=CARTESIAN_POINT('Ctrl Pts',(21.0279573387337,64.4804336409278,-1.1));
#15762=CARTESIAN_POINT('Origin',(16.6918080394673,88.9037143164321,-4.968411603131));
#15763=CARTESIAN_POINT('',(35.1332951564319,70.7692493276335,-4.96841160313102));
#15764=CARTESIAN_POINT('',(35.1332951564319,70.7692493276335,-4.96841160313102));
#15765=CARTESIAN_POINT('',(35.9286746785032,73.4750147713815,-4.96841160313102));
#15766=CARTESIAN_POINT('Origin',(30.9286746785032,73.4750147713815,-4.96841160313102));
#15767=CARTESIAN_POINT('',(35.9286746785033,76.3573724870337,-4.96841160313101));
#15768=CARTESIAN_POINT('',(35.9286746785032,108.357372487034,-4.96841160313098));
#15769=CARTESIAN_POINT('',(34.9286746785029,75.3573724870337,-4.96841160313102));
#15770=CARTESIAN_POINT('Origin',(34.9286746785031,76.3573724870339,-4.96841160313101));
#15771=CARTESIAN_POINT('',(1.92867467850317,75.3573724870337,-4.96841160313102));
#15772=CARTESIAN_POINT('',(9.31024135898523,75.3573724870337,-4.96841160313102));
#15773=CARTESIAN_POINT('',(0.928674678503176,76.3573724870337,-4.96841160313101));
#15774=CARTESIAN_POINT('Origin',(1.92867467850317,76.3573724870337,-4.96841160313101));
#15775=CARTESIAN_POINT('',(0.928674678499988,73.4750147713815,-4.96841160313102));
#15776=CARTESIAN_POINT('',(0.928674678503171,73.3848324463963,-4.96841160313102));
#15777=CARTESIAN_POINT('',(1.72405420057123,70.7692493276335,-4.96841160313102));
#15778=CARTESIAN_POINT('Origin',(5.92867467849999,73.4750147713815,-4.96841160313102));
#15779=CARTESIAN_POINT('',(4.58329515642879,66.3261357894258,-4.96841160313102));
#15780=CARTESIAN_POINT('Origin',(16.6918080394673,36.2329894433438,0.099999999999997));
#15781=CARTESIAN_POINT('',(20.0286746785011,65.6804336409278,0.099999999999997));
#15782=CARTESIAN_POINT('',(8.34590401973364,65.6804336409278,0.099999999999997));
#15783=CARTESIAN_POINT('',(20.0286746785015,67.3793312727392,0.099999999999997));
#15784=CARTESIAN_POINT('',(20.0286746785008,63.9793312727392,0.099999999999997));
#15785=CARTESIAN_POINT('',(19.8286746785014,67.579331272739,0.099999999999997));
#15786=CARTESIAN_POINT('Origin',(19.8286746785014,67.3793312727392,0.099999999999997));
#15787=CARTESIAN_POINT('',(5.57867467850053,67.579331272739,0.099999999999997));
#15788=CARTESIAN_POINT('',(19.8286746785014,67.579331272739,0.099999999999997));
#15789=CARTESIAN_POINT('Origin',(5.57867467850053,67.3793312727392,0.099999999999997));
#15790=CARTESIAN_POINT('Origin',(18.3260791759629,65.6804336409278,-1.1));
#15791=CARTESIAN_POINT('',(21.0286746785008,64.5807594544745,-1.07322905216));
#15792=CARTESIAN_POINT('Ctrl Pts',(21.0286746785004,64.5807594544745,-1.07322905216));
#15793=CARTESIAN_POINT('Ctrl Pts',(21.0286746785004,64.5805421522371,-1.08215520832797));
#15794=CARTESIAN_POINT('Ctrl Pts',(21.0284354508617,64.5804336409279,-1.09108400914141));
#15795=CARTESIAN_POINT('Ctrl Pts',(21.0279573387337,64.5804336409279,-1.1));
#15796=CARTESIAN_POINT('',(21.0286746785014,65.6804336409278,0.));
#15797=CARTESIAN_POINT('Origin',(21.0286746785014,65.6804336409278,-1.1));
#15798=CARTESIAN_POINT('',(31.4786746785031,65.6804336409278,0.));
#15799=CARTESIAN_POINT('',(8.34590401973364,65.6804336409278,0.));
#15800=CARTESIAN_POINT('Origin',(31.4786746785031,65.6804336409278,-1.1));
#15801=CARTESIAN_POINT('Origin',(21.0286746785014,65.6804336409278,0.1));
#15802=CARTESIAN_POINT('',(21.0286746785008,64.5807594544745,-1.07322905216));
#15803=CARTESIAN_POINT('',(21.0286746785019,67.3793312727392,0.1));
#15804=CARTESIAN_POINT('',(21.0286746785019,67.3793312727392,0.1));
#15805=CARTESIAN_POINT('',(21.0286746785019,67.3793312727392,0.));
#15806=CARTESIAN_POINT('',(21.0286746785019,67.3793312727392,0.));
#15807=CARTESIAN_POINT('',(21.0286746785019,67.3793312727392,0.));
#15808=CARTESIAN_POINT('Origin',(16.6918080394673,36.2329894433438,0.1));
#15809=CARTESIAN_POINT('',(31.4786746785031,67.3793312727392,0.1));
#15810=CARTESIAN_POINT('',(31.4786746785031,61.5163334140979,0.1));
#15811=CARTESIAN_POINT('',(31.2786746785031,67.579331272739,0.1));
#15812=CARTESIAN_POINT('Origin',(31.2786746785031,67.3793312727392,0.1));
#15813=CARTESIAN_POINT('',(21.228674678502,67.579331272739,0.1));
#15814=CARTESIAN_POINT('',(31.2786746785031,67.579331272739,0.1));
#15815=CARTESIAN_POINT('Origin',(21.228674678502,67.3793312727392,0.1));
#15816=CARTESIAN_POINT('Origin',(16.6918080394673,36.2329894433438,-3.05311331771918E-15));
#15817=CARTESIAN_POINT('',(5.57867467850053,67.579331272739,-3.05311331771918E-15));
#15818=CARTESIAN_POINT('Origin',(5.57867467850053,67.3793312727392,-3.05311331771918E-15));
#15819=CARTESIAN_POINT('',(19.8286746785014,67.579331272739,-3.05311331771918E-15));
#15820=CARTESIAN_POINT('',(19.8286746785014,67.579331272739,-3.05311331771918E-15));
#15821=CARTESIAN_POINT('',(20.0286746785015,67.3793312727392,-3.05311331771918E-15));
#15822=CARTESIAN_POINT('Origin',(19.8286746785014,67.3793312727392,-3.05311331771918E-15));
#15823=CARTESIAN_POINT('',(20.0286746785008,63.9793312727392,-3.05311331771918E-15));
#15824=CARTESIAN_POINT('Origin',(7.57867467850708,121.157372487033,-5.01841160313096));
#15825=CARTESIAN_POINT('',(7.57867467850708,124.507372487034,-5.01841160313096));
#15826=CARTESIAN_POINT('',(7.57867467850708,121.157372487033,-5.01841160313096));
#15827=CARTESIAN_POINT('',(7.57867467850708,122.016256478407,-5.01841160313097));
#15828=CARTESIAN_POINT('',(7.57867467850708,124.507372487034,-4.96841160313096));
#15829=CARTESIAN_POINT('',(7.57867467850708,124.507372487034,-5.01841160313096));
#15830=CARTESIAN_POINT('',(7.57867467850708,121.157372487033,-4.96841160313096));
#15831=CARTESIAN_POINT('',(7.57867467850708,124.507372487034,-4.96841160313096));
#15832=CARTESIAN_POINT('',(7.57867467850708,121.157372487034,-4.99341160313096));
#15833=CARTESIAN_POINT('Origin',(7.27867467850781,124.507372487034,-5.01841160313096));
#15834=CARTESIAN_POINT('',(7.27867467850781,121.157372487033,-5.01841160313096));
#15835=CARTESIAN_POINT('',(7.27867467850781,124.507372487034,-5.01841160313096));
#15836=CARTESIAN_POINT('',(7.27867467850781,123.691256478407,-5.01841160313096));
#15837=CARTESIAN_POINT('',(7.27867467850781,121.157372487033,-4.96841160313096));
#15838=CARTESIAN_POINT('',(7.27867467850781,121.157372487034,-4.99341160313096));
#15839=CARTESIAN_POINT('',(7.27867467850781,124.507372487034,-4.96841160313096));
#15840=CARTESIAN_POINT('',(7.27867467850781,121.157372487033,-4.96841160313096));
#15841=CARTESIAN_POINT('',(7.27867467850781,124.507372487034,-5.01841160313096));
#15842=CARTESIAN_POINT('Origin',(7.57867467850708,124.507372487034,-5.01841160313096));
#15843=CARTESIAN_POINT('',(6.62867467850522,124.507372487034,-5.01841160313096));
#15844=CARTESIAN_POINT('',(7.27867467850781,124.507372487034,-4.96841160313096));
#15845=CARTESIAN_POINT('Origin',(6.27867467850781,124.507372487034,-5.01841160313096));
#15846=CARTESIAN_POINT('',(6.27867467850781,121.157372487033,-5.01841160313096));
#15847=CARTESIAN_POINT('',(6.27867467850781,124.507372487034,-5.01841160313096));
#15848=CARTESIAN_POINT('',(6.27867467850781,123.691256478407,-5.01841160313096));
#15849=CARTESIAN_POINT('',(6.27867467850781,121.157372487033,-4.96841160313096));
#15850=CARTESIAN_POINT('',(6.27867467850781,121.157372487034,-4.99341160313096));
#15851=CARTESIAN_POINT('',(6.27867467850781,124.507372487034,-4.96841160313096));
#15852=CARTESIAN_POINT('',(6.27867467850781,121.157372487033,-4.96841160313096));
#15853=CARTESIAN_POINT('',(6.27867467850781,124.507372487034,-5.01841160313096));
#15854=CARTESIAN_POINT('Origin',(6.57867467850709,124.507372487034,-5.01841160313096));
#15855=CARTESIAN_POINT('',(6.57867467850709,124.507372487034,-5.01841160313096));
#15856=CARTESIAN_POINT('',(6.12867467850523,124.507372487034,-5.01841160313096));
#15857=CARTESIAN_POINT('',(6.57867467850709,124.507372487034,-4.96841160313096));
#15858=CARTESIAN_POINT('',(6.27867467850781,124.507372487034,-4.96841160313096));
#15859=CARTESIAN_POINT('',(6.57867467850709,124.507372487034,-5.01841160313096));
#15860=CARTESIAN_POINT('Origin',(6.57867467850709,121.157372487033,-5.01841160313096));
#15861=CARTESIAN_POINT('',(6.57867467850709,121.157372487033,-5.01841160313096));
#15862=CARTESIAN_POINT('',(6.57867467850709,122.016256478407,-5.01841160313097));
#15863=CARTESIAN_POINT('',(6.57867467850709,121.157372487033,-4.96841160313096));
#15864=CARTESIAN_POINT('',(6.57867467850709,124.507372487034,-4.96841160313096));
#15865=CARTESIAN_POINT('',(6.57867467850709,121.157372487034,-4.99341160313096));
#15866=CARTESIAN_POINT('Origin',(3.77867467850781,124.507372487034,-5.01841160313096));
#15867=CARTESIAN_POINT('',(3.77867467850781,121.157372487033,-5.01841160313096));
#15868=CARTESIAN_POINT('',(3.77867467850781,124.507372487034,-5.01841160313096));
#15869=CARTESIAN_POINT('',(3.77867467850781,123.691256478407,-5.01841160313096));
#15870=CARTESIAN_POINT('',(3.77867467850781,121.157372487033,-4.96841160313096));
#15871=CARTESIAN_POINT('',(3.77867467850781,121.157372487034,-4.99341160313096));
#15872=CARTESIAN_POINT('',(3.77867467850781,124.507372487034,-4.96841160313096));
#15873=CARTESIAN_POINT('',(3.77867467850781,121.157372487033,-4.96841160313096));
#15874=CARTESIAN_POINT('',(3.77867467850781,124.507372487034,-5.01841160313096));
#15875=CARTESIAN_POINT('Origin',(4.07867467850709,124.507372487034,-5.01841160313096));
#15876=CARTESIAN_POINT('',(4.07867467850709,124.507372487034,-5.01841160313096));
#15877=CARTESIAN_POINT('',(4.87867467850523,124.507372487034,-5.01841160313096));
#15878=CARTESIAN_POINT('',(4.07867467850709,124.507372487034,-4.96841160313096));
#15879=CARTESIAN_POINT('',(3.77867467850781,124.507372487034,-4.96841160313096));
#15880=CARTESIAN_POINT('',(4.07867467850709,124.507372487034,-5.01841160313096));
#15881=CARTESIAN_POINT('Origin',(4.07867467850709,121.157372487033,-5.01841160313096));
#15882=CARTESIAN_POINT('',(4.07867467850709,121.157372487033,-5.01841160313096));
#15883=CARTESIAN_POINT('',(4.07867467850709,122.016256478407,-5.01841160313097));
#15884=CARTESIAN_POINT('',(4.07867467850709,121.157372487033,-4.96841160313096));
#15885=CARTESIAN_POINT('',(4.07867467850709,124.507372487034,-4.96841160313096));
#15886=CARTESIAN_POINT('',(4.07867467850709,121.157372487034,-4.99341160313096));
#15887=CARTESIAN_POINT('Origin',(4.57867467850708,121.157372487033,-5.01841160313096));
#15888=CARTESIAN_POINT('',(4.57867467850708,124.507372487034,-5.01841160313096));
#15889=CARTESIAN_POINT('',(4.57867467850708,121.157372487033,-5.01841160313096));
#15890=CARTESIAN_POINT('',(4.57867467850708,122.016256478407,-5.01841160313097));
#15891=CARTESIAN_POINT('',(4.57867467850708,124.507372487034,-4.96841160313096));
#15892=CARTESIAN_POINT('',(4.57867467850708,124.507372487034,-5.01841160313096));
#15893=CARTESIAN_POINT('',(4.57867467850708,121.157372487033,-4.96841160313096));
#15894=CARTESIAN_POINT('',(4.57867467850708,124.507372487034,-4.96841160313096));
#15895=CARTESIAN_POINT('',(4.57867467850708,121.157372487034,-4.99341160313096));
#15896=CARTESIAN_POINT('Origin',(4.27867467850781,124.507372487034,-5.01841160313096));
#15897=CARTESIAN_POINT('',(4.27867467850781,121.157372487033,-5.01841160313096));
#15898=CARTESIAN_POINT('',(4.27867467850781,124.507372487034,-5.01841160313096));
#15899=CARTESIAN_POINT('',(4.27867467850781,123.691256478407,-5.01841160313096));
#15900=CARTESIAN_POINT('',(4.27867467850781,121.157372487033,-4.96841160313096));
#15901=CARTESIAN_POINT('',(4.27867467850781,121.157372487034,-4.99341160313096));
#15902=CARTESIAN_POINT('',(4.27867467850781,124.507372487034,-4.96841160313096));
#15903=CARTESIAN_POINT('',(4.27867467850781,121.157372487033,-4.96841160313096));
#15904=CARTESIAN_POINT('',(4.27867467850781,124.507372487034,-5.01841160313096));
#15905=CARTESIAN_POINT('Origin',(4.57867467850708,124.507372487034,-5.01841160313096));
#15906=CARTESIAN_POINT('',(5.12867467850523,124.507372487034,-5.01841160313096));
#15907=CARTESIAN_POINT('',(4.27867467850781,124.507372487034,-4.96841160313096));
#15908=CARTESIAN_POINT('Origin',(5.77867467850781,124.507372487034,-5.01841160313096));
#15909=CARTESIAN_POINT('',(5.77867467850781,121.157372487033,-5.01841160313096));
#15910=CARTESIAN_POINT('',(5.77867467850781,124.507372487034,-5.01841160313096));
#15911=CARTESIAN_POINT('',(5.77867467850781,123.691256478407,-5.01841160313096));
#15912=CARTESIAN_POINT('',(5.77867467850781,121.157372487033,-4.96841160313096));
#15913=CARTESIAN_POINT('',(5.77867467850781,121.157372487034,-4.99341160313096));
#15914=CARTESIAN_POINT('',(5.77867467850781,124.507372487034,-4.96841160313096));
#15915=CARTESIAN_POINT('',(5.77867467850781,124.507372487034,-4.96841160313096));
#15916=CARTESIAN_POINT('',(5.77867467850781,124.507372487034,-5.01841160313096));
#15917=CARTESIAN_POINT('Origin',(6.07867467850708,124.507372487034,-5.01841160313096));
#15918=CARTESIAN_POINT('',(6.07867467850708,124.507372487034,-5.01841160313096));
#15919=CARTESIAN_POINT('',(5.87867467850522,124.507372487034,-5.01841160313096));
#15920=CARTESIAN_POINT('',(6.07867467850708,124.507372487034,-4.96841160313096));
#15921=CARTESIAN_POINT('',(6.07867467850708,124.507372487034,-4.96841160313096));
#15922=CARTESIAN_POINT('',(6.07867467850708,124.507372487034,-5.01841160313096));
#15923=CARTESIAN_POINT('Origin',(6.07867467850708,121.157372487033,-5.01841160313096));
#15924=CARTESIAN_POINT('',(6.07867467850708,121.157372487033,-5.01841160313096));
#15925=CARTESIAN_POINT('',(6.07867467850708,122.016256478407,-5.01841160313097));
#15926=CARTESIAN_POINT('',(6.07867467850708,121.157372487033,-4.96841160313096));
#15927=CARTESIAN_POINT('',(6.07867467850708,121.157372487033,-4.96841160313096));
#15928=CARTESIAN_POINT('',(6.07867467850708,121.157372487034,-4.99341160313096));
#15929=CARTESIAN_POINT('Origin',(5.27867467850781,124.507372487034,-5.01841160313096));
#15930=CARTESIAN_POINT('',(5.27867467850781,121.157372487033,-5.01841160313096));
#15931=CARTESIAN_POINT('',(5.27867467850781,124.507372487034,-5.01841160313096));
#15932=CARTESIAN_POINT('',(5.27867467850781,123.691256478407,-5.01841160313096));
#15933=CARTESIAN_POINT('',(5.27867467850781,121.157372487033,-4.96841160313096));
#15934=CARTESIAN_POINT('',(5.27867467850781,121.157372487034,-4.99341160313096));
#15935=CARTESIAN_POINT('',(5.27867467850781,124.507372487034,-4.96841160313096));
#15936=CARTESIAN_POINT('',(5.27867467850781,124.507372487034,-4.96841160313096));
#15937=CARTESIAN_POINT('',(5.27867467850781,124.507372487034,-5.01841160313096));
#15938=CARTESIAN_POINT('Origin',(5.57867467850708,124.507372487034,-5.01841160313096));
#15939=CARTESIAN_POINT('',(5.57867467850708,124.507372487034,-5.01841160313096));
#15940=CARTESIAN_POINT('',(5.62867467850523,124.507372487034,-5.01841160313096));
#15941=CARTESIAN_POINT('',(5.57867467850708,124.507372487034,-4.96841160313096));
#15942=CARTESIAN_POINT('',(5.57867467850708,124.507372487034,-4.96841160313096));
#15943=CARTESIAN_POINT('',(5.57867467850708,124.507372487034,-5.01841160313096));
#15944=CARTESIAN_POINT('Origin',(5.57867467850708,121.157372487033,-5.01841160313096));
#15945=CARTESIAN_POINT('',(5.57867467850708,121.157372487033,-5.01841160313096));
#15946=CARTESIAN_POINT('',(5.57867467850708,122.016256478407,-5.01841160313097));
#15947=CARTESIAN_POINT('',(5.57867467850708,121.157372487033,-4.96841160313096));
#15948=CARTESIAN_POINT('',(5.57867467850708,121.157372487033,-4.96841160313096));
#15949=CARTESIAN_POINT('',(5.57867467850708,121.157372487034,-4.99341160313096));
#15950=CARTESIAN_POINT('Origin',(5.07867467850709,121.157372487033,-5.01841160313096));
#15951=CARTESIAN_POINT('',(5.07867467850709,124.507372487034,-5.01841160313096));
#15952=CARTESIAN_POINT('',(5.07867467850709,121.157372487033,-5.01841160313096));
#15953=CARTESIAN_POINT('',(5.07867467850709,122.016256478407,-5.01841160313097));
#15954=CARTESIAN_POINT('',(5.07867467850709,124.507372487034,-4.96841160313096));
#15955=CARTESIAN_POINT('',(5.07867467850709,124.507372487034,-5.01841160313096));
#15956=CARTESIAN_POINT('',(5.07867467850709,121.157372487033,-4.96841160313096));
#15957=CARTESIAN_POINT('',(5.07867467850709,124.507372487034,-4.96841160313096));
#15958=CARTESIAN_POINT('',(5.07867467850709,121.157372487034,-4.99341160313096));
#15959=CARTESIAN_POINT('Origin',(4.77867467850781,124.507372487034,-5.01841160313096));
#15960=CARTESIAN_POINT('',(4.77867467850781,121.157372487033,-5.01841160313096));
#15961=CARTESIAN_POINT('',(4.77867467850781,124.507372487034,-5.01841160313096));
#15962=CARTESIAN_POINT('',(4.77867467850781,123.691256478407,-5.01841160313096));
#15963=CARTESIAN_POINT('',(4.77867467850781,121.157372487033,-4.96841160313096));
#15964=CARTESIAN_POINT('',(4.77867467850781,121.157372487034,-4.99341160313096));
#15965=CARTESIAN_POINT('',(4.77867467850781,124.507372487034,-4.96841160313096));
#15966=CARTESIAN_POINT('',(4.77867467850781,121.157372487033,-4.96841160313096));
#15967=CARTESIAN_POINT('',(4.77867467850781,124.507372487034,-5.01841160313096));
#15968=CARTESIAN_POINT('Origin',(5.07867467850709,124.507372487034,-5.01841160313096));
#15969=CARTESIAN_POINT('',(5.37867467850523,124.507372487034,-5.01841160313096));
#15970=CARTESIAN_POINT('',(4.77867467850781,124.507372487034,-4.96841160313096));
#15971=CARTESIAN_POINT('Origin',(3.27867467850781,124.507372487034,-5.01841160313096));
#15972=CARTESIAN_POINT('',(3.27867467850781,121.157372487033,-5.01841160313096));
#15973=CARTESIAN_POINT('',(3.27867467850781,124.507372487034,-5.01841160313096));
#15974=CARTESIAN_POINT('',(3.27867467850781,123.691256478407,-5.01841160313096));
#15975=CARTESIAN_POINT('',(3.27867467850781,121.157372487033,-4.96841160313096));
#15976=CARTESIAN_POINT('',(3.27867467850781,121.157372487034,-4.99341160313096));
#15977=CARTESIAN_POINT('',(3.27867467850781,124.507372487034,-4.96841160313096));
#15978=CARTESIAN_POINT('',(3.27867467850781,121.157372487033,-4.96841160313096));
#15979=CARTESIAN_POINT('',(3.27867467850781,124.507372487034,-5.01841160313096));
#15980=CARTESIAN_POINT('Origin',(3.57867467850708,124.507372487034,-5.01841160313096));
#15981=CARTESIAN_POINT('',(3.57867467850708,124.507372487034,-5.01841160313096));
#15982=CARTESIAN_POINT('',(4.62867467850522,124.507372487034,-5.01841160313096));
#15983=CARTESIAN_POINT('',(3.57867467850708,124.507372487034,-4.96841160313096));
#15984=CARTESIAN_POINT('',(3.27867467850781,124.507372487034,-4.96841160313096));
#15985=CARTESIAN_POINT('',(3.57867467850708,124.507372487034,-5.01841160313096));
#15986=CARTESIAN_POINT('Origin',(3.57867467850708,121.157372487033,-5.01841160313096));
#15987=CARTESIAN_POINT('',(3.57867467850708,121.157372487033,-5.01841160313096));
#15988=CARTESIAN_POINT('',(3.57867467850708,122.016256478407,-5.01841160313097));
#15989=CARTESIAN_POINT('',(3.57867467850708,121.157372487033,-4.96841160313096));
#15990=CARTESIAN_POINT('',(3.57867467850708,124.507372487034,-4.96841160313096));
#15991=CARTESIAN_POINT('',(3.57867467850708,121.157372487034,-4.99341160313096));
#15992=CARTESIAN_POINT('Origin',(7.07867467850708,121.157372487033,-5.01841160313096));
#15993=CARTESIAN_POINT('',(7.07867467850708,124.507372487034,-5.01841160313096));
#15994=CARTESIAN_POINT('',(7.07867467850708,121.157372487033,-5.01841160313096));
#15995=CARTESIAN_POINT('',(7.07867467850708,122.016256478407,-5.01841160313097));
#15996=CARTESIAN_POINT('',(7.07867467850708,124.507372487034,-4.96841160313096));
#15997=CARTESIAN_POINT('',(7.07867467850708,124.507372487034,-5.01841160313096));
#15998=CARTESIAN_POINT('',(7.07867467850708,121.157372487033,-4.96841160313096));
#15999=CARTESIAN_POINT('',(7.07867467850708,124.507372487034,-4.96841160313096));
#16000=CARTESIAN_POINT('',(7.07867467850708,121.157372487034,-4.99341160313096));
#16001=CARTESIAN_POINT('Origin',(6.77867467850781,124.507372487034,-5.01841160313096));
#16002=CARTESIAN_POINT('',(6.77867467850781,121.157372487033,-5.01841160313096));
#16003=CARTESIAN_POINT('',(6.77867467850781,124.507372487034,-5.01841160313096));
#16004=CARTESIAN_POINT('',(6.77867467850781,123.691256478407,-5.01841160313096));
#16005=CARTESIAN_POINT('',(6.77867467850781,121.157372487033,-4.96841160313096));
#16006=CARTESIAN_POINT('',(6.77867467850781,121.157372487034,-4.99341160313096));
#16007=CARTESIAN_POINT('',(6.77867467850781,124.507372487034,-4.96841160313096));
#16008=CARTESIAN_POINT('',(6.77867467850781,121.157372487033,-4.96841160313096));
#16009=CARTESIAN_POINT('',(6.77867467850781,124.507372487034,-5.01841160313096));
#16010=CARTESIAN_POINT('Origin',(7.07867467850708,124.507372487034,-5.01841160313096));
#16011=CARTESIAN_POINT('',(6.37867467850523,124.507372487034,-5.01841160313096));
#16012=CARTESIAN_POINT('',(6.77867467850781,124.507372487034,-4.96841160313096));
#16013=CARTESIAN_POINT('Origin',(8.07867467850708,121.157372487033,-5.01841160313096));
#16014=CARTESIAN_POINT('',(8.07867467850708,124.507372487034,-5.01841160313096));
#16015=CARTESIAN_POINT('',(8.07867467850708,121.157372487033,-5.01841160313096));
#16016=CARTESIAN_POINT('',(8.07867467850708,122.016256478407,-5.01841160313097));
#16017=CARTESIAN_POINT('',(8.07867467850708,124.507372487034,-4.96841160313096));
#16018=CARTESIAN_POINT('',(8.07867467850708,124.507372487034,-5.01841160313096));
#16019=CARTESIAN_POINT('',(8.07867467850708,121.157372487033,-4.96841160313096));
#16020=CARTESIAN_POINT('',(8.07867467850708,124.507372487034,-4.96841160313096));
#16021=CARTESIAN_POINT('',(8.07867467850708,121.157372487034,-4.99341160313096));
#16022=CARTESIAN_POINT('Origin',(7.77867467850781,124.507372487034,-5.01841160313096));
#16023=CARTESIAN_POINT('',(7.77867467850781,121.157372487033,-5.01841160313096));
#16024=CARTESIAN_POINT('',(7.77867467850781,124.507372487034,-5.01841160313096));
#16025=CARTESIAN_POINT('',(7.77867467850781,123.691256478407,-5.01841160313096));
#16026=CARTESIAN_POINT('',(7.77867467850781,121.157372487033,-4.96841160313096));
#16027=CARTESIAN_POINT('',(7.77867467850781,121.157372487034,-4.99341160313096));
#16028=CARTESIAN_POINT('',(7.77867467850781,124.507372487034,-4.96841160313096));
#16029=CARTESIAN_POINT('',(7.77867467850781,121.157372487033,-4.96841160313096));
#16030=CARTESIAN_POINT('',(7.77867467850781,124.507372487034,-5.01841160313096));
#16031=CARTESIAN_POINT('Origin',(8.07867467850708,124.507372487034,-5.01841160313096));
#16032=CARTESIAN_POINT('',(6.87867467850523,124.507372487034,-5.01841160313096));
#16033=CARTESIAN_POINT('',(7.77867467850781,124.507372487034,-4.96841160313096));
#16034=CARTESIAN_POINT('Origin',(5.67867467850337,122.875140469781,-5.01841160313097));
#16035=CARTESIAN_POINT('',(8.42867467850346,121.157372487034,-5.01841160313096));
#16036=CARTESIAN_POINT('',(8.42867467850346,121.157372487034,-5.01841160313096));
#16037=CARTESIAN_POINT('',(8.42867467850346,121.157372487034,-5.01841160313096));
#16038=CARTESIAN_POINT('',(8.42867467850346,124.457372487034,-5.01841160313096));
#16039=CARTESIAN_POINT('',(8.42867467850317,123.666256478408,-5.01841160313096));
#16040=CARTESIAN_POINT('',(8.22867467850346,124.657372487034,-5.01841160313096));
#16041=CARTESIAN_POINT('Origin',(8.22867467850335,124.457372487034,-5.01841160313096));
#16042=CARTESIAN_POINT('',(3.12867467850328,124.657372487034,-5.01841160313096));
#16043=CARTESIAN_POINT('',(4.40367467850341,124.657372487034,-5.01841160313096));
#16044=CARTESIAN_POINT('',(2.92867467850328,124.457372487034,-5.01841160313096));
#16045=CARTESIAN_POINT('Origin',(3.12867467850344,124.457372487034,-5.01841160313096));
#16046=CARTESIAN_POINT('',(2.92867467850328,121.157372487034,-5.01841160313096));
#16047=CARTESIAN_POINT('',(2.92867467850342,116.616256478407,-5.01841160313097));
#16048=CARTESIAN_POINT('',(8.42867467850346,121.157372487034,-5.01841160313096));
#16049=CARTESIAN_POINT('',(8.42867467850346,121.157372487034,-5.01841160313096));
#16050=CARTESIAN_POINT('',(8.42867467850346,121.157372487034,-5.01841160313096));
#16051=CARTESIAN_POINT('',(8.42867467850346,121.157372487034,-5.01841160313096));
#16052=CARTESIAN_POINT('',(8.42867467850346,121.157372487034,-5.01841160313096));
#16053=CARTESIAN_POINT('',(8.42867467850346,121.157372487034,-5.01841160313096));
#16054=CARTESIAN_POINT('',(8.42867467850346,121.157372487034,-5.01841160313096));
#16055=CARTESIAN_POINT('',(8.42867467850346,121.157372487034,-5.01841160313096));
#16056=CARTESIAN_POINT('',(8.42867467850346,121.157372487034,-5.01841160313096));
#16057=CARTESIAN_POINT('Origin',(8.42867467850346,121.157372487034,-4.96841160313096));
#16058=CARTESIAN_POINT('',(8.42867467850346,121.157372487034,-4.96841160313096));
#16059=CARTESIAN_POINT('',(12.5602413589854,121.157372487034,-4.96841160313096));
#16060=CARTESIAN_POINT('',(8.42867467850317,121.157372487034,-4.96841160313096));
#16061=CARTESIAN_POINT('Origin',(8.42867467850346,121.157372487034,-4.96841160313096));
#16062=CARTESIAN_POINT('',(2.92867467850328,121.157372487034,-4.96841160313096));
#16063=CARTESIAN_POINT('',(2.92867467850328,121.157372487034,-4.96841160313096));
#16064=CARTESIAN_POINT('',(12.5602413589854,121.157372487034,-4.96841160313096));
#16065=CARTESIAN_POINT('Origin',(8.42867467850346,121.157372487034,-4.96841160313096));
#16066=CARTESIAN_POINT('',(12.5602413589854,121.157372487034,-4.96841160313096));
#16067=CARTESIAN_POINT('Origin',(8.42867467850346,121.157372487034,-4.96841160313096));
#16068=CARTESIAN_POINT('',(12.5602413589854,121.157372487034,-4.96841160313096));
#16069=CARTESIAN_POINT('Origin',(8.42867467850346,121.157372487034,-4.96841160313096));
#16070=CARTESIAN_POINT('',(12.5602413589854,121.157372487034,-4.96841160313096));
#16071=CARTESIAN_POINT('Origin',(8.42867467850346,121.157372487034,-4.96841160313096));
#16072=CARTESIAN_POINT('',(12.5602413589854,121.157372487034,-4.96841160313096));
#16073=CARTESIAN_POINT('Origin',(8.42867467850346,121.157372487034,-4.96841160313096));
#16074=CARTESIAN_POINT('',(12.5602413589854,121.157372487034,-4.96841160313096));
#16075=CARTESIAN_POINT('Origin',(8.42867467850346,121.157372487034,-4.96841160313096));
#16076=CARTESIAN_POINT('',(12.5602413589854,121.157372487034,-4.96841160313096));
#16077=CARTESIAN_POINT('Origin',(8.42867467850346,121.157372487034,-4.96841160313096));
#16078=CARTESIAN_POINT('',(12.5602413589854,121.157372487034,-4.96841160313096));
#16079=CARTESIAN_POINT('Origin',(8.42867467850346,121.157372487034,-4.96841160313096));
#16080=CARTESIAN_POINT('',(12.5602413589854,121.157372487034,-4.96841160313096));
#16081=CARTESIAN_POINT('Origin',(8.42867467850346,121.157372487034,-4.96841160313096));
#16082=CARTESIAN_POINT('',(12.5602413589854,121.157372487034,-4.96841160313096));
#16083=CARTESIAN_POINT('Origin',(8.42867467850317,124.457372487034,-4.96841160313096));
#16084=CARTESIAN_POINT('',(8.42867467850363,111.357372487034,-4.96841160313098));
#16085=CARTESIAN_POINT('',(8.42867467850317,124.457372487034,-4.96841160313096));
#16086=CARTESIAN_POINT('',(8.42867467850363,111.357372487034,-5.06841160313098));
#16087=CARTESIAN_POINT('',(8.42867467850363,111.357372487034,-4.96841160313098));
#16088=CARTESIAN_POINT('',(8.42867467850334,119.657372487034,-5.06841160313096));
#16089=CARTESIAN_POINT('',(8.42867467850317,124.457372487034,-5.06841160313096));
#16090=CARTESIAN_POINT('',(8.42867467850334,119.657372487034,-5.26841160313096));
#16091=CARTESIAN_POINT('',(8.42867467850334,119.657372487034,-5.06841160313096));
#16092=CARTESIAN_POINT('',(8.42867467850334,124.457372487034,-5.26841160313096));
#16093=CARTESIAN_POINT('',(8.42867467850334,119.657372487034,-5.26841160313096));
#16094=CARTESIAN_POINT('',(8.42867467850317,124.457372487034,-4.96841160313096));
#16095=CARTESIAN_POINT('Origin',(16.6918080394673,88.9037143164321,-4.968411603131));
#16096=CARTESIAN_POINT('',(2.92867467850363,110.357372487034,-4.96841160313098));
#16097=CARTESIAN_POINT('',(2.92867467850363,110.357372487034,-4.96841160313098));
#16098=CARTESIAN_POINT('',(1.92867467850317,109.357372487034,-4.96841160313098));
#16099=CARTESIAN_POINT('Origin',(1.92867467850363,110.357372487034,-4.96841160313098));
#16100=CARTESIAN_POINT('',(10.4286746785036,109.357372487034,-4.96841160313098));
#16101=CARTESIAN_POINT('',(25.8102413589851,109.357372487034,-4.96841160313098));
#16102=CARTESIAN_POINT('Origin',(10.4286746785036,111.357372487034,-4.96841160313098));
#16103=CARTESIAN_POINT('Origin',(2.92867467850363,110.357372487034,-4.96841160313098));
#16104=CARTESIAN_POINT('',(2.92867467850363,124.457372487034,-5.26841160313096));
#16105=CARTESIAN_POINT('',(2.92867467850317,124.457372487035,-4.96841160313096));
#16106=CARTESIAN_POINT('',(2.92867467850363,119.657372487034,-5.26841160313096));
#16107=CARTESIAN_POINT('',(2.92867467850363,124.457372487034,-5.26841160313096));
#16108=CARTESIAN_POINT('',(2.92867467850363,119.657372487034,-5.06841160313096));
#16109=CARTESIAN_POINT('',(2.92867467850363,119.657372487034,-5.06841160313096));
#16110=CARTESIAN_POINT('',(2.92867467850363,110.357372487034,-5.06841160313098));
#16111=CARTESIAN_POINT('',(2.92867467850363,110.357372487034,-5.06841160313098));
#16112=CARTESIAN_POINT('',(2.92867467850363,110.357372487034,-4.96841160313098));
#16113=CARTESIAN_POINT('Origin',(8.42867467850334,119.657372487034,-5.06841160313096));
#16114=CARTESIAN_POINT('',(12.5602413589853,119.657372487034,-5.06841160313096));
#16115=CARTESIAN_POINT('',(2.92867467850363,119.657372487034,-5.26841160313096));
#16116=CARTESIAN_POINT('Origin',(5.67867467850348,122.11789006861,-5.26841160313096));
#16117=CARTESIAN_POINT('',(3.12867467850363,124.657372487034,-5.26841160313096));
#16118=CARTESIAN_POINT('Origin',(3.12867467850363,124.457372487034,-5.26841160313096));
#16119=CARTESIAN_POINT('',(8.22867467850334,124.657372487034,-5.26841160313096));
#16120=CARTESIAN_POINT('',(8.22867467850334,124.657372487034,-5.26841160313096));
#16121=CARTESIAN_POINT('Origin',(8.22867467850334,124.457372487034,-5.26841160313096));
#16122=CARTESIAN_POINT('Origin',(16.6918080394673,88.9037143164321,-5.068411603131));
#16123=CARTESIAN_POINT('',(10.4286746785036,109.357372487034,-5.06841160313098));
#16124=CARTESIAN_POINT('Origin',(10.4286746785036,111.357372487034,-5.06841160313098));
#16125=CARTESIAN_POINT('',(1.92867467850317,109.357372487034,-5.06841160313098));
#16126=CARTESIAN_POINT('',(9.31024135898545,109.357372487034,-5.06841160313098));
#16127=CARTESIAN_POINT('Origin',(1.92867467850363,110.357372487034,-5.06841160313098));
#16128=CARTESIAN_POINT('Origin',(31.3286746785032,108.357372487034,-7.16841160313098));
#16129=CARTESIAN_POINT('',(31.3286746785032,108.357372487034,-7.16841160313098));
#16130=CARTESIAN_POINT('',(31.3286746785032,108.357372487034,-6.76841160313098));
#16131=CARTESIAN_POINT('',(31.3286746785032,108.357372487034,-6.81841160313098));
#16132=CARTESIAN_POINT('',(31.3286746785032,105.357372487034,-7.16841160313098));
#16133=CARTESIAN_POINT('',(31.3286746785032,108.357372487034,-7.16841160313098));
#16134=CARTESIAN_POINT('',(31.3286746785032,105.357372487034,-6.76841160313098));
#16135=CARTESIAN_POINT('',(31.3286746785032,105.357372487034,-7.16841160313098));
#16136=CARTESIAN_POINT('',(31.3286746785032,108.357372487034,-6.76841160313098));
#16137=CARTESIAN_POINT('Origin',(31.6286746785032,108.357372487034,-7.16841160313098));
#16138=CARTESIAN_POINT('',(31.6286746785032,108.357372487034,-7.16841160313098));
#16139=CARTESIAN_POINT('',(28.7786746785032,108.357372487034,-7.16841160313098));
#16140=CARTESIAN_POINT('',(31.6286746785032,105.357372487034,-7.16841160313098));
#16141=CARTESIAN_POINT('',(31.6286746785032,108.357372487034,-7.16841160313098));
#16142=CARTESIAN_POINT('',(31.6286746785032,105.357372487034,-7.16841160313098));
#16143=CARTESIAN_POINT('Origin',(31.6286746785032,108.357372487034,-7.56841160313098));
#16144=CARTESIAN_POINT('',(31.6286746785032,108.357372487034,-7.56841160313098));
#16145=CARTESIAN_POINT('',(31.6286746785032,108.357372487034,-7.01841160313098));
#16146=CARTESIAN_POINT('',(31.6286746785032,105.357372487034,-7.56841160313098));
#16147=CARTESIAN_POINT('',(31.6286746785032,108.357372487034,-7.56841160313098));
#16148=CARTESIAN_POINT('',(31.6286746785032,105.357372487034,-7.56841160313098));
#16149=CARTESIAN_POINT('Origin',(31.3286746785032,108.357372487034,-7.56841160313098));
#16150=CARTESIAN_POINT('',(31.3286746785032,108.357372487034,-7.56841160313098));
#16151=CARTESIAN_POINT('',(28.6286746785032,108.357372487034,-7.56841160313098));
#16152=CARTESIAN_POINT('',(31.3286746785032,105.357372487034,-7.56841160313098));
#16153=CARTESIAN_POINT('',(31.3286746785032,108.357372487034,-7.56841160313098));
#16154=CARTESIAN_POINT('',(31.3286746785032,105.357372487034,-7.56841160313098));
#16155=CARTESIAN_POINT('Origin',(31.3286746785032,108.357372487034,-7.96841160313098));
#16156=CARTESIAN_POINT('',(31.3286746785032,108.357372487034,-7.96841160313098));
#16157=CARTESIAN_POINT('',(31.3286746785032,108.357372487034,-7.21841160313098));
#16158=CARTESIAN_POINT('',(31.3286746785032,105.357372487034,-7.96841160313098));
#16159=CARTESIAN_POINT('',(31.3286746785032,108.357372487034,-7.96841160313098));
#16160=CARTESIAN_POINT('',(31.3286746785032,105.357372487034,-7.96841160313098));
#16161=CARTESIAN_POINT('Origin',(26.5286746785032,108.357372487034,-7.96841160313098));
#16162=CARTESIAN_POINT('',(26.5286746785032,108.357372487034,-7.96841160313098));
#16163=CARTESIAN_POINT('',(26.2286746785032,108.357372487034,-7.96841160313098));
#16164=CARTESIAN_POINT('',(26.5286746785032,105.357372487034,-7.96841160313098));
#16165=CARTESIAN_POINT('',(26.5286746785032,108.357372487034,-7.96841160313098));
#16166=CARTESIAN_POINT('',(26.5286746785032,105.357372487034,-7.96841160313098));
#16167=CARTESIAN_POINT('Origin',(26.5286746785032,108.357372487034,-7.56841160313098));
#16168=CARTESIAN_POINT('',(26.5286746785032,108.357372487034,-7.56841160313098));
#16169=CARTESIAN_POINT('',(26.5286746785032,108.357372487034,-7.01841160313098));
#16170=CARTESIAN_POINT('',(26.5286746785032,105.357372487034,-7.56841160313098));
#16171=CARTESIAN_POINT('',(26.5286746785032,108.357372487034,-7.56841160313098));
#16172=CARTESIAN_POINT('',(26.5286746785032,105.357372487034,-7.56841160313098));
#16173=CARTESIAN_POINT('Origin',(26.2286746785032,108.357372487034,-7.56841160313098));
#16174=CARTESIAN_POINT('',(26.2286746785032,108.357372487034,-7.56841160313098));
#16175=CARTESIAN_POINT('',(26.0786746785032,108.357372487034,-7.56841160313098));
#16176=CARTESIAN_POINT('',(26.2286746785032,105.357372487034,-7.56841160313098));
#16177=CARTESIAN_POINT('',(26.2286746785032,108.357372487034,-7.56841160313098));
#16178=CARTESIAN_POINT('',(26.2286746785032,105.357372487034,-7.56841160313098));
#16179=CARTESIAN_POINT('Origin',(26.2286746785032,108.357372487034,-7.16841160313098));
#16180=CARTESIAN_POINT('',(26.2286746785032,108.357372487034,-7.16841160313098));
#16181=CARTESIAN_POINT('',(26.2286746785032,108.357372487034,-6.81841160313098));
#16182=CARTESIAN_POINT('',(26.2286746785032,105.357372487034,-7.16841160313098));
#16183=CARTESIAN_POINT('',(26.2286746785032,108.357372487034,-7.16841160313098));
#16184=CARTESIAN_POINT('',(26.2286746785032,105.357372487034,-7.16841160313098));
#16185=CARTESIAN_POINT('Origin',(26.5286746785032,108.357372487034,-7.16841160313098));
#16186=CARTESIAN_POINT('',(26.5286746785032,108.357372487034,-7.16841160313098));
#16187=CARTESIAN_POINT('',(26.2286746785032,108.357372487034,-7.16841160313098));
#16188=CARTESIAN_POINT('',(26.5286746785032,105.357372487034,-7.16841160313098));
#16189=CARTESIAN_POINT('',(26.5286746785032,108.357372487034,-7.16841160313098));
#16190=CARTESIAN_POINT('',(26.5286746785032,105.357372487034,-7.16841160313098));
#16191=CARTESIAN_POINT('Origin',(26.5286746785032,108.357372487034,-6.76841160313098));
#16192=CARTESIAN_POINT('',(26.5286746785032,108.357372487034,-6.76841160313098));
#16193=CARTESIAN_POINT('',(26.5286746785032,108.357372487034,-6.61841160313098));
#16194=CARTESIAN_POINT('',(26.5286746785032,105.357372487034,-6.76841160313098));
#16195=CARTESIAN_POINT('',(26.5286746785032,108.357372487034,-6.76841160313098));
#16196=CARTESIAN_POINT('',(26.5286746785032,105.357372487034,-6.76841160313098));
#16197=CARTESIAN_POINT('Origin',(31.3286746785032,108.357372487034,-6.76841160313098));
#16198=CARTESIAN_POINT('',(28.6286746785032,108.357372487034,-6.76841160313098));
#16199=CARTESIAN_POINT('',(31.3286746785032,105.357372487034,-6.76841160313098));
#16200=CARTESIAN_POINT('Origin',(28.9286746785032,105.357372487034,-7.36841160313099));
#16201=CARTESIAN_POINT('Origin',(27.328674678503,103.297372487034,-6.46841160313098));
#16202=CARTESIAN_POINT('',(27.328674678503,104.057372487034,-6.46841160313099));
#16203=CARTESIAN_POINT('',(27.328674678503,103.297372487034,-6.46841160313098));
#16204=CARTESIAN_POINT('',(27.328674678503,97.8273724870338,-6.46841160313099));
#16205=CARTESIAN_POINT('',(27.328674678503,104.057372487034,-6.51841160313099));
#16206=CARTESIAN_POINT('',(27.328674678503,104.057372487034,-6.46841160313099));
#16207=CARTESIAN_POINT('',(27.328674678503,103.297372487034,-6.51841160313098));
#16208=CARTESIAN_POINT('',(27.328674678503,103.297372487034,-6.51841160313098));
#16209=CARTESIAN_POINT('',(27.328674678503,103.297372487034,-6.46841160313098));
#16210=CARTESIAN_POINT('Origin',(27.5286746785031,103.297372487034,-6.46841160313098));
#16211=CARTESIAN_POINT('',(27.5286746785031,103.297372487034,-6.46841160313098));
#16212=CARTESIAN_POINT('',(22.9786746785032,103.297372487034,-6.46841160313098));
#16213=CARTESIAN_POINT('',(27.5286746785031,103.297372487034,-6.51841160313098));
#16214=CARTESIAN_POINT('',(27.5286746785031,103.297372487034,-6.51841160313098));
#16215=CARTESIAN_POINT('',(27.5286746785031,103.297372487034,-6.46841160313098));
#16216=CARTESIAN_POINT('Origin',(27.5286746785031,104.057372487034,-6.46841160313099));
#16217=CARTESIAN_POINT('',(27.5286746785031,104.057372487034,-6.46841160313099));
#16218=CARTESIAN_POINT('',(27.5286746785031,98.2073724870338,-6.46841160313099));
#16219=CARTESIAN_POINT('',(27.5286746785031,104.057372487034,-6.51841160313099));
#16220=CARTESIAN_POINT('',(27.5286746785031,104.057372487034,-6.51841160313099));
#16221=CARTESIAN_POINT('',(27.5286746785031,104.057372487034,-6.46841160313099));
#16222=CARTESIAN_POINT('Origin',(27.4286746785031,103.677372487034,-6.51841160313098));
#16223=CARTESIAN_POINT('',(29.6786746785031,104.057372487034,-6.51841160313099));
#16224=CARTESIAN_POINT('Origin',(29.328674678503,103.297372487034,-6.46841160313098));
#16225=CARTESIAN_POINT('',(29.328674678503,104.057372487034,-6.46841160313099));
#16226=CARTESIAN_POINT('',(29.328674678503,103.297372487034,-6.46841160313098));
#16227=CARTESIAN_POINT('',(29.328674678503,97.8273724870338,-6.46841160313099));
#16228=CARTESIAN_POINT('',(29.328674678503,104.057372487034,-6.51841160313099));
#16229=CARTESIAN_POINT('',(29.328674678503,104.057372487034,-6.46841160313099));
#16230=CARTESIAN_POINT('',(29.328674678503,103.297372487034,-6.51841160313098));
#16231=CARTESIAN_POINT('',(29.328674678503,103.297372487034,-6.51841160313098));
#16232=CARTESIAN_POINT('',(29.328674678503,103.297372487034,-6.46841160313098));
#16233=CARTESIAN_POINT('Origin',(29.5286746785031,103.297372487034,-6.46841160313098));
#16234=CARTESIAN_POINT('',(29.5286746785031,103.297372487034,-6.46841160313098));
#16235=CARTESIAN_POINT('',(23.9786746785032,103.297372487034,-6.46841160313098));
#16236=CARTESIAN_POINT('',(29.5286746785031,103.297372487034,-6.51841160313098));
#16237=CARTESIAN_POINT('',(29.5286746785031,103.297372487034,-6.51841160313098));
#16238=CARTESIAN_POINT('',(29.5286746785031,103.297372487034,-6.46841160313098));
#16239=CARTESIAN_POINT('Origin',(29.5286746785031,104.057372487034,-6.46841160313099));
#16240=CARTESIAN_POINT('',(29.5286746785031,104.057372487034,-6.46841160313099));
#16241=CARTESIAN_POINT('',(29.5286746785031,98.2073724870338,-6.46841160313099));
#16242=CARTESIAN_POINT('',(29.5286746785031,104.057372487034,-6.51841160313099));
#16243=CARTESIAN_POINT('',(29.5286746785031,104.057372487034,-6.51841160313099));
#16244=CARTESIAN_POINT('',(29.5286746785031,104.057372487034,-6.46841160313099));
#16245=CARTESIAN_POINT('Origin',(29.4286746785031,103.677372487034,-6.51841160313098));
#16246=CARTESIAN_POINT('',(30.6786746785031,104.057372487034,-6.51841160313099));
#16247=CARTESIAN_POINT('Origin',(30.328674678503,103.297372487034,-6.46841160313098));
#16248=CARTESIAN_POINT('',(30.328674678503,104.057372487034,-6.46841160313099));
#16249=CARTESIAN_POINT('',(30.328674678503,103.297372487034,-6.46841160313098));
#16250=CARTESIAN_POINT('',(30.328674678503,97.8273724870338,-6.46841160313099));
#16251=CARTESIAN_POINT('',(30.328674678503,104.057372487034,-6.51841160313099));
#16252=CARTESIAN_POINT('',(30.328674678503,104.057372487034,-6.46841160313099));
#16253=CARTESIAN_POINT('',(30.328674678503,103.297372487034,-6.51841160313098));
#16254=CARTESIAN_POINT('',(30.328674678503,103.297372487034,-6.51841160313098));
#16255=CARTESIAN_POINT('',(30.328674678503,103.297372487034,-6.46841160313098));
#16256=CARTESIAN_POINT('Origin',(30.5286746785031,103.297372487034,-6.46841160313098));
#16257=CARTESIAN_POINT('',(30.5286746785031,103.297372487034,-6.46841160313098));
#16258=CARTESIAN_POINT('',(24.4786746785032,103.297372487034,-6.46841160313098));
#16259=CARTESIAN_POINT('',(30.5286746785031,103.297372487034,-6.51841160313098));
#16260=CARTESIAN_POINT('',(30.5286746785031,103.297372487034,-6.51841160313098));
#16261=CARTESIAN_POINT('',(30.5286746785031,103.297372487034,-6.46841160313098));
#16262=CARTESIAN_POINT('Origin',(30.5286746785031,104.057372487034,-6.46841160313099));
#16263=CARTESIAN_POINT('',(30.5286746785031,104.057372487034,-6.46841160313099));
#16264=CARTESIAN_POINT('',(30.5286746785031,98.2073724870338,-6.46841160313099));
#16265=CARTESIAN_POINT('',(30.5286746785031,104.057372487034,-6.51841160313099));
#16266=CARTESIAN_POINT('',(30.5286746785031,104.057372487034,-6.51841160313099));
#16267=CARTESIAN_POINT('',(30.5286746785031,104.057372487034,-6.46841160313099));
#16268=CARTESIAN_POINT('Origin',(30.4286746785031,103.677372487034,-6.51841160313098));
#16269=CARTESIAN_POINT('',(31.1786746785031,104.057372487034,-6.51841160313099));
#16270=CARTESIAN_POINT('Origin',(28.328674678503,103.297372487034,-6.46841160313098));
#16271=CARTESIAN_POINT('',(28.328674678503,104.057372487034,-6.46841160313099));
#16272=CARTESIAN_POINT('',(28.328674678503,103.297372487034,-6.46841160313098));
#16273=CARTESIAN_POINT('',(28.328674678503,97.8273724870338,-6.46841160313099));
#16274=CARTESIAN_POINT('',(28.328674678503,104.057372487034,-6.51841160313099));
#16275=CARTESIAN_POINT('',(28.328674678503,104.057372487034,-6.46841160313099));
#16276=CARTESIAN_POINT('',(28.328674678503,103.297372487034,-6.51841160313098));
#16277=CARTESIAN_POINT('',(28.328674678503,103.297372487034,-6.51841160313098));
#16278=CARTESIAN_POINT('',(28.328674678503,103.297372487034,-6.46841160313098));
#16279=CARTESIAN_POINT('Origin',(28.5286746785031,103.297372487034,-6.46841160313098));
#16280=CARTESIAN_POINT('',(28.5286746785031,103.297372487034,-6.46841160313098));
#16281=CARTESIAN_POINT('',(23.4786746785032,103.297372487034,-6.46841160313098));
#16282=CARTESIAN_POINT('',(28.5286746785031,103.297372487034,-6.51841160313098));
#16283=CARTESIAN_POINT('',(28.5286746785031,103.297372487034,-6.51841160313098));
#16284=CARTESIAN_POINT('',(28.5286746785031,103.297372487034,-6.46841160313098));
#16285=CARTESIAN_POINT('Origin',(28.5286746785031,104.057372487034,-6.46841160313099));
#16286=CARTESIAN_POINT('',(28.5286746785031,104.057372487034,-6.46841160313099));
#16287=CARTESIAN_POINT('',(28.5286746785031,98.2073724870338,-6.46841160313099));
#16288=CARTESIAN_POINT('',(28.5286746785031,104.057372487034,-6.51841160313099));
#16289=CARTESIAN_POINT('',(28.5286746785031,104.057372487034,-6.51841160313099));
#16290=CARTESIAN_POINT('',(28.5286746785031,104.057372487034,-6.46841160313099));
#16291=CARTESIAN_POINT('Origin',(28.4286746785031,103.677372487034,-6.51841160313098));
#16292=CARTESIAN_POINT('',(30.1786746785031,104.057372487034,-6.51841160313099));
#16293=CARTESIAN_POINT('Origin',(18.4286746785032,92.3573724870339,-6.468411603131));
#16294=CARTESIAN_POINT('',(34.9286746785032,75.3573724870339,-6.46841160313102));
#16295=CARTESIAN_POINT('',(1.92867467850362,75.3573724870339,-6.46841160313102));
#16296=CARTESIAN_POINT('',(1.92867467850362,75.3573724870339,-6.46841160313102));
#16297=CARTESIAN_POINT('',(0.928674678503176,76.3573724870339,-6.46841160313102));
#16298=CARTESIAN_POINT('Origin',(1.9286746785034,76.3573724870341,-6.46841160313102));
#16299=CARTESIAN_POINT('',(0.928674678503176,108.357372487034,-6.46841160313098));
#16300=CARTESIAN_POINT('',(0.928674678503176,108.357372487034,-6.46841160313098));
#16301=CARTESIAN_POINT('',(1.92867467850362,109.357372487034,-6.46841160313098));
#16302=CARTESIAN_POINT('Origin',(1.9286746785034,108.357372487034,-6.46841160313098));
#16303=CARTESIAN_POINT('',(34.9286746785032,109.357372487034,-6.46841160313098));
#16304=CARTESIAN_POINT('',(34.9286746785032,109.357372487034,-6.46841160313098));
#16305=CARTESIAN_POINT('',(35.9286746785032,108.357372487034,-6.46841160313098));
#16306=CARTESIAN_POINT('Origin',(34.9286746785032,108.357372487034,-6.46841160313098));
#16307=CARTESIAN_POINT('',(35.9286746785032,76.3573724870339,-6.46841160313102));
#16308=CARTESIAN_POINT('',(35.9286746785032,76.3573724870339,-6.46841160313102));
#16309=CARTESIAN_POINT('Origin',(34.9286746785032,76.3573724870339,-6.46841160313102));
#16310=CARTESIAN_POINT('',(25.1786746785032,104.057372487034,-6.46841160313099));
#16311=CARTESIAN_POINT('',(25.1786746785032,104.057372487034,-6.46841160313099));
#16312=CARTESIAN_POINT('',(25.1786746785032,104.057372487034,-6.46841160313099));
#16313=CARTESIAN_POINT('',(31.9286746785032,104.057372487034,-6.46841160313099));
#16314=CARTESIAN_POINT('',(25.1786746785032,104.057372487034,-6.46841160313099));
#16315=CARTESIAN_POINT('',(31.9286746785032,108.357372487034,-6.46841160313098));
#16316=CARTESIAN_POINT('',(31.9286746785032,100.357372487034,-6.46841160313098));
#16317=CARTESIAN_POINT('',(25.9286746785032,108.357372487034,-6.46841160313098));
#16318=CARTESIAN_POINT('',(22.1786746785032,108.357372487034,-6.46841160313098));
#16319=CARTESIAN_POINT('',(25.9286746785032,104.057372487034,-6.46841160313099));
#16320=CARTESIAN_POINT('',(25.9286746785032,98.2073724870338,-6.46841160313099));
#16321=CARTESIAN_POINT('',(25.1786746785032,104.057372487034,-6.46841160313099));
#16322=CARTESIAN_POINT('Origin',(31.9286746785032,108.357372487034,-6.46841160313098));
#16323=CARTESIAN_POINT('',(31.9286746785032,104.057372487034,-8.26841160313099));
#16324=CARTESIAN_POINT('',(31.9286746785032,104.057372487034,-6.46841160313099));
#16325=CARTESIAN_POINT('',(31.9286746785032,108.357372487034,-8.26841160313098));
#16326=CARTESIAN_POINT('',(31.9286746785032,104.057372487034,-8.26841160313099));
#16327=CARTESIAN_POINT('',(31.9286746785032,108.357372487034,-6.46841160313098));
#16328=CARTESIAN_POINT('Origin',(25.9286746785032,108.357372487034,-6.46841160313098));
#16329=CARTESIAN_POINT('',(25.9286746785032,108.357372487034,-8.26841160313098));
#16330=CARTESIAN_POINT('',(31.9286746785032,108.357372487034,-8.26841160313098));
#16331=CARTESIAN_POINT('',(25.9286746785032,108.357372487034,-6.46841160313098));
#16332=CARTESIAN_POINT('Origin',(25.9286746785032,104.057372487034,-6.46841160313099));
#16333=CARTESIAN_POINT('',(25.9286746785032,104.057372487034,-8.26841160313099));
#16334=CARTESIAN_POINT('',(25.9286746785032,108.357372487034,-8.26841160313098));
#16335=CARTESIAN_POINT('',(25.9286746785032,104.057372487034,-6.46841160313099));
#16336=CARTESIAN_POINT('Origin',(31.9286746785032,104.057372487034,-6.46841160313099));
#16337=CARTESIAN_POINT('',(25.9286746785032,104.057372487034,-8.26841160313099));
#16338=CARTESIAN_POINT('Origin',(28.9286746785032,106.207372487034,-8.26841160313099));
#16339=CARTESIAN_POINT('Origin',(1.92867467850317,76.3573724870337,-4.96841160313101));
#16340=CARTESIAN_POINT('',(1.92867467850317,75.3573724870337,-4.76841160313102));
#16341=CARTESIAN_POINT('',(1.92867467850317,75.3573724870337,-4.96841160313102));
#16342=CARTESIAN_POINT('',(0.928674678503176,76.3573724870337,-4.76841160313102));
#16343=CARTESIAN_POINT('Origin',(1.92867467850317,76.3573724870337,-4.76841160313102));
#16344=CARTESIAN_POINT('',(0.928674678503176,76.3573724870337,-4.96841160313101));
#16345=CARTESIAN_POINT('Origin',(34.9286746785031,76.3573724870339,-4.96841160313101));
#16346=CARTESIAN_POINT('',(35.9286746785033,76.3573724870337,-4.76841160313102));
#16347=CARTESIAN_POINT('',(35.9286746785033,76.3573724870337,-4.96841160313101));
#16348=CARTESIAN_POINT('',(34.9286746785029,75.3573724870337,-4.76841160313102));
#16349=CARTESIAN_POINT('Origin',(34.9286746785031,76.3573724870339,-4.76841160313102));
#16350=CARTESIAN_POINT('',(34.9286746785029,75.3573724870337,-4.96841160313102));
#16351=CARTESIAN_POINT('Origin',(1.92867467850317,75.3573724870337,-4.96841160313102));
#16352=CARTESIAN_POINT('',(34.9286746785029,75.3573724870337,-4.76841160313102));
#16353=CARTESIAN_POINT('Origin',(18.4286746785032,92.3573724870337,-4.768411603131));
#16354=CARTESIAN_POINT('',(35.9286746785033,108.357372487034,-4.76841160313098));
#16355=CARTESIAN_POINT('',(35.9286746785033,108.357372487034,-4.76841160313098));
#16356=CARTESIAN_POINT('',(34.9286746785029,109.357372487034,-4.76841160313098));
#16357=CARTESIAN_POINT('Origin',(34.9286746785031,108.357372487033,-4.76841160313098));
#16358=CARTESIAN_POINT('',(1.92867467850317,109.357372487034,-4.76841160313098));
#16359=CARTESIAN_POINT('',(1.92867467850317,109.357372487034,-4.76841160313098));
#16360=CARTESIAN_POINT('',(0.928674678503167,108.357372487034,-4.76841160313098));
#16361=CARTESIAN_POINT('Origin',(1.92867467850317,108.357372487034,-4.76841160313098));
#16362=CARTESIAN_POINT('',(0.928674678503176,76.3573724870337,-4.76841160313102));
#16363=CARTESIAN_POINT('Origin',(16.6918080394673,36.2329894433438,0.));
#16364=CARTESIAN_POINT('',(21.228674678502,67.579331272739,0.));
#16365=CARTESIAN_POINT('Origin',(21.228674678502,67.3793312727392,0.));
#16366=CARTESIAN_POINT('',(31.2786746785031,67.579331272739,0.));
#16367=CARTESIAN_POINT('',(31.2786746785031,67.579331272739,0.));
#16368=CARTESIAN_POINT('',(31.4786746785031,67.3793312727392,0.));
#16369=CARTESIAN_POINT('Origin',(31.2786746785031,67.3793312727392,0.));
#16370=CARTESIAN_POINT('',(31.4786746785031,61.5163334140979,0.));
#16371=CARTESIAN_POINT('Origin',(34.9286746785032,76.3573724870339,-5.06841160313102));
#16372=CARTESIAN_POINT('',(34.9286746785032,75.3573724870339,-5.06841160313102));
#16373=CARTESIAN_POINT('',(35.9286746785032,76.3573724870339,-5.06841160313102));
#16374=CARTESIAN_POINT('Origin',(1.9286746785034,76.3573724870341,-5.06841160313102));
#16375=CARTESIAN_POINT('',(0.928674678503176,76.3573724870339,-5.06841160313102));
#16376=CARTESIAN_POINT('',(1.92867467850362,75.3573724870339,-5.06841160313102));
#16377=CARTESIAN_POINT('Origin',(34.9286746785032,75.3573724870339,-5.06841160313102));
#16378=CARTESIAN_POINT('Origin',(18.3260791759629,65.6804336409278,-1.1));
#16379=CARTESIAN_POINT('Origin',(20.0286746785008,65.6804336409278,-1.1));
#16380=CARTESIAN_POINT('Origin',(5.57867467850053,67.3793312727392,-3.05311331771918E-15));
#16381=CARTESIAN_POINT('',(5.57867467850053,67.579331272739,-3.05311331771918E-15));
#16382=CARTESIAN_POINT('Origin',(19.8286746785014,67.579331272739,-3.05311331771918E-15));
#16383=CARTESIAN_POINT('',(19.8286746785014,67.579331272739,-3.05311331771918E-15));
#16384=CARTESIAN_POINT('Origin',(19.8286746785014,67.3793312727392,-3.05311331771918E-15));
#16385=CARTESIAN_POINT('',(20.0286746785015,67.3793312727392,-3.05311331771918E-15));
#16386=CARTESIAN_POINT('Origin',(20.0286746785011,65.6804336409278,-3.05311331771918E-15));
#16387=CARTESIAN_POINT('Ctrl Pts',(21.0279573387337,64.5804336409279,-1.1));
#16388=CARTESIAN_POINT('Ctrl Pts',(21.0284354508617,64.5804336409279,-1.09108400914141));
#16389=CARTESIAN_POINT('Ctrl Pts',(21.0286746785004,64.5805421522371,-1.08215520832797));
#16390=CARTESIAN_POINT('Ctrl Pts',(21.0286746785004,64.5807594544745,-1.07322905216));
#16391=CARTESIAN_POINT('Ctrl Pts',(21.0279573387337,64.5471003075945,-1.1));
#16392=CARTESIAN_POINT('Ctrl Pts',(21.0284354508617,64.5471003075945,-1.09081382760024));
#16393=CARTESIAN_POINT('Ctrl Pts',(21.0286746785004,64.5472121071252,-1.08161445706518));
#16394=CARTESIAN_POINT('Ctrl Pts',(21.0286746785004,64.547435994279,-1.07241781131636));
#16395=CARTESIAN_POINT('Ctrl Pts',(21.0279573387337,64.5137669742612,-1.1));
#16396=CARTESIAN_POINT('Ctrl Pts',(21.0284354508617,64.5137669742612,-1.09054364605907));
#16397=CARTESIAN_POINT('Ctrl Pts',(21.0286746785004,64.5138820620134,-1.08107370580239));
#16398=CARTESIAN_POINT('Ctrl Pts',(21.0286746785004,64.5141125340834,-1.07160657047272));
#16399=CARTESIAN_POINT('Ctrl Pts',(21.0279573387337,64.4804336409278,-1.1));
#16400=CARTESIAN_POINT('Ctrl Pts',(21.0284354508617,64.4804336409278,-1.0902734645179));
#16401=CARTESIAN_POINT('Ctrl Pts',(21.0286746785004,64.4805520169016,-1.08053295453961));
#16402=CARTESIAN_POINT('Ctrl Pts',(21.0286746785004,64.4807890738879,-1.07079532962909));
#16403=CARTESIAN_POINT('Origin',(21.228674678502,67.3793312727392,0.));
#16404=CARTESIAN_POINT('',(21.228674678502,67.579331272739,0.));
#16405=CARTESIAN_POINT('Origin',(31.2786746785031,67.579331272739,0.));
#16406=CARTESIAN_POINT('',(31.2786746785031,67.579331272739,0.));
#16407=CARTESIAN_POINT('Origin',(31.2786746785031,67.3793312727392,0.));
#16408=CARTESIAN_POINT('',(31.4786746785031,67.3793312727392,0.));
#16409=CARTESIAN_POINT('Origin',(31.4786746785031,64.5804336409279,-3.53622426735555));
#16410=CARTESIAN_POINT('',(31.4786746785031,64.5804336409279,-3.53622426735555));
#16411=CARTESIAN_POINT('Origin',(36.4786746785031,64.5804336409279,-3.5362242673552));
#16412=CARTESIAN_POINT('Origin',(35.1332951564319,70.7692493276335,-4.96841160313102));
#16413=CARTESIAN_POINT('',(35.1332951564319,70.7692493276335,-4.96841160313102));
#16414=CARTESIAN_POINT('Origin',(30.9286746785032,73.4750147713815,-4.96841160313102));
#16415=CARTESIAN_POINT('',(35.9286746785032,73.4750147713815,-4.96841160313102));
#16416=CARTESIAN_POINT('Origin',(35.9286746785032,108.357372487034,-4.96841160313098));
#16417=CARTESIAN_POINT('',(35.9286746785032,108.357372487034,-4.96841160313098));
#16418=CARTESIAN_POINT('Origin',(34.9286746785032,108.357372487034,-4.96841160313098));
#16419=CARTESIAN_POINT('',(34.9286746785032,109.357372487034,-4.96841160313098));
#16420=CARTESIAN_POINT('Origin',(10.4286746785036,109.357372487034,-4.96841160313098));
#16421=CARTESIAN_POINT('',(1.92867467850362,109.357372487034,-5.06841160313098));
#16422=CARTESIAN_POINT('',(10.4286746785036,109.357372487034,-4.96841160313098));
#16423=CARTESIAN_POINT('',(1.92867467850317,109.357372487034,-4.96841160313098));
#16424=CARTESIAN_POINT('Origin',(10.4286746785036,111.357372487034,-4.96841160313098));
#16425=CARTESIAN_POINT('Origin',(8.22867467850335,124.457372487034,-4.96841160313096));
#16426=CARTESIAN_POINT('',(8.22867467850335,124.657372487034,-4.96841160313096));
#16427=CARTESIAN_POINT('Origin',(3.12867467850344,124.657372487034,-4.96841160313096));
#16428=CARTESIAN_POINT('',(3.12867467850344,124.657372487034,-4.96841160313096));
#16429=CARTESIAN_POINT('Origin',(3.12867467850344,124.457372487034,-4.96841160313096));
#16430=CARTESIAN_POINT('Origin',(1.92867467850363,110.357372487034,-4.96841160313098));
#16431=CARTESIAN_POINT('',(1.92867467850317,109.357372487034,-4.96841160313098));
#16432=CARTESIAN_POINT('Origin',(1.92867467850317,108.357372487034,-4.96841160313098));
#16433=CARTESIAN_POINT('',(0.928674678503171,108.357372487034,-4.96841160313098));
#16434=CARTESIAN_POINT('Origin',(0.928674678503171,73.4750147713815,-4.96841160313102));
#16435=CARTESIAN_POINT('',(0.928674678499988,73.4750147713815,-4.96841160313102));
#16436=CARTESIAN_POINT('Origin',(5.92867467849999,73.4750147713815,-4.96841160313102));
#16437=CARTESIAN_POINT('',(1.72405420057123,70.7692493276335,-4.96841160313102));
#16438=CARTESIAN_POINT('Origin',(4.58329515642879,66.3261357894258,-4.96841160313102));
#16439=CARTESIAN_POINT('Ctrl Pts',(4.93456528512821,65.6804336409278,-4.96841160313102));
#16440=CARTESIAN_POINT('Ctrl Pts',(5.03997442016195,65.4473182365321,-4.96841160313102));
#16441=CARTESIAN_POINT('Ctrl Pts',(5.24411593263393,64.8789723313605,-4.78772289801017));
#16442=CARTESIAN_POINT('Ctrl Pts',(5.34496452286246,64.5804336409279,-4.2087773364125));
#16443=CARTESIAN_POINT('Ctrl Pts',(5.36762763217179,64.5804336409279,-3.86841160313103));
#16444=CARTESIAN_POINT('Ctrl Pts',(4.93456528512821,65.6804336409278,-5.00174493646436));
#16445=CARTESIAN_POINT('Ctrl Pts',(5.03997442016195,65.4402541333686,-5.00174493646436));
#16446=CARTESIAN_POINT('Ctrl Pts',(5.24411593263393,64.85468562501,-4.81558081603682));
#16447=CARTESIAN_POINT('Ctrl Pts',(5.34496452286246,64.5471003075945,-4.21909144954225));
#16448=CARTESIAN_POINT('Ctrl Pts',(5.36762763217179,64.5471003075945,-3.86841160313103));
#16449=CARTESIAN_POINT('Ctrl Pts',(4.93456528512821,65.6804336409278,-5.03507826979769));
#16450=CARTESIAN_POINT('Ctrl Pts',(5.03997442016195,65.4331900302051,-5.03507826979769));
#16451=CARTESIAN_POINT('Ctrl Pts',(5.24411593263393,64.8303989186595,-4.84343873406346));
#16452=CARTESIAN_POINT('Ctrl Pts',(5.34496452286246,64.5137669742612,-4.22940556267199));
#16453=CARTESIAN_POINT('Ctrl Pts',(5.36762763217179,64.5137669742612,-3.86841160313103));
#16454=CARTESIAN_POINT('Ctrl Pts',(4.93456528512821,65.6804336409278,-5.06841160313103));
#16455=CARTESIAN_POINT('Ctrl Pts',(5.03997442016195,65.4261259270416,-5.06841160313103));
#16456=CARTESIAN_POINT('Ctrl Pts',(5.24411593263393,64.8061122123089,-4.8712966520901));
#16457=CARTESIAN_POINT('Ctrl Pts',(5.34496452286246,64.4804336409278,-4.23971967580173));
#16458=CARTESIAN_POINT('Ctrl Pts',(5.36762763217179,64.4804336409278,-3.86841160313103));
#16459=CARTESIAN_POINT('',(0.,0.,0.));
#16460=CARTESIAN_POINT('Origin',(115.619030056151,6.31890654341467,0.));
#16461=CARTESIAN_POINT('',(115.619030056151,6.31890654341467,0.));
#16462=CARTESIAN_POINT('',(115.619030056151,73.7189065434148,0.));
#16463=CARTESIAN_POINT('',(115.619030056151,22.1842365126787,0.));
#16464=CARTESIAN_POINT('',(115.619030056151,6.31890654341468,0.6));
#16465=CARTESIAN_POINT('',(115.619030056151,6.31890654341467,0.));
#16466=CARTESIAN_POINT('',(115.619030056151,73.7189065434148,0.6));
#16467=CARTESIAN_POINT('',(115.619030056151,22.1842365126787,0.6));
#16468=CARTESIAN_POINT('',(115.619030056151,73.7189065434148,0.));
#16469=CARTESIAN_POINT('Origin',(5.01903005615645,6.31890654341467,0.));
#16470=CARTESIAN_POINT('',(5.01903005615645,6.31890654341467,0.));
#16471=CARTESIAN_POINT('',(32.7643595144201,6.31890654341467,0.));
#16472=CARTESIAN_POINT('',(5.01903005615645,6.31890654341468,0.6));
#16473=CARTESIAN_POINT('',(5.01903005615645,6.31890654341467,0.));
#16474=CARTESIAN_POINT('',(32.7643595144201,6.31890654341467,0.6));
#16475=CARTESIAN_POINT('Origin',(5.01903005615645,73.7189065434148,0.));
#16476=CARTESIAN_POINT('',(5.01903005615645,73.7189065434148,0.));
#16477=CARTESIAN_POINT('',(5.01903005615645,55.8842365126787,0.));
#16478=CARTESIAN_POINT('',(5.01903005615645,73.7189065434148,0.6));
#16479=CARTESIAN_POINT('',(5.01903005615645,73.7189065434148,0.));
#16480=CARTESIAN_POINT('',(5.01903005615645,55.8842365126787,0.6));
#16481=CARTESIAN_POINT('Origin',(115.619030056151,73.7189065434148,0.));
#16482=CARTESIAN_POINT('',(88.0643595144175,73.7189065434148,0.));
#16483=CARTESIAN_POINT('',(88.0643595144175,73.7189065434148,0.6));
#16484=CARTESIAN_POINT('Origin',(0.689030056152433,74.9789065434123,0.));
#16485=CARTESIAN_POINT('',(0.689030056152433,74.9789065434123,0.));
#16486=CARTESIAN_POINT('',(0.689030056152433,2.87890858740801,0.));
#16487=CARTESIAN_POINT('',(0.689030056152433,74.9789065434123,0.));
#16488=CARTESIAN_POINT('',(0.689030056152433,2.87890858740801,0.6));
#16489=CARTESIAN_POINT('',(0.689030056152433,2.87890858740801,0.));
#16490=CARTESIAN_POINT('',(0.689030056152433,74.9789065434123,0.6));
#16491=CARTESIAN_POINT('',(0.689030056152433,74.9789065434123,0.6));
#16492=CARTESIAN_POINT('',(0.689030056152433,74.9789065434123,0.));
#16493=CARTESIAN_POINT('Origin',(119.989030056153,74.9789065434123,0.));
#16494=CARTESIAN_POINT('',(119.989030056153,74.9789065434123,0.));
#16495=CARTESIAN_POINT('',(119.989030056153,74.9789065434123,0.));
#16496=CARTESIAN_POINT('',(119.989030056153,74.9789065434123,0.6));
#16497=CARTESIAN_POINT('',(119.989030056153,74.9789065434123,0.6));
#16498=CARTESIAN_POINT('',(119.989030056153,74.9789065434123,0.));
#16499=CARTESIAN_POINT('Origin',(119.989030056153,0.778908587410825,0.));
#16500=CARTESIAN_POINT('',(119.989030056153,0.778908587410825,0.));
#16501=CARTESIAN_POINT('',(119.989030056153,0.778908587410825,0.));
#16502=CARTESIAN_POINT('',(119.989030056153,0.778908587410825,0.6));
#16503=CARTESIAN_POINT('',(119.989030056153,0.778908587410825,0.6));
#16504=CARTESIAN_POINT('',(119.989030056153,0.778908587410825,0.));
#16505=CARTESIAN_POINT('Origin',(32.1390300561541,0.778908587410825,0.));
#16506=CARTESIAN_POINT('',(32.1390300561541,0.778908587410825,0.));
#16507=CARTESIAN_POINT('',(32.1390300561541,0.778908587410825,0.));
#16508=CARTESIAN_POINT('',(32.1390300561541,0.778908587410825,0.6));
#16509=CARTESIAN_POINT('',(32.1390300561541,0.778908587410825,0.6));
#16510=CARTESIAN_POINT('',(32.1390300561541,0.778908587410825,0.));
#16511=CARTESIAN_POINT('Origin',(32.1390300561541,2.87890858740801,0.));
#16512=CARTESIAN_POINT('',(32.1390300561541,2.87890858740801,0.));
#16513=CARTESIAN_POINT('',(32.1390300561541,2.87890858740801,0.));
#16514=CARTESIAN_POINT('',(32.1390300561541,2.87890858740801,0.6));
#16515=CARTESIAN_POINT('',(32.1390300561541,2.87890858740801,0.6));
#16516=CARTESIAN_POINT('',(32.1390300561541,2.87890858740801,0.));
#16517=CARTESIAN_POINT('Origin',(0.689030056152433,2.87890858740801,0.));
#16518=CARTESIAN_POINT('',(0.689030056152433,2.87890858740801,0.));
#16519=CARTESIAN_POINT('',(0.689030056152433,2.87890858740801,0.6));
#16520=CARTESIAN_POINT('Origin',(60.5096889726837,38.0495664819427,0.6));
#16521=CARTESIAN_POINT('Origin',(60.5096889726837,38.0495664819427,0.));
#16522=CARTESIAN_POINT('',(-16.2397035193377,112.058773438445,-34.5490550166703));
#16523=CARTESIAN_POINT('',(-16.2597035193374,109.918773438445,-34.7490550166703));
#16524=CARTESIAN_POINT('',(-16.2597035193371,109.918773438446,-35.2990550166703));
#16525=CARTESIAN_POINT('',(7.26162180216012,6.7394421657074,-35.0740550166703));
#16526=CARTESIAN_POINT('',(44.0793265368145,72.0398668950326,-35.2990550166702));
#16527=CARTESIAN_POINT('',(0.,0.,0.));
#16528=CARTESIAN_POINT('',(0.,0.,0.));
#16529=CARTESIAN_POINT('Origin',(1762.536517382,-117.635396022,0.));
#16530=CARTESIAN_POINT('',(1823.286517382,-40.00339602202,0.));
#16531=CARTESIAN_POINT('',(1822.786517382,-39.50339602202,0.));
#16532=CARTESIAN_POINT('',(1823.286517382,-40.00339602202,0.));
#16533=CARTESIAN_POINT('',(1823.286517382,-44.50339602202,0.));
#16534=CARTESIAN_POINT('',(1823.286517382,-44.50339602202,0.));
#16535=CARTESIAN_POINT('',(1830.286517382,-44.50339602202,0.));
#16536=CARTESIAN_POINT('',(1830.286517382,-44.50339602202,0.));
#16537=CARTESIAN_POINT('',(1831.286517382,-45.50339602202,0.));
#16538=CARTESIAN_POINT('Origin',(1830.286517382,-45.50339602202,0.));
#16539=CARTESIAN_POINT('',(1831.286517382,-51.50339602202,0.));
#16540=CARTESIAN_POINT('',(1831.286517382,-51.50339602202,0.));
#16541=CARTESIAN_POINT('',(1830.286517382,-52.50339602202,0.));
#16542=CARTESIAN_POINT('Origin',(1830.286517382,-51.50339602202,0.));
#16543=CARTESIAN_POINT('',(1823.286517382,-52.50339602202,0.));
#16544=CARTESIAN_POINT('',(1823.286517382,-52.50339602202,0.));
#16545=CARTESIAN_POINT('',(1823.286517382,-103.103396022,0.));
#16546=CARTESIAN_POINT('',(1823.286517382,-103.103396022,0.));
#16547=CARTESIAN_POINT('',(1830.286517382,-103.103396022,0.));
#16548=CARTESIAN_POINT('',(1830.286517382,-103.103396022,0.));
#16549=CARTESIAN_POINT('',(1831.286517382,-104.103396022,0.));
#16550=CARTESIAN_POINT('Origin',(1830.286517382,-104.103396022,0.));
#16551=CARTESIAN_POINT('',(1831.286517382,-110.103396022,0.));
#16552=CARTESIAN_POINT('',(1831.286517382,-110.103396022,0.));
#16553=CARTESIAN_POINT('',(1830.286517382,-111.103396022,0.));
#16554=CARTESIAN_POINT('Origin',(1830.286517382,-110.103396022,0.));
#16555=CARTESIAN_POINT('',(1823.286517382,-111.103396022,0.));
#16556=CARTESIAN_POINT('',(1823.286517382,-111.103396022,0.));
#16557=CARTESIAN_POINT('',(1823.286517382,-115.603396022,0.));
#16558=CARTESIAN_POINT('',(1823.286517382,-115.603396022,0.));
#16559=CARTESIAN_POINT('',(1822.786517382,-116.103396022,0.));
#16560=CARTESIAN_POINT('',(1822.786517382,-116.103396022,0.));
#16561=CARTESIAN_POINT('',(1702.286517382,-116.103396022,0.));
#16562=CARTESIAN_POINT('',(1702.286517382,-116.103396022,0.));
#16563=CARTESIAN_POINT('',(1701.786517382,-115.603396022,0.));
#16564=CARTESIAN_POINT('',(1701.786517382,-115.603396022,0.));
#16565=CARTESIAN_POINT('',(1701.786517382,-111.103396022,0.));
#16566=CARTESIAN_POINT('',(1701.786517382,-111.103396022,0.));
#16567=CARTESIAN_POINT('',(1694.786517382,-111.103396022,0.));
#16568=CARTESIAN_POINT('',(1694.786517382,-111.103396022,0.));
#16569=CARTESIAN_POINT('',(1693.786517382,-110.103396022,0.));
#16570=CARTESIAN_POINT('Origin',(1694.786517382,-110.103396022,0.));
#16571=CARTESIAN_POINT('',(1693.786517382,-104.103396022,0.));
#16572=CARTESIAN_POINT('',(1693.786517382,-104.103396022,0.));
#16573=CARTESIAN_POINT('',(1694.786517382,-103.103396022,0.));
#16574=CARTESIAN_POINT('Origin',(1694.786517382,-104.103396022,0.));
#16575=CARTESIAN_POINT('',(1701.786517382,-103.103396022,0.));
#16576=CARTESIAN_POINT('',(1701.786517382,-103.103396022,0.));
#16577=CARTESIAN_POINT('',(1701.786517382,-52.50339602202,0.));
#16578=CARTESIAN_POINT('',(1701.786517382,-52.50339602202,0.));
#16579=CARTESIAN_POINT('',(1694.786517382,-52.50339602202,0.));
#16580=CARTESIAN_POINT('',(1694.786517382,-52.50339602202,0.));
#16581=CARTESIAN_POINT('',(1693.786517382,-51.50339602202,0.));
#16582=CARTESIAN_POINT('Origin',(1694.786517382,-51.50339602202,0.));
#16583=CARTESIAN_POINT('',(1693.786517382,-45.50339602202,0.));
#16584=CARTESIAN_POINT('',(1693.786517382,-45.50339602202,0.));
#16585=CARTESIAN_POINT('',(1694.786517382,-44.50339602202,0.));
#16586=CARTESIAN_POINT('Origin',(1694.786517382,-45.50339602202,0.));
#16587=CARTESIAN_POINT('',(1701.786517382,-44.50339602202,0.));
#16588=CARTESIAN_POINT('',(1701.786517382,-44.50339602202,0.));
#16589=CARTESIAN_POINT('',(1701.786517382,-40.00339602202,0.));
#16590=CARTESIAN_POINT('',(1701.786517382,-40.00339602202,0.));
#16591=CARTESIAN_POINT('',(1702.286517382,-39.50339602202,0.));
#16592=CARTESIAN_POINT('',(1702.286517382,-39.50339602202,0.));
#16593=CARTESIAN_POINT('',(1822.786517382,-39.50339602202,0.));
#16594=CARTESIAN_POINT('',(1829.186517382,-48.50339602202,0.));
#16595=CARTESIAN_POINT('',(1825.69670178732,-48.3148709666698,0.));
#16596=CARTESIAN_POINT('Origin',(1827.436517382,-48.50339602202,0.));
#16597=CARTESIAN_POINT('Origin',(1827.436517382,-48.50339602202,0.));
#16598=CARTESIAN_POINT('',(1829.186517382,-107.103396022,0.));
#16599=CARTESIAN_POINT('',(1825.69670178732,-106.91487096665,0.));
#16600=CARTESIAN_POINT('Origin',(1827.436517382,-107.103396022,0.));
#16601=CARTESIAN_POINT('Origin',(1827.436517382,-107.103396022,0.));
#16602=CARTESIAN_POINT('',(1699.386517382,-48.50339602202,0.));
#16603=CARTESIAN_POINT('',(1695.89670178732,-48.3148709666698,0.));
#16604=CARTESIAN_POINT('Origin',(1697.636517382,-48.50339602202,0.));
#16605=CARTESIAN_POINT('Origin',(1697.636517382,-48.50339602202,0.));
#16606=CARTESIAN_POINT('',(1699.386517382,-107.103396022,0.));
#16607=CARTESIAN_POINT('',(1695.89670178732,-106.91487096665,0.));
#16608=CARTESIAN_POINT('Origin',(1697.636517382,-107.103396022,0.));
#16609=CARTESIAN_POINT('Origin',(1697.636517382,-107.103396022,0.));
#16610=CARTESIAN_POINT('Origin',(1823.0365173815,-39.75339602202,-0.1888916260717));
#16611=CARTESIAN_POINT('',(1822.786517382,-39.50339602202,0.3));
#16612=CARTESIAN_POINT('',(1822.786517382,-39.50339602202,0.));
#16613=CARTESIAN_POINT('',(1823.286517382,-40.00339602202,0.3));
#16614=CARTESIAN_POINT('',(1823.286517382,-40.00339602202,0.3));
#16615=CARTESIAN_POINT('',(1823.286517382,-40.00339602202,0.));
#16616=CARTESIAN_POINT('Origin',(1823.286517382,-42.25339602202,-0.1888916260717));
#16617=CARTESIAN_POINT('',(1823.286517382,-44.50339602202,0.3));
#16618=CARTESIAN_POINT('',(1823.286517382,-43.50339602202,0.3));
#16619=CARTESIAN_POINT('',(1823.286517382,-44.50339602202,0.3));
#16620=CARTESIAN_POINT('',(1823.286517382,-44.50339602202,0.));
#16621=CARTESIAN_POINT('',(1823.286517382,-40.30339602202,0.3));
#16622=CARTESIAN_POINT('',(1823.286517382,-40.30339602202,0.3));
#16623=CARTESIAN_POINT('',(1823.286517382,-40.30339602202,2.));
#16624=CARTESIAN_POINT('',(1823.286517382,-40.30339602202,0.3));
#16625=CARTESIAN_POINT('',(1823.286517382,-43.50339602202,2.));
#16626=CARTESIAN_POINT('',(1823.286517382,-43.50339602202,2.));
#16627=CARTESIAN_POINT('',(1823.286517382,-43.50339602202,0.3));
#16628=CARTESIAN_POINT('Origin',(1762.536517382,-117.635396022,0.3));
#16629=CARTESIAN_POINT('',(1702.086517382,-112.103396022,0.3));
#16630=CARTESIAN_POINT('',(1701.786517382,-112.103396022,0.3));
#16631=CARTESIAN_POINT('',(1702.086517382,-112.103396022,0.3));
#16632=CARTESIAN_POINT('',(1702.086517382,-115.303396022,0.3));
#16633=CARTESIAN_POINT('',(1702.086517382,-115.303396022,0.3));
#16634=CARTESIAN_POINT('',(1701.786517382,-115.303396022,0.3));
#16635=CARTESIAN_POINT('',(1701.786517382,-115.303396022,0.3));
#16636=CARTESIAN_POINT('',(1701.786517382,-115.603396022,0.3));
#16637=CARTESIAN_POINT('',(1701.786517382,-115.303396022,0.3));
#16638=CARTESIAN_POINT('',(1702.286517382,-116.103396022,0.3));
#16639=CARTESIAN_POINT('',(1701.786517382,-115.603396022,0.3));
#16640=CARTESIAN_POINT('',(1702.586517382,-116.103396022,0.3));
#16641=CARTESIAN_POINT('',(1702.286517382,-116.103396022,0.3));
#16642=CARTESIAN_POINT('',(1702.586517382,-115.803396022,0.3));
#16643=CARTESIAN_POINT('',(1702.586517382,-116.103396022,0.3));
#16644=CARTESIAN_POINT('',(1822.486517382,-115.803396022,0.3));
#16645=CARTESIAN_POINT('',(1822.486517382,-115.803396022,0.3));
#16646=CARTESIAN_POINT('',(1822.486517382,-116.103396022,0.3));
#16647=CARTESIAN_POINT('',(1822.486517382,-116.103396022,0.3));
#16648=CARTESIAN_POINT('',(1822.786517382,-116.103396022,0.3));
#16649=CARTESIAN_POINT('',(1822.486517382,-116.103396022,0.3));
#16650=CARTESIAN_POINT('',(1823.286517382,-115.603396022,0.3));
#16651=CARTESIAN_POINT('',(1822.786517382,-116.103396022,0.3));
#16652=CARTESIAN_POINT('',(1823.286517382,-115.303396022,0.3));
#16653=CARTESIAN_POINT('',(1823.286517382,-115.603396022,0.3));
#16654=CARTESIAN_POINT('',(1822.986517382,-115.303396022,0.3));
#16655=CARTESIAN_POINT('',(1822.986517382,-115.303396022,0.3));
#16656=CARTESIAN_POINT('',(1822.986517382,-112.103396022,0.3));
#16657=CARTESIAN_POINT('',(1822.986517382,-112.103396022,0.3));
#16658=CARTESIAN_POINT('',(1823.286517382,-112.103396022,0.3));
#16659=CARTESIAN_POINT('',(1823.286517382,-112.103396022,0.3));
#16660=CARTESIAN_POINT('',(1823.286517382,-111.103396022,0.3));
#16661=CARTESIAN_POINT('',(1823.286517382,-112.103396022,0.3));
#16662=CARTESIAN_POINT('',(1830.286517382,-111.103396022,0.3));
#16663=CARTESIAN_POINT('',(1823.286517382,-111.103396022,0.3));
#16664=CARTESIAN_POINT('',(1831.286517382,-110.103396022,0.3));
#16665=CARTESIAN_POINT('Origin',(1830.286517382,-110.103396022,0.3));
#16666=CARTESIAN_POINT('',(1831.286517382,-104.103396022,0.3));
#16667=CARTESIAN_POINT('',(1831.286517382,-110.103396022,0.3));
#16668=CARTESIAN_POINT('',(1830.286517382,-103.103396022,0.3));
#16669=CARTESIAN_POINT('Origin',(1830.286517382,-104.103396022,0.3));
#16670=CARTESIAN_POINT('',(1823.286517382,-103.103396022,0.3));
#16671=CARTESIAN_POINT('',(1830.286517382,-103.103396022,0.3));
#16672=CARTESIAN_POINT('',(1823.286517382,-102.103396022,0.3));
#16673=CARTESIAN_POINT('',(1823.286517382,-103.103396022,0.3));
#16674=CARTESIAN_POINT('',(1822.986517382,-102.103396022,0.3));
#16675=CARTESIAN_POINT('',(1822.986517382,-102.103396022,0.3));
#16676=CARTESIAN_POINT('',(1822.986517382,-53.50339602202,0.3));
#16677=CARTESIAN_POINT('',(1822.986517382,-53.50339602202,0.3));
#16678=CARTESIAN_POINT('',(1823.286517382,-53.50339602202,0.3));
#16679=CARTESIAN_POINT('',(1823.286517382,-53.50339602202,0.3));
#16680=CARTESIAN_POINT('',(1823.286517382,-52.50339602202,0.3));
#16681=CARTESIAN_POINT('',(1823.286517382,-53.50339602202,0.3));
#16682=CARTESIAN_POINT('',(1830.286517382,-52.50339602202,0.3));
#16683=CARTESIAN_POINT('',(1823.286517382,-52.50339602202,0.3));
#16684=CARTESIAN_POINT('',(1831.286517382,-51.50339602202,0.3));
#16685=CARTESIAN_POINT('Origin',(1830.286517382,-51.50339602202,0.3));
#16686=CARTESIAN_POINT('',(1831.286517382,-45.50339602202,0.3));
#16687=CARTESIAN_POINT('',(1831.286517382,-51.50339602202,0.3));
#16688=CARTESIAN_POINT('',(1830.286517382,-44.50339602202,0.3));
#16689=CARTESIAN_POINT('Origin',(1830.286517382,-45.50339602202,0.3));
#16690=CARTESIAN_POINT('',(1830.286517382,-44.50339602202,0.3));
#16691=CARTESIAN_POINT('',(1822.986517382,-43.50339602202,0.3));
#16692=CARTESIAN_POINT('',(1822.986517382,-43.50339602202,0.3));
#16693=CARTESIAN_POINT('',(1822.986517382,-40.30339602202,0.3));
#16694=CARTESIAN_POINT('',(1822.986517382,-40.30339602202,0.3));
#16695=CARTESIAN_POINT('',(1823.286517382,-40.30339602202,0.3));
#16696=CARTESIAN_POINT('',(1822.486517382,-39.50339602202,0.3));
#16697=CARTESIAN_POINT('',(1822.786517382,-39.50339602202,0.3));
#16698=CARTESIAN_POINT('',(1822.486517382,-39.80339602202,0.3));
#16699=CARTESIAN_POINT('',(1822.486517382,-39.50339602202,0.3));
#16700=CARTESIAN_POINT('',(1702.586517382,-39.80339602202,0.3));
#16701=CARTESIAN_POINT('',(1702.586517382,-39.80339602202,0.3));
#16702=CARTESIAN_POINT('',(1702.586517382,-39.50339602202,0.3));
#16703=CARTESIAN_POINT('',(1702.586517382,-39.50339602202,0.3));
#16704=CARTESIAN_POINT('',(1702.286517382,-39.50339602202,0.3));
#16705=CARTESIAN_POINT('',(1702.586517382,-39.50339602202,0.3));
#16706=CARTESIAN_POINT('',(1701.786517382,-40.00339602202,0.3));
#16707=CARTESIAN_POINT('',(1702.286517382,-39.50339602202,0.3));
#16708=CARTESIAN_POINT('',(1701.786517382,-40.30339602202,0.3));
#16709=CARTESIAN_POINT('',(1701.786517382,-40.00339602202,0.3));
#16710=CARTESIAN_POINT('',(1702.086517382,-40.30339602202,0.3));
#16711=CARTESIAN_POINT('',(1702.086517382,-40.30339602202,0.3));
#16712=CARTESIAN_POINT('',(1702.086517382,-43.50339602202,0.3));
#16713=CARTESIAN_POINT('',(1702.086517382,-43.50339602202,0.3));
#16714=CARTESIAN_POINT('',(1701.786517382,-43.50339602202,0.3));
#16715=CARTESIAN_POINT('',(1701.786517382,-43.50339602202,0.3));
#16716=CARTESIAN_POINT('',(1701.786517382,-44.50339602202,0.3));
#16717=CARTESIAN_POINT('',(1701.786517382,-43.50339602202,0.3));
#16718=CARTESIAN_POINT('',(1694.786517382,-44.50339602202,0.3));
#16719=CARTESIAN_POINT('',(1701.786517382,-44.50339602202,0.3));
#16720=CARTESIAN_POINT('',(1693.786517382,-45.50339602202,0.3));
#16721=CARTESIAN_POINT('Origin',(1694.786517382,-45.50339602202,0.3));
#16722=CARTESIAN_POINT('',(1693.786517382,-51.50339602202,0.3));
#16723=CARTESIAN_POINT('',(1693.786517382,-45.50339602202,0.3));
#16724=CARTESIAN_POINT('',(1694.786517382,-52.50339602202,0.3));
#16725=CARTESIAN_POINT('Origin',(1694.786517382,-51.50339602202,0.3));
#16726=CARTESIAN_POINT('',(1701.786517382,-52.50339602202,0.3));
#16727=CARTESIAN_POINT('',(1694.786517382,-52.50339602202,0.3));
#16728=CARTESIAN_POINT('',(1701.786517382,-53.50339602202,0.3));
#16729=CARTESIAN_POINT('',(1701.786517382,-52.50339602202,0.3));
#16730=CARTESIAN_POINT('',(1702.086517382,-53.50339602202,0.3));
#16731=CARTESIAN_POINT('',(1702.086517382,-53.50339602202,0.3));
#16732=CARTESIAN_POINT('',(1702.086517382,-102.103396022,0.3));
#16733=CARTESIAN_POINT('',(1702.086517382,-102.103396022,0.3));
#16734=CARTESIAN_POINT('',(1701.786517382,-102.103396022,0.3));
#16735=CARTESIAN_POINT('',(1701.786517382,-102.103396022,0.3));
#16736=CARTESIAN_POINT('',(1701.786517382,-103.103396022,0.3));
#16737=CARTESIAN_POINT('',(1701.786517382,-102.103396022,0.3));
#16738=CARTESIAN_POINT('',(1694.786517382,-103.103396022,0.3));
#16739=CARTESIAN_POINT('',(1701.786517382,-103.103396022,0.3));
#16740=CARTESIAN_POINT('',(1693.786517382,-104.103396022,0.3));
#16741=CARTESIAN_POINT('Origin',(1694.786517382,-104.103396022,0.3));
#16742=CARTESIAN_POINT('',(1693.786517382,-110.103396022,0.3));
#16743=CARTESIAN_POINT('',(1693.786517382,-104.103396022,0.3));
#16744=CARTESIAN_POINT('',(1694.786517382,-111.103396022,0.3));
#16745=CARTESIAN_POINT('Origin',(1694.786517382,-110.103396022,0.3));
#16746=CARTESIAN_POINT('',(1701.786517382,-111.103396022,0.3));
#16747=CARTESIAN_POINT('',(1694.786517382,-111.103396022,0.3));
#16748=CARTESIAN_POINT('',(1701.786517382,-111.103396022,0.3));
#16749=CARTESIAN_POINT('',(1829.186517382,-48.50339602202,0.3));
#16750=CARTESIAN_POINT('',(1825.69670178732,-48.3148709666698,0.3));
#16751=CARTESIAN_POINT('Origin',(1827.436517382,-48.50339602202,0.3));
#16752=CARTESIAN_POINT('Origin',(1827.436517382,-48.50339602202,0.3));
#16753=CARTESIAN_POINT('',(1829.186517382,-107.103396022,0.3));
#16754=CARTESIAN_POINT('',(1825.69670178732,-106.91487096665,0.3));
#16755=CARTESIAN_POINT('Origin',(1827.436517382,-107.103396022,0.3));
#16756=CARTESIAN_POINT('Origin',(1827.436517382,-107.103396022,0.3));
#16757=CARTESIAN_POINT('',(1699.386517382,-48.50339602202,0.3));
#16758=CARTESIAN_POINT('',(1695.89670178732,-48.3148709666698,0.3));
#16759=CARTESIAN_POINT('Origin',(1697.636517382,-48.50339602202,0.3));
#16760=CARTESIAN_POINT('Origin',(1697.636517382,-48.50339602202,0.3));
#16761=CARTESIAN_POINT('',(1699.386517382,-107.103396022,0.3));
#16762=CARTESIAN_POINT('',(1695.89670178732,-106.91487096665,0.3));
#16763=CARTESIAN_POINT('Origin',(1697.636517382,-107.103396022,0.3));
#16764=CARTESIAN_POINT('Origin',(1697.636517382,-107.103396022,0.3));
#16765=CARTESIAN_POINT('Origin',(1701.936517382,-112.103396022,0.1111083739283));
#16766=CARTESIAN_POINT('',(1701.786517382,-112.103396022,2.));
#16767=CARTESIAN_POINT('',(1701.786517382,-112.103396022,0.3));
#16768=CARTESIAN_POINT('',(1702.086517382,-112.103396022,2.));
#16769=CARTESIAN_POINT('',(1702.086517382,-112.103396022,2.));
#16770=CARTESIAN_POINT('',(1702.086517382,-112.103396022,0.3));
#16771=CARTESIAN_POINT('Origin',(1702.086517382,-113.703396022,0.1111083739283));
#16772=CARTESIAN_POINT('',(1702.086517382,-115.303396022,2.));
#16773=CARTESIAN_POINT('',(1702.086517382,-115.303396022,2.));
#16774=CARTESIAN_POINT('',(1702.086517382,-115.303396022,0.3));
#16775=CARTESIAN_POINT('Origin',(1701.936517382,-115.303396022,0.1111083739283));
#16776=CARTESIAN_POINT('',(1701.786517382,-115.303396022,2.));
#16777=CARTESIAN_POINT('',(1701.786517382,-115.303396022,2.));
#16778=CARTESIAN_POINT('',(1701.786517382,-115.303396022,0.3));
#16779=CARTESIAN_POINT('Origin',(1701.786517382,-113.353396022,-0.1888916260717));
#16780=CARTESIAN_POINT('',(1701.786517382,-111.103396022,0.));
#16781=CARTESIAN_POINT('',(1701.786517382,-115.603396022,0.));
#16782=CARTESIAN_POINT('',(1701.786517382,-112.103396022,2.));
#16783=CARTESIAN_POINT('Origin',(1701.936517382,-115.4922876481,2.));
#16784=CARTESIAN_POINT('Origin',(1702.0365173815,-115.853396022,-0.1888916260717));
#16785=CARTESIAN_POINT('',(1702.286517382,-116.103396022,0.));
#16786=CARTESIAN_POINT('Origin',(1762.536517382,-116.103396022,-0.1888916260717));
#16787=CARTESIAN_POINT('',(1721.986517382,-116.103396022,1.));
#16788=CARTESIAN_POINT('',(1779.186517382,-116.103396022,1.));
#16789=CARTESIAN_POINT('',(1721.986517382,-116.103396022,1.));
#16790=CARTESIAN_POINT('',(1721.986517382,-116.103396022,2.));
#16791=CARTESIAN_POINT('',(1721.986517382,-116.103396022,2.));
#16792=CARTESIAN_POINT('',(1702.586517382,-116.103396022,2.));
#16793=CARTESIAN_POINT('',(1702.586517382,-116.103396022,2.));
#16794=CARTESIAN_POINT('',(1702.586517382,-116.103396022,0.3));
#16795=CARTESIAN_POINT('',(1822.786517382,-116.103396022,0.));
#16796=CARTESIAN_POINT('',(1822.486517382,-116.103396022,2.));
#16797=CARTESIAN_POINT('',(1822.486517382,-116.103396022,0.3));
#16798=CARTESIAN_POINT('',(1779.186517382,-116.103396022,2.));
#16799=CARTESIAN_POINT('',(1779.186517382,-116.103396022,2.));
#16800=CARTESIAN_POINT('',(1779.186517382,-116.103396022,2.));
#16801=CARTESIAN_POINT('Origin',(1750.586517382,-116.2922876481,1.));
#16802=CARTESIAN_POINT('',(1779.186517382,-115.803396022,1.));
#16803=CARTESIAN_POINT('',(1779.186517382,-116.103396022,1.));
#16804=CARTESIAN_POINT('',(1721.986517382,-115.803396022,1.));
#16805=CARTESIAN_POINT('',(1721.986517382,-115.803396022,1.));
#16806=CARTESIAN_POINT('',(1721.986517382,-115.803396022,1.));
#16807=CARTESIAN_POINT('Origin',(1721.986517382,-115.953396022,0.8111083739283));
#16808=CARTESIAN_POINT('',(1721.986517382,-115.803396022,2.));
#16809=CARTESIAN_POINT('',(1721.986517382,-115.803396022,2.));
#16810=CARTESIAN_POINT('',(1721.986517382,-116.103396022,2.));
#16811=CARTESIAN_POINT('Origin',(1762.536517382,-116.2922876481,2.));
#16812=CARTESIAN_POINT('',(1702.586517382,-115.803396022,2.));
#16813=CARTESIAN_POINT('',(1721.986517382,-115.803396022,2.));
#16814=CARTESIAN_POINT('',(1702.586517382,-115.803396022,2.));
#16815=CARTESIAN_POINT('Origin',(1762.536517382,-116.2922876481,2.));
#16816=CARTESIAN_POINT('',(1779.186517382,-115.803396022,2.));
#16817=CARTESIAN_POINT('',(1779.186517382,-116.103396022,2.));
#16818=CARTESIAN_POINT('',(1822.486517382,-115.803396022,2.));
#16819=CARTESIAN_POINT('',(1822.486517382,-116.103396022,2.));
#16820=CARTESIAN_POINT('',(1822.486517382,-115.803396022,2.));
#16821=CARTESIAN_POINT('Origin',(1702.586517382,-115.953396022,0.1111083739283));
#16822=CARTESIAN_POINT('',(1702.586517382,-115.803396022,0.3));
#16823=CARTESIAN_POINT('Origin',(1762.536517382,-115.803396022,0.1111083739283));
#16824=CARTESIAN_POINT('',(1779.186517382,-115.803396022,2.));
#16825=CARTESIAN_POINT('',(1822.486517382,-115.803396022,0.3));
#16826=CARTESIAN_POINT('Origin',(1822.486517382,-115.953396022,0.1111083739283));
#16827=CARTESIAN_POINT('Origin',(1779.186517382,-115.953396022,0.8111083739283));
#16828=CARTESIAN_POINT('Origin',(1823.0365173815,-115.853396022,-0.1888916260717));
#16829=CARTESIAN_POINT('',(1823.286517382,-115.603396022,0.));
#16830=CARTESIAN_POINT('Origin',(1823.286517382,-113.353396022,-0.1888916260717));
#16831=CARTESIAN_POINT('',(1823.286517382,-111.103396022,0.));
#16832=CARTESIAN_POINT('',(1823.286517382,-112.103396022,2.));
#16833=CARTESIAN_POINT('',(1823.286517382,-112.103396022,0.3));
#16834=CARTESIAN_POINT('',(1823.286517382,-115.303396022,2.));
#16835=CARTESIAN_POINT('',(1823.286517382,-115.303396022,2.));
#16836=CARTESIAN_POINT('',(1823.286517382,-115.303396022,0.3));
#16837=CARTESIAN_POINT('Origin',(1823.136517382,-115.303396022,0.1111083739283));
#16838=CARTESIAN_POINT('',(1822.986517382,-115.303396022,2.));
#16839=CARTESIAN_POINT('',(1822.986517382,-115.303396022,2.));
#16840=CARTESIAN_POINT('',(1822.986517382,-115.303396022,0.3));
#16841=CARTESIAN_POINT('Origin',(1822.986517382,-113.703396022,0.1111083739283));
#16842=CARTESIAN_POINT('',(1822.986517382,-112.103396022,2.));
#16843=CARTESIAN_POINT('',(1822.986517382,-112.103396022,2.));
#16844=CARTESIAN_POINT('',(1822.986517382,-112.103396022,0.3));
#16845=CARTESIAN_POINT('Origin',(1823.136517382,-112.103396022,0.1111083739283));
#16846=CARTESIAN_POINT('',(1823.286517382,-112.103396022,2.));
#16847=CARTESIAN_POINT('Origin',(1823.136517382,-115.4922876481,2.));
#16848=CARTESIAN_POINT('Origin',(1826.786517382,-111.103396022,-0.1888916260717));
#16849=CARTESIAN_POINT('',(1830.286517382,-111.103396022,0.));
#16850=CARTESIAN_POINT('Origin',(1830.286517382,-110.103396022,0.15));
#16851=CARTESIAN_POINT('',(1831.286517382,-110.103396022,0.));
#16852=CARTESIAN_POINT('Origin',(1831.286517382,-107.103396022,-0.1888916260717));
#16853=CARTESIAN_POINT('',(1831.286517382,-104.103396022,0.));
#16854=CARTESIAN_POINT('Origin',(1830.286517382,-104.103396022,0.15));
#16855=CARTESIAN_POINT('',(1830.286517382,-103.103396022,0.));
#16856=CARTESIAN_POINT('Origin',(1826.786517382,-103.103396022,-0.1888916260717));
#16857=CARTESIAN_POINT('',(1823.286517382,-103.103396022,0.));
#16858=CARTESIAN_POINT('Origin',(1823.286517382,-77.80339602201,-0.1888916260717));
#16859=CARTESIAN_POINT('',(1823.286517382,-52.50339602202,0.));
#16860=CARTESIAN_POINT('',(1823.286517382,-53.50339602202,2.));
#16861=CARTESIAN_POINT('',(1823.286517382,-53.50339602202,0.3));
#16862=CARTESIAN_POINT('',(1823.286517382,-102.103396022,2.));
#16863=CARTESIAN_POINT('',(1823.286517382,-102.103396022,2.));
#16864=CARTESIAN_POINT('',(1823.286517382,-102.103396022,0.3));
#16865=CARTESIAN_POINT('Origin',(1823.136517382,-102.103396022,0.1111083739283));
#16866=CARTESIAN_POINT('',(1822.986517382,-102.103396022,2.));
#16867=CARTESIAN_POINT('',(1822.986517382,-102.103396022,2.));
#16868=CARTESIAN_POINT('',(1822.986517382,-102.103396022,0.3));
#16869=CARTESIAN_POINT('Origin',(1822.986517382,-77.80339602201,0.1111083739283));
#16870=CARTESIAN_POINT('',(1822.986517382,-53.50339602202,2.));
#16871=CARTESIAN_POINT('',(1822.986517382,-53.50339602202,2.));
#16872=CARTESIAN_POINT('',(1822.986517382,-53.50339602202,0.3));
#16873=CARTESIAN_POINT('Origin',(1823.136517382,-53.50339602202,0.1111083739283));
#16874=CARTESIAN_POINT('',(1823.286517382,-53.50339602202,2.));
#16875=CARTESIAN_POINT('Origin',(1823.136517382,-103.075396022,2.));
#16876=CARTESIAN_POINT('Origin',(1826.786517382,-52.50339602202,-0.1888916260717));
#16877=CARTESIAN_POINT('',(1830.286517382,-52.50339602202,0.));
#16878=CARTESIAN_POINT('Origin',(1830.286517382,-51.5033960220202,0.15));
#16879=CARTESIAN_POINT('',(1831.286517382,-51.50339602202,0.));
#16880=CARTESIAN_POINT('Origin',(1831.286517382,-48.50339602202,-0.1888916260717));
#16881=CARTESIAN_POINT('',(1831.286517382,-45.50339602202,0.));
#16882=CARTESIAN_POINT('Origin',(1830.286517382,-45.50339602202,0.15));
#16883=CARTESIAN_POINT('',(1830.286517382,-44.50339602202,0.));
#16884=CARTESIAN_POINT('Origin',(1826.786517382,-44.50339602202,-0.1888916260717));
#16885=CARTESIAN_POINT('Origin',(1698.286517382,-111.103396022,-0.1888916260717));
#16886=CARTESIAN_POINT('',(1694.786517382,-111.103396022,0.));
#16887=CARTESIAN_POINT('Origin',(1694.786517382,-110.103396022,0.15));
#16888=CARTESIAN_POINT('',(1693.786517382,-110.103396022,0.));
#16889=CARTESIAN_POINT('Origin',(1693.786517382,-107.103396022,-0.1888916260717));
#16890=CARTESIAN_POINT('',(1693.786517382,-104.103396022,0.));
#16891=CARTESIAN_POINT('Origin',(1694.786517382,-104.103396022,0.15));
#16892=CARTESIAN_POINT('',(1694.786517382,-103.103396022,0.));
#16893=CARTESIAN_POINT('Origin',(1698.286517382,-103.103396022,-0.1888916260717));
#16894=CARTESIAN_POINT('',(1701.786517382,-103.103396022,0.));
#16895=CARTESIAN_POINT('Origin',(1701.786517382,-77.80339602201,-0.1888916260717));
#16896=CARTESIAN_POINT('',(1701.786517382,-52.50339602202,0.));
#16897=CARTESIAN_POINT('',(1701.786517382,-102.103396022,2.));
#16898=CARTESIAN_POINT('',(1701.786517382,-102.103396022,0.3));
#16899=CARTESIAN_POINT('',(1701.786517382,-53.50339602202,2.));
#16900=CARTESIAN_POINT('',(1701.786517382,-53.50339602202,2.));
#16901=CARTESIAN_POINT('',(1701.786517382,-53.50339602202,0.3));
#16902=CARTESIAN_POINT('Origin',(1701.936517382,-53.50339602202,0.1111083739283));
#16903=CARTESIAN_POINT('',(1702.086517382,-53.50339602202,2.));
#16904=CARTESIAN_POINT('',(1702.086517382,-53.50339602202,2.));
#16905=CARTESIAN_POINT('',(1702.086517382,-53.50339602202,0.3));
#16906=CARTESIAN_POINT('Origin',(1702.086517382,-77.80339602201,0.1111083739283));
#16907=CARTESIAN_POINT('',(1702.086517382,-102.103396022,2.));
#16908=CARTESIAN_POINT('',(1702.086517382,-102.103396022,2.));
#16909=CARTESIAN_POINT('',(1702.086517382,-102.103396022,0.3));
#16910=CARTESIAN_POINT('Origin',(1701.936517382,-102.103396022,0.1111083739283));
#16911=CARTESIAN_POINT('',(1701.786517382,-102.103396022,2.));
#16912=CARTESIAN_POINT('Origin',(1701.936517382,-103.075396022,2.));
#16913=CARTESIAN_POINT('Origin',(1698.286517382,-52.50339602202,-0.1888916260717));
#16914=CARTESIAN_POINT('',(1694.786517382,-52.50339602202,0.));
#16915=CARTESIAN_POINT('Origin',(1694.786517382,-51.50339602202,0.15));
#16916=CARTESIAN_POINT('',(1693.786517382,-51.50339602202,0.));
#16917=CARTESIAN_POINT('Origin',(1693.786517382,-48.50339602202,-0.1888916260717));
#16918=CARTESIAN_POINT('',(1693.786517382,-45.50339602202,0.));
#16919=CARTESIAN_POINT('Origin',(1694.786517382,-45.5033960220202,0.15));
#16920=CARTESIAN_POINT('',(1694.786517382,-44.50339602202,0.));
#16921=CARTESIAN_POINT('Origin',(1698.286517382,-44.50339602202,-0.1888916260717));
#16922=CARTESIAN_POINT('',(1701.786517382,-44.50339602202,0.));
#16923=CARTESIAN_POINT('Origin',(1701.786517382,-42.25339602202,-0.1888916260717));
#16924=CARTESIAN_POINT('',(1701.786517382,-40.00339602202,0.));
#16925=CARTESIAN_POINT('',(1701.786517382,-43.50339602202,2.));
#16926=CARTESIAN_POINT('',(1701.786517382,-43.50339602202,0.3));
#16927=CARTESIAN_POINT('',(1701.786517382,-40.30339602202,2.));
#16928=CARTESIAN_POINT('',(1701.786517382,-40.30339602202,2.));
#16929=CARTESIAN_POINT('',(1701.786517382,-40.30339602202,0.3));
#16930=CARTESIAN_POINT('Origin',(1701.936517382,-40.30339602202,0.1111083739283));
#16931=CARTESIAN_POINT('',(1702.086517382,-40.30339602202,2.));
#16932=CARTESIAN_POINT('',(1702.086517382,-40.30339602202,2.));
#16933=CARTESIAN_POINT('',(1702.086517382,-40.30339602202,0.3));
#16934=CARTESIAN_POINT('Origin',(1702.086517382,-41.90339602202,0.1111083739283));
#16935=CARTESIAN_POINT('',(1702.086517382,-43.50339602202,2.));
#16936=CARTESIAN_POINT('',(1702.086517382,-43.50339602202,2.));
#16937=CARTESIAN_POINT('',(1702.086517382,-43.50339602202,0.3));
#16938=CARTESIAN_POINT('Origin',(1701.936517382,-43.50339602202,0.1111083739283));
#16939=CARTESIAN_POINT('',(1701.786517382,-43.50339602202,2.));
#16940=CARTESIAN_POINT('Origin',(1701.936517382,-43.69228764809,2.));
#16941=CARTESIAN_POINT('Origin',(1702.0365173815,-39.75339602202,-0.1888916260717));
#16942=CARTESIAN_POINT('',(1702.286517382,-39.50339602202,0.));
#16943=CARTESIAN_POINT('Origin',(1762.536517382,-39.50339602202,-0.1888916260717));
#16944=CARTESIAN_POINT('',(1702.586517382,-39.50339602202,2.));
#16945=CARTESIAN_POINT('',(1702.586517382,-39.50339602202,0.3));
#16946=CARTESIAN_POINT('',(1822.486517382,-39.50339602202,2.));
#16947=CARTESIAN_POINT('',(1822.486517382,-39.50339602202,2.));
#16948=CARTESIAN_POINT('',(1822.486517382,-39.50339602202,0.3));
#16949=CARTESIAN_POINT('Origin',(1822.486517382,-39.65339602202,0.1111083739283));
#16950=CARTESIAN_POINT('',(1822.486517382,-39.80339602202,2.));
#16951=CARTESIAN_POINT('',(1822.486517382,-39.80339602202,2.));
#16952=CARTESIAN_POINT('',(1822.486517382,-39.80339602202,0.3));
#16953=CARTESIAN_POINT('Origin',(1762.536517382,-39.80339602202,0.1111083739283));
#16954=CARTESIAN_POINT('',(1702.586517382,-39.80339602202,2.));
#16955=CARTESIAN_POINT('',(1702.586517382,-39.80339602202,2.));
#16956=CARTESIAN_POINT('',(1702.586517382,-39.80339602202,0.3));
#16957=CARTESIAN_POINT('Origin',(1702.586517382,-39.65339602202,0.1111083739283));
#16958=CARTESIAN_POINT('',(1702.586517382,-39.50339602202,2.));
#16959=CARTESIAN_POINT('Origin',(1762.536517382,-39.99228764809,2.));
#16960=CARTESIAN_POINT('Origin',(1823.136517382,-40.30339602202,0.1111083739283));
#16961=CARTESIAN_POINT('',(1822.986517382,-40.30339602202,2.));
#16962=CARTESIAN_POINT('',(1822.986517382,-40.30339602202,0.3));
#16963=CARTESIAN_POINT('',(1823.286517382,-40.30339602202,2.));
#16964=CARTESIAN_POINT('Origin',(1823.136517382,-43.69228764809,2.));
#16965=CARTESIAN_POINT('',(1822.986517382,-43.50339602202,2.));
#16966=CARTESIAN_POINT('',(1822.986517382,-40.30339602202,2.));
#16967=CARTESIAN_POINT('',(1822.986517382,-43.50339602202,2.));
#16968=CARTESIAN_POINT('Origin',(1822.986517382,-41.90339602202,0.1111083739283));
#16969=CARTESIAN_POINT('',(1822.986517382,-43.50339602202,0.3));
#16970=CARTESIAN_POINT('Origin',(1823.136517382,-43.50339602202,0.1111083739283));
#16971=CARTESIAN_POINT('Origin',(1827.436517382,-48.50339602202,0.15));
#16972=CARTESIAN_POINT('',(1825.69670178732,-48.3148709666698,0.15));
#16973=CARTESIAN_POINT('Origin',(1827.436517382,-107.103396022,0.15));
#16974=CARTESIAN_POINT('',(1825.69670178732,-106.91487096665,0.15));
#16975=CARTESIAN_POINT('Origin',(1697.636517382,-48.50339602202,0.15));
#16976=CARTESIAN_POINT('',(1695.89670178732,-48.3148709666698,0.15));
#16977=CARTESIAN_POINT('Origin',(1697.636517382,-107.103396022,0.15));
#16978=CARTESIAN_POINT('',(1695.89670178732,-106.91487096665,0.15));
#16979=CARTESIAN_POINT('',(0.,0.,0.));
#16980=CARTESIAN_POINT('Origin',(-55.45,33.,0.));
#16981=CARTESIAN_POINT('',(-55.45,33.,0.));
#16982=CARTESIAN_POINT('',(-55.45,-33.,0.));
#16983=CARTESIAN_POINT('',(-55.45,33.,0.));
#16984=CARTESIAN_POINT('',(-55.45,-33.,0.23));
#16985=CARTESIAN_POINT('',(-55.45,-33.,0.));
#16986=CARTESIAN_POINT('',(-55.45,33.,0.23));
#16987=CARTESIAN_POINT('',(-55.45,33.,0.23));
#16988=CARTESIAN_POINT('',(-55.45,33.,0.));
#16989=CARTESIAN_POINT('Origin',(55.45,33.,0.));
#16990=CARTESIAN_POINT('',(55.45,33.,0.));
#16991=CARTESIAN_POINT('',(55.45,33.,0.));
#16992=CARTESIAN_POINT('',(55.45,33.,0.23));
#16993=CARTESIAN_POINT('',(55.45,33.,0.23));
#16994=CARTESIAN_POINT('',(55.45,33.,0.));
#16995=CARTESIAN_POINT('Origin',(55.45,-33.,0.));
#16996=CARTESIAN_POINT('',(55.45,-33.,0.));
#16997=CARTESIAN_POINT('',(55.45,-33.,0.));
#16998=CARTESIAN_POINT('',(55.45,-33.,0.23));
#16999=CARTESIAN_POINT('',(55.45,-33.,0.23));
#17000=CARTESIAN_POINT('',(55.45,-33.,0.));
#17001=CARTESIAN_POINT('Origin',(-55.45,-33.,0.));
#17002=CARTESIAN_POINT('',(-55.45,-33.,0.));
#17003=CARTESIAN_POINT('',(-55.45,-33.,0.23));
#17004=CARTESIAN_POINT('Origin',(8.88178419700125E-15,8.88178419700125E-15,
0.23));
#17005=CARTESIAN_POINT('Origin',(4.51871440209221E-15,6.85338350983986E-15,
0.));
#17006=CARTESIAN_POINT('',(-1770.01551954863,87.0487470165508,-1.00000000000003));
#17007=CARTESIAN_POINT('',(-7.47900216663182,9.24535099453077,-0.700000000000031));
#17008=CARTESIAN_POINT('',(2.64644560434264,9.16754988457353,0.717032945715297));
#17009=CARTESIAN_POINT('',(16.2864893634896,-122.25337032769,22.9594448028352));
#17010=CARTESIAN_POINT('',(7.50578801078435,-21.6799478837747,-15.4196102138349));
#17011=UNCERTAINTY_MEASURE_WITH_UNIT(LENGTH_MEASURE(0.01),#17039,
'DISTANCE_ACCURACY_VALUE',
'Maximum model space distance between geometric entities at asserted c
onnectivities');
#17012=UNCERTAINTY_MEASURE_WITH_UNIT(LENGTH_MEASURE(0.01),#17039,
'DISTANCE_ACCURACY_VALUE',
'Maximum model space distance between geometric entities at asserted c
onnectivities');
#17013=UNCERTAINTY_MEASURE_WITH_UNIT(LENGTH_MEASURE(0.01),#17039,
'DISTANCE_ACCURACY_VALUE',
'Maximum model space distance between geometric entities at asserted c
onnectivities');
#17014=UNCERTAINTY_MEASURE_WITH_UNIT(LENGTH_MEASURE(0.01),#17039,
'DISTANCE_ACCURACY_VALUE',
'Maximum model space distance between geometric entities at asserted c
onnectivities');
#17015=UNCERTAINTY_MEASURE_WITH_UNIT(LENGTH_MEASURE(0.01),#17039,
'DISTANCE_ACCURACY_VALUE',
'Maximum model space distance between geometric entities at asserted c
onnectivities');
#17016=UNCERTAINTY_MEASURE_WITH_UNIT(LENGTH_MEASURE(0.01),#17039,
'DISTANCE_ACCURACY_VALUE',
'Maximum model space distance between geometric entities at asserted c
onnectivities');
#17017=UNCERTAINTY_MEASURE_WITH_UNIT(LENGTH_MEASURE(0.01),#17039,
'DISTANCE_ACCURACY_VALUE',
'Maximum model space distance between geometric entities at asserted c
onnectivities');
#17018=UNCERTAINTY_MEASURE_WITH_UNIT(LENGTH_MEASURE(0.01),#17039,
'DISTANCE_ACCURACY_VALUE',
'Maximum model space distance between geometric entities at asserted c
onnectivities');
#17019=UNCERTAINTY_MEASURE_WITH_UNIT(LENGTH_MEASURE(0.01),#17039,
'DISTANCE_ACCURACY_VALUE',
'Maximum model space distance between geometric entities at asserted c
onnectivities');
#17020=UNCERTAINTY_MEASURE_WITH_UNIT(LENGTH_MEASURE(0.01),#17039,
'DISTANCE_ACCURACY_VALUE',
'Maximum model space distance between geometric entities at asserted c
onnectivities');
#17021=UNCERTAINTY_MEASURE_WITH_UNIT(LENGTH_MEASURE(0.01),#17039,
'DISTANCE_ACCURACY_VALUE',
'Maximum model space distance between geometric entities at asserted c
onnectivities');
#17022=UNCERTAINTY_MEASURE_WITH_UNIT(LENGTH_MEASURE(0.01),#17039,
'DISTANCE_ACCURACY_VALUE',
'Maximum model space distance between geometric entities at asserted c
onnectivities');
#17023=UNCERTAINTY_MEASURE_WITH_UNIT(LENGTH_MEASURE(0.01),#17039,
'DISTANCE_ACCURACY_VALUE',
'Maximum model space distance between geometric entities at asserted c
onnectivities');
#17024=UNCERTAINTY_MEASURE_WITH_UNIT(LENGTH_MEASURE(0.01),#17039,
'DISTANCE_ACCURACY_VALUE',
'Maximum model space distance between geometric entities at asserted c
onnectivities');
#17025=(
GEOMETRIC_REPRESENTATION_CONTEXT(3)
GLOBAL_UNCERTAINTY_ASSIGNED_CONTEXT((#17011))
GLOBAL_UNIT_ASSIGNED_CONTEXT((#17039,#17042,#17041))
REPRESENTATION_CONTEXT('','3D')
);
#17026=(
GEOMETRIC_REPRESENTATION_CONTEXT(3)
GLOBAL_UNCERTAINTY_ASSIGNED_CONTEXT((#17012))
GLOBAL_UNIT_ASSIGNED_CONTEXT((#17039,#17042,#17041))
REPRESENTATION_CONTEXT('','3D')
);
#17027=(
GEOMETRIC_REPRESENTATION_CONTEXT(3)
GLOBAL_UNCERTAINTY_ASSIGNED_CONTEXT((#17013))
GLOBAL_UNIT_ASSIGNED_CONTEXT((#17039,#17042,#17041))
REPRESENTATION_CONTEXT('','3D')
);
#17028=(
GEOMETRIC_REPRESENTATION_CONTEXT(3)
GLOBAL_UNCERTAINTY_ASSIGNED_CONTEXT((#17014))
GLOBAL_UNIT_ASSIGNED_CONTEXT((#17039,#17042,#17041))
REPRESENTATION_CONTEXT('','3D')
);
#17029=(
GEOMETRIC_REPRESENTATION_CONTEXT(3)
GLOBAL_UNCERTAINTY_ASSIGNED_CONTEXT((#17015))
GLOBAL_UNIT_ASSIGNED_CONTEXT((#17039,#17042,#17041))
REPRESENTATION_CONTEXT('','3D')
);
#17030=(
GEOMETRIC_REPRESENTATION_CONTEXT(3)
GLOBAL_UNCERTAINTY_ASSIGNED_CONTEXT((#17016))
GLOBAL_UNIT_ASSIGNED_CONTEXT((#17039,#17042,#17041))
REPRESENTATION_CONTEXT('','3D')
);
#17031=(
GEOMETRIC_REPRESENTATION_CONTEXT(3)
GLOBAL_UNCERTAINTY_ASSIGNED_CONTEXT((#17017))
GLOBAL_UNIT_ASSIGNED_CONTEXT((#17039,#17042,#17041))
REPRESENTATION_CONTEXT('','3D')
);
#17032=(
GEOMETRIC_REPRESENTATION_CONTEXT(3)
GLOBAL_UNCERTAINTY_ASSIGNED_CONTEXT((#17018))
GLOBAL_UNIT_ASSIGNED_CONTEXT((#17039,#17042,#17041))
REPRESENTATION_CONTEXT('','3D')
);
#17033=(
GEOMETRIC_REPRESENTATION_CONTEXT(3)
GLOBAL_UNCERTAINTY_ASSIGNED_CONTEXT((#17019))
GLOBAL_UNIT_ASSIGNED_CONTEXT((#17039,#17042,#17041))
REPRESENTATION_CONTEXT('','3D')
);
#17034=(
GEOMETRIC_REPRESENTATION_CONTEXT(3)
GLOBAL_UNCERTAINTY_ASSIGNED_CONTEXT((#17020))
GLOBAL_UNIT_ASSIGNED_CONTEXT((#17039,#17042,#17041))
REPRESENTATION_CONTEXT('','3D')
);
#17035=(
GEOMETRIC_REPRESENTATION_CONTEXT(3)
GLOBAL_UNCERTAINTY_ASSIGNED_CONTEXT((#17021))
GLOBAL_UNIT_ASSIGNED_CONTEXT((#17039,#17042,#17041))
REPRESENTATION_CONTEXT('','3D')
);
#17036=(
GEOMETRIC_REPRESENTATION_CONTEXT(3)
GLOBAL_UNCERTAINTY_ASSIGNED_CONTEXT((#17022))
GLOBAL_UNIT_ASSIGNED_CONTEXT((#17039,#17042,#17041))
REPRESENTATION_CONTEXT('','3D')
);
#17037=(
GEOMETRIC_REPRESENTATION_CONTEXT(3)
GLOBAL_UNCERTAINTY_ASSIGNED_CONTEXT((#17023))
GLOBAL_UNIT_ASSIGNED_CONTEXT((#17039,#17042,#17041))
REPRESENTATION_CONTEXT('','3D')
);
#17038=(
GEOMETRIC_REPRESENTATION_CONTEXT(3)
GLOBAL_UNCERTAINTY_ASSIGNED_CONTEXT((#17024))
GLOBAL_UNIT_ASSIGNED_CONTEXT((#17039,#17042,#17041))
REPRESENTATION_CONTEXT('','3D')
);
#17039=(
LENGTH_UNIT()
NAMED_UNIT(*)
SI_UNIT(.MILLI.,.METRE.)
);
#17040=(
LENGTH_UNIT()
NAMED_UNIT(*)
SI_UNIT(.CENTI.,.METRE.)
);
#17041=(
NAMED_UNIT(*)
SI_UNIT($,.STERADIAN.)
SOLID_ANGLE_UNIT()
);
#17042=(
NAMED_UNIT(*)
PLANE_ANGLE_UNIT()
SI_UNIT($,.RADIAN.)
);
#17043=SHAPE_DEFINITION_REPRESENTATION(#17056,#17081);
#17044=SHAPE_DEFINITION_REPRESENTATION(#17057,#17082);
#17045=SHAPE_DEFINITION_REPRESENTATION(#17058,#17083);
#17046=SHAPE_DEFINITION_REPRESENTATION(#17059,#17084);
#17047=SHAPE_DEFINITION_REPRESENTATION(#17062,#17085);
#17048=SHAPE_DEFINITION_REPRESENTATION(#17063,#17086);
#17049=SHAPE_DEFINITION_REPRESENTATION(#17064,#17087);
#17050=SHAPE_DEFINITION_REPRESENTATION(#17065,#17088);
#17051=SHAPE_DEFINITION_REPRESENTATION(#17066,#17089);
#17052=SHAPE_DEFINITION_REPRESENTATION(#17067,#17090);
#17053=SHAPE_DEFINITION_REPRESENTATION(#17073,#17091);
#17054=SHAPE_DEFINITION_REPRESENTATION(#17074,#17092);
#17055=SHAPE_DEFINITION_REPRESENTATION(#17075,#17093);
#17056=PRODUCT_DEFINITION_SHAPE('',$,#17095);
#17057=PRODUCT_DEFINITION_SHAPE('',$,#17096);
#17058=PRODUCT_DEFINITION_SHAPE('',$,#17097);
#17059=PRODUCT_DEFINITION_SHAPE('',$,#17098);
#17060=PRODUCT_DEFINITION_SHAPE($,$,#67);
#17061=PRODUCT_DEFINITION_SHAPE($,$,#68);
#17062=PRODUCT_DEFINITION_SHAPE('',$,#17099);
#17063=PRODUCT_DEFINITION_SHAPE('',$,#17100);
#17064=PRODUCT_DEFINITION_SHAPE('',$,#17101);
#17065=PRODUCT_DEFINITION_SHAPE('',$,#17102);
#17066=PRODUCT_DEFINITION_SHAPE('',$,#17103);
#17067=PRODUCT_DEFINITION_SHAPE('',$,#17104);
#17068=PRODUCT_DEFINITION_SHAPE($,$,#69);
#17069=PRODUCT_DEFINITION_SHAPE($,$,#70);
#17070=PRODUCT_DEFINITION_SHAPE($,$,#71);
#17071=PRODUCT_DEFINITION_SHAPE($,$,#72);
#17072=PRODUCT_DEFINITION_SHAPE($,$,#73);
#17073=PRODUCT_DEFINITION_SHAPE('',$,#17105);
#17074=PRODUCT_DEFINITION_SHAPE('',$,#17106);
#17075=PRODUCT_DEFINITION_SHAPE('',$,#17107);
#17076=PRODUCT_DEFINITION_SHAPE($,$,#74);
#17077=PRODUCT_DEFINITION_SHAPE($,$,#75);
#17078=PRODUCT_DEFINITION_SHAPE($,$,#76);
#17079=PRODUCT_DEFINITION_SHAPE($,$,#77);
#17080=PRODUCT_DEFINITION_SHAPE($,$,#78);
#17081=SHAPE_REPRESENTATION('',(#10609,#11298,#11299,#11300),#17025);
#17082=SHAPE_REPRESENTATION('',(#10610,#10909,#10910),#17026);
#17083=SHAPE_REPRESENTATION('',(#10611),#17027);
#17084=SHAPE_REPRESENTATION('',(#10669),#17028);
#17085=SHAPE_REPRESENTATION('',(#10911,#11176,#11177,#11178,#11179,#11180),
#17029);
#17086=SHAPE_REPRESENTATION('',(#10912),#17030);
#17087=SHAPE_REPRESENTATION('',(#10965),#17031);
#17088=SHAPE_REPRESENTATION('',(#10972),#17032);
#17089=SHAPE_REPRESENTATION('',(#10979),#17033);
#17090=SHAPE_REPRESENTATION('',(#11163),#17034);
#17091=SHAPE_REPRESENTATION('',(#11181,#11296,#11297),#17035);
#17092=SHAPE_REPRESENTATION('',(#11182),#17036);
#17093=SHAPE_REPRESENTATION('',(#11289),#17037);
#17094=PRODUCT_DEFINITION_CONTEXT('part definition',#17135,'design');
#17095=PRODUCT_DEFINITION('RVT50HQTNWC00_Rev.1.0',
'3D_RVT50HQLFWCA0_Rev.1.0',#17108,#17094);
#17096=PRODUCT_DEFINITION('TFT','TFT',#17109,#17094);
#17097=PRODUCT_DEFINITION('DISP','DISP',#17110,#17094);
#17098=PRODUCT_DEFINITION('FPC','FPC',#17111,#17094);
#17099=PRODUCT_DEFINITION('Assembly1','CTP',#17112,#17094);
#17100=PRODUCT_DEFINITION('CG','CG',#17113,#17094);
#17101=PRODUCT_DEFINITION('SCA','SCA',#17114,#17094);
#17102=PRODUCT_DEFINITION('SENSOR','SENSOR',#17115,#17094);
#17103=PRODUCT_DEFINITION('FPC_1','FPC',#17116,#17094);
#17104=PRODUCT_DEFINITION('DST_2','DST_2',#17117,#17094);
#17105=PRODUCT_DEFINITION('FRAME','FRAME',#17118,#17094);
#17106=PRODUCT_DEFINITION('ebe00004','FRAME',#17119,#17094);
#17107=PRODUCT_DEFINITION('DST','DST',#17120,#17094);
#17108=PRODUCT_DEFINITION_FORMATION('',$,#17137);
#17109=PRODUCT_DEFINITION_FORMATION('',$,#17138);
#17110=PRODUCT_DEFINITION_FORMATION('',$,#17139);
#17111=PRODUCT_DEFINITION_FORMATION('',$,#17140);
#17112=PRODUCT_DEFINITION_FORMATION('',$,#17141);
#17113=PRODUCT_DEFINITION_FORMATION('',$,#17142);
#17114=PRODUCT_DEFINITION_FORMATION('',$,#17143);
#17115=PRODUCT_DEFINITION_FORMATION('',$,#17144);
#17116=PRODUCT_DEFINITION_FORMATION('',$,#17145);
#17117=PRODUCT_DEFINITION_FORMATION('',$,#17146);
#17118=PRODUCT_DEFINITION_FORMATION('',$,#17147);
#17119=PRODUCT_DEFINITION_FORMATION('',$,#17148);
#17120=PRODUCT_DEFINITION_FORMATION('',$,#17149);
#17121=PRODUCT_RELATED_PRODUCT_CATEGORY('3D_RVT50HQLFWCA0_Rev.1.0',
'3D_RVT50HQLFWCA0_Rev.1.0',(#17137));
#17122=PRODUCT_RELATED_PRODUCT_CATEGORY('TFT','TFT',(#17138));
#17123=PRODUCT_RELATED_PRODUCT_CATEGORY('DISP','DISP',(#17139));
#17124=PRODUCT_RELATED_PRODUCT_CATEGORY('FPC','FPC',(#17140));
#17125=PRODUCT_RELATED_PRODUCT_CATEGORY('CTP','CTP',(#17141));
#17126=PRODUCT_RELATED_PRODUCT_CATEGORY('CG','CG',(#17142));
#17127=PRODUCT_RELATED_PRODUCT_CATEGORY('SCA','SCA',(#17143));
#17128=PRODUCT_RELATED_PRODUCT_CATEGORY('SENSOR','SENSOR',(#17144));
#17129=PRODUCT_RELATED_PRODUCT_CATEGORY('FPC','FPC',(#17145));
#17130=PRODUCT_RELATED_PRODUCT_CATEGORY('DST_2','DST_2',(#17146));
#17131=PRODUCT_RELATED_PRODUCT_CATEGORY('FRAME','FRAME',(#17147));
#17132=PRODUCT_RELATED_PRODUCT_CATEGORY('FRAME','FRAME',(#17148));
#17133=PRODUCT_RELATED_PRODUCT_CATEGORY('DST','DST',(#17149));
#17134=APPLICATION_PROTOCOL_DEFINITION('international standard',
'automotive_design',2009,#17135);
#17135=APPLICATION_CONTEXT(
'Core Data for Automotive Mechanical Design Process');
#17136=PRODUCT_CONTEXT('part definition',#17135,'mechanical');
#17137=PRODUCT('RVT50HQTNWC00_Rev.1.0','3D_RVT50HQLFWCA0_Rev.1.0',$,(#17136));
#17138=PRODUCT('TFT','TFT',$,(#17136));
#17139=PRODUCT('DISP','DISP',$,(#17136));
#17140=PRODUCT('FPC','FPC',$,(#17136));
#17141=PRODUCT('Assembly1','CTP',$,(#17136));
#17142=PRODUCT('CG','CG',$,(#17136));
#17143=PRODUCT('SCA','SCA',$,(#17136));
#17144=PRODUCT('SENSOR','SENSOR',$,(#17136));
#17145=PRODUCT('FPC_1','FPC',$,(#17136));
#17146=PRODUCT('DST_2','DST_2',$,(#17136));
#17147=PRODUCT('FRAME','FRAME',$,(#17136));
#17148=PRODUCT('ebe00004','FRAME',
' PTC IGES file: ebe00004.igs                                         
   ',(#17136));
#17149=PRODUCT('DST','DST',$,(#17136));
ENDSEC;
END-ISO-10303-21;
