ISO-10303-21;
HEADER;
/* Generated by software containing ST-Developer
 * from STEP Tools, Inc. (www.steptools.com) 
 */

FILE_DESCRIPTION(
/* description */ ('Alibre Inc.'),
/* implementation_level */ '2;1');

FILE_NAME(
/* name */ 'export0',
/* time_stamp */ '2017-12-04T19:38:23-06:00',
/* author */ (''),
/* organization */ (''),
/* preprocessor_version */ 'ST-DEVELOPER v14',
/* originating_system */ 'Alibre',
/* authorisation */ '');

FILE_SCHEMA (('AUTOMOTIVE_DESIGN'));
ENDSEC;

DATA;
#10=CONTEXT_DEPENDENT_SHAPE_REPRESENTATION(#28,#129);
#11=CONTEXT_DEPENDENT_SHAPE_REPRESENTATION(#29,#130);
#12=CONTEXT_DEPENDENT_SHAPE_REPRESENTATION(#30,#131);
#13=CONTEXT_DEPENDENT_SHAPE_REPRESENTATION(#31,#132);
#14=CONTEXT_DEPENDENT_SHAPE_REPRESENTATION(#32,#133);
#15=CONTEXT_DEPENDENT_SHAPE_REPRESENTATION(#33,#134);
#16=NEXT_ASSEMBLY_USAGE_OCCURRENCE('NAUO_ID9','NAUO_NAME9',$,#141,#135,$);
#17=NEXT_ASSEMBLY_USAGE_OCCURRENCE('NAUO_ID19','NAUO_NAME19',$,#141,#136,
$);
#18=NEXT_ASSEMBLY_USAGE_OCCURRENCE('NAUO_ID29','NAUO_NAME29',$,#141,#137,
$);
#19=NEXT_ASSEMBLY_USAGE_OCCURRENCE('NAUO_ID39','NAUO_NAME39',$,#141,#138,
$);
#20=NEXT_ASSEMBLY_USAGE_OCCURRENCE('NAUO_ID49','NAUO_NAME49',$,#141,#139,
$);
#21=NEXT_ASSEMBLY_USAGE_OCCURRENCE('NAUO_ID59','NAUO_NAME59',$,#141,#140,
$);
#22=ITEM_DEFINED_TRANSFORMATION('ITD_NAME0',$,#2923,#2922);
#23=ITEM_DEFINED_TRANSFORMATION('ITD_NAME10',$,#2925,#2924);
#24=ITEM_DEFINED_TRANSFORMATION('ITD_NAME20',$,#2927,#2926);
#25=ITEM_DEFINED_TRANSFORMATION('ITD_NAME30',$,#2929,#2928);
#26=ITEM_DEFINED_TRANSFORMATION('ITD_NAME40',$,#2931,#2930);
#27=ITEM_DEFINED_TRANSFORMATION('ITD_NAME50',$,#2933,#2932);
#28=(
REPRESENTATION_RELATIONSHIP('SP-1605',$,#172,#178)
REPRESENTATION_RELATIONSHIP_WITH_TRANSFORMATION(#22)
SHAPE_REPRESENTATION_RELATIONSHIP()
);
#29=(
REPRESENTATION_RELATIONSHIP('SP-1605_2',$,#173,#178)
REPRESENTATION_RELATIONSHIP_WITH_TRANSFORMATION(#23)
SHAPE_REPRESENTATION_RELATIONSHIP()
);
#30=(
REPRESENTATION_RELATIONSHIP('SP-1605_3',$,#174,#178)
REPRESENTATION_RELATIONSHIP_WITH_TRANSFORMATION(#24)
SHAPE_REPRESENTATION_RELATIONSHIP()
);
#31=(
REPRESENTATION_RELATIONSHIP('SP-1605_4',$,#175,#178)
REPRESENTATION_RELATIONSHIP_WITH_TRANSFORMATION(#25)
SHAPE_REPRESENTATION_RELATIONSHIP()
);
#32=(
REPRESENTATION_RELATIONSHIP('SP-1605_5',$,#176,#178)
REPRESENTATION_RELATIONSHIP_WITH_TRANSFORMATION(#26)
SHAPE_REPRESENTATION_RELATIONSHIP()
);
#33=(
REPRESENTATION_RELATIONSHIP('SP-1605_6',$,#177,#178)
REPRESENTATION_RELATIONSHIP_WITH_TRANSFORMATION(#27)
SHAPE_REPRESENTATION_RELATIONSHIP()
);
#34=TOROIDAL_SURFACE('',#2861,1.16937472849691,0.5);
#35=TOROIDAL_SURFACE('',#2867,1.16937472849691,0.5);
#36=TOROIDAL_SURFACE('',#2874,0.45,0.3);
#37=TOROIDAL_SURFACE('',#2879,0.45,0.3);
#38=TOROIDAL_SURFACE('',#2909,0.45,0.3);
#39=TOROIDAL_SURFACE('',#2910,0.45,0.3);
#40=TOROIDAL_SURFACE('',#2911,1.16937472849691,0.5);
#41=TOROIDAL_SURFACE('',#2912,1.16937472849691,0.5);
#42=B_SPLINE_CURVE_WITH_KNOTS('',3,(#1834,#1835,#1836,#1837,#1838,#1839,
#1840,#1841,#1842,#1843,#1844,#1845,#1846,#1847,#1848,#1849,#1850,#1851,
#1852,#1853,#1854,#1855,#1856),.UNSPECIFIED.,.F.,.U.,(4,1,1,1,1,1,1,1,1,
1,1,1,1,1,1,1,1,1,1,1,4),(0.,0.0624999999997458,0.125,0.187500000000129,
0.25,0.276537683011297,0.333333333333333,0.335025108308898,0.416666666666667,
0.5,0.541666666666347,0.557113236901879,0.583333333333333,0.625000000000001,
0.626386827678402,0.666666666666666,0.70833333333332,0.749999999999993,0.833333333333333,
0.916666666666667,1.),.UNSPECIFIED.);
#43=B_SPLINE_CURVE_WITH_KNOTS('',3,(#1860,#1861,#1862,#1863,#1864,#1865,
#1866,#1867,#1868,#1869,#1870,#1871,#1872,#1873,#1874,#1875,#1876,#1877,
#1878,#1879,#1880,#1881,#1882),.UNSPECIFIED.,.F.,.U.,(4,1,1,1,1,1,1,1,1,
1,1,1,1,1,1,1,1,1,1,1,4),(0.,0.0624999999997458,0.125,0.187500000000129,
0.25,0.276537683011297,0.333333333333333,0.335025108308898,0.416666666666667,
0.5,0.541666666666347,0.557113236901879,0.583333333333333,0.625000000000001,
0.626386827678402,0.666666666666666,0.70833333333332,0.749999999999993,0.833333333333333,
0.916666666666667,1.),.UNSPECIFIED.);
#44=B_SPLINE_CURVE_WITH_KNOTS('',3,(#2229,#2230,#2231,#2232,#2233,#2234,
#2235,#2236,#2237,#2238,#2239,#2240,#2241,#2242,#2243,#2244,#2245,#2246,
#2247,#2248,#2249,#2250,#2251),.UNSPECIFIED.,.F.,.U.,(4,1,1,1,1,1,1,1,1,
1,1,1,1,1,1,1,1,1,1,1,4),(0.,0.0624999999997458,0.125,0.187500000000129,
0.25,0.276537683011297,0.333333333333333,0.335025108308898,0.416666666666667,
0.5,0.541666666666347,0.557113236901879,0.583333333333333,0.625000000000001,
0.626386827678402,0.666666666666666,0.70833333333332,0.749999999999993,0.833333333333333,
0.916666666666667,1.),.UNSPECIFIED.);
#45=B_SPLINE_CURVE_WITH_KNOTS('',3,(#2255,#2256,#2257,#2258,#2259,#2260,
#2261,#2262,#2263,#2264,#2265,#2266,#2267,#2268,#2269,#2270,#2271,#2272,
#2273,#2274,#2275,#2276,#2277),.UNSPECIFIED.,.F.,.U.,(4,1,1,1,1,1,1,1,1,
1,1,1,1,1,1,1,1,1,1,1,4),(0.,0.0624999999997458,0.125,0.187500000000129,
0.25,0.276537683011297,0.333333333333333,0.335025108308898,0.416666666666667,
0.5,0.541666666666347,0.557113236901879,0.583333333333333,0.625000000000001,
0.626386827678402,0.666666666666666,0.70833333333332,0.749999999999993,0.833333333333333,
0.916666666666667,1.),.UNSPECIFIED.);
#46=B_SPLINE_CURVE_WITH_KNOTS('',3,(#2575,#2576,#2577,#2578,#2579,#2580),
 .UNSPECIFIED.,.F.,.U.,(4,2,4),(0.,0.000444787189086047,0.000889574378172094),
 .UNSPECIFIED.);
#47=B_SPLINE_CURVE_WITH_KNOTS('',3,(#2582,#2583,#2584,#2585),
 .UNSPECIFIED.,.F.,.U.,(4,4),(0.000889574378172094,0.00150744183269394),
 .UNSPECIFIED.);
#48=B_SPLINE_CURVE_WITH_KNOTS('',3,(#2619,#2620,#2621,#2622,#2623,#2624),
 .UNSPECIFIED.,.F.,.U.,(4,2,4),(4.47028007668187E-019,0.00026220636111946,
0.000524412722238919),.UNSPECIFIED.);
#49=B_SPLINE_CURVE_WITH_KNOTS('',3,(#2635,#2636,#2637,#2638),
 .UNSPECIFIED.,.F.,.U.,(4,4),(0.,0.000624905574474016),.UNSPECIFIED.);
#50=B_SPLINE_CURVE_WITH_KNOTS('',3,(#2642,#2643,#2644,#2645,#2646,#2647),
 .UNSPECIFIED.,.F.,.U.,(4,2,4),(-4.7496133485156E-006,0.00060214159928993,
0.00120903281192838),.UNSPECIFIED.);
#51=B_SPLINE_CURVE_WITH_KNOTS('',3,(#2651,#2652,#2653,#2654,#2655,#2656),
 .UNSPECIFIED.,.F.,.U.,(4,2,4),(5.52836803418328E-019,0.00026220636111946,
0.000524412722238919),.UNSPECIFIED.);
#52=B_SPLINE_CURVE_WITH_KNOTS('',3,(#2673,#2674,#2675,#2676,#2677,#2678),
 .UNSPECIFIED.,.F.,.U.,(4,2,4),(0.000624905574474016,0.00106617370358398,
0.00150744183269394),.UNSPECIFIED.);
#53=B_SPLINE_CURVE_WITH_KNOTS('',3,(#2689,#2690,#2691,#2692),
 .UNSPECIFIED.,.F.,.U.,(4,4),(0.,0.000524122803021206),.UNSPECIFIED.);
#54=B_SPLINE_CURVE_WITH_KNOTS('',3,(#2707,#2708,#2709,#2710),
 .UNSPECIFIED.,.F.,.U.,(4,4),(0.,0.000524122803021206),.UNSPECIFIED.);
#55=(
BOUNDED_SURFACE()
B_SPLINE_SURFACE(3,3,((#1670,#1671,#1672,#1673,#1674,#1675,#1676,#1677,#1678,
#1679,#1680,#1681,#1682,#1683,#1684,#1685,#1686,#1687,#1688,#1689,#1690,
#1691,#1692),(#1693,#1694,#1695,#1696,#1697,#1698,#1699,#1700,#1701,#1702,
#1703,#1704,#1705,#1706,#1707,#1708,#1709,#1710,#1711,#1712,#1713,#1714,
#1715),(#1716,#1717,#1718,#1719,#1720,#1721,#1722,#1723,#1724,#1725,#1726,
#1727,#1728,#1729,#1730,#1731,#1732,#1733,#1734,#1735,#1736,#1737,#1738),
(#1739,#1740,#1741,#1742,#1743,#1744,#1745,#1746,#1747,#1748,#1749,#1750,
#1751,#1752,#1753,#1754,#1755,#1756,#1757,#1758,#1759,#1760,#1761),(#1762,
#1763,#1764,#1765,#1766,#1767,#1768,#1769,#1770,#1771,#1772,#1773,#1774,
#1775,#1776,#1777,#1778,#1779,#1780,#1781,#1782,#1783,#1784),(#1785,#1786,
#1787,#1788,#1789,#1790,#1791,#1792,#1793,#1794,#1795,#1796,#1797,#1798,
#1799,#1800,#1801,#1802,#1803,#1804,#1805,#1806,#1807),(#1808,#1809,#1810,
#1811,#1812,#1813,#1814,#1815,#1816,#1817,#1818,#1819,#1820,#1821,#1822,
#1823,#1824,#1825,#1826,#1827,#1828,#1829,#1830)),.UNSPECIFIED.,.T.,.F.,
 .U.)
B_SPLINE_SURFACE_WITH_KNOTS((4,3,4),(4,1,1,1,1,1,1,1,1,1,1,1,1,1,1,1,1,1,
1,1,4),(0.,0.5,1.),(0.,0.0624999999997458,0.125,0.187500000000129,0.25,0.276537683011297,
0.333333333333333,0.335025108308898,0.416666666666667,0.5,0.541666666666347,
0.557113236901879,0.583333333333333,0.625000000000001,0.626386827678402,
0.666666666666666,0.70833333333332,0.749999999999993,0.833333333333333,0.916666666666667,
1.),.UNSPECIFIED.)
GEOMETRIC_REPRESENTATION_ITEM()
RATIONAL_B_SPLINE_SURFACE(((1.,1.,1.,1.,1.,1.,1.,1.,1.,1.,1.,1.,1.,1.,1.,
1.,1.,1.,1.,1.,1.,1.,1.),(0.333333333333333,0.333333333333333,0.333333333333333,
0.333333333333333,0.333333333333333,0.333333333333333,0.333333333333333,
0.333333333333333,0.333333333333333,0.333333333333333,0.333333333333333,
0.333333333333333,0.333333333333333,0.333333333333333,0.333333333333333,
0.333333333333333,0.333333333333334,0.333333333333333,0.333333333333333,
0.333333333333333,0.333333333333333,0.333333333333333,0.333333333333333),
(0.333333333333333,0.333333333333333,0.333333333333333,0.333333333333333,
0.333333333333333,0.333333333333333,0.333333333333333,0.333333333333333,
0.333333333333333,0.333333333333333,0.333333333333333,0.333333333333333,
0.333333333333333,0.333333333333333,0.333333333333333,0.333333333333333,
0.333333333333334,0.333333333333333,0.333333333333333,0.333333333333333,
0.333333333333333,0.333333333333333,0.333333333333333),(1.,1.,1.,1.,1.,1.,
1.,1.,1.,1.,1.,1.,1.,1.,1.,1.,1.,1.,1.,1.,1.,1.,1.),(0.333333333333333,0.333333333333333,
0.333333333333333,0.333333333333333,0.333333333333333,0.333333333333333,
0.333333333333333,0.333333333333333,0.333333333333333,0.333333333333333,
0.333333333333333,0.333333333333333,0.333333333333333,0.333333333333333,
0.333333333333333,0.333333333333333,0.333333333333334,0.333333333333333,
0.333333333333333,0.333333333333333,0.333333333333333,0.333333333333333,
0.333333333333333),(0.333333333333333,0.333333333333333,0.333333333333333,
0.333333333333333,0.333333333333333,0.333333333333333,0.333333333333333,
0.333333333333333,0.333333333333333,0.333333333333333,0.333333333333333,
0.333333333333333,0.333333333333333,0.333333333333333,0.333333333333333,
0.333333333333333,0.333333333333334,0.333333333333333,0.333333333333333,
0.333333333333333,0.333333333333333,0.333333333333333,0.333333333333333),
(1.,1.,1.,1.,1.,1.,1.,1.,1.,1.,1.,1.,1.,1.,1.,1.,1.,1.,1.,1.,1.,1.,1.)))
REPRESENTATION_ITEM('')
SURFACE()
);
#56=(
BOUNDED_SURFACE()
B_SPLINE_SURFACE(3,3,((#1903,#1904,#1905,#1906,#1907,#1908,#1909,#1910,#1911,
#1912,#1913,#1914,#1915,#1916,#1917,#1918,#1919,#1920,#1921,#1922,#1923,
#1924,#1925),(#1926,#1927,#1928,#1929,#1930,#1931,#1932,#1933,#1934,#1935,
#1936,#1937,#1938,#1939,#1940,#1941,#1942,#1943,#1944,#1945,#1946,#1947,
#1948),(#1949,#1950,#1951,#1952,#1953,#1954,#1955,#1956,#1957,#1958,#1959,
#1960,#1961,#1962,#1963,#1964,#1965,#1966,#1967,#1968,#1969,#1970,#1971),
(#1972,#1973,#1974,#1975,#1976,#1977,#1978,#1979,#1980,#1981,#1982,#1983,
#1984,#1985,#1986,#1987,#1988,#1989,#1990,#1991,#1992,#1993,#1994),(#1995,
#1996,#1997,#1998,#1999,#2000,#2001,#2002,#2003,#2004,#2005,#2006,#2007,
#2008,#2009,#2010,#2011,#2012,#2013,#2014,#2015,#2016,#2017),(#2018,#2019,
#2020,#2021,#2022,#2023,#2024,#2025,#2026,#2027,#2028,#2029,#2030,#2031,
#2032,#2033,#2034,#2035,#2036,#2037,#2038,#2039,#2040),(#2041,#2042,#2043,
#2044,#2045,#2046,#2047,#2048,#2049,#2050,#2051,#2052,#2053,#2054,#2055,
#2056,#2057,#2058,#2059,#2060,#2061,#2062,#2063)),.UNSPECIFIED.,.T.,.F.,
 .U.)
B_SPLINE_SURFACE_WITH_KNOTS((4,3,4),(4,1,1,1,1,1,1,1,1,1,1,1,1,1,1,1,1,1,
1,1,4),(0.,0.5,1.),(0.,0.0624999999997458,0.125,0.187500000000129,0.25,0.276537683011297,
0.333333333333333,0.335025108308898,0.416666666666667,0.5,0.541666666666347,
0.557113236901879,0.583333333333333,0.625000000000001,0.626386827678402,
0.666666666666666,0.70833333333332,0.749999999999993,0.833333333333333,0.916666666666667,
1.),.UNSPECIFIED.)
GEOMETRIC_REPRESENTATION_ITEM()
RATIONAL_B_SPLINE_SURFACE(((1.,1.,1.,1.,1.,1.,1.,1.,1.,1.,1.,1.,1.,1.,1.,
1.,1.,1.,1.,1.,1.,1.,1.),(0.333333333333333,0.333333333333333,0.333333333333333,
0.333333333333333,0.333333333333333,0.333333333333333,0.333333333333333,
0.333333333333333,0.333333333333333,0.333333333333333,0.333333333333333,
0.333333333333333,0.333333333333333,0.333333333333333,0.333333333333333,
0.333333333333333,0.333333333333334,0.333333333333333,0.333333333333333,
0.333333333333333,0.333333333333333,0.333333333333333,0.333333333333333),
(0.333333333333333,0.333333333333333,0.333333333333333,0.333333333333333,
0.333333333333333,0.333333333333333,0.333333333333333,0.333333333333333,
0.333333333333333,0.333333333333333,0.333333333333333,0.333333333333333,
0.333333333333333,0.333333333333333,0.333333333333333,0.333333333333333,
0.333333333333334,0.333333333333333,0.333333333333333,0.333333333333333,
0.333333333333333,0.333333333333333,0.333333333333333),(1.,1.,1.,1.,1.,1.,
1.,1.,1.,1.,1.,1.,1.,1.,1.,1.,1.,1.,1.,1.,1.,1.,1.),(0.333333333333333,0.333333333333333,
0.333333333333333,0.333333333333333,0.333333333333333,0.333333333333333,
0.333333333333333,0.333333333333333,0.333333333333333,0.333333333333333,
0.333333333333333,0.333333333333333,0.333333333333333,0.333333333333333,
0.333333333333333,0.333333333333333,0.333333333333334,0.333333333333333,
0.333333333333333,0.333333333333333,0.333333333333333,0.333333333333333,
0.333333333333333),(0.333333333333333,0.333333333333333,0.333333333333333,
0.333333333333333,0.333333333333333,0.333333333333333,0.333333333333333,
0.333333333333333,0.333333333333333,0.333333333333333,0.333333333333333,
0.333333333333333,0.333333333333333,0.333333333333333,0.333333333333333,
0.333333333333333,0.333333333333334,0.333333333333333,0.333333333333333,
0.333333333333333,0.333333333333333,0.333333333333333,0.333333333333333),
(1.,1.,1.,1.,1.,1.,1.,1.,1.,1.,1.,1.,1.,1.,1.,1.,1.,1.,1.,1.,1.,1.,1.)))
REPRESENTATION_ITEM('')
SURFACE()
);
#57=(
BOUNDED_SURFACE()
B_SPLINE_SURFACE(3,3,((#2065,#2066,#2067,#2068,#2069,#2070,#2071,#2072,#2073,
#2074,#2075,#2076,#2077,#2078,#2079,#2080,#2081,#2082,#2083,#2084,#2085,
#2086,#2087),(#2088,#2089,#2090,#2091,#2092,#2093,#2094,#2095,#2096,#2097,
#2098,#2099,#2100,#2101,#2102,#2103,#2104,#2105,#2106,#2107,#2108,#2109,
#2110),(#2111,#2112,#2113,#2114,#2115,#2116,#2117,#2118,#2119,#2120,#2121,
#2122,#2123,#2124,#2125,#2126,#2127,#2128,#2129,#2130,#2131,#2132,#2133),
(#2134,#2135,#2136,#2137,#2138,#2139,#2140,#2141,#2142,#2143,#2144,#2145,
#2146,#2147,#2148,#2149,#2150,#2151,#2152,#2153,#2154,#2155,#2156),(#2157,
#2158,#2159,#2160,#2161,#2162,#2163,#2164,#2165,#2166,#2167,#2168,#2169,
#2170,#2171,#2172,#2173,#2174,#2175,#2176,#2177,#2178,#2179),(#2180,#2181,
#2182,#2183,#2184,#2185,#2186,#2187,#2188,#2189,#2190,#2191,#2192,#2193,
#2194,#2195,#2196,#2197,#2198,#2199,#2200,#2201,#2202),(#2203,#2204,#2205,
#2206,#2207,#2208,#2209,#2210,#2211,#2212,#2213,#2214,#2215,#2216,#2217,
#2218,#2219,#2220,#2221,#2222,#2223,#2224,#2225)),.UNSPECIFIED.,.T.,.F.,
 .U.)
B_SPLINE_SURFACE_WITH_KNOTS((4,3,4),(4,1,1,1,1,1,1,1,1,1,1,1,1,1,1,1,1,1,
1,1,4),(0.,0.5,1.),(0.,0.0624999999997458,0.125,0.187500000000129,0.25,0.276537683011297,
0.333333333333333,0.335025108308898,0.416666666666667,0.5,0.541666666666347,
0.557113236901879,0.583333333333333,0.625000000000001,0.626386827678402,
0.666666666666666,0.70833333333332,0.749999999999993,0.833333333333333,0.916666666666667,
1.),.UNSPECIFIED.)
GEOMETRIC_REPRESENTATION_ITEM()
RATIONAL_B_SPLINE_SURFACE(((1.,1.,1.,1.,1.,1.,1.,1.,1.,1.,1.,1.,1.,1.,1.,
1.,1.,1.,1.,1.,1.,1.,1.),(0.333333333333333,0.333333333333333,0.333333333333333,
0.333333333333333,0.333333333333333,0.333333333333333,0.333333333333333,
0.333333333333333,0.333333333333333,0.333333333333333,0.333333333333333,
0.333333333333333,0.333333333333333,0.333333333333333,0.333333333333333,
0.333333333333333,0.333333333333334,0.333333333333333,0.333333333333333,
0.333333333333333,0.333333333333333,0.333333333333333,0.333333333333333),
(0.333333333333333,0.333333333333333,0.333333333333333,0.333333333333333,
0.333333333333333,0.333333333333333,0.333333333333333,0.333333333333333,
0.333333333333333,0.333333333333333,0.333333333333333,0.333333333333333,
0.333333333333333,0.333333333333333,0.333333333333333,0.333333333333333,
0.333333333333334,0.333333333333333,0.333333333333333,0.333333333333333,
0.333333333333333,0.333333333333333,0.333333333333333),(1.,1.,1.,1.,1.,1.,
1.,1.,1.,1.,1.,1.,1.,1.,1.,1.,1.,1.,1.,1.,1.,1.,1.),(0.333333333333333,0.333333333333333,
0.333333333333333,0.333333333333333,0.333333333333333,0.333333333333333,
0.333333333333333,0.333333333333333,0.333333333333333,0.333333333333333,
0.333333333333333,0.333333333333333,0.333333333333333,0.333333333333333,
0.333333333333333,0.333333333333333,0.333333333333334,0.333333333333333,
0.333333333333333,0.333333333333333,0.333333333333333,0.333333333333333,
0.333333333333333),(0.333333333333333,0.333333333333333,0.333333333333333,
0.333333333333333,0.333333333333333,0.333333333333333,0.333333333333333,
0.333333333333333,0.333333333333333,0.333333333333333,0.333333333333333,
0.333333333333333,0.333333333333333,0.333333333333333,0.333333333333333,
0.333333333333333,0.333333333333334,0.333333333333333,0.333333333333333,
0.333333333333333,0.333333333333333,0.333333333333333,0.333333333333333),
(1.,1.,1.,1.,1.,1.,1.,1.,1.,1.,1.,1.,1.,1.,1.,1.,1.,1.,1.,1.,1.,1.,1.)))
REPRESENTATION_ITEM('')
SURFACE()
);
#58=(
BOUNDED_SURFACE()
B_SPLINE_SURFACE(3,3,((#2298,#2299,#2300,#2301,#2302,#2303,#2304,#2305,#2306,
#2307,#2308,#2309,#2310,#2311,#2312,#2313,#2314,#2315,#2316,#2317,#2318,
#2319,#2320),(#2321,#2322,#2323,#2324,#2325,#2326,#2327,#2328,#2329,#2330,
#2331,#2332,#2333,#2334,#2335,#2336,#2337,#2338,#2339,#2340,#2341,#2342,
#2343),(#2344,#2345,#2346,#2347,#2348,#2349,#2350,#2351,#2352,#2353,#2354,
#2355,#2356,#2357,#2358,#2359,#2360,#2361,#2362,#2363,#2364,#2365,#2366),
(#2367,#2368,#2369,#2370,#2371,#2372,#2373,#2374,#2375,#2376,#2377,#2378,
#2379,#2380,#2381,#2382,#2383,#2384,#2385,#2386,#2387,#2388,#2389),(#2390,
#2391,#2392,#2393,#2394,#2395,#2396,#2397,#2398,#2399,#2400,#2401,#2402,
#2403,#2404,#2405,#2406,#2407,#2408,#2409,#2410,#2411,#2412),(#2413,#2414,
#2415,#2416,#2417,#2418,#2419,#2420,#2421,#2422,#2423,#2424,#2425,#2426,
#2427,#2428,#2429,#2430,#2431,#2432,#2433,#2434,#2435),(#2436,#2437,#2438,
#2439,#2440,#2441,#2442,#2443,#2444,#2445,#2446,#2447,#2448,#2449,#2450,
#2451,#2452,#2453,#2454,#2455,#2456,#2457,#2458)),.UNSPECIFIED.,.T.,.F.,
 .U.)
B_SPLINE_SURFACE_WITH_KNOTS((4,3,4),(4,1,1,1,1,1,1,1,1,1,1,1,1,1,1,1,1,1,
1,1,4),(0.,0.5,1.),(0.,0.0624999999997458,0.125,0.187500000000129,0.25,0.276537683011297,
0.333333333333333,0.335025108308898,0.416666666666667,0.5,0.541666666666347,
0.557113236901879,0.583333333333333,0.625000000000001,0.626386827678402,
0.666666666666666,0.70833333333332,0.749999999999993,0.833333333333333,0.916666666666667,
1.),.UNSPECIFIED.)
GEOMETRIC_REPRESENTATION_ITEM()
RATIONAL_B_SPLINE_SURFACE(((1.,1.,1.,1.,1.,1.,1.,1.,1.,1.,1.,1.,1.,1.,1.,
1.,1.,1.,1.,1.,1.,1.,1.),(0.333333333333333,0.333333333333333,0.333333333333333,
0.333333333333333,0.333333333333333,0.333333333333333,0.333333333333333,
0.333333333333333,0.333333333333333,0.333333333333333,0.333333333333333,
0.333333333333333,0.333333333333333,0.333333333333333,0.333333333333333,
0.333333333333333,0.333333333333334,0.333333333333333,0.333333333333333,
0.333333333333333,0.333333333333333,0.333333333333333,0.333333333333333),
(0.333333333333333,0.333333333333333,0.333333333333333,0.333333333333333,
0.333333333333333,0.333333333333333,0.333333333333333,0.333333333333333,
0.333333333333333,0.333333333333333,0.333333333333333,0.333333333333333,
0.333333333333333,0.333333333333333,0.333333333333333,0.333333333333333,
0.333333333333334,0.333333333333333,0.333333333333333,0.333333333333333,
0.333333333333333,0.333333333333333,0.333333333333333),(1.,1.,1.,1.,1.,1.,
1.,1.,1.,1.,1.,1.,1.,1.,1.,1.,1.,1.,1.,1.,1.,1.,1.),(0.333333333333333,0.333333333333333,
0.333333333333333,0.333333333333333,0.333333333333333,0.333333333333333,
0.333333333333333,0.333333333333333,0.333333333333333,0.333333333333333,
0.333333333333333,0.333333333333333,0.333333333333333,0.333333333333333,
0.333333333333333,0.333333333333333,0.333333333333334,0.333333333333333,
0.333333333333333,0.333333333333333,0.333333333333333,0.333333333333333,
0.333333333333333),(0.333333333333333,0.333333333333333,0.333333333333333,
0.333333333333333,0.333333333333333,0.333333333333333,0.333333333333333,
0.333333333333333,0.333333333333333,0.333333333333333,0.333333333333333,
0.333333333333333,0.333333333333333,0.333333333333333,0.333333333333333,
0.333333333333333,0.333333333333334,0.333333333333333,0.333333333333333,
0.333333333333333,0.333333333333333,0.333333333333333,0.333333333333333),
(1.,1.,1.,1.,1.,1.,1.,1.,1.,1.,1.,1.,1.,1.,1.,1.,1.,1.,1.,1.,1.,1.,1.)))
REPRESENTATION_ITEM('')
SURFACE()
);
#59=STYLED_ITEM('NAME_0',(#102),#1250);
#60=STYLED_ITEM('NAME_0',(#103),#1251);
#61=STYLED_ITEM('NAME_0',(#104),#1252);
#62=STYLED_ITEM('NAME_0',(#105),#1253);
#63=STYLED_ITEM('NAME_0',(#106),#1254);
#64=STYLED_ITEM('NAME_0',(#107),#1255);
#65=MECHANICAL_DESIGN_GEOMETRIC_PRESENTATION_REPRESENTATION('NAME_0',(#59,
#60,#61,#62,#63,#64),#213);
#66=COLOUR_RGB('',0.686274509803922,0.686274509803922,0.686274509803922);
#67=COLOUR_RGB('',0.686274509803922,0.686274509803922,0.686274509803922);
#68=COLOUR_RGB('',0.686274509803922,0.686274509803922,0.686274509803922);
#69=COLOUR_RGB('',0.686274509803922,0.686274509803922,0.686274509803922);
#70=COLOUR_RGB('',0.686274509803922,0.686274509803922,0.686274509803922);
#71=COLOUR_RGB('',0.686274509803922,0.686274509803922,0.686274509803922);
#72=FILL_AREA_STYLE_COLOUR('NAME_0',#66);
#73=FILL_AREA_STYLE_COLOUR('NAME_0',#67);
#74=FILL_AREA_STYLE_COLOUR('NAME_0',#68);
#75=FILL_AREA_STYLE_COLOUR('NAME_0',#69);
#76=FILL_AREA_STYLE_COLOUR('NAME_0',#70);
#77=FILL_AREA_STYLE_COLOUR('NAME_0',#71);
#78=FILL_AREA_STYLE('NAME_0',(#72));
#79=FILL_AREA_STYLE('NAME_0',(#73));
#80=FILL_AREA_STYLE('NAME_0',(#74));
#81=FILL_AREA_STYLE('NAME_0',(#75));
#82=FILL_AREA_STYLE('NAME_0',(#76));
#83=FILL_AREA_STYLE('NAME_0',(#77));
#84=SURFACE_STYLE_FILL_AREA(#78);
#85=SURFACE_STYLE_FILL_AREA(#79);
#86=SURFACE_STYLE_FILL_AREA(#80);
#87=SURFACE_STYLE_FILL_AREA(#81);
#88=SURFACE_STYLE_FILL_AREA(#82);
#89=SURFACE_STYLE_FILL_AREA(#83);
#90=SURFACE_SIDE_STYLE('NAME_0',(#84));
#91=SURFACE_SIDE_STYLE('NAME_0',(#85));
#92=SURFACE_SIDE_STYLE('NAME_0',(#86));
#93=SURFACE_SIDE_STYLE('NAME_0',(#87));
#94=SURFACE_SIDE_STYLE('NAME_0',(#88));
#95=SURFACE_SIDE_STYLE('NAME_0',(#89));
#96=SURFACE_STYLE_USAGE(.POSITIVE.,#90);
#97=SURFACE_STYLE_USAGE(.POSITIVE.,#91);
#98=SURFACE_STYLE_USAGE(.POSITIVE.,#92);
#99=SURFACE_STYLE_USAGE(.POSITIVE.,#93);
#100=SURFACE_STYLE_USAGE(.POSITIVE.,#94);
#101=SURFACE_STYLE_USAGE(.POSITIVE.,#95);
#102=PRESENTATION_STYLE_ASSIGNMENT((#96));
#103=PRESENTATION_STYLE_ASSIGNMENT((#97));
#104=PRESENTATION_STYLE_ASSIGNMENT((#98));
#105=PRESENTATION_STYLE_ASSIGNMENT((#99));
#106=PRESENTATION_STYLE_ASSIGNMENT((#100));
#107=PRESENTATION_STYLE_ASSIGNMENT((#101));
#108=PRODUCT_DEFINITION_CONTEXT('part definition',#157,'design');
#109=PRODUCT_DEFINITION_CONTEXT('part definition',#157,'design');
#110=PRODUCT_DEFINITION_CONTEXT('part definition',#157,'design');
#111=PRODUCT_DEFINITION_CONTEXT('part definition',#157,'design');
#112=PRODUCT_DEFINITION_CONTEXT('part definition',#157,'design');
#113=PRODUCT_DEFINITION_CONTEXT('part definition',#157,'design');
#114=PRODUCT_DEFINITION_CONTEXT('part definition',#157,'design');
#115=SHAPE_DEFINITION_REPRESENTATION(#122,#172);
#116=SHAPE_DEFINITION_REPRESENTATION(#123,#173);
#117=SHAPE_DEFINITION_REPRESENTATION(#124,#174);
#118=SHAPE_DEFINITION_REPRESENTATION(#125,#175);
#119=SHAPE_DEFINITION_REPRESENTATION(#126,#176);
#120=SHAPE_DEFINITION_REPRESENTATION(#127,#177);
#121=SHAPE_DEFINITION_REPRESENTATION(#128,#178);
#122=PRODUCT_DEFINITION_SHAPE('PRODUCT_VERSION_ID',
'PRODUCT_VERSION_DESCR',#135);
#123=PRODUCT_DEFINITION_SHAPE('PRODUCT_VERSION_ID',
'PRODUCT_VERSION_DESCR',#136);
#124=PRODUCT_DEFINITION_SHAPE('PRODUCT_VERSION_ID',
'PRODUCT_VERSION_DESCR',#137);
#125=PRODUCT_DEFINITION_SHAPE('PRODUCT_VERSION_ID',
'PRODUCT_VERSION_DESCR',#138);
#126=PRODUCT_DEFINITION_SHAPE('PRODUCT_VERSION_ID',
'PRODUCT_VERSION_DESCR',#139);
#127=PRODUCT_DEFINITION_SHAPE('PRODUCT_VERSION_ID',
'PRODUCT_VERSION_DESCR',#140);
#128=PRODUCT_DEFINITION_SHAPE('PRODUCT_VERSION_ID',
'PRODUCT_VERSION_DESCR',#141);
#129=PRODUCT_DEFINITION_SHAPE('NAME_10',$,#16);
#130=PRODUCT_DEFINITION_SHAPE('NAME_20',$,#17);
#131=PRODUCT_DEFINITION_SHAPE('NAME_30',$,#18);
#132=PRODUCT_DEFINITION_SHAPE('NAME_40',$,#19);
#133=PRODUCT_DEFINITION_SHAPE('NAME_50',$,#20);
#134=PRODUCT_DEFINITION_SHAPE('NAME_60',$,#21);
#135=PRODUCT_DEFINITION('SP-1605','PRODUCT_VERSION_DESCR',#142,#108);
#136=PRODUCT_DEFINITION('SP-1605_2','PRODUCT_VERSION_DESCR',#143,#109);
#137=PRODUCT_DEFINITION('SP-1605_3','PRODUCT_VERSION_DESCR',#144,#110);
#138=PRODUCT_DEFINITION('SP-1605_4','PRODUCT_VERSION_DESCR',#145,#111);
#139=PRODUCT_DEFINITION('SP-1605_5','PRODUCT_VERSION_DESCR',#146,#112);
#140=PRODUCT_DEFINITION('SP-1605_6','PRODUCT_VERSION_DESCR',#147,#113);
#141=PRODUCT_DEFINITION('PRODUCT_VERSION_ID','PRODUCT_VERSION_DESCR',#148,
#114);
#142=PRODUCT_DEFINITION_FORMATION_WITH_SPECIFIED_SOURCE(
'PRODUCT_VERSION_ID','PRODUCT_VERSION_DESCR',#165,.MADE.);
#143=PRODUCT_DEFINITION_FORMATION_WITH_SPECIFIED_SOURCE(
'PRODUCT_VERSION_ID','PRODUCT_VERSION_DESCR',#166,.MADE.);
#144=PRODUCT_DEFINITION_FORMATION_WITH_SPECIFIED_SOURCE(
'PRODUCT_VERSION_ID','PRODUCT_VERSION_DESCR',#167,.MADE.);
#145=PRODUCT_DEFINITION_FORMATION_WITH_SPECIFIED_SOURCE(
'PRODUCT_VERSION_ID','PRODUCT_VERSION_DESCR',#168,.MADE.);
#146=PRODUCT_DEFINITION_FORMATION_WITH_SPECIFIED_SOURCE(
'PRODUCT_VERSION_ID','PRODUCT_VERSION_DESCR',#169,.MADE.);
#147=PRODUCT_DEFINITION_FORMATION_WITH_SPECIFIED_SOURCE(
'PRODUCT_VERSION_ID','PRODUCT_VERSION_DESCR',#170,.MADE.);
#148=PRODUCT_DEFINITION_FORMATION_WITH_SPECIFIED_SOURCE(
'PRODUCT_VERSION_ID','PRODUCT_VERSION_DESCR',#171,.MADE.);
#149=PRODUCT_RELATED_PRODUCT_CATEGORY('part','part',(#165));
#150=PRODUCT_RELATED_PRODUCT_CATEGORY('part','part',(#166));
#151=PRODUCT_RELATED_PRODUCT_CATEGORY('part','part',(#167));
#152=PRODUCT_RELATED_PRODUCT_CATEGORY('part','part',(#168));
#153=PRODUCT_RELATED_PRODUCT_CATEGORY('part','part',(#169));
#154=PRODUCT_RELATED_PRODUCT_CATEGORY('part','part',(#170));
#155=PRODUCT_RELATED_PRODUCT_CATEGORY('part','part',(#171));
#156=APPLICATION_PROTOCOL_DEFINITION('Draft International Standard',
'automotive_design',1994,#157);
#157=APPLICATION_CONTEXT('automotive_Design');
#158=PRODUCT_CONTEXT('3D Mechanical Parts',#157,'mechanical');
#159=PRODUCT_CONTEXT('3D Mechanical Parts',#157,'mechanical');
#160=PRODUCT_CONTEXT('3D Mechanical Parts',#157,'mechanical');
#161=PRODUCT_CONTEXT('3D Mechanical Parts',#157,'mechanical');
#162=PRODUCT_CONTEXT('3D Mechanical Parts',#157,'mechanical');
#163=PRODUCT_CONTEXT('3D Mechanical Parts',#157,'mechanical');
#164=PRODUCT_CONTEXT('3D Mechanical Parts',#157,'mechanical');
#165=PRODUCT('','SP-1605','',(#158));
#166=PRODUCT('','SP-1605_2','',(#159));
#167=PRODUCT('','SP-1605_3','',(#160));
#168=PRODUCT('','SP-1605_4','',(#161));
#169=PRODUCT('','SP-1605_5','',(#162));
#170=PRODUCT('','SP-1605_6','',(#163));
#171=PRODUCT('SP-1605','SP-1605','',(#164));
#172=SHAPE_REPRESENTATION('SP-1605',(#2923),#213);
#173=SHAPE_REPRESENTATION('SP-1605_2',(#2925),#214);
#174=SHAPE_REPRESENTATION('SP-1605_3',(#2927),#215);
#175=SHAPE_REPRESENTATION('SP-1605_4',(#2929),#216);
#176=SHAPE_REPRESENTATION('SP-1605_5',(#2931),#217);
#177=SHAPE_REPRESENTATION('SP-1605_6',(#2933),#218);
#178=SHAPE_REPRESENTATION('NAME_0',(#2922,#2924,#2926,#2928,#2930,#2932),
#219);
#179=SHAPE_REPRESENTATION_RELATIONSHIP('NAME_0',$,#172,#2934);
#180=SHAPE_REPRESENTATION_RELATIONSHIP('NAME_0',$,#173,#2935);
#181=SHAPE_REPRESENTATION_RELATIONSHIP('NAME_0',$,#174,#2936);
#182=SHAPE_REPRESENTATION_RELATIONSHIP('NAME_0',$,#175,#2937);
#183=SHAPE_REPRESENTATION_RELATIONSHIP('NAME_0',$,#176,#2938);
#184=SHAPE_REPRESENTATION_RELATIONSHIP('NAME_0',$,#177,#2939);
#185=(
LENGTH_UNIT()
NAMED_UNIT(*)
SI_UNIT(.MILLI.,.METRE.)
);
#186=(
LENGTH_UNIT()
NAMED_UNIT(*)
SI_UNIT(.MILLI.,.METRE.)
);
#187=(
LENGTH_UNIT()
NAMED_UNIT(*)
SI_UNIT(.MILLI.,.METRE.)
);
#188=(
LENGTH_UNIT()
NAMED_UNIT(*)
SI_UNIT(.MILLI.,.METRE.)
);
#189=(
LENGTH_UNIT()
NAMED_UNIT(*)
SI_UNIT(.MILLI.,.METRE.)
);
#190=(
LENGTH_UNIT()
NAMED_UNIT(*)
SI_UNIT(.MILLI.,.METRE.)
);
#191=(
LENGTH_UNIT()
NAMED_UNIT(*)
SI_UNIT(.MILLI.,.METRE.)
);
#192=(
NAMED_UNIT(*)
PLANE_ANGLE_UNIT()
SI_UNIT($,.RADIAN.)
);
#193=(
NAMED_UNIT(*)
PLANE_ANGLE_UNIT()
SI_UNIT($,.RADIAN.)
);
#194=(
NAMED_UNIT(*)
PLANE_ANGLE_UNIT()
SI_UNIT($,.RADIAN.)
);
#195=(
NAMED_UNIT(*)
PLANE_ANGLE_UNIT()
SI_UNIT($,.RADIAN.)
);
#196=(
NAMED_UNIT(*)
PLANE_ANGLE_UNIT()
SI_UNIT($,.RADIAN.)
);
#197=(
NAMED_UNIT(*)
PLANE_ANGLE_UNIT()
SI_UNIT($,.RADIAN.)
);
#198=(
NAMED_UNIT(*)
PLANE_ANGLE_UNIT()
SI_UNIT($,.RADIAN.)
);
#199=(
NAMED_UNIT(*)
SI_UNIT($,.STERADIAN.)
SOLID_ANGLE_UNIT()
);
#200=(
NAMED_UNIT(*)
SI_UNIT($,.STERADIAN.)
SOLID_ANGLE_UNIT()
);
#201=(
NAMED_UNIT(*)
SI_UNIT($,.STERADIAN.)
SOLID_ANGLE_UNIT()
);
#202=(
NAMED_UNIT(*)
SI_UNIT($,.STERADIAN.)
SOLID_ANGLE_UNIT()
);
#203=(
NAMED_UNIT(*)
SI_UNIT($,.STERADIAN.)
SOLID_ANGLE_UNIT()
);
#204=(
NAMED_UNIT(*)
SI_UNIT($,.STERADIAN.)
SOLID_ANGLE_UNIT()
);
#205=(
NAMED_UNIT(*)
SI_UNIT($,.STERADIAN.)
SOLID_ANGLE_UNIT()
);
#206=UNCERTAINTY_MEASURE_WITH_UNIT(LENGTH_MEASURE(1.E-006),#185,
'DISTANCE_ACCURACY_VALUE',
'Maximum model space distance between geometric entities at asserted co
nnectivities');
#207=UNCERTAINTY_MEASURE_WITH_UNIT(LENGTH_MEASURE(1.E-006),#186,
'DISTANCE_ACCURACY_VALUE',
'Maximum model space distance between geometric entities at asserted co
nnectivities');
#208=UNCERTAINTY_MEASURE_WITH_UNIT(LENGTH_MEASURE(1.E-006),#187,
'DISTANCE_ACCURACY_VALUE',
'Maximum model space distance between geometric entities at asserted co
nnectivities');
#209=UNCERTAINTY_MEASURE_WITH_UNIT(LENGTH_MEASURE(1.E-006),#188,
'DISTANCE_ACCURACY_VALUE',
'Maximum model space distance between geometric entities at asserted co
nnectivities');
#210=UNCERTAINTY_MEASURE_WITH_UNIT(LENGTH_MEASURE(1.E-006),#189,
'DISTANCE_ACCURACY_VALUE',
'Maximum model space distance between geometric entities at asserted co
nnectivities');
#211=UNCERTAINTY_MEASURE_WITH_UNIT(LENGTH_MEASURE(1.E-006),#190,
'DISTANCE_ACCURACY_VALUE',
'Maximum model space distance between geometric entities at asserted co
nnectivities');
#212=UNCERTAINTY_MEASURE_WITH_UNIT(LENGTH_MEASURE(1.E-006),#191,
'DISTANCE_ACCURACY_VALUE',
'Maximum model space distance between geometric entities at asserted co
nnectivities');
#213=(
GEOMETRIC_REPRESENTATION_CONTEXT(3)
GLOBAL_UNCERTAINTY_ASSIGNED_CONTEXT((#206))
GLOBAL_UNIT_ASSIGNED_CONTEXT((#199,#192,#185))
REPRESENTATION_CONTEXT('ID1','3D')
);
#214=(
GEOMETRIC_REPRESENTATION_CONTEXT(3)
GLOBAL_UNCERTAINTY_ASSIGNED_CONTEXT((#207))
GLOBAL_UNIT_ASSIGNED_CONTEXT((#200,#193,#186))
REPRESENTATION_CONTEXT('ID1','3D')
);
#215=(
GEOMETRIC_REPRESENTATION_CONTEXT(3)
GLOBAL_UNCERTAINTY_ASSIGNED_CONTEXT((#208))
GLOBAL_UNIT_ASSIGNED_CONTEXT((#201,#194,#187))
REPRESENTATION_CONTEXT('ID1','3D')
);
#216=(
GEOMETRIC_REPRESENTATION_CONTEXT(3)
GLOBAL_UNCERTAINTY_ASSIGNED_CONTEXT((#209))
GLOBAL_UNIT_ASSIGNED_CONTEXT((#202,#195,#188))
REPRESENTATION_CONTEXT('ID1','3D')
);
#217=(
GEOMETRIC_REPRESENTATION_CONTEXT(3)
GLOBAL_UNCERTAINTY_ASSIGNED_CONTEXT((#210))
GLOBAL_UNIT_ASSIGNED_CONTEXT((#203,#196,#189))
REPRESENTATION_CONTEXT('ID1','3D')
);
#218=(
GEOMETRIC_REPRESENTATION_CONTEXT(3)
GLOBAL_UNCERTAINTY_ASSIGNED_CONTEXT((#211))
GLOBAL_UNIT_ASSIGNED_CONTEXT((#204,#197,#190))
REPRESENTATION_CONTEXT('ID1','3D')
);
#219=(
GEOMETRIC_REPRESENTATION_CONTEXT(3)
GLOBAL_UNCERTAINTY_ASSIGNED_CONTEXT((#212))
GLOBAL_UNIT_ASSIGNED_CONTEXT((#205,#198,#191))
REPRESENTATION_CONTEXT('ID1','3D')
);
#220=PLANE('',#2750);
#221=PLANE('',#2751);
#222=PLANE('',#2759);
#223=PLANE('',#2760);
#224=PLANE('',#2774);
#225=PLANE('',#2775);
#226=PLANE('',#2789);
#227=PLANE('',#2790);
#228=PLANE('',#2798);
#229=PLANE('',#2799);
#230=PLANE('',#2801);
#231=PLANE('',#2893);
#232=PLANE('',#2896);
#233=PLANE('',#2898);
#234=PLANE('',#2902);
#235=PLANE('',#2905);
#236=PLANE('',#2907);
#237=PLANE('',#2913);
#238=PLANE('',#2914);
#239=PLANE('',#2915);
#240=PLANE('',#2916);
#241=PLANE('',#2917);
#242=PLANE('',#2918);
#243=PLANE('',#2919);
#244=PLANE('',#2920);
#245=PLANE('',#2921);
#246=VECTOR('',#1262,1.);
#247=VECTOR('',#1265,1.);
#248=VECTOR('',#1280,1.);
#249=VECTOR('',#1283,1.);
#250=VECTOR('',#1300,1.);
#251=VECTOR('',#1303,1.);
#252=VECTOR('',#1306,1.);
#253=VECTOR('',#1309,1.);
#254=VECTOR('',#1334,1.);
#255=VECTOR('',#1337,1.);
#256=VECTOR('',#1342,1.);
#257=VECTOR('',#1345,1.);
#258=VECTOR('',#1362,1.);
#259=VECTOR('',#1365,1.);
#260=VECTOR('',#1419,1.);
#261=VECTOR('',#1422,1.);
#262=VECTOR('',#1425,1.);
#263=VECTOR('',#1428,1.);
#264=VECTOR('',#1431,1.);
#265=VECTOR('',#1434,1.);
#266=VECTOR('',#1437,1.);
#267=VECTOR('',#1440,1.);
#268=VECTOR('',#1443,1.);
#269=VECTOR('',#1446,1.);
#270=VECTOR('',#1449,1.);
#271=VECTOR('',#1452,1.);
#272=VECTOR('',#1455,1.);
#273=VECTOR('',#1458,1.);
#274=VECTOR('',#1461,1.);
#275=VECTOR('',#1464,1.);
#276=VECTOR('',#1467,1.);
#277=VECTOR('',#1470,1.);
#278=VECTOR('',#1473,1.);
#279=VECTOR('',#1478,1.);
#280=VECTOR('',#1567,1.);
#281=LINE('',#1644,#246);
#282=LINE('',#1648,#247);
#283=LINE('',#1659,#248);
#284=LINE('',#1663,#249);
#285=LINE('',#1884,#250);
#286=LINE('',#1888,#251);
#287=LINE('',#1890,#252);
#288=LINE('',#1894,#253);
#289=LINE('',#2280,#254);
#290=LINE('',#2284,#255);
#291=LINE('',#2287,#256);
#292=LINE('',#2291,#257);
#293=LINE('',#2464,#258);
#294=LINE('',#2468,#259);
#295=LINE('',#2517,#260);
#296=LINE('',#2521,#261);
#297=LINE('',#2523,#262);
#298=LINE('',#2527,#263);
#299=LINE('',#2529,#264);
#300=LINE('',#2533,#265);
#301=LINE('',#2535,#266);
#302=LINE('',#2539,#267);
#303=LINE('',#2541,#268);
#304=LINE('',#2545,#269);
#305=LINE('',#2547,#270);
#306=LINE('',#2551,#271);
#307=LINE('',#2553,#272);
#308=LINE('',#2557,#273);
#309=LINE('',#2559,#274);
#310=LINE('',#2563,#275);
#311=LINE('',#2565,#276);
#312=LINE('',#2569,#277);
#313=LINE('',#2571,#278);
#314=LINE('',#2589,#279);
#315=LINE('',#2685,#280);
#316=VERTEX_POINT('',#1642);
#317=VERTEX_POINT('',#1643);
#318=VERTEX_POINT('',#1645);
#319=VERTEX_POINT('',#1647);
#320=VERTEX_POINT('',#1657);
#321=VERTEX_POINT('',#1658);
#322=VERTEX_POINT('',#1660);
#323=VERTEX_POINT('',#1662);
#324=VERTEX_POINT('',#1832);
#325=VERTEX_POINT('',#1833);
#326=VERTEX_POINT('',#1857);
#327=VERTEX_POINT('',#1859);
#328=VERTEX_POINT('',#1885);
#329=VERTEX_POINT('',#1887);
#330=VERTEX_POINT('',#1891);
#331=VERTEX_POINT('',#1893);
#332=VERTEX_POINT('',#2227);
#333=VERTEX_POINT('',#2228);
#334=VERTEX_POINT('',#2252);
#335=VERTEX_POINT('',#2254);
#336=VERTEX_POINT('',#2281);
#337=VERTEX_POINT('',#2283);
#338=VERTEX_POINT('',#2288);
#339=VERTEX_POINT('',#2290);
#340=VERTEX_POINT('',#2462);
#341=VERTEX_POINT('',#2463);
#342=VERTEX_POINT('',#2465);
#343=VERTEX_POINT('',#2467);
#344=VERTEX_POINT('',#2477);
#345=VERTEX_POINT('',#2478);
#346=VERTEX_POINT('',#2481);
#347=VERTEX_POINT('',#2482);
#348=VERTEX_POINT('',#2485);
#349=VERTEX_POINT('',#2486);
#350=VERTEX_POINT('',#2489);
#351=VERTEX_POINT('',#2490);
#352=VERTEX_POINT('',#2493);
#353=VERTEX_POINT('',#2494);
#354=VERTEX_POINT('',#2497);
#355=VERTEX_POINT('',#2498);
#356=VERTEX_POINT('',#2501);
#357=VERTEX_POINT('',#2502);
#358=VERTEX_POINT('',#2505);
#359=VERTEX_POINT('',#2506);
#360=VERTEX_POINT('',#2509);
#361=VERTEX_POINT('',#2510);
#362=VERTEX_POINT('',#2513);
#363=VERTEX_POINT('',#2514);
#364=VERTEX_POINT('',#2518);
#365=VERTEX_POINT('',#2520);
#366=VERTEX_POINT('',#2524);
#367=VERTEX_POINT('',#2526);
#368=VERTEX_POINT('',#2530);
#369=VERTEX_POINT('',#2532);
#370=VERTEX_POINT('',#2536);
#371=VERTEX_POINT('',#2538);
#372=VERTEX_POINT('',#2542);
#373=VERTEX_POINT('',#2544);
#374=VERTEX_POINT('',#2548);
#375=VERTEX_POINT('',#2550);
#376=VERTEX_POINT('',#2554);
#377=VERTEX_POINT('',#2556);
#378=VERTEX_POINT('',#2560);
#379=VERTEX_POINT('',#2562);
#380=VERTEX_POINT('',#2566);
#381=VERTEX_POINT('',#2568);
#382=VERTEX_POINT('',#2572);
#383=VERTEX_POINT('',#2574);
#384=VERTEX_POINT('',#2581);
#385=VERTEX_POINT('',#2586);
#386=VERTEX_POINT('',#2588);
#387=VERTEX_POINT('',#2610);
#388=VERTEX_POINT('',#2611);
#389=VERTEX_POINT('',#2613);
#390=VERTEX_POINT('',#2615);
#391=VERTEX_POINT('',#2618);
#392=VERTEX_POINT('',#2627);
#393=VERTEX_POINT('',#2628);
#394=VERTEX_POINT('',#2630);
#395=VERTEX_POINT('',#2632);
#396=VERTEX_POINT('',#2634);
#397=VERTEX_POINT('',#2639);
#398=VERTEX_POINT('',#2641);
#399=VERTEX_POINT('',#2648);
#400=VERTEX_POINT('',#2650);
#401=VERTEX_POINT('',#2660);
#402=VERTEX_POINT('',#2662);
#403=VERTEX_POINT('',#2666);
#404=VERTEX_POINT('',#2667);
#405=VERTEX_POINT('',#2679);
#406=VERTEX_POINT('',#2683);
#407=VERTEX_POINT('',#2684);
#408=VERTEX_POINT('',#2686);
#409=VERTEX_POINT('',#2688);
#410=VERTEX_POINT('',#2698);
#411=VERTEX_POINT('',#2706);
#412=CIRCLE('',#2745,0.125);
#413=CIRCLE('',#2746,0.125);
#414=CIRCLE('',#2748,0.125);
#415=CIRCLE('',#2749,0.125);
#416=CIRCLE('',#2754,0.125);
#417=CIRCLE('',#2755,0.125);
#418=CIRCLE('',#2757,0.125);
#419=CIRCLE('',#2758,0.125);
#420=CIRCLE('',#2762,0.225);
#421=CIRCLE('',#2763,0.225);
#422=CIRCLE('',#2765,0.225);
#423=CIRCLE('',#2767,0.225);
#424=CIRCLE('',#2769,0.225);
#425=CIRCLE('',#2770,0.225);
#426=CIRCLE('',#2772,0.225);
#427=CIRCLE('',#2773,0.225);
#428=CIRCLE('',#2777,0.225);
#429=CIRCLE('',#2778,0.225);
#430=CIRCLE('',#2780,0.225);
#431=CIRCLE('',#2781,0.225);
#432=CIRCLE('',#2783,0.225);
#433=CIRCLE('',#2784,0.225);
#434=CIRCLE('',#2786,0.225);
#435=CIRCLE('',#2788,0.225);
#436=CIRCLE('',#2793,5.75);
#437=CIRCLE('',#2794,5.75);
#438=CIRCLE('',#2796,5.75);
#439=CIRCLE('',#2797,5.75);
#440=CIRCLE('',#2802,8.);
#441=CIRCLE('',#2803,8.);
#442=CIRCLE('',#2804,1.);
#443=CIRCLE('',#2805,1.);
#444=CIRCLE('',#2806,1.);
#445=CIRCLE('',#2807,1.);
#446=CIRCLE('',#2808,1.);
#447=CIRCLE('',#2809,1.);
#448=CIRCLE('',#2810,1.75);
#449=CIRCLE('',#2811,1.75);
#450=CIRCLE('',#2812,1.);
#451=CIRCLE('',#2813,1.);
#452=CIRCLE('',#2814,1.);
#453=CIRCLE('',#2815,1.);
#454=CIRCLE('',#2816,1.);
#455=CIRCLE('',#2817,1.);
#456=CIRCLE('',#2818,1.);
#457=CIRCLE('',#2819,1.);
#458=CIRCLE('',#2820,0.999999999999999);
#459=CIRCLE('',#2821,0.999999999999999);
#460=CIRCLE('',#2823,0.999999999999999);
#461=CIRCLE('',#2825,1.);
#462=CIRCLE('',#2827,1.);
#463=CIRCLE('',#2829,1.);
#464=CIRCLE('',#2831,1.);
#465=CIRCLE('',#2833,1.75);
#466=CIRCLE('',#2835,1.);
#467=CIRCLE('',#2837,1.);
#468=CIRCLE('',#2839,1.);
#469=CIRCLE('',#2841,8.);
#470=CIRCLE('',#2842,8.);
#471=CIRCLE('',#2844,0.999999999999999);
#472=CIRCLE('',#2846,1.);
#473=CIRCLE('',#2848,1.);
#474=CIRCLE('',#2850,1.);
#475=CIRCLE('',#2852,1.);
#476=CIRCLE('',#2854,1.75);
#477=CIRCLE('',#2856,1.);
#478=CIRCLE('',#2858,1.);
#479=CIRCLE('',#2860,1.);
#480=CIRCLE('',#2862,0.869374728496909);
#481=CIRCLE('',#2863,0.5);
#482=CIRCLE('',#2864,0.71976552318634);
#483=CIRCLE('',#2865,0.5);
#484=CIRCLE('',#2866,1.16937472849691);
#485=CIRCLE('',#2868,0.869374728496909);
#486=CIRCLE('',#2869,0.5);
#487=CIRCLE('',#2870,0.71976552318634);
#488=CIRCLE('',#2871,0.5);
#489=CIRCLE('',#2872,1.16937472849691);
#490=CIRCLE('',#2873,1.16937472849691);
#491=CIRCLE('',#2875,0.71976552318634);
#492=CIRCLE('',#2876,0.3);
#493=CIRCLE('',#2877,0.45);
#494=CIRCLE('',#2878,0.3);
#495=CIRCLE('',#2880,0.45);
#496=CIRCLE('',#2881,0.3);
#497=CIRCLE('',#2882,0.71976552318634);
#498=CIRCLE('',#2883,0.3);
#499=CIRCLE('',#2885,8.);
#500=CIRCLE('',#2886,8.);
#501=CIRCLE('',#2888,6.25);
#502=CIRCLE('',#2889,6.25);
#503=CIRCLE('',#2891,6.25);
#504=CIRCLE('',#2892,6.25);
#505=CIRCLE('',#2894,6.25);
#506=CIRCLE('',#2895,1.16937472849691);
#507=CIRCLE('',#2897,1.16937472849691);
#508=CIRCLE('',#2899,1.16937472849691);
#509=CIRCLE('',#2901,6.25);
#510=CIRCLE('',#2903,0.869374728496909);
#511=CIRCLE('',#2904,0.869374728496909);
#512=CIRCLE('',#2906,0.45);
#513=CIRCLE('',#2908,0.45);
#514=EDGE_CURVE('',#316,#317,#412,.T.);
#515=EDGE_CURVE('',#316,#318,#281,.T.);
#516=EDGE_CURVE('',#318,#319,#413,.T.);
#517=EDGE_CURVE('',#317,#319,#282,.T.);
#518=EDGE_CURVE('',#317,#316,#414,.T.);
#519=EDGE_CURVE('',#319,#318,#415,.T.);
#520=EDGE_CURVE('',#320,#321,#416,.T.);
#521=EDGE_CURVE('',#320,#322,#283,.T.);
#522=EDGE_CURVE('',#322,#323,#417,.T.);
#523=EDGE_CURVE('',#321,#323,#284,.T.);
#524=EDGE_CURVE('',#321,#320,#418,.T.);
#525=EDGE_CURVE('',#323,#322,#419,.T.);
#526=EDGE_CURVE('',#324,#325,#420,.T.);
#527=EDGE_CURVE('',#325,#326,#42,.T.);
#528=EDGE_CURVE('',#327,#326,#421,.T.);
#529=EDGE_CURVE('',#324,#327,#43,.T.);
#530=EDGE_CURVE('',#324,#328,#285,.T.);
#531=EDGE_CURVE('',#328,#329,#422,.T.);
#532=EDGE_CURVE('',#325,#329,#286,.T.);
#533=EDGE_CURVE('',#326,#330,#287,.T.);
#534=EDGE_CURVE('',#331,#330,#423,.T.);
#535=EDGE_CURVE('',#327,#331,#288,.T.);
#536=EDGE_CURVE('',#326,#327,#424,.T.);
#537=EDGE_CURVE('',#330,#331,#425,.T.);
#538=EDGE_CURVE('',#325,#324,#426,.T.);
#539=EDGE_CURVE('',#329,#328,#427,.T.);
#540=EDGE_CURVE('',#332,#333,#428,.T.);
#541=EDGE_CURVE('',#333,#334,#44,.T.);
#542=EDGE_CURVE('',#335,#334,#429,.T.);
#543=EDGE_CURVE('',#332,#335,#45,.T.);
#544=EDGE_CURVE('',#333,#332,#430,.T.);
#545=EDGE_CURVE('',#333,#336,#289,.T.);
#546=EDGE_CURVE('',#336,#337,#431,.T.);
#547=EDGE_CURVE('',#332,#337,#290,.T.);
#548=EDGE_CURVE('',#334,#335,#432,.T.);
#549=EDGE_CURVE('',#335,#338,#291,.T.);
#550=EDGE_CURVE('',#339,#338,#433,.T.);
#551=EDGE_CURVE('',#334,#339,#292,.T.);
#552=EDGE_CURVE('',#338,#339,#434,.T.);
#553=EDGE_CURVE('',#337,#336,#435,.T.);
#554=EDGE_CURVE('',#340,#341,#436,.T.);
#555=EDGE_CURVE('',#340,#342,#293,.T.);
#556=EDGE_CURVE('',#342,#343,#437,.T.);
#557=EDGE_CURVE('',#341,#343,#294,.T.);
#558=EDGE_CURVE('',#341,#340,#438,.T.);
#559=EDGE_CURVE('',#343,#342,#439,.T.);
#560=EDGE_CURVE('',#344,#345,#440,.T.);
#561=EDGE_CURVE('',#345,#344,#441,.T.);
#562=EDGE_CURVE('',#346,#347,#442,.T.);
#563=EDGE_CURVE('',#347,#346,#443,.T.);
#564=EDGE_CURVE('',#348,#349,#444,.T.);
#565=EDGE_CURVE('',#349,#348,#445,.T.);
#566=EDGE_CURVE('',#350,#351,#446,.T.);
#567=EDGE_CURVE('',#351,#350,#447,.T.);
#568=EDGE_CURVE('',#352,#353,#448,.T.);
#569=EDGE_CURVE('',#353,#352,#449,.T.);
#570=EDGE_CURVE('',#354,#355,#450,.T.);
#571=EDGE_CURVE('',#355,#354,#451,.T.);
#572=EDGE_CURVE('',#356,#357,#452,.T.);
#573=EDGE_CURVE('',#357,#356,#453,.T.);
#574=EDGE_CURVE('',#358,#359,#454,.T.);
#575=EDGE_CURVE('',#359,#358,#455,.T.);
#576=EDGE_CURVE('',#360,#361,#456,.T.);
#577=EDGE_CURVE('',#361,#360,#457,.T.);
#578=EDGE_CURVE('',#362,#363,#458,.T.);
#579=EDGE_CURVE('',#363,#362,#459,.T.);
#580=EDGE_CURVE('',#364,#362,#295,.T.);
#581=EDGE_CURVE('',#364,#365,#460,.T.);
#582=EDGE_CURVE('',#365,#363,#296,.T.);
#583=EDGE_CURVE('',#366,#360,#297,.T.);
#584=EDGE_CURVE('',#366,#367,#461,.T.);
#585=EDGE_CURVE('',#367,#361,#298,.T.);
#586=EDGE_CURVE('',#368,#358,#299,.T.);
#587=EDGE_CURVE('',#368,#369,#462,.T.);
#588=EDGE_CURVE('',#369,#359,#300,.T.);
#589=EDGE_CURVE('',#370,#356,#301,.T.);
#590=EDGE_CURVE('',#370,#371,#463,.T.);
#591=EDGE_CURVE('',#371,#357,#302,.T.);
#592=EDGE_CURVE('',#372,#354,#303,.T.);
#593=EDGE_CURVE('',#372,#373,#464,.T.);
#594=EDGE_CURVE('',#373,#355,#304,.T.);
#595=EDGE_CURVE('',#374,#352,#305,.T.);
#596=EDGE_CURVE('',#374,#375,#465,.T.);
#597=EDGE_CURVE('',#375,#353,#306,.T.);
#598=EDGE_CURVE('',#376,#350,#307,.T.);
#599=EDGE_CURVE('',#376,#377,#466,.T.);
#600=EDGE_CURVE('',#377,#351,#308,.T.);
#601=EDGE_CURVE('',#378,#348,#309,.T.);
#602=EDGE_CURVE('',#378,#379,#467,.T.);
#603=EDGE_CURVE('',#379,#349,#310,.T.);
#604=EDGE_CURVE('',#380,#346,#311,.T.);
#605=EDGE_CURVE('',#380,#381,#468,.T.);
#606=EDGE_CURVE('',#381,#347,#312,.T.);
#607=EDGE_CURVE('',#344,#382,#313,.T.);
#608=EDGE_CURVE('',#382,#383,#469,.T.);
#609=EDGE_CURVE('',#383,#384,#46,.T.);
#610=EDGE_CURVE('',#384,#385,#47,.T.);
#611=EDGE_CURVE('',#385,#386,#470,.T.);
#612=EDGE_CURVE('',#345,#386,#314,.T.);
#613=EDGE_CURVE('',#365,#364,#471,.T.);
#614=EDGE_CURVE('',#367,#366,#472,.T.);
#615=EDGE_CURVE('',#369,#368,#473,.T.);
#616=EDGE_CURVE('',#371,#370,#474,.T.);
#617=EDGE_CURVE('',#373,#372,#475,.T.);
#618=EDGE_CURVE('',#375,#374,#476,.T.);
#619=EDGE_CURVE('',#377,#376,#477,.T.);
#620=EDGE_CURVE('',#379,#378,#478,.T.);
#621=EDGE_CURVE('',#381,#380,#479,.T.);
#622=EDGE_CURVE('',#387,#388,#480,.T.);
#623=EDGE_CURVE('',#387,#389,#481,.T.);
#624=EDGE_CURVE('',#390,#389,#482,.T.);
#625=EDGE_CURVE('',#384,#390,#483,.T.);
#626=EDGE_CURVE('',#391,#383,#484,.T.);
#627=EDGE_CURVE('',#388,#391,#48,.T.);
#628=EDGE_CURVE('',#392,#393,#485,.T.);
#629=EDGE_CURVE('',#392,#394,#486,.T.);
#630=EDGE_CURVE('',#395,#394,#487,.T.);
#631=EDGE_CURVE('',#396,#395,#488,.T.);
#632=EDGE_CURVE('',#397,#396,#49,.T.);
#633=EDGE_CURVE('',#398,#397,#489,.T.);
#634=EDGE_CURVE('',#399,#398,#50,.T.);
#635=EDGE_CURVE('',#400,#399,#490,.T.);
#636=EDGE_CURVE('',#393,#400,#51,.T.);
#637=EDGE_CURVE('',#394,#395,#491,.T.);
#638=EDGE_CURVE('',#395,#401,#492,.T.);
#639=EDGE_CURVE('',#402,#401,#493,.T.);
#640=EDGE_CURVE('',#394,#402,#494,.T.);
#641=EDGE_CURVE('',#403,#404,#495,.T.);
#642=EDGE_CURVE('',#403,#389,#496,.T.);
#643=EDGE_CURVE('',#389,#390,#497,.T.);
#644=EDGE_CURVE('',#404,#390,#498,.T.);
#645=EDGE_CURVE('',#386,#397,#499,.T.);
#646=EDGE_CURVE('',#396,#405,#52,.T.);
#647=EDGE_CURVE('',#405,#382,#500,.T.);
#648=EDGE_CURVE('',#406,#407,#501,.T.);
#649=EDGE_CURVE('',#406,#408,#315,.T.);
#650=EDGE_CURVE('',#408,#409,#502,.T.);
#651=EDGE_CURVE('',#409,#407,#53,.T.);
#652=EDGE_CURVE('',#393,#406,#503,.T.);
#653=EDGE_CURVE('',#400,#408,#504,.T.);
#654=EDGE_CURVE('',#391,#410,#505,.T.);
#655=EDGE_CURVE('',#405,#410,#506,.T.);
#656=EDGE_CURVE('',#385,#398,#507,.T.);
#657=EDGE_CURVE('',#399,#409,#508,.T.);
#658=EDGE_CURVE('',#388,#411,#509,.T.);
#659=EDGE_CURVE('',#410,#411,#54,.T.);
#660=EDGE_CURVE('',#407,#387,#510,.T.);
#661=EDGE_CURVE('',#411,#392,#511,.T.);
#662=EDGE_CURVE('',#401,#402,#512,.T.);
#663=EDGE_CURVE('',#404,#403,#513,.T.);
#664=ORIENTED_EDGE('',*,*,#514,.F.);
#665=ORIENTED_EDGE('',*,*,#515,.T.);
#666=ORIENTED_EDGE('',*,*,#516,.T.);
#667=ORIENTED_EDGE('',*,*,#517,.F.);
#668=ORIENTED_EDGE('',*,*,#515,.F.);
#669=ORIENTED_EDGE('',*,*,#518,.F.);
#670=ORIENTED_EDGE('',*,*,#517,.T.);
#671=ORIENTED_EDGE('',*,*,#519,.T.);
#672=ORIENTED_EDGE('',*,*,#518,.T.);
#673=ORIENTED_EDGE('',*,*,#514,.T.);
#674=ORIENTED_EDGE('',*,*,#519,.F.);
#675=ORIENTED_EDGE('',*,*,#516,.F.);
#676=ORIENTED_EDGE('',*,*,#520,.F.);
#677=ORIENTED_EDGE('',*,*,#521,.T.);
#678=ORIENTED_EDGE('',*,*,#522,.T.);
#679=ORIENTED_EDGE('',*,*,#523,.F.);
#680=ORIENTED_EDGE('',*,*,#521,.F.);
#681=ORIENTED_EDGE('',*,*,#524,.F.);
#682=ORIENTED_EDGE('',*,*,#523,.T.);
#683=ORIENTED_EDGE('',*,*,#525,.T.);
#684=ORIENTED_EDGE('',*,*,#524,.T.);
#685=ORIENTED_EDGE('',*,*,#520,.T.);
#686=ORIENTED_EDGE('',*,*,#525,.F.);
#687=ORIENTED_EDGE('',*,*,#522,.F.);
#688=ORIENTED_EDGE('',*,*,#526,.T.);
#689=ORIENTED_EDGE('',*,*,#527,.T.);
#690=ORIENTED_EDGE('',*,*,#528,.F.);
#691=ORIENTED_EDGE('',*,*,#529,.F.);
#692=ORIENTED_EDGE('',*,*,#526,.F.);
#693=ORIENTED_EDGE('',*,*,#530,.T.);
#694=ORIENTED_EDGE('',*,*,#531,.T.);
#695=ORIENTED_EDGE('',*,*,#532,.F.);
#696=ORIENTED_EDGE('',*,*,#528,.T.);
#697=ORIENTED_EDGE('',*,*,#533,.T.);
#698=ORIENTED_EDGE('',*,*,#534,.F.);
#699=ORIENTED_EDGE('',*,*,#535,.F.);
#700=ORIENTED_EDGE('',*,*,#533,.F.);
#701=ORIENTED_EDGE('',*,*,#536,.T.);
#702=ORIENTED_EDGE('',*,*,#535,.T.);
#703=ORIENTED_EDGE('',*,*,#537,.F.);
#704=ORIENTED_EDGE('',*,*,#530,.F.);
#705=ORIENTED_EDGE('',*,*,#538,.F.);
#706=ORIENTED_EDGE('',*,*,#532,.T.);
#707=ORIENTED_EDGE('',*,*,#539,.T.);
#708=ORIENTED_EDGE('',*,*,#539,.F.);
#709=ORIENTED_EDGE('',*,*,#531,.F.);
#710=ORIENTED_EDGE('',*,*,#534,.T.);
#711=ORIENTED_EDGE('',*,*,#537,.T.);
#712=ORIENTED_EDGE('',*,*,#527,.F.);
#713=ORIENTED_EDGE('',*,*,#538,.T.);
#714=ORIENTED_EDGE('',*,*,#529,.T.);
#715=ORIENTED_EDGE('',*,*,#536,.F.);
#716=ORIENTED_EDGE('',*,*,#540,.T.);
#717=ORIENTED_EDGE('',*,*,#541,.T.);
#718=ORIENTED_EDGE('',*,*,#542,.F.);
#719=ORIENTED_EDGE('',*,*,#543,.F.);
#720=ORIENTED_EDGE('',*,*,#544,.F.);
#721=ORIENTED_EDGE('',*,*,#545,.T.);
#722=ORIENTED_EDGE('',*,*,#546,.T.);
#723=ORIENTED_EDGE('',*,*,#547,.F.);
#724=ORIENTED_EDGE('',*,*,#548,.T.);
#725=ORIENTED_EDGE('',*,*,#549,.T.);
#726=ORIENTED_EDGE('',*,*,#550,.F.);
#727=ORIENTED_EDGE('',*,*,#551,.F.);
#728=ORIENTED_EDGE('',*,*,#549,.F.);
#729=ORIENTED_EDGE('',*,*,#542,.T.);
#730=ORIENTED_EDGE('',*,*,#551,.T.);
#731=ORIENTED_EDGE('',*,*,#552,.F.);
#732=ORIENTED_EDGE('',*,*,#545,.F.);
#733=ORIENTED_EDGE('',*,*,#540,.F.);
#734=ORIENTED_EDGE('',*,*,#547,.T.);
#735=ORIENTED_EDGE('',*,*,#553,.T.);
#736=ORIENTED_EDGE('',*,*,#553,.F.);
#737=ORIENTED_EDGE('',*,*,#546,.F.);
#738=ORIENTED_EDGE('',*,*,#550,.T.);
#739=ORIENTED_EDGE('',*,*,#552,.T.);
#740=ORIENTED_EDGE('',*,*,#541,.F.);
#741=ORIENTED_EDGE('',*,*,#544,.T.);
#742=ORIENTED_EDGE('',*,*,#543,.T.);
#743=ORIENTED_EDGE('',*,*,#548,.F.);
#744=ORIENTED_EDGE('',*,*,#554,.F.);
#745=ORIENTED_EDGE('',*,*,#555,.T.);
#746=ORIENTED_EDGE('',*,*,#556,.T.);
#747=ORIENTED_EDGE('',*,*,#557,.F.);
#748=ORIENTED_EDGE('',*,*,#555,.F.);
#749=ORIENTED_EDGE('',*,*,#558,.F.);
#750=ORIENTED_EDGE('',*,*,#557,.T.);
#751=ORIENTED_EDGE('',*,*,#559,.T.);
#752=ORIENTED_EDGE('',*,*,#558,.T.);
#753=ORIENTED_EDGE('',*,*,#554,.T.);
#754=ORIENTED_EDGE('',*,*,#559,.F.);
#755=ORIENTED_EDGE('',*,*,#556,.F.);
#756=ORIENTED_EDGE('',*,*,#560,.F.);
#757=ORIENTED_EDGE('',*,*,#561,.F.);
#758=ORIENTED_EDGE('',*,*,#562,.F.);
#759=ORIENTED_EDGE('',*,*,#563,.F.);
#760=ORIENTED_EDGE('',*,*,#564,.F.);
#761=ORIENTED_EDGE('',*,*,#565,.F.);
#762=ORIENTED_EDGE('',*,*,#566,.F.);
#763=ORIENTED_EDGE('',*,*,#567,.F.);
#764=ORIENTED_EDGE('',*,*,#568,.F.);
#765=ORIENTED_EDGE('',*,*,#569,.F.);
#766=ORIENTED_EDGE('',*,*,#570,.F.);
#767=ORIENTED_EDGE('',*,*,#571,.F.);
#768=ORIENTED_EDGE('',*,*,#572,.F.);
#769=ORIENTED_EDGE('',*,*,#573,.F.);
#770=ORIENTED_EDGE('',*,*,#574,.F.);
#771=ORIENTED_EDGE('',*,*,#575,.F.);
#772=ORIENTED_EDGE('',*,*,#576,.F.);
#773=ORIENTED_EDGE('',*,*,#577,.F.);
#774=ORIENTED_EDGE('',*,*,#578,.F.);
#775=ORIENTED_EDGE('',*,*,#579,.F.);
#776=ORIENTED_EDGE('',*,*,#579,.T.);
#777=ORIENTED_EDGE('',*,*,#580,.F.);
#778=ORIENTED_EDGE('',*,*,#581,.T.);
#779=ORIENTED_EDGE('',*,*,#582,.T.);
#780=ORIENTED_EDGE('',*,*,#577,.T.);
#781=ORIENTED_EDGE('',*,*,#583,.F.);
#782=ORIENTED_EDGE('',*,*,#584,.T.);
#783=ORIENTED_EDGE('',*,*,#585,.T.);
#784=ORIENTED_EDGE('',*,*,#575,.T.);
#785=ORIENTED_EDGE('',*,*,#586,.F.);
#786=ORIENTED_EDGE('',*,*,#587,.T.);
#787=ORIENTED_EDGE('',*,*,#588,.T.);
#788=ORIENTED_EDGE('',*,*,#573,.T.);
#789=ORIENTED_EDGE('',*,*,#589,.F.);
#790=ORIENTED_EDGE('',*,*,#590,.T.);
#791=ORIENTED_EDGE('',*,*,#591,.T.);
#792=ORIENTED_EDGE('',*,*,#571,.T.);
#793=ORIENTED_EDGE('',*,*,#592,.F.);
#794=ORIENTED_EDGE('',*,*,#593,.T.);
#795=ORIENTED_EDGE('',*,*,#594,.T.);
#796=ORIENTED_EDGE('',*,*,#569,.T.);
#797=ORIENTED_EDGE('',*,*,#595,.F.);
#798=ORIENTED_EDGE('',*,*,#596,.T.);
#799=ORIENTED_EDGE('',*,*,#597,.T.);
#800=ORIENTED_EDGE('',*,*,#567,.T.);
#801=ORIENTED_EDGE('',*,*,#598,.F.);
#802=ORIENTED_EDGE('',*,*,#599,.T.);
#803=ORIENTED_EDGE('',*,*,#600,.T.);
#804=ORIENTED_EDGE('',*,*,#565,.T.);
#805=ORIENTED_EDGE('',*,*,#601,.F.);
#806=ORIENTED_EDGE('',*,*,#602,.T.);
#807=ORIENTED_EDGE('',*,*,#603,.T.);
#808=ORIENTED_EDGE('',*,*,#563,.T.);
#809=ORIENTED_EDGE('',*,*,#604,.F.);
#810=ORIENTED_EDGE('',*,*,#605,.T.);
#811=ORIENTED_EDGE('',*,*,#606,.T.);
#812=ORIENTED_EDGE('',*,*,#561,.T.);
#813=ORIENTED_EDGE('',*,*,#607,.T.);
#814=ORIENTED_EDGE('',*,*,#608,.T.);
#815=ORIENTED_EDGE('',*,*,#609,.T.);
#816=ORIENTED_EDGE('',*,*,#610,.T.);
#817=ORIENTED_EDGE('',*,*,#611,.T.);
#818=ORIENTED_EDGE('',*,*,#612,.F.);
#819=ORIENTED_EDGE('',*,*,#578,.T.);
#820=ORIENTED_EDGE('',*,*,#582,.F.);
#821=ORIENTED_EDGE('',*,*,#613,.T.);
#822=ORIENTED_EDGE('',*,*,#580,.T.);
#823=ORIENTED_EDGE('',*,*,#576,.T.);
#824=ORIENTED_EDGE('',*,*,#585,.F.);
#825=ORIENTED_EDGE('',*,*,#614,.T.);
#826=ORIENTED_EDGE('',*,*,#583,.T.);
#827=ORIENTED_EDGE('',*,*,#574,.T.);
#828=ORIENTED_EDGE('',*,*,#588,.F.);
#829=ORIENTED_EDGE('',*,*,#615,.T.);
#830=ORIENTED_EDGE('',*,*,#586,.T.);
#831=ORIENTED_EDGE('',*,*,#572,.T.);
#832=ORIENTED_EDGE('',*,*,#591,.F.);
#833=ORIENTED_EDGE('',*,*,#616,.T.);
#834=ORIENTED_EDGE('',*,*,#589,.T.);
#835=ORIENTED_EDGE('',*,*,#570,.T.);
#836=ORIENTED_EDGE('',*,*,#594,.F.);
#837=ORIENTED_EDGE('',*,*,#617,.T.);
#838=ORIENTED_EDGE('',*,*,#592,.T.);
#839=ORIENTED_EDGE('',*,*,#568,.T.);
#840=ORIENTED_EDGE('',*,*,#597,.F.);
#841=ORIENTED_EDGE('',*,*,#618,.T.);
#842=ORIENTED_EDGE('',*,*,#595,.T.);
#843=ORIENTED_EDGE('',*,*,#566,.T.);
#844=ORIENTED_EDGE('',*,*,#600,.F.);
#845=ORIENTED_EDGE('',*,*,#619,.T.);
#846=ORIENTED_EDGE('',*,*,#598,.T.);
#847=ORIENTED_EDGE('',*,*,#564,.T.);
#848=ORIENTED_EDGE('',*,*,#603,.F.);
#849=ORIENTED_EDGE('',*,*,#620,.T.);
#850=ORIENTED_EDGE('',*,*,#601,.T.);
#851=ORIENTED_EDGE('',*,*,#562,.T.);
#852=ORIENTED_EDGE('',*,*,#606,.F.);
#853=ORIENTED_EDGE('',*,*,#621,.T.);
#854=ORIENTED_EDGE('',*,*,#604,.T.);
#855=ORIENTED_EDGE('',*,*,#622,.F.);
#856=ORIENTED_EDGE('',*,*,#623,.T.);
#857=ORIENTED_EDGE('',*,*,#624,.F.);
#858=ORIENTED_EDGE('',*,*,#625,.F.);
#859=ORIENTED_EDGE('',*,*,#609,.F.);
#860=ORIENTED_EDGE('',*,*,#626,.F.);
#861=ORIENTED_EDGE('',*,*,#627,.F.);
#862=ORIENTED_EDGE('',*,*,#628,.F.);
#863=ORIENTED_EDGE('',*,*,#629,.T.);
#864=ORIENTED_EDGE('',*,*,#630,.F.);
#865=ORIENTED_EDGE('',*,*,#631,.F.);
#866=ORIENTED_EDGE('',*,*,#632,.F.);
#867=ORIENTED_EDGE('',*,*,#633,.F.);
#868=ORIENTED_EDGE('',*,*,#634,.F.);
#869=ORIENTED_EDGE('',*,*,#635,.F.);
#870=ORIENTED_EDGE('',*,*,#636,.F.);
#871=ORIENTED_EDGE('',*,*,#637,.T.);
#872=ORIENTED_EDGE('',*,*,#638,.T.);
#873=ORIENTED_EDGE('',*,*,#639,.F.);
#874=ORIENTED_EDGE('',*,*,#640,.F.);
#875=ORIENTED_EDGE('',*,*,#641,.F.);
#876=ORIENTED_EDGE('',*,*,#642,.T.);
#877=ORIENTED_EDGE('',*,*,#643,.T.);
#878=ORIENTED_EDGE('',*,*,#644,.F.);
#879=ORIENTED_EDGE('',*,*,#560,.T.);
#880=ORIENTED_EDGE('',*,*,#612,.T.);
#881=ORIENTED_EDGE('',*,*,#645,.T.);
#882=ORIENTED_EDGE('',*,*,#632,.T.);
#883=ORIENTED_EDGE('',*,*,#646,.T.);
#884=ORIENTED_EDGE('',*,*,#647,.T.);
#885=ORIENTED_EDGE('',*,*,#607,.F.);
#886=ORIENTED_EDGE('',*,*,#648,.F.);
#887=ORIENTED_EDGE('',*,*,#649,.T.);
#888=ORIENTED_EDGE('',*,*,#650,.T.);
#889=ORIENTED_EDGE('',*,*,#651,.T.);
#890=ORIENTED_EDGE('',*,*,#649,.F.);
#891=ORIENTED_EDGE('',*,*,#652,.F.);
#892=ORIENTED_EDGE('',*,*,#636,.T.);
#893=ORIENTED_EDGE('',*,*,#653,.T.);
#894=ORIENTED_EDGE('',*,*,#654,.F.);
#895=ORIENTED_EDGE('',*,*,#626,.T.);
#896=ORIENTED_EDGE('',*,*,#608,.F.);
#897=ORIENTED_EDGE('',*,*,#647,.F.);
#898=ORIENTED_EDGE('',*,*,#655,.T.);
#899=ORIENTED_EDGE('',*,*,#611,.F.);
#900=ORIENTED_EDGE('',*,*,#656,.T.);
#901=ORIENTED_EDGE('',*,*,#633,.T.);
#902=ORIENTED_EDGE('',*,*,#645,.F.);
#903=ORIENTED_EDGE('',*,*,#635,.T.);
#904=ORIENTED_EDGE('',*,*,#657,.T.);
#905=ORIENTED_EDGE('',*,*,#650,.F.);
#906=ORIENTED_EDGE('',*,*,#653,.F.);
#907=ORIENTED_EDGE('',*,*,#658,.F.);
#908=ORIENTED_EDGE('',*,*,#627,.T.);
#909=ORIENTED_EDGE('',*,*,#654,.T.);
#910=ORIENTED_EDGE('',*,*,#659,.T.);
#911=ORIENTED_EDGE('',*,*,#652,.T.);
#912=ORIENTED_EDGE('',*,*,#648,.T.);
#913=ORIENTED_EDGE('',*,*,#660,.T.);
#914=ORIENTED_EDGE('',*,*,#622,.T.);
#915=ORIENTED_EDGE('',*,*,#658,.T.);
#916=ORIENTED_EDGE('',*,*,#661,.T.);
#917=ORIENTED_EDGE('',*,*,#628,.T.);
#918=ORIENTED_EDGE('',*,*,#639,.T.);
#919=ORIENTED_EDGE('',*,*,#662,.T.);
#920=ORIENTED_EDGE('',*,*,#663,.T.);
#921=ORIENTED_EDGE('',*,*,#641,.T.);
#922=ORIENTED_EDGE('',*,*,#642,.F.);
#923=ORIENTED_EDGE('',*,*,#663,.F.);
#924=ORIENTED_EDGE('',*,*,#644,.T.);
#925=ORIENTED_EDGE('',*,*,#624,.T.);
#926=ORIENTED_EDGE('',*,*,#638,.F.);
#927=ORIENTED_EDGE('',*,*,#630,.T.);
#928=ORIENTED_EDGE('',*,*,#640,.T.);
#929=ORIENTED_EDGE('',*,*,#662,.F.);
#930=ORIENTED_EDGE('',*,*,#629,.F.);
#931=ORIENTED_EDGE('',*,*,#661,.F.);
#932=ORIENTED_EDGE('',*,*,#659,.F.);
#933=ORIENTED_EDGE('',*,*,#655,.F.);
#934=ORIENTED_EDGE('',*,*,#646,.F.);
#935=ORIENTED_EDGE('',*,*,#631,.T.);
#936=ORIENTED_EDGE('',*,*,#637,.F.);
#937=ORIENTED_EDGE('',*,*,#623,.F.);
#938=ORIENTED_EDGE('',*,*,#660,.F.);
#939=ORIENTED_EDGE('',*,*,#651,.F.);
#940=ORIENTED_EDGE('',*,*,#657,.F.);
#941=ORIENTED_EDGE('',*,*,#634,.T.);
#942=ORIENTED_EDGE('',*,*,#656,.F.);
#943=ORIENTED_EDGE('',*,*,#610,.F.);
#944=ORIENTED_EDGE('',*,*,#625,.T.);
#945=ORIENTED_EDGE('',*,*,#643,.F.);
#946=ORIENTED_EDGE('',*,*,#621,.F.);
#947=ORIENTED_EDGE('',*,*,#605,.F.);
#948=ORIENTED_EDGE('',*,*,#620,.F.);
#949=ORIENTED_EDGE('',*,*,#602,.F.);
#950=ORIENTED_EDGE('',*,*,#619,.F.);
#951=ORIENTED_EDGE('',*,*,#599,.F.);
#952=ORIENTED_EDGE('',*,*,#618,.F.);
#953=ORIENTED_EDGE('',*,*,#596,.F.);
#954=ORIENTED_EDGE('',*,*,#617,.F.);
#955=ORIENTED_EDGE('',*,*,#593,.F.);
#956=ORIENTED_EDGE('',*,*,#616,.F.);
#957=ORIENTED_EDGE('',*,*,#590,.F.);
#958=ORIENTED_EDGE('',*,*,#615,.F.);
#959=ORIENTED_EDGE('',*,*,#587,.F.);
#960=ORIENTED_EDGE('',*,*,#614,.F.);
#961=ORIENTED_EDGE('',*,*,#584,.F.);
#962=ORIENTED_EDGE('',*,*,#613,.F.);
#963=ORIENTED_EDGE('',*,*,#581,.F.);
#964=EDGE_LOOP('',(#664,#665,#666,#667));
#965=EDGE_LOOP('',(#668,#669,#670,#671));
#966=EDGE_LOOP('',(#672,#673));
#967=EDGE_LOOP('',(#674,#675));
#968=EDGE_LOOP('',(#676,#677,#678,#679));
#969=EDGE_LOOP('',(#680,#681,#682,#683));
#970=EDGE_LOOP('',(#684,#685));
#971=EDGE_LOOP('',(#686,#687));
#972=EDGE_LOOP('',(#688,#689,#690,#691));
#973=EDGE_LOOP('',(#692,#693,#694,#695));
#974=EDGE_LOOP('',(#696,#697,#698,#699));
#975=EDGE_LOOP('',(#700,#701,#702,#703));
#976=EDGE_LOOP('',(#704,#705,#706,#707));
#977=EDGE_LOOP('',(#708,#709));
#978=EDGE_LOOP('',(#710,#711));
#979=EDGE_LOOP('',(#712,#713,#714,#715));
#980=EDGE_LOOP('',(#716,#717,#718,#719));
#981=EDGE_LOOP('',(#720,#721,#722,#723));
#982=EDGE_LOOP('',(#724,#725,#726,#727));
#983=EDGE_LOOP('',(#728,#729,#730,#731));
#984=EDGE_LOOP('',(#732,#733,#734,#735));
#985=EDGE_LOOP('',(#736,#737));
#986=EDGE_LOOP('',(#738,#739));
#987=EDGE_LOOP('',(#740,#741,#742,#743));
#988=EDGE_LOOP('',(#744,#745,#746,#747));
#989=EDGE_LOOP('',(#748,#749,#750,#751));
#990=EDGE_LOOP('',(#752,#753));
#991=EDGE_LOOP('',(#754,#755));
#992=EDGE_LOOP('',(#756,#757));
#993=EDGE_LOOP('',(#758,#759));
#994=EDGE_LOOP('',(#760,#761));
#995=EDGE_LOOP('',(#762,#763));
#996=EDGE_LOOP('',(#764,#765));
#997=EDGE_LOOP('',(#766,#767));
#998=EDGE_LOOP('',(#768,#769));
#999=EDGE_LOOP('',(#770,#771));
#1000=EDGE_LOOP('',(#772,#773));
#1001=EDGE_LOOP('',(#774,#775));
#1002=EDGE_LOOP('',(#776,#777,#778,#779));
#1003=EDGE_LOOP('',(#780,#781,#782,#783));
#1004=EDGE_LOOP('',(#784,#785,#786,#787));
#1005=EDGE_LOOP('',(#788,#789,#790,#791));
#1006=EDGE_LOOP('',(#792,#793,#794,#795));
#1007=EDGE_LOOP('',(#796,#797,#798,#799));
#1008=EDGE_LOOP('',(#800,#801,#802,#803));
#1009=EDGE_LOOP('',(#804,#805,#806,#807));
#1010=EDGE_LOOP('',(#808,#809,#810,#811));
#1011=EDGE_LOOP('',(#812,#813,#814,#815,#816,#817,#818));
#1012=EDGE_LOOP('',(#819,#820,#821,#822));
#1013=EDGE_LOOP('',(#823,#824,#825,#826));
#1014=EDGE_LOOP('',(#827,#828,#829,#830));
#1015=EDGE_LOOP('',(#831,#832,#833,#834));
#1016=EDGE_LOOP('',(#835,#836,#837,#838));
#1017=EDGE_LOOP('',(#839,#840,#841,#842));
#1018=EDGE_LOOP('',(#843,#844,#845,#846));
#1019=EDGE_LOOP('',(#847,#848,#849,#850));
#1020=EDGE_LOOP('',(#851,#852,#853,#854));
#1021=EDGE_LOOP('',(#855,#856,#857,#858,#859,#860,#861));
#1022=EDGE_LOOP('',(#862,#863,#864,#865,#866,#867,#868,#869,#870));
#1023=EDGE_LOOP('',(#871,#872,#873,#874));
#1024=EDGE_LOOP('',(#875,#876,#877,#878));
#1025=EDGE_LOOP('',(#879,#880,#881,#882,#883,#884,#885));
#1026=EDGE_LOOP('',(#886,#887,#888,#889));
#1027=EDGE_LOOP('',(#890,#891,#892,#893));
#1028=EDGE_LOOP('',(#894,#895,#896,#897,#898));
#1029=EDGE_LOOP('',(#899,#900,#901,#902));
#1030=EDGE_LOOP('',(#903,#904,#905,#906));
#1031=EDGE_LOOP('',(#907,#908,#909,#910));
#1032=EDGE_LOOP('',(#911,#912,#913,#914,#915,#916,#917));
#1033=EDGE_LOOP('',(#918,#919));
#1034=EDGE_LOOP('',(#920,#921));
#1035=EDGE_LOOP('',(#922,#923,#924,#925));
#1036=EDGE_LOOP('',(#926,#927,#928,#929));
#1037=EDGE_LOOP('',(#930,#931,#932,#933,#934,#935,#936));
#1038=EDGE_LOOP('',(#937,#938,#939,#940,#941,#942,#943,#944,#945));
#1039=EDGE_LOOP('',(#946,#947));
#1040=EDGE_LOOP('',(#948,#949));
#1041=EDGE_LOOP('',(#950,#951));
#1042=EDGE_LOOP('',(#952,#953));
#1043=EDGE_LOOP('',(#954,#955));
#1044=EDGE_LOOP('',(#956,#957));
#1045=EDGE_LOOP('',(#958,#959));
#1046=EDGE_LOOP('',(#960,#961));
#1047=EDGE_LOOP('',(#962,#963));
#1048=FACE_BOUND('',#964,.T.);
#1049=FACE_BOUND('',#965,.T.);
#1050=FACE_BOUND('',#966,.T.);
#1051=FACE_BOUND('',#967,.T.);
#1052=FACE_BOUND('',#968,.T.);
#1053=FACE_BOUND('',#969,.T.);
#1054=FACE_BOUND('',#970,.T.);
#1055=FACE_BOUND('',#971,.T.);
#1056=FACE_BOUND('',#972,.T.);
#1057=FACE_BOUND('',#973,.T.);
#1058=FACE_BOUND('',#974,.T.);
#1059=FACE_BOUND('',#975,.T.);
#1060=FACE_BOUND('',#976,.T.);
#1061=FACE_BOUND('',#977,.T.);
#1062=FACE_BOUND('',#978,.T.);
#1063=FACE_BOUND('',#979,.T.);
#1064=FACE_BOUND('',#980,.T.);
#1065=FACE_BOUND('',#981,.T.);
#1066=FACE_BOUND('',#982,.T.);
#1067=FACE_BOUND('',#983,.T.);
#1068=FACE_BOUND('',#984,.T.);
#1069=FACE_BOUND('',#985,.T.);
#1070=FACE_BOUND('',#986,.T.);
#1071=FACE_BOUND('',#987,.T.);
#1072=FACE_BOUND('',#988,.T.);
#1073=FACE_BOUND('',#989,.T.);
#1074=FACE_BOUND('',#990,.T.);
#1075=FACE_BOUND('',#991,.T.);
#1076=FACE_BOUND('',#992,.T.);
#1077=FACE_BOUND('',#993,.T.);
#1078=FACE_BOUND('',#994,.T.);
#1079=FACE_BOUND('',#995,.T.);
#1080=FACE_BOUND('',#996,.T.);
#1081=FACE_BOUND('',#997,.T.);
#1082=FACE_BOUND('',#998,.T.);
#1083=FACE_BOUND('',#999,.T.);
#1084=FACE_BOUND('',#1000,.T.);
#1085=FACE_BOUND('',#1001,.T.);
#1086=FACE_BOUND('',#1002,.T.);
#1087=FACE_BOUND('',#1003,.T.);
#1088=FACE_BOUND('',#1004,.T.);
#1089=FACE_BOUND('',#1005,.T.);
#1090=FACE_BOUND('',#1006,.T.);
#1091=FACE_BOUND('',#1007,.T.);
#1092=FACE_BOUND('',#1008,.T.);
#1093=FACE_BOUND('',#1009,.T.);
#1094=FACE_BOUND('',#1010,.T.);
#1095=FACE_BOUND('',#1011,.T.);
#1096=FACE_BOUND('',#1012,.T.);
#1097=FACE_BOUND('',#1013,.T.);
#1098=FACE_BOUND('',#1014,.T.);
#1099=FACE_BOUND('',#1015,.T.);
#1100=FACE_BOUND('',#1016,.T.);
#1101=FACE_BOUND('',#1017,.T.);
#1102=FACE_BOUND('',#1018,.T.);
#1103=FACE_BOUND('',#1019,.T.);
#1104=FACE_BOUND('',#1020,.T.);
#1105=FACE_BOUND('',#1021,.T.);
#1106=FACE_BOUND('',#1022,.T.);
#1107=FACE_BOUND('',#1023,.T.);
#1108=FACE_BOUND('',#1024,.T.);
#1109=FACE_BOUND('',#1025,.T.);
#1110=FACE_BOUND('',#1026,.T.);
#1111=FACE_BOUND('',#1027,.T.);
#1112=FACE_BOUND('',#1028,.T.);
#1113=FACE_BOUND('',#1029,.T.);
#1114=FACE_BOUND('',#1030,.T.);
#1115=FACE_BOUND('',#1031,.T.);
#1116=FACE_BOUND('',#1032,.T.);
#1117=FACE_BOUND('',#1033,.T.);
#1118=FACE_BOUND('',#1034,.T.);
#1119=FACE_BOUND('',#1035,.T.);
#1120=FACE_BOUND('',#1036,.T.);
#1121=FACE_BOUND('',#1037,.T.);
#1122=FACE_BOUND('',#1038,.T.);
#1123=FACE_BOUND('',#1039,.T.);
#1124=FACE_BOUND('',#1040,.T.);
#1125=FACE_BOUND('',#1041,.T.);
#1126=FACE_BOUND('',#1042,.T.);
#1127=FACE_BOUND('',#1043,.T.);
#1128=FACE_BOUND('',#1044,.T.);
#1129=FACE_BOUND('',#1045,.T.);
#1130=FACE_BOUND('',#1046,.T.);
#1131=FACE_BOUND('',#1047,.T.);
#1132=ADVANCED_FACE('',(#1048),#1207,.T.);
#1133=ADVANCED_FACE('',(#1049),#1208,.T.);
#1134=ADVANCED_FACE('',(#1050),#220,.T.);
#1135=ADVANCED_FACE('',(#1051),#221,.F.);
#1136=ADVANCED_FACE('',(#1052),#1209,.T.);
#1137=ADVANCED_FACE('',(#1053),#1210,.T.);
#1138=ADVANCED_FACE('',(#1054),#222,.T.);
#1139=ADVANCED_FACE('',(#1055),#223,.F.);
#1140=ADVANCED_FACE('',(#1056),#55,.T.);
#1141=ADVANCED_FACE('',(#1057),#1211,.T.);
#1142=ADVANCED_FACE('',(#1058),#1212,.T.);
#1143=ADVANCED_FACE('',(#1059),#1213,.T.);
#1144=ADVANCED_FACE('',(#1060),#1214,.T.);
#1145=ADVANCED_FACE('',(#1061),#224,.F.);
#1146=ADVANCED_FACE('',(#1062),#225,.T.);
#1147=ADVANCED_FACE('',(#1063),#56,.T.);
#1148=ADVANCED_FACE('',(#1064),#57,.T.);
#1149=ADVANCED_FACE('',(#1065),#1215,.T.);
#1150=ADVANCED_FACE('',(#1066),#1216,.T.);
#1151=ADVANCED_FACE('',(#1067),#1217,.T.);
#1152=ADVANCED_FACE('',(#1068),#1218,.T.);
#1153=ADVANCED_FACE('',(#1069),#226,.T.);
#1154=ADVANCED_FACE('',(#1070),#227,.F.);
#1155=ADVANCED_FACE('',(#1071),#58,.T.);
#1156=ADVANCED_FACE('',(#1072),#1219,.T.);
#1157=ADVANCED_FACE('',(#1073),#1220,.T.);
#1158=ADVANCED_FACE('',(#1074),#228,.T.);
#1159=ADVANCED_FACE('',(#1075),#229,.F.);
#1160=ADVANCED_FACE('',(#1076,#1077,#1078,#1079,#1080,#1081,#1082,#1083,
#1084,#1085),#230,.T.);
#1161=ADVANCED_FACE('',(#1086),#1221,.F.);
#1162=ADVANCED_FACE('',(#1087),#1222,.F.);
#1163=ADVANCED_FACE('',(#1088),#1223,.F.);
#1164=ADVANCED_FACE('',(#1089),#1224,.F.);
#1165=ADVANCED_FACE('',(#1090),#1225,.F.);
#1166=ADVANCED_FACE('',(#1091),#1226,.F.);
#1167=ADVANCED_FACE('',(#1092),#1227,.F.);
#1168=ADVANCED_FACE('',(#1093),#1228,.F.);
#1169=ADVANCED_FACE('',(#1094),#1229,.F.);
#1170=ADVANCED_FACE('',(#1095),#1230,.T.);
#1171=ADVANCED_FACE('',(#1096),#1231,.F.);
#1172=ADVANCED_FACE('',(#1097),#1232,.F.);
#1173=ADVANCED_FACE('',(#1098),#1233,.F.);
#1174=ADVANCED_FACE('',(#1099),#1234,.F.);
#1175=ADVANCED_FACE('',(#1100),#1235,.F.);
#1176=ADVANCED_FACE('',(#1101),#1236,.F.);
#1177=ADVANCED_FACE('',(#1102),#1237,.F.);
#1178=ADVANCED_FACE('',(#1103),#1238,.F.);
#1179=ADVANCED_FACE('',(#1104),#1239,.F.);
#1180=ADVANCED_FACE('',(#1105),#34,.F.);
#1181=ADVANCED_FACE('',(#1106),#35,.F.);
#1182=ADVANCED_FACE('',(#1107),#36,.T.);
#1183=ADVANCED_FACE('',(#1108),#37,.T.);
#1184=ADVANCED_FACE('',(#1109),#1240,.T.);
#1185=ADVANCED_FACE('',(#1110),#1241,.T.);
#1186=ADVANCED_FACE('',(#1111),#1242,.T.);
#1187=ADVANCED_FACE('',(#1112),#231,.F.);
#1188=ADVANCED_FACE('',(#1113),#232,.F.);
#1189=ADVANCED_FACE('',(#1114),#233,.F.);
#1190=ADVANCED_FACE('',(#1115),#1243,.T.);
#1191=ADVANCED_FACE('',(#1116),#234,.T.);
#1192=ADVANCED_FACE('',(#1117),#235,.T.);
#1193=ADVANCED_FACE('',(#1118),#236,.F.);
#1194=ADVANCED_FACE('',(#1119),#38,.T.);
#1195=ADVANCED_FACE('',(#1120),#39,.T.);
#1196=ADVANCED_FACE('',(#1121),#40,.F.);
#1197=ADVANCED_FACE('',(#1122),#41,.F.);
#1198=ADVANCED_FACE('',(#1123),#237,.F.);
#1199=ADVANCED_FACE('',(#1124),#238,.F.);
#1200=ADVANCED_FACE('',(#1125),#239,.F.);
#1201=ADVANCED_FACE('',(#1126),#240,.F.);
#1202=ADVANCED_FACE('',(#1127),#241,.F.);
#1203=ADVANCED_FACE('',(#1128),#242,.F.);
#1204=ADVANCED_FACE('',(#1129),#243,.F.);
#1205=ADVANCED_FACE('',(#1130),#244,.F.);
#1206=ADVANCED_FACE('',(#1131),#245,.F.);
#1207=CYLINDRICAL_SURFACE('',#2744,0.125);
#1208=CYLINDRICAL_SURFACE('',#2747,0.125);
#1209=CYLINDRICAL_SURFACE('',#2753,0.125);
#1210=CYLINDRICAL_SURFACE('',#2756,0.125);
#1211=CYLINDRICAL_SURFACE('',#2764,0.225);
#1212=CYLINDRICAL_SURFACE('',#2766,0.225);
#1213=CYLINDRICAL_SURFACE('',#2768,0.225);
#1214=CYLINDRICAL_SURFACE('',#2771,0.225);
#1215=CYLINDRICAL_SURFACE('',#2779,0.225);
#1216=CYLINDRICAL_SURFACE('',#2782,0.225);
#1217=CYLINDRICAL_SURFACE('',#2785,0.225);
#1218=CYLINDRICAL_SURFACE('',#2787,0.225);
#1219=CYLINDRICAL_SURFACE('',#2792,5.75);
#1220=CYLINDRICAL_SURFACE('',#2795,5.75);
#1221=CYLINDRICAL_SURFACE('',#2822,0.999999999999999);
#1222=CYLINDRICAL_SURFACE('',#2824,1.);
#1223=CYLINDRICAL_SURFACE('',#2826,1.);
#1224=CYLINDRICAL_SURFACE('',#2828,1.);
#1225=CYLINDRICAL_SURFACE('',#2830,1.);
#1226=CYLINDRICAL_SURFACE('',#2832,1.75);
#1227=CYLINDRICAL_SURFACE('',#2834,1.);
#1228=CYLINDRICAL_SURFACE('',#2836,1.);
#1229=CYLINDRICAL_SURFACE('',#2838,1.);
#1230=CYLINDRICAL_SURFACE('',#2840,8.);
#1231=CYLINDRICAL_SURFACE('',#2843,0.999999999999999);
#1232=CYLINDRICAL_SURFACE('',#2845,1.);
#1233=CYLINDRICAL_SURFACE('',#2847,1.);
#1234=CYLINDRICAL_SURFACE('',#2849,1.);
#1235=CYLINDRICAL_SURFACE('',#2851,1.);
#1236=CYLINDRICAL_SURFACE('',#2853,1.75);
#1237=CYLINDRICAL_SURFACE('',#2855,1.);
#1238=CYLINDRICAL_SURFACE('',#2857,1.);
#1239=CYLINDRICAL_SURFACE('',#2859,1.);
#1240=CYLINDRICAL_SURFACE('',#2884,8.);
#1241=CYLINDRICAL_SURFACE('',#2887,6.25);
#1242=CYLINDRICAL_SURFACE('',#2890,6.25);
#1243=CYLINDRICAL_SURFACE('',#2900,6.25);
#1244=CLOSED_SHELL('',(#1132,#1133,#1134,#1135));
#1245=CLOSED_SHELL('',(#1136,#1137,#1138,#1139));
#1246=CLOSED_SHELL('',(#1140,#1141,#1142,#1143,#1144,#1145,#1146,#1147));
#1247=CLOSED_SHELL('',(#1148,#1149,#1150,#1151,#1152,#1153,#1154,#1155));
#1248=CLOSED_SHELL('',(#1156,#1157,#1158,#1159));
#1249=CLOSED_SHELL('',(#1160,#1161,#1162,#1163,#1164,#1165,#1166,#1167,#1168,
#1169,#1170,#1171,#1172,#1173,#1174,#1175,#1176,#1177,#1178,#1179,#1180,
#1181,#1182,#1183,#1184,#1185,#1186,#1187,#1188,#1189,#1190,#1191,#1192,
#1193,#1194,#1195,#1196,#1197,#1198,#1199,#1200,#1201,#1202,#1203,#1204,
#1205,#1206));
#1250=MANIFOLD_SOLID_BREP('',#1244);
#1251=MANIFOLD_SOLID_BREP('',#1245);
#1252=MANIFOLD_SOLID_BREP('',#1246);
#1253=MANIFOLD_SOLID_BREP('',#1247);
#1254=MANIFOLD_SOLID_BREP('',#1248);
#1255=MANIFOLD_SOLID_BREP('',#1249);
#1256=DIRECTION('',(1.,0.,0.));
#1257=DIRECTION('',(0.,0.,1.));
#1258=DIRECTION('',(0.,0.,-1.));
#1259=DIRECTION('',(-0.125,0.,0.));
#1260=DIRECTION('',(0.,0.,1.));
#1261=DIRECTION('',(0.125,0.,0.));
#1262=DIRECTION('',(0.,0.,-1.));
#1263=DIRECTION('',(0.,0.,1.));
#1264=DIRECTION('',(0.125,0.,0.));
#1265=DIRECTION('',(0.,0.,-1.));
#1266=DIRECTION('',(0.,0.,-1.));
#1267=DIRECTION('',(-0.125,0.,0.));
#1268=DIRECTION('',(0.,0.,1.));
#1269=DIRECTION('',(0.125,0.,0.));
#1270=DIRECTION('',(0.,0.,1.));
#1271=DIRECTION('',(0.125,0.,0.));
#1272=DIRECTION('',(0.,0.,1.));
#1273=DIRECTION('',(0.,0.,1.));
#1274=DIRECTION('',(1.,0.,0.));
#1275=DIRECTION('',(0.,0.,1.));
#1276=DIRECTION('',(0.,0.,-1.));
#1277=DIRECTION('',(-0.125,0.,0.));
#1278=DIRECTION('',(0.,0.,1.));
#1279=DIRECTION('',(0.125,0.,0.));
#1280=DIRECTION('',(0.,0.,-1.));
#1281=DIRECTION('',(0.,0.,1.));
#1282=DIRECTION('',(0.125,0.,0.));
#1283=DIRECTION('',(0.,0.,-1.));
#1284=DIRECTION('',(0.,0.,-1.));
#1285=DIRECTION('',(-0.125,0.,0.));
#1286=DIRECTION('',(0.,0.,1.));
#1287=DIRECTION('',(0.125,0.,0.));
#1288=DIRECTION('',(0.,0.,1.));
#1289=DIRECTION('',(0.125,0.,0.));
#1290=DIRECTION('',(0.,0.,1.));
#1291=DIRECTION('',(0.,0.,1.));
#1292=DIRECTION('',(1.,0.,0.));
#1293=DIRECTION('',(0.,0.,1.));
#1294=DIRECTION('',(0.,0.,1.));
#1295=DIRECTION('',(0.225,0.,0.));
#1296=DIRECTION('',(0.,0.,1.));
#1297=DIRECTION('',(0.225,0.,0.));
#1298=DIRECTION('',(-1.0842021724855E-016,0.,-1.));
#1299=DIRECTION('',(-0.225,0.,2.43945488809239E-017));
#1300=DIRECTION('',(-1.0842021724855E-016,0.,-1.));
#1301=DIRECTION('',(0.,0.,1.));
#1302=DIRECTION('',(0.225,0.,0.));
#1303=DIRECTION('',(-1.0842021724855E-016,0.,-1.));
#1304=DIRECTION('',(3.25260651745653E-016,0.,1.));
#1305=DIRECTION('',(0.225,0.,-7.3183646642772E-017));
#1306=DIRECTION('',(3.25260651745653E-016,0.,1.));
#1307=DIRECTION('',(0.,0.,1.));
#1308=DIRECTION('',(0.225,0.,0.));
#1309=DIRECTION('',(3.25260651745653E-016,0.,1.));
#1310=DIRECTION('',(3.25260651745653E-016,0.,1.));
#1311=DIRECTION('',(0.225,0.,-7.3183646642772E-017));
#1312=DIRECTION('',(0.,0.,1.));
#1313=DIRECTION('',(0.225,0.,0.));
#1314=DIRECTION('',(0.,0.,1.));
#1315=DIRECTION('',(0.225,0.,0.));
#1316=DIRECTION('',(-1.0842021724855E-016,0.,-1.));
#1317=DIRECTION('',(-0.225,0.,2.43945488809239E-017));
#1318=DIRECTION('',(0.,0.,1.));
#1319=DIRECTION('',(0.225,0.,0.));
#1320=DIRECTION('',(0.,0.,1.));
#1321=DIRECTION('',(0.225,0.,0.));
#1322=DIRECTION('',(0.,0.,1.));
#1323=DIRECTION('',(0.,0.,1.));
#1324=DIRECTION('',(1.,0.,0.));
#1325=DIRECTION('',(0.,0.,1.));
#1326=DIRECTION('',(0.,0.,1.));
#1327=DIRECTION('',(-0.225,0.,0.));
#1328=DIRECTION('',(0.,0.,1.));
#1329=DIRECTION('',(-0.225,0.,0.));
#1330=DIRECTION('',(-1.0842021724855E-016,0.,-1.));
#1331=DIRECTION('',(-0.225,0.,2.43945488809239E-017));
#1332=DIRECTION('',(0.,0.,1.));
#1333=DIRECTION('',(-0.225,0.,0.));
#1334=DIRECTION('',(-1.0842021724855E-016,0.,-1.));
#1335=DIRECTION('',(0.,0.,1.));
#1336=DIRECTION('',(-0.225,0.,0.));
#1337=DIRECTION('',(-1.0842021724855E-016,0.,-1.));
#1338=DIRECTION('',(3.25260651745653E-016,0.,1.));
#1339=DIRECTION('',(0.225,0.,-7.3183646642772E-017));
#1340=DIRECTION('',(0.,0.,1.));
#1341=DIRECTION('',(-0.225,0.,0.));
#1342=DIRECTION('',(3.25260651745653E-016,0.,1.));
#1343=DIRECTION('',(0.,0.,1.));
#1344=DIRECTION('',(-0.225,0.,0.));
#1345=DIRECTION('',(3.25260651745653E-016,0.,1.));
#1346=DIRECTION('',(3.25260651745653E-016,0.,1.));
#1347=DIRECTION('',(0.225,0.,-7.3183646642772E-017));
#1348=DIRECTION('',(0.,0.,1.));
#1349=DIRECTION('',(-0.225,0.,0.));
#1350=DIRECTION('',(-1.0842021724855E-016,0.,-1.));
#1351=DIRECTION('',(-0.225,0.,2.43945488809239E-017));
#1352=DIRECTION('',(0.,0.,1.));
#1353=DIRECTION('',(-0.225,0.,0.));
#1354=DIRECTION('',(0.,0.,-1.));
#1355=DIRECTION('',(0.,0.,-1.));
#1356=DIRECTION('',(1.,0.,0.));
#1357=DIRECTION('',(0.,0.,1.));
#1358=DIRECTION('',(0.,1.,0.));
#1359=DIRECTION('',(0.,0.,5.75));
#1360=DIRECTION('',(0.,-1.,0.));
#1361=DIRECTION('',(0.,0.,-5.75));
#1362=DIRECTION('',(0.,1.,0.));
#1363=DIRECTION('',(0.,-1.,0.));
#1364=DIRECTION('',(0.,0.,-5.75));
#1365=DIRECTION('',(0.,1.,0.));
#1366=DIRECTION('',(0.,1.,0.));
#1367=DIRECTION('',(0.,0.,5.75));
#1368=DIRECTION('',(0.,-1.,0.));
#1369=DIRECTION('',(0.,0.,-5.75));
#1370=DIRECTION('',(0.,-1.,0.));
#1371=DIRECTION('',(0.,0.,-5.75));
#1372=DIRECTION('',(0.,-1.,0.));
#1373=DIRECTION('',(0.,-1.,0.));
#1374=DIRECTION('',(1.,0.,0.));
#1375=DIRECTION('',(0.,0.,1.));
#1376=DIRECTION('',(0.,1.,0.));
#1377=DIRECTION('',(0.,-1.,0.));
#1378=DIRECTION('',(0.,0.,-8.));
#1379=DIRECTION('',(0.,-1.,0.));
#1380=DIRECTION('',(0.,0.,-8.));
#1381=DIRECTION('',(0.,1.,0.));
#1382=DIRECTION('',(0.,0.,1.));
#1383=DIRECTION('',(0.,1.,0.));
#1384=DIRECTION('',(0.,0.,1.));
#1385=DIRECTION('',(0.,1.,0.));
#1386=DIRECTION('',(0.,0.,1.));
#1387=DIRECTION('',(0.,1.,0.));
#1388=DIRECTION('',(0.,0.,1.));
#1389=DIRECTION('',(0.,1.,0.));
#1390=DIRECTION('',(0.,0.,1.));
#1391=DIRECTION('',(0.,1.,0.));
#1392=DIRECTION('',(0.,0.,1.));
#1393=DIRECTION('',(0.,1.,0.));
#1394=DIRECTION('',(0.,0.,1.75));
#1395=DIRECTION('',(0.,1.,0.));
#1396=DIRECTION('',(0.,0.,1.75));
#1397=DIRECTION('',(0.,1.,0.));
#1398=DIRECTION('',(0.,0.,1.));
#1399=DIRECTION('',(0.,1.,0.));
#1400=DIRECTION('',(0.,0.,1.));
#1401=DIRECTION('',(0.,1.,0.));
#1402=DIRECTION('',(0.,0.,1.));
#1403=DIRECTION('',(0.,1.,0.));
#1404=DIRECTION('',(0.,0.,1.));
#1405=DIRECTION('',(0.,1.,0.));
#1406=DIRECTION('',(0.,0.,1.));
#1407=DIRECTION('',(0.,1.,0.));
#1408=DIRECTION('',(0.,0.,1.));
#1409=DIRECTION('',(0.,1.,0.));
#1410=DIRECTION('',(0.,0.,1.));
#1411=DIRECTION('',(0.,1.,0.));
#1412=DIRECTION('',(0.,0.,1.));
#1413=DIRECTION('',(0.,1.,0.));
#1414=DIRECTION('',(0.,0.,0.999999999999999));
#1415=DIRECTION('',(0.,1.,0.));
#1416=DIRECTION('',(0.,0.,0.999999999999999));
#1417=DIRECTION('',(0.,1.,0.));
#1418=DIRECTION('',(0.,0.,0.999999999999999));
#1419=DIRECTION('',(0.,1.,0.));
#1420=DIRECTION('',(0.,-1.,0.));
#1421=DIRECTION('',(0.,0.,-0.999999999999999));
#1422=DIRECTION('',(0.,1.,0.));
#1423=DIRECTION('',(0.,1.,0.));
#1424=DIRECTION('',(0.,0.,1.));
#1425=DIRECTION('',(0.,1.,0.));
#1426=DIRECTION('',(0.,-1.,0.));
#1427=DIRECTION('',(0.,0.,-1.));
#1428=DIRECTION('',(0.,1.,0.));
#1429=DIRECTION('',(0.,1.,0.));
#1430=DIRECTION('',(0.,0.,1.));
#1431=DIRECTION('',(0.,1.,0.));
#1432=DIRECTION('',(0.,-1.,0.));
#1433=DIRECTION('',(0.,0.,-1.));
#1434=DIRECTION('',(0.,1.,0.));
#1435=DIRECTION('',(0.,1.,0.));
#1436=DIRECTION('',(0.,0.,1.));
#1437=DIRECTION('',(0.,1.,0.));
#1438=DIRECTION('',(0.,-1.,0.));
#1439=DIRECTION('',(0.,0.,-1.));
#1440=DIRECTION('',(0.,1.,0.));
#1441=DIRECTION('',(0.,1.,0.));
#1442=DIRECTION('',(0.,0.,1.));
#1443=DIRECTION('',(0.,1.,0.));
#1444=DIRECTION('',(0.,-1.,0.));
#1445=DIRECTION('',(0.,0.,-1.));
#1446=DIRECTION('',(0.,1.,0.));
#1447=DIRECTION('',(0.,1.,0.));
#1448=DIRECTION('',(0.,0.,1.75));
#1449=DIRECTION('',(0.,1.,0.));
#1450=DIRECTION('',(0.,-1.,0.));
#1451=DIRECTION('',(0.,0.,-1.75));
#1452=DIRECTION('',(0.,1.,0.));
#1453=DIRECTION('',(0.,1.,0.));
#1454=DIRECTION('',(0.,0.,1.));
#1455=DIRECTION('',(0.,1.,0.));
#1456=DIRECTION('',(0.,-1.,0.));
#1457=DIRECTION('',(0.,0.,-1.));
#1458=DIRECTION('',(0.,1.,0.));
#1459=DIRECTION('',(0.,1.,0.));
#1460=DIRECTION('',(0.,0.,1.));
#1461=DIRECTION('',(0.,1.,0.));
#1462=DIRECTION('',(0.,-1.,0.));
#1463=DIRECTION('',(0.,0.,-1.));
#1464=DIRECTION('',(0.,1.,0.));
#1465=DIRECTION('',(0.,1.,0.));
#1466=DIRECTION('',(0.,0.,1.));
#1467=DIRECTION('',(0.,1.,0.));
#1468=DIRECTION('',(0.,-1.,0.));
#1469=DIRECTION('',(0.,0.,-1.));
#1470=DIRECTION('',(0.,1.,0.));
#1471=DIRECTION('',(0.,-1.,0.));
#1472=DIRECTION('',(0.,0.,-8.));
#1473=DIRECTION('',(0.,-1.,0.));
#1474=DIRECTION('',(0.,1.,0.));
#1475=DIRECTION('',(0.,0.,8.));
#1476=DIRECTION('',(0.,1.,0.));
#1477=DIRECTION('',(0.,0.,8.));
#1478=DIRECTION('',(0.,-1.,0.));
#1479=DIRECTION('',(0.,1.,0.));
#1480=DIRECTION('',(0.,0.,0.999999999999999));
#1481=DIRECTION('',(0.,-1.,0.));
#1482=DIRECTION('',(0.,0.,-0.999999999999999));
#1483=DIRECTION('',(0.,1.,0.));
#1484=DIRECTION('',(0.,0.,1.));
#1485=DIRECTION('',(0.,-1.,0.));
#1486=DIRECTION('',(0.,0.,-1.));
#1487=DIRECTION('',(0.,1.,0.));
#1488=DIRECTION('',(0.,0.,1.));
#1489=DIRECTION('',(0.,-1.,0.));
#1490=DIRECTION('',(0.,0.,-1.));
#1491=DIRECTION('',(0.,1.,0.));
#1492=DIRECTION('',(0.,0.,1.));
#1493=DIRECTION('',(0.,-1.,0.));
#1494=DIRECTION('',(0.,0.,-1.));
#1495=DIRECTION('',(0.,1.,0.));
#1496=DIRECTION('',(0.,0.,1.));
#1497=DIRECTION('',(0.,-1.,0.));
#1498=DIRECTION('',(0.,0.,-1.));
#1499=DIRECTION('',(0.,1.,0.));
#1500=DIRECTION('',(0.,0.,1.75));
#1501=DIRECTION('',(0.,-1.,0.));
#1502=DIRECTION('',(0.,0.,-1.75));
#1503=DIRECTION('',(0.,1.,0.));
#1504=DIRECTION('',(0.,0.,1.));
#1505=DIRECTION('',(0.,-1.,0.));
#1506=DIRECTION('',(0.,0.,-1.));
#1507=DIRECTION('',(0.,1.,0.));
#1508=DIRECTION('',(0.,0.,1.));
#1509=DIRECTION('',(0.,-1.,0.));
#1510=DIRECTION('',(0.,0.,-1.));
#1511=DIRECTION('',(0.,1.,0.));
#1512=DIRECTION('',(0.,0.,1.));
#1513=DIRECTION('',(0.,-1.,0.));
#1514=DIRECTION('',(0.,0.,-1.));
#1515=DIRECTION('',(0.,1.,0.));
#1516=DIRECTION('',(0.,1.,0.));
#1517=DIRECTION('',(0.,0.,0.869374728496909));
#1518=DIRECTION('',(1.,0.,1.22464679914735E-016));
#1519=DIRECTION('',(6.12323399573676E-017,0.,-0.5));
#1520=DIRECTION('',(0.,-1.,0.));
#1521=DIRECTION('',(0.,0.,0.71976552318634));
#1522=DIRECTION('',(-1.,0.,0.));
#1523=DIRECTION('',(0.,0.,0.5));
#1524=DIRECTION('',(0.,1.,0.));
#1525=DIRECTION('',(0.,0.,1.16937472849691));
#1526=DIRECTION('',(0.,1.,0.));
#1527=DIRECTION('',(0.,1.,0.));
#1528=DIRECTION('',(0.,0.,0.869374728496909));
#1529=DIRECTION('',(1.,0.,1.22464679914735E-016));
#1530=DIRECTION('',(6.12323399573676E-017,0.,-0.5));
#1531=DIRECTION('',(0.,-1.,0.));
#1532=DIRECTION('',(0.,0.,0.71976552318634));
#1533=DIRECTION('',(-1.,0.,0.));
#1534=DIRECTION('',(0.,0.,0.5));
#1535=DIRECTION('',(0.,1.,0.));
#1536=DIRECTION('',(0.,0.,1.16937472849691));
#1537=DIRECTION('',(0.,1.,0.));
#1538=DIRECTION('',(0.,0.,1.16937472849691));
#1539=DIRECTION('',(0.,-1.,0.));
#1540=DIRECTION('',(0.,-1.,0.));
#1541=DIRECTION('',(0.,0.,0.71976552318634));
#1542=DIRECTION('',(1.,0.,-1.22464679914735E-016));
#1543=DIRECTION('',(-3.67394039744206E-017,0.,-0.3));
#1544=DIRECTION('',(0.,-1.,0.));
#1545=DIRECTION('',(0.,0.,-0.45));
#1546=DIRECTION('',(-1.,0.,0.));
#1547=DIRECTION('',(0.,0.,0.3));
#1548=DIRECTION('',(0.,1.,0.));
#1549=DIRECTION('',(0.,-1.,0.));
#1550=DIRECTION('',(0.,0.,0.45));
#1551=DIRECTION('',(1.,0.,1.22464679914735E-016));
#1552=DIRECTION('',(3.67394039744206E-017,0.,-0.3));
#1553=DIRECTION('',(0.,-1.,0.));
#1554=DIRECTION('',(0.,0.,0.71976552318634));
#1555=DIRECTION('',(-1.,0.,0.));
#1556=DIRECTION('',(0.,0.,0.3));
#1557=DIRECTION('',(0.,-1.,0.));
#1558=DIRECTION('',(0.,0.,-8.));
#1559=DIRECTION('',(0.,1.,0.));
#1560=DIRECTION('',(0.,0.,8.));
#1561=DIRECTION('',(0.,1.,0.));
#1562=DIRECTION('',(0.,0.,8.));
#1563=DIRECTION('',(0.,1.,0.));
#1564=DIRECTION('',(0.,0.,6.25));
#1565=DIRECTION('',(0.,-1.,0.));
#1566=DIRECTION('',(0.,0.,-6.25));
#1567=DIRECTION('',(0.,1.,0.));
#1568=DIRECTION('',(0.,-1.,0.));
#1569=DIRECTION('',(0.,0.,6.25));
#1570=DIRECTION('',(0.,1.,0.));
#1571=DIRECTION('',(0.,0.,6.25));
#1572=DIRECTION('',(0.,-1.,0.));
#1573=DIRECTION('',(0.,0.,-6.25));
#1574=DIRECTION('',(0.,-1.,0.));
#1575=DIRECTION('',(-7.93809462606987E-013,0.,6.25));
#1576=DIRECTION('',(0.,1.,0.));
#1577=DIRECTION('',(0.,-1.,0.));
#1578=DIRECTION('',(0.,0.,6.25));
#1579=DIRECTION('',(0.,1.,0.));
#1580=DIRECTION('',(0.,0.,1.16937472849691));
#1581=DIRECTION('',(0.,1.,0.));
#1582=DIRECTION('',(0.,1.,0.));
#1583=DIRECTION('',(0.,0.,1.16937472849691));
#1584=DIRECTION('',(0.,1.,0.));
#1585=DIRECTION('',(0.,1.,0.));
#1586=DIRECTION('',(0.,0.,1.16937472849691));
#1587=DIRECTION('',(0.,1.,0.));
#1588=DIRECTION('',(0.,0.,6.25));
#1589=DIRECTION('',(0.,-1.,0.));
#1590=DIRECTION('',(0.,0.,-6.25));
#1591=DIRECTION('',(0.,-1.,0.));
#1592=DIRECTION('',(0.,1.,0.));
#1593=DIRECTION('',(0.,0.,0.869374728496909));
#1594=DIRECTION('',(0.,1.,0.));
#1595=DIRECTION('',(0.,0.,0.869374728496909));
#1596=DIRECTION('',(0.,-1.,0.));
#1597=DIRECTION('',(0.,-1.,0.));
#1598=DIRECTION('',(0.,0.,-0.45));
#1599=DIRECTION('',(0.,1.,0.));
#1600=DIRECTION('',(0.,-1.,0.));
#1601=DIRECTION('',(0.,0.,0.45));
#1602=DIRECTION('',(0.,1.,0.));
#1603=DIRECTION('',(0.,-1.,0.));
#1604=DIRECTION('',(0.,1.,0.));
#1605=DIRECTION('',(0.,1.,0.));
#1606=DIRECTION('',(0.,-1.,0.));
#1607=DIRECTION('',(0.,-1.,0.));
#1608=DIRECTION('',(0.,-1.,0.));
#1609=DIRECTION('',(0.,-1.,0.));
#1610=DIRECTION('',(0.,-1.,0.));
#1611=DIRECTION('',(0.,-1.,0.));
#1612=DIRECTION('',(0.,-1.,0.));
#1613=DIRECTION('',(0.,-1.,0.));
#1614=DIRECTION('',(0.,-1.,0.));
#1615=DIRECTION('DIRECTION2',(0.,0.,1.));
#1616=DIRECTION('DIRECTION3',(1.,0.,0.));
#1617=DIRECTION('DIRECTION6',(0.,0.,1.));
#1618=DIRECTION('DIRECTION7',(1.,0.,0.));
#1619=DIRECTION('DIRECTION12',(0.,0.,1.));
#1620=DIRECTION('DIRECTION13',(1.,0.,0.));
#1621=DIRECTION('DIRECTION16',(0.,0.,1.));
#1622=DIRECTION('DIRECTION17',(1.,0.,0.));
#1623=DIRECTION('DIRECTION22',(0.,0.,1.));
#1624=DIRECTION('DIRECTION23',(1.,0.,0.));
#1625=DIRECTION('DIRECTION26',(0.,0.,1.));
#1626=DIRECTION('DIRECTION27',(1.,0.,0.));
#1627=DIRECTION('DIRECTION32',(0.,0.,1.));
#1628=DIRECTION('DIRECTION33',(1.,0.,0.));
#1629=DIRECTION('DIRECTION36',(0.,0.,1.));
#1630=DIRECTION('DIRECTION37',(1.,0.,0.));
#1631=DIRECTION('DIRECTION42',(0.,0.,1.));
#1632=DIRECTION('DIRECTION43',(1.,0.,0.));
#1633=DIRECTION('DIRECTION46',(0.,0.,1.));
#1634=DIRECTION('DIRECTION47',(1.,0.,0.));
#1635=DIRECTION('DIRECTION52',(0.,0.,1.));
#1636=DIRECTION('DIRECTION53',(1.,0.,0.));
#1637=DIRECTION('DIRECTION56',(0.,0.,1.));
#1638=DIRECTION('DIRECTION57',(1.,0.,0.));
#1639=CARTESIAN_POINT('',(0.,0.,0.));
#1640=CARTESIAN_POINT('',(1.00000000000001,-0.2,27.));
#1641=CARTESIAN_POINT('',(1.00000000000001,-0.2,27.));
#1642=CARTESIAN_POINT('',(1.12500000000001,-0.2,27.));
#1643=CARTESIAN_POINT('',(0.875000000000006,-0.2,27.));
#1644=CARTESIAN_POINT('',(1.12500000000001,-0.2,27.));
#1645=CARTESIAN_POINT('',(1.12500000000001,-0.2,25.5));
#1646=CARTESIAN_POINT('',(1.00000000000001,-0.2,25.5));
#1647=CARTESIAN_POINT('',(0.875000000000006,-0.2,25.5));
#1648=CARTESIAN_POINT('',(0.875000000000006,-0.2,27.));
#1649=CARTESIAN_POINT('',(1.00000000000001,-0.2,27.));
#1650=CARTESIAN_POINT('',(1.00000000000001,-0.2,27.));
#1651=CARTESIAN_POINT('',(1.00000000000001,-0.2,25.5));
#1652=CARTESIAN_POINT('',(1.00000000000001,-0.2,27.));
#1653=CARTESIAN_POINT('',(1.00000000000001,-0.2,25.5));
#1654=CARTESIAN_POINT('',(0.,0.,0.));
#1655=CARTESIAN_POINT('',(-0.999999999999994,-0.2,27.));
#1656=CARTESIAN_POINT('',(-0.999999999999994,-0.2,27.));
#1657=CARTESIAN_POINT('',(-0.874999999999994,-0.2,27.));
#1658=CARTESIAN_POINT('',(-1.12499999999999,-0.2,27.));
#1659=CARTESIAN_POINT('',(-0.874999999999994,-0.2,27.));
#1660=CARTESIAN_POINT('',(-0.874999999999994,-0.2,25.5));
#1661=CARTESIAN_POINT('',(-0.999999999999994,-0.2,25.5));
#1662=CARTESIAN_POINT('',(-1.12499999999999,-0.2,25.5));
#1663=CARTESIAN_POINT('',(-1.12499999999999,-0.2,27.));
#1664=CARTESIAN_POINT('',(-0.999999999999994,-0.2,27.));
#1665=CARTESIAN_POINT('',(-0.999999999999994,-0.2,27.));
#1666=CARTESIAN_POINT('',(-0.999999999999994,-0.2,25.5));
#1667=CARTESIAN_POINT('',(-0.999999999999994,-0.2,27.));
#1668=CARTESIAN_POINT('',(-0.999999999999994,-0.2,25.5));
#1669=CARTESIAN_POINT('',(0.,0.,0.));
#1670=CARTESIAN_POINT('',(-0.774999999999994,-0.2,9.));
#1671=CARTESIAN_POINT('',(-0.774999999999994,-0.2,9.57761763271857));
#1672=CARTESIAN_POINT('',(-0.711582946417384,-0.2,10.4661076156081));
#1673=CARTESIAN_POINT('',(-0.480978626273992,-0.2,11.4517824669767));
#1674=CARTESIAN_POINT('',(-0.245879069018829,-0.2,12.1626735056213));
#1675=CARTESIAN_POINT('',(-0.107330894710424,-0.2,12.7518078364664));
#1676=CARTESIAN_POINT('',(-0.0275934344304398,-0.2,13.5390509412949));
#1677=CARTESIAN_POINT('',(-0.0149055834724633,-0.2,14.1468810383223));
#1678=CARTESIAN_POINT('',(-0.112813316672122,-0.2,15.0508295890586));
#1679=CARTESIAN_POINT('',(-0.436570598552838,-0.2,15.9502770947087));
#1680=CARTESIAN_POINT('',(-1.06055912527903,-0.2,17.1032371334097));
#1681=CARTESIAN_POINT('',(-1.39217621233482,-0.2,17.963726163797));
#1682=CARTESIAN_POINT('',(-1.50395333909742,-0.2,18.5250954694761));
#1683=CARTESIAN_POINT('',(-1.54317431819368,-0.2,19.093553720428));
#1684=CARTESIAN_POINT('',(-1.50137897282094,-0.2,19.4756054019389));
#1685=CARTESIAN_POINT('',(-1.44521936589215,-0.2,19.8733683786876));
#1686=CARTESIAN_POINT('',(-1.38427663490749,-0.2,20.2108325072836));
#1687=CARTESIAN_POINT('',(-1.268637383465,-0.2,20.6233938964996));
#1688=CARTESIAN_POINT('',(-1.1035461307612,-0.2,21.0605413767711));
#1689=CARTESIAN_POINT('',(-0.959403738983316,-0.2,21.4020551069279));
#1690=CARTESIAN_POINT('',(-0.824350271740779,-0.2,21.9981607789054));
#1691=CARTESIAN_POINT('',(-0.774999999999992,-0.2,22.905894695213));
#1692=CARTESIAN_POINT('',(-0.774999999999992,-0.2,23.5));
#1693=CARTESIAN_POINT('',(-0.774999999999994,0.25,9.));
#1694=CARTESIAN_POINT('',(-0.774999999999994,0.25,9.60842294380072));
#1695=CARTESIAN_POINT('',(-0.711582946417384,0.25,10.4518116303766));
#1696=CARTESIAN_POINT('',(-0.480978626273991,0.25,11.455610448663));
#1697=CARTESIAN_POINT('',(-0.24587906901883,0.25,12.1616575641072));
#1698=CARTESIAN_POINT('',(-0.107330894710424,0.25,12.7518035410335));
#1699=CARTESIAN_POINT('',(-0.0275934344304397,0.25,13.5392364458631));
#1700=CARTESIAN_POINT('',(-0.0149055834724632,0.25,14.1469222739108));
#1701=CARTESIAN_POINT('',(-0.112813316672122,0.25,15.0507658447502));
#1702=CARTESIAN_POINT('',(-0.436570598552839,0.25,15.9503076951537));
#1703=CARTESIAN_POINT('',(-1.06055912527903,0.25,17.1032330957058));
#1704=CARTESIAN_POINT('',(-1.39217621233482,0.25,17.9637264479983));
#1705=CARTESIAN_POINT('',(-1.50395333909742,0.25,18.5250953269853));
#1706=CARTESIAN_POINT('',(-1.54317431819368,0.25,19.0935529708458));
#1707=CARTESIAN_POINT('',(-1.50137897282094,0.25,19.4756085054131));
#1708=CARTESIAN_POINT('',(-1.44521936589215,0.25,19.873365073757));
#1709=CARTESIAN_POINT('',(-1.38427663490749,0.25,20.2108137777592));
#1710=CARTESIAN_POINT('',(-1.268637383465,0.25,20.6234676196651));
#1711=CARTESIAN_POINT('',(-1.1035461307612,0.25,21.0601499678464));
#1712=CARTESIAN_POINT('',(-0.959403738983316,0.25,21.405209171423));
#1713=CARTESIAN_POINT('',(-0.824350271740779,0.25,21.9866450245337));
#1714=CARTESIAN_POINT('',(-0.774999999999992,0.25,22.9306620790835));
#1715=CARTESIAN_POINT('',(-0.774999999999992,0.25,23.5));
#1716=CARTESIAN_POINT('',(-1.22499999999999,0.25,9.));
#1717=CARTESIAN_POINT('',(-1.22499999999999,0.25,9.60842294380072));
#1718=CARTESIAN_POINT('',(-1.15993492618507,0.25,10.5198118927171));
#1719=CARTESIAN_POINT('',(-0.911439533529245,0.25,11.5864160253777));
#1720=CARTESIAN_POINT('',(-0.676806475943746,0.25,12.2944232939328));
#1721=CARTESIAN_POINT('',(-0.551291788784737,0.25,12.8271784522346));
#1722=CARTESIAN_POINT('',(-0.479988014388766,0.25,13.5575649790783));
#1723=CARTESIAN_POINT('',(-0.467193272933559,0.25,14.1273076236898));
#1724=CARTESIAN_POINT('',(-0.552227258130813,0.25,14.9540587857802));
#1725=CARTESIAN_POINT('',(-0.839927587331435,0.25,15.7389410441805));
#1726=CARTESIAN_POINT('',(-1.45981107722383,0.25,16.8952011304288));
#1727=CARTESIAN_POINT('',(-1.82476937483449,0.25,17.8287791949194));
#1728=CARTESIAN_POINT('',(-1.94970052413616,0.25,18.4650559377719));
#1729=CARTESIAN_POINT('',(-1.99607764332598,0.25,19.1126587887359));
#1730=CARTESIAN_POINT('',(-1.94943642586354,0.25,19.5230809304844));
#1731=CARTESIAN_POINT('',(-1.88871239652879,0.25,19.9487479300424));
#1732=CARTESIAN_POINT('',(-1.82431163313695,0.25,20.3084090880163));
#1733=CARTESIAN_POINT('',(-1.69678655982045,0.25,20.7641077701824));
#1734=CARTESIAN_POINT('',(-1.51630537675759,0.25,21.2399135925101));
#1735=CARTESIAN_POINT('',(-1.3911109181725,0.25,21.540256986265));
#1736=CARTESIAN_POINT('',(-1.27490241711238,0.25,22.0328540550171));
#1737=CARTESIAN_POINT('',(-1.22499999999999,0.25,22.9306620790835));
#1738=CARTESIAN_POINT('',(-1.22499999999999,0.25,23.5));
#1739=CARTESIAN_POINT('',(-1.22499999999999,-0.2,9.));
#1740=CARTESIAN_POINT('',(-1.22499999999999,-0.2,9.59302028825965));
#1741=CARTESIAN_POINT('',(-1.15993492618507,-0.2,10.5269598853328));
#1742=CARTESIAN_POINT('',(-0.911439533529246,-0.2,11.5845020345345));
#1743=CARTESIAN_POINT('',(-0.676806475943745,-0.2,12.2949312646898));
#1744=CARTESIAN_POINT('',(-0.551291788784738,-0.2,12.8271805999511));
#1745=CARTESIAN_POINT('',(-0.479988014388766,-0.2,13.5574722267942));
#1746=CARTESIAN_POINT('',(-0.467193272933559,-0.2,14.1272870058955));
#1747=CARTESIAN_POINT('',(-0.552227258130813,-0.2,14.9540906579344));
#1748=CARTESIAN_POINT('',(-0.839927587331435,-0.2,15.7389257439581));
#1749=CARTESIAN_POINT('',(-1.45981107722383,-0.2,16.8952031492808));
#1750=CARTESIAN_POINT('',(-1.82476937483449,-0.2,17.8287790528188));
#1751=CARTESIAN_POINT('',(-1.94970052413616,-0.2,18.4650560090173));
#1752=CARTESIAN_POINT('',(-1.99607764332599,-0.2,19.112659163527));
#1753=CARTESIAN_POINT('',(-1.94943642586354,-0.2,19.5230793787473));
#1754=CARTESIAN_POINT('',(-1.88871239652879,-0.2,19.9487495825077));
#1755=CARTESIAN_POINT('',(-1.82431163313696,-0.2,20.3084184527785));
#1756=CARTESIAN_POINT('',(-1.69678655982045,-0.2,20.7640709085997));
#1757=CARTESIAN_POINT('',(-1.51630537675759,-0.2,21.2401092969725));
#1758=CARTESIAN_POINT('',(-1.3911109181725,-0.2,21.5386799540174));
#1759=CARTESIAN_POINT('',(-1.27490241711238,-0.2,22.038611932203));
#1760=CARTESIAN_POINT('',(-1.22499999999999,-0.2,22.9182783871482));
#1761=CARTESIAN_POINT('',(-1.22499999999999,-0.2,23.5));
#1762=CARTESIAN_POINT('',(-1.22499999999999,-0.65,9.));
#1763=CARTESIAN_POINT('',(-1.22499999999999,-0.65,9.57761763271857));
#1764=CARTESIAN_POINT('',(-1.15993492618507,-0.65,10.5341078779486));
#1765=CARTESIAN_POINT('',(-0.911439533529245,-0.65,11.5825880436914));
#1766=CARTESIAN_POINT('',(-0.676806475943746,-0.65,12.2954392354469));
#1767=CARTESIAN_POINT('',(-0.551291788784737,-0.65,12.8271827476675));
#1768=CARTESIAN_POINT('',(-0.479988014388766,-0.65,13.5573794745101));
#1769=CARTESIAN_POINT('',(-0.467193272933559,-0.65,14.1272663881012));
#1770=CARTESIAN_POINT('',(-0.552227258130813,-0.65,14.9541225300886));
#1771=CARTESIAN_POINT('',(-0.839927587331435,-0.65,15.7389104437356));
#1772=CARTESIAN_POINT('',(-1.45981107722383,-0.65,16.8952051681328));
#1773=CARTESIAN_POINT('',(-1.82476937483449,-0.65,17.8287789107182));
#1774=CARTESIAN_POINT('',(-1.94970052413616,-0.65,18.4650560802627));
#1775=CARTESIAN_POINT('',(-1.99607764332598,-0.65,19.1126595383182));
#1776=CARTESIAN_POINT('',(-1.94943642586354,-0.65,19.5230778270102));
#1777=CARTESIAN_POINT('',(-1.88871239652879,-0.65,19.948751234973));
#1778=CARTESIAN_POINT('',(-1.82431163313695,-0.65,20.3084278175407));
#1779=CARTESIAN_POINT('',(-1.69678655982045,-0.65,20.764034047017));
#1780=CARTESIAN_POINT('',(-1.51630537675759,-0.65,21.2403050014348));
#1781=CARTESIAN_POINT('',(-1.3911109181725,-0.65,21.5371029217699));
#1782=CARTESIAN_POINT('',(-1.27490241711238,-0.65,22.0443698093889));
#1783=CARTESIAN_POINT('',(-1.22499999999999,-0.65,22.9058946952129));
#1784=CARTESIAN_POINT('',(-1.22499999999999,-0.65,23.5));
#1785=CARTESIAN_POINT('',(-0.774999999999994,-0.65,9.));
#1786=CARTESIAN_POINT('',(-0.774999999999994,-0.65,9.54681232163642));
#1787=CARTESIAN_POINT('',(-0.711582946417384,-0.65,10.4804036008395));
#1788=CARTESIAN_POINT('',(-0.480978626273991,-0.65,11.4479544852903));
#1789=CARTESIAN_POINT('',(-0.24587906901883,-0.65,12.1636894471353));
#1790=CARTESIAN_POINT('',(-0.107330894710424,-0.65,12.7518121318994));
#1791=CARTESIAN_POINT('',(-0.0275934344304397,-0.65,13.5388654367268));
#1792=CARTESIAN_POINT('',(-0.0149055834724632,-0.65,14.1468398027337));
#1793=CARTESIAN_POINT('',(-0.112813316672122,-0.65,15.050893333367));
#1794=CARTESIAN_POINT('',(-0.436570598552839,-0.65,15.9502464942637));
#1795=CARTESIAN_POINT('',(-1.06055912527903,-0.65,17.1032411711137));
#1796=CARTESIAN_POINT('',(-1.39217621233482,-0.65,17.9637258795958));
#1797=CARTESIAN_POINT('',(-1.50395333909742,-0.65,18.5250956119669));
#1798=CARTESIAN_POINT('',(-1.54317431819368,-0.65,19.0935544700103));
#1799=CARTESIAN_POINT('',(-1.50137897282094,-0.65,19.4756022984647));
#1800=CARTESIAN_POINT('',(-1.44521936589215,-0.65,19.8733716836182));
#1801=CARTESIAN_POINT('',(-1.38427663490749,-0.65,20.2108512368079));
#1802=CARTESIAN_POINT('',(-1.268637383465,-0.65,20.6233201733342));
#1803=CARTESIAN_POINT('',(-1.1035461307612,-0.65,21.0609327856959));
#1804=CARTESIAN_POINT('',(-0.959403738983316,-0.65,21.3989010424328));
#1805=CARTESIAN_POINT('',(-0.824350271740779,-0.65,22.0096765332771));
#1806=CARTESIAN_POINT('',(-0.774999999999992,-0.65,22.8811273113424));
#1807=CARTESIAN_POINT('',(-0.774999999999992,-0.65,23.5));
#1808=CARTESIAN_POINT('',(-0.774999999999994,-0.2,9.));
#1809=CARTESIAN_POINT('',(-0.774999999999994,-0.2,9.57761763271857));
#1810=CARTESIAN_POINT('',(-0.711582946417384,-0.2,10.4661076156081));
#1811=CARTESIAN_POINT('',(-0.480978626273992,-0.2,11.4517824669767));
#1812=CARTESIAN_POINT('',(-0.245879069018829,-0.2,12.1626735056213));
#1813=CARTESIAN_POINT('',(-0.107330894710424,-0.2,12.7518078364664));
#1814=CARTESIAN_POINT('',(-0.0275934344304398,-0.2,13.5390509412949));
#1815=CARTESIAN_POINT('',(-0.0149055834724633,-0.2,14.1468810383223));
#1816=CARTESIAN_POINT('',(-0.112813316672122,-0.2,15.0508295890586));
#1817=CARTESIAN_POINT('',(-0.436570598552838,-0.2,15.9502770947087));
#1818=CARTESIAN_POINT('',(-1.06055912527903,-0.2,17.1032371334097));
#1819=CARTESIAN_POINT('',(-1.39217621233482,-0.2,17.963726163797));
#1820=CARTESIAN_POINT('',(-1.50395333909742,-0.2,18.5250954694761));
#1821=CARTESIAN_POINT('',(-1.54317431819368,-0.2,19.093553720428));
#1822=CARTESIAN_POINT('',(-1.50137897282094,-0.2,19.4756054019389));
#1823=CARTESIAN_POINT('',(-1.44521936589215,-0.2,19.8733683786876));
#1824=CARTESIAN_POINT('',(-1.38427663490749,-0.2,20.2108325072836));
#1825=CARTESIAN_POINT('',(-1.268637383465,-0.2,20.6233938964996));
#1826=CARTESIAN_POINT('',(-1.1035461307612,-0.2,21.0605413767711));
#1827=CARTESIAN_POINT('',(-0.959403738983316,-0.2,21.4020551069279));
#1828=CARTESIAN_POINT('',(-0.824350271740779,-0.2,21.9981607789054));
#1829=CARTESIAN_POINT('',(-0.774999999999992,-0.2,22.905894695213));
#1830=CARTESIAN_POINT('',(-0.774999999999992,-0.2,23.5));
#1831=CARTESIAN_POINT('',(-0.999999999999994,-0.2,9.));
#1832=CARTESIAN_POINT('',(-0.774999999999994,-0.2,9.));
#1833=CARTESIAN_POINT('',(-1.22499999999999,-0.2,9.));
#1834=CARTESIAN_POINT('',(-1.22499999999999,-0.2,9.));
#1835=CARTESIAN_POINT('',(-1.22499999999999,-0.2,9.59302028825965));
#1836=CARTESIAN_POINT('',(-1.15993492618507,-0.2,10.5269598853328));
#1837=CARTESIAN_POINT('',(-0.911439533529246,-0.2,11.5845020345345));
#1838=CARTESIAN_POINT('',(-0.676806475943745,-0.2,12.2949312646898));
#1839=CARTESIAN_POINT('',(-0.551291788784738,-0.2,12.8271805999511));
#1840=CARTESIAN_POINT('',(-0.479988014388766,-0.2,13.5574722267942));
#1841=CARTESIAN_POINT('',(-0.467193272933559,-0.2,14.1272870058955));
#1842=CARTESIAN_POINT('',(-0.552227258130813,-0.2,14.9540906579344));
#1843=CARTESIAN_POINT('',(-0.839927587331435,-0.2,15.7389257439581));
#1844=CARTESIAN_POINT('',(-1.45981107722383,-0.2,16.8952031492808));
#1845=CARTESIAN_POINT('',(-1.82476937483449,-0.2,17.8287790528188));
#1846=CARTESIAN_POINT('',(-1.94970052413616,-0.2,18.4650560090173));
#1847=CARTESIAN_POINT('',(-1.99607764332599,-0.2,19.112659163527));
#1848=CARTESIAN_POINT('',(-1.94943642586354,-0.2,19.5230793787473));
#1849=CARTESIAN_POINT('',(-1.88871239652879,-0.2,19.9487495825077));
#1850=CARTESIAN_POINT('',(-1.82431163313696,-0.2,20.3084184527785));
#1851=CARTESIAN_POINT('',(-1.69678655982045,-0.2,20.7640709085997));
#1852=CARTESIAN_POINT('',(-1.51630537675759,-0.2,21.2401092969725));
#1853=CARTESIAN_POINT('',(-1.3911109181725,-0.2,21.5386799540174));
#1854=CARTESIAN_POINT('',(-1.27490241711238,-0.2,22.038611932203));
#1855=CARTESIAN_POINT('',(-1.22499999999999,-0.2,22.9182783871482));
#1856=CARTESIAN_POINT('',(-1.22499999999999,-0.2,23.5));
#1857=CARTESIAN_POINT('',(-1.22499999999999,-0.2,23.5));
#1858=CARTESIAN_POINT('',(-0.99999999999999,-0.2,23.5));
#1859=CARTESIAN_POINT('',(-0.77499999999999,-0.2,23.5));
#1860=CARTESIAN_POINT('',(-0.774999999999994,-0.2,9.));
#1861=CARTESIAN_POINT('',(-0.774999999999994,-0.2,9.57761763271857));
#1862=CARTESIAN_POINT('',(-0.711582946417384,-0.2,10.4661076156081));
#1863=CARTESIAN_POINT('',(-0.480978626273992,-0.2,11.4517824669767));
#1864=CARTESIAN_POINT('',(-0.245879069018829,-0.2,12.1626735056213));
#1865=CARTESIAN_POINT('',(-0.107330894710424,-0.2,12.7518078364664));
#1866=CARTESIAN_POINT('',(-0.0275934344304398,-0.2,13.5390509412949));
#1867=CARTESIAN_POINT('',(-0.0149055834724633,-0.2,14.1468810383223));
#1868=CARTESIAN_POINT('',(-0.112813316672122,-0.2,15.0508295890586));
#1869=CARTESIAN_POINT('',(-0.436570598552838,-0.2,15.9502770947087));
#1870=CARTESIAN_POINT('',(-1.06055912527903,-0.2,17.1032371334097));
#1871=CARTESIAN_POINT('',(-1.39217621233482,-0.2,17.963726163797));
#1872=CARTESIAN_POINT('',(-1.50395333909742,-0.2,18.5250954694761));
#1873=CARTESIAN_POINT('',(-1.54317431819368,-0.2,19.093553720428));
#1874=CARTESIAN_POINT('',(-1.50137897282094,-0.2,19.4756054019389));
#1875=CARTESIAN_POINT('',(-1.44521936589215,-0.2,19.8733683786876));
#1876=CARTESIAN_POINT('',(-1.38427663490749,-0.2,20.2108325072836));
#1877=CARTESIAN_POINT('',(-1.268637383465,-0.2,20.6233938964996));
#1878=CARTESIAN_POINT('',(-1.1035461307612,-0.2,21.0605413767711));
#1879=CARTESIAN_POINT('',(-0.959403738983316,-0.2,21.4020551069279));
#1880=CARTESIAN_POINT('',(-0.824350271740779,-0.2,21.9981607789054));
#1881=CARTESIAN_POINT('',(-0.774999999999992,-0.2,22.905894695213));
#1882=CARTESIAN_POINT('',(-0.77499999999999,-0.2,23.5));
#1883=CARTESIAN_POINT('',(-0.999999999999994,-0.2,9.));
#1884=CARTESIAN_POINT('',(-0.774999999999994,-0.2,9.));
#1885=CARTESIAN_POINT('',(-0.774999999999994,-0.2,7.));
#1886=CARTESIAN_POINT('',(-0.999999999999994,-0.2,7.));
#1887=CARTESIAN_POINT('',(-1.22499999999999,-0.2,7.));
#1888=CARTESIAN_POINT('',(-1.22499999999999,-0.2,9.));
#1889=CARTESIAN_POINT('',(-0.99999999999999,-0.2,23.5));
#1890=CARTESIAN_POINT('',(-1.22499999999999,-0.2,23.5));
#1891=CARTESIAN_POINT('',(-1.22499999999999,-0.2,25.5));
#1892=CARTESIAN_POINT('',(-0.999999999999989,-0.2,25.5));
#1893=CARTESIAN_POINT('',(-0.774999999999989,-0.2,25.5));
#1894=CARTESIAN_POINT('',(-0.77499999999999,-0.2,23.5));
#1895=CARTESIAN_POINT('',(-0.99999999999999,-0.2,23.5));
#1896=CARTESIAN_POINT('',(-0.99999999999999,-0.2,23.5));
#1897=CARTESIAN_POINT('',(-0.999999999999989,-0.2,25.5));
#1898=CARTESIAN_POINT('',(-0.999999999999994,-0.2,9.));
#1899=CARTESIAN_POINT('',(-0.999999999999994,-0.2,9.));
#1900=CARTESIAN_POINT('',(-0.999999999999994,-0.2,7.));
#1901=CARTESIAN_POINT('',(-0.999999999999994,-0.2,7.));
#1902=CARTESIAN_POINT('',(-0.999999999999989,-0.2,25.5));
#1903=CARTESIAN_POINT('',(-0.774999999999994,-0.2,9.));
#1904=CARTESIAN_POINT('',(-0.774999999999994,-0.2,9.57761763271857));
#1905=CARTESIAN_POINT('',(-0.711582946417384,-0.2,10.4661076156081));
#1906=CARTESIAN_POINT('',(-0.480978626273992,-0.2,11.4517824669767));
#1907=CARTESIAN_POINT('',(-0.245879069018829,-0.2,12.1626735056213));
#1908=CARTESIAN_POINT('',(-0.107330894710424,-0.2,12.7518078364664));
#1909=CARTESIAN_POINT('',(-0.0275934344304398,-0.2,13.5390509412949));
#1910=CARTESIAN_POINT('',(-0.0149055834724633,-0.2,14.1468810383223));
#1911=CARTESIAN_POINT('',(-0.112813316672122,-0.2,15.0508295890586));
#1912=CARTESIAN_POINT('',(-0.436570598552838,-0.2,15.9502770947087));
#1913=CARTESIAN_POINT('',(-1.06055912527903,-0.2,17.1032371334097));
#1914=CARTESIAN_POINT('',(-1.39217621233482,-0.2,17.963726163797));
#1915=CARTESIAN_POINT('',(-1.50395333909742,-0.2,18.5250954694761));
#1916=CARTESIAN_POINT('',(-1.54317431819368,-0.2,19.093553720428));
#1917=CARTESIAN_POINT('',(-1.50137897282094,-0.2,19.4756054019389));
#1918=CARTESIAN_POINT('',(-1.44521936589215,-0.2,19.8733683786876));
#1919=CARTESIAN_POINT('',(-1.38427663490749,-0.2,20.2108325072836));
#1920=CARTESIAN_POINT('',(-1.268637383465,-0.2,20.6233938964996));
#1921=CARTESIAN_POINT('',(-1.1035461307612,-0.2,21.0605413767711));
#1922=CARTESIAN_POINT('',(-0.959403738983316,-0.2,21.4020551069279));
#1923=CARTESIAN_POINT('',(-0.824350271740779,-0.2,21.9981607789054));
#1924=CARTESIAN_POINT('',(-0.774999999999992,-0.2,22.905894695213));
#1925=CARTESIAN_POINT('',(-0.774999999999992,-0.2,23.5));
#1926=CARTESIAN_POINT('',(-0.774999999999994,0.25,9.));
#1927=CARTESIAN_POINT('',(-0.774999999999994,0.25,9.60842294380072));
#1928=CARTESIAN_POINT('',(-0.711582946417384,0.25,10.4518116303766));
#1929=CARTESIAN_POINT('',(-0.480978626273991,0.25,11.455610448663));
#1930=CARTESIAN_POINT('',(-0.24587906901883,0.25,12.1616575641072));
#1931=CARTESIAN_POINT('',(-0.107330894710424,0.25,12.7518035410335));
#1932=CARTESIAN_POINT('',(-0.0275934344304397,0.25,13.5392364458631));
#1933=CARTESIAN_POINT('',(-0.0149055834724632,0.25,14.1469222739108));
#1934=CARTESIAN_POINT('',(-0.112813316672122,0.25,15.0507658447502));
#1935=CARTESIAN_POINT('',(-0.436570598552839,0.25,15.9503076951537));
#1936=CARTESIAN_POINT('',(-1.06055912527903,0.25,17.1032330957058));
#1937=CARTESIAN_POINT('',(-1.39217621233482,0.25,17.9637264479983));
#1938=CARTESIAN_POINT('',(-1.50395333909742,0.25,18.5250953269853));
#1939=CARTESIAN_POINT('',(-1.54317431819368,0.25,19.0935529708458));
#1940=CARTESIAN_POINT('',(-1.50137897282094,0.25,19.4756085054131));
#1941=CARTESIAN_POINT('',(-1.44521936589215,0.25,19.873365073757));
#1942=CARTESIAN_POINT('',(-1.38427663490749,0.25,20.2108137777592));
#1943=CARTESIAN_POINT('',(-1.268637383465,0.25,20.6234676196651));
#1944=CARTESIAN_POINT('',(-1.1035461307612,0.25,21.0601499678464));
#1945=CARTESIAN_POINT('',(-0.959403738983316,0.25,21.405209171423));
#1946=CARTESIAN_POINT('',(-0.824350271740779,0.25,21.9866450245337));
#1947=CARTESIAN_POINT('',(-0.774999999999992,0.25,22.9306620790835));
#1948=CARTESIAN_POINT('',(-0.774999999999992,0.25,23.5));
#1949=CARTESIAN_POINT('',(-1.22499999999999,0.25,9.));
#1950=CARTESIAN_POINT('',(-1.22499999999999,0.25,9.60842294380072));
#1951=CARTESIAN_POINT('',(-1.15993492618507,0.25,10.5198118927171));
#1952=CARTESIAN_POINT('',(-0.911439533529245,0.25,11.5864160253777));
#1953=CARTESIAN_POINT('',(-0.676806475943746,0.25,12.2944232939328));
#1954=CARTESIAN_POINT('',(-0.551291788784737,0.25,12.8271784522346));
#1955=CARTESIAN_POINT('',(-0.479988014388766,0.25,13.5575649790783));
#1956=CARTESIAN_POINT('',(-0.467193272933559,0.25,14.1273076236898));
#1957=CARTESIAN_POINT('',(-0.552227258130813,0.25,14.9540587857802));
#1958=CARTESIAN_POINT('',(-0.839927587331435,0.25,15.7389410441805));
#1959=CARTESIAN_POINT('',(-1.45981107722383,0.25,16.8952011304288));
#1960=CARTESIAN_POINT('',(-1.82476937483449,0.25,17.8287791949194));
#1961=CARTESIAN_POINT('',(-1.94970052413616,0.25,18.4650559377719));
#1962=CARTESIAN_POINT('',(-1.99607764332598,0.25,19.1126587887359));
#1963=CARTESIAN_POINT('',(-1.94943642586354,0.25,19.5230809304844));
#1964=CARTESIAN_POINT('',(-1.88871239652879,0.25,19.9487479300424));
#1965=CARTESIAN_POINT('',(-1.82431163313695,0.25,20.3084090880163));
#1966=CARTESIAN_POINT('',(-1.69678655982045,0.25,20.7641077701824));
#1967=CARTESIAN_POINT('',(-1.51630537675759,0.25,21.2399135925101));
#1968=CARTESIAN_POINT('',(-1.3911109181725,0.25,21.540256986265));
#1969=CARTESIAN_POINT('',(-1.27490241711238,0.25,22.0328540550171));
#1970=CARTESIAN_POINT('',(-1.22499999999999,0.25,22.9306620790835));
#1971=CARTESIAN_POINT('',(-1.22499999999999,0.25,23.5));
#1972=CARTESIAN_POINT('',(-1.22499999999999,-0.2,9.));
#1973=CARTESIAN_POINT('',(-1.22499999999999,-0.2,9.59302028825965));
#1974=CARTESIAN_POINT('',(-1.15993492618507,-0.2,10.5269598853328));
#1975=CARTESIAN_POINT('',(-0.911439533529246,-0.2,11.5845020345345));
#1976=CARTESIAN_POINT('',(-0.676806475943745,-0.2,12.2949312646898));
#1977=CARTESIAN_POINT('',(-0.551291788784738,-0.2,12.8271805999511));
#1978=CARTESIAN_POINT('',(-0.479988014388766,-0.2,13.5574722267942));
#1979=CARTESIAN_POINT('',(-0.467193272933559,-0.2,14.1272870058955));
#1980=CARTESIAN_POINT('',(-0.552227258130813,-0.2,14.9540906579344));
#1981=CARTESIAN_POINT('',(-0.839927587331435,-0.2,15.7389257439581));
#1982=CARTESIAN_POINT('',(-1.45981107722383,-0.2,16.8952031492808));
#1983=CARTESIAN_POINT('',(-1.82476937483449,-0.2,17.8287790528188));
#1984=CARTESIAN_POINT('',(-1.94970052413616,-0.2,18.4650560090173));
#1985=CARTESIAN_POINT('',(-1.99607764332599,-0.2,19.112659163527));
#1986=CARTESIAN_POINT('',(-1.94943642586354,-0.2,19.5230793787473));
#1987=CARTESIAN_POINT('',(-1.88871239652879,-0.2,19.9487495825077));
#1988=CARTESIAN_POINT('',(-1.82431163313696,-0.2,20.3084184527785));
#1989=CARTESIAN_POINT('',(-1.69678655982045,-0.2,20.7640709085997));
#1990=CARTESIAN_POINT('',(-1.51630537675759,-0.2,21.2401092969725));
#1991=CARTESIAN_POINT('',(-1.3911109181725,-0.2,21.5386799540174));
#1992=CARTESIAN_POINT('',(-1.27490241711238,-0.2,22.038611932203));
#1993=CARTESIAN_POINT('',(-1.22499999999999,-0.2,22.9182783871482));
#1994=CARTESIAN_POINT('',(-1.22499999999999,-0.2,23.5));
#1995=CARTESIAN_POINT('',(-1.22499999999999,-0.65,9.));
#1996=CARTESIAN_POINT('',(-1.22499999999999,-0.65,9.57761763271857));
#1997=CARTESIAN_POINT('',(-1.15993492618507,-0.65,10.5341078779486));
#1998=CARTESIAN_POINT('',(-0.911439533529245,-0.65,11.5825880436914));
#1999=CARTESIAN_POINT('',(-0.676806475943746,-0.65,12.2954392354469));
#2000=CARTESIAN_POINT('',(-0.551291788784737,-0.65,12.8271827476675));
#2001=CARTESIAN_POINT('',(-0.479988014388766,-0.65,13.5573794745101));
#2002=CARTESIAN_POINT('',(-0.467193272933559,-0.65,14.1272663881012));
#2003=CARTESIAN_POINT('',(-0.552227258130813,-0.65,14.9541225300886));
#2004=CARTESIAN_POINT('',(-0.839927587331435,-0.65,15.7389104437356));
#2005=CARTESIAN_POINT('',(-1.45981107722383,-0.65,16.8952051681328));
#2006=CARTESIAN_POINT('',(-1.82476937483449,-0.65,17.8287789107182));
#2007=CARTESIAN_POINT('',(-1.94970052413616,-0.65,18.4650560802627));
#2008=CARTESIAN_POINT('',(-1.99607764332598,-0.65,19.1126595383182));
#2009=CARTESIAN_POINT('',(-1.94943642586354,-0.65,19.5230778270102));
#2010=CARTESIAN_POINT('',(-1.88871239652879,-0.65,19.948751234973));
#2011=CARTESIAN_POINT('',(-1.82431163313695,-0.65,20.3084278175407));
#2012=CARTESIAN_POINT('',(-1.69678655982045,-0.65,20.764034047017));
#2013=CARTESIAN_POINT('',(-1.51630537675759,-0.65,21.2403050014348));
#2014=CARTESIAN_POINT('',(-1.3911109181725,-0.65,21.5371029217699));
#2015=CARTESIAN_POINT('',(-1.27490241711238,-0.65,22.0443698093889));
#2016=CARTESIAN_POINT('',(-1.22499999999999,-0.65,22.9058946952129));
#2017=CARTESIAN_POINT('',(-1.22499999999999,-0.65,23.5));
#2018=CARTESIAN_POINT('',(-0.774999999999994,-0.65,9.));
#2019=CARTESIAN_POINT('',(-0.774999999999994,-0.65,9.54681232163642));
#2020=CARTESIAN_POINT('',(-0.711582946417384,-0.65,10.4804036008395));
#2021=CARTESIAN_POINT('',(-0.480978626273991,-0.65,11.4479544852903));
#2022=CARTESIAN_POINT('',(-0.24587906901883,-0.65,12.1636894471353));
#2023=CARTESIAN_POINT('',(-0.107330894710424,-0.65,12.7518121318994));
#2024=CARTESIAN_POINT('',(-0.0275934344304397,-0.65,13.5388654367268));
#2025=CARTESIAN_POINT('',(-0.0149055834724632,-0.65,14.1468398027337));
#2026=CARTESIAN_POINT('',(-0.112813316672122,-0.65,15.050893333367));
#2027=CARTESIAN_POINT('',(-0.436570598552839,-0.65,15.9502464942637));
#2028=CARTESIAN_POINT('',(-1.06055912527903,-0.65,17.1032411711137));
#2029=CARTESIAN_POINT('',(-1.39217621233482,-0.65,17.9637258795958));
#2030=CARTESIAN_POINT('',(-1.50395333909742,-0.65,18.5250956119669));
#2031=CARTESIAN_POINT('',(-1.54317431819368,-0.65,19.0935544700103));
#2032=CARTESIAN_POINT('',(-1.50137897282094,-0.65,19.4756022984647));
#2033=CARTESIAN_POINT('',(-1.44521936589215,-0.65,19.8733716836182));
#2034=CARTESIAN_POINT('',(-1.38427663490749,-0.65,20.2108512368079));
#2035=CARTESIAN_POINT('',(-1.268637383465,-0.65,20.6233201733342));
#2036=CARTESIAN_POINT('',(-1.1035461307612,-0.65,21.0609327856959));
#2037=CARTESIAN_POINT('',(-0.959403738983316,-0.65,21.3989010424328));
#2038=CARTESIAN_POINT('',(-0.824350271740779,-0.65,22.0096765332771));
#2039=CARTESIAN_POINT('',(-0.774999999999992,-0.65,22.8811273113424));
#2040=CARTESIAN_POINT('',(-0.774999999999992,-0.65,23.5));
#2041=CARTESIAN_POINT('',(-0.774999999999994,-0.2,9.));
#2042=CARTESIAN_POINT('',(-0.774999999999994,-0.2,9.57761763271857));
#2043=CARTESIAN_POINT('',(-0.711582946417384,-0.2,10.4661076156081));
#2044=CARTESIAN_POINT('',(-0.480978626273992,-0.2,11.4517824669767));
#2045=CARTESIAN_POINT('',(-0.245879069018829,-0.2,12.1626735056213));
#2046=CARTESIAN_POINT('',(-0.107330894710424,-0.2,12.7518078364664));
#2047=CARTESIAN_POINT('',(-0.0275934344304398,-0.2,13.5390509412949));
#2048=CARTESIAN_POINT('',(-0.0149055834724633,-0.2,14.1468810383223));
#2049=CARTESIAN_POINT('',(-0.112813316672122,-0.2,15.0508295890586));
#2050=CARTESIAN_POINT('',(-0.436570598552838,-0.2,15.9502770947087));
#2051=CARTESIAN_POINT('',(-1.06055912527903,-0.2,17.1032371334097));
#2052=CARTESIAN_POINT('',(-1.39217621233482,-0.2,17.963726163797));
#2053=CARTESIAN_POINT('',(-1.50395333909742,-0.2,18.5250954694761));
#2054=CARTESIAN_POINT('',(-1.54317431819368,-0.2,19.093553720428));
#2055=CARTESIAN_POINT('',(-1.50137897282094,-0.2,19.4756054019389));
#2056=CARTESIAN_POINT('',(-1.44521936589215,-0.2,19.8733683786876));
#2057=CARTESIAN_POINT('',(-1.38427663490749,-0.2,20.2108325072836));
#2058=CARTESIAN_POINT('',(-1.268637383465,-0.2,20.6233938964996));
#2059=CARTESIAN_POINT('',(-1.1035461307612,-0.2,21.0605413767711));
#2060=CARTESIAN_POINT('',(-0.959403738983316,-0.2,21.4020551069279));
#2061=CARTESIAN_POINT('',(-0.824350271740779,-0.2,21.9981607789054));
#2062=CARTESIAN_POINT('',(-0.774999999999992,-0.2,22.905894695213));
#2063=CARTESIAN_POINT('',(-0.774999999999992,-0.2,23.5));
#2064=CARTESIAN_POINT('',(0.,0.,0.));
#2065=CARTESIAN_POINT('',(0.775000000000006,-0.2,9.));
#2066=CARTESIAN_POINT('',(0.775000000000006,-0.2,9.48634322082736));
#2067=CARTESIAN_POINT('',(0.832740539449083,-0.2,10.2742426935512));
#2068=CARTESIAN_POINT('',(1.00172005427188,-0.2,10.9898878295583));
#2069=CARTESIAN_POINT('',(1.23842644372255,-0.2,11.7083795029326));
#2070=CARTESIAN_POINT('',(1.42186774043443,-0.2,12.4921958694565));
#2071=CARTESIAN_POINT('',(1.5306545632038,-0.2,13.4753696872385));
#2072=CARTESIAN_POINT('',(1.54297423578242,-0.2,14.2143204325662));
#2073=CARTESIAN_POINT('',(1.4007235927967,-0.2,15.3841205518822));
#2074=CARTESIAN_POINT('',(0.952770140573435,-0.2,16.6782271139854));
#2075=CARTESIAN_POINT('',(0.314642042530851,-0.2,17.819803643976));
#2076=CARTESIAN_POINT('',(0.097866902941804,-0.2,18.4285436378716));
#2077=CARTESIAN_POINT('',(0.031398076035999,-0.2,18.7318982323141));
#2078=CARTESIAN_POINT('',(0.016826023928723,-0.2,19.0277470131387));
#2079=CARTESIAN_POINT('',(0.0419300321035467,-0.2,19.3120800755645));
#2080=CARTESIAN_POINT('',(0.0823677396340629,-0.2,19.613726110636));
#2081=CARTESIAN_POINT('',(0.131399470105095,-0.2,19.8747263785093));
#2082=CARTESIAN_POINT('',(0.206098668426024,-0.2,20.1387482701774));
#2083=CARTESIAN_POINT('',(0.318180161004135,-0.2,20.4425153003042));
#2084=CARTESIAN_POINT('',(0.527587656001658,-0.2,20.9275449410256));
#2085=CARTESIAN_POINT('',(0.727551562316958,-0.2,21.8731174376659));
#2086=CARTESIAN_POINT('',(0.775000000000008,-0.2,22.8325091155544));
#2087=CARTESIAN_POINT('',(0.775000000000008,-0.2,23.5));
#2088=CARTESIAN_POINT('',(0.775000000000006,-0.65,9.));
#2089=CARTESIAN_POINT('',(0.775000000000006,-0.65,9.4555383474905));
#2090=CARTESIAN_POINT('',(0.832740539449084,-0.65,10.2885384756359));
#2091=CARTESIAN_POINT('',(1.00172005427188,-0.65,10.9860599022678));
#2092=CARTESIAN_POINT('',(1.23842644372255,-0.65,11.7093954300101));
#2093=CARTESIAN_POINT('',(1.42186774043443,-0.65,12.4922001648283));
#2094=CARTESIAN_POINT('',(1.5306545632038,-0.65,13.4751841853065));
#2095=CARTESIAN_POINT('',(1.54297423578242,-0.65,14.2142791975638));
#2096=CARTESIAN_POINT('',(1.4007235927967,-0.65,15.3841842952844));
#2097=CARTESIAN_POINT('',(0.952770140573435,-0.650000000000001,16.6781965139729));
#2098=CARTESIAN_POINT('',(0.314642042530851,-0.65,17.8198076816296));
#2099=CARTESIAN_POINT('',(0.0978669029418041,-0.65,18.4285433536652));
#2100=CARTESIAN_POINT('',(0.0313980760359988,-0.65,18.7318983748176));
#2101=CARTESIAN_POINT('',(0.0168260239287228,-0.65,19.0277477627297));
#2102=CARTESIAN_POINT('',(0.0419300321035472,-0.65,19.3120769720311));
#2103=CARTESIAN_POINT('',(0.082367739634063,-0.65,19.6137294156297));
#2104=CARTESIAN_POINT('',(0.131399470105093,-0.65,19.8747451083851));
#2105=CARTESIAN_POINT('',(0.206098668426025,-0.65,20.1386745456272));
#2106=CARTESIAN_POINT('',(0.318180161004134,-0.65,20.4429067165813));
#2107=CARTESIAN_POINT('',(0.527587656001657,-0.65,20.9243908172827));
#2108=CARTESIAN_POINT('',(0.727551562316959,-0.65,21.8846334083567));
#2109=CARTESIAN_POINT('',(0.775000000000008,-0.65,22.8077412664379));
#2110=CARTESIAN_POINT('',(0.775000000000008,-0.65,23.5));
#2111=CARTESIAN_POINT('',(1.22500000000001,-0.650000000000001,9.));
#2112=CARTESIAN_POINT('',(1.22500000000001,-0.650000000000001,9.4555383474905));
#2113=CARTESIAN_POINT('',(1.28109251921677,-0.650000000000001,10.2205382132954));
#2114=CARTESIAN_POINT('',(1.43218096152714,-0.65,10.8552543255531));
#2115=CARTESIAN_POINT('',(1.66935385064746,-0.650000000000001,11.5766297001844));
#2116=CARTESIAN_POINT('',(1.86582863450875,-0.65,12.4168252536272));
#2117=CARTESIAN_POINT('',(1.98304914316212,-0.650000000000001,13.4568556520913));
#2118=CARTESIAN_POINT('',(1.99526192524352,-0.650000000000001,14.2338938477848));
#2119=CARTESIAN_POINT('',(1.84013753425539,-0.650000000000001,15.4808913542543));
#2120=CARTESIAN_POINT('',(1.35612712935203,-0.650000000000001,16.889563164946));
#2121=CARTESIAN_POINT('',(0.713893994475654,-0.65,18.0278396469065));
#2122=CARTESIAN_POINT('',(0.53046006544147,-0.65,18.5634906067441));
#2123=CARTESIAN_POINT('',(0.477145261074735,-0.65,18.791937764031));
#2124=CARTESIAN_POINT('',(0.469729349061032,-0.65,19.0086419448395));
#2125=CARTESIAN_POINT('',(0.489987485146141,-0.65,19.2646045469597));
#2126=CARTESIAN_POINT('',(0.525860770270705,-0.65,19.5383465593443));
#2127=CARTESIAN_POINT('',(0.571434468334555,-0.65,19.7771497981279));
#2128=CARTESIAN_POINT('',(0.634247844781483,-0.650000000000001,19.9980343951098));
#2129=CARTESIAN_POINT('',(0.730939407000523,-0.65,20.2631430919176));
#2130=CARTESIAN_POINT('',(0.959294835190844,-0.650000000000001,20.7893430024407));
#2131=CARTESIAN_POINT('',(1.17810370768856,-0.65,21.8384243778733));
#2132=CARTESIAN_POINT('',(1.22500000000001,-0.650000000000001,22.8077412664379));
#2133=CARTESIAN_POINT('',(1.22500000000001,-0.650000000000001,23.5));
#2134=CARTESIAN_POINT('',(1.22500000000001,-0.2,9.));
#2135=CARTESIAN_POINT('',(1.22500000000001,-0.2,9.47094078415893));
#2136=CARTESIAN_POINT('',(1.28109251921677,-0.2,10.2133903222531));
#2137=CARTESIAN_POINT('',(1.43218096152714,-0.2,10.8571682891984));
#2138=CARTESIAN_POINT('',(1.66935385064746,-0.2,11.5761217366457));
#2139=CARTESIAN_POINT('',(1.86582863450875,-0.2,12.4168231059413));
#2140=CARTESIAN_POINT('',(1.98304914316212,-0.2,13.4569484030573));
#2141=CARTESIAN_POINT('',(1.99526192524352,-0.2,14.233914465286));
#2142=CARTESIAN_POINT('',(1.84013753425539,-0.2,15.4808594825532));
#2143=CARTESIAN_POINT('',(1.35612712935203,-0.2,16.8895784649523));
#2144=CARTESIAN_POINT('',(0.713893994475653,-0.2,18.0278376280797));
#2145=CARTESIAN_POINT('',(0.53046006544147,-0.2,18.5634907488473));
#2146=CARTESIAN_POINT('',(0.477145261074735,-0.2,18.7919376927792));
#2147=CARTESIAN_POINT('',(0.469729349061032,-0.2,19.0086415700441));
#2148=CARTESIAN_POINT('',(0.489987485146141,-0.2,19.2646060987264));
#2149=CARTESIAN_POINT('',(0.525860770270705,-0.2,19.5383449068474));
#2150=CARTESIAN_POINT('',(0.571434468334555,-0.2,19.77714043319));
#2151=CARTESIAN_POINT('',(0.634247844781483,-0.2,19.998071257385));
#2152=CARTESIAN_POINT('',(0.730939407000522,-0.2,20.2629473837791));
#2153=CARTESIAN_POINT('',(0.959294835190844,-0.2,20.7909200643122));
#2154=CARTESIAN_POINT('',(1.17810370768856,-0.2,21.8326663925279));
#2155=CARTESIAN_POINT('',(1.22500000000001,-0.2,22.8201251909961));
#2156=CARTESIAN_POINT('',(1.22500000000001,-0.2,23.5));
#2157=CARTESIAN_POINT('',(1.22500000000001,0.25,9.));
#2158=CARTESIAN_POINT('',(1.22500000000001,0.25,9.48634322082735));
#2159=CARTESIAN_POINT('',(1.28109251921677,0.25,10.2062424312108));
#2160=CARTESIAN_POINT('',(1.43218096152714,0.25,10.8590822528436));
#2161=CARTESIAN_POINT('',(1.66935385064746,0.25,11.575613773107));
#2162=CARTESIAN_POINT('',(1.86582863450875,0.25,12.4168209582554));
#2163=CARTESIAN_POINT('',(1.98304914316212,0.25,13.4570411540233));
#2164=CARTESIAN_POINT('',(1.99526192524352,0.25,14.2339350827872));
#2165=CARTESIAN_POINT('',(1.84013753425539,0.25,15.4808276108521));
#2166=CARTESIAN_POINT('',(1.35612712935203,0.25,16.8895937649585));
#2167=CARTESIAN_POINT('',(0.713893994475654,0.25,18.0278356092529));
#2168=CARTESIAN_POINT('',(0.53046006544147,0.25,18.5634908909504));
#2169=CARTESIAN_POINT('',(0.477145261074735,0.25,18.7919376215275));
#2170=CARTESIAN_POINT('',(0.469729349061032,0.25,19.0086411952486));
#2171=CARTESIAN_POINT('',(0.489987485146141,0.25,19.2646076504931));
#2172=CARTESIAN_POINT('',(0.525860770270705,0.25,19.5383432543506));
#2173=CARTESIAN_POINT('',(0.571434468334555,0.25,19.7771310682522));
#2174=CARTESIAN_POINT('',(0.634247844781483,0.25,19.9981081196601));
#2175=CARTESIAN_POINT('',(0.730939407000523,0.25,20.2627516756405));
#2176=CARTESIAN_POINT('',(0.959294835190844,0.25,20.7924971261837));
#2177=CARTESIAN_POINT('',(1.17810370768856,0.25,21.8269084071825));
#2178=CARTESIAN_POINT('',(1.22500000000001,0.25,22.8325091155544));
#2179=CARTESIAN_POINT('',(1.22500000000001,0.25,23.5));
#2180=CARTESIAN_POINT('',(0.775000000000006,0.25,9.));
#2181=CARTESIAN_POINT('',(0.775000000000006,0.25,9.5171480941642));
#2182=CARTESIAN_POINT('',(0.832740539449084,0.25,10.2599469114666));
#2183=CARTESIAN_POINT('',(1.00172005427188,0.25,10.9937157568488));
#2184=CARTESIAN_POINT('',(1.23842644372255,0.25,11.7073635758551));
#2185=CARTESIAN_POINT('',(1.42186774043443,0.25,12.4921915740846));
#2186=CARTESIAN_POINT('',(1.5306545632038,0.25,13.4755551891705));
#2187=CARTESIAN_POINT('',(1.54297423578242,0.25,14.2143616675685));
#2188=CARTESIAN_POINT('',(1.4007235927967,0.25,15.38405680848));
#2189=CARTESIAN_POINT('',(0.952770140573435,0.25,16.6782577139978));
#2190=CARTESIAN_POINT('',(0.314642042530851,0.25,17.8197996063223));
#2191=CARTESIAN_POINT('',(0.0978669029418041,0.25,18.428543922078));
#2192=CARTESIAN_POINT('',(0.0313980760359988,0.25,18.7318980898106));
#2193=CARTESIAN_POINT('',(0.0168260239287228,0.25,19.0277462635477));
#2194=CARTESIAN_POINT('',(0.0419300321035472,0.25,19.3120831790979));
#2195=CARTESIAN_POINT('',(0.082367739634063,0.25,19.6137228056423));
#2196=CARTESIAN_POINT('',(0.131399470105093,0.25,19.8747076486336));
#2197=CARTESIAN_POINT('',(0.206098668426025,0.25,20.1388219947276));
#2198=CARTESIAN_POINT('',(0.318180161004134,0.25,20.4421238840271));
#2199=CARTESIAN_POINT('',(0.527587656001657,0.25,20.9306990647686));
#2200=CARTESIAN_POINT('',(0.727551562316959,0.25,21.8616014669752));
#2201=CARTESIAN_POINT('',(0.775000000000008,0.25,22.8572769646709));
#2202=CARTESIAN_POINT('',(0.775000000000008,0.25,23.5));
#2203=CARTESIAN_POINT('',(0.775000000000006,-0.2,9.));
#2204=CARTESIAN_POINT('',(0.775000000000006,-0.2,9.48634322082736));
#2205=CARTESIAN_POINT('',(0.832740539449083,-0.2,10.2742426935512));
#2206=CARTESIAN_POINT('',(1.00172005427188,-0.2,10.9898878295583));
#2207=CARTESIAN_POINT('',(1.23842644372255,-0.2,11.7083795029326));
#2208=CARTESIAN_POINT('',(1.42186774043443,-0.2,12.4921958694565));
#2209=CARTESIAN_POINT('',(1.5306545632038,-0.2,13.4753696872385));
#2210=CARTESIAN_POINT('',(1.54297423578242,-0.2,14.2143204325662));
#2211=CARTESIAN_POINT('',(1.4007235927967,-0.2,15.3841205518822));
#2212=CARTESIAN_POINT('',(0.952770140573435,-0.2,16.6782271139854));
#2213=CARTESIAN_POINT('',(0.314642042530851,-0.2,17.819803643976));
#2214=CARTESIAN_POINT('',(0.097866902941804,-0.2,18.4285436378716));
#2215=CARTESIAN_POINT('',(0.031398076035999,-0.2,18.7318982323141));
#2216=CARTESIAN_POINT('',(0.016826023928723,-0.2,19.0277470131387));
#2217=CARTESIAN_POINT('',(0.0419300321035467,-0.2,19.3120800755645));
#2218=CARTESIAN_POINT('',(0.0823677396340629,-0.2,19.613726110636));
#2219=CARTESIAN_POINT('',(0.131399470105095,-0.2,19.8747263785093));
#2220=CARTESIAN_POINT('',(0.206098668426024,-0.2,20.1387482701774));
#2221=CARTESIAN_POINT('',(0.318180161004135,-0.2,20.4425153003042));
#2222=CARTESIAN_POINT('',(0.527587656001658,-0.2,20.9275449410256));
#2223=CARTESIAN_POINT('',(0.727551562316958,-0.2,21.8731174376659));
#2224=CARTESIAN_POINT('',(0.775000000000008,-0.2,22.8325091155544));
#2225=CARTESIAN_POINT('',(0.775000000000008,-0.2,23.5));
#2226=CARTESIAN_POINT('',(1.00000000000001,-0.2,9.));
#2227=CARTESIAN_POINT('',(0.775000000000006,-0.2,9.));
#2228=CARTESIAN_POINT('',(1.22500000000001,-0.2,9.));
#2229=CARTESIAN_POINT('',(1.22500000000001,-0.2,9.));
#2230=CARTESIAN_POINT('',(1.22500000000001,-0.2,9.47094078415893));
#2231=CARTESIAN_POINT('',(1.28109251921677,-0.2,10.2133903222531));
#2232=CARTESIAN_POINT('',(1.43218096152714,-0.2,10.8571682891984));
#2233=CARTESIAN_POINT('',(1.66935385064746,-0.2,11.5761217366457));
#2234=CARTESIAN_POINT('',(1.86582863450875,-0.2,12.4168231059413));
#2235=CARTESIAN_POINT('',(1.98304914316212,-0.2,13.4569484030573));
#2236=CARTESIAN_POINT('',(1.99526192524352,-0.2,14.233914465286));
#2237=CARTESIAN_POINT('',(1.84013753425539,-0.2,15.4808594825532));
#2238=CARTESIAN_POINT('',(1.35612712935203,-0.2,16.8895784649523));
#2239=CARTESIAN_POINT('',(0.713893994475653,-0.2,18.0278376280797));
#2240=CARTESIAN_POINT('',(0.53046006544147,-0.2,18.5634907488473));
#2241=CARTESIAN_POINT('',(0.477145261074735,-0.2,18.7919376927792));
#2242=CARTESIAN_POINT('',(0.469729349061032,-0.2,19.0086415700441));
#2243=CARTESIAN_POINT('',(0.489987485146141,-0.2,19.2646060987264));
#2244=CARTESIAN_POINT('',(0.525860770270705,-0.2,19.5383449068474));
#2245=CARTESIAN_POINT('',(0.571434468334555,-0.2,19.77714043319));
#2246=CARTESIAN_POINT('',(0.634247844781483,-0.2,19.998071257385));
#2247=CARTESIAN_POINT('',(0.730939407000522,-0.2,20.2629473837791));
#2248=CARTESIAN_POINT('',(0.959294835190844,-0.2,20.7909200643122));
#2249=CARTESIAN_POINT('',(1.17810370768856,-0.2,21.8326663925279));
#2250=CARTESIAN_POINT('',(1.22500000000001,-0.2,22.8201251909961));
#2251=CARTESIAN_POINT('',(1.22500000000001,-0.2,23.5));
#2252=CARTESIAN_POINT('',(1.22500000000001,-0.2,23.5));
#2253=CARTESIAN_POINT('',(1.00000000000001,-0.2,23.5));
#2254=CARTESIAN_POINT('',(0.77500000000001,-0.2,23.5));
#2255=CARTESIAN_POINT('',(0.775000000000006,-0.2,9.));
#2256=CARTESIAN_POINT('',(0.775000000000006,-0.2,9.48634322082736));
#2257=CARTESIAN_POINT('',(0.832740539449083,-0.2,10.2742426935512));
#2258=CARTESIAN_POINT('',(1.00172005427188,-0.2,10.9898878295583));
#2259=CARTESIAN_POINT('',(1.23842644372255,-0.2,11.7083795029326));
#2260=CARTESIAN_POINT('',(1.42186774043443,-0.2,12.4921958694565));
#2261=CARTESIAN_POINT('',(1.5306545632038,-0.2,13.4753696872385));
#2262=CARTESIAN_POINT('',(1.54297423578242,-0.2,14.2143204325662));
#2263=CARTESIAN_POINT('',(1.4007235927967,-0.2,15.3841205518822));
#2264=CARTESIAN_POINT('',(0.952770140573435,-0.2,16.6782271139854));
#2265=CARTESIAN_POINT('',(0.314642042530851,-0.2,17.819803643976));
#2266=CARTESIAN_POINT('',(0.097866902941804,-0.2,18.4285436378716));
#2267=CARTESIAN_POINT('',(0.031398076035999,-0.2,18.7318982323141));
#2268=CARTESIAN_POINT('',(0.016826023928723,-0.2,19.0277470131387));
#2269=CARTESIAN_POINT('',(0.0419300321035467,-0.2,19.3120800755645));
#2270=CARTESIAN_POINT('',(0.0823677396340629,-0.2,19.613726110636));
#2271=CARTESIAN_POINT('',(0.131399470105095,-0.2,19.8747263785093));
#2272=CARTESIAN_POINT('',(0.206098668426024,-0.2,20.1387482701774));
#2273=CARTESIAN_POINT('',(0.318180161004135,-0.2,20.4425153003042));
#2274=CARTESIAN_POINT('',(0.527587656001658,-0.2,20.9275449410256));
#2275=CARTESIAN_POINT('',(0.727551562316958,-0.2,21.8731174376659));
#2276=CARTESIAN_POINT('',(0.775000000000008,-0.2,22.8325091155544));
#2277=CARTESIAN_POINT('',(0.77500000000001,-0.2,23.5));
#2278=CARTESIAN_POINT('',(1.00000000000001,-0.2,9.));
#2279=CARTESIAN_POINT('',(1.00000000000001,-0.2,9.));
#2280=CARTESIAN_POINT('',(1.22500000000001,-0.2,9.));
#2281=CARTESIAN_POINT('',(1.22500000000001,-0.2,7.));
#2282=CARTESIAN_POINT('',(1.00000000000001,-0.2,7.));
#2283=CARTESIAN_POINT('',(0.775000000000006,-0.2,7.));
#2284=CARTESIAN_POINT('',(0.775000000000006,-0.2,9.));
#2285=CARTESIAN_POINT('',(1.00000000000001,-0.2,23.5));
#2286=CARTESIAN_POINT('',(1.00000000000001,-0.2,23.5));
#2287=CARTESIAN_POINT('',(0.77500000000001,-0.2,23.5));
#2288=CARTESIAN_POINT('',(0.775000000000011,-0.2,25.5));
#2289=CARTESIAN_POINT('',(1.00000000000001,-0.2,25.5));
#2290=CARTESIAN_POINT('',(1.22500000000001,-0.2,25.5));
#2291=CARTESIAN_POINT('',(1.22500000000001,-0.2,23.5));
#2292=CARTESIAN_POINT('',(1.00000000000001,-0.2,23.5));
#2293=CARTESIAN_POINT('',(1.00000000000001,-0.2,25.5));
#2294=CARTESIAN_POINT('',(1.00000000000001,-0.2,9.));
#2295=CARTESIAN_POINT('',(1.00000000000001,-0.2,7.));
#2296=CARTESIAN_POINT('',(1.00000000000001,-0.2,7.));
#2297=CARTESIAN_POINT('',(1.00000000000001,-0.2,25.5));
#2298=CARTESIAN_POINT('',(0.775000000000006,-0.2,9.));
#2299=CARTESIAN_POINT('',(0.775000000000006,-0.2,9.48634322082736));
#2300=CARTESIAN_POINT('',(0.832740539449083,-0.2,10.2742426935512));
#2301=CARTESIAN_POINT('',(1.00172005427188,-0.2,10.9898878295583));
#2302=CARTESIAN_POINT('',(1.23842644372255,-0.2,11.7083795029326));
#2303=CARTESIAN_POINT('',(1.42186774043443,-0.2,12.4921958694565));
#2304=CARTESIAN_POINT('',(1.5306545632038,-0.2,13.4753696872385));
#2305=CARTESIAN_POINT('',(1.54297423578242,-0.2,14.2143204325662));
#2306=CARTESIAN_POINT('',(1.4007235927967,-0.2,15.3841205518822));
#2307=CARTESIAN_POINT('',(0.952770140573435,-0.2,16.6782271139854));
#2308=CARTESIAN_POINT('',(0.314642042530851,-0.2,17.819803643976));
#2309=CARTESIAN_POINT('',(0.097866902941804,-0.2,18.4285436378716));
#2310=CARTESIAN_POINT('',(0.031398076035999,-0.2,18.7318982323141));
#2311=CARTESIAN_POINT('',(0.016826023928723,-0.2,19.0277470131387));
#2312=CARTESIAN_POINT('',(0.0419300321035467,-0.2,19.3120800755645));
#2313=CARTESIAN_POINT('',(0.0823677396340629,-0.2,19.613726110636));
#2314=CARTESIAN_POINT('',(0.131399470105095,-0.2,19.8747263785093));
#2315=CARTESIAN_POINT('',(0.206098668426024,-0.2,20.1387482701774));
#2316=CARTESIAN_POINT('',(0.318180161004135,-0.2,20.4425153003042));
#2317=CARTESIAN_POINT('',(0.527587656001658,-0.2,20.9275449410256));
#2318=CARTESIAN_POINT('',(0.727551562316958,-0.2,21.8731174376659));
#2319=CARTESIAN_POINT('',(0.775000000000008,-0.2,22.8325091155544));
#2320=CARTESIAN_POINT('',(0.775000000000008,-0.2,23.5));
#2321=CARTESIAN_POINT('',(0.775000000000006,-0.65,9.));
#2322=CARTESIAN_POINT('',(0.775000000000006,-0.65,9.4555383474905));
#2323=CARTESIAN_POINT('',(0.832740539449084,-0.65,10.2885384756359));
#2324=CARTESIAN_POINT('',(1.00172005427188,-0.65,10.9860599022678));
#2325=CARTESIAN_POINT('',(1.23842644372255,-0.65,11.7093954300101));
#2326=CARTESIAN_POINT('',(1.42186774043443,-0.65,12.4922001648283));
#2327=CARTESIAN_POINT('',(1.5306545632038,-0.65,13.4751841853065));
#2328=CARTESIAN_POINT('',(1.54297423578242,-0.65,14.2142791975638));
#2329=CARTESIAN_POINT('',(1.4007235927967,-0.65,15.3841842952844));
#2330=CARTESIAN_POINT('',(0.952770140573435,-0.650000000000001,16.6781965139729));
#2331=CARTESIAN_POINT('',(0.314642042530851,-0.65,17.8198076816296));
#2332=CARTESIAN_POINT('',(0.0978669029418041,-0.65,18.4285433536652));
#2333=CARTESIAN_POINT('',(0.0313980760359988,-0.65,18.7318983748176));
#2334=CARTESIAN_POINT('',(0.0168260239287228,-0.65,19.0277477627297));
#2335=CARTESIAN_POINT('',(0.0419300321035472,-0.65,19.3120769720311));
#2336=CARTESIAN_POINT('',(0.082367739634063,-0.65,19.6137294156297));
#2337=CARTESIAN_POINT('',(0.131399470105093,-0.65,19.8747451083851));
#2338=CARTESIAN_POINT('',(0.206098668426025,-0.65,20.1386745456272));
#2339=CARTESIAN_POINT('',(0.318180161004134,-0.65,20.4429067165813));
#2340=CARTESIAN_POINT('',(0.527587656001657,-0.65,20.9243908172827));
#2341=CARTESIAN_POINT('',(0.727551562316959,-0.65,21.8846334083567));
#2342=CARTESIAN_POINT('',(0.775000000000008,-0.65,22.8077412664379));
#2343=CARTESIAN_POINT('',(0.775000000000008,-0.65,23.5));
#2344=CARTESIAN_POINT('',(1.22500000000001,-0.650000000000001,9.));
#2345=CARTESIAN_POINT('',(1.22500000000001,-0.650000000000001,9.4555383474905));
#2346=CARTESIAN_POINT('',(1.28109251921677,-0.650000000000001,10.2205382132954));
#2347=CARTESIAN_POINT('',(1.43218096152714,-0.65,10.8552543255531));
#2348=CARTESIAN_POINT('',(1.66935385064746,-0.650000000000001,11.5766297001844));
#2349=CARTESIAN_POINT('',(1.86582863450875,-0.65,12.4168252536272));
#2350=CARTESIAN_POINT('',(1.98304914316212,-0.650000000000001,13.4568556520913));
#2351=CARTESIAN_POINT('',(1.99526192524352,-0.650000000000001,14.2338938477848));
#2352=CARTESIAN_POINT('',(1.84013753425539,-0.650000000000001,15.4808913542543));
#2353=CARTESIAN_POINT('',(1.35612712935203,-0.650000000000001,16.889563164946));
#2354=CARTESIAN_POINT('',(0.713893994475654,-0.65,18.0278396469065));
#2355=CARTESIAN_POINT('',(0.53046006544147,-0.65,18.5634906067441));
#2356=CARTESIAN_POINT('',(0.477145261074735,-0.65,18.791937764031));
#2357=CARTESIAN_POINT('',(0.469729349061032,-0.65,19.0086419448395));
#2358=CARTESIAN_POINT('',(0.489987485146141,-0.65,19.2646045469597));
#2359=CARTESIAN_POINT('',(0.525860770270705,-0.65,19.5383465593443));
#2360=CARTESIAN_POINT('',(0.571434468334555,-0.65,19.7771497981279));
#2361=CARTESIAN_POINT('',(0.634247844781483,-0.650000000000001,19.9980343951098));
#2362=CARTESIAN_POINT('',(0.730939407000523,-0.65,20.2631430919176));
#2363=CARTESIAN_POINT('',(0.959294835190844,-0.650000000000001,20.7893430024407));
#2364=CARTESIAN_POINT('',(1.17810370768856,-0.65,21.8384243778733));
#2365=CARTESIAN_POINT('',(1.22500000000001,-0.650000000000001,22.8077412664379));
#2366=CARTESIAN_POINT('',(1.22500000000001,-0.650000000000001,23.5));
#2367=CARTESIAN_POINT('',(1.22500000000001,-0.2,9.));
#2368=CARTESIAN_POINT('',(1.22500000000001,-0.2,9.47094078415893));
#2369=CARTESIAN_POINT('',(1.28109251921677,-0.2,10.2133903222531));
#2370=CARTESIAN_POINT('',(1.43218096152714,-0.2,10.8571682891984));
#2371=CARTESIAN_POINT('',(1.66935385064746,-0.2,11.5761217366457));
#2372=CARTESIAN_POINT('',(1.86582863450875,-0.2,12.4168231059413));
#2373=CARTESIAN_POINT('',(1.98304914316212,-0.2,13.4569484030573));
#2374=CARTESIAN_POINT('',(1.99526192524352,-0.2,14.233914465286));
#2375=CARTESIAN_POINT('',(1.84013753425539,-0.2,15.4808594825532));
#2376=CARTESIAN_POINT('',(1.35612712935203,-0.2,16.8895784649523));
#2377=CARTESIAN_POINT('',(0.713893994475653,-0.2,18.0278376280797));
#2378=CARTESIAN_POINT('',(0.53046006544147,-0.2,18.5634907488473));
#2379=CARTESIAN_POINT('',(0.477145261074735,-0.2,18.7919376927792));
#2380=CARTESIAN_POINT('',(0.469729349061032,-0.2,19.0086415700441));
#2381=CARTESIAN_POINT('',(0.489987485146141,-0.2,19.2646060987264));
#2382=CARTESIAN_POINT('',(0.525860770270705,-0.2,19.5383449068474));
#2383=CARTESIAN_POINT('',(0.571434468334555,-0.2,19.77714043319));
#2384=CARTESIAN_POINT('',(0.634247844781483,-0.2,19.998071257385));
#2385=CARTESIAN_POINT('',(0.730939407000522,-0.2,20.2629473837791));
#2386=CARTESIAN_POINT('',(0.959294835190844,-0.2,20.7909200643122));
#2387=CARTESIAN_POINT('',(1.17810370768856,-0.2,21.8326663925279));
#2388=CARTESIAN_POINT('',(1.22500000000001,-0.2,22.8201251909961));
#2389=CARTESIAN_POINT('',(1.22500000000001,-0.2,23.5));
#2390=CARTESIAN_POINT('',(1.22500000000001,0.25,9.));
#2391=CARTESIAN_POINT('',(1.22500000000001,0.25,9.48634322082735));
#2392=CARTESIAN_POINT('',(1.28109251921677,0.25,10.2062424312108));
#2393=CARTESIAN_POINT('',(1.43218096152714,0.25,10.8590822528436));
#2394=CARTESIAN_POINT('',(1.66935385064746,0.25,11.575613773107));
#2395=CARTESIAN_POINT('',(1.86582863450875,0.25,12.4168209582554));
#2396=CARTESIAN_POINT('',(1.98304914316212,0.25,13.4570411540233));
#2397=CARTESIAN_POINT('',(1.99526192524352,0.25,14.2339350827872));
#2398=CARTESIAN_POINT('',(1.84013753425539,0.25,15.4808276108521));
#2399=CARTESIAN_POINT('',(1.35612712935203,0.25,16.8895937649585));
#2400=CARTESIAN_POINT('',(0.713893994475654,0.25,18.0278356092529));
#2401=CARTESIAN_POINT('',(0.53046006544147,0.25,18.5634908909504));
#2402=CARTESIAN_POINT('',(0.477145261074735,0.25,18.7919376215275));
#2403=CARTESIAN_POINT('',(0.469729349061032,0.25,19.0086411952486));
#2404=CARTESIAN_POINT('',(0.489987485146141,0.25,19.2646076504931));
#2405=CARTESIAN_POINT('',(0.525860770270705,0.25,19.5383432543506));
#2406=CARTESIAN_POINT('',(0.571434468334555,0.25,19.7771310682522));
#2407=CARTESIAN_POINT('',(0.634247844781483,0.25,19.9981081196601));
#2408=CARTESIAN_POINT('',(0.730939407000523,0.25,20.2627516756405));
#2409=CARTESIAN_POINT('',(0.959294835190844,0.25,20.7924971261837));
#2410=CARTESIAN_POINT('',(1.17810370768856,0.25,21.8269084071825));
#2411=CARTESIAN_POINT('',(1.22500000000001,0.25,22.8325091155544));
#2412=CARTESIAN_POINT('',(1.22500000000001,0.25,23.5));
#2413=CARTESIAN_POINT('',(0.775000000000006,0.25,9.));
#2414=CARTESIAN_POINT('',(0.775000000000006,0.25,9.5171480941642));
#2415=CARTESIAN_POINT('',(0.832740539449084,0.25,10.2599469114666));
#2416=CARTESIAN_POINT('',(1.00172005427188,0.25,10.9937157568488));
#2417=CARTESIAN_POINT('',(1.23842644372255,0.25,11.7073635758551));
#2418=CARTESIAN_POINT('',(1.42186774043443,0.25,12.4921915740846));
#2419=CARTESIAN_POINT('',(1.5306545632038,0.25,13.4755551891705));
#2420=CARTESIAN_POINT('',(1.54297423578242,0.25,14.2143616675685));
#2421=CARTESIAN_POINT('',(1.4007235927967,0.25,15.38405680848));
#2422=CARTESIAN_POINT('',(0.952770140573435,0.25,16.6782577139978));
#2423=CARTESIAN_POINT('',(0.314642042530851,0.25,17.8197996063223));
#2424=CARTESIAN_POINT('',(0.0978669029418041,0.25,18.428543922078));
#2425=CARTESIAN_POINT('',(0.0313980760359988,0.25,18.7318980898106));
#2426=CARTESIAN_POINT('',(0.0168260239287228,0.25,19.0277462635477));
#2427=CARTESIAN_POINT('',(0.0419300321035472,0.25,19.3120831790979));
#2428=CARTESIAN_POINT('',(0.082367739634063,0.25,19.6137228056423));
#2429=CARTESIAN_POINT('',(0.131399470105093,0.25,19.8747076486336));
#2430=CARTESIAN_POINT('',(0.206098668426025,0.25,20.1388219947276));
#2431=CARTESIAN_POINT('',(0.318180161004134,0.25,20.4421238840271));
#2432=CARTESIAN_POINT('',(0.527587656001657,0.25,20.9306990647686));
#2433=CARTESIAN_POINT('',(0.727551562316959,0.25,21.8616014669752));
#2434=CARTESIAN_POINT('',(0.775000000000008,0.25,22.8572769646709));
#2435=CARTESIAN_POINT('',(0.775000000000008,0.25,23.5));
#2436=CARTESIAN_POINT('',(0.775000000000006,-0.2,9.));
#2437=CARTESIAN_POINT('',(0.775000000000006,-0.2,9.48634322082736));
#2438=CARTESIAN_POINT('',(0.832740539449083,-0.2,10.2742426935512));
#2439=CARTESIAN_POINT('',(1.00172005427188,-0.2,10.9898878295583));
#2440=CARTESIAN_POINT('',(1.23842644372255,-0.2,11.7083795029326));
#2441=CARTESIAN_POINT('',(1.42186774043443,-0.2,12.4921958694565));
#2442=CARTESIAN_POINT('',(1.5306545632038,-0.2,13.4753696872385));
#2443=CARTESIAN_POINT('',(1.54297423578242,-0.2,14.2143204325662));
#2444=CARTESIAN_POINT('',(1.4007235927967,-0.2,15.3841205518822));
#2445=CARTESIAN_POINT('',(0.952770140573435,-0.2,16.6782271139854));
#2446=CARTESIAN_POINT('',(0.314642042530851,-0.2,17.819803643976));
#2447=CARTESIAN_POINT('',(0.097866902941804,-0.2,18.4285436378716));
#2448=CARTESIAN_POINT('',(0.031398076035999,-0.2,18.7318982323141));
#2449=CARTESIAN_POINT('',(0.016826023928723,-0.2,19.0277470131387));
#2450=CARTESIAN_POINT('',(0.0419300321035467,-0.2,19.3120800755645));
#2451=CARTESIAN_POINT('',(0.0823677396340629,-0.2,19.613726110636));
#2452=CARTESIAN_POINT('',(0.131399470105095,-0.2,19.8747263785093));
#2453=CARTESIAN_POINT('',(0.206098668426024,-0.2,20.1387482701774));
#2454=CARTESIAN_POINT('',(0.318180161004135,-0.2,20.4425153003042));
#2455=CARTESIAN_POINT('',(0.527587656001658,-0.2,20.9275449410256));
#2456=CARTESIAN_POINT('',(0.727551562316958,-0.2,21.8731174376659));
#2457=CARTESIAN_POINT('',(0.775000000000008,-0.2,22.8325091155544));
#2458=CARTESIAN_POINT('',(0.775000000000008,-0.2,23.5));
#2459=CARTESIAN_POINT('',(0.,0.,0.));
#2460=CARTESIAN_POINT('',(0.,-0.25,0.));
#2461=CARTESIAN_POINT('',(0.,-0.25,0.));
#2462=CARTESIAN_POINT('',(7.04171909509728E-016,-0.25,-5.75));
#2463=CARTESIAN_POINT('',(0.,-0.25,5.75));
#2464=CARTESIAN_POINT('',(7.04171909509728E-016,-0.25,-5.75));
#2465=CARTESIAN_POINT('',(7.04171909509728E-016,-0.1,-5.75));
#2466=CARTESIAN_POINT('',(0.,-0.1,0.));
#2467=CARTESIAN_POINT('',(0.,-0.1,5.75));
#2468=CARTESIAN_POINT('',(0.,-0.25,5.75));
#2469=CARTESIAN_POINT('',(0.,-0.25,0.));
#2470=CARTESIAN_POINT('',(0.,-0.25,0.));
#2471=CARTESIAN_POINT('',(0.,-0.1,0.));
#2472=CARTESIAN_POINT('',(0.,-0.25,0.));
#2473=CARTESIAN_POINT('',(0.,-0.1,0.));
#2474=CARTESIAN_POINT('',(0.,0.,0.));
#2475=CARTESIAN_POINT('',(1.04083408558608E-014,3.7484,1.04083408558608E-014));
#2476=CARTESIAN_POINT('',(0.,3.7484,0.));
#2477=CARTESIAN_POINT('',(0.,3.7484,-8.));
#2478=CARTESIAN_POINT('',(9.79717439317883E-016,3.7484,8.));
#2479=CARTESIAN_POINT('',(0.,3.7484,0.));
#2480=CARTESIAN_POINT('',(4.8,3.7484,-4.9439619065339E-014));
#2481=CARTESIAN_POINT('',(4.8,3.7484,-1.00000000000005));
#2482=CARTESIAN_POINT('',(4.8,3.7484,0.99999999999995));
#2483=CARTESIAN_POINT('',(4.8,3.7484,-4.9439619065339E-014));
#2484=CARTESIAN_POINT('',(9.97465998686664E-014,3.7484,4.8));
#2485=CARTESIAN_POINT('',(9.98690645485811E-014,3.7484,3.8));
#2486=CARTESIAN_POINT('',(9.97465998686664E-014,3.7484,5.8));
#2487=CARTESIAN_POINT('',(9.97465998686664E-014,3.7484,4.8));
#2488=CARTESIAN_POINT('',(-4.8,3.7484,8.3917248150378E-014));
#2489=CARTESIAN_POINT('',(-4.8,3.7484,-0.999999999999916));
#2490=CARTESIAN_POINT('',(-4.8,3.7484,1.00000000000008));
#2491=CARTESIAN_POINT('',(-4.8,3.7484,8.3917248150378E-014));
#2492=CARTESIAN_POINT('',(0.,3.7484,0.));
#2493=CARTESIAN_POINT('',(2.14313189850787E-016,3.7484,-1.75));
#2494=CARTESIAN_POINT('',(0.,3.7484,1.75));
#2495=CARTESIAN_POINT('',(0.,3.7484,0.));
#2496=CARTESIAN_POINT('',(0.,3.7484,-4.8));
#2497=CARTESIAN_POINT('',(1.22464679914735E-016,3.7484,-5.8));
#2498=CARTESIAN_POINT('',(0.,3.7484,-3.8));
#2499=CARTESIAN_POINT('',(0.,3.7484,-4.8));
#2500=CARTESIAN_POINT('',(-3.39411254969548,3.7484,-3.39411254969537));
#2501=CARTESIAN_POINT('',(-3.39411254969548,3.7484,-4.39411254969537));
#2502=CARTESIAN_POINT('',(-3.39411254969548,3.7484,-2.39411254969537));
#2503=CARTESIAN_POINT('',(-3.39411254969548,3.7484,-3.39411254969537));
#2504=CARTESIAN_POINT('',(-3.39411254969536,3.7484,3.39411254969549));
#2505=CARTESIAN_POINT('',(-3.39411254969536,3.7484,2.39411254969549));
#2506=CARTESIAN_POINT('',(-3.39411254969536,3.7484,4.39411254969549));
#2507=CARTESIAN_POINT('',(-3.39411254969536,3.7484,3.39411254969549));
#2508=CARTESIAN_POINT('',(3.39411254969551,3.7484,3.39411254969535));
#2509=CARTESIAN_POINT('',(3.39411254969551,3.7484,2.39411254969535));
#2510=CARTESIAN_POINT('',(3.39411254969551,3.7484,4.39411254969535));
#2511=CARTESIAN_POINT('',(3.39411254969551,3.7484,3.39411254969535));
#2512=CARTESIAN_POINT('',(3.39411254969539,3.7484,-3.39411254969547));
#2513=CARTESIAN_POINT('',(3.39411254969539,3.7484,-4.39411254969547));
#2514=CARTESIAN_POINT('',(3.39411254969539,3.7484,-2.39411254969547));
#2515=CARTESIAN_POINT('',(3.39411254969539,3.7484,-3.39411254969547));
#2516=CARTESIAN_POINT('',(3.39411254969539,2.75,-3.39411254969547));
#2517=CARTESIAN_POINT('',(3.39411254969539,2.75,-4.39411254969547));
#2518=CARTESIAN_POINT('',(3.39411254969539,2.75,-4.39411254969547));
#2519=CARTESIAN_POINT('',(3.39411254969539,2.75,-3.39411254969547));
#2520=CARTESIAN_POINT('',(3.39411254969539,2.75,-2.39411254969547));
#2521=CARTESIAN_POINT('',(3.39411254969539,2.75,-2.39411254969547));
#2522=CARTESIAN_POINT('',(3.39411254969551,2.75,3.39411254969535));
#2523=CARTESIAN_POINT('',(3.39411254969551,2.75,2.39411254969535));
#2524=CARTESIAN_POINT('',(3.39411254969551,2.75,2.39411254969535));
#2525=CARTESIAN_POINT('',(3.39411254969551,2.75,3.39411254969535));
#2526=CARTESIAN_POINT('',(3.39411254969551,2.75,4.39411254969535));
#2527=CARTESIAN_POINT('',(3.39411254969551,2.75,4.39411254969535));
#2528=CARTESIAN_POINT('',(-3.39411254969536,2.75,3.39411254969549));
#2529=CARTESIAN_POINT('',(-3.39411254969536,2.75,2.39411254969549));
#2530=CARTESIAN_POINT('',(-3.39411254969536,2.75,2.39411254969549));
#2531=CARTESIAN_POINT('',(-3.39411254969536,2.75,3.39411254969549));
#2532=CARTESIAN_POINT('',(-3.39411254969536,2.75,4.39411254969549));
#2533=CARTESIAN_POINT('',(-3.39411254969536,2.75,4.39411254969549));
#2534=CARTESIAN_POINT('',(-3.39411254969548,2.75,-3.39411254969537));
#2535=CARTESIAN_POINT('',(-3.39411254969548,2.75,-4.39411254969537));
#2536=CARTESIAN_POINT('',(-3.39411254969548,2.75,-4.39411254969537));
#2537=CARTESIAN_POINT('',(-3.39411254969548,2.75,-3.39411254969537));
#2538=CARTESIAN_POINT('',(-3.39411254969548,2.75,-2.39411254969537));
#2539=CARTESIAN_POINT('',(-3.39411254969548,2.75,-2.39411254969537));
#2540=CARTESIAN_POINT('',(0.,2.75,-4.8));
#2541=CARTESIAN_POINT('',(1.22464679914735E-016,2.75,-5.8));
#2542=CARTESIAN_POINT('',(1.22464679914735E-016,2.75,-5.8));
#2543=CARTESIAN_POINT('',(0.,2.75,-4.8));
#2544=CARTESIAN_POINT('',(0.,2.75,-3.8));
#2545=CARTESIAN_POINT('',(0.,2.75,-3.8));
#2546=CARTESIAN_POINT('',(0.,2.75,0.));
#2547=CARTESIAN_POINT('',(2.14313189850787E-016,2.75,-1.75));
#2548=CARTESIAN_POINT('',(2.14313189850787E-016,2.75,-1.75));
#2549=CARTESIAN_POINT('',(0.,2.75,0.));
#2550=CARTESIAN_POINT('',(0.,2.75,1.75));
#2551=CARTESIAN_POINT('',(0.,2.75,1.75));
#2552=CARTESIAN_POINT('',(-4.8,2.75,8.3917248150378E-014));
#2553=CARTESIAN_POINT('',(-4.8,2.75,-0.999999999999916));
#2554=CARTESIAN_POINT('',(-4.8,2.75,-0.999999999999916));
#2555=CARTESIAN_POINT('',(-4.8,2.75,8.3917248150378E-014));
#2556=CARTESIAN_POINT('',(-4.8,2.75,1.00000000000008));
#2557=CARTESIAN_POINT('',(-4.8,2.75,1.00000000000008));
#2558=CARTESIAN_POINT('',(9.97465998686664E-014,2.75,4.8));
#2559=CARTESIAN_POINT('',(9.98690645485811E-014,2.75,3.8));
#2560=CARTESIAN_POINT('',(9.98690645485811E-014,2.75,3.8));
#2561=CARTESIAN_POINT('',(9.97465998686664E-014,2.75,4.8));
#2562=CARTESIAN_POINT('',(9.97465998686664E-014,2.75,5.8));
#2563=CARTESIAN_POINT('',(9.97465998686664E-014,2.75,5.8));
#2564=CARTESIAN_POINT('',(4.8,2.75,-4.9439619065339E-014));
#2565=CARTESIAN_POINT('',(4.8,2.75,-1.00000000000005));
#2566=CARTESIAN_POINT('',(4.8,2.75,-1.00000000000005));
#2567=CARTESIAN_POINT('',(4.8,2.75,-4.9439619065339E-014));
#2568=CARTESIAN_POINT('',(4.8,2.75,0.99999999999995));
#2569=CARTESIAN_POINT('',(4.8,2.75,0.99999999999995));
#2570=CARTESIAN_POINT('',(0.,3.75,0.));
#2571=CARTESIAN_POINT('',(0.,3.75,-8.));
#2572=CARTESIAN_POINT('',(0.,0.,-8.));
#2573=CARTESIAN_POINT('',(0.,0.,0.));
#2574=CARTESIAN_POINT('',(-1.8734122805389,0.,7.77755272737678));
#2575=CARTESIAN_POINT('',(-1.8734122805389,0.,7.77755272737678));
#2576=CARTESIAN_POINT('',(-1.72882936495693,6.60368061503134E-016,7.81237903059861));
#2577=CARTESIAN_POINT('',(-1.58453917987794,-0.0219672803221306,7.84289617403929));
#2578=CARTESIAN_POINT('',(-1.29416275093074,-0.0574052340770729,7.89600706581699));
#2579=CARTESIAN_POINT('',(-1.14789085227477,-0.0669118624928602,7.91862143717947));
#2580=CARTESIAN_POINT('',(-1.00000000000001,-0.0571456939491126,7.93725393319378));
#2581=CARTESIAN_POINT('',(-1.00000000000001,-0.0571456939491126,7.93725393319378));
#2582=CARTESIAN_POINT('',(-1.00000000000001,-0.0571456939491126,7.93725393319378));
#2583=CARTESIAN_POINT('',(-0.794560305053201,-0.0435792112651004,7.96313690187235));
#2584=CARTESIAN_POINT('',(-0.588525710331034,8.00447412933032E-016,7.98107367954064));
#2585=CARTESIAN_POINT('',(-0.379238974348169,0.,7.9910060568326));
#2586=CARTESIAN_POINT('',(-0.379238974348169,0.,7.9910060568326));
#2587=CARTESIAN_POINT('',(0.,0.,0.));
#2588=CARTESIAN_POINT('',(9.79717439317883E-016,0.,8.));
#2589=CARTESIAN_POINT('',(9.79717439317883E-016,3.75,8.));
#2590=CARTESIAN_POINT('',(3.39411254969539,2.75,-3.39411254969547));
#2591=CARTESIAN_POINT('',(3.39411254969539,2.75,-3.39411254969547));
#2592=CARTESIAN_POINT('',(3.39411254969551,2.75,3.39411254969535));
#2593=CARTESIAN_POINT('',(3.39411254969551,2.75,3.39411254969535));
#2594=CARTESIAN_POINT('',(-3.39411254969536,2.75,3.39411254969549));
#2595=CARTESIAN_POINT('',(-3.39411254969536,2.75,3.39411254969549));
#2596=CARTESIAN_POINT('',(-3.39411254969548,2.75,-3.39411254969537));
#2597=CARTESIAN_POINT('',(-3.39411254969548,2.75,-3.39411254969537));
#2598=CARTESIAN_POINT('',(0.,2.75,-4.8));
#2599=CARTESIAN_POINT('',(0.,2.75,-4.8));
#2600=CARTESIAN_POINT('',(0.,2.75,0.));
#2601=CARTESIAN_POINT('',(0.,2.75,0.));
#2602=CARTESIAN_POINT('',(-4.8,2.75,8.3917248150378E-014));
#2603=CARTESIAN_POINT('',(-4.8,2.75,8.3917248150378E-014));
#2604=CARTESIAN_POINT('',(9.97465998686664E-014,2.75,4.8));
#2605=CARTESIAN_POINT('',(9.97465998686664E-014,2.75,4.8));
#2606=CARTESIAN_POINT('',(4.8,2.75,-4.9439619065339E-014));
#2607=CARTESIAN_POINT('',(4.8,2.75,-4.9439619065339E-014));
#2608=CARTESIAN_POINT('',(-1.00000000000001,-0.5,7.));
#2609=CARTESIAN_POINT('',(-1.00000000000001,-0.1,7.));
#2610=CARTESIAN_POINT('',(-1.00000000000001,-0.1,6.13062527150309));
#2611=CARTESIAN_POINT('',(-1.14896488092344,-0.1,6.14348270140029));
#2612=CARTESIAN_POINT('',(-1.00000000000001,-0.5,5.83062527150309));
#2613=CARTESIAN_POINT('',(-1.00000000000001,-0.28125,6.28023447681366));
#2614=CARTESIAN_POINT('',(-1.00000000000001,-0.28125,7.));
#2615=CARTESIAN_POINT('',(-1.00000000000001,-0.28125,7.71976552318634));
#2616=CARTESIAN_POINT('',(-1.00000000000001,-0.5,8.16937472849691));
#2617=CARTESIAN_POINT('',(-1.00000000000001,0.,7.));
#2618=CARTESIAN_POINT('',(-1.65036659204069,0.,6.02816639716224));
#2619=CARTESIAN_POINT('',(-1.14896488092344,-0.1,6.14348270140029));
#2620=CARTESIAN_POINT('',(-1.23221852328705,-0.0777960675005866,6.12791245957915));
#2621=CARTESIAN_POINT('',(-1.31436925486739,-0.0520896406006318,6.11082647711345));
#2622=CARTESIAN_POINT('',(-1.48054359347445,-0.0134104269851641,6.07270594046453));
#2623=CARTESIAN_POINT('',(-1.56545438864824,7.00496247379306E-016,6.05141331081768));
#2624=CARTESIAN_POINT('',(-1.65036659204069,0.,6.02816639716224));
#2625=CARTESIAN_POINT('',(1.00000000000001,-0.5,7.));
#2626=CARTESIAN_POINT('',(1.00000000000001,-0.1,7.));
#2627=CARTESIAN_POINT('',(1.00000000000001,-0.1,6.13062527150309));
#2628=CARTESIAN_POINT('',(0.617168870705592,-0.1,6.21945356000284));
#2629=CARTESIAN_POINT('',(1.00000000000001,-0.5,5.83062527150309));
#2630=CARTESIAN_POINT('',(1.00000000000001,-0.28125,6.28023447681366));
#2631=CARTESIAN_POINT('',(1.00000000000001,-0.28125,7.));
#2632=CARTESIAN_POINT('',(1.00000000000001,-0.28125,7.71976552318634));
#2633=CARTESIAN_POINT('',(1.00000000000001,-0.5,8.16937472849691));
#2634=CARTESIAN_POINT('',(1.00000000000001,-0.0571456939490832,7.93725393319377));
#2635=CARTESIAN_POINT('',(0.379238974348169,0.,7.9910060568326));
#2636=CARTESIAN_POINT('',(0.587946256589932,8.74748981759933E-016,7.98110117938746));
#2637=CARTESIAN_POINT('',(0.793715145794308,-0.0435234000528966,7.96324338193032));
#2638=CARTESIAN_POINT('',(1.00000000000001,-0.0571456939490832,7.93725393319377));
#2639=CARTESIAN_POINT('',(0.379238974348169,0.,7.9910060568326));
#2640=CARTESIAN_POINT('',(1.00000000000001,0.,7.));
#2641=CARTESIAN_POINT('',(0.,0.,7.60616602977007));
#2642=CARTESIAN_POINT('',(0.,0.,6.39383397022993));
#2643=CARTESIAN_POINT('',(-2.8510482504546E-015,2.03017915589095E-015,6.596131203978));
#2644=CARTESIAN_POINT('',(4.53162626781054E-017,-0.0295616473039029,6.79745824075153));
#2645=CARTESIAN_POINT('',(4.53162626781051E-017,-0.0295617373066834,7.20254052501665));
#2646=CARTESIAN_POINT('',(3.78383787554951E-017,-4.65868120989865E-017,7.40386879602201));
#2647=CARTESIAN_POINT('',(0.,0.,7.60616602977007));
#2648=CARTESIAN_POINT('',(0.,0.,6.39383397022993));
#2649=CARTESIAN_POINT('',(1.00000000000001,0.,7.));
#2650=CARTESIAN_POINT('',(0.103534662846376,0.,6.24914238704715));
#2651=CARTESIAN_POINT('',(0.617168870705592,-0.1,6.21945356000284));
#2652=CARTESIAN_POINT('',(0.532885706326605,-0.0777960675005866,6.22781714771636));
#2653=CARTESIAN_POINT('',(0.449236928919079,-0.052089640600632,6.23441680939179));
#2654=CARTESIAN_POINT('',(0.279035813594606,-0.0134104269851643,6.2443499090188));
#2655=CARTESIAN_POINT('',(0.191559513926647,8.03834266944331E-016,6.24768400720648));
#2656=CARTESIAN_POINT('',(0.103534662846376,0.,6.24914238704715));
#2657=CARTESIAN_POINT('',(1.00000000000001,-0.15,7.));
#2658=CARTESIAN_POINT('',(1.00000000000001,-0.28125,7.));
#2659=CARTESIAN_POINT('',(1.00000000000001,-0.15,7.45));
#2660=CARTESIAN_POINT('',(1.00000000000001,-0.45,7.45));
#2661=CARTESIAN_POINT('',(1.00000000000001,-0.45,7.));
#2662=CARTESIAN_POINT('',(1.00000000000001,-0.45,6.55));
#2663=CARTESIAN_POINT('',(1.00000000000001,-0.15,6.55));
#2664=CARTESIAN_POINT('',(-1.00000000000001,-0.15,7.));
#2665=CARTESIAN_POINT('',(-1.00000000000001,-0.45,7.));
#2666=CARTESIAN_POINT('',(-1.00000000000001,-0.45,6.55));
#2667=CARTESIAN_POINT('',(-1.00000000000001,-0.45,7.45));
#2668=CARTESIAN_POINT('',(-1.00000000000001,-0.15,6.55));
#2669=CARTESIAN_POINT('',(-1.00000000000001,-0.28125,7.));
#2670=CARTESIAN_POINT('',(-1.00000000000001,-0.15,7.45));
#2671=CARTESIAN_POINT('',(0.,3.75,0.));
#2672=CARTESIAN_POINT('',(0.,0.,0.));
#2673=CARTESIAN_POINT('',(1.00000000000001,-0.0571456939490832,7.93725393319377));
#2674=CARTESIAN_POINT('',(1.1456650978921,-0.0667648818508975,7.91890185587356));
#2675=CARTESIAN_POINT('',(1.2920514072251,-0.0576260684078434,7.89636173811847));
#2676=CARTESIAN_POINT('',(1.58337531641597,-0.0221457465959014,7.84314019672594));
#2677=CARTESIAN_POINT('',(1.72793658222828,5.59041745187838E-016,7.81259407898032));
#2678=CARTESIAN_POINT('',(1.8734122805389,0.,7.77755272737678));
#2679=CARTESIAN_POINT('',(1.8734122805389,0.,7.77755272737678));
#2680=CARTESIAN_POINT('',(0.,0.,0.));
#2681=CARTESIAN_POINT('',(0.,-0.1,0.));
#2682=CARTESIAN_POINT('',(0.,-0.1,0.));
#2683=CARTESIAN_POINT('',(0.,-0.1,6.25));
#2684=CARTESIAN_POINT('',(-0.617168870705591,-0.1,6.21945356000284));
#2685=CARTESIAN_POINT('',(0.,-0.1,6.25));
#2686=CARTESIAN_POINT('',(0.,0.,6.25));
#2687=CARTESIAN_POINT('',(0.,0.,0.));
#2688=CARTESIAN_POINT('',(-0.103534662846376,0.,6.24914238704715));
#2689=CARTESIAN_POINT('',(-0.103534662846376,0.,6.24914238704715));
#2690=CARTESIAN_POINT('',(-0.281333819147008,1.52108288842314E-015,6.24619664272547));
#2691=CARTESIAN_POINT('',(-0.448558688058215,-0.0555805819370213,6.23618508713943));
#2692=CARTESIAN_POINT('',(-0.617168870705591,-0.1,6.21945356000284));
#2693=CARTESIAN_POINT('',(0.,-0.1,0.));
#2694=CARTESIAN_POINT('',(0.,-0.1,0.));
#2695=CARTESIAN_POINT('',(0.,0.,0.));
#2696=CARTESIAN_POINT('',(0.,0.,0.));
#2697=CARTESIAN_POINT('',(0.,0.,0.));
#2698=CARTESIAN_POINT('',(1.65036659204069,0.,6.02816639716224));
#2699=CARTESIAN_POINT('',(1.00000000000001,0.,7.));
#2700=CARTESIAN_POINT('',(0.,0.,0.));
#2701=CARTESIAN_POINT('',(-1.00000000000001,0.,7.));
#2702=CARTESIAN_POINT('',(0.,0.,0.));
#2703=CARTESIAN_POINT('',(-1.00000000000001,0.,7.));
#2704=CARTESIAN_POINT('',(0.,-0.1,0.));
#2705=CARTESIAN_POINT('',(0.,-0.1,0.));
#2706=CARTESIAN_POINT('',(1.14896488092344,-0.1,6.14348270140029));
#2707=CARTESIAN_POINT('',(1.65036659204069,0.,6.02816639716224));
#2708=CARTESIAN_POINT('',(1.47885459358202,1.41142694905729E-015,6.07512224637761));
#2709=CARTESIAN_POINT('',(1.31551548386316,-0.0555805819370214,6.11233411631015));
#2710=CARTESIAN_POINT('',(1.14896488092344,-0.1,6.14348270140029));
#2711=CARTESIAN_POINT('',(0.,-0.1,0.));
#2712=CARTESIAN_POINT('',(-1.00000000000001,-0.1,7.));
#2713=CARTESIAN_POINT('',(1.00000000000001,-0.1,7.));
#2714=CARTESIAN_POINT('',(1.00000000000001,-0.45,7.));
#2715=CARTESIAN_POINT('',(1.00000000000001,-0.45,7.));
#2716=CARTESIAN_POINT('',(-1.00000000000001,-0.45,7.));
#2717=CARTESIAN_POINT('',(-1.00000000000001,-0.45,7.));
#2718=CARTESIAN_POINT('',(-1.00000000000001,-0.15,7.));
#2719=CARTESIAN_POINT('',(1.00000000000001,-0.15,7.));
#2720=CARTESIAN_POINT('',(1.00000000000001,-0.5,7.));
#2721=CARTESIAN_POINT('',(-1.00000000000001,-0.5,7.));
#2722=CARTESIAN_POINT('',(4.8,2.75,-4.9439619065339E-014));
#2723=CARTESIAN_POINT('',(9.97465998686664E-014,2.75,4.8));
#2724=CARTESIAN_POINT('',(-4.8,2.75,8.3917248150378E-014));
#2725=CARTESIAN_POINT('',(0.,2.75,0.));
#2726=CARTESIAN_POINT('',(0.,2.75,-4.8));
#2727=CARTESIAN_POINT('',(-3.39411254969548,2.75,-3.39411254969537));
#2728=CARTESIAN_POINT('',(-3.39411254969536,2.75,3.39411254969549));
#2729=CARTESIAN_POINT('',(3.39411254969551,2.75,3.39411254969535));
#2730=CARTESIAN_POINT('',(3.39411254969539,2.75,-3.39411254969547));
#2731=CARTESIAN_POINT('CARTESIAN_POINT4',(0.,0.,0.));
#2732=CARTESIAN_POINT('CARTESIAN_POINT8',(0.,0.,0.));
#2733=CARTESIAN_POINT('CARTESIAN_POINT14',(0.,0.,0.));
#2734=CARTESIAN_POINT('CARTESIAN_POINT18',(0.,0.,0.));
#2735=CARTESIAN_POINT('CARTESIAN_POINT24',(0.,0.,0.));
#2736=CARTESIAN_POINT('CARTESIAN_POINT28',(0.,0.,0.));
#2737=CARTESIAN_POINT('CARTESIAN_POINT34',(0.,0.,0.));
#2738=CARTESIAN_POINT('CARTESIAN_POINT38',(0.,0.,0.));
#2739=CARTESIAN_POINT('CARTESIAN_POINT44',(0.,0.,0.));
#2740=CARTESIAN_POINT('CARTESIAN_POINT48',(0.,0.,0.));
#2741=CARTESIAN_POINT('CARTESIAN_POINT54',(0.,0.,0.));
#2742=CARTESIAN_POINT('CARTESIAN_POINT58',(0.,0.,0.));
#2743=AXIS2_PLACEMENT_3D('',#1639,#1257,#1256);
#2744=AXIS2_PLACEMENT_3D('',#1640,#1258,#1259);
#2745=AXIS2_PLACEMENT_3D('',#1641,#1260,#1261);
#2746=AXIS2_PLACEMENT_3D('',#1646,#1263,#1264);
#2747=AXIS2_PLACEMENT_3D('',#1649,#1266,#1267);
#2748=AXIS2_PLACEMENT_3D('',#1650,#1268,#1269);
#2749=AXIS2_PLACEMENT_3D('',#1651,#1270,#1271);
#2750=AXIS2_PLACEMENT_3D('',#1652,#1272,$);
#2751=AXIS2_PLACEMENT_3D('',#1653,#1273,$);
#2752=AXIS2_PLACEMENT_3D('',#1654,#1275,#1274);
#2753=AXIS2_PLACEMENT_3D('',#1655,#1276,#1277);
#2754=AXIS2_PLACEMENT_3D('',#1656,#1278,#1279);
#2755=AXIS2_PLACEMENT_3D('',#1661,#1281,#1282);
#2756=AXIS2_PLACEMENT_3D('',#1664,#1284,#1285);
#2757=AXIS2_PLACEMENT_3D('',#1665,#1286,#1287);
#2758=AXIS2_PLACEMENT_3D('',#1666,#1288,#1289);
#2759=AXIS2_PLACEMENT_3D('',#1667,#1290,$);
#2760=AXIS2_PLACEMENT_3D('',#1668,#1291,$);
#2761=AXIS2_PLACEMENT_3D('',#1669,#1293,#1292);
#2762=AXIS2_PLACEMENT_3D('',#1831,#1294,#1295);
#2763=AXIS2_PLACEMENT_3D('',#1858,#1296,#1297);
#2764=AXIS2_PLACEMENT_3D('',#1883,#1298,#1299);
#2765=AXIS2_PLACEMENT_3D('',#1886,#1301,#1302);
#2766=AXIS2_PLACEMENT_3D('',#1889,#1304,#1305);
#2767=AXIS2_PLACEMENT_3D('',#1892,#1307,#1308);
#2768=AXIS2_PLACEMENT_3D('',#1895,#1310,#1311);
#2769=AXIS2_PLACEMENT_3D('',#1896,#1312,#1313);
#2770=AXIS2_PLACEMENT_3D('',#1897,#1314,#1315);
#2771=AXIS2_PLACEMENT_3D('',#1898,#1316,#1317);
#2772=AXIS2_PLACEMENT_3D('',#1899,#1318,#1319);
#2773=AXIS2_PLACEMENT_3D('',#1900,#1320,#1321);
#2774=AXIS2_PLACEMENT_3D('',#1901,#1322,$);
#2775=AXIS2_PLACEMENT_3D('',#1902,#1323,$);
#2776=AXIS2_PLACEMENT_3D('',#2064,#1325,#1324);
#2777=AXIS2_PLACEMENT_3D('',#2226,#1326,#1327);
#2778=AXIS2_PLACEMENT_3D('',#2253,#1328,#1329);
#2779=AXIS2_PLACEMENT_3D('',#2278,#1330,#1331);
#2780=AXIS2_PLACEMENT_3D('',#2279,#1332,#1333);
#2781=AXIS2_PLACEMENT_3D('',#2282,#1335,#1336);
#2782=AXIS2_PLACEMENT_3D('',#2285,#1338,#1339);
#2783=AXIS2_PLACEMENT_3D('',#2286,#1340,#1341);
#2784=AXIS2_PLACEMENT_3D('',#2289,#1343,#1344);
#2785=AXIS2_PLACEMENT_3D('',#2292,#1346,#1347);
#2786=AXIS2_PLACEMENT_3D('',#2293,#1348,#1349);
#2787=AXIS2_PLACEMENT_3D('',#2294,#1350,#1351);
#2788=AXIS2_PLACEMENT_3D('',#2295,#1352,#1353);
#2789=AXIS2_PLACEMENT_3D('',#2296,#1354,$);
#2790=AXIS2_PLACEMENT_3D('',#2297,#1355,$);
#2791=AXIS2_PLACEMENT_3D('',#2459,#1357,#1356);
#2792=AXIS2_PLACEMENT_3D('',#2460,#1358,#1359);
#2793=AXIS2_PLACEMENT_3D('',#2461,#1360,#1361);
#2794=AXIS2_PLACEMENT_3D('',#2466,#1363,#1364);
#2795=AXIS2_PLACEMENT_3D('',#2469,#1366,#1367);
#2796=AXIS2_PLACEMENT_3D('',#2470,#1368,#1369);
#2797=AXIS2_PLACEMENT_3D('',#2471,#1370,#1371);
#2798=AXIS2_PLACEMENT_3D('',#2472,#1372,$);
#2799=AXIS2_PLACEMENT_3D('',#2473,#1373,$);
#2800=AXIS2_PLACEMENT_3D('',#2474,#1375,#1374);
#2801=AXIS2_PLACEMENT_3D('',#2475,#1376,$);
#2802=AXIS2_PLACEMENT_3D('',#2476,#1377,#1378);
#2803=AXIS2_PLACEMENT_3D('',#2479,#1379,#1380);
#2804=AXIS2_PLACEMENT_3D('',#2480,#1381,#1382);
#2805=AXIS2_PLACEMENT_3D('',#2483,#1383,#1384);
#2806=AXIS2_PLACEMENT_3D('',#2484,#1385,#1386);
#2807=AXIS2_PLACEMENT_3D('',#2487,#1387,#1388);
#2808=AXIS2_PLACEMENT_3D('',#2488,#1389,#1390);
#2809=AXIS2_PLACEMENT_3D('',#2491,#1391,#1392);
#2810=AXIS2_PLACEMENT_3D('',#2492,#1393,#1394);
#2811=AXIS2_PLACEMENT_3D('',#2495,#1395,#1396);
#2812=AXIS2_PLACEMENT_3D('',#2496,#1397,#1398);
#2813=AXIS2_PLACEMENT_3D('',#2499,#1399,#1400);
#2814=AXIS2_PLACEMENT_3D('',#2500,#1401,#1402);
#2815=AXIS2_PLACEMENT_3D('',#2503,#1403,#1404);
#2816=AXIS2_PLACEMENT_3D('',#2504,#1405,#1406);
#2817=AXIS2_PLACEMENT_3D('',#2507,#1407,#1408);
#2818=AXIS2_PLACEMENT_3D('',#2508,#1409,#1410);
#2819=AXIS2_PLACEMENT_3D('',#2511,#1411,#1412);
#2820=AXIS2_PLACEMENT_3D('',#2512,#1413,#1414);
#2821=AXIS2_PLACEMENT_3D('',#2515,#1415,#1416);
#2822=AXIS2_PLACEMENT_3D('',#2516,#1417,#1418);
#2823=AXIS2_PLACEMENT_3D('',#2519,#1420,#1421);
#2824=AXIS2_PLACEMENT_3D('',#2522,#1423,#1424);
#2825=AXIS2_PLACEMENT_3D('',#2525,#1426,#1427);
#2826=AXIS2_PLACEMENT_3D('',#2528,#1429,#1430);
#2827=AXIS2_PLACEMENT_3D('',#2531,#1432,#1433);
#2828=AXIS2_PLACEMENT_3D('',#2534,#1435,#1436);
#2829=AXIS2_PLACEMENT_3D('',#2537,#1438,#1439);
#2830=AXIS2_PLACEMENT_3D('',#2540,#1441,#1442);
#2831=AXIS2_PLACEMENT_3D('',#2543,#1444,#1445);
#2832=AXIS2_PLACEMENT_3D('',#2546,#1447,#1448);
#2833=AXIS2_PLACEMENT_3D('',#2549,#1450,#1451);
#2834=AXIS2_PLACEMENT_3D('',#2552,#1453,#1454);
#2835=AXIS2_PLACEMENT_3D('',#2555,#1456,#1457);
#2836=AXIS2_PLACEMENT_3D('',#2558,#1459,#1460);
#2837=AXIS2_PLACEMENT_3D('',#2561,#1462,#1463);
#2838=AXIS2_PLACEMENT_3D('',#2564,#1465,#1466);
#2839=AXIS2_PLACEMENT_3D('',#2567,#1468,#1469);
#2840=AXIS2_PLACEMENT_3D('',#2570,#1471,#1472);
#2841=AXIS2_PLACEMENT_3D('',#2573,#1474,#1475);
#2842=AXIS2_PLACEMENT_3D('',#2587,#1476,#1477);
#2843=AXIS2_PLACEMENT_3D('',#2590,#1479,#1480);
#2844=AXIS2_PLACEMENT_3D('',#2591,#1481,#1482);
#2845=AXIS2_PLACEMENT_3D('',#2592,#1483,#1484);
#2846=AXIS2_PLACEMENT_3D('',#2593,#1485,#1486);
#2847=AXIS2_PLACEMENT_3D('',#2594,#1487,#1488);
#2848=AXIS2_PLACEMENT_3D('',#2595,#1489,#1490);
#2849=AXIS2_PLACEMENT_3D('',#2596,#1491,#1492);
#2850=AXIS2_PLACEMENT_3D('',#2597,#1493,#1494);
#2851=AXIS2_PLACEMENT_3D('',#2598,#1495,#1496);
#2852=AXIS2_PLACEMENT_3D('',#2599,#1497,#1498);
#2853=AXIS2_PLACEMENT_3D('',#2600,#1499,#1500);
#2854=AXIS2_PLACEMENT_3D('',#2601,#1501,#1502);
#2855=AXIS2_PLACEMENT_3D('',#2602,#1503,#1504);
#2856=AXIS2_PLACEMENT_3D('',#2603,#1505,#1506);
#2857=AXIS2_PLACEMENT_3D('',#2604,#1507,#1508);
#2858=AXIS2_PLACEMENT_3D('',#2605,#1509,#1510);
#2859=AXIS2_PLACEMENT_3D('',#2606,#1511,#1512);
#2860=AXIS2_PLACEMENT_3D('',#2607,#1513,#1514);
#2861=AXIS2_PLACEMENT_3D('',#2608,#1515,$);
#2862=AXIS2_PLACEMENT_3D('',#2609,#1516,#1517);
#2863=AXIS2_PLACEMENT_3D('',#2612,#1518,#1519);
#2864=AXIS2_PLACEMENT_3D('',#2614,#1520,#1521);
#2865=AXIS2_PLACEMENT_3D('',#2616,#1522,#1523);
#2866=AXIS2_PLACEMENT_3D('',#2617,#1524,#1525);
#2867=AXIS2_PLACEMENT_3D('',#2625,#1526,$);
#2868=AXIS2_PLACEMENT_3D('',#2626,#1527,#1528);
#2869=AXIS2_PLACEMENT_3D('',#2629,#1529,#1530);
#2870=AXIS2_PLACEMENT_3D('',#2631,#1531,#1532);
#2871=AXIS2_PLACEMENT_3D('',#2633,#1533,#1534);
#2872=AXIS2_PLACEMENT_3D('',#2640,#1535,#1536);
#2873=AXIS2_PLACEMENT_3D('',#2649,#1537,#1538);
#2874=AXIS2_PLACEMENT_3D('',#2657,#1539,$);
#2875=AXIS2_PLACEMENT_3D('',#2658,#1540,#1541);
#2876=AXIS2_PLACEMENT_3D('',#2659,#1542,#1543);
#2877=AXIS2_PLACEMENT_3D('',#2661,#1544,#1545);
#2878=AXIS2_PLACEMENT_3D('',#2663,#1546,#1547);
#2879=AXIS2_PLACEMENT_3D('',#2664,#1548,$);
#2880=AXIS2_PLACEMENT_3D('',#2665,#1549,#1550);
#2881=AXIS2_PLACEMENT_3D('',#2668,#1551,#1552);
#2882=AXIS2_PLACEMENT_3D('',#2669,#1553,#1554);
#2883=AXIS2_PLACEMENT_3D('',#2670,#1555,#1556);
#2884=AXIS2_PLACEMENT_3D('',#2671,#1557,#1558);
#2885=AXIS2_PLACEMENT_3D('',#2672,#1559,#1560);
#2886=AXIS2_PLACEMENT_3D('',#2680,#1561,#1562);
#2887=AXIS2_PLACEMENT_3D('',#2681,#1563,#1564);
#2888=AXIS2_PLACEMENT_3D('',#2682,#1565,#1566);
#2889=AXIS2_PLACEMENT_3D('',#2687,#1568,#1569);
#2890=AXIS2_PLACEMENT_3D('',#2693,#1570,#1571);
#2891=AXIS2_PLACEMENT_3D('',#2694,#1572,#1573);
#2892=AXIS2_PLACEMENT_3D('',#2695,#1574,#1575);
#2893=AXIS2_PLACEMENT_3D('',#2696,#1576,$);
#2894=AXIS2_PLACEMENT_3D('',#2697,#1577,#1578);
#2895=AXIS2_PLACEMENT_3D('',#2699,#1579,#1580);
#2896=AXIS2_PLACEMENT_3D('',#2700,#1581,$);
#2897=AXIS2_PLACEMENT_3D('',#2701,#1582,#1583);
#2898=AXIS2_PLACEMENT_3D('',#2702,#1584,$);
#2899=AXIS2_PLACEMENT_3D('',#2703,#1585,#1586);
#2900=AXIS2_PLACEMENT_3D('',#2704,#1587,#1588);
#2901=AXIS2_PLACEMENT_3D('',#2705,#1589,#1590);
#2902=AXIS2_PLACEMENT_3D('',#2711,#1591,$);
#2903=AXIS2_PLACEMENT_3D('',#2712,#1592,#1593);
#2904=AXIS2_PLACEMENT_3D('',#2713,#1594,#1595);
#2905=AXIS2_PLACEMENT_3D('',#2714,#1596,$);
#2906=AXIS2_PLACEMENT_3D('',#2715,#1597,#1598);
#2907=AXIS2_PLACEMENT_3D('',#2716,#1599,$);
#2908=AXIS2_PLACEMENT_3D('',#2717,#1600,#1601);
#2909=AXIS2_PLACEMENT_3D('',#2718,#1602,$);
#2910=AXIS2_PLACEMENT_3D('',#2719,#1603,$);
#2911=AXIS2_PLACEMENT_3D('',#2720,#1604,$);
#2912=AXIS2_PLACEMENT_3D('',#2721,#1605,$);
#2913=AXIS2_PLACEMENT_3D('',#2722,#1606,$);
#2914=AXIS2_PLACEMENT_3D('',#2723,#1607,$);
#2915=AXIS2_PLACEMENT_3D('',#2724,#1608,$);
#2916=AXIS2_PLACEMENT_3D('',#2725,#1609,$);
#2917=AXIS2_PLACEMENT_3D('',#2726,#1610,$);
#2918=AXIS2_PLACEMENT_3D('',#2727,#1611,$);
#2919=AXIS2_PLACEMENT_3D('',#2728,#1612,$);
#2920=AXIS2_PLACEMENT_3D('',#2729,#1613,$);
#2921=AXIS2_PLACEMENT_3D('',#2730,#1614,$);
#2922=AXIS2_PLACEMENT_3D('AXIS_PLACEMENT_1',#2731,#1615,#1616);
#2923=AXIS2_PLACEMENT_3D('AXIS_PLACEMENT_5',#2732,#1617,#1618);
#2924=AXIS2_PLACEMENT_3D('AXIS_PLACEMENT_11',#2733,#1619,#1620);
#2925=AXIS2_PLACEMENT_3D('AXIS_PLACEMENT_15',#2734,#1621,#1622);
#2926=AXIS2_PLACEMENT_3D('AXIS_PLACEMENT_21',#2735,#1623,#1624);
#2927=AXIS2_PLACEMENT_3D('AXIS_PLACEMENT_25',#2736,#1625,#1626);
#2928=AXIS2_PLACEMENT_3D('AXIS_PLACEMENT_31',#2737,#1627,#1628);
#2929=AXIS2_PLACEMENT_3D('AXIS_PLACEMENT_35',#2738,#1629,#1630);
#2930=AXIS2_PLACEMENT_3D('AXIS_PLACEMENT_41',#2739,#1631,#1632);
#2931=AXIS2_PLACEMENT_3D('AXIS_PLACEMENT_45',#2740,#1633,#1634);
#2932=AXIS2_PLACEMENT_3D('AXIS_PLACEMENT_51',#2741,#1635,#1636);
#2933=AXIS2_PLACEMENT_3D('AXIS_PLACEMENT_55',#2742,#1637,#1638);
#2934=ADVANCED_BREP_SHAPE_REPRESENTATION('SP-1605',(#1250,#2743),#213);
#2935=ADVANCED_BREP_SHAPE_REPRESENTATION('SP-1605_2',(#1251,#2752),#214);
#2936=ADVANCED_BREP_SHAPE_REPRESENTATION('SP-1605_3',(#1252,#2761),#215);
#2937=ADVANCED_BREP_SHAPE_REPRESENTATION('SP-1605_4',(#1253,#2776),#216);
#2938=ADVANCED_BREP_SHAPE_REPRESENTATION('SP-1605_5',(#1254,#2791),#217);
#2939=ADVANCED_BREP_SHAPE_REPRESENTATION('SP-1605_6',(#1255,#2800),#218);
ENDSEC;
END-ISO-10303-21;
