ISO-10303-21;
HEADER;
FILE_DESCRIPTION (( 'STEP AP214' ),
    '1' );
FILE_NAME ('35TZV220M8X10.5.STEP',
    '2024-12-01T15:41:28',
    ( '' ),
    ( '' ),
    'SwSTEP 2.0',
    'SolidWorks 2021',
    '' );
FILE_SCHEMA (( 'AUTOMOTIVE_DESIGN' ));
ENDSEC;

DATA;
#1 = AXIS2_PLACEMENT_3D ( 'NONE', #204, #1414, #889 ) ;
#2 = CIRCLE ( 'NONE', #264, 3.853553390593272177 ) ;
#3 = CYLINDRICAL_SURFACE ( 'NONE', #902, 4.500000000000000000 ) ;
#4 = DIRECTION ( 'NONE',  ( 0.000000000000000000, 0.000000000000000000, -1.000000000000000000 ) ) ;
#5 = CYLINDRICAL_SURFACE ( 'NONE', #2142, 0.5999999999999998668 ) ;
#6 = AXIS2_PLACEMENT_3D ( 'NONE', #875, #1971, #1411 ) ;
#7 = EDGE_CURVE ( 'NONE', #1772, #160, #860, .T. ) ;
#8 = VECTOR ( 'NONE', #857, 1000.000000000000000 ) ;
#9 = CARTESIAN_POINT ( 'NONE',  ( -0.4000000000000000222, 0.1000000000000000472, 0.7500000000000002220 ) ) ;
#10 = EDGE_CURVE ( 'NONE', #441, #106, #1112, .T. ) ;
#11 = ORIENTED_EDGE ( 'NONE', *, *, #952, .T. ) ;
#12 = LINE ( 'NONE', #1756, #79 ) ;
#13 = ORIENTED_EDGE ( 'NONE', *, *, #1593, .F. ) ;
#14 = CARTESIAN_POINT ( 'NONE',  ( 0.000000000000000000, 1.500000000000000000, -4.000000000000000888 ) ) ;
#15 = DIRECTION ( 'NONE',  ( -0.000000000000000000, -1.000000000000000000, -0.000000000000000000 ) ) ;
#16 = DIRECTION ( 'NONE',  ( -0.000000000000000000, 1.000000000000000000, -0.000000000000000000 ) ) ;
#17 = CARTESIAN_POINT ( 'NONE',  ( 0.000000000000000000, 0.3000000000000000444, 0.000000000000000000 ) ) ;
#18 = ADVANCED_FACE ( 'NONE', ( #2175 ), #581, .T. ) ;
#19 = ORIENTED_EDGE ( 'NONE', *, *, #251, .T. ) ;
#20 = ADVANCED_FACE ( 'NONE', ( #198, #1449, #371 ), #1968, .T. ) ;
#21 = CARTESIAN_POINT ( 'NONE',  ( 2.500000000000000000, 9.999999999999998224, -3.122498999199198266 ) ) ;
#22 = ORIENTED_EDGE ( 'NONE', *, *, #1450, .T. ) ;
#23 = CARTESIAN_POINT ( 'NONE',  ( 0.000000000000000000, 3.450000000000000178, -4.100000000000001421 ) ) ;
#24 = FACE_OUTER_BOUND ( 'NONE', #736, .T. ) ;
#25 = CARTESIAN_POINT ( 'NONE',  ( 2.500000000000000000, 9.999999999999998224, -3.122498999199198266 ) ) ;
#26 = ORIENTED_EDGE ( 'NONE', *, *, #1232, .F. ) ;
#27 = ORIENTED_EDGE ( 'NONE', *, *, #693, .T. ) ;
#28 = DIRECTION ( 'NONE',  ( -0.000000000000000000, -1.000000000000000000, -0.000000000000000000 ) ) ;
#29 = ORIENTED_EDGE ( 'NONE', *, *, #935, .F. ) ;
#30 = CARTESIAN_POINT ( 'NONE',  ( -1.739971264130529160, 1.899999999999999911, 4.150000000000002132 ) ) ;
#31 = EDGE_CURVE ( 'NONE', #106, #1996, #1789, .T. ) ;
#32 = DIRECTION ( 'NONE',  ( -1.000000000000000000, 0.000000000000000000, -2.443272501375784466E-16 ) ) ;
#33 = DIRECTION ( 'NONE',  ( -1.224646799147353454E-16, 0.000000000000000000, -1.000000000000000000 ) ) ;
#34 = VECTOR ( 'NONE', #1269, 1000.000000000000000 ) ;
#35 = ORIENTED_EDGE ( 'NONE', *, *, #1113, .F. ) ;
#36 = FACE_OUTER_BOUND ( 'NONE', #748, .T. ) ;
#37 = CARTESIAN_POINT ( 'NONE',  ( -2.150000000000000799, 0.4000000000000000222, 3.100000000000000089 ) ) ;
#38 = VECTOR ( 'NONE', #666, 1000.000000000000000 ) ;
#39 = AXIS2_PLACEMENT_3D ( 'NONE', #1266, #1229, #1084 ) ;
#40 = ORIENTED_EDGE ( 'NONE', *, *, #2184, .F. ) ;
#41 = DIRECTION ( 'NONE',  ( -0.000000000000000000, -1.000000000000000000, -0.000000000000000000 ) ) ;
#42 = AXIS2_PLACEMENT_3D ( 'NONE', #2236, #1528, #482 ) ;
#43 = CARTESIAN_POINT ( 'NONE',  ( 0.000000000000000000, 4.264213562373091904, -3.500000000000000888 ) ) ;
#44 = ORIENTED_EDGE ( 'NONE', *, *, #1752, .F. ) ;
#45 = ADVANCED_FACE ( 'NONE', ( #1308 ), #571, .T. ) ;
#46 = LINE ( 'NONE', #30, #1393 ) ;
#47 = EDGE_CURVE ( 'NONE', #1251, #1738, #1634, .T. ) ;
#48 = EDGE_CURVE ( 'NONE', #1598, #1609, #1499, .T. ) ;
#49 = CARTESIAN_POINT ( 'NONE',  ( -2.150000000000000799, 0.4000000000000000222, 1.900000000000000133 ) ) ;
#50 = EDGE_LOOP ( 'NONE', ( #556, #348, #2272, #2113, #1044, #1034, #1177 ) ) ;
#51 = DIRECTION ( 'NONE',  ( 0.000000000000000000, 0.000000000000000000, -1.000000000000000000 ) ) ;
#52 = ADVANCED_FACE ( 'NONE', ( #180 ), #1394, .T. ) ;
#53 = ORIENTED_EDGE ( 'NONE', *, *, #1469, .F. ) ;
#54 = CARTESIAN_POINT ( 'NONE',  ( -4.150000000000002132, 0.3000000000000000444, -2.949999999999998845 ) ) ;
#55 = DIRECTION ( 'NONE',  ( 0.000000000000000000, 1.000000000000000000, -0.000000000000000000 ) ) ;
#56 = ORIENTED_EDGE ( 'NONE', *, *, #1198, .F. ) ;
#57 = LINE ( 'NONE', #1146, #1764 ) ;
#58 = LINE ( 'NONE', #778, #1514 ) ;
#59 = CARTESIAN_POINT ( 'NONE',  ( -2.950000000000001066, 0.3000000000000000444, -4.149999999999998579 ) ) ;
#60 = EDGE_CURVE ( 'NONE', #2297, #962, #893, .T. ) ;
#61 = ORIENTED_EDGE ( 'NONE', *, *, #982, .F. ) ;
#62 = ORIENTED_EDGE ( 'NONE', *, *, #738, .F. ) ;
#63 = CARTESIAN_POINT ( 'NONE',  ( 4.653657836759944702E-16, 3.803553390593275907, -3.746446609406729689 ) ) ;
#64 = DIRECTION ( 'NONE',  ( 0.000000000000000000, 1.000000000000000000, -0.000000000000000000 ) ) ;
#65 = VERTEX_POINT ( 'NONE', #1297 ) ;
#66 = DIRECTION ( 'NONE',  ( -0.000000000000000000, -1.000000000000000000, -0.000000000000000000 ) ) ;
#67 = DIRECTION ( 'NONE',  ( 0.000000000000000000, 0.000000000000000000, 1.000000000000000000 ) ) ;
#68 = DIRECTION ( 'NONE',  ( 0.000000000000000000, 0.000000000000000000, -1.000000000000000000 ) ) ;
#69 = LINE ( 'NONE', #49, #1959 ) ;
#70 = AXIS2_PLACEMENT_3D ( 'NONE', #511, #1913, #1569 ) ;
#71 = ORIENTED_EDGE ( 'NONE', *, *, #309, .T. ) ;
#72 = DIRECTION ( 'NONE',  ( 0.000000000000000000, 0.000000000000000000, -1.000000000000000000 ) ) ;
#73 = ADVANCED_FACE ( 'NONE', ( #36 ), #208, .T. ) ;
#74 = AXIS2_PLACEMENT_3D ( 'NONE', #2228, #1022, #985 ) ;
#75 = VECTOR ( 'NONE', #1242, 1000.000000000000114 ) ;
#76 = ORIENTED_EDGE ( 'NONE', *, *, #730, .F. ) ;
#77 = AXIS2_PLACEMENT_3D ( 'NONE', #17, #1798, #1092 ) ;
#78 = ADVANCED_FACE ( 'NONE', ( #1283 ), #1989, .F. ) ;
#79 = VECTOR ( 'NONE', #690, 1000.000000000000000 ) ;
#80 = DIRECTION ( 'NONE',  ( -1.000000000000000000, -0.000000000000000000, -0.000000000000000000 ) ) ;
#81 = ORIENTED_EDGE ( 'NONE', *, *, #322, .F. ) ;
#82 = VECTOR ( 'NONE', #1571, 1000.000000000000000 ) ;
#83 = CARTESIAN_POINT ( 'NONE',  ( -2.150000000000000799, 0.4000000000000000222, -3.100000000000000089 ) ) ;
#84 = DIRECTION ( 'NONE',  ( 0.000000000000000000, 1.000000000000000000, -0.000000000000000000 ) ) ;
#85 = FACE_OUTER_BOUND ( 'NONE', #2204, .T. ) ;
#86 = VERTEX_POINT ( 'NONE', #1489 ) ;
#87 = CARTESIAN_POINT ( 'NONE',  ( -4.449999999999998401, 0.4000000000000000222, 0.4749999999999999778 ) ) ;
#88 = EDGE_CURVE ( 'NONE', #1265, #835, #1622, .T. ) ;
#89 = VERTEX_POINT ( 'NONE', #1003 ) ;
#90 = CARTESIAN_POINT ( 'NONE',  ( 0.000000000000000000, 3.450000000000000622, 0.000000000000000000 ) ) ;
#91 = DIRECTION ( 'NONE',  ( -1.000000000000000000, 0.000000000000000000, -3.576749435003731996E-16 ) ) ;
#92 =( LENGTH_UNIT ( ) NAMED_UNIT ( * ) SI_UNIT ( .MILLI., .METRE. ) );
#93 = DIRECTION ( 'NONE',  ( 0.000000000000000000, 0.000000000000000000, 1.000000000000000000 ) ) ;
#94 = DIRECTION ( 'NONE',  ( 4.928191693115926948E-17, 1.000000000000000000, 0.000000000000000000 ) ) ;
#95 = ORIENTED_EDGE ( 'NONE', *, *, #276, .T. ) ;
#96 = DIRECTION ( 'NONE',  ( -1.470104640658311494E-16, 0.000000000000000000, -1.000000000000000000 ) ) ;
#97 = ORIENTED_EDGE ( 'NONE', *, *, #986, .T. ) ;
#98 = EDGE_CURVE ( 'NONE', #293, #1685, #1140, .T. ) ;
#99 = DIRECTION ( 'NONE',  ( 0.000000000000000000, 0.000000000000000000, -1.000000000000000000 ) ) ;
#100 = DIRECTION ( 'NONE',  ( -1.224646799147353454E-16, 0.000000000000000000, -1.000000000000000000 ) ) ;
#101 = CARTESIAN_POINT ( 'NONE',  ( -2.150000000000000799, 0.3000000000000000444, -3.100000000000000089 ) ) ;
#102 = EDGE_CURVE ( 'NONE', #1744, #1387, #2235, .T. ) ;
#103 =( LENGTH_UNIT ( ) NAMED_UNIT ( * ) SI_UNIT ( .MILLI., .METRE. ) );
#104 = CARTESIAN_POINT ( 'NONE',  ( 0.000000000000000000, 2.896446609406724715, -3.746446609406729245 ) ) ;
#105 = AXIS2_PLACEMENT_3D ( 'NONE', #214, #189, #2149 ) ;
#106 = VERTEX_POINT ( 'NONE', #1718 ) ;
#107 = CIRCLE ( 'NONE', #1128, 4.500000000000000000 ) ;
#108 = MANIFOLD_SOLID_BREP ( 'Pin 1 Mark', #1548 ) ;
#109 = CARTESIAN_POINT ( 'NONE',  ( -0.4000000000000000222, 0.1000000000000000472, -0.7500000000000002220 ) ) ;
#110 = VECTOR ( 'NONE', #576, 1000.000000000000000 ) ;
#111 = ORIENTED_EDGE ( 'NONE', *, *, #2168, .T. ) ;
#112 = VECTOR ( 'NONE', #80, 1000.000000000000000 ) ;
#113 = MECHANICAL_DESIGN_GEOMETRIC_PRESENTATION_REPRESENTATION (  '', ( #899 ), #1053 ) ;
#114 = LINE ( 'NONE', #1200, #2176 ) ;
#115 = CIRCLE ( 'NONE', #1440, 0.5999999999999998668 ) ;
#116 = ORIENTED_EDGE ( 'NONE', *, *, #780, .T. ) ;
#117 = EDGE_CURVE ( 'NONE', #2237, #795, #2, .T. ) ;
#118 = PLANE ( 'NONE',  #1126 ) ;
#119 = VECTOR ( 'NONE', #430, 1000.000000000000000 ) ;
#120 = EDGE_CURVE ( 'NONE', #1656, #1736, #2250, .T. ) ;
#121 = CARTESIAN_POINT ( 'NONE',  ( -1.739971264130535822, 1.899999999999999911, -4.149999999999998579 ) ) ;
#122 = CARTESIAN_POINT ( 'NONE',  ( -2.150000000000000799, 0.3000000000000000444, 2.500000000000000000 ) ) ;
#123 = EDGE_CURVE ( 'NONE', #1611, #1138, #1800, .T. ) ;
#124 = ORIENTED_EDGE ( 'NONE', *, *, #614, .F. ) ;
#125 = LINE ( 'NONE', #1737, #2136 ) ;
#126 = ORIENTED_EDGE ( 'NONE', *, *, #631, .T. ) ;
#127 = DIRECTION ( 'NONE',  ( -1.224646799147353454E-16, 0.000000000000000000, -1.000000000000000000 ) ) ;
#128 = ORIENTED_EDGE ( 'NONE', *, *, #2259, .T. ) ;
#129 = CYLINDRICAL_SURFACE ( 'NONE', #1985, 0.5999999999999998668 ) ;
#130 = DIRECTION ( 'NONE',  ( 0.000000000000000000, -1.000000000000000000, 0.000000000000000000 ) ) ;
#131 = EDGE_CURVE ( 'NONE', #2047, #1455, #970, .T. ) ;
#132 = VERTEX_POINT ( 'NONE', #461 ) ;
#133 = ORIENTED_EDGE ( 'NONE', *, *, #592, .F. ) ;
#134 = FACE_OUTER_BOUND ( 'NONE', #1500, .T. ) ;
#135 = ORIENTED_EDGE ( 'NONE', *, *, #1061, .F. ) ;
#136 = DIRECTION ( 'NONE',  ( 0.000000000000000000, 0.000000000000000000, 1.000000000000000000 ) ) ;
#137 = FILL_AREA_STYLE_COLOUR ( '', #942 ) ;
#138 = CARTESIAN_POINT ( 'NONE',  ( 0.000000000000000000, 0.4000000000000000222, 0.000000000000000000 ) ) ;
#139 = ORIENTED_EDGE ( 'NONE', *, *, #2196, .T. ) ;
#140 = EDGE_CURVE ( 'NONE', #2115, #350, #2213, .T. ) ;
#141 = DIRECTION ( 'NONE',  ( 4.928191693115926948E-17, 1.000000000000000000, 0.000000000000000000 ) ) ;
#142 = AXIS2_PLACEMENT_3D ( 'NONE', #684, #1016, #1762 ) ;
#143 = EDGE_LOOP ( 'NONE', ( #2138, #2218, #2162, #1502, #337, #1572, #2231, #421, #1855, #53, #1668, #1464 ) ) ;
#144 = ADVANCED_FACE ( 'NONE', ( #1894 ), #284, .F. ) ;
#145 = PRODUCT_DEFINITION_SHAPE ( 'NONE', 'NONE',  #1073 ) ;
#146 = CIRCLE ( 'NONE', #825, 3.600000000000001421 ) ;
#147 = CARTESIAN_POINT ( 'NONE',  ( -2.950000000000001066, 0.3000000000000000444, -4.149999999999998579 ) ) ;
#148 = ORIENTED_EDGE ( 'NONE', *, *, #1435, .F. ) ;
#149 = VECTOR ( 'NONE', #1087, 1000.000000000000000 ) ;
#150 = CARTESIAN_POINT ( 'NONE',  ( 4.286263797015737088E-16, 2.435786437626909162, 3.500000000000000888 ) ) ;
#151 = VECTOR ( 'NONE', #2152, 1000.000000000000000 ) ;
#152 = CARTESIAN_POINT ( 'NONE',  ( -1.739971264130535822, 1.500000000000000000, -4.149999999999998579 ) ) ;
#153 = AXIS2_PLACEMENT_3D ( 'NONE', #202, #717, #915 ) ;
#154 = MANIFOLD_SOLID_BREP ( 'Positive Pin', #1250 ) ;
#155 = CARTESIAN_POINT ( 'NONE',  ( 0.000000000000000000, 1.899999999999999911, 0.000000000000000000 ) ) ;
#156 = CYLINDRICAL_SURFACE ( 'NONE', #2103, 0.5999999999999998668 ) ;
#157 = VECTOR ( 'NONE', #159, 1000.000000000000000 ) ;
#158 = ORIENTED_EDGE ( 'NONE', *, *, #1337, .T. ) ;
#159 = DIRECTION ( 'NONE',  ( 0.000000000000000000, 0.000000000000000000, 1.000000000000000000 ) ) ;
#160 = VERTEX_POINT ( 'NONE', #474 ) ;
#161 = DIRECTION ( 'NONE',  ( -1.000000000000000000, 0.000000000000000000, 0.000000000000000000 ) ) ;
#162 = MANIFOLD_SOLID_BREP ( 'Negative Pin', #1765 ) ;
#163 = VERTEX_POINT ( 'NONE', #2257 ) ;
#164 = DIRECTION ( 'NONE',  ( 0.000000000000000000, -1.000000000000000000, 0.000000000000000000 ) ) ;
#165 = DIRECTION ( 'NONE',  ( 0.000000000000000000, 0.000000000000000000, -1.000000000000000000 ) ) ;
#166 =( NAMED_UNIT ( * ) PLANE_ANGLE_UNIT ( ) SI_UNIT ( $, .RADIAN. ) );
#167 = DIRECTION ( 'NONE',  ( 0.000000000000000000, 0.000000000000000000, -1.000000000000000000 ) ) ;
#168 = ORIENTED_EDGE ( 'NONE', *, *, #874, .T. ) ;
#169 = MANIFOLD_SOLID_BREP ( 'Housing ', #565 ) ;
#170 = CARTESIAN_POINT ( 'NONE',  ( 5.069790440354750364E-16, 2.299999999999999822, -4.149999999999998579 ) ) ;
#171 = ORIENTED_EDGE ( 'NONE', *, *, #295, .F. ) ;
#172 = DIRECTION ( 'NONE',  ( -0.7071067811865477948, 0.000000000000000000, 0.7071067811865473507 ) ) ;
#173 = ORIENTED_EDGE ( 'NONE', *, *, #812, .T. ) ;
#174 = CARTESIAN_POINT ( 'NONE',  ( 2.149999999999999023, 0.4000000000000000222, 1.900000000000000133 ) ) ;
#175 = CARTESIAN_POINT ( 'NONE',  ( -0.4000000000000000222, 0.1000000000000000472, 0.7500000000000002220 ) ) ;
#176 = CARTESIAN_POINT ( 'NONE',  ( 0.000000000000000000, 1.899999999999999911, 0.000000000000000000 ) ) ;
#177 = ADVANCED_FACE ( 'NONE', ( #1732 ), #879, .F. ) ;
#178 = CARTESIAN_POINT ( 'NONE',  ( 2.500000000000000888, 10.46552030746132189, 2.760982349172599992 ) ) ;
#179 = VERTEX_POINT ( 'NONE', #1367 ) ;
#180 = FACE_OUTER_BOUND ( 'NONE', #219, .T. ) ;
#181 = ORIENTED_EDGE ( 'NONE', *, *, #1198, .T. ) ;
#182 = CARTESIAN_POINT ( 'NONE',  ( -4.150000000000002132, 0.3000000000000000444, -2.949999999999998845 ) ) ;
#183 = APPLICATION_CONTEXT ( 'automotive_design' ) ;
#184 = AXIS2_PLACEMENT_3D ( 'NONE', #1182, #2233, #2043 ) ;
#185 = ORIENTED_EDGE ( 'NONE', *, *, #491, .T. ) ;
#186 = AXIS2_PLACEMENT_3D ( 'NONE', #1826, #1973, #1256 ) ;
#187 = DIRECTION ( 'NONE',  ( 0.000000000000000000, -1.000000000000000000, 0.000000000000000000 ) ) ;
#188 = CIRCLE ( 'NONE', #1169, 4.500000000000000000 ) ;
#189 = DIRECTION ( 'NONE',  ( -0.000000000000000000, -1.000000000000000000, -0.000000000000000000 ) ) ;
#190 = CYLINDRICAL_SURFACE ( 'NONE', #895, 4.000000000000000888 ) ;
#191 = LINE ( 'NONE', #2135, #1400 ) ;
#192 = VECTOR ( 'NONE', #645, 1000.000000000000000 ) ;
#193 = AXIS2_PLACEMENT_3D ( 'NONE', #2314, #929, #225 ) ;
#194 = ADVANCED_FACE ( 'NONE', ( #1562 ), #2282, .F. ) ;
#195 = EDGE_CURVE ( 'NONE', #885, #1038, #2304, .T. ) ;
#196 = EDGE_LOOP ( 'NONE', ( #742, #171, #2151, #2117 ) ) ;
#197 = VECTOR ( 'NONE', #1350, 1000.000000000000000 ) ;
#198 = FACE_BOUND ( 'NONE', #433, .T. ) ;
#199 = CIRCLE ( 'NONE', #1442, 0.4999999999999991673 ) ;
#200 = EDGE_CURVE ( 'NONE', #1130, #1275, #320, .T. ) ;
#201 = ORIENTED_EDGE ( 'NONE', *, *, #562, .F. ) ;
#202 = CARTESIAN_POINT ( 'NONE',  ( 2.149999999999999467, 0.3000000000000000444, -2.500000000000000000 ) ) ;
#203 = ORIENTED_EDGE ( 'NONE', *, *, #960, .T. ) ;
#204 = CARTESIAN_POINT ( 'NONE',  ( 2.025000000000002576, 0.4000000000000000222, 1.796982373610909400E-20 ) ) ;
#205 = CARTESIAN_POINT ( 'NONE',  ( -1.739971264130529160, 1.500000000000000000, 4.150000000000002132 ) ) ;
#206 = DIRECTION ( 'NONE',  ( 0.000000000000000000, 0.000000000000000000, -1.000000000000000000 ) ) ;
#207 = FACE_OUTER_BOUND ( 'NONE', #2014, .T. ) ;
#208 = CYLINDRICAL_SURFACE ( 'NONE', #343, 4.000000000000000888 ) ;
#209 = UNCERTAINTY_MEASURE_WITH_UNIT (LENGTH_MEASURE( 1.000000000000000082E-05 ), #2035, 'distance_accuracy_value', 'NONE');
#210 = EDGE_LOOP ( 'NONE', ( #999, #2038, #2227, #1519 ) ) ;
#211 = DIRECTION ( 'NONE',  ( 0.7071067811865473507, 0.000000000000000000, 0.7071067811865477948 ) ) ;
#212 = VERTEX_POINT ( 'NONE', #332 ) ;
#213 = DIRECTION ( 'NONE',  ( 0.000000000000000000, 1.000000000000000000, 0.000000000000000000 ) ) ;
#214 = CARTESIAN_POINT ( 'NONE',  ( 0.000000000000000000, 4.264213562373091904, 0.000000000000000000 ) ) ;
#215 = SURFACE_SIDE_STYLE ('',( #1471 ) ) ;
#216 = FILL_AREA_STYLE ('',( #1496 ) ) ;
#217 = CARTESIAN_POINT ( 'NONE',  ( 4.149999999999999467, 0.4000000000000000222, 0.7500000000000008882 ) ) ;
#218 = ADVANCED_FACE ( 'NONE', ( #1051 ), #1759, .T. ) ;
#219 = EDGE_LOOP ( 'NONE', ( #1268, #1835, #1085, #340 ) ) ;
#220 = DIRECTION ( 'NONE',  ( 0.000000000000000000, -1.000000000000000000, 0.000000000000000000 ) ) ;
#221 = EDGE_CURVE ( 'NONE', #1151, #1608, #1111, .T. ) ;
#222 = ORIENTED_EDGE ( 'NONE', *, *, #2302, .F. ) ;
#223 = PLANE ( 'NONE',  #2248 ) ;
#224 = CIRCLE ( 'NONE', #411, 3.999999999999999112 ) ;
#225 = DIRECTION ( 'NONE',  ( 0.000000000000000000, 0.000000000000000000, 1.000000000000000000 ) ) ;
#226 = PLANE ( 'NONE',  #1699 ) ;
#227 = AXIS2_PLACEMENT_3D ( 'NONE', #939, #2220, #1671 ) ;
#228 = ORIENTED_EDGE ( 'NONE', *, *, #289, .T. ) ;
#229 = DIRECTION ( 'NONE',  ( -1.000000000000000000, -0.000000000000000000, -0.000000000000000000 ) ) ;
#230 = VECTOR ( 'NONE', #172, 1000.000000000000000 ) ;
#231 = VECTOR ( 'NONE', #2192, 1000.000000000000000 ) ;
#232 = ORIENTED_EDGE ( 'NONE', *, *, #881, .F. ) ;
#233 = TOROIDAL_SURFACE ( 'NONE', #531, 4.100000000000001421, 0.5000000000000001110 ) ;
#234 = DIRECTION ( 'NONE',  ( 0.000000000000000000, -0.000000000000000000, -1.000000000000000000 ) ) ;
#235 = MECHANICAL_DESIGN_GEOMETRIC_PRESENTATION_REPRESENTATION (  '', ( #2294 ), #1520 ) ;
#236 = VERTEX_POINT ( 'NONE', #1271 ) ;
#237 = ADVANCED_FACE ( 'NONE', ( #1458 ), #577, .F. ) ;
#238 = PLANE ( 'NONE',  #858 ) ;
#239 = CARTESIAN_POINT ( 'NONE',  ( 4.149999999999999467, 0.4000000000000000222, -0.7500000000000008882 ) ) ;
#240 = CARTESIAN_POINT ( 'NONE',  ( 0.000000000000000000, 3.910660171779815730, 0.000000000000000000 ) ) ;
#241 = ORIENTED_EDGE ( 'NONE', *, *, #1843, .T. ) ;
#242 = SURFACE_SIDE_STYLE ('',( #1341 ) ) ;
#243 = ORIENTED_EDGE ( 'NONE', *, *, #562, .T. ) ;
#244 = CARTESIAN_POINT ( 'NONE',  ( 4.149999999999999467, 0.3000000000000000444, 4.150000000000003020 ) ) ;
#245 = CARTESIAN_POINT ( 'NONE',  ( 0.000000000000000000, 2.435786437626909162, -3.500000000000000888 ) ) ;
#246 = ORIENTED_EDGE ( 'NONE', *, *, #322, .T. ) ;
#247 = CARTESIAN_POINT ( 'NONE',  ( 2.149999999999999023, 0.3000000000000000444, 2.500000000000000000 ) ) ;
#248 = EDGE_CURVE ( 'NONE', #835, #1313, #2217, .T. ) ;
#249 = FACE_OUTER_BOUND ( 'NONE', #1978, .T. ) ;
#250 = CARTESIAN_POINT ( 'NONE',  ( 1.698955981626778343E-16, 0.4000000000000000222, -0.4750000000000015876 ) ) ;
#251 = EDGE_CURVE ( 'NONE', #984, #727, #446, .T. ) ;
#252 = EDGE_LOOP ( 'NONE', ( #76, #476 ) ) ;
#253 =( NAMED_UNIT ( * ) PLANE_ANGLE_UNIT ( ) SI_UNIT ( $, .RADIAN. ) );
#254 = ORIENTED_EDGE ( 'NONE', *, *, #117, .T. ) ;
#255 = DIRECTION ( 'NONE',  ( -0.000000000000000000, 1.000000000000000000, -0.000000000000000000 ) ) ;
#256 = ORIENTED_EDGE ( 'NONE', *, *, #1306, .T. ) ;
#257 = DIRECTION ( 'NONE',  ( -0.000000000000000000, -1.000000000000000000, -0.000000000000000000 ) ) ;
#258 = PLANE ( 'NONE',  #518 ) ;
#259 = CARTESIAN_POINT ( 'NONE',  ( 0.000000000000000000, 0.000000000000000000, 0.000000000000000000 ) ) ;
#260 = CIRCLE ( 'NONE', #1626, 0.5999999999999998668 ) ;
#261 = CARTESIAN_POINT ( 'NONE',  ( 2.500000000000001332, 10.46598884473126745, 2.760003201819865026 ) ) ;
#262 = AXIS2_PLACEMENT_3D ( 'NONE', #2303, #694, #2119 ) ;
#263 = EDGE_LOOP ( 'NONE', ( #2036, #435, #40, #1905, #1149, #111 ) ) ;
#264 = AXIS2_PLACEMENT_3D ( 'NONE', #1684, #1864, #2037 ) ;
#265 = CIRCLE ( 'NONE', #828, 0.5000000000000000000 ) ;
#266 = CARTESIAN_POINT ( 'NONE',  ( -4.150000000000001243, 0.3000000000000000444, 2.950000000000000178 ) ) ;
#267 = ORIENTED_EDGE ( 'NONE', *, *, #2200, .T. ) ;
#268 = CIRCLE ( 'NONE', #306, 0.4999999999999991673 ) ;
#269 = FACE_OUTER_BOUND ( 'NONE', #2010, .T. ) ;
#270 = AXIS2_PLACEMENT_3D ( 'NONE', #1821, #579, #920 ) ;
#271 = CARTESIAN_POINT ( 'NONE',  ( -4.149999999999999467, 0.4000000000000000222, 0.7500000000000008882 ) ) ;
#272 = CARTESIAN_POINT ( 'NONE',  ( 2.500000000000000000, 9.999999999999998224, -3.122498999199198266 ) ) ;
#273 = DIRECTION ( 'NONE',  ( -0.000000000000000000, -1.000000000000000000, -0.000000000000000000 ) ) ;
#274 = DIRECTION ( 'NONE',  ( -0.000000000000000000, -1.000000000000000000, -0.000000000000000000 ) ) ;
#275 = ORIENTED_EDGE ( 'NONE', *, *, #801, .F. ) ;
#276 = EDGE_CURVE ( 'NONE', #1403, #1772, #1426, .T. ) ;
#277 = CARTESIAN_POINT ( 'NONE',  ( 0.4000000000000000777, 0.1000000000000000472, -0.7500000000000002220 ) ) ;
#278 = DIRECTION ( 'NONE',  ( 0.000000000000000000, -0.000000000000000000, -1.000000000000000000 ) ) ;
#279 = ORIENTED_EDGE ( 'NONE', *, *, #1620, .F. ) ;
#280 = DIRECTION ( 'NONE',  ( -1.000000000000000000, 4.928191693115926948E-17, 0.000000000000000000 ) ) ;
#281 = DIRECTION ( 'NONE',  ( 1.000000000000000000, 0.000000000000000000, -0.000000000000000000 ) ) ;
#282 = DIRECTION ( 'NONE',  ( -0.000000000000000000, -0.000000000000000000, 1.000000000000000000 ) ) ;
#283 = SHAPE_DEFINITION_REPRESENTATION ( #145, #1104 ) ;
#284 = PLANE ( 'NONE',  #1844 ) ;
#285 = CYLINDRICAL_SURFACE ( 'NONE', #1099, 0.5999999999999998668 ) ;
#286 = VERTEX_POINT ( 'NONE', #1975 ) ;
#287 = DIRECTION ( 'NONE',  ( 3.576749435003731996E-16, 0.000000000000000000, -1.000000000000000000 ) ) ;
#288 = CARTESIAN_POINT ( 'NONE',  ( 2.149999999999999467, 0.4000000000000000222, -3.100000000000000089 ) ) ;
#289 = EDGE_CURVE ( 'NONE', #65, #132, #595, .T. ) ;
#290 = ORIENTED_EDGE ( 'NONE', *, *, #1235, .F. ) ;
#291 = DIRECTION ( 'NONE',  ( 0.000000000000000000, 0.000000000000000000, -1.000000000000000000 ) ) ;
#292 = ADVANCED_FACE ( 'NONE', ( #566 ), #1304, .F. ) ;
#293 = VERTEX_POINT ( 'NONE', #1427 ) ;
#294 = DIRECTION ( 'NONE',  ( -0.000000000000000000, -1.000000000000000000, -0.000000000000000000 ) ) ;
#295 = EDGE_CURVE ( 'NONE', #441, #1608, #382, .T. ) ;
#296 = DIRECTION ( 'NONE',  ( 0.000000000000000000, 0.000000000000000000, 1.000000000000000000 ) ) ;
#297 = AXIS2_PLACEMENT_3D ( 'NONE', #459, #815, #1881 ) ;
#298 = ORIENTED_EDGE ( 'NONE', *, *, #1829, .F. ) ;
#299 = CIRCLE ( 'NONE', #1948, 3.499999999999999112 ) ;
#300 = DIRECTION ( 'NONE',  ( -1.000000000000000000, 0.000000000000000000, -0.000000000000000000 ) ) ;
#301 = AXIS2_PLACEMENT_3D ( 'NONE', #331, #187, #903 ) ;
#302 = ORIENTED_EDGE ( 'NONE', *, *, #1296, .F. ) ;
#303 = CIRCLE ( 'NONE', #1841, 0.5999999999999998668 ) ;
#304 = VECTOR ( 'NONE', #823, 1000.000000000000000 ) ;
#305 = CARTESIAN_POINT ( 'NONE',  ( -1.698955981626778343E-16, 0.000000000000000000, 0.4750000000000015876 ) ) ;
#306 = AXIS2_PLACEMENT_3D ( 'NONE', #2266, #1919, #1032 ) ;
#307 = ORIENTED_EDGE ( 'NONE', *, *, #195, .T. ) ;
#308 = CARTESIAN_POINT ( 'NONE',  ( -4.149999999999999467, 0.3000000000000000444, 0.7500000000000008882 ) ) ;
#309 = EDGE_CURVE ( 'NONE', #2069, #1935, #1295, .T. ) ;
#310 = SURFACE_STYLE_FILL_AREA ( #1068 ) ;
#311 = PLANE ( 'NONE',  #790 ) ;
#312 = DIRECTION ( 'NONE',  ( 0.000000000000000000, 0.000000000000000000, -1.000000000000000000 ) ) ;
#313 = EDGE_LOOP ( 'NONE', ( #2140, #1666, #1096, #232 ) ) ;
#314 = LINE ( 'NONE', #1745, #157 ) ;
#315 = EDGE_LOOP ( 'NONE', ( #932, #1410 ) ) ;
#316 = DIRECTION ( 'NONE',  ( -0.000000000000000000, -1.000000000000000000, -0.000000000000000000 ) ) ;
#317 = ORIENTED_EDGE ( 'NONE', *, *, #909, .F. ) ;
#318 = DIRECTION ( 'NONE',  ( -0.000000000000000000, -0.000000000000000000, 1.000000000000000000 ) ) ;
#319 = EDGE_CURVE ( 'NONE', #1265, #2287, #788, .T. ) ;
#320 = LINE ( 'NONE', #2291, #1580 ) ;
#321 = FACE_OUTER_BOUND ( 'NONE', #1048, .T. ) ;
#322 = EDGE_CURVE ( 'NONE', #1443, #1329, #544, .T. ) ;
#323 = VERTEX_POINT ( 'NONE', #528 ) ;
#324 = UNCERTAINTY_MEASURE_WITH_UNIT (LENGTH_MEASURE( 1.000000000000000082E-05 ), #2226, 'distance_accuracy_value', 'NONE');
#325 = DIRECTION ( 'NONE',  ( -0.000000000000000000, -1.000000000000000000, -0.000000000000000000 ) ) ;
#326 = ORIENTED_EDGE ( 'NONE', *, *, #1076, .T. ) ;
#327 = DIRECTION ( 'NONE',  ( 1.000000000000000000, 0.000000000000000000, 0.000000000000000000 ) ) ;
#328 = DIRECTION ( 'NONE',  ( -0.000000000000000000, 1.000000000000000000, -0.000000000000000000 ) ) ;
#329 = VERTEX_POINT ( 'NONE', #1965 ) ;
#330 = CARTESIAN_POINT ( 'NONE',  ( 0.000000000000000000, 0.3000000000000000444, 0.000000000000000000 ) ) ;
#331 = CARTESIAN_POINT ( 'NONE',  ( -2.150000000000000799, 0.4000000000000000222, 2.500000000000000000 ) ) ;
#332 = CARTESIAN_POINT ( 'NONE',  ( -4.449999999999998401, 0.000000000000000000, 0.4749999999999999778 ) ) ;
#333 = LINE ( 'NONE', #2224, #2221 ) ;
#334 = ORIENTED_EDGE ( 'NONE', *, *, #1896, .F. ) ;
#335 = DIRECTION ( 'NONE',  ( 0.000000000000000000, 1.000000000000000000, -0.000000000000000000 ) ) ;
#336 = AXIS2_PLACEMENT_3D ( 'NONE', #692, #1945, #2095 ) ;
#337 = ORIENTED_EDGE ( 'NONE', *, *, #665, .F. ) ;
#338 = VECTOR ( 'NONE', #399, 1000.000000000000000 ) ;
#339 = DIRECTION ( 'NONE',  ( 0.000000000000000000, 0.000000000000000000, -1.000000000000000000 ) ) ;
#340 = ORIENTED_EDGE ( 'NONE', *, *, #319, .F. ) ;
#341 = VECTOR ( 'NONE', #282, 1000.000000000000000 ) ;
#342 = CARTESIAN_POINT ( 'NONE',  ( 4.898587196589413815E-16, 1.500000000000000000, 4.000000000000000888 ) ) ;
#343 = AXIS2_PLACEMENT_3D ( 'NONE', #921, #590, #557 ) ;
#344 = DIRECTION ( 'NONE',  ( -0.000000000000000000, -1.000000000000000000, -0.000000000000000000 ) ) ;
#345 = PRESENTATION_STYLE_ASSIGNMENT (( #1223 ) ) ;
#346 = CYLINDRICAL_SURFACE ( 'NONE', #1761, 3.600000000000000977 ) ;
#347 = CIRCLE ( 'NONE', #570, 0.5999999999999998668 ) ;
#348 = ORIENTED_EDGE ( 'NONE', *, *, #1926, .T. ) ;
#349 = CARTESIAN_POINT ( 'NONE',  ( 4.408728476930473124E-16, 1.500000000000000000, 3.600000000000000977 ) ) ;
#350 = VERTEX_POINT ( 'NONE', #205 ) ;
#351 = CARTESIAN_POINT ( 'NONE',  ( 4.808914510861447602E-16, 3.910660171779815730, 3.853553390593273065 ) ) ;
#352 = ORIENTED_EDGE ( 'NONE', *, *, #2049, .F. ) ;
#353 = PLANE ( 'NONE',  #1431 ) ;
#354 = CARTESIAN_POINT ( 'NONE',  ( 2.025000000000002576, 0.4000000000000000222, -0.4750000000000008660 ) ) ;
#355 = DIRECTION ( 'NONE',  ( -1.000000000000000000, -0.000000000000000000, -0.000000000000000000 ) ) ;
#356 = DIRECTION ( 'NONE',  ( -0.000000000000000000, -1.000000000000000000, -0.000000000000000000 ) ) ;
#357 = CARTESIAN_POINT ( 'NONE',  ( 2.500000000000000000, 10.28550349449951540, 3.015413126990829529 ) ) ;
#358 = FACE_OUTER_BOUND ( 'NONE', #1461, .T. ) ;
#359 = ORIENTED_EDGE ( 'NONE', *, *, #952, .F. ) ;
#360 = ADVANCED_FACE ( 'NONE', ( #918 ), #1079, .F. ) ;
#361 = PLANE ( 'NONE',  #1661 ) ;
#362 = ORIENTED_EDGE ( 'NONE', *, *, #48, .F. ) ;
#363 = ADVANCED_FACE ( 'NONE', ( #24 ), #2171, .F. ) ;
#364 = ADVANCED_FACE ( 'NONE', ( #1617 ), #3, .F. ) ;
#365 = LINE ( 'NONE', #1596, #149 ) ;
#366 = DIRECTION ( 'NONE',  ( -0.000000000000000000, -1.000000000000000000, -0.000000000000000000 ) ) ;
#367 = FACE_OUTER_BOUND ( 'NONE', #594, .T. ) ;
#368 = CARTESIAN_POINT ( 'NONE',  ( 2.500000000000000000, 10.15464493291115922, 3.098278049390298161 ) ) ;
#369 = EDGE_CURVE ( 'NONE', #1439, #1609, #905, .T. ) ;
#370 = ORIENTED_EDGE ( 'NONE', *, *, #797, .F. ) ;
#371 = FACE_OUTER_BOUND ( 'NONE', #50, .T. ) ;
#372 = UNCERTAINTY_MEASURE_WITH_UNIT (LENGTH_MEASURE( 1.000000000000000082E-05 ), #746, 'distance_accuracy_value', 'NONE');
#373 = ORIENTED_EDGE ( 'NONE', *, *, #195, .F. ) ;
#374 = B_SPLINE_CURVE_WITH_KNOTS ( 'NONE', 3,
 ( #1832, #767, #725, #1999, #554, #756, #393, #1281 ),
 .UNSPECIFIED., .F., .F.,
 ( 4, 2, 2, 4 ),
 ( 0.003304956912913184237, 0.003768562965008223978, 0.004000365991055743198, 0.004232169017103262418 ),
 .UNSPECIFIED. ) ;
#375 = DIRECTION ( 'NONE',  ( 0.000000000000000000, 0.000000000000000000, -1.000000000000000000 ) ) ;
#376 = CIRCLE ( 'NONE', #1794, 3.500000000000000000 ) ;
#377 = VERTEX_POINT ( 'NONE', #807 ) ;
#378 = AXIS2_PLACEMENT_3D ( 'NONE', #383, #1102, #2186 ) ;
#379 = CARTESIAN_POINT ( 'NONE',  ( -0.4000000000000000222, 0.3000000000000000444, -0.7500000000000002220 ) ) ;
#380 = TOROIDAL_SURFACE ( 'NONE', #941, 4.100000000000001421, 0.5000000000000001110 ) ;
#381 = AXIS2_PLACEMENT_3D ( 'NONE', #771, #1123, #2189 ) ;
#382 = LINE ( 'NONE', #2133, #711 ) ;
#383 = CARTESIAN_POINT ( 'NONE',  ( -1.698955981626778343E-16, 0.4000000000000000222, -0.4750000000000015876 ) ) ;
#384 = CARTESIAN_POINT ( 'NONE',  ( 0.000000000000000000, 0.3000000000000000444, -0.7500000000000002220 ) ) ;
#385 = VECTOR ( 'NONE', #884, 1000.000000000000000 ) ;
#386 = CARTESIAN_POINT ( 'NONE',  ( 2.464095846557957619E-17, 10.49999999999999822, 0.000000000000000000 ) ) ;
#387 = VECTOR ( 'NONE', #1776, 1000.000000000000000 ) ;
#388 = ORIENTED_EDGE ( 'NONE', *, *, #1704, .T. ) ;
#389 = DIRECTION ( 'NONE',  ( 0.000000000000000000, 0.000000000000000000, -1.000000000000000000 ) ) ;
#390 = ORIENTED_EDGE ( 'NONE', *, *, #2110, .F. ) ;
#391 = CARTESIAN_POINT ( 'NONE',  ( 2.149999999999999023, 0.4000000000000000222, 3.100000000000000089 ) ) ;
#392 = DIRECTION ( 'NONE',  ( 2.443272501375784466E-16, 0.000000000000000000, -1.000000000000000000 ) ) ;
#393 = CARTESIAN_POINT ( 'NONE',  ( 2.500000000000000444, 10.07741973482905884, -3.122498999199393221 ) ) ;
#394 = CARTESIAN_POINT ( 'NONE',  ( 0.000000000000000000, 0.4000000000000000222, 0.000000000000000000 ) ) ;
#395 = EDGE_CURVE ( 'NONE', #1736, #1611, #376, .T. ) ;
#396 = UNCERTAINTY_MEASURE_WITH_UNIT (LENGTH_MEASURE( 1.000000000000000082E-05 ), #1208, 'distance_accuracy_value', 'NONE');
#397 = EDGE_CURVE ( 'NONE', #405, #1993, #2207, .T. ) ;
#398 = ORIENTED_EDGE ( 'NONE', *, *, #1055, .F. ) ;
#399 = DIRECTION ( 'NONE',  ( -0.000000000000000000, -1.000000000000000000, -0.000000000000000000 ) ) ;
#400 = CARTESIAN_POINT ( 'NONE',  ( -4.149999999999999467, 0.3000000000000000444, 0.7500000000000008882 ) ) ;
#401 = ORIENTED_EDGE ( 'NONE', *, *, #123, .F. ) ;
#402 = FACE_OUTER_BOUND ( 'NONE', #1385, .T. ) ;
#403 = CARTESIAN_POINT ( 'NONE',  ( 5.021051876504149357E-16, 3.250000000000000444, 4.100000000000001421 ) ) ;
#404 = VERTEX_POINT ( 'NONE', #2241 ) ;
#405 = VERTEX_POINT ( 'NONE', #2033 ) ;
#406 = VERTEX_POINT ( 'NONE', #1157 ) ;
#407 = FACE_OUTER_BOUND ( 'NONE', #965, .T. ) ;
#408 = CARTESIAN_POINT ( 'NONE',  ( 2.149999999999999467, 0.4000000000000000222, -2.500000000000000000 ) ) ;
#409 = VERTEX_POINT ( 'NONE', #1167 ) ;
#410 = DIRECTION ( 'NONE',  ( 1.000000000000000000, 0.000000000000000000, 0.000000000000000000 ) ) ;
#411 = AXIS2_PLACEMENT_3D ( 'NONE', #2238, #802, #627 ) ;
#412 = DIRECTION ( 'NONE',  ( 0.000000000000000000, 0.000000000000000000, -1.000000000000000000 ) ) ;
#413 = DIRECTION ( 'NONE',  ( 0.000000000000000000, 0.000000000000000000, -1.000000000000000000 ) ) ;
#414 = AXIS2_PLACEMENT_3D ( 'NONE', #789, #1503, #1118 ) ;
#415 = ORIENTED_EDGE ( 'NONE', *, *, #1771, .F. ) ;
#416 = CARTESIAN_POINT ( 'NONE',  ( 2.500000000000000000, 10.00000000000000000, 3.122498999199198266 ) ) ;
#417 = LINE ( 'NONE', #37, #485 ) ;
#418 = AXIS2_PLACEMENT_3D ( 'NONE', #2026, #423, #1143 ) ;
#419 = VECTOR ( 'NONE', #993, 1000.000000000000114 ) ;
#420 = VECTOR ( 'NONE', #1234, 1000.000000000000000 ) ;
#421 = ORIENTED_EDGE ( 'NONE', *, *, #1187, .F. ) ;
#422 = CARTESIAN_POINT ( 'NONE',  ( 2.025000000000002576, 0.4000000000000000222, 0.4750000000000008660 ) ) ;
#423 = DIRECTION ( 'NONE',  ( -0.000000000000000000, -1.000000000000000000, -0.000000000000000000 ) ) ;
#424 = EDGE_CURVE ( 'NONE', #1792, #377, #428, .T. ) ;
#425 = ORIENTED_EDGE ( 'NONE', *, *, #2032, .T. ) ;
#426 = DIRECTION ( 'NONE',  ( -0.000000000000000000, -1.000000000000000000, -0.000000000000000000 ) ) ;
#427 = ADVANCED_FACE ( 'NONE', ( #967 ), #1681, .F. ) ;
#428 = LINE ( 'NONE', #1858, #1907 ) ;
#429 = DIRECTION ( 'NONE',  ( 1.000000000000000000, 0.000000000000000000, 0.000000000000000000 ) ) ;
#430 = DIRECTION ( 'NONE',  ( 0.000000000000000000, 0.000000000000000000, 1.000000000000000000 ) ) ;
#431 = VERTEX_POINT ( 'NONE', #1527 ) ;
#432 = PRESENTATION_STYLE_ASSIGNMENT (( #959 ) ) ;
#433 = EDGE_LOOP ( 'NONE', ( #1710, #1255 ) ) ;
#434 = CYLINDRICAL_SURFACE ( 'NONE', #605, 0.5999999999999998668 ) ;
#435 = ORIENTED_EDGE ( 'NONE', *, *, #1662, .F. ) ;
#436 = LINE ( 'NONE', #1324, #110 ) ;
#437 = FACE_OUTER_BOUND ( 'NONE', #2240, .T. ) ;
#438 = DIRECTION ( 'NONE',  ( 1.000000000000000000, 0.000000000000000000, -0.000000000000000000 ) ) ;
#439 = ORIENTED_EDGE ( 'NONE', *, *, #1621, .F. ) ;
#440 = DIRECTION ( 'NONE',  ( -0.000000000000000000, -1.000000000000000000, -0.000000000000000000 ) ) ;
#441 = VERTEX_POINT ( 'NONE', #1517 ) ;
#442 = DIRECTION ( 'NONE',  ( 0.000000000000000000, 1.000000000000000000, -0.000000000000000000 ) ) ;
#443 = DIRECTION ( 'NONE',  ( -0.000000000000000000, -1.000000000000000000, -0.000000000000000000 ) ) ;
#444 = DIRECTION ( 'NONE',  ( -0.000000000000000000, -1.000000000000000000, -0.000000000000000000 ) ) ;
#445 = ADVANCED_FACE ( 'NONE', ( #1870 ), #1205, .T. ) ;
#446 = CIRCLE ( 'NONE', #750, 0.5999999999999998668 ) ;
#447 = CARTESIAN_POINT ( 'NONE',  ( 2.500000000000000000, 10.15504640365561073, 3.098115621739459424 ) ) ;
#448 = CARTESIAN_POINT ( 'NONE',  ( 0.4000000000000000777, 0.1000000000000000472, -0.7500000000000002220 ) ) ;
#449 = AXIS2_PLACEMENT_3D ( 'NONE', #155, #685, #1260 ) ;
#450 = ADVANCED_FACE ( 'NONE', ( #2064 ), #1338, .T. ) ;
#451 = AXIS2_PLACEMENT_3D ( 'NONE', #1376, #1567, #2072 ) ;
#452 = ORIENTED_EDGE ( 'NONE', *, *, #1688, .T. ) ;
#453 = STYLED_ITEM ( 'NONE', ( #1150 ), #108 ) ;
#454 = CIRCLE ( 'NONE', #1291, 0.5000000000000000000 ) ;
#455 = LINE ( 'NONE', #619, #723 ) ;
#456 = ORIENTED_EDGE ( 'NONE', *, *, #741, .T. ) ;
#457 = AXIS2_PLACEMENT_3D ( 'NONE', #1875, #832, #656 ) ;
#458 = CARTESIAN_POINT ( 'NONE',  ( 0.000000000000000000, 1.500000000000000000, 0.000000000000000000 ) ) ;
#459 = CARTESIAN_POINT ( 'NONE',  ( -2.150000000000000799, 0.4000000000000000222, -2.500000000000000000 ) ) ;
#460 = CARTESIAN_POINT ( 'NONE',  ( 0.000000000000000000, 1.899999999999999911, 0.000000000000000000 ) ) ;
#461 = CARTESIAN_POINT ( 'NONE',  ( 1.739971264130535822, 1.500000000000000000, -4.149999999999998579 ) ) ;
#462 = DIRECTION ( 'NONE',  ( -0.000000000000000000, -1.000000000000000000, -0.000000000000000000 ) ) ;
#463 = ADVANCED_FACE ( 'NONE', ( #437 ), #258, .T. ) ;
#464 = ORIENTED_EDGE ( 'NONE', *, *, #1865, .F. ) ;
#465 = CARTESIAN_POINT ( 'NONE',  ( 4.149999999999999467, 1.500000000000000000, 1.739971264130532713 ) ) ;
#466 = EDGE_CURVE ( 'NONE', #2115, #478, #622, .T. ) ;
#467 = EDGE_CURVE ( 'NONE', #1877, #163, #1509, .T. ) ;
#468 = DIRECTION ( 'NONE',  ( -0.7071067811865473507, -0.000000000000000000, -0.7071067811865477948 ) ) ;
#469 = ORIENTED_EDGE ( 'NONE', *, *, #1401, .F. ) ;
#470 = ADVANCED_FACE ( 'NONE', ( #1136 ), #1849, .F. ) ;
#471 = PLANE ( 'NONE',  #1058 ) ;
#472 = ORIENTED_EDGE ( 'NONE', *, *, #2302, .T. ) ;
#473 = LINE ( 'NONE', #2253, #2128 ) ;
#474 = CARTESIAN_POINT ( 'NONE',  ( 0.000000000000000000, 3.250000000000000444, -3.600000000000000977 ) ) ;
#475 = CARTESIAN_POINT ( 'NONE',  ( -2.025000000000002576, 0.4000000000000000222, -0.4750000000000008660 ) ) ;
#476 = ORIENTED_EDGE ( 'NONE', *, *, #955, .T. ) ;
#477 = LINE ( 'NONE', #170, #608 ) ;
#478 = VERTEX_POINT ( 'NONE', #1049 ) ;
#479 = FACE_OUTER_BOUND ( 'NONE', #821, .T. ) ;
#480 = ORIENTED_EDGE ( 'NONE', *, *, #696, .F. ) ;
#481 = DIRECTION ( 'NONE',  ( 0.000000000000000000, 1.000000000000000000, -0.000000000000000000 ) ) ;
#482 = DIRECTION ( 'NONE',  ( 0.000000000000000000, 0.000000000000000000, -1.000000000000000000 ) ) ;
#483 = VECTOR ( 'NONE', #1831, 1000.000000000000000 ) ;
#484 = EDGE_LOOP ( 'NONE', ( #2264, #439, #1331, #537 ) ) ;
#485 = VECTOR ( 'NONE', #1106, 1000.000000000000000 ) ;
#486 = CARTESIAN_POINT ( 'NONE',  ( -4.149999999999999467, 0.4000000000000000222, -0.7500000000000008882 ) ) ;
#487 = AXIS2_PLACEMENT_3D ( 'NONE', #1147, #438, #1457 ) ;
#488 = AXIS2_PLACEMENT_3D ( 'NONE', #1081, #1979, #761 ) ;
#489 = ORIENTED_EDGE ( 'NONE', *, *, #1206, .F. ) ;
#490 = CIRCLE ( 'NONE', #1696, 3.600000000000001421 ) ;
#491 = EDGE_CURVE ( 'NONE', #561, #377, #824, .T. ) ;
#492 = CARTESIAN_POINT ( 'NONE',  ( 4.149999999999999467, 0.3000000000000000444, 4.150000000000003020 ) ) ;
#493 = VECTOR ( 'NONE', #2143, 1000.000000000000000 ) ;
#494 = ORIENTED_EDGE ( 'NONE', *, *, #140, .T. ) ;
#495 = CARTESIAN_POINT ( 'NONE',  ( 2.025000000000002576, 0.4000000000000000222, 0.4750000000000008660 ) ) ;
#496 = ADVANCED_FACE ( 'NONE', ( #504 ), #1352, .T. ) ;
#497 = AXIS2_PLACEMENT_3D ( 'NONE', #600, #1148, #2007 ) ;
#498 = PLANE ( 'NONE',  #680 ) ;
#499 = ORIENTED_EDGE ( 'NONE', *, *, #519, .T. ) ;
#500 = FACE_OUTER_BOUND ( 'NONE', #252, .T. ) ;
#501 = VERTEX_POINT ( 'NONE', #668 ) ;
#502 = LINE ( 'NONE', #898, #642 ) ;
#503 = ORIENTED_EDGE ( 'NONE', *, *, #1532, .F. ) ;
#504 = FACE_OUTER_BOUND ( 'NONE', #2318, .T. ) ;
#505 = CARTESIAN_POINT ( 'NONE',  ( 0.000000000000000000, 2.789339828220184447, -3.853553390593272177 ) ) ;
#506 = ORIENTED_EDGE ( 'NONE', *, *, #1535, .F. ) ;
#507 = DIRECTION ( 'NONE',  ( -0.000000000000000000, -1.000000000000000000, -0.000000000000000000 ) ) ;
#508 = VERTEX_POINT ( 'NONE', #1194 ) ;
#509 = DIRECTION ( 'NONE',  ( -0.000000000000000000, -1.000000000000000000, -0.000000000000000000 ) ) ;
#510 = ORIENTED_EDGE ( 'NONE', *, *, #1055, .T. ) ;
#511 = CARTESIAN_POINT ( 'NONE',  ( -4.449999999999999289, 0.4000000000000000222, 0.000000000000000000 ) ) ;
#512 = CARTESIAN_POINT ( 'NONE',  ( 4.719241825133482375E-16, 3.910660171779815730, -3.853553390593273065 ) ) ;
#513 = FILL_AREA_STYLE_COLOUR ( '', #830 ) ;
#514 = DIRECTION ( 'NONE',  ( 0.000000000000000000, -0.000000000000000000, -1.000000000000000000 ) ) ;
#515 = LINE ( 'NONE', #1244, #1139 ) ;
#516 = EDGE_CURVE ( 'NONE', #795, #1853, #974, .T. ) ;
#517 = ORIENTED_EDGE ( 'NONE', *, *, #1657, .F. ) ;
#518 = AXIS2_PLACEMENT_3D ( 'NONE', #1494, #2195, #91 ) ;
#519 = EDGE_CURVE ( 'NONE', #1439, #286, #867, .T. ) ;
#520 = CARTESIAN_POINT ( 'NONE',  ( 2.500000000000000000, 10.49999999999999822, 2.449489742783176549 ) ) ;
#521 = ORIENTED_EDGE ( 'NONE', *, *, #48, .T. ) ;
#522 = CIRCLE ( 'NONE', #716, 0.5999999999999998668 ) ;
#523 = CYLINDRICAL_SURFACE ( 'NONE', #1437, 4.500000000000000000 ) ;
#524 = ORIENTED_EDGE ( 'NONE', *, *, #1915, .F. ) ;
#525 = AXIS2_PLACEMENT_3D ( 'NONE', #2319, #1064, #2127 ) ;
#526 = DIRECTION ( 'NONE',  ( 0.000000000000000000, 0.000000000000000000, 1.000000000000000000 ) ) ;
#527 = CIRCLE ( 'NONE', #831, 0.5999999999999998668 ) ;
#528 = CARTESIAN_POINT ( 'NONE',  ( 4.149999999999999467, 2.299999999999999822, -1.739971264130532713 ) ) ;
#529 = FACE_OUTER_BOUND ( 'NONE', #1480, .T. ) ;
#530 = LINE ( 'NONE', #2122, #1257 ) ;
#531 = AXIS2_PLACEMENT_3D ( 'NONE', #1633, #698, #167 ) ;
#532 = AXIS2_PLACEMENT_3D ( 'NONE', #1601, #1755, #327 ) ;
#533 = ORIENTED_EDGE ( 'NONE', *, *, #1887, .T. ) ;
#534 = ORIENTED_EDGE ( 'NONE', *, *, #954, .T. ) ;
#535 = ADVANCED_FACE ( 'NONE', ( #1388 ), #129, .F. ) ;
#536 = CARTESIAN_POINT ( 'NONE',  ( 4.149999999999999467, 0.3000000000000000444, 4.150000000000003020 ) ) ;
#537 = ORIENTED_EDGE ( 'NONE', *, *, #1252, .T. ) ;
#538 = ADVANCED_FACE ( 'NONE', ( #1729 ), #118, .T. ) ;
#539 = DIRECTION ( 'NONE',  ( -0.000000000000000000, -1.000000000000000000, -0.000000000000000000 ) ) ;
#540 = ORIENTED_EDGE ( 'NONE', *, *, #1645, .T. ) ;
#541 = EDGE_CURVE ( 'NONE', #1738, #1560, #836, .T. ) ;
#542 = LINE ( 'NONE', #2214, #34 ) ;
#543 = CARTESIAN_POINT ( 'NONE',  ( 2.149999999999999023, 0.4000000000000000222, 1.900000000000000133 ) ) ;
#544 = LINE ( 'NONE', #1259, #1874 ) ;
#545 = DIRECTION ( 'NONE',  ( 0.000000000000000000, -1.000000000000000000, 0.000000000000000000 ) ) ;
#546 = ORIENTED_EDGE ( 'NONE', *, *, #424, .F. ) ;
#547 = DIRECTION ( 'NONE',  ( 0.000000000000000000, 0.000000000000000000, -1.000000000000000000 ) ) ;
#548 = ORIENTED_EDGE ( 'NONE', *, *, #369, .F. ) ;
#549 = CARTESIAN_POINT ( 'NONE',  ( -3.549999999999998934, 1.899999999999999911, -3.550000000000001599 ) ) ;
#550 = EDGE_CURVE ( 'NONE', #2069, #1387, #1927, .T. ) ;
#551 = ORIENTED_EDGE ( 'NONE', *, *, #2120, .F. ) ;
#552 = CYLINDRICAL_SURFACE ( 'NONE', #2211, 4.000000000000000000 ) ;
#553 = DIRECTION ( 'NONE',  ( 1.000000000000000000, 0.000000000000000000, -1.470104640658311740E-16 ) ) ;
#554 = CARTESIAN_POINT ( 'NONE',  ( 2.499999999999999112, 10.28552219367400689, -3.015402099999247465 ) ) ;
#555 = DIRECTION ( 'NONE',  ( -0.000000000000000000, -0.000000000000000000, 1.000000000000000000 ) ) ;
#556 = ORIENTED_EDGE ( 'NONE', *, *, #31, .F. ) ;
#557 = DIRECTION ( 'NONE',  ( 0.000000000000000000, 0.000000000000000000, -1.000000000000000000 ) ) ;
#558 = ORIENTED_EDGE ( 'NONE', *, *, #2230, .T. ) ;
#559 = CARTESIAN_POINT ( 'NONE',  ( 2.500000000000000000, 10.34074471574612275, -2.956481963036196703 ) ) ;
#560 = AXIS2_PLACEMENT_3D ( 'NONE', #1808, #1819, #1650 ) ;
#561 = VERTEX_POINT ( 'NONE', #2301 ) ;
#562 = EDGE_CURVE ( 'NONE', #1911, #1740, #260, .T. ) ;
#563 = VECTOR ( 'NONE', #1882, 1000.000000000000000 ) ;
#564 = DIRECTION ( 'NONE',  ( -0.000000000000000000, -1.000000000000000000, -0.000000000000000000 ) ) ;
#565 = CLOSED_SHELL ( 'NONE', ( #1983, #2154, #2141, #1486, #1309, #144, #427, #1742, #1264, #1788, #2187, #20, #1381, #363, #1159, #292, #634, #177, #567, #913, #705, #1624, #859, #535, #1554, #2028, #2111, #1549, #1100, #1033, #237, #814, #360, #1371, #364, #839, #1175, #1482, #1860, #1359 ) ) ;
#566 = FACE_OUTER_BOUND ( 'NONE', #143, .T. ) ;
#567 = ADVANCED_FACE ( 'NONE', ( #1741, #1936, #1241 ), #2276, .T. ) ;
#568 = CARTESIAN_POINT ( 'NONE',  ( -1.739971264130535822, 1.899999999999999911, -4.149999999999998579 ) ) ;
#569 = VECTOR ( 'NONE', #211, 1000.000000000000000 ) ;
#570 = AXIS2_PLACEMENT_3D ( 'NONE', #1743, #130, #2101 ) ;
#571 = CYLINDRICAL_SURFACE ( 'NONE', #640, 3.600000000000000977 ) ;
#572 = DIRECTION ( 'NONE',  ( -0.000000000000000000, -1.000000000000000000, -0.000000000000000000 ) ) ;
#573 = VERTEX_POINT ( 'NONE', #1715 ) ;
#574 = DIRECTION ( 'NONE',  ( 0.000000000000000000, 0.000000000000000000, 1.000000000000000000 ) ) ;
#575 = VERTEX_POINT ( 'NONE', #495 ) ;
#576 = DIRECTION ( 'NONE',  ( -0.000000000000000000, 1.000000000000000000, -0.000000000000000000 ) ) ;
#577 = PLANE ( 'NONE',  #1474 ) ;
#578 = PRESENTATION_STYLE_ASSIGNMENT (( #1487 ) ) ;
#579 = DIRECTION ( 'NONE',  ( 0.000000000000000000, 1.000000000000000000, -0.000000000000000000 ) ) ;
#580 = ORIENTED_EDGE ( 'NONE', *, *, #1848, .T. ) ;
#581 = PLANE ( 'NONE',  #2177 ) ;
#582 = ORIENTED_EDGE ( 'NONE', *, *, #785, .T. ) ;
#583 = CARTESIAN_POINT ( 'NONE',  ( 2.499999999999999556, 10.49999999999999645, -2.527293314987277384 ) ) ;
#584 = VERTEX_POINT ( 'NONE', #1545 ) ;
#585 = CARTESIAN_POINT ( 'NONE',  ( -4.149999999999999467, 0.4000000000000000222, -0.7500000000000008882 ) ) ;
#586 = CARTESIAN_POINT ( 'NONE',  ( 0.000000000000000000, 10.49999999999999822, 0.000000000000000000 ) ) ;
#587 = CARTESIAN_POINT ( 'NONE',  ( -2.150000000000000799, 0.4000000000000000222, -2.500000000000000000 ) ) ;
#588 = DIRECTION ( 'NONE',  ( -0.000000000000000000, -1.000000000000000000, -0.000000000000000000 ) ) ;
#589 = ORIENTED_EDGE ( 'NONE', *, *, #995, .T. ) ;
#590 = DIRECTION ( 'NONE',  ( -0.000000000000000000, -1.000000000000000000, -0.000000000000000000 ) ) ;
#591 = EDGE_LOOP ( 'NONE', ( #1679, #1036, #1683, #1322 ) ) ;
#592 = EDGE_CURVE ( 'NONE', #65, #733, #473, .T. ) ;
#593 = CARTESIAN_POINT ( 'NONE',  ( 1.739971264130535822, 1.899999999999999911, -4.149999999999998579 ) ) ;
#594 = EDGE_LOOP ( 'NONE', ( #546, #926, #1492, #2129 ) ) ;
#595 = CIRCLE ( 'NONE', #193, 4.500000000000000000 ) ;
#596 = LINE ( 'NONE', #2031, #1693 ) ;
#597 = VECTOR ( 'NONE', #845, 1000.000000000000000 ) ;
#598 = DIRECTION ( 'NONE',  ( 0.000000000000000000, 0.000000000000000000, -1.000000000000000000 ) ) ;
#599 = CARTESIAN_POINT ( 'NONE',  ( -4.150000000000001243, 0.3000000000000000444, 2.950000000000000178 ) ) ;
#600 = CARTESIAN_POINT ( 'NONE',  ( 0.000000000000000000, 4.264213562373091904, 0.000000000000000000 ) ) ;
#601 = AXIS2_PLACEMENT_3D ( 'NONE', #1726, #1533, #851 ) ;
#602 = EDGE_LOOP ( 'NONE', ( #805, #1214, #1498, #2009 ) ) ;
#603 = FILL_AREA_STYLE_COLOUR ( '', #1438 ) ;
#604 = UNCERTAINTY_MEASURE_WITH_UNIT (LENGTH_MEASURE( 1.000000000000000082E-05 ), #92, 'distance_accuracy_value', 'NONE');
#605 = AXIS2_PLACEMENT_3D ( 'NONE', #408, #1127, #389 ) ;
#606 = APPLICATION_CONTEXT ( 'automotive_design' ) ;
#607 = VECTOR ( 'NONE', #2075, 1000.000000000000000 ) ;
#608 = VECTOR ( 'NONE', #1035, 1000.000000000000000 ) ;
#609 = VERTEX_POINT ( 'NONE', #2265 ) ;
#610 = LINE ( 'NONE', #1288, #569 ) ;
#611 = EDGE_CURVE ( 'NONE', #286, #962, #1039, .T. ) ;
#612 = EDGE_LOOP ( 'NONE', ( #1639, #1839 ) ) ;
#613 = CARTESIAN_POINT ( 'NONE',  ( -4.150000000000002132, 1.899999999999999911, -1.739971264130527384 ) ) ;
#614 = EDGE_CURVE ( 'NONE', #1609, #962, #853, .T. ) ;
#615 = DIRECTION ( 'NONE',  ( 0.000000000000000000, -1.000000000000000000, 0.000000000000000000 ) ) ;
#616 =( NAMED_UNIT ( * ) PLANE_ANGLE_UNIT ( ) SI_UNIT ( $, .RADIAN. ) );
#617 = ORIENTED_EDGE ( 'NONE', *, *, #1636, .T. ) ;
#618 = VERTEX_POINT ( 'NONE', #1579 ) ;
#619 = CARTESIAN_POINT ( 'NONE',  ( 2.149999999999999023, 0.4000000000000000222, 3.100000000000000089 ) ) ;
#620 = ORIENTED_EDGE ( 'NONE', *, *, #1780, .T. ) ;
#621 = CARTESIAN_POINT ( 'NONE',  ( -4.814824860968089633E-32, 9.999999999999998224, 0.000000000000000000 ) ) ;
#622 = LINE ( 'NONE', #1345, #894 ) ;
#623 = DIRECTION ( 'NONE',  ( 0.000000000000000000, 0.000000000000000000, 1.000000000000000000 ) ) ;
#624 =( NAMED_UNIT ( * ) SI_UNIT ( $, .STERADIAN. ) SOLID_ANGLE_UNIT ( ) );
#625 = CARTESIAN_POINT ( 'NONE',  ( 0.4000000000000000777, 0.3000000000000000444, 0.7500000000000002220 ) ) ;
#626 = ORIENTED_EDGE ( 'NONE', *, *, #1009, .F. ) ;
#627 = DIRECTION ( 'NONE',  ( 0.000000000000000000, 0.000000000000000000, -1.000000000000000000 ) ) ;
#628 = LINE ( 'NONE', #1565, #1734 ) ;
#629 = ORIENTED_EDGE ( 'NONE', *, *, #1156, .F. ) ;
#630 = CARTESIAN_POINT ( 'NONE',  ( 2.149999999999999467, 0.3000000000000000444, -2.500000000000000000 ) ) ;
#631 = EDGE_CURVE ( 'NONE', #1038, #132, #2084, .T. ) ;
#632 = CARTESIAN_POINT ( 'NONE',  ( 0.000000000000000000, 1.500000000000000000, 0.000000000000000000 ) ) ;
#633 = AXIS2_PLACEMENT_3D ( 'NONE', #1523, #1188, #1349 ) ;
#634 = ADVANCED_FACE ( 'NONE', ( #1783 ), #353, .F. ) ;
#635 = CARTESIAN_POINT ( 'NONE',  ( 2.499999999999999556, 10.49999999999999822, 2.603922197099130198 ) ) ;
#636 = FACE_OUTER_BOUND ( 'NONE', #313, .T. ) ;
#637 = VECTOR ( 'NONE', #572, 1000.000000000000000 ) ;
#638 = VECTOR ( 'NONE', #526, 1000.000000000000000 ) ;
#639 = EDGE_LOOP ( 'NONE', ( #710, #1020, #1161, #390 ) ) ;
#640 = AXIS2_PLACEMENT_3D ( 'NONE', #1836, #1812, #51 ) ;
#641 = CARTESIAN_POINT ( 'NONE',  ( -1.698955981626778343E-16, 0.4000000000000000222, 0.4750000000000015876 ) ) ;
#642 = VECTOR ( 'NONE', #1934, 1000.000000000000000 ) ;
#643 = CARTESIAN_POINT ( 'NONE',  ( -4.150000000000001243, 0.3000000000000000444, 2.950000000000000178 ) ) ;
#644 = ORIENTED_EDGE ( 'NONE', *, *, #1825, .T. ) ;
#645 = DIRECTION ( 'NONE',  ( -0.000000000000000000, 1.000000000000000000, -0.000000000000000000 ) ) ;
#646 = COLOUR_RGB ( '',0.7921568627450980005, 0.8196078431372548767, 0.9333333333333333481 ) ;
#647 = DIRECTION ( 'NONE',  ( -0.000000000000000000, -1.000000000000000000, -0.000000000000000000 ) ) ;
#648 = CARTESIAN_POINT ( 'NONE',  ( 0.000000000000000000, 3.450000000000000622, 0.000000000000000000 ) ) ;
#649 = ADVANCED_FACE ( 'NONE', ( #407 ), #976, .T. ) ;
#650 =( NAMED_UNIT ( * ) PLANE_ANGLE_UNIT ( ) SI_UNIT ( $, .RADIAN. ) );
#651 = DIRECTION ( 'NONE',  ( 0.000000000000000000, 0.000000000000000000, -1.000000000000000000 ) ) ;
#652 = EDGE_CURVE ( 'NONE', #575, #2297, #963, .T. ) ;
#653 = B_SPLINE_CURVE_WITH_KNOTS ( 'NONE', 3,
 ( #2112, #854, #368, #357, #1080, #178, #1429, #1796 ),
 .UNSPECIFIED., .F., .F.,
 ( 4, 2, 2, 4 ),
 ( 0.000000000000000000, 0.0002315087149832171425, 0.0004630174299664342849, 0.0009260348599328714972 ),
 .UNSPECIFIED. ) ;
#654 = VERTEX_POINT ( 'NONE', #244 ) ;
#655 = ADVANCED_FACE ( 'NONE', ( #2147 ), #2058, .T. ) ;
#656 = DIRECTION ( 'NONE',  ( 0.000000000000000000, 0.000000000000000000, -1.000000000000000000 ) ) ;
#657 = VERTEX_POINT ( 'NONE', #933 ) ;
#658 = PLANE ( 'NONE',  #451 ) ;
#659 = ORIENTED_EDGE ( 'NONE', *, *, #1825, .F. ) ;
#660 = CARTESIAN_POINT ( 'NONE',  ( 4.449999999999998401, 0.4000000000000000222, 0.4749999999999999778 ) ) ;
#661 = FACE_OUTER_BOUND ( 'NONE', #876, .T. ) ;
#662 = ORIENTED_EDGE ( 'NONE', *, *, #2202, .F. ) ;
#663 = LINE ( 'NONE', #1007, #2178 ) ;
#664 = VERTEX_POINT ( 'NONE', #174 ) ;
#665 = EDGE_CURVE ( 'NONE', #2208, #508, #1963, .T. ) ;
#666 = DIRECTION ( 'NONE',  ( 1.000000000000000000, 0.000000000000000000, 3.576749435003731996E-16 ) ) ;
#667 = EDGE_LOOP ( 'NONE', ( #116, #388, #1980, #2004, #1923, #2144 ) ) ;
#668 = CARTESIAN_POINT ( 'NONE',  ( 2.149999999999999467, 0.3000000000000000444, -3.100000000000000089 ) ) ;
#669 = DIRECTION ( 'NONE',  ( -0.000000000000000000, -1.000000000000000000, -0.000000000000000000 ) ) ;
#670 = CARTESIAN_POINT ( 'NONE',  ( 2.149999999999999467, 0.4000000000000000222, -2.500000000000000000 ) ) ;
#671 = CARTESIAN_POINT ( 'NONE',  ( 0.000000000000000000, 2.896446609406724715, 0.000000000000000000 ) ) ;
#672 = AXIS2_PLACEMENT_3D ( 'NONE', #2085, #669, #1040 ) ;
#673 = VERTEX_POINT ( 'NONE', #63 ) ;
#674 = AXIS2_PLACEMENT_3D ( 'NONE', #1428, #1041, #2134 ) ;
#675 = DIRECTION ( 'NONE',  ( 0.000000000000000000, 0.000000000000000000, -1.000000000000000000 ) ) ;
#676 = TOROIDAL_SURFACE ( 'NONE', #601, 3.500000000000000888, 0.5000000000000000000 ) ;
#677 = VECTOR ( 'NONE', #1184, 1000.000000000000000 ) ;
#678 = VERTEX_POINT ( 'NONE', #784 ) ;
#679 = CARTESIAN_POINT ( 'NONE',  ( 0.000000000000000000, 2.896446609406724715, 0.000000000000000000 ) ) ;
#680 = AXIS2_PLACEMENT_3D ( 'NONE', #2087, #826, #1368 ) ;
#681 = ORIENTED_EDGE ( 'NONE', *, *, #251, .F. ) ;
#682 = CARTESIAN_POINT ( 'NONE',  ( 2.149999999999999023, 0.4000000000000000222, 2.500000000000000000 ) ) ;
#683 = TOROIDAL_SURFACE ( 'NONE', #497, 3.500000000000000888, 0.5000000000000000000 ) ;
#684 = CARTESIAN_POINT ( 'NONE',  ( -2.950000000000001066, 0.3000000000000000444, -4.149999999999998579 ) ) ;
#685 = DIRECTION ( 'NONE',  ( 0.000000000000000000, 1.000000000000000000, -0.000000000000000000 ) ) ;
#686 = DIRECTION ( 'NONE',  ( 0.000000000000000000, 0.000000000000000000, -1.000000000000000000 ) ) ;
#687 = ORIENTED_EDGE ( 'NONE', *, *, #1780, .F. ) ;
#688 = DIRECTION ( 'NONE',  ( 0.000000000000000000, 0.000000000000000000, -1.000000000000000000 ) ) ;
#689 = ORIENTED_EDGE ( 'NONE', *, *, #123, .T. ) ;
#690 = DIRECTION ( 'NONE',  ( -0.000000000000000000, 1.000000000000000000, -0.000000000000000000 ) ) ;
#691 = ORIENTED_EDGE ( 'NONE', *, *, #1337, .F. ) ;
#692 = CARTESIAN_POINT ( 'NONE',  ( 0.000000000000000000, 10.00000000000000000, 0.000000000000000000 ) ) ;
#693 = EDGE_CURVE ( 'NONE', #236, #1443, #542, .T. ) ;
#694 = DIRECTION ( 'NONE',  ( 0.7071067811865477948, 0.000000000000000000, -0.7071067811865473507 ) ) ;
#695 =( NAMED_UNIT ( * ) SI_UNIT ( $, .STERADIAN. ) SOLID_ANGLE_UNIT ( ) );
#696 = EDGE_CURVE ( 'NONE', #1853, #163, #888, .T. ) ;
#697 = FACE_OUTER_BOUND ( 'NONE', #751, .T. ) ;
#698 = DIRECTION ( 'NONE',  ( -0.000000000000000000, -1.000000000000000000, -0.000000000000000000 ) ) ;
#699 = ORIENTED_EDGE ( 'NONE', *, *, #1657, .T. ) ;
#700 = CARTESIAN_POINT ( 'NONE',  ( 0.000000000000000000, 1.500000000000000000, -4.000000000000000888 ) ) ;
#701 = EDGE_LOOP ( 'NONE', ( #489, #1956, #1897, #1961 ) ) ;
#702 = DIRECTION ( 'NONE',  ( 0.000000000000000000, 0.000000000000000000, -1.000000000000000000 ) ) ;
#703 = EDGE_LOOP ( 'NONE', ( #503, #168, #589, #1077 ) ) ;
#704 = DIRECTION ( 'NONE',  ( 0.000000000000000000, 0.000000000000000000, -1.000000000000000000 ) ) ;
#705 = ADVANCED_FACE ( 'NONE', ( #2322 ), #1773, .T. ) ;
#706 = CARTESIAN_POINT ( 'NONE',  ( -4.150000000000001243, 0.3000000000000000444, 2.950000000000000178 ) ) ;
#707 = CARTESIAN_POINT ( 'NONE',  ( -4.150000000000002132, 0.3000000000000000444, -2.949999999999998845 ) ) ;
#708 = DIRECTION ( 'NONE',  ( -0.000000000000000000, 1.000000000000000000, -0.000000000000000000 ) ) ;
#709 = ORIENTED_EDGE ( 'NONE', *, *, #1113, .T. ) ;
#710 = ORIENTED_EDGE ( 'NONE', *, *, #1510, .F. ) ;
#711 = VECTOR ( 'NONE', #355, 1000.000000000000000 ) ;
#712 = DIRECTION ( 'NONE',  ( 0.000000000000000000, 0.000000000000000000, 1.000000000000000000 ) ) ;
#713 = ADVANCED_FACE ( 'NONE', ( #1115 ), #1162, .T. ) ;
#714 = AXIS2_PLACEMENT_3D ( 'NONE', #1556, #1071, #1463 ) ;
#715 = ORIENTED_EDGE ( 'NONE', *, *, #1930, .T. ) ;
#716 = AXIS2_PLACEMENT_3D ( 'NONE', #2065, #615, #68 ) ;
#717 = DIRECTION ( 'NONE',  ( 0.000000000000000000, -1.000000000000000000, 0.000000000000000000 ) ) ;
#718 = ORIENTED_EDGE ( 'NONE', *, *, #10, .F. ) ;
#719 = AXIS2_PLACEMENT_3D ( 'NONE', #679, #1592, #863 ) ;
#720 = DIRECTION ( 'NONE',  ( 0.7071067811865477948, 0.000000000000000000, -0.7071067811865473507 ) ) ;
#721 = PRESENTATION_LAYER_ASSIGNMENT (  '', '', ( #1585 ) ) ;
#722 = LINE ( 'NONE', #14, #1799 ) ;
#723 = VECTOR ( 'NONE', #2057, 1000.000000000000000 ) ;
#724 = DIRECTION ( 'NONE',  ( -0.000000000000000000, -1.000000000000000000, -0.000000000000000000 ) ) ;
#725 = CARTESIAN_POINT ( 'NONE',  ( 2.499999999999999556, 10.46460234511332565, -2.762817255435125574 ) ) ;
#726 = CARTESIAN_POINT ( 'NONE',  ( -2.150000000000000799, 0.4000000000000000222, 2.500000000000000000 ) ) ;
#727 = VERTEX_POINT ( 'NONE', #1889 ) ;
#728 = CARTESIAN_POINT ( 'NONE',  ( 0.000000000000000000, 1.500000000000000000, -4.000000000000000000 ) ) ;
#729 = CARTESIAN_POINT ( 'NONE',  ( 4.149999999999999467, 2.299999999999999822, 0.000000000000000000 ) ) ;
#730 = EDGE_CURVE ( 'NONE', #2287, #1656, #224, .T. ) ;
#731 = EDGE_LOOP ( 'NONE', ( #298, #681, #1531, #1240 ) ) ;
#732 = CARTESIAN_POINT ( 'NONE',  ( 0.000000000000000000, 1.899999999999999911, 0.000000000000000000 ) ) ;
#733 = VERTEX_POINT ( 'NONE', #465 ) ;
#734 = CARTESIAN_POINT ( 'NONE',  ( 0.000000000000000000, 4.264213562373091904, 0.000000000000000000 ) ) ;
#735 = DIRECTION ( 'NONE',  ( 0.000000000000000000, -0.000000000000000000, -1.000000000000000000 ) ) ;
#736 = EDGE_LOOP ( 'NONE', ( #1432, #900, #949, #81, #2077, #1117, #1424, #887 ) ) ;
#737 = CARTESIAN_POINT ( 'NONE',  ( 0.000000000000000000, 10.00000000000000000, 0.000000000000000000 ) ) ;
#738 = EDGE_CURVE ( 'NONE', #1083, #1598, #2269, .T. ) ;
#739 = VERTEX_POINT ( 'NONE', #1686 ) ;
#740 = DIRECTION ( 'NONE',  ( 1.000000000000000000, 0.000000000000000000, -3.576749435003731996E-16 ) ) ;
#741 = EDGE_CURVE ( 'NONE', #618, #1902, #1725, .T. ) ;
#742 = ORIENTED_EDGE ( 'NONE', *, *, #1145, .T. ) ;
#743 = PLANE ( 'NONE',  #978 ) ;
#744 = DIRECTION ( 'NONE',  ( 0.000000000000000000, 0.000000000000000000, -1.000000000000000000 ) ) ;
#745 = FILL_AREA_STYLE ('',( #1642 ) ) ;
#746 =( LENGTH_UNIT ( ) NAMED_UNIT ( * ) SI_UNIT ( .MILLI., .METRE. ) );
#747 = VERTEX_POINT ( 'NONE', #277 ) ;
#748 = EDGE_LOOP ( 'NONE', ( #844, #2008, #1060, #1278 ) ) ;
#749 = DIRECTION ( 'NONE',  ( -1.000000000000000000, 0.000000000000000000, 0.000000000000000000 ) ) ;
#750 = AXIS2_PLACEMENT_3D ( 'NONE', #2006, #943, #1101 ) ;
#751 = EDGE_LOOP ( 'NONE', ( #19, #1396 ) ) ;
#752 = VECTOR ( 'NONE', #1635, 1000.000000000000000 ) ;
#753 = CARTESIAN_POINT ( 'NONE',  ( 0.000000000000000000, 10.00000000000000000, -3.999999999999999112 ) ) ;
#754 = AXIS2_PLACEMENT_3D ( 'NONE', #1270, #1614, #1807 ) ;
#755 = DIRECTION ( 'NONE',  ( -0.000000000000000000, -1.000000000000000000, -0.000000000000000000 ) ) ;
#756 = CARTESIAN_POINT ( 'NONE',  ( 2.500000000000000444, 10.15461936428730461, -3.098293426350787527 ) ) ;
#757 = PRESENTATION_STYLE_ASSIGNMENT (( #1651 ) ) ;
#758 = AXIS2_PLACEMENT_3D ( 'NONE', #1254, #509, #375 ) ;
#759 = ORIENTED_EDGE ( 'NONE', *, *, #1435, .T. ) ;
#760 = AXIS2_PLACEMENT_3D ( 'NONE', #1768, #1045, #1082 ) ;
#761 = DIRECTION ( 'NONE',  ( 0.000000000000000000, 0.000000000000000000, 1.000000000000000000 ) ) ;
#762 = ORIENTED_EDGE ( 'NONE', *, *, #131, .T. ) ;
#763 = CARTESIAN_POINT ( 'NONE',  ( 0.4000000000000000777, 0.4000000000000000222, 0.7500000000000002220 ) ) ;
#764 = ORIENTED_EDGE ( 'NONE', *, *, #2053, .T. ) ;
#765 = DIRECTION ( 'NONE',  ( -4.928191693115927565E-17, -1.000000000000000000, 0.000000000000000000 ) ) ;
#766 = DIRECTION ( 'NONE',  ( 0.000000000000000000, 0.000000000000000000, 1.000000000000000000 ) ) ;
#767 = CARTESIAN_POINT ( 'NONE',  ( 2.500000000000000444, 10.50000000000001243, -2.603888464960450122 ) ) ;
#768 = DIRECTION ( 'NONE',  ( 1.000000000000000000, 0.000000000000000000, 3.576749435003731996E-16 ) ) ;
#769 = ADVANCED_FACE ( 'NONE', ( #997 ), #1538, .F. ) ;
#770 = EDGE_LOOP ( 'NONE', ( #1190, #1891, #1652, #1230 ) ) ;
#771 = CARTESIAN_POINT ( 'NONE',  ( 0.000000000000000000, 3.250000000000000444, 0.000000000000000000 ) ) ;
#772 = UNCERTAINTY_MEASURE_WITH_UNIT (LENGTH_MEASURE( 1.000000000000000082E-05 ), #103, 'distance_accuracy_value', 'NONE');
#773 = ORIENTED_EDGE ( 'NONE', *, *, #741, .F. ) ;
#774 = DIRECTION ( 'NONE',  ( 0.000000000000000000, 0.000000000000000000, 1.000000000000000000 ) ) ;
#775 = DIRECTION ( 'NONE',  ( -1.000000000000000000, 0.000000000000000000, 0.000000000000000000 ) ) ;
#776 = ORIENTED_EDGE ( 'NONE', *, *, #2184, .T. ) ;
#777 = FACE_OUTER_BOUND ( 'NONE', #1144, .T. ) ;
#778 = CARTESIAN_POINT ( 'NONE',  ( -4.150000000000001243, 0.3000000000000000444, 2.950000000000000178 ) ) ;
#779 = APPLICATION_PROTOCOL_DEFINITION ( 'draft international standard', 'automotive_design', 1998, #606 ) ;
#780 = EDGE_CURVE ( 'NONE', #1656, #2029, #1946, .T. ) ;
#781 = EDGE_LOOP ( 'NONE', ( #2080, #699, #1011, #1318 ) ) ;
#782 = EDGE_CURVE ( 'NONE', #1141, #733, #2190, .T. ) ;
#783 = ORIENTED_EDGE ( 'NONE', *, *, #1510, .T. ) ;
#784 = CARTESIAN_POINT ( 'NONE',  ( 2.500000000000000000, 10.49999999999999822, -2.449489742783176993 ) ) ;
#785 = EDGE_CURVE ( 'NONE', #1933, #678, #299, .T. ) ;
#786 = CARTESIAN_POINT ( 'NONE',  ( 2.500000000000000000, 10.49999999999999822, -2.449489742783176993 ) ) ;
#787 = ORIENTED_EDGE ( 'NONE', *, *, #466, .F. ) ;
#788 = CIRCLE ( 'NONE', #560, 3.999999999999999112 ) ;
#789 = CARTESIAN_POINT ( 'NONE',  ( 0.000000000000000000, 1.899999999999999911, 0.000000000000000000 ) ) ;
#790 = AXIS2_PLACEMENT_3D ( 'NONE', #670, #1417, #514 ) ;
#791 = LINE ( 'NONE', #272, #856 ) ;
#792 = LINE ( 'NONE', #1643, #119 ) ;
#793 = CIRCLE ( 'NONE', #2094, 0.5999999999999998668 ) ;
#794 = AXIS2_PLACEMENT_3D ( 'NONE', #1852, #273, #72 ) ;
#795 = VERTEX_POINT ( 'NONE', #1299 ) ;
#796 = CARTESIAN_POINT ( 'NONE',  ( 0.000000000000000000, 1.500000000000000000, 0.000000000000000000 ) ) ;
#797 = EDGE_CURVE ( 'NONE', #1740, #1066, #417, .T. ) ;
#798 = AXIS2_PLACEMENT_3D ( 'NONE', #43, #775, #574 ) ;
#799 = CIRCLE ( 'NONE', #1767, 4.000000000000000888 ) ;
#800 = ORIENTED_EDGE ( 'NONE', *, *, #1887, .F. ) ;
#801 = EDGE_CURVE ( 'NONE', #329, #1141, #961, .T. ) ;
#802 = DIRECTION ( 'NONE',  ( -0.000000000000000000, -1.000000000000000000, -0.000000000000000000 ) ) ;
#803 =( GEOMETRIC_REPRESENTATION_CONTEXT ( 3 ) GLOBAL_UNCERTAINTY_ASSIGNED_CONTEXT ( ( #372 ) ) GLOBAL_UNIT_ASSIGNED_CONTEXT ( ( #746, #616, #957 ) ) REPRESENTATION_CONTEXT ( 'NONE', 'WORKASPACE' ) );
#804 = CARTESIAN_POINT ( 'NONE',  ( 0.000000000000000000, 0.4000000000000000222, 0.000000000000000000 ) ) ;
#805 = ORIENTED_EDGE ( 'NONE', *, *, #874, .F. ) ;
#806 = CARTESIAN_POINT ( 'NONE',  ( -2.025000000000002576, 0.4000000000000000222, 0.4750000000000008660 ) ) ;
#807 = CARTESIAN_POINT ( 'NONE',  ( -2.025000000000002576, 0.000000000000000000, -0.4750000000000008660 ) ) ;
#808 = SURFACE_SIDE_STYLE ('',( #1356 ) ) ;
#809 = DIRECTION ( 'NONE',  ( -0.000000000000000000, -1.000000000000000000, -0.000000000000000000 ) ) ;
#810 = ORIENTED_EDGE ( 'NONE', *, *, #1675, .T. ) ;
#811 = CARTESIAN_POINT ( 'NONE',  ( 2.149999999999999023, 0.3000000000000000444, 1.900000000000000133 ) ) ;
#812 = EDGE_CURVE ( 'NONE', #404, #179, #2153, .T. ) ;
#813 = ORIENTED_EDGE ( 'NONE', *, *, #2041, .F. ) ;
#814 = ADVANCED_FACE ( 'NONE', ( #1813 ), #1172, .F. ) ;
#815 = DIRECTION ( 'NONE',  ( 0.000000000000000000, -1.000000000000000000, 0.000000000000000000 ) ) ;
#816 = CARTESIAN_POINT ( 'NONE',  ( -4.149999999999999467, 0.4000000000000000222, 0.7500000000000008882 ) ) ;
#817 = FILL_AREA_STYLE ('',( #603 ) ) ;
#818 = DIRECTION ( 'NONE',  ( -1.000000000000000000, 4.928191693115926948E-17, 0.000000000000000000 ) ) ;
#819 = VERTEX_POINT ( 'NONE', #707 ) ;
#820 = DIRECTION ( 'NONE',  ( -0.000000000000000000, -1.000000000000000000, -0.000000000000000000 ) ) ;
#821 = EDGE_LOOP ( 'NONE', ( #275, #2275, #1828, #718, #1164, #534, #662, #1363, #1122, #1982, #1522, #1467 ) ) ;
#822 = DIRECTION ( 'NONE',  ( 0.000000000000000000, 0.000000000000000000, 1.000000000000000000 ) ) ;
#823 = DIRECTION ( 'NONE',  ( -1.000000000000000000, -0.000000000000000000, -0.000000000000000000 ) ) ;
#824 = CIRCLE ( 'NONE', #1389, 0.4750000000000008660 ) ;
#825 = AXIS2_PLACEMENT_3D ( 'NONE', #648, #2234, #956 ) ;
#826 = DIRECTION ( 'NONE',  ( 0.000000000000000000, -1.000000000000000000, -0.000000000000000000 ) ) ;
#827 = VECTOR ( 'NONE', #344, 1000.000000000000000 ) ;
#828 = AXIS2_PLACEMENT_3D ( 'NONE', #245, #950, #1659 ) ;
#829 = ORIENTED_EDGE ( 'NONE', *, *, #1915, .T. ) ;
#830 = COLOUR_RGB ( '',0.2509803921568627416, 0.2509803921568627416, 0.2509803921568627416 ) ;
#831 = AXIS2_PLACEMENT_3D ( 'NONE', #122, #1185, #2258 ) ;
#832 = DIRECTION ( 'NONE',  ( -0.000000000000000000, -1.000000000000000000, -0.000000000000000000 ) ) ;
#833 = EDGE_LOOP ( 'NONE', ( #1420, #2321, #1630, #1724 ) ) ;
#834 = DIRECTION ( 'NONE',  ( 0.000000000000000000, 0.000000000000000000, 1.000000000000000000 ) ) ;
#835 = VERTEX_POINT ( 'NONE', #1379 ) ;
#836 = LINE ( 'NONE', #308, #304 ) ;
#837 = ADVANCED_FACE ( 'NONE', ( #1570 ), #2086, .T. ) ;
#838 = LINE ( 'NONE', #475, #1664 ) ;
#839 = ADVANCED_FACE ( 'NONE', ( #529 ), #1209, .T. ) ;
#840 = ORIENTED_EDGE ( 'NONE', *, *, #1415, .F. ) ;
#841 = CARTESIAN_POINT ( 'NONE',  ( -0.4000000000000000222, 0.3000000000000000444, 0.7500000000000002220 ) ) ;
#842 = ORIENTED_EDGE ( 'NONE', *, *, #516, .F. ) ;
#843 = DIRECTION ( 'NONE',  ( -0.000000000000000000, -1.000000000000000000, -0.000000000000000000 ) ) ;
#844 = ORIENTED_EDGE ( 'NONE', *, *, #1497, .T. ) ;
#845 = DIRECTION ( 'NONE',  ( 1.000000000000000000, 0.000000000000000000, 1.221636250687892233E-16 ) ) ;
#846 = DIRECTION ( 'NONE',  ( 0.000000000000000000, -0.000000000000000000, 1.000000000000000000 ) ) ;
#847 = CARTESIAN_POINT ( 'NONE',  ( 0.000000000000000000, 3.803553390593275907, 3.746446609406729689 ) ) ;
#848 = ORIENTED_EDGE ( 'NONE', *, *, #1334, .T. ) ;
#849 = CARTESIAN_POINT ( 'NONE',  ( -2.150000000000000799, 0.4000000000000000222, 1.900000000000000133 ) ) ;
#850 = ORIENTED_EDGE ( 'NONE', *, *, #1615, .T. ) ;
#851 = DIRECTION ( 'NONE',  ( 0.000000000000000000, 0.000000000000000000, -1.000000000000000000 ) ) ;
#852 = ORIENTED_EDGE ( 'NONE', *, *, #1665, .F. ) ;
#853 = LINE ( 'NONE', #1365, #1207 ) ;
#854 = CARTESIAN_POINT ( 'NONE',  ( 2.500000000000000000, 10.07842066803623915, 3.122498999199199154 ) ) ;
#855 = VERTEX_POINT ( 'NONE', #1918 ) ;
#856 = VECTOR ( 'NONE', #992, 1000.000000000000000 ) ;
#857 = DIRECTION ( 'NONE',  ( 1.000000000000000000, 0.000000000000000000, 2.443272501375784466E-16 ) ) ;
#858 = AXIS2_PLACEMENT_3D ( 'NONE', #585, #1695, #1314 ) ;
#859 = ADVANCED_FACE ( 'NONE', ( #697 ), #311, .T. ) ;
#860 = CIRCLE ( 'NONE', #381, 3.600000000000000977 ) ;
#861 = ORIENTED_EDGE ( 'NONE', *, *, #1086, .F. ) ;
#862 = AXIS2_PLACEMENT_3D ( 'NONE', #1816, #55, #1501 ) ;
#863 = DIRECTION ( 'NONE',  ( 0.000000000000000000, 0.000000000000000000, -1.000000000000000000 ) ) ;
#864 = ADVANCED_FACE ( 'NONE', ( #1243 ), #346, .T. ) ;
#865 = VECTOR ( 'NONE', #1778, 1000.000000000000000 ) ;
#866 = EDGE_LOOP ( 'NONE', ( #1602, #1942, #71, #97 ) ) ;
#867 = LINE ( 'NONE', #1903, #1687 ) ;
#868 = FACE_OUTER_BOUND ( 'NONE', #591, .T. ) ;
#869 =( LENGTH_UNIT ( ) NAMED_UNIT ( * ) SI_UNIT ( .MILLI., .METRE. ) );
#870 = DIRECTION ( 'NONE',  ( 0.000000000000000000, -0.000000000000000000, -1.000000000000000000 ) ) ;
#871 = ORIENTED_EDGE ( 'NONE', *, *, #2230, .F. ) ;
#872 = CARTESIAN_POINT ( 'NONE',  ( 2.500000000000000000, 9.999999999999998224, 3.122498999199198266 ) ) ;
#873 = ORIENTED_EDGE ( 'NONE', *, *, #954, .F. ) ;
#874 = EDGE_CURVE ( 'NONE', #1993, #739, #2100, .T. ) ;
#875 = CARTESIAN_POINT ( 'NONE',  ( 5.021051876504149357E-16, 3.450000000000000178, 4.100000000000001421 ) ) ;
#876 = EDGE_LOOP ( 'NONE', ( #629, #1627, #2073, #222 ) ) ;
#877 = ADVANCED_FACE ( 'NONE', ( #906 ), #190, .T. ) ;
#878 = DIRECTION ( 'NONE',  ( -1.000000000000000000, 0.000000000000000000, 0.000000000000000000 ) ) ;
#879 = PLANE ( 'NONE',  #142 ) ;
#880 = CARTESIAN_POINT ( 'NONE',  ( -4.150000000000001243, 1.500000000000000000, 1.739971264130527828 ) ) ;
#881 = EDGE_CURVE ( 'NONE', #1313, #835, #1390, .T. ) ;
#882 = EDGE_LOOP ( 'NONE', ( #1351, #1720, #1310, #1766 ) ) ;
#883 = ORIENTED_EDGE ( 'NONE', *, *, #955, .F. ) ;
#884 = DIRECTION ( 'NONE',  ( -0.000000000000000000, -0.000000000000000000, 1.000000000000000000 ) ) ;
#885 = VERTEX_POINT ( 'NONE', #568 ) ;
#886 = DIRECTION ( 'NONE',  ( 0.000000000000000000, 0.000000000000000000, 1.000000000000000000 ) ) ;
#887 = ORIENTED_EDGE ( 'NONE', *, *, #1859, .F. ) ;
#888 = LINE ( 'NONE', #342, #338 ) ;
#889 = DIRECTION ( 'NONE',  ( 0.000000000000000000, 0.000000000000000000, -1.000000000000000000 ) ) ;
#890 = DIRECTION ( 'NONE',  ( -1.000000000000000000, -0.000000000000000000, -0.000000000000000000 ) ) ;
#891 = PLANE ( 'NONE',  #2139 ) ;
#892 = ORIENTED_EDGE ( 'NONE', *, *, #276, .F. ) ;
#893 = LINE ( 'NONE', #1653, #979 ) ;
#894 = VECTOR ( 'NONE', #2016, 1000.000000000000000 ) ;
#895 = AXIS2_PLACEMENT_3D ( 'NONE', #1809, #1090, #4 ) ;
#896 = EDGE_LOOP ( 'NONE', ( #871, #352, #1125, #776 ) ) ;
#897 = VECTOR ( 'NONE', #66, 1000.000000000000000 ) ;
#898 = CARTESIAN_POINT ( 'NONE',  ( 4.588073848386405056E-16, 2.896446609406724715, 3.746446609406729245 ) ) ;
#899 = STYLED_ITEM ( 'NONE', ( #1749 ), #169 ) ;
#900 = ORIENTED_EDGE ( 'NONE', *, *, #1235, .T. ) ;
#901 = AXIS2_PLACEMENT_3D ( 'NONE', #1943, #161, #886 ) ;
#902 = AXIS2_PLACEMENT_3D ( 'NONE', #1088, #724, #1795 ) ;
#903 = DIRECTION ( 'NONE',  ( 0.000000000000000000, 0.000000000000000000, -1.000000000000000000 ) ) ;
#904 = AXIS2_PLACEMENT_3D ( 'NONE', #1955, #141, #1895 ) ;
#905 = LINE ( 'NONE', #1632, #2320 ) ;
#906 = FACE_OUTER_BOUND ( 'NONE', #1824, .T. ) ;
#907 = FACE_OUTER_BOUND ( 'NONE', #958, .T. ) ;
#908 = AXIS2_PLACEMENT_3D ( 'NONE', #138, #545, #735 ) ;
#909 = EDGE_CURVE ( 'NONE', #1888, #2287, #374, .T. ) ;
#910 = VERTEX_POINT ( 'NONE', #1495 ) ;
#911 = DIRECTION ( 'NONE',  ( -1.000000000000000000, 4.928191693115926948E-17, 0.000000000000000000 ) ) ;
#912 = CARTESIAN_POINT ( 'NONE',  ( -4.150000000000002132, 1.899999999999999911, 6.100934258731994980E-16 ) ) ;
#913 = ADVANCED_FACE ( 'NONE', ( #1447 ), #1272, .F. ) ;
#914 = EDGE_LOOP ( 'NONE', ( #2201, #148, #2316, #1422 ) ) ;
#915 = DIRECTION ( 'NONE',  ( 0.000000000000000000, 0.000000000000000000, -1.000000000000000000 ) ) ;
#916 = ORIENTED_EDGE ( 'NONE', *, *, #1009, .T. ) ;
#917 = LINE ( 'NONE', #1078, #638 ) ;
#918 = FACE_OUTER_BOUND ( 'NONE', #2193, .T. ) ;
#919 = LINE ( 'NONE', #1871, #1245 ) ;
#920 = DIRECTION ( 'NONE',  ( 0.000000000000000000, 0.000000000000000000, 1.000000000000000000 ) ) ;
#921 = CARTESIAN_POINT ( 'NONE',  ( 0.000000000000000000, 1.500000000000000000, 0.000000000000000000 ) ) ;
#922 = CARTESIAN_POINT ( 'NONE',  ( 4.149999999999999467, 1.899999999999999911, 1.739971264130532713 ) ) ;
#923 = ORIENTED_EDGE ( 'NONE', *, *, #1232, .T. ) ;
#924 = ADVANCED_FACE ( 'NONE', ( #367 ), #1820, .T. ) ;
#925 = LINE ( 'NONE', #643, #1880 ) ;
#926 = ORIENTED_EDGE ( 'NONE', *, *, #1306, .F. ) ;
#927 = MANIFOLD_SOLID_BREP ( 'Shield', #1021 ) ;
#928 = FACE_OUTER_BOUND ( 'NONE', #1370, .T. ) ;
#929 = DIRECTION ( 'NONE',  ( 0.000000000000000000, 1.000000000000000000, -0.000000000000000000 ) ) ;
#930 = SURFACE_STYLE_FILL_AREA ( #216 ) ;
#931 = DIRECTION ( 'NONE',  ( 1.000000000000000000, 0.000000000000000000, 3.576749435003731996E-16 ) ) ;
#932 = ORIENTED_EDGE ( 'NONE', *, *, #2120, .T. ) ;
#933 = CARTESIAN_POINT ( 'NONE',  ( 4.149999999999999467, 2.299999999999999822, -4.149999999999997691 ) ) ;
#934 = CARTESIAN_POINT ( 'NONE',  ( 2.500000000000000000, 10.07849150736819510, -3.122498999199198710 ) ) ;
#935 = EDGE_CURVE ( 'NONE', #323, #65, #919, .T. ) ;
#936 = VECTOR ( 'NONE', #1928, 1000.000000000000000 ) ;
#937 = ORIENTED_EDGE ( 'NONE', *, *, #1958, .F. ) ;
#938 = AXIS2_PLACEMENT_3D ( 'NONE', #458, #843, #1543 ) ;
#939 = CARTESIAN_POINT ( 'NONE',  ( 2.149999999999999467, 0.4000000000000000222, -2.500000000000000000 ) ) ;
#940 = ADVANCED_FACE ( 'NONE', ( #249 ), #1002, .F. ) ;
#941 = AXIS2_PLACEMENT_3D ( 'NONE', #2158, #1640, #165 ) ;
#942 = COLOUR_RGB ( '',0.7921568627450980005, 0.8196078431372548767, 0.9333333333333333481 ) ;
#943 = DIRECTION ( 'NONE',  ( 0.000000000000000000, -1.000000000000000000, 0.000000000000000000 ) ) ;
#944 = DIRECTION ( 'NONE',  ( -0.000000000000000000, -1.000000000000000000, -0.000000000000000000 ) ) ;
#945 = AXIS2_PLACEMENT_3D ( 'NONE', #1559, #990, #291 ) ;
#946 = ORIENTED_EDGE ( 'NONE', *, *, #1372, .F. ) ;
#947 = VECTOR ( 'NONE', #1690, 1000.000000000000000 ) ;
#948 = DIRECTION ( 'NONE',  ( -0.000000000000000000, 1.000000000000000000, -0.000000000000000000 ) ) ;
#949 = ORIENTED_EDGE ( 'NONE', *, *, #1252, .F. ) ;
#950 = DIRECTION ( 'NONE',  ( -1.000000000000000000, 0.000000000000000000, 0.000000000000000000 ) ) ;
#951 = ORIENTED_EDGE ( 'NONE', *, *, #611, .F. ) ;
#952 = EDGE_CURVE ( 'NONE', #1685, #733, #2323, .T. ) ;
#953 = DIRECTION ( 'NONE',  ( -0.000000000000000000, -1.000000000000000000, -0.000000000000000000 ) ) ;
#954 = EDGE_CURVE ( 'NONE', #1677, #89, #2254, .T. ) ;
#955 = EDGE_CURVE ( 'NONE', #2287, #1656, #791, .T. ) ;
#956 = DIRECTION ( 'NONE',  ( 0.000000000000000000, 0.000000000000000000, -1.000000000000000000 ) ) ;
#957 =( NAMED_UNIT ( * ) SI_UNIT ( $, .STERADIAN. ) SOLID_ANGLE_UNIT ( ) );
#958 = EDGE_LOOP ( 'NONE', ( #506, #1525, #326, #715 ) ) ;
#959 = SURFACE_STYLE_USAGE ( .BOTH. , #242 ) ;
#960 = EDGE_CURVE ( 'NONE', #1873, #431, #146, .T. ) ;
#961 = LINE ( 'NONE', #729, #2021 ) ;
#962 = VERTEX_POINT ( 'NONE', #1354 ) ;
#963 = LINE ( 'NONE', #422, #1056 ) ;
#964 = LINE ( 'NONE', #1842, #2290 ) ;
#965 = EDGE_LOOP ( 'NONE', ( #861, #334, #762, #1908 ) ) ;
#966 = DIRECTION ( 'NONE',  ( -0.000000000000000000, -1.000000000000000000, -0.000000000000000000 ) ) ;
#967 = FACE_OUTER_BOUND ( 'NONE', #882, .T. ) ;
#968 = EDGE_CURVE ( 'NONE', #1027, #1130, #2223, .T. ) ;
#969 = EDGE_LOOP ( 'NONE', ( #524, #203, #1660, #1226 ) ) ;
#970 = LINE ( 'NONE', #1506, #419 ) ;
#971 = EDGE_LOOP ( 'NONE', ( #1613, #1900, #158, #1701 ) ) ;
#972 = CARTESIAN_POINT ( 'NONE',  ( -0.4000000000000000222, 0.1000000000000000472, -0.7500000000000002220 ) ) ;
#973 = ORIENTED_EDGE ( 'NONE', *, *, #1636, .F. ) ;
#974 = CIRCLE ( 'NONE', #1654, 0.5000000000000000000 ) ;
#975 = LINE ( 'NONE', #83, #897 ) ;
#976 = CONICAL_SURFACE ( 'NONE', #1797, 3.853553390593273065, 0.7853981633974644883 ) ;
#977 = CARTESIAN_POINT ( 'NONE',  ( 2.149999999999999467, 0.4000000000000000222, -3.100000000000000089 ) ) ;
#978 = AXIS2_PLACEMENT_3D ( 'NONE', #175, #1947, #1937 ) ;
#979 = VECTOR ( 'NONE', #2198, 1000.000000000000000 ) ;
#980 = SURFACE_STYLE_USAGE ( .BOTH. , #808 ) ;
#981 = AXIS2_PLACEMENT_3D ( 'NONE', #1478, #749, #2181 ) ;
#982 = EDGE_CURVE ( 'NONE', #2208, #1329, #107, .T. ) ;
#983 = AXIS2_PLACEMENT_3D ( 'NONE', #486, #2239, #300 ) ;
#984 = VERTEX_POINT ( 'NONE', #977 ) ;
#985 = DIRECTION ( 'NONE',  ( 0.000000000000000000, 0.000000000000000000, 1.000000000000000000 ) ) ;
#986 = EDGE_CURVE ( 'NONE', #1935, #1744, #2051, .T. ) ;
#987 = CIRCLE ( 'NONE', #1330, 3.853553390593273065 ) ;
#988 = LINE ( 'NONE', #1373, #1588 ) ;
#989 = VERTEX_POINT ( 'NONE', #599 ) ;
#990 = DIRECTION ( 'NONE',  ( -0.000000000000000000, -1.000000000000000000, -0.000000000000000000 ) ) ;
#991 = CARTESIAN_POINT ( 'NONE',  ( 0.000000000000000000, 3.910660171779815730, 0.000000000000000000 ) ) ;
#992 = DIRECTION ( 'NONE',  ( 0.000000000000000000, 0.000000000000000000, 1.000000000000000000 ) ) ;
#993 = DIRECTION ( 'NONE',  ( 0.000000000000000000, 0.7071067811865361374, 0.7071067811865588970 ) ) ;
#994 = CARTESIAN_POINT ( 'NONE',  ( 0.4000000000000000777, 0.1000000000000000472, -0.7500000000000002220 ) ) ;
#995 = EDGE_CURVE ( 'NONE', #739, #1008, #522, .T. ) ;
#996 = ORIENTED_EDGE ( 'NONE', *, *, #2273, .T. ) ;
#997 = FACE_OUTER_BOUND ( 'NONE', #1972, .T. ) ;
#998 = LINE ( 'NONE', #288, #2255 ) ;
#999 = ORIENTED_EDGE ( 'NONE', *, *, #2270, .F. ) ;
#1000 = DIRECTION ( 'NONE',  ( -1.000000000000000000, 0.000000000000000000, -0.000000000000000000 ) ) ;
#1001 = DIRECTION ( 'NONE',  ( 0.000000000000000000, -1.000000000000000000, 0.000000000000000000 ) ) ;
#1002 = PLANE ( 'NONE',  #1285 ) ;
#1003 = CARTESIAN_POINT ( 'NONE',  ( 4.149999999999999467, 0.3000000000000000444, -0.7500000000000008882 ) ) ;
#1004 = CARTESIAN_POINT ( 'NONE',  ( 0.000000000000000000, 0.1000000000000000472, 0.000000000000000000 ) ) ;
#1005 = CARTESIAN_POINT ( 'NONE',  ( 0.000000000000000000, 10.49999999999999822, 0.000000000000000000 ) ) ;
#1006 = ORIENTED_EDGE ( 'NONE', *, *, #1133, .T. ) ;
#1007 = CARTESIAN_POINT ( 'NONE',  ( 5.069790440354750364E-16, 1.899999999999999911, -4.149999999999998579 ) ) ;
#1008 = VERTEX_POINT ( 'NONE', #101 ) ;
#1009 = EDGE_CURVE ( 'NONE', #584, #1114, #1674, .T. ) ;
#1010 = DIRECTION ( 'NONE',  ( 0.000000000000000000, -1.000000000000000000, 0.000000000000000000 ) ) ;
#1011 = ORIENTED_EDGE ( 'NONE', *, *, #1576, .F. ) ;
#1012 = DIRECTION ( 'NONE',  ( 0.000000000000000000, 0.000000000000000000, -1.000000000000000000 ) ) ;
#1013 = AXIS2_PLACEMENT_3D ( 'NONE', #1998, #392, #32 ) ;
#1014 = EDGE_CURVE ( 'NONE', #1935, #1560, #1861, .T. ) ;
#1015 = AXIS2_PLACEMENT_3D ( 'NONE', #1459, #2160, #1120 ) ;
#1016 = DIRECTION ( 'NONE',  ( -1.221636250687892233E-16, 0.000000000000000000, 1.000000000000000000 ) ) ;
#1017 = DIRECTION ( 'NONE',  ( -0.000000000000000000, -1.000000000000000000, -0.000000000000000000 ) ) ;
#1018 = AXIS2_PLACEMENT_3D ( 'NONE', #1924, #1364, #1386 ) ;
#1019 = AXIS2_PLACEMENT_3D ( 'NONE', #2166, #220, #1995 ) ;
#1020 = ORIENTED_EDGE ( 'NONE', *, *, #1958, .T. ) ;
#1021 = CLOSED_SHELL ( 'NONE', ( #1311, #1419, #1384, #864, #1062, #445, #218, #1089, #1909, #496, #73, #877, #1191, #1953, #52, #2092, #2281, #649, #2097, #45, #194, #655, #1466, #1201, #1940 ) ) ;
#1022 = DIRECTION ( 'NONE',  ( 0.000000000000000000, 1.000000000000000000, -0.000000000000000000 ) ) ;
#1023 = CIRCLE ( 'NONE', #457, 3.853553390593273065 ) ;
#1024 = DIRECTION ( 'NONE',  ( -1.000000000000000000, 0.000000000000000000, -1.221636250687892233E-16 ) ) ;
#1025 = ORIENTED_EDGE ( 'NONE', *, *, #1645, .F. ) ;
#1026 = CARTESIAN_POINT ( 'NONE',  ( 4.286263797015737088E-16, 4.264213562373091904, 3.500000000000000888 ) ) ;
#1027 = VERTEX_POINT ( 'NONE', #1534 ) ;
#1028 = EDGE_CURVE ( 'NONE', #1677, #441, #2242, .T. ) ;
#1029 = CARTESIAN_POINT ( 'NONE',  ( -2.950000000000001066, 1.500000000000000000, -4.149999999999998579 ) ) ;
#1030 = EDGE_CURVE ( 'NONE', #989, #1560, #58, .T. ) ;
#1031 = DIRECTION ( 'NONE',  ( 0.000000000000000000, 0.000000000000000000, -1.000000000000000000 ) ) ;
#1032 = DIRECTION ( 'NONE',  ( 0.000000000000000000, 0.000000000000000000, 1.000000000000000000 ) ) ;
#1033 = ADVANCED_FACE ( 'NONE', ( #2034 ), #1504, .F. ) ;
#1034 = ORIENTED_EDGE ( 'NONE', *, *, #541, .F. ) ;
#1035 = DIRECTION ( 'NONE',  ( -1.000000000000000000, 0.000000000000000000, -1.221636250687892233E-16 ) ) ;
#1036 = ORIENTED_EDGE ( 'NONE', *, *, #1535, .T. ) ;
#1037 = LINE ( 'NONE', #305, #38 ) ;
#1038 = VERTEX_POINT ( 'NONE', #152 ) ;
#1039 = LINE ( 'NONE', #660, #1876 ) ;
#1040 = DIRECTION ( 'NONE',  ( 0.000000000000000000, 0.000000000000000000, -1.000000000000000000 ) ) ;
#1041 = DIRECTION ( 'NONE',  ( 1.000000000000000000, 0.000000000000000000, 0.000000000000000000 ) ) ;
#1042 = DIRECTION ( 'NONE',  ( -0.000000000000000000, -1.000000000000000000, -0.000000000000000000 ) ) ;
#1043 = ADVANCED_FACE ( 'NONE', ( #2148 ), #1631, .T. ) ;
#1044 = ORIENTED_EDGE ( 'NONE', *, *, #1030, .T. ) ;
#1045 = DIRECTION ( 'NONE',  ( 0.000000000000000000, 1.000000000000000000, -0.000000000000000000 ) ) ;
#1046 = ORIENTED_EDGE ( 'NONE', *, *, #1372, .T. ) ;
#1047 = CARTESIAN_POINT ( 'NONE',  ( -2.950000000000001066, 1.899999999999999911, 4.150000000000001243 ) ) ;
#1048 = EDGE_LOOP ( 'NONE', ( #1290, #1594, #2024, #401 ) ) ;
#1049 = CARTESIAN_POINT ( 'NONE',  ( -4.150000000000000355, 1.500000000000000000, -1.739971264130528050 ) ) ;
#1050 = FACE_OUTER_BOUND ( 'NONE', #1199, .T. ) ;
#1051 = FACE_OUTER_BOUND ( 'NONE', #2197, .T. ) ;
#1052 = DIRECTION ( 'NONE',  ( -0.000000000000000000, -1.000000000000000000, -0.000000000000000000 ) ) ;
#1053 =( GEOMETRIC_REPRESENTATION_CONTEXT ( 3 ) GLOBAL_UNCERTAINTY_ASSIGNED_CONTEXT ( ( #1298 ) ) GLOBAL_UNIT_ASSIGNED_CONTEXT ( ( #869, #1775, #2277 ) ) REPRESENTATION_CONTEXT ( 'NONE', 'WORKASPACE' ) );
#1054 = ORIENTED_EDGE ( 'NONE', *, *, #1672, .F. ) ;
#1055 = EDGE_CURVE ( 'NONE', #664, #1769, #2312, .T. ) ;
#1056 = VECTOR ( 'NONE', #41, 1000.000000000000000 ) ;
#1057 = CARTESIAN_POINT ( 'NONE',  ( 4.498401162658438843E-16, 3.450000000000000622, 3.600000000000001421 ) ) ;
#1058 = AXIS2_PLACEMENT_3D ( 'NONE', #2062, #442, #822 ) ;
#1059 = MECHANICAL_DESIGN_GEOMETRIC_PRESENTATION_REPRESENTATION (  '', ( #1585 ), #1326 ) ;
#1060 = ORIENTED_EDGE ( 'NONE', *, *, #467, .F. ) ;
#1061 = EDGE_CURVE ( 'NONE', #678, #1933, #917, .T. ) ;
#1062 = ADVANCED_FACE ( 'NONE', ( #868 ), #380, .F. ) ;
#1063 = AXIS2_PLACEMENT_3D ( 'NONE', #492, #1000, #1714 ) ;
#1064 = DIRECTION ( 'NONE',  ( -0.000000000000000000, -1.000000000000000000, -0.000000000000000000 ) ) ;
#1065 = CIRCLE ( 'NONE', #1803, 3.500000000000000000 ) ;
#1066 = VERTEX_POINT ( 'NONE', #1785 ) ;
#1067 = DIRECTION ( 'NONE',  ( -0.000000000000000000, -1.000000000000000000, -0.000000000000000000 ) ) ;
#1068 = FILL_AREA_STYLE ('',( #513 ) ) ;
#1069 = CARTESIAN_POINT ( 'NONE',  ( 2.149999999999999023, 0.3000000000000000444, 3.100000000000000089 ) ) ;
#1070 = EDGE_LOOP ( 'NONE', ( #1746, #551, #510, #1315 ) ) ;
#1071 = DIRECTION ( 'NONE',  ( -0.000000000000000000, -1.000000000000000000, -0.000000000000000000 ) ) ;
#1072 = CARTESIAN_POINT ( 'NONE',  ( 4.149999999999999467, 2.299999999999999822, 0.000000000000000000 ) ) ;
#1073 = PRODUCT_DEFINITION ( 'UNKNOWN', '', #1850, #1823 ) ;
#1074 = EDGE_LOOP ( 'NONE', ( #254, #1648, #1568, #1025 ) ) ;
#1075 = DIRECTION ( 'NONE',  ( 0.000000000000000000, -1.000000000000000000, 0.000000000000000000 ) ) ;
#1076 = EDGE_CURVE ( 'NONE', #431, #673, #1323, .T. ) ;
#1077 = ORIENTED_EDGE ( 'NONE', *, *, #1267, .F. ) ;
#1078 = CARTESIAN_POINT ( 'NONE',  ( 2.500000000000000000, 10.49999999999999822, -3.122498999199198266 ) ) ;
#1079 = CYLINDRICAL_SURFACE ( 'NONE', #1917, 4.500000000000000000 ) ;
#1080 = CARTESIAN_POINT ( 'NONE',  ( 2.499999999999999556, 10.34034053945406129, 2.957005951740987459 ) ) ;
#1081 = CARTESIAN_POINT ( 'NONE',  ( 0.000000000000000000, 0.000000000000000000, 0.000000000000000000 ) ) ;
#1082 = DIRECTION ( 'NONE',  ( 0.000000000000000000, 0.000000000000000000, 1.000000000000000000 ) ) ;
#1083 = VERTEX_POINT ( 'NONE', #354 ) ;
#1084 = DIRECTION ( 'NONE',  ( -1.000000000000000000, 0.000000000000000000, 3.576749435003731996E-16 ) ) ;
#1085 = ORIENTED_EDGE ( 'NONE', *, *, #909, .T. ) ;
#1086 = EDGE_CURVE ( 'NONE', #673, #855, #1774, .T. ) ;
#1087 = DIRECTION ( 'NONE',  ( -0.000000000000000000, 1.000000000000000000, -0.000000000000000000 ) ) ;
#1088 = CARTESIAN_POINT ( 'NONE',  ( 0.000000000000000000, 1.899999999999999911, 0.000000000000000000 ) ) ;
#1089 = ADVANCED_FACE ( 'NONE', ( #1974 ), #552, .T. ) ;
#1090 = DIRECTION ( 'NONE',  ( -0.000000000000000000, -1.000000000000000000, -0.000000000000000000 ) ) ;
#1091 = FACE_OUTER_BOUND ( 'NONE', #866, .T. ) ;
#1092 = DIRECTION ( 'NONE',  ( 0.000000000000000000, -0.000000000000000000, -1.000000000000000000 ) ) ;
#1093 = ORIENTED_EDGE ( 'NONE', *, *, #120, .F. ) ;
#1094 = VECTOR ( 'NONE', #1847, 1000.000000000000000 ) ;
#1095 = PLANE ( 'NONE',  #39 ) ;
#1096 = ORIENTED_EDGE ( 'NONE', *, *, #88, .T. ) ;
#1097 = CIRCLE ( 'NONE', #1019, 0.5999999999999998668 ) ;
#1098 = CARTESIAN_POINT ( 'NONE',  ( -4.449999999999998401, 0.4000000000000000222, 0.4749999999999999778 ) ) ;
#1099 = AXIS2_PLACEMENT_3D ( 'NONE', #1886, #1017, #651 ) ;
#1100 = ADVANCED_FACE ( 'NONE', ( #1964 ), #743, .F. ) ;
#1101 = DIRECTION ( 'NONE',  ( 0.000000000000000000, 0.000000000000000000, -1.000000000000000000 ) ) ;
#1102 = DIRECTION ( 'NONE',  ( -3.576749435003731996E-16, 0.000000000000000000, -1.000000000000000000 ) ) ;
#1103 = DIRECTION ( 'NONE',  ( 0.000000000000000000, 1.000000000000000000, -0.000000000000000000 ) ) ;
#1104 = ADVANCED_BREP_SHAPE_REPRESENTATION ( '35TZV220M8X10.5', ( #154, #162, #927, #108, #169, #532 ), #803 ) ;
#1105 = CARTESIAN_POINT ( 'NONE',  ( 1.698955981626778343E-16, 0.000000000000000000, -0.4750000000000015876 ) ) ;
#1106 = DIRECTION ( 'NONE',  ( -0.000000000000000000, -1.000000000000000000, -0.000000000000000000 ) ) ;
#1107 = ORIENTED_EDGE ( 'NONE', *, *, #2022, .F. ) ;
#1108 = DIRECTION ( 'NONE',  ( 0.000000000000000000, -1.000000000000000000, 0.000000000000000000 ) ) ;
#1109 = ORIENTED_EDGE ( 'NONE', *, *, #117, .F. ) ;
#1110 = LINE ( 'NONE', #1515, #1211 ) ;
#1111 = LINE ( 'NONE', #1119, #483 ) ;
#1112 = LINE ( 'NONE', #217, #1212 ) ;
#1113 = EDGE_CURVE ( 'NONE', #160, #1772, #2288, .T. ) ;
#1114 = VERTEX_POINT ( 'NONE', #379 ) ;
#1115 = FACE_OUTER_BOUND ( 'NONE', #781, .T. ) ;
#1116 = CARTESIAN_POINT ( 'NONE',  ( 2.149999999999999023, 0.4000000000000000222, 2.500000000000000000 ) ) ;
#1117 = ORIENTED_EDGE ( 'NONE', *, *, #2256, .F. ) ;
#1118 = DIRECTION ( 'NONE',  ( 0.000000000000000000, 0.000000000000000000, -1.000000000000000000 ) ) ;
#1119 = CARTESIAN_POINT ( 'NONE',  ( 0.4000000000000000777, 0.4000000000000000222, -0.7500000000000002220 ) ) ;
#1120 = DIRECTION ( 'NONE',  ( 0.000000000000000000, 0.000000000000000000, -1.000000000000000000 ) ) ;
#1121 = CARTESIAN_POINT ( 'NONE',  ( 2.025000000000002576, 0.000000000000000000, 0.4750000000000008660 ) ) ;
#1122 = ORIENTED_EDGE ( 'NONE', *, *, #1848, .F. ) ;
#1123 = DIRECTION ( 'NONE',  ( -0.000000000000000000, -1.000000000000000000, -0.000000000000000000 ) ) ;
#1124 = EDGE_CURVE ( 'NONE', #1008, #739, #1131, .T. ) ;
#1125 = ORIENTED_EDGE ( 'NONE', *, *, #1784, .F. ) ;
#1126 = AXIS2_PLACEMENT_3D ( 'NONE', #1404, #1221, #1378 ) ;
#1127 = DIRECTION ( 'NONE',  ( -0.000000000000000000, -1.000000000000000000, -0.000000000000000000 ) ) ;
#1128 = AXIS2_PLACEMENT_3D ( 'NONE', #460, #84, #623 ) ;
#1129 = EDGE_CURVE ( 'NONE', #431, #160, #2324, .T. ) ;
#1130 = VERTEX_POINT ( 'NONE', #1098 ) ;
#1131 = CIRCLE ( 'NONE', #754, 0.5999999999999998668 ) ;
#1132 = DIRECTION ( 'NONE',  ( 0.000000000000000000, 1.000000000000000000, -0.000000000000000000 ) ) ;
#1133 = EDGE_CURVE ( 'NONE', #1779, #1877, #722, .T. ) ;
#1134 = VECTOR ( 'NONE', #1711, 1000.000000000000000 ) ;
#1135 =( GEOMETRIC_REPRESENTATION_CONTEXT ( 3 ) GLOBAL_UNCERTAINTY_ASSIGNED_CONTEXT ( ( #396 ) ) GLOBAL_UNIT_ASSIGNED_CONTEXT ( ( #1208, #650, #1391 ) ) REPRESENTATION_CONTEXT ( 'NONE', 'WORKASPACE' ) );
#1136 = FACE_OUTER_BOUND ( 'NONE', #2090, .T. ) ;
#1137 = AXIS2_PLACEMENT_3D ( 'NONE', #1932, #325, #688 ) ;
#1138 = VERTEX_POINT ( 'NONE', #1445 ) ;
#1139 = VECTOR ( 'NONE', #555, 1000.000000000000000 ) ;
#1140 = LINE ( 'NONE', #2020, #1694 ) ;
#1141 = VERTEX_POINT ( 'NONE', #2169 ) ;
#1142 = CARTESIAN_POINT ( 'NONE',  ( 0.000000000000000000, 3.910660171779815730, 0.000000000000000000 ) ) ;
#1143 = DIRECTION ( 'NONE',  ( 0.000000000000000000, 0.000000000000000000, -1.000000000000000000 ) ) ;
#1144 = EDGE_LOOP ( 'NONE', ( #2056, #29, #1274, #1462 ) ) ;
#1145 = EDGE_CURVE ( 'NONE', #1996, #1608, #365, .T. ) ;
#1146 = CARTESIAN_POINT ( 'NONE',  ( 0.4000000000000000777, 0.1000000000000000472, 0.7500000000000002220 ) ) ;
#1147 = CARTESIAN_POINT ( 'NONE',  ( -0.4000000000000000222, 0.1000000000000000472, -0.7500000000000002220 ) ) ;
#1148 = DIRECTION ( 'NONE',  ( -0.000000000000000000, -1.000000000000000000, -0.000000000000000000 ) ) ;
#1149 = ORIENTED_EDGE ( 'NONE', *, *, #47, .T. ) ;
#1150 = PRESENTATION_STYLE_ASSIGNMENT (( #980 ) ) ;
#1151 = VERTEX_POINT ( 'NONE', #1793 ) ;
#1152 = DIRECTION ( 'NONE',  ( -0.000000000000000000, -1.000000000000000000, -0.000000000000000000 ) ) ;
#1153 = CARTESIAN_POINT ( 'NONE',  ( 2.500000000000000000, 10.00000000000000000, 3.122498999199198266 ) ) ;
#1154 = ORIENTED_EDGE ( 'NONE', *, *, #102, .F. ) ;
#1155 = CARTESIAN_POINT ( 'NONE',  ( 0.000000000000000000, 0.3000000000000000444, 0.7500000000000002220 ) ) ;
#1156 = EDGE_CURVE ( 'NONE', #1740, #1911, #1658, .T. ) ;
#1157 = CARTESIAN_POINT ( 'NONE',  ( 0.4000000000000000777, 0.1000000000000000472, 0.7500000000000002220 ) ) ;
#1158 = CARTESIAN_POINT ( 'NONE',  ( -4.449999999999999289, 0.4000000000000000222, 0.000000000000000000 ) ) ;
#1159 = ADVANCED_FACE ( 'NONE', ( #1050 ), #1760, .F. ) ;
#1160 = DIRECTION ( 'NONE',  ( 0.000000000000000000, 1.000000000000000000, -0.000000000000000000 ) ) ;
#1161 = ORIENTED_EDGE ( 'NONE', *, *, #1957, .T. ) ;
#1162 = PLANE ( 'NONE',  #74 ) ;
#1163 = CARTESIAN_POINT ( 'NONE',  ( -2.150000000000000799, 0.4000000000000000222, 3.100000000000000089 ) ) ;
#1164 = ORIENTED_EDGE ( 'NONE', *, *, #1028, .F. ) ;
#1165 = FACE_OUTER_BOUND ( 'NONE', #1692, .T. ) ;
#1166 = PRESENTATION_LAYER_ASSIGNMENT (  '', '', ( #1691 ) ) ;
#1167 = CARTESIAN_POINT ( 'NONE',  ( 2.149999999999999467, 0.3000000000000000444, -1.900000000000000133 ) ) ;
#1168 = CARTESIAN_POINT ( 'NONE',  ( -4.149999999999999467, 0.3000000000000000444, -0.7500000000000008882 ) ) ;
#1169 = AXIS2_PLACEMENT_3D ( 'NONE', #2232, #1132, #2205 ) ;
#1170 = VECTOR ( 'NONE', #948, 1000.000000000000000 ) ;
#1171 = CARTESIAN_POINT ( 'NONE',  ( 2.500000000000000444, 10.28587883017076443, 3.015083102918830971 ) ) ;
#1172 = PLANE ( 'NONE',  #1512 ) ;
#1173 = PLANE ( 'NONE',  #1954 ) ;
#1174 = VECTOR ( 'NONE', #820, 1000.000000000000000 ) ;
#1175 = ADVANCED_FACE ( 'NONE', ( #777 ), #2042, .F. ) ;
#1176 = VECTOR ( 'NONE', #1941, 1000.000000000000000 ) ;
#1177 = ORIENTED_EDGE ( 'NONE', *, *, #1206, .T. ) ;
#1178 = EDGE_CURVE ( 'NONE', #2104, #1769, #793, .T. ) ;
#1179 = FACE_OUTER_BOUND ( 'NONE', #1676, .T. ) ;
#1180 = VERTEX_POINT ( 'NONE', #391 ) ;
#1181 = CARTESIAN_POINT ( 'NONE',  ( 0.000000000000000000, 1.899999999999999911, 0.000000000000000000 ) ) ;
#1182 = CARTESIAN_POINT ( 'NONE',  ( -2.025000000000002576, 0.4000000000000000222, 1.796982373610909400E-20 ) ) ;
#1183 = CARTESIAN_POINT ( 'NONE',  ( 4.149999999999999467, 0.4000000000000000222, 0.7500000000000008882 ) ) ;
#1184 = DIRECTION ( 'NONE',  ( 1.000000000000000000, 0.000000000000000000, 0.000000000000000000 ) ) ;
#1185 = DIRECTION ( 'NONE',  ( 0.000000000000000000, -1.000000000000000000, 0.000000000000000000 ) ) ;
#1186 = EDGE_LOOP ( 'NONE', ( #1276, #1046 ) ) ;
#1187 = EDGE_CURVE ( 'NONE', #179, #478, #1336, .T. ) ;
#1188 = DIRECTION ( 'NONE',  ( -4.928191693115926948E-17, -1.000000000000000000, -0.000000000000000000 ) ) ;
#1189 = LINE ( 'NONE', #87, #197 ) ;
#1190 = ORIENTED_EDGE ( 'NONE', *, *, #395, .T. ) ;
#1191 = ADVANCED_FACE ( 'NONE', ( #1680 ), #223, .F. ) ;
#1192 = PLANE ( 'NONE',  #1063 ) ;
#1193 = EDGE_LOOP ( 'NONE', ( #1578, #181, #873, #44 ) ) ;
#1194 = CARTESIAN_POINT ( 'NONE',  ( -4.150000000000001243, 1.899999999999999911, 2.950000000000001510 ) ) ;
#1195 = DIRECTION ( 'NONE',  ( 0.000000000000000000, -0.7071067811865389130, -0.7071067811865561215 ) ) ;
#1196 = ORIENTED_EDGE ( 'NONE', *, *, #200, .F. ) ;
#1197 = PLANE ( 'NONE',  #983 ) ;
#1198 = EDGE_CURVE ( 'NONE', #1382, #89, #1110, .T. ) ;
#1199 = EDGE_LOOP ( 'NONE', ( #27, #1054, #2093, #415 ) ) ;
#1200 = CARTESIAN_POINT ( 'NONE',  ( -4.149999999999999467, 0.4000000000000000222, -0.7500000000000008882 ) ) ;
#1201 = ADVANCED_FACE ( 'NONE', ( #402 ), #1292, .F. ) ;
#1202 = EDGE_CURVE ( 'NONE', #654, #329, #436, .T. ) ;
#1203 = ORIENTED_EDGE ( 'NONE', *, *, #1615, .F. ) ;
#1204 = DIRECTION ( 'NONE',  ( 0.000000000000000000, -0.000000000000000000, -1.000000000000000000 ) ) ;
#1205 = CONICAL_SURFACE ( 'NONE', #1540, 3.853553390593273065, 0.7853981633974644883 ) ;
#1206 = EDGE_CURVE ( 'NONE', #1738, #1996, #1818, .T. ) ;
#1207 = VECTOR ( 'NONE', #2074, 1000.000000000000000 ) ;
#1208 =( LENGTH_UNIT ( ) NAMED_UNIT ( * ) SI_UNIT ( .MILLI., .METRE. ) );
#1209 = PLANE ( 'NONE',  #449 ) ;
#1210 = DIRECTION ( 'NONE',  ( 0.000000000000000000, 1.000000000000000000, -0.000000000000000000 ) ) ;
#1211 = VECTOR ( 'NONE', #1649, 1000.000000000000000 ) ;
#1212 = VECTOR ( 'NONE', #1667, 1000.000000000000000 ) ;
#1213 = AXIS2_PLACEMENT_3D ( 'NONE', #621, #2251, #280 ) ;
#1214 = ORIENTED_EDGE ( 'NONE', *, *, #397, .F. ) ;
#1215 = AXIS2_PLACEMENT_3D ( 'NONE', #271, #67, #281 ) ;
#1216 = AXIS2_PLACEMENT_3D ( 'NONE', #804, #1524, #278 ) ;
#1217 = LINE ( 'NONE', #972, #947 ) ;
#1218 = ORIENTED_EDGE ( 'NONE', *, *, #2298, .F. ) ;
#1219 = PLANE ( 'NONE',  #1018 ) ;
#1220 = ORIENTED_EDGE ( 'NONE', *, *, #397, .T. ) ;
#1221 = DIRECTION ( 'NONE',  ( -1.000000000000000000, 4.928191693115927565E-17, 0.000000000000000000 ) ) ;
#1222 = EDGE_CURVE ( 'NONE', #727, #984, #1477, .T. ) ;
#1223 = SURFACE_STYLE_USAGE ( .BOTH. , #1416 ) ;
#1224 = CARTESIAN_POINT ( 'NONE',  ( -2.150000000000000799, 0.4000000000000000222, -1.900000000000000133 ) ) ;
#1225 = DIRECTION ( 'NONE',  ( -0.000000000000000000, 1.000000000000000000, -0.000000000000000000 ) ) ;
#1226 = ORIENTED_EDGE ( 'NONE', *, *, #7, .F. ) ;
#1227 = PLANE ( 'NONE',  #904 ) ;
#1228 = ORIENTED_EDGE ( 'NONE', *, *, #1369, .F. ) ;
#1229 = DIRECTION ( 'NONE',  ( -3.576749435003731996E-16, 0.000000000000000000, -1.000000000000000000 ) ) ;
#1230 = ORIENTED_EDGE ( 'NONE', *, *, #120, .T. ) ;
#1231 = CARTESIAN_POINT ( 'NONE',  ( -2.150000000000000799, 0.4000000000000000222, 2.500000000000000000 ) ) ;
#1232 = EDGE_CURVE ( 'NONE', #1275, #561, #1663, .T. ) ;
#1233 = FILL_AREA_STYLE ('',( #137 ) ) ;
#1234 = DIRECTION ( 'NONE',  ( 1.000000000000000000, 0.000000000000000000, -3.576749435003731996E-16 ) ) ;
#1235 = EDGE_CURVE ( 'NONE', #1685, #350, #2005, .T. ) ;
#1236 = EDGE_LOOP ( 'NONE', ( #185, #1558, #517, #923 ) ) ;
#1237 = CARTESIAN_POINT ( 'NONE',  ( 4.898587196589413815E-16, 2.435786437626909162, 4.000000000000000888 ) ) ;
#1238 = ORIENTED_EDGE ( 'NONE', *, *, #738, .T. ) ;
#1239 = DIRECTION ( 'NONE',  ( 0.000000000000000000, -1.000000000000000000, 0.000000000000000000 ) ) ;
#1240 = ORIENTED_EDGE ( 'NONE', *, *, #1453, .T. ) ;
#1241 = FACE_OUTER_BOUND ( 'NONE', #2247, .T. ) ;
#1242 = DIRECTION ( 'NONE',  ( 8.659560562355072141E-17, 0.7071067811865361374, -0.7071067811865588970 ) ) ;
#1243 = FACE_OUTER_BOUND ( 'NONE', #1644, .T. ) ;
#1244 = CARTESIAN_POINT ( 'NONE',  ( 4.149999999999999467, 0.3000000000000000444, 4.150000000000003020 ) ) ;
#1245 = VECTOR ( 'NONE', #444, 1000.000000000000000 ) ;
#1246 = ORIENTED_EDGE ( 'NONE', *, *, #1156, .T. ) ;
#1247 = TOROIDAL_SURFACE ( 'NONE', #1213, 3.499999999999999112, 0.5000000000000000000 ) ;
#1248 = CARTESIAN_POINT ( 'NONE',  ( -4.149999999999999467, 0.4000000000000000222, 0.7500000000000008882 ) ) ;
#1249 = CIRCLE ( 'NONE', #418, 3.746446609406729245 ) ;
#1250 = CLOSED_SHELL ( 'NONE', ( #769, #450, #924, #470, #713, #78 ) ) ;
#1251 = VERTEX_POINT ( 'NONE', #1997 ) ;
#1252 = EDGE_CURVE ( 'NONE', #1329, #350, #46, .T. ) ;
#1253 = CIRCLE ( 'NONE', #798, 0.5000000000000000000 ) ;
#1254 = CARTESIAN_POINT ( 'NONE',  ( 0.000000000000000000, 2.435786437626909162, 0.000000000000000000 ) ) ;
#1255 = ORIENTED_EDGE ( 'NONE', *, *, #1430, .F. ) ;
#1256 = DIRECTION ( 'NONE',  ( 0.000000000000000000, 0.000000000000000000, -1.000000000000000000 ) ) ;
#1257 = VECTOR ( 'NONE', #708, 1000.000000000000000 ) ;
#1258 = CARTESIAN_POINT ( 'NONE',  ( 0.000000000000000000, 1.500000000000000000, 0.000000000000000000 ) ) ;
#1259 = CARTESIAN_POINT ( 'NONE',  ( -1.013958088070951059E-15, 1.899999999999999911, 4.150000000000002132 ) ) ;
#1260 = DIRECTION ( 'NONE',  ( 0.000000000000000000, 0.000000000000000000, 1.000000000000000000 ) ) ;
#1261 = CARTESIAN_POINT ( 'NONE',  ( 2.149999999999999023, 0.4000000000000000222, 2.500000000000000000 ) ) ;
#1262 = EDGE_LOOP ( 'NONE', ( #2088, #691 ) ) ;
#1263 = CARTESIAN_POINT ( 'NONE',  ( 2.500000000000000000, 9.999999999999998224, -3.122498999199198266 ) ) ;
#1264 = ADVANCED_FACE ( 'NONE', ( #928 ), #238, .F. ) ;
#1265 = VERTEX_POINT ( 'NONE', #753 ) ;
#1266 = CARTESIAN_POINT ( 'NONE',  ( 1.698955981626778343E-16, 0.4000000000000000222, 0.4750000000000015876 ) ) ;
#1267 = EDGE_CURVE ( 'NONE', #405, #1008, #975, .T. ) ;
#1268 = ORIENTED_EDGE ( 'NONE', *, *, #2032, .F. ) ;
#1269 = DIRECTION ( 'NONE',  ( -0.000000000000000000, 1.000000000000000000, -0.000000000000000000 ) ) ;
#1270 = CARTESIAN_POINT ( 'NONE',  ( -2.150000000000000799, 0.3000000000000000444, -2.500000000000000000 ) ) ;
#1271 = CARTESIAN_POINT ( 'NONE',  ( -2.950000000000001066, 0.3000000000000000444, 4.150000000000001243 ) ) ;
#1272 = CYLINDRICAL_SURFACE ( 'NONE', #2210, 0.5999999999999998668 ) ;
#1273 = CARTESIAN_POINT ( 'NONE',  ( 0.000000000000000000, 2.789339828220184447, 0.000000000000000000 ) ) ;
#1274 = ORIENTED_EDGE ( 'NONE', *, *, #2022, .T. ) ;
#1275 = VERTEX_POINT ( 'NONE', #806 ) ;
#1276 = ORIENTED_EDGE ( 'NONE', *, *, #467, .T. ) ;
#1277 = FACE_OUTER_BOUND ( 'NONE', #1939, .T. ) ;
#1278 = ORIENTED_EDGE ( 'NONE', *, *, #1133, .F. ) ;
#1279 = DIRECTION ( 'NONE',  ( 0.000000000000000000, 0.000000000000000000, -1.000000000000000000 ) ) ;
#1280 = DIRECTION ( 'NONE',  ( -0.000000000000000000, 0.000000000000000000, 1.000000000000000000 ) ) ;
#1281 = CARTESIAN_POINT ( 'NONE',  ( 2.500000000000000000, 9.999999999999998224, -3.122498999199198266 ) ) ;
#1282 = CARTESIAN_POINT ( 'NONE',  ( -4.150000000000002132, 1.899999999999999911, 1.739971264130527384 ) ) ;
#1283 = FACE_OUTER_BOUND ( 'NONE', #833, .T. ) ;
#1284 = VECTOR ( 'NONE', #1595, 1000.000000000000000 ) ;
#1285 = AXIS2_PLACEMENT_3D ( 'NONE', #259, #2044, #1327 ) ;
#1286 = ORIENTED_EDGE ( 'NONE', *, *, #1856, .F. ) ;
#1287 = AXIS2_PLACEMENT_3D ( 'NONE', #1425, #1604, #704 ) ;
#1288 = CARTESIAN_POINT ( 'NONE',  ( -3.550000000000002487, 1.899999999999999911, 3.550000000000000266 ) ) ;
#1289 =( GEOMETRIC_REPRESENTATION_CONTEXT ( 3 ) GLOBAL_UNCERTAINTY_ASSIGNED_CONTEXT ( ( #772 ) ) GLOBAL_UNIT_ASSIGNED_CONTEXT ( ( #103, #253, #624 ) ) REPRESENTATION_CONTEXT ( 'NONE', 'WORKASPACE' ) );
#1290 = ORIENTED_EDGE ( 'NONE', *, *, #395, .F. ) ;
#1291 = AXIS2_PLACEMENT_3D ( 'NONE', #1026, #1739, #127 ) ;
#1292 = PLANE ( 'NONE',  #2132 ) ;
#1293 = AXIS2_PLACEMENT_3D ( 'NONE', #2243, #1210, #296 ) ;
#1294 = EDGE_CURVE ( 'NONE', #406, #1996, #57, .T. ) ;
#1295 = LINE ( 'NONE', #1470, #2018 ) ;
#1296 = EDGE_CURVE ( 'NONE', #293, #1141, #188, .T. ) ;
#1297 = CARTESIAN_POINT ( 'NONE',  ( 4.149999999999999467, 1.500000000000000000, -1.739971264130532713 ) ) ;
#1298 = UNCERTAINTY_MEASURE_WITH_UNIT (LENGTH_MEASURE( 1.000000000000000082E-05 ), #869, 'distance_accuracy_value', 'NONE');
#1299 = CARTESIAN_POINT ( 'NONE',  ( 4.719241825133481389E-16, 2.789339828220184447, 3.853553390593272177 ) ) ;
#1300 = ORIENTED_EDGE ( 'NONE', *, *, #2270, .T. ) ;
#1301 = DIRECTION ( 'NONE',  ( 1.000000000000000000, 0.000000000000000000, 1.221636250687892233E-16 ) ) ;
#1302 = EDGE_LOOP ( 'NONE', ( #1751, #1782, #2106, #2071 ) ) ;
#1303 = DIRECTION ( 'NONE',  ( 0.000000000000000000, -0.000000000000000000, 1.000000000000000000 ) ) ;
#1304 = PLANE ( 'NONE',  #1723 ) ;
#1305 = DIRECTION ( 'NONE',  ( 0.000000000000000000, 0.000000000000000000, 1.000000000000000000 ) ) ;
#1306 = EDGE_CURVE ( 'NONE', #1027, #1792, #596, .T. ) ;
#1307 = EDGE_LOOP ( 'NONE', ( #279, #1490 ) ) ;
#1308 = FACE_OUTER_BOUND ( 'NONE', #969, .T. ) ;
#1309 = ADVANCED_FACE ( 'NONE', ( #1857 ), #1219, .F. ) ;
#1310 = ORIENTED_EDGE ( 'NONE', *, *, #1014, .F. ) ;
#1311 = ADVANCED_FACE ( 'NONE', ( #1705 ), #676, .T. ) ;
#1312 = DIRECTION ( 'NONE',  ( 0.000000000000000000, 0.000000000000000000, 1.000000000000000000 ) ) ;
#1313 = VERTEX_POINT ( 'NONE', #1892 ) ;
#1314 = DIRECTION ( 'NONE',  ( -1.000000000000000000, 0.000000000000000000, -0.000000000000000000 ) ) ;
#1315 = ORIENTED_EDGE ( 'NONE', *, *, #1620, .T. ) ;
#1316 = FILL_AREA_STYLE_COLOUR ( '', #2096 ) ;
#1317 = DIRECTION ( 'NONE',  ( 4.928191693115926948E-17, 1.000000000000000000, 0.000000000000000000 ) ) ;
#1318 = ORIENTED_EDGE ( 'NONE', *, *, #968, .T. ) ;
#1319 = AXIS2_PLACEMENT_3D ( 'NONE', #734, #755, #744 ) ;
#1320 = CARTESIAN_POINT ( 'NONE',  ( 2.500000000000000444, 10.49133343703916843, -2.603649680275708977 ) ) ;
#1321 = VECTOR ( 'NONE', #413, 1000.000000000000000 ) ;
#1322 = ORIENTED_EDGE ( 'NONE', *, *, #1076, .F. ) ;
#1323 = CIRCLE ( 'NONE', #2246, 0.5000000000000000000 ) ;
#1324 = CARTESIAN_POINT ( 'NONE',  ( 4.149999999999999467, 0.3000000000000000444, 4.150000000000003020 ) ) ;
#1325 = CONICAL_SURFACE ( 'NONE', #719, 3.746446609406729245, 0.7853981633974604915 ) ;
#1326 =( GEOMETRIC_REPRESENTATION_CONTEXT ( 3 ) GLOBAL_UNCERTAINTY_ASSIGNED_CONTEXT ( ( #324 ) ) GLOBAL_UNIT_ASSIGNED_CONTEXT ( ( #2226, #166, #695 ) ) REPRESENTATION_CONTEXT ( 'NONE', 'WORKASPACE' ) );
#1327 = DIRECTION ( 'NONE',  ( 0.000000000000000000, 0.000000000000000000, 1.000000000000000000 ) ) ;
#1328 = VECTOR ( 'NONE', #1195, 1000.000000000000000 ) ;
#1329 = VERTEX_POINT ( 'NONE', #1910 ) ;
#1330 = AXIS2_PLACEMENT_3D ( 'NONE', #240, #588, #1833 ) ;
#1331 = ORIENTED_EDGE ( 'NONE', *, *, #982, .T. ) ;
#1332 = CARTESIAN_POINT ( 'NONE',  ( -4.150000000000002132, 1.899999999999999911, 6.100934258731994980E-16 ) ) ;
#1333 = LINE ( 'NONE', #2039, #231 ) ;
#1334 = EDGE_CURVE ( 'NONE', #212, #561, #1037, .T. ) ;
#1335 = ORIENTED_EDGE ( 'NONE', *, *, #98, .F. ) ;
#1336 = LINE ( 'NONE', #613, #1912 ) ;
#1337 = EDGE_CURVE ( 'NONE', #409, #501, #1728, .T. ) ;
#1338 = CYLINDRICAL_SURFACE ( 'NONE', #184, 0.4750000000000008660 ) ;
#1339 = DIRECTION ( 'NONE',  ( 0.000000000000000000, 1.000000000000000000, -0.000000000000000000 ) ) ;
#1340 = ORIENTED_EDGE ( 'NONE', *, *, #1405, .T. ) ;
#1341 = SURFACE_STYLE_FILL_AREA ( #2209 ) ;
#1342 = ORIENTED_EDGE ( 'NONE', *, *, #2196, .F. ) ;
#1343 = LINE ( 'NONE', #1539, #1134 ) ;
#1344 = DIRECTION ( 'NONE',  ( -0.000000000000000000, -1.000000000000000000, -0.000000000000000000 ) ) ;
#1345 = CARTESIAN_POINT ( 'NONE',  ( -4.150000000000001243, 1.500000000000000000, 2.950000000000000178 ) ) ;
#1346 = EDGE_CURVE ( 'NONE', #1744, #584, #114, .T. ) ;
#1347 = DIRECTION ( 'NONE',  ( 0.000000000000000000, 0.000000000000000000, 1.000000000000000000 ) ) ;
#1348 = ORIENTED_EDGE ( 'NONE', *, *, #1532, .T. ) ;
#1349 = DIRECTION ( 'NONE',  ( -1.000000000000000000, 0.000000000000000000, 8.881784197001252323E-16 ) ) ;
#1350 = DIRECTION ( 'NONE',  ( -0.000000000000000000, -1.000000000000000000, -0.000000000000000000 ) ) ;
#1351 = ORIENTED_EDGE ( 'NONE', *, *, #2168, .F. ) ;
#1352 = TOROIDAL_SURFACE ( 'NONE', #336, 3.500000000000000000, 0.4999999999999993339 ) ;
#1353 = FACE_OUTER_BOUND ( 'NONE', #2155, .T. ) ;
#1354 = CARTESIAN_POINT ( 'NONE',  ( 4.449999999999998401, 0.000000000000000000, 0.4749999999999999778 ) ) ;
#1355 = CIRCLE ( 'NONE', #938, 4.000000000000000888 ) ;
#1356 = SURFACE_STYLE_FILL_AREA ( #817 ) ;
#1357 = CYLINDRICAL_SURFACE ( 'NONE', #1553, 4.000000000000000000 ) ;
#1358 = CIRCLE ( 'NONE', #6, 0.5000000000000000000 ) ;
#1359 = ADVANCED_FACE ( 'NONE', ( #2091 ), #658, .T. ) ;
#1360 = AXIS2_PLACEMENT_3D ( 'NONE', #1599, #335, #712 ) ;
#1361 = ORIENTED_EDGE ( 'NONE', *, *, #1401, .T. ) ;
#1362 = LINE ( 'NONE', #266, #2030 ) ;
#1363 = ORIENTED_EDGE ( 'NONE', *, *, #1415, .T. ) ;
#1364 = DIRECTION ( 'NONE',  ( 0.000000000000000000, -1.000000000000000000, 0.000000000000000000 ) ) ;
#1365 = CARTESIAN_POINT ( 'NONE',  ( 4.449999999999999289, 0.000000000000000000, -0.000000000000000000 ) ) ;
#1366 = DIRECTION ( 'NONE',  ( 0.000000000000000000, 0.000000000000000000, 1.000000000000000000 ) ) ;
#1367 = CARTESIAN_POINT ( 'NONE',  ( -4.150000000000002132, 1.899999999999999911, -1.739971264130527384 ) ) ;
#1368 = DIRECTION ( 'NONE',  ( 0.000000000000000000, 0.000000000000000000, -1.000000000000000000 ) ) ;
#1369 = EDGE_CURVE ( 'NONE', #885, #179, #2060, .T. ) ;
#1370 = EDGE_LOOP ( 'NONE', ( #2279, #1154, #2225, #916 ) ) ;
#1371 = ADVANCED_FACE ( 'NONE', ( #1353 ), #471, .T. ) ;
#1372 = EDGE_CURVE ( 'NONE', #163, #1877, #1355, .T. ) ;
#1373 = CARTESIAN_POINT ( 'NONE',  ( 2.149999999999999467, 0.4000000000000000222, -1.900000000000000133 ) ) ;
#1374 = ORIENTED_EDGE ( 'NONE', *, *, #2123, .F. ) ;
#1375 = ADVANCED_FACE ( 'NONE', ( #1165 ), #1247, .T. ) ;
#1376 = CARTESIAN_POINT ( 'NONE',  ( 0.000000000000000000, 2.299999999999999822, 0.000000000000000000 ) ) ;
#1377 = ORIENTED_EDGE ( 'NONE', *, *, #1930, .F. ) ;
#1378 = DIRECTION ( 'NONE',  ( -4.928191693115927565E-17, -1.000000000000000000, 0.000000000000000000 ) ) ;
#1379 = CARTESIAN_POINT ( 'NONE',  ( 0.000000000000000000, 4.264213562373091904, -4.000000000000001776 ) ) ;
#1380 = CARTESIAN_POINT ( 'NONE',  ( 4.898587196589411843E-16, 10.00000000000000000, 3.999999999999999112 ) ) ;
#1381 = ADVANCED_FACE ( 'NONE', ( #479 ), #1192, .F. ) ;
#1382 = VERTEX_POINT ( 'NONE', #1901 ) ;
#1383 = CARTESIAN_POINT ( 'NONE',  ( 4.898587196589412829E-16, 1.500000000000000000, 4.000000000000000000 ) ) ;
#1384 = ADVANCED_FACE ( 'NONE', ( #134 ), #1395, .F. ) ;
#1385 = EDGE_LOOP ( 'NONE', ( #996, #1093, #883, #317 ) ) ;
#1386 = DIRECTION ( 'NONE',  ( 0.000000000000000000, -0.000000000000000000, -1.000000000000000000 ) ) ;
#1387 = VERTEX_POINT ( 'NONE', #2263 ) ;
#1388 = FACE_OUTER_BOUND ( 'NONE', #1070, .T. ) ;
#1389 = AXIS2_PLACEMENT_3D ( 'NONE', #2109, #481, #1758 ) ;
#1390 = CIRCLE ( 'NONE', #1015, 4.000000000000001776 ) ;
#1391 =( NAMED_UNIT ( * ) SI_UNIT ( $, .STERADIAN. ) SOLID_ANGLE_UNIT ( ) );
#1392 = CARTESIAN_POINT ( 'NONE',  ( 0.000000000000000000, 2.435786437626909162, 0.000000000000000000 ) ) ;
#1393 = VECTOR ( 'NONE', #257, 1000.000000000000000 ) ;
#1394 = TOROIDAL_SURFACE ( 'NONE', #1914, 3.500000000000000000, 0.4999999999999993339 ) ;
#1395 = TOROIDAL_SURFACE ( 'NONE', #945, 4.100000000000001421, 0.5000000000000000000 ) ;
#1396 = ORIENTED_EDGE ( 'NONE', *, *, #1222, .T. ) ;
#1397 = TOROIDAL_SURFACE ( 'NONE', #1883, 3.500000000000000000, 0.4999999999999993339 ) ;
#1398 = PLANE ( 'NONE',  #1360 ) ;
#1399 = ORIENTED_EDGE ( 'NONE', *, *, #60, .T. ) ;
#1400 = VECTOR ( 'NONE', #1618, 1000.000000000000000 ) ;
#1401 = EDGE_CURVE ( 'NONE', #1313, #1455, #454, .T. ) ;
#1402 = DIRECTION ( 'NONE',  ( 0.000000000000000000, 0.000000000000000000, -1.000000000000000000 ) ) ;
#1403 = VERTEX_POINT ( 'NONE', #1577 ) ;
#1404 = CARTESIAN_POINT ( 'NONE',  ( 2.499999999999999556, 3.577383710667435324, -3.122498999199198266 ) ) ;
#1405 = EDGE_CURVE ( 'NONE', #431, #1873, #490, .T. ) ;
#1406 = DIRECTION ( 'NONE',  ( 1.000000000000000000, 0.000000000000000000, 3.576749435003731996E-16 ) ) ;
#1407 = DIRECTION ( 'NONE',  ( 0.000000000000000000, 0.000000000000000000, -1.000000000000000000 ) ) ;
#1408 = ORIENTED_EDGE ( 'NONE', *, *, #1369, .T. ) ;
#1409 = CARTESIAN_POINT ( 'NONE',  ( 2.500000000000000000, 10.49999999999999822, -2.449489742783178325 ) ) ;
#1410 = ORIENTED_EDGE ( 'NONE', *, *, #2041, .T. ) ;
#1411 = DIRECTION ( 'NONE',  ( -1.224646799147352468E-16, 0.000000000000000000, -1.000000000000000000 ) ) ;
#1412 = ORIENTED_EDGE ( 'NONE', *, *, #1061, .T. ) ;
#1413 = DIRECTION ( 'NONE',  ( 1.000000000000000000, 0.000000000000000000, -1.224646799147353207E-16 ) ) ;
#1414 = DIRECTION ( 'NONE',  ( -0.000000000000000000, -1.000000000000000000, -0.000000000000000000 ) ) ;
#1415 = EDGE_CURVE ( 'NONE', #1508, #657, #2048, .T. ) ;
#1416 = SURFACE_SIDE_STYLE ('',( #2121 ) ) ;
#1417 = DIRECTION ( 'NONE',  ( 0.000000000000000000, -1.000000000000000000, 0.000000000000000000 ) ) ;
#1418 = FACE_OUTER_BOUND ( 'NONE', #971, .T. ) ;
#1419 = ADVANCED_FACE ( 'NONE', ( #269 ), #1325, .T. ) ;
#1420 = ORIENTED_EDGE ( 'NONE', *, *, #1334, .F. ) ;
#1421 = DIRECTION ( 'NONE',  ( 0.000000000000000000, 0.000000000000000000, -1.000000000000000000 ) ) ;
#1422 = ORIENTED_EDGE ( 'NONE', *, *, #2200, .F. ) ;
#1423 = CARTESIAN_POINT ( 'NONE',  ( 4.449999999999998401, 0.4000000000000000222, -0.4749999999999999778 ) ) ;
#1424 = ORIENTED_EDGE ( 'NONE', *, *, #1202, .T. ) ;
#1425 = CARTESIAN_POINT ( 'NONE',  ( 0.000000000000000000, 3.250000000000000444, 0.000000000000000000 ) ) ;
#1426 = CIRCLE ( 'NONE', #1616, 0.5000000000000000000 ) ;
#1427 = CARTESIAN_POINT ( 'NONE',  ( 1.739971264130529160, 2.299999999999999822, 4.150000000000002132 ) ) ;
#1428 = CARTESIAN_POINT ( 'NONE',  ( 4.449999999999999289, 0.4000000000000000222, 0.000000000000000000 ) ) ;
#1429 = CARTESIAN_POINT ( 'NONE',  ( 2.500000000000000444, 10.50000000000000000, 2.605114093574576906 ) ) ;
#1430 = EDGE_CURVE ( 'NONE', #1066, #2244, #2098, .T. ) ;
#1431 = AXIS2_PLACEMENT_3D ( 'NONE', #54, #2011, #720 ) ;
#1432 = ORIENTED_EDGE ( 'NONE', *, *, #98, .T. ) ;
#1433 = ORIENTED_EDGE ( 'NONE', *, *, #1573, .F. ) ;
#1434 = VECTOR ( 'NONE', #410, 1000.000000000000000 ) ;
#1435 = EDGE_CURVE ( 'NONE', #86, #404, #1791, .T. ) ;
#1436 = DIRECTION ( 'NONE',  ( -0.000000000000000000, -1.000000000000000000, -0.000000000000000000 ) ) ;
#1437 = AXIS2_PLACEMENT_3D ( 'NONE', #732, #2145, #339 ) ;
#1438 = COLOUR_RGB ( '',0.000000000000000000, 0.000000000000000000, 0.000000000000000000 ) ;
#1439 = VERTEX_POINT ( 'NONE', #1423 ) ;
#1440 = AXIS2_PLACEMENT_3D ( 'NONE', #1261, #2292, #686 ) ;
#1441 = DIRECTION ( 'NONE',  ( -0.000000000000000000, 1.000000000000000000, -0.000000000000000000 ) ) ;
#1442 = AXIS2_PLACEMENT_3D ( 'NONE', #1862, #2172, #33 ) ;
#1443 = VERTEX_POINT ( 'NONE', #1047 ) ;
#1444 = CARTESIAN_POINT ( 'NONE',  ( -2.150000000000000799, 0.4000000000000000222, -2.500000000000000000 ) ) ;
#1445 = CARTESIAN_POINT ( 'NONE',  ( 0.000000000000000000, 10.49999999999999822, -3.500000000000000000 ) ) ;
#1446 = DIRECTION ( 'NONE',  ( 1.000000000000000000, 0.000000000000000000, 2.443272501375784466E-16 ) ) ;
#1447 = FACE_OUTER_BOUND ( 'NONE', #602, .T. ) ;
#1448 = LINE ( 'NONE', #2305, #420 ) ;
#1449 = FACE_BOUND ( 'NONE', #1307, .T. ) ;
#1450 = EDGE_CURVE ( 'NONE', #2308, #86, #2156, .T. ) ;
#1451 = DIRECTION ( 'NONE',  ( 0.000000000000000000, 0.000000000000000000, -1.000000000000000000 ) ) ;
#1452 = ORIENTED_EDGE ( 'NONE', *, *, #2202, .T. ) ;
#1453 = EDGE_CURVE ( 'NONE', #501, #409, #1731, .T. ) ;
#1454 = CARTESIAN_POINT ( 'NONE',  ( -2.150000000000000799, 0.3000000000000000444, 2.500000000000000000 ) ) ;
#1455 = VERTEX_POINT ( 'NONE', #351 ) ;
#1456 = EDGE_CURVE ( 'NONE', #989, #508, #12, .T. ) ;
#1457 = DIRECTION ( 'NONE',  ( -0.000000000000000000, 0.000000000000000000, -1.000000000000000000 ) ) ;
#1458 = FACE_OUTER_BOUND ( 'NONE', #896, .T. ) ;
#1459 = CARTESIAN_POINT ( 'NONE',  ( 0.000000000000000000, 4.264213562373091904, 0.000000000000000000 ) ) ;
#1460 = FACE_OUTER_BOUND ( 'NONE', #1591, .T. ) ;
#1461 = EDGE_LOOP ( 'NONE', ( #1107, #580, #241 ) ) ;
#1462 = ORIENTED_EDGE ( 'NONE', *, *, #1573, .T. ) ;
#1463 = DIRECTION ( 'NONE',  ( 0.000000000000000000, 0.000000000000000000, -1.000000000000000000 ) ) ;
#1464 = ORIENTED_EDGE ( 'NONE', *, *, #1346, .F. ) ;
#1465 = CARTESIAN_POINT ( 'NONE',  ( 4.449999999999998401, 0.000000000000000000, -0.4749999999999999778 ) ) ;
#1466 = ADVANCED_FACE ( 'NONE', ( #1770 ), #1547, .T. ) ;
#1467 = ORIENTED_EDGE ( 'NONE', *, *, #782, .F. ) ;
#1468 = DIRECTION ( 'NONE',  ( -0.000000000000000000, -1.000000000000000000, -0.000000000000000000 ) ) ;
#1469 = EDGE_CURVE ( 'NONE', #819, #404, #2107, .T. ) ;
#1470 = CARTESIAN_POINT ( 'NONE',  ( -4.149999999999999467, 0.4000000000000000222, 0.7500000000000008882 ) ) ;
#1471 = SURFACE_STYLE_FILL_AREA ( #745 ) ;
#1472 = DIRECTION ( 'NONE',  ( -1.000000000000000000, -0.000000000000000000, -2.443272501375784466E-16 ) ) ;
#1473 = ORIENTED_EDGE ( 'NONE', *, *, #1129, .F. ) ;
#1474 = AXIS2_PLACEMENT_3D ( 'NONE', #1786, #1280, #2185 ) ;
#1475 = AXIS2_PLACEMENT_3D ( 'NONE', #1444, #164, #2311 ) ;
#1476 = ORIENTED_EDGE ( 'NONE', *, *, #652, .T. ) ;
#1477 = CIRCLE ( 'NONE', #227, 0.5999999999999998668 ) ;
#1478 = CARTESIAN_POINT ( 'NONE',  ( 0.000000000000000000, 3.250000000000000444, -4.100000000000001421 ) ) ;
#1479 = MECHANICAL_DESIGN_GEOMETRIC_PRESENTATION_REPRESENTATION (  '', ( #453 ), #1289 ) ;
#1480 = EDGE_LOOP ( 'NONE', ( #61, #2019, #2179, #246 ) ) ;
#1481 = AXIS2_PLACEMENT_3D ( 'NONE', #2286, #539, #1402 ) ;
#1482 = ADVANCED_FACE ( 'NONE', ( #1277 ), #523, .F. ) ;
#1483 = DIRECTION ( 'NONE',  ( 0.000000000000000000, -1.000000000000000000, 0.000000000000000000 ) ) ;
#1484 = CIRCLE ( 'NONE', #2293, 3.746446609406729245 ) ;
#1485 = DIRECTION ( 'NONE',  ( -1.470104640658311740E-16, 0.000000000000000000, -1.000000000000000000 ) ) ;
#1486 = ADVANCED_FACE ( 'NONE', ( #1981 ), #2299, .F. ) ;
#1487 = SURFACE_STYLE_USAGE ( .BOTH. , #215 ) ;
#1488 = ORIENTED_EDGE ( 'NONE', *, *, #614, .T. ) ;
#1489 = CARTESIAN_POINT ( 'NONE',  ( -2.950000000000001954, 1.899999999999999911, -4.149999999999998579 ) ) ;
#1490 = ORIENTED_EDGE ( 'NONE', *, *, #1178, .F. ) ;
#1491 = CARTESIAN_POINT ( 'NONE',  ( -1.698955981626778343E-16, 0.4000000000000000222, -0.4750000000000015876 ) ) ;
#1492 = ORIENTED_EDGE ( 'NONE', *, *, #1576, .T. ) ;
#1493 = CARTESIAN_POINT ( 'NONE',  ( 2.500000000000000000, 9.999999999999998224, -3.122498999199198266 ) ) ;
#1494 = CARTESIAN_POINT ( 'NONE',  ( 1.698955981626778343E-16, 0.4000000000000000222, -0.4750000000000015876 ) ) ;
#1495 = CARTESIAN_POINT ( 'NONE',  ( -2.025000000000002576, 0.4000000000000000222, -0.4750000000000008660 ) ) ;
#1496 = FILL_AREA_STYLE_COLOUR ( '', #646 ) ;
#1497 = EDGE_CURVE ( 'NONE', #1779, #1853, #1801, .T. ) ;
#1498 = ORIENTED_EDGE ( 'NONE', *, *, #1267, .T. ) ;
#1499 = LINE ( 'NONE', #1105, #1950 ) ;
#1500 = EDGE_LOOP ( 'NONE', ( #937, #95, #2188, #1203 ) ) ;
#1501 = DIRECTION ( 'NONE',  ( 0.000000000000000000, 0.000000000000000000, 1.000000000000000000 ) ) ;
#1502 = ORIENTED_EDGE ( 'NONE', *, *, #1456, .T. ) ;
#1503 = DIRECTION ( 'NONE',  ( -0.000000000000000000, -1.000000000000000000, -0.000000000000000000 ) ) ;
#1504 = PLANE ( 'NONE',  #487 ) ;
#1505 = ORIENTED_EDGE ( 'NONE', *, *, #1987, .T. ) ;
#1506 = CARTESIAN_POINT ( 'NONE',  ( 0.000000000000000000, 3.910660171779815730, 3.853553390593273065 ) ) ;
#1507 = ADVANCED_FACE ( 'NONE', ( #1960 ), #1095, .F. ) ;
#1508 = VERTEX_POINT ( 'NONE', #1804 ) ;
#1509 = CIRCLE ( 'NONE', #1834, 4.000000000000000888 ) ;
#1510 = EDGE_CURVE ( 'NONE', #1403, #795, #502, .T. ) ;
#1511 = CARTESIAN_POINT ( 'NONE',  ( -0.4000000000000000222, 0.1000000000000000472, -0.7500000000000002220 ) ) ;
#1512 = AXIS2_PLACEMENT_3D ( 'NONE', #1004, #1582, #846 ) ;
#1513 = ORIENTED_EDGE ( 'NONE', *, *, #131, .F. ) ;
#1514 = VECTOR ( 'NONE', #1518, 1000.000000000000000 ) ;
#1515 = CARTESIAN_POINT ( 'NONE',  ( -4.149999999999999467, 0.3000000000000000444, -0.7500000000000008882 ) ) ;
#1516 = VECTOR ( 'NONE', #328, 1000.000000000000000 ) ;
#1517 = CARTESIAN_POINT ( 'NONE',  ( 4.149999999999999467, 0.4000000000000000222, 0.7500000000000008882 ) ) ;
#1518 = DIRECTION ( 'NONE',  ( -1.470104640658311494E-16, 0.000000000000000000, -1.000000000000000000 ) ) ;
#1519 = ORIENTED_EDGE ( 'NONE', *, *, #519, .F. ) ;
#1520 =( GEOMETRIC_REPRESENTATION_CONTEXT ( 3 ) GLOBAL_UNCERTAINTY_ASSIGNED_CONTEXT ( ( #209 ) ) GLOBAL_UNIT_ASSIGNED_CONTEXT ( ( #2035, #2017, #2284 ) ) REPRESENTATION_CONTEXT ( 'NONE', 'WORKASPACE' ) );
#1521 = DIRECTION ( 'NONE',  ( 1.000000000000000000, 0.000000000000000000, -0.000000000000000000 ) ) ;
#1522 = ORIENTED_EDGE ( 'NONE', *, *, #592, .T. ) ;
#1523 = CARTESIAN_POINT ( 'NONE',  ( -4.814824860968089633E-32, 9.999999999999998224, 0.000000000000000000 ) ) ;
#1524 = DIRECTION ( 'NONE',  ( 0.000000000000000000, -1.000000000000000000, 0.000000000000000000 ) ) ;
#1525 = ORIENTED_EDGE ( 'NONE', *, *, #1405, .F. ) ;
#1526 = DIRECTION ( 'NONE',  ( -0.000000000000000000, 1.000000000000000000, -0.000000000000000000 ) ) ;
#1527 = CARTESIAN_POINT ( 'NONE',  ( 0.000000000000000000, 3.450000000000000622, -3.600000000000001421 ) ) ;
#1528 = DIRECTION ( 'NONE',  ( -0.000000000000000000, -1.000000000000000000, -0.000000000000000000 ) ) ;
#1529 = ORIENTED_EDGE ( 'NONE', *, *, #801, .T. ) ;
#1530 = LINE ( 'NONE', #1383, #1174 ) ;
#1531 = ORIENTED_EDGE ( 'NONE', *, *, #1814, .T. ) ;
#1532 = EDGE_CURVE ( 'NONE', #1993, #405, #303, .T. ) ;
#1533 = DIRECTION ( 'NONE',  ( -0.000000000000000000, -1.000000000000000000, -0.000000000000000000 ) ) ;
#1534 = CARTESIAN_POINT ( 'NONE',  ( -4.449999999999998401, 0.4000000000000000222, -0.4749999999999999778 ) ) ;
#1535 = EDGE_CURVE ( 'NONE', #1873, #2047, #1358, .T. ) ;
#1536 = DIRECTION ( 'NONE',  ( 0.000000000000000000, 0.000000000000000000, -1.000000000000000000 ) ) ;
#1537 = ORIENTED_EDGE ( 'NONE', *, *, #60, .F. ) ;
#1538 = PLANE ( 'NONE',  #1581 ) ;
#1539 = CARTESIAN_POINT ( 'NONE',  ( -4.449999999999999289, 0.000000000000000000, 0.000000000000000000 ) ) ;
#1540 = AXIS2_PLACEMENT_3D ( 'NONE', #991, #2222, #766 ) ;
#1541 = ORIENTED_EDGE ( 'NONE', *, *, #1606, .T. ) ;
#1542 = AXIS2_PLACEMENT_3D ( 'NONE', #632, #1339, #1366 ) ;
#1543 = DIRECTION ( 'NONE',  ( 0.000000000000000000, 0.000000000000000000, -1.000000000000000000 ) ) ;
#1544 = AXIS2_PLACEMENT_3D ( 'NONE', #1181, #2274, #834 ) ;
#1545 = CARTESIAN_POINT ( 'NONE',  ( -4.150000000000002132, 0.3000000000000000444, -0.7499999999999997780 ) ) ;
#1546 =( NAMED_UNIT ( * ) PLANE_ANGLE_UNIT ( ) SI_UNIT ( $, .RADIAN. ) );
#1547 = TOROIDAL_SURFACE ( 'NONE', #525, 3.500000000000000888, 0.5000000000000000000 ) ;
#1548 = CLOSED_SHELL ( 'NONE', ( #538, #18, #2081, #1375 ) ) ;
#1549 = ADVANCED_FACE ( 'NONE', ( #1781 ), #2116, .F. ) ;
#1550 = DIRECTION ( 'NONE',  ( 0.000000000000000000, 0.000000000000000000, 1.000000000000000000 ) ) ;
#1551 = DIRECTION ( 'NONE',  ( -0.000000000000000000, -1.000000000000000000, -0.000000000000000000 ) ) ;
#1552 = CIRCLE ( 'NONE', #1846, 3.853553390593272177 ) ;
#1553 = AXIS2_PLACEMENT_3D ( 'NONE', #2068, #462, #1597 ) ;
#1554 = ADVANCED_FACE ( 'NONE', ( #1612 ), #361, .T. ) ;
#1555 = ORIENTED_EDGE ( 'NONE', *, *, #1859, .T. ) ;
#1556 = CARTESIAN_POINT ( 'NONE',  ( 0.000000000000000000, 10.00000000000000000, 0.000000000000000000 ) ) ;
#1557 = PRESENTATION_LAYER_ASSIGNMENT (  '', '', ( #2294 ) ) ;
#1558 = ORIENTED_EDGE ( 'NONE', *, *, #2012, .F. ) ;
#1559 = CARTESIAN_POINT ( 'NONE',  ( 0.000000000000000000, 3.250000000000000444, 0.000000000000000000 ) ) ;
#1560 = VERTEX_POINT ( 'NONE', #400 ) ;
#1561 = DIRECTION ( 'NONE',  ( 0.000000000000000000, 0.000000000000000000, -1.000000000000000000 ) ) ;
#1562 = FACE_OUTER_BOUND ( 'NONE', #2040, .T. ) ;
#1563 = CYLINDRICAL_SURFACE ( 'NONE', #42, 0.5999999999999998668 ) ;
#1564 = EDGE_LOOP ( 'NONE', ( #290, #11, #133, #228, #1921, #533, #787, #494 ) ) ;
#1565 = CARTESIAN_POINT ( 'NONE',  ( -4.149999999999999467, 0.4000000000000000222, -0.7500000000000008882 ) ) ;
#1566 = ORIENTED_EDGE ( 'NONE', *, *, #1294, .F. ) ;
#1567 = DIRECTION ( 'NONE',  ( 0.000000000000000000, 1.000000000000000000, -0.000000000000000000 ) ) ;
#1568 = ORIENTED_EDGE ( 'NONE', *, *, #1497, .F. ) ;
#1569 = DIRECTION ( 'NONE',  ( 0.000000000000000000, 0.000000000000000000, -1.000000000000000000 ) ) ;
#1570 = FACE_OUTER_BOUND ( 'NONE', #1727, .T. ) ;
#1571 = DIRECTION ( 'NONE',  ( -0.000000000000000000, 1.000000000000000000, -0.000000000000000000 ) ) ;
#1572 = ORIENTED_EDGE ( 'NONE', *, *, #1621, .T. ) ;
#1573 = EDGE_CURVE ( 'NONE', #573, #132, #1646, .T. ) ;
#1574 = CARTESIAN_POINT ( 'NONE',  ( 0.000000000000000000, 3.803553390593275907, 0.000000000000000000 ) ) ;
#1575 = ORIENTED_EDGE ( 'NONE', *, *, #1187, .T. ) ;
#1576 = EDGE_CURVE ( 'NONE', #1027, #910, #1678, .T. ) ;
#1577 = CARTESIAN_POINT ( 'NONE',  ( 4.588073848386405056E-16, 2.896446609406724715, 3.746446609406729245 ) ) ;
#1578 = ORIENTED_EDGE ( 'NONE', *, *, #2053, .F. ) ;
#1579 = CARTESIAN_POINT ( 'NONE',  ( 2.500000000000000000, 9.999999999999998224, -3.122498999199198266 ) ) ;
#1580 = VECTOR ( 'NONE', #1406, 1000.000000000000000 ) ;
#1581 = AXIS2_PLACEMENT_3D ( 'NONE', #641, #287, #1721 ) ;
#1582 = DIRECTION ( 'NONE',  ( 0.000000000000000000, 1.000000000000000000, 0.000000000000000000 ) ) ;
#1583 = DIRECTION ( 'NONE',  ( -0.000000000000000000, -1.000000000000000000, -0.000000000000000000 ) ) ;
#1584 = VECTOR ( 'NONE', #1893, 1000.000000000000000 ) ;
#1585 = STYLED_ITEM ( 'NONE', ( #432 ), #154 ) ;
#1586 = VECTOR ( 'NONE', #255, 1000.000000000000000 ) ;
#1587 = ORIENTED_EDGE ( 'NONE', *, *, #1178, .T. ) ;
#1588 = VECTOR ( 'NONE', #2079, 1000.000000000000000 ) ;
#1589 = LINE ( 'NONE', #1610, #8 ) ;
#1590 = PRODUCT_RELATED_PRODUCT_CATEGORY ( 'part', '', ( #2174 ) ) ;
#1591 = EDGE_LOOP ( 'NONE', ( #243, #1246 ) ) ;
#1592 = DIRECTION ( 'NONE',  ( -0.000000000000000000, -1.000000000000000000, -0.000000000000000000 ) ) ;
#1593 = EDGE_CURVE ( 'NONE', #1083, #575, #2252, .T. ) ;
#1594 = ORIENTED_EDGE ( 'NONE', *, *, #2273, .F. ) ;
#1595 = DIRECTION ( 'NONE',  ( -0.000000000000000000, -0.000000000000000000, -1.000000000000000000 ) ) ;
#1596 = CARTESIAN_POINT ( 'NONE',  ( 0.4000000000000000777, 0.1000000000000000472, 0.7500000000000002220 ) ) ;
#1597 = DIRECTION ( 'NONE',  ( 0.000000000000000000, 0.000000000000000000, -1.000000000000000000 ) ) ;
#1598 = VERTEX_POINT ( 'NONE', #1867 ) ;
#1599 = CARTESIAN_POINT ( 'NONE',  ( 0.000000000000000000, 2.299999999999999822, 0.000000000000000000 ) ) ;
#1600 = ORIENTED_EDGE ( 'NONE', *, *, #1717, .T. ) ;
#1601 = CARTESIAN_POINT ( 'NONE',  ( 0.000000000000000000, 0.000000000000000000, 0.000000000000000000 ) ) ;
#1602 = ORIENTED_EDGE ( 'NONE', *, *, #102, .T. ) ;
#1603 = DIRECTION ( 'NONE',  ( 1.470104640658311494E-16, 0.000000000000000000, 1.000000000000000000 ) ) ;
#1604 = DIRECTION ( 'NONE',  ( -0.000000000000000000, -1.000000000000000000, -0.000000000000000000 ) ) ;
#1605 = SURFACE_SIDE_STYLE ('',( #310 ) ) ;
#1606 = EDGE_CURVE ( 'NONE', #835, #855, #1253, .T. ) ;
#1607 = CARTESIAN_POINT ( 'NONE',  ( 2.149999999999999467, 0.4000000000000000222, -2.500000000000000000 ) ) ;
#1608 = VERTEX_POINT ( 'NONE', #763 ) ;
#1609 = VERTEX_POINT ( 'NONE', #1465 ) ;
#1610 = CARTESIAN_POINT ( 'NONE',  ( -1.013958088070951059E-15, 2.299999999999999822, 4.150000000000002132 ) ) ;
#1611 = VERTEX_POINT ( 'NONE', #2013 ) ;
#1612 = FACE_OUTER_BOUND ( 'NONE', #315, .T. ) ;
#1613 = ORIENTED_EDGE ( 'NONE', *, *, #1222, .F. ) ;
#1614 = DIRECTION ( 'NONE',  ( 0.000000000000000000, -1.000000000000000000, 0.000000000000000000 ) ) ;
#1615 = EDGE_CURVE ( 'NONE', #609, #160, #2215, .T. ) ;
#1616 = AXIS2_PLACEMENT_3D ( 'NONE', #403, #1986, #2159 ) ;
#1617 = FACE_OUTER_BOUND ( 'NONE', #484, .T. ) ;
#1618 = DIRECTION ( 'NONE',  ( 0.7071067811865477948, 0.000000000000000000, -0.7071067811865473507 ) ) ;
#1619 =( GEOMETRIC_REPRESENTATION_CONTEXT ( 3 ) GLOBAL_UNCERTAINTY_ASSIGNED_CONTEXT ( ( #604 ) ) GLOBAL_UNIT_ASSIGNED_CONTEXT ( ( #92, #1546, #1697 ) ) REPRESENTATION_CONTEXT ( 'NONE', 'WORKASPACE' ) );
#1620 = EDGE_CURVE ( 'NONE', #1769, #2104, #1097, .T. ) ;
#1621 = EDGE_CURVE ( 'NONE', #2208, #2115, #1333, .T. ) ;
#1622 = LINE ( 'NONE', #728, #151 ) ;
#1623 = PRESENTATION_LAYER_ASSIGNMENT (  '', '', ( #2027 ) ) ;
#1624 = ADVANCED_FACE ( 'NONE', ( #2216 ), #434, .F. ) ;
#1625 = AXIS2_PLACEMENT_3D ( 'NONE', #1638, #64, #1312 ) ;
#1626 = AXIS2_PLACEMENT_3D ( 'NONE', #1231, #2118, #1561 ) ;
#1627 = ORIENTED_EDGE ( 'NONE', *, *, #797, .T. ) ;
#1628 = CIRCLE ( 'NONE', #1137, 3.746446609406729689 ) ;
#1629 = CARTESIAN_POINT ( 'NONE',  ( -2.150000000000000799, 0.4000000000000000222, -2.500000000000000000 ) ) ;
#1630 = ORIENTED_EDGE ( 'NONE', *, *, #424, .T. ) ;
#1631 = CYLINDRICAL_SURFACE ( 'NONE', #1, 0.4750000000000008660 ) ;
#1632 = CARTESIAN_POINT ( 'NONE',  ( 4.449999999999998401, 0.4000000000000000222, -0.4749999999999999778 ) ) ;
#1633 = CARTESIAN_POINT ( 'NONE',  ( 0.000000000000000000, 3.450000000000000178, 0.000000000000000000 ) ) ;
#1634 = LINE ( 'NONE', #9, #1170 ) ;
#1635 = DIRECTION ( 'NONE',  ( 1.470104640658311494E-16, 0.000000000000000000, 1.000000000000000000 ) ) ;
#1636 = EDGE_CURVE ( 'NONE', #2308, #1508, #964, .T. ) ;
#1637 = ORIENTED_EDGE ( 'NONE', *, *, #221, .F. ) ;
#1638 = CARTESIAN_POINT ( 'NONE',  ( 2.025000000000002576, 0.4000000000000000222, 1.796982373610909400E-20 ) ) ;
#1639 = ORIENTED_EDGE ( 'NONE', *, *, #1124, .F. ) ;
#1640 = DIRECTION ( 'NONE',  ( -0.000000000000000000, -1.000000000000000000, -0.000000000000000000 ) ) ;
#1641 = DIRECTION ( 'NONE',  ( 0.000000000000000000, 0.000000000000000000, -1.000000000000000000 ) ) ;
#1642 = FILL_AREA_STYLE_COLOUR ( '', #1837 ) ;
#1643 = CARTESIAN_POINT ( 'NONE',  ( 2.500000000000000000, 10.49999999999999822, -3.122498999199198266 ) ) ;
#1644 = EDGE_LOOP ( 'NONE', ( #1340, #829, #35, #1473 ) ) ;
#1645 = EDGE_CURVE ( 'NONE', #2237, #1779, #265, .T. ) ;
#1646 = LINE ( 'NONE', #593, #1992 ) ;
#1647 = EDGE_CURVE ( 'NONE', #678, #618, #1689, .T. ) ;
#1648 = ORIENTED_EDGE ( 'NONE', *, *, #516, .T. ) ;
#1649 = DIRECTION ( 'NONE',  ( 1.000000000000000000, 0.000000000000000000, 0.000000000000000000 ) ) ;
#1650 = DIRECTION ( 'NONE',  ( 0.000000000000000000, 0.000000000000000000, -1.000000000000000000 ) ) ;
#1651 = SURFACE_STYLE_USAGE ( .BOTH. , #2206 ) ;
#1652 = ORIENTED_EDGE ( 'NONE', *, *, #780, .F. ) ;
#1653 = CARTESIAN_POINT ( 'NONE',  ( 1.698955981626778343E-16, 0.000000000000000000, 0.4750000000000015876 ) ) ;
#1654 = AXIS2_PLACEMENT_3D ( 'NONE', #150, #1413, #100 ) ;
#1655 = VECTOR ( 'NONE', #1152, 1000.000000000000000 ) ;
#1656 = VERTEX_POINT ( 'NONE', #1153 ) ;
#1657 = EDGE_CURVE ( 'NONE', #1275, #910, #2025, .T. ) ;
#1658 = CIRCLE ( 'NONE', #301, 0.5999999999999998668 ) ;
#1659 = DIRECTION ( 'NONE',  ( 0.000000000000000000, 0.000000000000000000, 1.000000000000000000 ) ) ;
#1660 = ORIENTED_EDGE ( 'NONE', *, *, #1129, .T. ) ;
#1661 = AXIS2_PLACEMENT_3D ( 'NONE', #1116, #1108, #234 ) ;
#1662 = EDGE_CURVE ( 'NONE', #1114, #1387, #2203, .T. ) ;
#1663 = LINE ( 'NONE', #2194, #1878 ) ;
#1664 = VECTOR ( 'NONE', #274, 1000.000000000000000 ) ;
#1665 = EDGE_CURVE ( 'NONE', #609, #1403, #1249, .T. ) ;
#1666 = ORIENTED_EDGE ( 'NONE', *, *, #1865, .T. ) ;
#1667 = DIRECTION ( 'NONE',  ( -0.000000000000000000, -1.000000000000000000, -0.000000000000000000 ) ) ;
#1668 = ORIENTED_EDGE ( 'NONE', *, *, #1675, .F. ) ;
#1669 = CARTESIAN_POINT ( 'NONE',  ( 2.500000000000000000, 10.42390340650300118, -2.826042184304292437 ) ) ;
#1670 = EDGE_LOOP ( 'NONE', ( #2124, #2165, #1566, #2182, #2059, #764 ) ) ;
#1671 = DIRECTION ( 'NONE',  ( 0.000000000000000000, 0.000000000000000000, -1.000000000000000000 ) ) ;
#1672 = EDGE_CURVE ( 'NONE', #508, #1443, #610, .T. ) ;
#1673 = DIRECTION ( 'NONE',  ( 1.000000000000000000, 0.000000000000000000, -3.576749435003731996E-16 ) ) ;
#1674 = LINE ( 'NONE', #1168, #1838 ) ;
#1675 = EDGE_CURVE ( 'NONE', #584, #819, #925, .T. ) ;
#1676 = EDGE_LOOP ( 'NONE', ( #1757, #1637, #2146, #1754 ) ) ;
#1677 = VERTEX_POINT ( 'NONE', #1922 ) ;
#1678 = LINE ( 'NONE', #1491, #1951 ) ;
#1679 = ORIENTED_EDGE ( 'NONE', *, *, #960, .F. ) ;
#1680 = FACE_OUTER_BOUND ( 'NONE', #1186, .T. ) ;
#1681 = PLANE ( 'NONE',  #1215 ) ;
#1682 = FACE_OUTER_BOUND ( 'NONE', #210, .T. ) ;
#1683 = ORIENTED_EDGE ( 'NONE', *, *, #1896, .T. ) ;
#1684 = CARTESIAN_POINT ( 'NONE',  ( 0.000000000000000000, 2.789339828220184447, 0.000000000000000000 ) ) ;
#1685 = VERTEX_POINT ( 'NONE', #1702 ) ;
#1686 = CARTESIAN_POINT ( 'NONE',  ( -2.150000000000000799, 0.3000000000000000444, -1.900000000000000133 ) ) ;
#1687 = VECTOR ( 'NONE', #136, 1000.000000000000000 ) ;
#1688 = EDGE_CURVE ( 'NONE', #885, #86, #663, .T. ) ;
#1689 = B_SPLINE_CURVE_WITH_KNOTS ( 'NONE', 3,
 ( #786, #583, #1320, #2003, #1669, #559, #1854, #1827, #934, #21 ),
 .UNSPECIFIED., .F., .F.,
 ( 4, 2, 2, 2, 4 ),
 ( 0.000000000000000000, 0.0002302229269019289413, 0.0004604458538038578826, 0.0006906687807057868781, 0.0009208917076077157652 ),
 .UNSPECIFIED. ) ;
#1690 = DIRECTION ( 'NONE',  ( 1.000000000000000000, 0.000000000000000000, 0.000000000000000000 ) ) ;
#1691 = STYLED_ITEM ( 'NONE', ( #578 ), #927 ) ;
#1692 = EDGE_LOOP ( 'NONE', ( #1342, #773, #1806, #2306 ) ) ;
#1693 = VECTOR ( 'NONE', #426, 1000.000000000000000 ) ;
#1694 = VECTOR ( 'NONE', #1700, 1000.000000000000000 ) ;
#1695 = DIRECTION ( 'NONE',  ( 0.000000000000000000, 0.000000000000000000, -1.000000000000000000 ) ) ;
#1696 = AXIS2_PLACEMENT_3D ( 'NONE', #90, #1344, #99 ) ;
#1697 =( NAMED_UNIT ( * ) SI_UNIT ( $, .STERADIAN. ) SOLID_ANGLE_UNIT ( ) );
#1698 = AXIS2_PLACEMENT_3D ( 'NONE', #1574, #2105, #675 ) ;
#1699 = AXIS2_PLACEMENT_3D ( 'NONE', #394, #1103, #1305 ) ;
#1700 = DIRECTION ( 'NONE',  ( -0.000000000000000000, -1.000000000000000000, -0.000000000000000000 ) ) ;
#1701 = ORIENTED_EDGE ( 'NONE', *, *, #1814, .F. ) ;
#1702 = CARTESIAN_POINT ( 'NONE',  ( 1.739971264130528938, 1.500000000000000000, 4.150000000000002132 ) ) ;
#1703 = ORIENTED_EDGE ( 'NONE', *, *, #1296, .T. ) ;
#1704 = EDGE_CURVE ( 'NONE', #2029, #1313, #1530, .T. ) ;
#1705 = FACE_OUTER_BOUND ( 'NONE', #1074, .T. ) ;
#1706 = CARTESIAN_POINT ( 'NONE',  ( 0.000000000000000000, 1.500000000000000000, 0.000000000000000000 ) ) ;
#1707 = CARTESIAN_POINT ( 'NONE',  ( -4.149999999999999467, 0.4000000000000000222, 0.7500000000000008882 ) ) ;
#1708 = CARTESIAN_POINT ( 'NONE',  ( 2.500000000000000000, 10.07763781205375686, 3.122498999199256886 ) ) ;
#1709 = CARTESIAN_POINT ( 'NONE',  ( -6.018531076210112041E-32, 9.999999999999998224, 0.000000000000000000 ) ) ;
#1710 = ORIENTED_EDGE ( 'NONE', *, *, #1987, .F. ) ;
#1711 = DIRECTION ( 'NONE',  ( 0.000000000000000000, 0.000000000000000000, 1.000000000000000000 ) ) ;
#1712 = EDGE_CURVE ( 'NONE', #1251, #1817, #125, .T. ) ;
#1713 = ORIENTED_EDGE ( 'NONE', *, *, #2110, .T. ) ;
#1714 = DIRECTION ( 'NONE',  ( -0.000000000000000000, 0.000000000000000000, 1.000000000000000000 ) ) ;
#1715 = CARTESIAN_POINT ( 'NONE',  ( 1.739971264130535822, 2.299999999999999822, -4.149999999999998579 ) ) ;
#1716 = APPLICATION_PROTOCOL_DEFINITION ( 'draft international standard', 'automotive_design', 1998, #183 ) ;
#1717 = EDGE_CURVE ( 'NONE', #1792, #212, #1343, .T. ) ;
#1718 = CARTESIAN_POINT ( 'NONE',  ( 4.149999999999999467, 0.3000000000000000444, 0.7500000000000008882 ) ) ;
#1719 = DIRECTION ( 'NONE',  ( 0.000000000000000000, 0.000000000000000000, -1.000000000000000000 ) ) ;
#1720 = ORIENTED_EDGE ( 'NONE', *, *, #541, .T. ) ;
#1721 = DIRECTION ( 'NONE',  ( -1.000000000000000000, 0.000000000000000000, -3.576749435003731996E-16 ) ) ;
#1722 = LINE ( 'NONE', #1906, #112 ) ;
#1723 = AXIS2_PLACEMENT_3D ( 'NONE', #706, #553, #1485 ) ;
#1724 = ORIENTED_EDGE ( 'NONE', *, *, #491, .F. ) ;
#1725 = CIRCLE ( 'NONE', #633, 3.999999999999999112 ) ;
#1726 = CARTESIAN_POINT ( 'NONE',  ( 0.000000000000000000, 2.435786437626909162, 0.000000000000000000 ) ) ;
#1727 = EDGE_LOOP ( 'NONE', ( #124, #548, #499, #2300 ) ) ;
#1728 = CIRCLE ( 'NONE', #1990, 0.5999999999999998668 ) ;
#1729 = FACE_OUTER_BOUND ( 'NONE', #1925, .T. ) ;
#1730 = EDGE_CURVE ( 'NONE', #406, #1251, #1722, .T. ) ;
#1731 = CIRCLE ( 'NONE', #153, 0.5999999999999998668 ) ;
#1732 = FACE_OUTER_BOUND ( 'NONE', #2260, .T. ) ;
#1733 = FACE_OUTER_BOUND ( 'NONE', #1747, .T. ) ;
#1734 = VECTOR ( 'NONE', #2271, 1000.000000000000000 ) ;
#1735 = CIRCLE ( 'NONE', #270, 0.4750000000000008660 ) ;
#1736 = VERTEX_POINT ( 'NONE', #2046 ) ;
#1737 = CARTESIAN_POINT ( 'NONE',  ( -0.4000000000000000222, 0.1000000000000000472, -0.7500000000000002220 ) ) ;
#1738 = VERTEX_POINT ( 'NONE', #841 ) ;
#1739 = DIRECTION ( 'NONE',  ( 1.000000000000000000, 0.000000000000000000, -1.224646799147353207E-16 ) ) ;
#1740 = VERTEX_POINT ( 'NONE', #1163 ) ;
#1741 = FACE_BOUND ( 'NONE', #1262, .T. ) ;
#1742 = ADVANCED_FACE ( 'NONE', ( #2089 ), #1197, .F. ) ;
#1743 = CARTESIAN_POINT ( 'NONE',  ( 2.149999999999999023, 0.4000000000000000222, 2.500000000000000000 ) ) ;
#1744 = VERTEX_POINT ( 'NONE', #2261 ) ;
#1745 = CARTESIAN_POINT ( 'NONE',  ( 0.4000000000000000777, 0.1000000000000000472, -0.7500000000000002220 ) ) ;
#1746 = ORIENTED_EDGE ( 'NONE', *, *, #1811, .F. ) ;
#1747 = EDGE_LOOP ( 'NONE', ( #370, #201, #472, #1505 ) ) ;
#1748 = CARTESIAN_POINT ( 'NONE',  ( -0.4000000000000000222, 0.4000000000000000222, -0.7500000000000002220 ) ) ;
#1749 = PRESENTATION_STYLE_ASSIGNMENT (( #2099 ) ) ;
#1750 = CARTESIAN_POINT ( 'NONE',  ( -0.4000000000000000222, 0.1000000000000000472, 0.7500000000000002220 ) ) ;
#1751 = ORIENTED_EDGE ( 'NONE', *, *, #1899, .T. ) ;
#1752 = EDGE_CURVE ( 'NONE', #1151, #1677, #628, .T. ) ;
#1753 = LINE ( 'NONE', #536, #385 ) ;
#1754 = ORIENTED_EDGE ( 'NONE', *, *, #1028, .T. ) ;
#1755 = DIRECTION ( 'NONE',  ( 0.000000000000000000, 0.000000000000000000, 1.000000000000000000 ) ) ;
#1756 = CARTESIAN_POINT ( 'NONE',  ( -4.150000000000001243, 0.3000000000000000444, 2.950000000000000178 ) ) ;
#1757 = ORIENTED_EDGE ( 'NONE', *, *, #295, .T. ) ;
#1758 = DIRECTION ( 'NONE',  ( 0.000000000000000000, 0.000000000000000000, 1.000000000000000000 ) ) ;
#1759 = TOROIDAL_SURFACE ( 'NONE', #1319, 3.500000000000000888, 0.5000000000000000000 ) ;
#1760 = PLANE ( 'NONE',  #262 ) ;
#1761 = AXIS2_PLACEMENT_3D ( 'NONE', #1966, #356, #1031 ) ;
#1762 = DIRECTION ( 'NONE',  ( 1.000000000000000000, 0.000000000000000000, 1.221636250687892233E-16 ) ) ;
#1763 = DIRECTION ( 'NONE',  ( -0.000000000000000000, -1.000000000000000000, -0.000000000000000000 ) ) ;
#1764 = VECTOR ( 'NONE', #1526, 1000.000000000000000 ) ;
#1765 = CLOSED_SHELL ( 'NONE', ( #463, #1043, #1507, #837, #2267, #940 ) ) ;
#1766 = ORIENTED_EDGE ( 'NONE', *, *, #309, .F. ) ;
#1767 = AXIS2_PLACEMENT_3D ( 'NONE', #1392, #809, #1536 ) ;
#1768 = CARTESIAN_POINT ( 'NONE',  ( 0.000000000000000000, 1.500000000000000000, 0.000000000000000000 ) ) ;
#1769 = VERTEX_POINT ( 'NONE', #811 ) ;
#1770 = FACE_OUTER_BOUND ( 'NONE', #1863, .T. ) ;
#1771 = EDGE_CURVE ( 'NONE', #236, #989, #1362, .T. ) ;
#1772 = VERTEX_POINT ( 'NONE', #2245 ) ;
#1773 = PLANE ( 'NONE',  #1475 ) ;
#1774 = LINE ( 'NONE', #512, #75 ) ;
#1775 =( NAMED_UNIT ( * ) PLANE_ANGLE_UNIT ( ) SI_UNIT ( $, .RADIAN. ) );
#1776 = DIRECTION ( 'NONE',  ( -1.000000000000000000, 0.000000000000000000, 0.000000000000000000 ) ) ;
#1777 = ORIENTED_EDGE ( 'NONE', *, *, #248, .T. ) ;
#1778 = DIRECTION ( 'NONE',  ( -0.000000000000000000, -1.000000000000000000, -0.000000000000000000 ) ) ;
#1779 = VERTEX_POINT ( 'NONE', #2070 ) ;
#1780 = EDGE_CURVE ( 'NONE', #1130, #212, #1189, .T. ) ;
#1781 = FACE_OUTER_BOUND ( 'NONE', #1670, .T. ) ;
#1782 = ORIENTED_EDGE ( 'NONE', *, *, #1730, .T. ) ;
#1783 = FACE_OUTER_BOUND ( 'NONE', #914, .T. ) ;
#1784 = EDGE_CURVE ( 'NONE', #1817, #747, #1217, .T. ) ;
#1785 = CARTESIAN_POINT ( 'NONE',  ( -2.150000000000000799, 0.3000000000000000444, 3.100000000000000089 ) ) ;
#1786 = CARTESIAN_POINT ( 'NONE',  ( -0.4000000000000000222, 0.1000000000000000472, -0.7500000000000002220 ) ) ;
#1787 = CARTESIAN_POINT ( 'NONE',  ( 2.149999999999999023, 0.4000000000000000222, 2.500000000000000000 ) ) ;
#1788 = ADVANCED_FACE ( 'NONE', ( #1179 ), #1890, .T. ) ;
#1789 = LINE ( 'NONE', #2001, #1991 ) ;
#1790 = ORIENTED_EDGE ( 'NONE', *, *, #1086, .T. ) ;
#1791 = LINE ( 'NONE', #549, #230 ) ;
#1792 = VERTEX_POINT ( 'NONE', #1898 ) ;
#1793 = CARTESIAN_POINT ( 'NONE',  ( 0.4000000000000000777, 0.4000000000000000222, -0.7500000000000002220 ) ) ;
#1794 = AXIS2_PLACEMENT_3D ( 'NONE', #586, #443, #598 ) ;
#1795 = DIRECTION ( 'NONE',  ( 0.000000000000000000, 0.000000000000000000, -1.000000000000000000 ) ) ;
#1796 = CARTESIAN_POINT ( 'NONE',  ( 2.500000000000000000, 10.49999999999999822, 2.449489742783176549 ) ) ;
#1797 = AXIS2_PLACEMENT_3D ( 'NONE', #1142, #1840, #774 ) ;
#1798 = DIRECTION ( 'NONE',  ( 0.000000000000000000, -1.000000000000000000, 0.000000000000000000 ) ) ;
#1799 = VECTOR ( 'NONE', #1468, 1000.000000000000000 ) ;
#1800 = CIRCLE ( 'NONE', #794, 3.500000000000000000 ) ;
#1801 = CIRCLE ( 'NONE', #758, 4.000000000000000888 ) ;
#1802 = ORIENTED_EDGE ( 'NONE', *, *, #2313, .F. ) ;
#1803 = AXIS2_PLACEMENT_3D ( 'NONE', #1005, #1042, #312 ) ;
#1804 = CARTESIAN_POINT ( 'NONE',  ( 4.149999999999999467, 0.3000000000000000444, -4.149999999999997691 ) ) ;
#1805 = VECTOR ( 'NONE', #16, 1000.000000000000000 ) ;
#1806 = ORIENTED_EDGE ( 'NONE', *, *, #1647, .F. ) ;
#1807 = DIRECTION ( 'NONE',  ( 0.000000000000000000, 0.000000000000000000, -1.000000000000000000 ) ) ;
#1808 = CARTESIAN_POINT ( 'NONE',  ( 0.000000000000000000, 10.00000000000000000, 0.000000000000000000 ) ) ;
#1809 = CARTESIAN_POINT ( 'NONE',  ( 0.000000000000000000, 1.500000000000000000, 0.000000000000000000 ) ) ;
#1810 = LINE ( 'NONE', #250, #1884 ) ;
#1811 = EDGE_CURVE ( 'NONE', #1180, #2104, #455, .T. ) ;
#1812 = DIRECTION ( 'NONE',  ( -0.000000000000000000, -1.000000000000000000, -0.000000000000000000 ) ) ;
#1813 = FACE_OUTER_BOUND ( 'NONE', #1302, .T. ) ;
#1814 = EDGE_CURVE ( 'NONE', #984, #501, #998, .T. ) ;
#1815 = ORIENTED_EDGE ( 'NONE', *, *, #881, .T. ) ;
#1816 = CARTESIAN_POINT ( 'NONE',  ( -2.025000000000002576, 0.4000000000000000222, 1.796982373610909400E-20 ) ) ;
#1817 = VERTEX_POINT ( 'NONE', #109 ) ;
#1818 = LINE ( 'NONE', #1155, #1434 ) ;
#1819 = DIRECTION ( 'NONE',  ( -0.000000000000000000, -1.000000000000000000, -0.000000000000000000 ) ) ;
#1820 = PLANE ( 'NONE',  #378 ) ;
#1821 = CARTESIAN_POINT ( 'NONE',  ( 2.025000000000002576, 0.000000000000000000, 1.796982373610909400E-20 ) ) ;
#1822 = DIRECTION ( 'NONE',  ( 4.928191693115926948E-17, 1.000000000000000000, 0.000000000000000000 ) ) ;
#1823 = PRODUCT_DEFINITION_CONTEXT ( 'detailed design', #183, 'design' ) ;
#1824 = EDGE_LOOP ( 'NONE', ( #480, #2268, #1006, #946 ) ) ;
#1825 = EDGE_CURVE ( 'NONE', #855, #1455, #1023, .T. ) ;
#1826 = CARTESIAN_POINT ( 'NONE',  ( 0.000000000000000000, 2.896446609406724715, 0.000000000000000000 ) ) ;
#1827 = CARTESIAN_POINT ( 'NONE',  ( 2.500000000000000000, 10.15472540000052781, -3.098381145842143525 ) ) ;
#1828 = ORIENTED_EDGE ( 'NONE', *, *, #1926, .F. ) ;
#1829 = EDGE_CURVE ( 'NONE', #727, #409, #988, .T. ) ;
#1830 = DIRECTION ( 'NONE',  ( -1.000000000000000000, 4.928191693115927565E-17, 0.000000000000000000 ) ) ;
#1831 = DIRECTION ( 'NONE',  ( 0.000000000000000000, 0.000000000000000000, 1.000000000000000000 ) ) ;
#1832 = CARTESIAN_POINT ( 'NONE',  ( 2.500000000000000000, 10.49999999999999822, -2.449489742783178325 ) ) ;
#1833 = DIRECTION ( 'NONE',  ( 0.000000000000000000, 0.000000000000000000, -1.000000000000000000 ) ) ;
#1834 = AXIS2_PLACEMENT_3D ( 'NONE', #1706, #2050, #412 ) ;
#1835 = ORIENTED_EDGE ( 'NONE', *, *, #1962, .T. ) ;
#1836 = CARTESIAN_POINT ( 'NONE',  ( 0.000000000000000000, 1.500000000000000000, 0.000000000000000000 ) ) ;
#1837 = COLOUR_RGB ( '',0.7921568627450980005, 0.8196078431372548767, 0.9333333333333333481 ) ;
#1838 = VECTOR ( 'NONE', #429, 1000.000000000000000 ) ;
#1839 = ORIENTED_EDGE ( 'NONE', *, *, #995, .F. ) ;
#1840 = DIRECTION ( 'NONE',  ( 0.000000000000000000, 1.000000000000000000, 0.000000000000000000 ) ) ;
#1841 = AXIS2_PLACEMENT_3D ( 'NONE', #1629, #1075, #2309 ) ;
#1842 = CARTESIAN_POINT ( 'NONE',  ( -2.950000000000001066, 0.3000000000000000444, -4.149999999999998579 ) ) ;
#1843 = EDGE_CURVE ( 'NONE', #657, #573, #477, .T. ) ;
#1844 = AXIS2_PLACEMENT_3D ( 'NONE', #1872, #1550, #1521 ) ;
#1845 = ORIENTED_EDGE ( 'NONE', *, *, #1957, .F. ) ;
#1846 = AXIS2_PLACEMENT_3D ( 'NONE', #1273, #1583, #1967 ) ;
#1847 = DIRECTION ( 'NONE',  ( -1.000000000000000000, -0.000000000000000000, -2.443272501375784466E-16 ) ) ;
#1848 = EDGE_CURVE ( 'NONE', #323, #657, #2317, .T. ) ;
#1849 = PLANE ( 'NONE',  #70 ) ;
#1850 = PRODUCT_DEFINITION_FORMATION_WITH_SPECIFIED_SOURCE ( 'ANY', '', #2174, .NOT_KNOWN. ) ;
#1851 = ORIENTED_EDGE ( 'NONE', *, *, #1856, .T. ) ;
#1852 = CARTESIAN_POINT ( 'NONE',  ( 0.000000000000000000, 10.49999999999999822, 0.000000000000000000 ) ) ;
#1853 = VERTEX_POINT ( 'NONE', #1237 ) ;
#1854 = CARTESIAN_POINT ( 'NONE',  ( 2.500000000000000000, 10.28671708012404018, -3.014489066940013728 ) ) ;
#1855 = ORIENTED_EDGE ( 'NONE', *, *, #812, .F. ) ;
#1856 = EDGE_CURVE ( 'NONE', #1902, #618, #1969, .T. ) ;
#1857 = FACE_OUTER_BOUND ( 'NONE', #1564, .T. ) ;
#1858 = CARTESIAN_POINT ( 'NONE',  ( -1.698955981626778343E-16, 0.000000000000000000, -0.4750000000000015876 ) ) ;
#1859 = EDGE_CURVE ( 'NONE', #293, #329, #1589, .T. ) ;
#1860 = ADVANCED_FACE ( 'NONE', ( #358 ), #1398, .T. ) ;
#1861 = LINE ( 'NONE', #816, #1584 ) ;
#1862 = CARTESIAN_POINT ( 'NONE',  ( 4.286263797015736595E-16, 10.00000000000000000, 3.500000000000000000 ) ) ;
#1863 = EDGE_LOOP ( 'NONE', ( #842, #1713, #540, #2167 ) ) ;
#1864 = DIRECTION ( 'NONE',  ( -0.000000000000000000, -1.000000000000000000, -0.000000000000000000 ) ) ;
#1865 = EDGE_CURVE ( 'NONE', #2029, #1265, #1994, .T. ) ;
#1866 = ORIENTED_EDGE ( 'NONE', *, *, #2259, .F. ) ;
#1867 = CARTESIAN_POINT ( 'NONE',  ( 2.025000000000002576, 0.000000000000000000, -0.4750000000000008660 ) ) ;
#1868 = EDGE_LOOP ( 'NONE', ( #1399, #951, #1374, #1476 ) ) ;
#1869 = CARTESIAN_POINT ( 'NONE',  ( -2.950000000000001066, 1.500000000000000000, 4.150000000000001243 ) ) ;
#1870 = FACE_OUTER_BOUND ( 'NONE', #1970, .T. ) ;
#1871 = CARTESIAN_POINT ( 'NONE',  ( 4.149999999999999467, 1.899999999999999911, -1.739971264130532713 ) ) ;
#1872 = CARTESIAN_POINT ( 'NONE',  ( -4.149999999999999467, 0.4000000000000000222, 0.7500000000000008882 ) ) ;
#1873 = VERTEX_POINT ( 'NONE', #1057 ) ;
#1874 = VECTOR ( 'NONE', #1446, 1000.000000000000000 ) ;
#1875 = CARTESIAN_POINT ( 'NONE',  ( 0.000000000000000000, 3.910660171779815730, 0.000000000000000000 ) ) ;
#1876 = VECTOR ( 'NONE', #647, 1000.000000000000000 ) ;
#1877 = VERTEX_POINT ( 'NONE', #700 ) ;
#1878 = VECTOR ( 'NONE', #953, 1000.000000000000000 ) ;
#1879 = CARTESIAN_POINT ( 'NONE',  ( 4.149999999999999467, 0.3000000000000000444, -4.149999999999997691 ) ) ;
#1880 = VECTOR ( 'NONE', #96, 1000.000000000000000 ) ;
#1881 = DIRECTION ( 'NONE',  ( 0.000000000000000000, 0.000000000000000000, -1.000000000000000000 ) ) ;
#1882 = DIRECTION ( 'NONE',  ( -0.000000000000000000, -1.000000000000000000, -0.000000000000000000 ) ) ;
#1883 = AXIS2_PLACEMENT_3D ( 'NONE', #2307, #1436, #1421 ) ;
#1884 = VECTOR ( 'NONE', #768, 1000.000000000000000 ) ;
#1885 = CARTESIAN_POINT ( 'NONE',  ( 2.499999999999999556, 10.34053587383957407, 2.956822165280314607 ) ) ;
#1886 = CARTESIAN_POINT ( 'NONE',  ( -2.150000000000000799, 0.4000000000000000222, 2.500000000000000000 ) ) ;
#1887 = EDGE_CURVE ( 'NONE', #1038, #478, #2102, .T. ) ;
#1888 = VERTEX_POINT ( 'NONE', #1409 ) ;
#1889 = CARTESIAN_POINT ( 'NONE',  ( 2.149999999999999467, 0.4000000000000000222, -1.900000000000000133 ) ) ;
#1890 = PLANE ( 'NONE',  #1216 ) ;
#1891 = ORIENTED_EDGE ( 'NONE', *, *, #2298, .T. ) ;
#1892 = CARTESIAN_POINT ( 'NONE',  ( 4.898587196589414801E-16, 4.264213562373091904, 4.000000000000001776 ) ) ;
#1893 = DIRECTION ( 'NONE',  ( -0.000000000000000000, -1.000000000000000000, -0.000000000000000000 ) ) ;
#1894 = FACE_OUTER_BOUND ( 'NONE', #196, .T. ) ;
#1895 = DIRECTION ( 'NONE',  ( -1.000000000000000000, 4.928191693115926948E-17, 0.000000000000000000 ) ) ;
#1896 = EDGE_CURVE ( 'NONE', #2047, #673, #1628, .T. ) ;
#1897 = ORIENTED_EDGE ( 'NONE', *, *, #1730, .F. ) ;
#1898 = CARTESIAN_POINT ( 'NONE',  ( -4.449999999999998401, 0.000000000000000000, -0.4749999999999999778 ) ) ;
#1899 = EDGE_CURVE ( 'NONE', #747, #406, #314, .T. ) ;
#1900 = ORIENTED_EDGE ( 'NONE', *, *, #1829, .T. ) ;
#1901 = CARTESIAN_POINT ( 'NONE',  ( 0.4000000000000000777, 0.3000000000000000444, -0.7500000000000002220 ) ) ;
#1902 = VERTEX_POINT ( 'NONE', #872 ) ;
#1903 = CARTESIAN_POINT ( 'NONE',  ( 4.449999999999999289, 0.4000000000000000222, 0.000000000000000000 ) ) ;
#1904 = LINE ( 'NONE', #104, #1328 ) ;
#1905 = ORIENTED_EDGE ( 'NONE', *, *, #1712, .F. ) ;
#1906 = CARTESIAN_POINT ( 'NONE',  ( -0.4000000000000000222, 0.1000000000000000472, 0.7500000000000002220 ) ) ;
#1907 = VECTOR ( 'NONE', #1673, 1000.000000000000000 ) ;
#1908 = ORIENTED_EDGE ( 'NONE', *, *, #2313, .T. ) ;
#1909 = ADVANCED_FACE ( 'NONE', ( #2114 ), #1397, .T. ) ;
#1910 = CARTESIAN_POINT ( 'NONE',  ( -1.739971264130529160, 1.899999999999999911, 4.150000000000002132 ) ) ;
#1911 = VERTEX_POINT ( 'NONE', #849 ) ;
#1912 = VECTOR ( 'NONE', #966, 1000.000000000000000 ) ;
#1913 = DIRECTION ( 'NONE',  ( 1.000000000000000000, 0.000000000000000000, 0.000000000000000000 ) ) ;
#1914 = AXIS2_PLACEMENT_3D ( 'NONE', #737, #2163, #547 ) ;
#1915 = EDGE_CURVE ( 'NONE', #1873, #1772, #2125, .T. ) ;
#1916 = VECTOR ( 'NONE', #1441, 1000.000000000000000 ) ;
#1917 = AXIS2_PLACEMENT_3D ( 'NONE', #176, #366, #1641 ) ;
#1918 = CARTESIAN_POINT ( 'NONE',  ( 0.000000000000000000, 3.910660171779815730, -3.853553390593273065 ) ) ;
#1919 = DIRECTION ( 'NONE',  ( -1.000000000000000000, 0.000000000000000000, 0.000000000000000000 ) ) ;
#1920 = AXIS2_PLACEMENT_3D ( 'NONE', #2280, #507, #2296 ) ;
#1921 = ORIENTED_EDGE ( 'NONE', *, *, #631, .F. ) ;
#1922 = CARTESIAN_POINT ( 'NONE',  ( 4.149999999999999467, 0.4000000000000000222, -0.7500000000000008882 ) ) ;
#1923 = ORIENTED_EDGE ( 'NONE', *, *, #319, .T. ) ;
#1924 = CARTESIAN_POINT ( 'NONE',  ( 0.000000000000000000, 1.500000000000000000, 0.000000000000000000 ) ) ;
#1925 = EDGE_LOOP ( 'NONE', ( #135, #2283, #1286, #139 ) ) ;
#1926 = EDGE_CURVE ( 'NONE', #106, #654, #1753, .T. ) ;
#1927 = LINE ( 'NONE', #1748, #1284 ) ;
#1928 = DIRECTION ( 'NONE',  ( -0.000000000000000000, -1.000000000000000000, -0.000000000000000000 ) ) ;
#1929 = CARTESIAN_POINT ( 'NONE',  ( -0.4000000000000001887, 0.4000000000000000222, 0.7500000000000008882 ) ) ;
#1930 = EDGE_CURVE ( 'NONE', #673, #2047, #2066, .T. ) ;
#1931 = ORIENTED_EDGE ( 'NONE', *, *, #369, .T. ) ;
#1932 = CARTESIAN_POINT ( 'NONE',  ( 0.000000000000000000, 3.803553390593275907, 0.000000000000000000 ) ) ;
#1933 = VERTEX_POINT ( 'NONE', #520 ) ;
#1934 = DIRECTION ( 'NONE',  ( 8.659560562355038861E-17, -0.7071067811865389130, 0.7071067811865561215 ) ) ;
#1935 = VERTEX_POINT ( 'NONE', #1248 ) ;
#1936 = FACE_BOUND ( 'NONE', #612, .T. ) ;
#1937 = DIRECTION ( 'NONE',  ( -1.000000000000000000, 0.000000000000000000, -0.000000000000000000 ) ) ;
#1938 = CARTESIAN_POINT ( 'NONE',  ( -2.150000000000000799, 0.3000000000000000444, 1.900000000000000133 ) ) ;
#1939 = EDGE_LOOP ( 'NONE', ( #359, #1335, #1703, #2083 ) ) ;
#1940 = ADVANCED_FACE ( 'NONE', ( #500 ), #1227, .T. ) ;
#1941 = DIRECTION ( 'NONE',  ( 0.000000000000000000, 0.000000000000000000, -1.000000000000000000 ) ) ;
#1942 = ORIENTED_EDGE ( 'NONE', *, *, #550, .F. ) ;
#1943 = CARTESIAN_POINT ( 'NONE',  ( 0.4000000000000000777, 0.1000000000000000472, -0.7500000000000002220 ) ) ;
#1944 = ORIENTED_EDGE ( 'NONE', *, *, #652, .F. ) ;
#1945 = DIRECTION ( 'NONE',  ( -0.000000000000000000, -1.000000000000000000, -0.000000000000000000 ) ) ;
#1946 = CIRCLE ( 'NONE', #714, 3.999999999999999112 ) ;
#1947 = DIRECTION ( 'NONE',  ( 0.000000000000000000, 0.000000000000000000, -1.000000000000000000 ) ) ;
#1948 = AXIS2_PLACEMENT_3D ( 'NONE', #2199, #1317, #2164 ) ;
#1949 = LINE ( 'NONE', #1750, #1805 ) ;
#1950 = VECTOR ( 'NONE', #931, 1000.000000000000000 ) ;
#1951 = VECTOR ( 'NONE', #740, 1000.000000000000000 ) ;
#1952 = EDGE_LOOP ( 'NONE', ( #128, #1944, #13, #1238 ) ) ;
#1953 = ADVANCED_FACE ( 'NONE', ( #321 ), #498, .F. ) ;
#1954 = AXIS2_PLACEMENT_3D ( 'NONE', #1709, #94, #818 ) ;
#1955 = CARTESIAN_POINT ( 'NONE',  ( -6.018531076210112041E-32, 9.999999999999998224, 0.000000000000000000 ) ) ;
#1956 = ORIENTED_EDGE ( 'NONE', *, *, #47, .F. ) ;
#1957 = EDGE_CURVE ( 'NONE', #609, #2237, #1904, .T. ) ;
#1958 = EDGE_CURVE ( 'NONE', #1403, #609, #1484, .T. ) ;
#1959 = VECTOR ( 'NONE', #944, 1000.000000000000000 ) ;
#1960 = FACE_OUTER_BOUND ( 'NONE', #1868, .T. ) ;
#1961 = ORIENTED_EDGE ( 'NONE', *, *, #1294, .T. ) ;
#1962 = EDGE_CURVE ( 'NONE', #1138, #1888, #1065, .T. ) ;
#1963 = LINE ( 'NONE', #1332, #2173 ) ;
#1964 = FACE_OUTER_BOUND ( 'NONE', #701, .T. ) ;
#1965 = CARTESIAN_POINT ( 'NONE',  ( 4.149999999999999467, 2.299999999999999822, 4.150000000000003020 ) ) ;
#1966 = CARTESIAN_POINT ( 'NONE',  ( 0.000000000000000000, 1.500000000000000000, 0.000000000000000000 ) ) ;
#1967 = DIRECTION ( 'NONE',  ( 0.000000000000000000, 0.000000000000000000, -1.000000000000000000 ) ) ;
#1968 = PLANE ( 'NONE',  #77 ) ;
#1969 = LINE ( 'NONE', #1263, #1176 ) ;
#1970 = EDGE_LOOP ( 'NONE', ( #1377, #1790, #644, #1513 ) ) ;
#1971 = DIRECTION ( 'NONE',  ( 1.000000000000000000, 0.000000000000000000, -1.224646799147353207E-16 ) ) ;
#1972 = EDGE_LOOP ( 'NONE', ( #848, #26, #1196, #620 ) ) ;
#1973 = DIRECTION ( 'NONE',  ( -0.000000000000000000, -1.000000000000000000, -0.000000000000000000 ) ) ;
#1974 = FACE_OUTER_BOUND ( 'NONE', #667, .T. ) ;
#1975 = CARTESIAN_POINT ( 'NONE',  ( 4.449999999999998401, 0.4000000000000000222, 0.4749999999999999778 ) ) ;
#1976 = DIRECTION ( 'NONE',  ( -0.000000000000000000, -1.000000000000000000, -0.000000000000000000 ) ) ;
#1977 = DIRECTION ( 'NONE',  ( 0.000000000000000000, 0.000000000000000000, -1.000000000000000000 ) ) ;
#1978 = EDGE_LOOP ( 'NONE', ( #521, #1488, #1537, #1866 ) ) ;
#1979 = DIRECTION ( 'NONE',  ( 0.000000000000000000, 1.000000000000000000, -0.000000000000000000 ) ) ;
#1980 = ORIENTED_EDGE ( 'NONE', *, *, #248, .F. ) ;
#1981 = FACE_OUTER_BOUND ( 'NONE', #703, .T. ) ;
#1982 = ORIENTED_EDGE ( 'NONE', *, *, #935, .T. ) ;
#1983 = ADVANCED_FACE ( 'NONE', ( #661 ), #285, .F. ) ;
#1984 = DIRECTION ( 'NONE',  ( 0.000000000000000000, 0.000000000000000000, 1.000000000000000000 ) ) ;
#1985 = AXIS2_PLACEMENT_3D ( 'NONE', #682, #294, #1012 ) ;
#1986 = DIRECTION ( 'NONE',  ( 1.000000000000000000, 0.000000000000000000, -1.224646799147353207E-16 ) ) ;
#1987 = EDGE_CURVE ( 'NONE', #2244, #1066, #527, .T. ) ;
#1988 = LINE ( 'NONE', #384, #387 ) ;
#1989 = PLANE ( 'NONE',  #488 ) ;
#1990 = AXIS2_PLACEMENT_3D ( 'NONE', #630, #1010, #2082 ) ;
#1991 = VECTOR ( 'NONE', #229, 1000.000000000000000 ) ;
#1992 = VECTOR ( 'NONE', #28, 1000.000000000000000 ) ;
#1993 = VERTEX_POINT ( 'NONE', #2076 ) ;
#1994 = CIRCLE ( 'NONE', #1920, 3.999999999999999112 ) ;
#1995 = DIRECTION ( 'NONE',  ( 0.000000000000000000, 0.000000000000000000, -1.000000000000000000 ) ) ;
#1996 = VERTEX_POINT ( 'NONE', #625 ) ;
#1997 = CARTESIAN_POINT ( 'NONE',  ( -0.4000000000000000222, 0.1000000000000000472, 0.7500000000000002220 ) ) ;
#1998 = CARTESIAN_POINT ( 'NONE',  ( -2.950000000000001066, 0.3000000000000000444, 4.150000000000001243 ) ) ;
#1999 = CARTESIAN_POINT ( 'NONE',  ( 2.499999999999999556, 10.34009239333055064, -2.957194116054616018 ) ) ;
#2000 = EDGE_CURVE ( 'NONE', #1853, #1779, #799, .T. ) ;
#2001 = CARTESIAN_POINT ( 'NONE',  ( -4.149999999999999467, 0.3000000000000000444, 0.7500000000000008882 ) ) ;
#2002 = EDGE_LOOP ( 'NONE', ( #302, #1555, #1529 ) ) ;
#2003 = CARTESIAN_POINT ( 'NONE',  ( 2.500000000000000000, 10.45349915503625837, -2.752938975865239168 ) ) ;
#2004 = ORIENTED_EDGE ( 'NONE', *, *, #88, .F. ) ;
#2005 = LINE ( 'NONE', #1869, #1094 ) ;
#2006 = CARTESIAN_POINT ( 'NONE',  ( 2.149999999999999467, 0.4000000000000000222, -2.500000000000000000 ) ) ;
#2007 = DIRECTION ( 'NONE',  ( 0.000000000000000000, 0.000000000000000000, -1.000000000000000000 ) ) ;
#2008 = ORIENTED_EDGE ( 'NONE', *, *, #696, .T. ) ;
#2009 = ORIENTED_EDGE ( 'NONE', *, *, #1124, .T. ) ;
#2010 = EDGE_LOOP ( 'NONE', ( #2295, #783, #1109, #1845 ) ) ;
#2011 = DIRECTION ( 'NONE',  ( 0.7071067811865473507, 0.000000000000000000, 0.7071067811865477948 ) ) ;
#2012 = EDGE_CURVE ( 'NONE', #910, #377, #838, .T. ) ;
#2013 = CARTESIAN_POINT ( 'NONE',  ( 4.592425496802573972E-16, 10.49999999999999822, 3.500000000000000000 ) ) ;
#2014 = EDGE_LOOP ( 'NONE', ( #469, #1815, #1541, #1802 ) ) ;
#2015 = CARTESIAN_POINT ( 'NONE',  ( 4.000000000000000888, 1.500000000000000000, 0.000000000000000000 ) ) ;
#2016 = DIRECTION ( 'NONE',  ( -1.470104640658311494E-16, 0.000000000000000000, -1.000000000000000000 ) ) ;
#2017 =( NAMED_UNIT ( * ) PLANE_ANGLE_UNIT ( ) SI_UNIT ( $, .RADIAN. ) );
#2018 = VECTOR ( 'NONE', #890, 1000.000000000000000 ) ;
#2019 = ORIENTED_EDGE ( 'NONE', *, *, #665, .T. ) ;
#2020 = CARTESIAN_POINT ( 'NONE',  ( 1.739971264130529160, 1.899999999999999911, 4.150000000000002132 ) ) ;
#2021 = VECTOR ( 'NONE', #1451, 1000.000000000000000 ) ;
#2022 = EDGE_CURVE ( 'NONE', #323, #573, #2219, .T. ) ;
#2023 = VECTOR ( 'NONE', #1067, 1000.000000000000000 ) ;
#2024 = ORIENTED_EDGE ( 'NONE', *, *, #1962, .F. ) ;
#2025 = CIRCLE ( 'NONE', #862, 0.4750000000000008660 ) ;
#2026 = CARTESIAN_POINT ( 'NONE',  ( 0.000000000000000000, 2.896446609406724715, 0.000000000000000000 ) ) ;
#2027 = STYLED_ITEM ( 'NONE', ( #345 ), #162 ) ;
#2028 = ADVANCED_FACE ( 'NONE', ( #1733 ), #1563, .F. ) ;
#2029 = VERTEX_POINT ( 'NONE', #1380 ) ;
#2030 = VECTOR ( 'NONE', #468, 1000.000000000000000 ) ;
#2031 = CARTESIAN_POINT ( 'NONE',  ( -4.449999999999998401, 0.4000000000000000222, -0.4749999999999999778 ) ) ;
#2032 = EDGE_CURVE ( 'NONE', #1138, #1265, #268, .T. ) ;
#2033 = CARTESIAN_POINT ( 'NONE',  ( -2.150000000000000799, 0.4000000000000000222, -3.100000000000000089 ) ) ;
#2034 = FACE_OUTER_BOUND ( 'NONE', #263, .T. ) ;
#2035 =( LENGTH_UNIT ( ) NAMED_UNIT ( * ) SI_UNIT ( .MILLI., .METRE. ) );
#2036 = ORIENTED_EDGE ( 'NONE', *, *, #550, .T. ) ;
#2037 = DIRECTION ( 'NONE',  ( 0.000000000000000000, 0.000000000000000000, -1.000000000000000000 ) ) ;
#2038 = ORIENTED_EDGE ( 'NONE', *, *, #1593, .T. ) ;
#2039 = CARTESIAN_POINT ( 'NONE',  ( -4.150000000000002132, 1.899999999999999911, 1.739971264130527384 ) ) ;
#2040 = EDGE_LOOP ( 'NONE', ( #892, #852, #850, #709 ) ) ;
#2041 = EDGE_CURVE ( 'NONE', #1180, #664, #347, .T. ) ;
#2042 = CYLINDRICAL_SURFACE ( 'NONE', #414, 4.500000000000000000 ) ;
#2043 = DIRECTION ( 'NONE',  ( 0.000000000000000000, 0.000000000000000000, -1.000000000000000000 ) ) ;
#2044 = DIRECTION ( 'NONE',  ( 0.000000000000000000, 1.000000000000000000, -0.000000000000000000 ) ) ;
#2045 = EDGE_LOOP ( 'NONE', ( #1412, #582 ) ) ;
#2046 = CARTESIAN_POINT ( 'NONE',  ( 2.500000000000000000, 10.49999999999999822, 2.449489742783178325 ) ) ;
#2047 = VERTEX_POINT ( 'NONE', #847 ) ;
#2048 = LINE ( 'NONE', #1879, #192 ) ;
#2049 = EDGE_CURVE ( 'NONE', #747, #1382, #2055, .T. ) ;
#2050 = DIRECTION ( 'NONE',  ( -0.000000000000000000, -1.000000000000000000, -0.000000000000000000 ) ) ;
#2051 = LINE ( 'NONE', #1707, #1321 ) ;
#2052 = PRODUCT_CONTEXT ( 'NONE', #606, 'mechanical' ) ;
#2053 = EDGE_CURVE ( 'NONE', #1382, #1151, #2278, .T. ) ;
#2054 = CARTESIAN_POINT ( 'NONE',  ( -4.149999999999999467, 0.4000000000000000222, -0.7500000000000008882 ) ) ;
#2055 = LINE ( 'NONE', #448, #82 ) ;
#2056 = ORIENTED_EDGE ( 'NONE', *, *, #289, .F. ) ;
#2057 = DIRECTION ( 'NONE',  ( -0.000000000000000000, -1.000000000000000000, -0.000000000000000000 ) ) ;
#2058 = CONICAL_SURFACE ( 'NONE', #186, 3.746446609406729245, 0.7853981633974604915 ) ;
#2059 = ORIENTED_EDGE ( 'NONE', *, *, #2049, .T. ) ;
#2060 = CIRCLE ( 'NONE', #1544, 4.500000000000000000 ) ;
#2061 = AXIS2_PLACEMENT_3D ( 'NONE', #796, #1160, #93 ) ;
#2062 = CARTESIAN_POINT ( 'NONE',  ( 0.000000000000000000, 1.899999999999999911, 0.000000000000000000 ) ) ;
#2063 = AXIS2_PLACEMENT_3D ( 'NONE', #1454, #1239, #702 ) ;
#2064 = FACE_OUTER_BOUND ( 'NONE', #1236, .T. ) ;
#2065 = CARTESIAN_POINT ( 'NONE',  ( -2.150000000000000799, 0.3000000000000000444, -2.500000000000000000 ) ) ;
#2066 = CIRCLE ( 'NONE', #1698, 3.746446609406729689 ) ;
#2067 = CARTESIAN_POINT ( 'NONE',  ( 2.500000000000000000, 10.49999999999999822, 2.449489742783178325 ) ) ;
#2068 = CARTESIAN_POINT ( 'NONE',  ( 0.000000000000000000, 1.500000000000000000, 0.000000000000000000 ) ) ;
#2069 = VERTEX_POINT ( 'NONE', #1929 ) ;
#2070 = CARTESIAN_POINT ( 'NONE',  ( 0.000000000000000000, 2.435786437626909162, -4.000000000000000888 ) ) ;
#2071 = ORIENTED_EDGE ( 'NONE', *, *, #1784, .T. ) ;
#2072 = DIRECTION ( 'NONE',  ( 0.000000000000000000, 0.000000000000000000, 1.000000000000000000 ) ) ;
#2073 = ORIENTED_EDGE ( 'NONE', *, *, #1430, .T. ) ;
#2074 = DIRECTION ( 'NONE',  ( 0.000000000000000000, 0.000000000000000000, 1.000000000000000000 ) ) ;
#2075 = DIRECTION ( 'NONE',  ( -0.000000000000000000, -1.000000000000000000, -0.000000000000000000 ) ) ;
#2076 = CARTESIAN_POINT ( 'NONE',  ( -2.150000000000000799, 0.4000000000000000222, -1.900000000000000133 ) ) ;
#2077 = ORIENTED_EDGE ( 'NONE', *, *, #693, .F. ) ;
#2078 = CARTESIAN_POINT ( 'NONE',  ( 2.025000000000002576, 0.4000000000000000222, -0.4750000000000008660 ) ) ;
#2079 = DIRECTION ( 'NONE',  ( -0.000000000000000000, -1.000000000000000000, -0.000000000000000000 ) ) ;
#2080 = ORIENTED_EDGE ( 'NONE', *, *, #200, .T. ) ;
#2081 = ADVANCED_FACE ( 'NONE', ( #85 ), #1173, .F. ) ;
#2082 = DIRECTION ( 'NONE',  ( 0.000000000000000000, 0.000000000000000000, -1.000000000000000000 ) ) ;
#2083 = ORIENTED_EDGE ( 'NONE', *, *, #782, .T. ) ;
#2084 = LINE ( 'NONE', #1029, #597 ) ;
#2085 = CARTESIAN_POINT ( 'NONE',  ( 0.000000000000000000, 3.250000000000000444, 0.000000000000000000 ) ) ;
#2086 = PLANE ( 'NONE',  #674 ) ;
#2087 = CARTESIAN_POINT ( 'NONE',  ( 0.000000000000000000, 10.49999999999999822, 0.000000000000000000 ) ) ;
#2088 = ORIENTED_EDGE ( 'NONE', *, *, #1453, .F. ) ;
#2089 = FACE_OUTER_BOUND ( 'NONE', #1193, .T. ) ;
#2090 = EDGE_LOOP ( 'NONE', ( #1600, #687, #2126, #256 ) ) ;
#2091 = FACE_OUTER_BOUND ( 'NONE', #2002, .T. ) ;
#2092 = ADVANCED_FACE ( 'NONE', ( #636 ), #1357, .T. ) ;
#2093 = ORIENTED_EDGE ( 'NONE', *, *, #1456, .F. ) ;
#2094 = AXIS2_PLACEMENT_3D ( 'NONE', #247, #1483, #2183 ) ;
#2095 = DIRECTION ( 'NONE',  ( 0.000000000000000000, 0.000000000000000000, -1.000000000000000000 ) ) ;
#2096 = COLOUR_RGB ( '',0.7921568627450980005, 0.8196078431372548767, 0.9333333333333333481 ) ;
#2097 = ADVANCED_FACE ( 'NONE', ( #907 ), #233, .F. ) ;
#2098 = CIRCLE ( 'NONE', #2063, 0.5999999999999998668 ) ;
#2099 = SURFACE_STYLE_USAGE ( .BOTH. , #1605 ) ;
#2100 = LINE ( 'NONE', #1224, #936 ) ;
#2101 = DIRECTION ( 'NONE',  ( 0.000000000000000000, 0.000000000000000000, -1.000000000000000000 ) ) ;
#2102 = CIRCLE ( 'NONE', #760, 4.500000000000000000 ) ;
#2103 = AXIS2_PLACEMENT_3D ( 'NONE', #1607, #1763, #1407 ) ;
#2104 = VERTEX_POINT ( 'NONE', #1069 ) ;
#2105 = DIRECTION ( 'NONE',  ( -0.000000000000000000, -1.000000000000000000, -0.000000000000000000 ) ) ;
#2106 = ORIENTED_EDGE ( 'NONE', *, *, #1712, .T. ) ;
#2107 = LINE ( 'NONE', #182, #1516 ) ;
#2108 = ORIENTED_EDGE ( 'NONE', *, *, #1811, .T. ) ;
#2109 = CARTESIAN_POINT ( 'NONE',  ( -2.025000000000002576, 0.000000000000000000, 1.796982373610909400E-20 ) ) ;
#2110 = EDGE_CURVE ( 'NONE', #795, #2237, #1552, .T. ) ;
#2111 = ADVANCED_FACE ( 'NONE', ( #1460 ), #891, .T. ) ;
#2112 = CARTESIAN_POINT ( 'NONE',  ( 2.500000000000000000, 9.999999999999998224, 3.122498999199198266 ) ) ;
#2113 = ORIENTED_EDGE ( 'NONE', *, *, #1771, .T. ) ;
#2114 = FACE_OUTER_BOUND ( 'NONE', #770, .T. ) ;
#2115 = VERTEX_POINT ( 'NONE', #880 ) ;
#2116 = PLANE ( 'NONE',  #901 ) ;
#2117 = ORIENTED_EDGE ( 'NONE', *, *, #31, .T. ) ;
#2118 = DIRECTION ( 'NONE',  ( 0.000000000000000000, -1.000000000000000000, 0.000000000000000000 ) ) ;
#2119 = DIRECTION ( 'NONE',  ( -0.7071067811865473507, 0.000000000000000000, -0.7071067811865477948 ) ) ;
#2120 = EDGE_CURVE ( 'NONE', #664, #1180, #115, .T. ) ;
#2121 = SURFACE_STYLE_FILL_AREA ( #1233 ) ;
#2122 = CARTESIAN_POINT ( 'NONE',  ( -0.4000000000000000222, 0.1000000000000000472, -0.7500000000000002220 ) ) ;
#2123 = EDGE_CURVE ( 'NONE', #575, #286, #1448, .T. ) ;
#2124 = ORIENTED_EDGE ( 'NONE', *, *, #221, .T. ) ;
#2125 = LINE ( 'NONE', #349, #865 ) ;
#2126 = ORIENTED_EDGE ( 'NONE', *, *, #968, .F. ) ;
#2127 = DIRECTION ( 'NONE',  ( 0.000000000000000000, 0.000000000000000000, -1.000000000000000000 ) ) ;
#2128 = VECTOR ( 'NONE', #318, 1000.000000000000000 ) ;
#2129 = ORIENTED_EDGE ( 'NONE', *, *, #2012, .T. ) ;
#2130 = VECTOR ( 'NONE', #1347, 1000.000000000000000 ) ;
#2131 = CARTESIAN_POINT ( 'NONE',  ( 0.000000000000000000, 1.500000000000000000, -3.600000000000000977 ) ) ;
#2132 = AXIS2_PLACEMENT_3D ( 'NONE', #1493, #1830, #765 ) ;
#2133 = CARTESIAN_POINT ( 'NONE',  ( -4.149999999999999467, 0.4000000000000000222, 0.7500000000000008882 ) ) ;
#2134 = DIRECTION ( 'NONE',  ( 0.000000000000000000, 0.000000000000000000, -1.000000000000000000 ) ) ;
#2135 = CARTESIAN_POINT ( 'NONE',  ( -4.150000000000002132, 0.3000000000000000444, -2.949999999999998845 ) ) ;
#2136 = VECTOR ( 'NONE', #2229, 1000.000000000000000 ) ;
#2137 = PRESENTATION_LAYER_ASSIGNMENT (  '', '', ( #899 ) ) ;
#2138 = ORIENTED_EDGE ( 'NONE', *, *, #986, .F. ) ;
#2139 = AXIS2_PLACEMENT_3D ( 'NONE', #726, #2161, #870 ) ;
#2140 = ORIENTED_EDGE ( 'NONE', *, *, #1704, .F. ) ;
#2141 = ADVANCED_FACE ( 'NONE', ( #1418 ), #156, .F. ) ;
#2142 = AXIS2_PLACEMENT_3D ( 'NONE', #1787, #1052, #1977 ) ;
#2143 = DIRECTION ( 'NONE',  ( 0.000000000000000000, 0.000000000000000000, -1.000000000000000000 ) ) ;
#2144 = ORIENTED_EDGE ( 'NONE', *, *, #730, .T. ) ;
#2145 = DIRECTION ( 'NONE',  ( -0.000000000000000000, -1.000000000000000000, -0.000000000000000000 ) ) ;
#2146 = ORIENTED_EDGE ( 'NONE', *, *, #1752, .T. ) ;
#2147 = FACE_OUTER_BOUND ( 'NONE', #639, .T. ) ;
#2148 = FACE_OUTER_BOUND ( 'NONE', #1952, .T. ) ;
#2149 = DIRECTION ( 'NONE',  ( 0.000000000000000000, 0.000000000000000000, -1.000000000000000000 ) ) ;
#2150 = PLANE ( 'NONE',  #908 ) ;
#2151 = ORIENTED_EDGE ( 'NONE', *, *, #10, .T. ) ;
#2152 = DIRECTION ( 'NONE',  ( -0.000000000000000000, -1.000000000000000000, -0.000000000000000000 ) ) ;
#2153 = LINE ( 'NONE', #912, #752 ) ;
#2154 = ADVANCED_FACE ( 'NONE', ( #2315 ), #5, .F. ) ;
#2155 = EDGE_LOOP ( 'NONE', ( #1228, #452, #759, #173 ) ) ;
#2156 = LINE ( 'NONE', #147, #1916 ) ;
#2157 = ORIENTED_EDGE ( 'NONE', *, *, #1843, .F. ) ;
#2158 = CARTESIAN_POINT ( 'NONE',  ( 0.000000000000000000, 3.450000000000000178, 0.000000000000000000 ) ) ;
#2159 = DIRECTION ( 'NONE',  ( -1.224646799147352468E-16, 0.000000000000000000, -1.000000000000000000 ) ) ;
#2160 = DIRECTION ( 'NONE',  ( -0.000000000000000000, -1.000000000000000000, -0.000000000000000000 ) ) ;
#2161 = DIRECTION ( 'NONE',  ( 0.000000000000000000, -1.000000000000000000, 0.000000000000000000 ) ) ;
#2162 = ORIENTED_EDGE ( 'NONE', *, *, #1030, .F. ) ;
#2163 = DIRECTION ( 'NONE',  ( -0.000000000000000000, -1.000000000000000000, -0.000000000000000000 ) ) ;
#2164 = DIRECTION ( 'NONE',  ( -1.000000000000000000, 0.000000000000000000, 0.000000000000000000 ) ) ;
#2165 = ORIENTED_EDGE ( 'NONE', *, *, #1145, .F. ) ;
#2166 = CARTESIAN_POINT ( 'NONE',  ( 2.149999999999999023, 0.3000000000000000444, 2.500000000000000000 ) ) ;
#2167 = ORIENTED_EDGE ( 'NONE', *, *, #2000, .F. ) ;
#2168 = EDGE_CURVE ( 'NONE', #1738, #2069, #1949, .T. ) ;
#2169 = CARTESIAN_POINT ( 'NONE',  ( 4.149999999999999467, 2.299999999999999822, 1.739971264130532713 ) ) ;
#2170 = AXIS2_PLACEMENT_3D ( 'NONE', #330, #1001, #1204 ) ;
#2171 = PLANE ( 'NONE',  #1013 ) ;
#2172 = DIRECTION ( 'NONE',  ( 1.000000000000000000, 0.000000000000000000, -1.224646799147353207E-16 ) ) ;
#2173 = VECTOR ( 'NONE', #1603, 1000.000000000000000 ) ;
#2174 = PRODUCT ( '35TZV220M8X10.5', '35TZV220M8X10.5', '', ( #2052 ) ) ;
#2175 = FACE_OUTER_BOUND ( 'NONE', #2045, .T. ) ;
#2176 = VECTOR ( 'NONE', #316, 1000.000000000000000 ) ;
#2177 = AXIS2_PLACEMENT_3D ( 'NONE', #386, #1822, #911 ) ;
#2178 = VECTOR ( 'NONE', #1024, 1000.000000000000000 ) ;
#2179 = ORIENTED_EDGE ( 'NONE', *, *, #1672, .T. ) ;
#2180 = VECTOR ( 'NONE', #1225, 1000.000000000000000 ) ;
#2181 = DIRECTION ( 'NONE',  ( 0.000000000000000000, 0.000000000000000000, 1.000000000000000000 ) ) ;
#2182 = ORIENTED_EDGE ( 'NONE', *, *, #1899, .F. ) ;
#2183 = DIRECTION ( 'NONE',  ( 0.000000000000000000, 0.000000000000000000, -1.000000000000000000 ) ) ;
#2184 = EDGE_CURVE ( 'NONE', #1817, #1114, #530, .T. ) ;
#2185 = DIRECTION ( 'NONE',  ( 1.000000000000000000, 0.000000000000000000, 0.000000000000000000 ) ) ;
#2186 = DIRECTION ( 'NONE',  ( -1.000000000000000000, 0.000000000000000000, 3.576749435003731996E-16 ) ) ;
#2187 = ADVANCED_FACE ( 'NONE', ( #1091 ), #2150, .T. ) ;
#2188 = ORIENTED_EDGE ( 'NONE', *, *, #7, .T. ) ;
#2189 = DIRECTION ( 'NONE',  ( 0.000000000000000000, 0.000000000000000000, -1.000000000000000000 ) ) ;
#2190 = LINE ( 'NONE', #922, #637 ) ;
#2191 = ORIENTED_EDGE ( 'NONE', *, *, #1606, .F. ) ;
#2192 = DIRECTION ( 'NONE',  ( -0.000000000000000000, -1.000000000000000000, -0.000000000000000000 ) ) ;
#2193 = EDGE_LOOP ( 'NONE', ( #800, #373, #1408, #1575 ) ) ;
#2194 = CARTESIAN_POINT ( 'NONE',  ( -2.025000000000002576, 0.4000000000000000222, 0.4750000000000008660 ) ) ;
#2195 = DIRECTION ( 'NONE',  ( 3.576749435003731996E-16, 0.000000000000000000, -1.000000000000000000 ) ) ;
#2196 = EDGE_CURVE ( 'NONE', #1902, #1933, #653, .T. ) ;
#2197 = EDGE_LOOP ( 'NONE', ( #1777, #1361, #659, #2191 ) ) ;
#2198 = DIRECTION ( 'NONE',  ( 1.000000000000000000, 0.000000000000000000, -3.576749435003731996E-16 ) ) ;
#2199 = CARTESIAN_POINT ( 'NONE',  ( 2.464095846557961009E-17, 10.49999999999999822, 0.000000000000000000 ) ) ;
#2200 = EDGE_CURVE ( 'NONE', #819, #2308, #191, .T. ) ;
#2201 = ORIENTED_EDGE ( 'NONE', *, *, #1469, .T. ) ;
#2202 = EDGE_CURVE ( 'NONE', #1508, #89, #515, .T. ) ;
#2203 = LINE ( 'NONE', #1511, #1586 ) ;
#2204 = EDGE_LOOP ( 'NONE', ( #456, #1851 ) ) ;
#2205 = DIRECTION ( 'NONE',  ( 0.000000000000000000, 0.000000000000000000, 1.000000000000000000 ) ) ;
#2206 = SURFACE_SIDE_STYLE ('',( #930 ) ) ;
#2207 = CIRCLE ( 'NONE', #297, 0.5999999999999998668 ) ;
#2208 = VERTEX_POINT ( 'NONE', #1282 ) ;
#2209 = FILL_AREA_STYLE ('',( #1316 ) ) ;
#2210 = AXIS2_PLACEMENT_3D ( 'NONE', #587, #1976, #206 ) ;
#2211 = AXIS2_PLACEMENT_3D ( 'NONE', #1258, #564, #1279 ) ;
#2212 = EDGE_LOOP ( 'NONE', ( #1220, #1348 ) ) ;
#2213 = CIRCLE ( 'NONE', #2061, 4.500000000000000000 ) ;
#2214 = CARTESIAN_POINT ( 'NONE',  ( -2.950000000000001066, 0.3000000000000000444, 4.150000000000001243 ) ) ;
#2215 = CIRCLE ( 'NONE', #981, 0.5000000000000000000 ) ;
#2216 = FACE_OUTER_BOUND ( 'NONE', #731, .T. ) ;
#2217 = CIRCLE ( 'NONE', #105, 4.000000000000001776 ) ;
#2218 = ORIENTED_EDGE ( 'NONE', *, *, #1014, .T. ) ;
#2219 = CIRCLE ( 'NONE', #1293, 4.500000000000000000 ) ;
#2220 = DIRECTION ( 'NONE',  ( 0.000000000000000000, -1.000000000000000000, 0.000000000000000000 ) ) ;
#2221 = VECTOR ( 'NONE', #1472, 1000.000000000000000 ) ;
#2222 = DIRECTION ( 'NONE',  ( 0.000000000000000000, 1.000000000000000000, 0.000000000000000000 ) ) ;
#2223 = LINE ( 'NONE', #1158, #2130 ) ;
#2224 = CARTESIAN_POINT ( 'NONE',  ( -2.950000000000001066, 0.3000000000000000444, 4.150000000000001243 ) ) ;
#2225 = ORIENTED_EDGE ( 'NONE', *, *, #1346, .T. ) ;
#2226 =( LENGTH_UNIT ( ) NAMED_UNIT ( * ) SI_UNIT ( .MILLI., .METRE. ) );
#2227 = ORIENTED_EDGE ( 'NONE', *, *, #2123, .T. ) ;
#2228 = CARTESIAN_POINT ( 'NONE',  ( 0.000000000000000000, 0.4000000000000000222, 0.000000000000000000 ) ) ;
#2229 = DIRECTION ( 'NONE',  ( -0.000000000000000000, -0.000000000000000000, -1.000000000000000000 ) ) ;
#2230 = EDGE_CURVE ( 'NONE', #1382, #1114, #1988, .T. ) ;
#2231 = ORIENTED_EDGE ( 'NONE', *, *, #466, .T. ) ;
#2232 = CARTESIAN_POINT ( 'NONE',  ( 0.000000000000000000, 2.299999999999999822, 0.000000000000000000 ) ) ;
#2233 = DIRECTION ( 'NONE',  ( -0.000000000000000000, -1.000000000000000000, -0.000000000000000000 ) ) ;
#2234 = DIRECTION ( 'NONE',  ( -0.000000000000000000, -1.000000000000000000, -0.000000000000000000 ) ) ;
#2235 = LINE ( 'NONE', #2054, #677 ) ;
#2236 = CARTESIAN_POINT ( 'NONE',  ( -2.150000000000000799, 0.4000000000000000222, 2.500000000000000000 ) ) ;
#2237 = VERTEX_POINT ( 'NONE', #505 ) ;
#2238 = CARTESIAN_POINT ( 'NONE',  ( 0.000000000000000000, 10.00000000000000000, 0.000000000000000000 ) ) ;
#2239 = DIRECTION ( 'NONE',  ( 0.000000000000000000, 0.000000000000000000, -1.000000000000000000 ) ) ;
#2240 = EDGE_LOOP ( 'NONE', ( #362, #62, #1300, #1931 ) ) ;
#2241 = CARTESIAN_POINT ( 'NONE',  ( -4.150000000000002132, 1.899999999999999911, -2.949999999999997069 ) ) ;
#2242 = LINE ( 'NONE', #1183, #341 ) ;
#2243 = CARTESIAN_POINT ( 'NONE',  ( 0.000000000000000000, 2.299999999999999822, 0.000000000000000000 ) ) ;
#2244 = VERTEX_POINT ( 'NONE', #1938 ) ;
#2245 = CARTESIAN_POINT ( 'NONE',  ( 4.408728476930473124E-16, 3.250000000000000444, 3.600000000000000977 ) ) ;
#2246 = AXIS2_PLACEMENT_3D ( 'NONE', #23, #878, #1984 ) ;
#2247 = EDGE_LOOP ( 'NONE', ( #626, #810, #267, #617, #1452, #56, #558 ) ) ;
#2248 = AXIS2_PLACEMENT_3D ( 'NONE', #2015, #213, #1303 ) ;
#2249 = MECHANICAL_DESIGN_GEOMETRIC_PRESENTATION_REPRESENTATION (  '', ( #2027 ), #1135 ) ;
#2250 = B_SPLINE_CURVE_WITH_KNOTS ( 'NONE', 3,
 ( #416, #1708, #447, #1171, #1885, #261, #635, #2067 ),
 .UNSPECIFIED., .F., .F.,
 ( 4, 2, 2, 4 ),
 ( 0.001983601117606919196, 0.002214812249177590484, 0.002446023380748261339, 0.002908445643889600880 ),
 .UNSPECIFIED. ) ;
#2251 = DIRECTION ( 'NONE',  ( 4.928191693115926948E-17, 1.000000000000000000, 0.000000000000000000 ) ) ;
#2252 = CIRCLE ( 'NONE', #1625, 0.4750000000000008660 ) ;
#2253 = CARTESIAN_POINT ( 'NONE',  ( 4.149999999999999467, 1.500000000000000000, 4.150000000000003020 ) ) ;
#2254 = LINE ( 'NONE', #239, #563 ) ;
#2255 = VECTOR ( 'NONE', #440, 1000.000000000000000 ) ;
#2256 = EDGE_CURVE ( 'NONE', #654, #236, #333, .T. ) ;
#2257 = CARTESIAN_POINT ( 'NONE',  ( 4.898587196589413815E-16, 1.500000000000000000, 4.000000000000000888 ) ) ;
#2258 = DIRECTION ( 'NONE',  ( 0.000000000000000000, 0.000000000000000000, -1.000000000000000000 ) ) ;
#2259 = EDGE_CURVE ( 'NONE', #1598, #2297, #1735, .T. ) ;
#2260 = EDGE_LOOP ( 'NONE', ( #2157, #840, #973, #22, #2262, #307, #126, #1433 ) ) ;
#2261 = CARTESIAN_POINT ( 'NONE',  ( -4.149999999999999467, 0.4000000000000000222, -0.7500000000000008882 ) ) ;
#2262 = ORIENTED_EDGE ( 'NONE', *, *, #1688, .F. ) ;
#2263 = CARTESIAN_POINT ( 'NONE',  ( -0.4000000000000000222, 0.4000000000000000222, -0.7500000000000002220 ) ) ;
#2264 = ORIENTED_EDGE ( 'NONE', *, *, #140, .F. ) ;
#2265 = CARTESIAN_POINT ( 'NONE',  ( 0.000000000000000000, 2.896446609406724715, -3.746446609406729245 ) ) ;
#2266 = CARTESIAN_POINT ( 'NONE',  ( 0.000000000000000000, 10.00000000000000000, -3.500000000000000000 ) ) ;
#2267 = ADVANCED_FACE ( 'NONE', ( #1682 ), #226, .T. ) ;
#2268 = ORIENTED_EDGE ( 'NONE', *, *, #2000, .T. ) ;
#2269 = LINE ( 'NONE', #2078, #1655 ) ;
#2270 = EDGE_CURVE ( 'NONE', #1083, #1439, #1810, .T. ) ;
#2271 = DIRECTION ( 'NONE',  ( 1.000000000000000000, 0.000000000000000000, 0.000000000000000000 ) ) ;
#2272 = ORIENTED_EDGE ( 'NONE', *, *, #2256, .T. ) ;
#2273 = EDGE_CURVE ( 'NONE', #1888, #1736, #792, .T. ) ;
#2274 = DIRECTION ( 'NONE',  ( 0.000000000000000000, 1.000000000000000000, -0.000000000000000000 ) ) ;
#2275 = ORIENTED_EDGE ( 'NONE', *, *, #1202, .F. ) ;
#2276 = PLANE ( 'NONE',  #2170 ) ;
#2277 =( NAMED_UNIT ( * ) SI_UNIT ( $, .STERADIAN. ) SOLID_ANGLE_UNIT ( ) );
#2278 = LINE ( 'NONE', #994, #2180 ) ;
#2279 = ORIENTED_EDGE ( 'NONE', *, *, #1662, .T. ) ;
#2280 = CARTESIAN_POINT ( 'NONE',  ( 0.000000000000000000, 10.00000000000000000, 0.000000000000000000 ) ) ;
#2281 = ADVANCED_FACE ( 'NONE', ( #207 ), #683, .T. ) ;
#2282 = TOROIDAL_SURFACE ( 'NONE', #672, 4.100000000000001421, 0.5000000000000000000 ) ;
#2283 = ORIENTED_EDGE ( 'NONE', *, *, #1647, .T. ) ;
#2284 =( NAMED_UNIT ( * ) SI_UNIT ( $, .STERADIAN. ) SOLID_ANGLE_UNIT ( ) );
#2285 = MECHANICAL_DESIGN_GEOMETRIC_PRESENTATION_REPRESENTATION (  '', ( #1691 ), #1619 ) ;
#2286 = CARTESIAN_POINT ( 'NONE',  ( -2.150000000000000799, 0.4000000000000000222, -2.500000000000000000 ) ) ;
#2287 = VERTEX_POINT ( 'NONE', #25 ) ;
#2288 = CIRCLE ( 'NONE', #1287, 3.600000000000000977 ) ;
#2289 = PRESENTATION_LAYER_ASSIGNMENT (  '', '', ( #453 ) ) ;
#2290 = VECTOR ( 'NONE', #1301, 1000.000000000000000 ) ;
#2291 = CARTESIAN_POINT ( 'NONE',  ( -1.698955981626778343E-16, 0.4000000000000000222, 0.4750000000000015876 ) ) ;
#2292 = DIRECTION ( 'NONE',  ( 0.000000000000000000, -1.000000000000000000, 0.000000000000000000 ) ) ;
#2293 = AXIS2_PLACEMENT_3D ( 'NONE', #671, #1551, #1719 ) ;
#2294 = STYLED_ITEM ( 'NONE', ( #757 ), #1104 ) ;
#2295 = ORIENTED_EDGE ( 'NONE', *, *, #1665, .T. ) ;
#2296 = DIRECTION ( 'NONE',  ( 0.000000000000000000, 0.000000000000000000, -1.000000000000000000 ) ) ;
#2297 = VERTEX_POINT ( 'NONE', #1121 ) ;
#2298 = EDGE_CURVE ( 'NONE', #1611, #2029, #199, .T. ) ;
#2299 = CYLINDRICAL_SURFACE ( 'NONE', #1481, 0.5999999999999998668 ) ;
#2300 = ORIENTED_EDGE ( 'NONE', *, *, #611, .T. ) ;
#2301 = CARTESIAN_POINT ( 'NONE',  ( -2.025000000000002576, 0.000000000000000000, 0.4750000000000008660 ) ) ;
#2302 = EDGE_CURVE ( 'NONE', #1911, #2244, #69, .T. ) ;
#2303 = CARTESIAN_POINT ( 'NONE',  ( -4.150000000000001243, 0.3000000000000000444, 2.950000000000000178 ) ) ;
#2304 = LINE ( 'NONE', #121, #607 ) ;
#2305 = CARTESIAN_POINT ( 'NONE',  ( 1.698955981626778343E-16, 0.4000000000000000222, 0.4750000000000015876 ) ) ;
#2306 = ORIENTED_EDGE ( 'NONE', *, *, #785, .F. ) ;
#2307 = CARTESIAN_POINT ( 'NONE',  ( 0.000000000000000000, 10.00000000000000000, 0.000000000000000000 ) ) ;
#2308 = VERTEX_POINT ( 'NONE', #59 ) ;
#2309 = DIRECTION ( 'NONE',  ( 0.000000000000000000, 0.000000000000000000, -1.000000000000000000 ) ) ;
#2310 = EDGE_LOOP ( 'NONE', ( #813, #2108, #1587, #398 ) ) ;
#2311 = DIRECTION ( 'NONE',  ( 0.000000000000000000, -0.000000000000000000, -1.000000000000000000 ) ) ;
#2312 = LINE ( 'NONE', #543, #827 ) ;
#2313 = EDGE_CURVE ( 'NONE', #1455, #855, #987, .T. ) ;
#2314 = CARTESIAN_POINT ( 'NONE',  ( 0.000000000000000000, 1.500000000000000000, 0.000000000000000000 ) ) ;
#2315 = FACE_OUTER_BOUND ( 'NONE', #2310, .T. ) ;
#2316 = ORIENTED_EDGE ( 'NONE', *, *, #1450, .F. ) ;
#2317 = LINE ( 'NONE', #1072, #493 ) ;
#2318 = EDGE_LOOP ( 'NONE', ( #1218, #689, #425, #464 ) ) ;
#2319 = CARTESIAN_POINT ( 'NONE',  ( 0.000000000000000000, 2.435786437626909162, 0.000000000000000000 ) ) ;
#2320 = VECTOR ( 'NONE', #15, 1000.000000000000000 ) ;
#2321 = ORIENTED_EDGE ( 'NONE', *, *, #1717, .F. ) ;
#2322 = FACE_OUTER_BOUND ( 'NONE', #2212, .T. ) ;
#2323 = CIRCLE ( 'NONE', #1542, 4.500000000000000000 ) ;
#2324 = LINE ( 'NONE', #2131, #2023 ) ;
ENDSEC;
END-ISO-10303-21;
