ISO-10303-21;
HEADER;
FILE_DESCRIPTION (( 'STEP AP214' ),
    '1' );
FILE_NAME ('reoriented-SFV5R-1STE1HLF.STEP',
    '2023-07-28T09:56:28',
    ( '' ),
    ( '' ),
    'SwSTEP 2.0',
    'SolidWorks 2021',
    '' );
FILE_SCHEMA (( 'AUTOMOTIVE_DESIGN' ));
ENDSEC;

DATA;
#1 = PLANE ( 'NONE',  #96 ) ;
#2 = LINE ( 'NONE', #3961, #2291 ) ;
#3 = EDGE_CURVE ( 'NONE', #5061, #645, #5103, .T. ) ;
#4 = ORIENTED_EDGE ( 'NONE', *, *, #6209, .T. ) ;
#5 = CARTESIAN_POINT ( 'NONE',  ( 0.4050000000000008593, 0.5207565403230001166, 1.110655094915502961 ) ) ;
#6 = ORIENTED_EDGE ( 'NONE', *, *, #5249, .T. ) ;
#7 = FACE_OUTER_BOUND ( 'NONE', #4687, .T. ) ;
#8 = DIRECTION ( 'NONE',  ( -0.000000000000000000, 1.000000000000000000, -0.000000000000000000 ) ) ;
#9 = CARTESIAN_POINT ( 'NONE',  ( 0.1050000000000013561, 0.2500000000000000000, -2.099999999999997868 ) ) ;
#10 = VERTEX_POINT ( 'NONE', #2911 ) ;
#11 = CARTESIAN_POINT ( 'NONE',  ( 2.582216308760601375, 0.1999999999999998723, -0.8999999999999971356 ) ) ;
#12 = EDGE_CURVE ( 'NONE', #4470, #6315, #5791, .T. ) ;
#13 = ORIENTED_EDGE ( 'NONE', *, *, #4268, .T. ) ;
#14 = PLANE ( 'NONE',  #3706 ) ;
#15 = ORIENTED_EDGE ( 'NONE', *, *, #5271, .F. ) ;
#16 = VECTOR ( 'NONE', #1357, 1000.000000000000000 ) ;
#17 = CARTESIAN_POINT ( 'NONE',  ( 0.09500000000000133338, 0.1999999999999998723, -2.799999999999997602 ) ) ;
#18 = ORIENTED_EDGE ( 'NONE', *, *, #1376, .T. ) ;
#19 = DIRECTION ( 'NONE',  ( 0.000000000000000000, 0.000000000000000000, -1.000000000000000000 ) ) ;
#20 = DIRECTION ( 'NONE',  ( -0.000000000000000000, 1.000000000000000000, -0.000000000000000000 ) ) ;
#21 = AXIS2_PLACEMENT_3D ( 'NONE', #5478, #2142, #5617 ) ;
#22 = ORIENTED_EDGE ( 'NONE', *, *, #1005, .T. ) ;
#23 = CARTESIAN_POINT ( 'NONE',  ( -1.599999999999998090, 0.6050000000000003153, 1.750000000000002887 ) ) ;
#24 = ORIENTED_EDGE ( 'NONE', *, *, #181, .F. ) ;
#25 = CARTESIAN_POINT ( 'NONE',  ( -1.549999999999998490, 0.9354347826085001039, 1.200000000000004841 ) ) ;
#26 = DIRECTION ( 'NONE',  ( 1.000000000000000000, -0.000000000000000000, -0.000000000000000000 ) ) ;
#27 = AXIS2_PLACEMENT_3D ( 'NONE', #4092, #1356, #6826 ) ;
#28 = CARTESIAN_POINT ( 'NONE',  ( -1.094999999999998863, 2.313687436084066462E-13, -2.800000000000002043 ) ) ;
#29 = EDGE_LOOP ( 'NONE', ( #5671, #1040, #3985, #5986 ) ) ;
#30 = VECTOR ( 'NONE', #4364, 1000.000000000000000 ) ;
#31 = EDGE_CURVE ( 'NONE', #1800, #6452, #320, .T. ) ;
#32 = ORIENTED_EDGE ( 'NONE', *, *, #6094, .T. ) ;
#33 = ORIENTED_EDGE ( 'NONE', *, *, #4094, .F. ) ;
#34 = ORIENTED_EDGE ( 'NONE', *, *, #2143, .F. ) ;
#35 = DIRECTION ( 'NONE',  ( -1.000000000000000000, 0.000000000000000000, 0.000000000000000000 ) ) ;
#36 = CARTESIAN_POINT ( 'NONE',  ( -1.549999999999998490, 0.9550000000000000711, -0.5999999999999972022 ) ) ;
#37 = VECTOR ( 'NONE', #2488, 1000.000000000000114 ) ;
#38 = CARTESIAN_POINT ( 'NONE',  ( 0.09500000000000133338, 0.7926488764353972760, 1.237440573434730684 ) ) ;
#39 = CARTESIAN_POINT ( 'NONE',  ( 4.000000000000001776, 0.1600000000000001976, 0.7000000000000029532 ) ) ;
#40 = VECTOR ( 'NONE', #388, 999.9999999999998863 ) ;
#41 = ORIENTED_EDGE ( 'NONE', *, *, #6811, .F. ) ;
#42 = CARTESIAN_POINT ( 'NONE',  ( -1.094999999999998863, 0.6671189302731397319, 1.372529207435400744 ) ) ;
#43 = ORIENTED_EDGE ( 'NONE', *, *, #1232, .F. ) ;
#44 = DIRECTION ( 'NONE',  ( -1.000000000000000000, 0.000000000000000000, 0.000000000000000000 ) ) ;
#45 = CARTESIAN_POINT ( 'NONE',  ( 0.09500000000000133338, 1.620000000000000551, -2.099999999999997868 ) ) ;
#46 = ADVANCED_FACE ( 'NONE', ( #722 ), #6868, .F. ) ;
#47 = VECTOR ( 'NONE', #5468, 1000.000000000000000 ) ;
#48 = EDGE_CURVE ( 'NONE', #850, #4639, #252, .T. ) ;
#49 = CARTESIAN_POINT ( 'NONE',  ( 1.500000000000001554, 0.6600000000000002531, 1.650000000000002798 ) ) ;
#50 = ORIENTED_EDGE ( 'NONE', *, *, #688, .F. ) ;
#51 = CARTESIAN_POINT ( 'NONE',  ( -0.8949999999999982414, 0.05000000000000012768, -1.399999999999997247 ) ) ;
#52 = ORIENTED_EDGE ( 'NONE', *, *, #3398, .T. ) ;
#53 = CARTESIAN_POINT ( 'NONE',  ( -1.414432617520998914, 0.4425000000000001710, -1.489999999999996882 ) ) ;
#54 = VECTOR ( 'NONE', #4967, 1000.000000000000000 ) ;
#55 = ORIENTED_EDGE ( 'NONE', *, *, #3664, .T. ) ;
#56 = CARTESIAN_POINT ( 'NONE',  ( 1.301042606982605321E-15, 0.1999999999999998723, -2.799999999999997602 ) ) ;
#57 = VERTEX_POINT ( 'NONE', #5210 ) ;
#58 = LINE ( 'NONE', #1680, #5612 ) ;
#59 = ORIENTED_EDGE ( 'NONE', *, *, #4384, .F. ) ;
#60 = CARTESIAN_POINT ( 'NONE',  ( 1.301042606982605321E-15, 1.169999999999993934, -2.299999999999983391 ) ) ;
#61 = ORIENTED_EDGE ( 'NONE', *, *, #7080, .T. ) ;
#62 = LINE ( 'NONE', #4945, #6064 ) ;
#63 = FACE_OUTER_BOUND ( 'NONE', #4417, .T. ) ;
#64 = DIRECTION ( 'NONE',  ( -1.000000000000000000, 0.000000000000000000, 0.000000000000000000 ) ) ;
#65 = VERTEX_POINT ( 'NONE', #6180 ) ;
#66 = ORIENTED_EDGE ( 'NONE', *, *, #4200, .T. ) ;
#67 = VERTEX_POINT ( 'NONE', #5640 ) ;
#68 = CARTESIAN_POINT ( 'NONE',  ( -1.514432617519998248, 0.2800000000000000822, -1.489999999999996882 ) ) ;
#69 = VERTEX_POINT ( 'NONE', #289 ) ;
#70 = LINE ( 'NONE', #2837, #4522 ) ;
#71 = CARTESIAN_POINT ( 'NONE',  ( -3.199999999999998845, 1.870000000000000107, 1.370000000000002993 ) ) ;
#72 = EDGE_CURVE ( 'NONE', #941, #1052, #2510, .T. ) ;
#73 = DIRECTION ( 'NONE',  ( 0.000000000000000000, 1.626303258735897755E-15, -1.000000000000000000 ) ) ;
#74 = CARTESIAN_POINT ( 'NONE',  ( 0.9050000000000008038, 1.620000000000004103, -2.100000000000000089 ) ) ;
#75 = ORIENTED_EDGE ( 'NONE', *, *, #2165, .F. ) ;
#76 = DIRECTION ( 'NONE',  ( -1.000000000000000000, 0.000000000000000000, 0.000000000000000000 ) ) ;
#77 = ORIENTED_EDGE ( 'NONE', *, *, #5187, .F. ) ;
#78 = DIRECTION ( 'NONE',  ( 0.000000000000000000, 0.000000000000000000, -1.000000000000000000 ) ) ;
#79 = DIRECTION ( 'NONE',  ( 0.000000000000000000, -1.000000000000000000, 0.000000000000000000 ) ) ;
#80 = CARTESIAN_POINT ( 'NONE',  ( 4.000000000000001776, 0.9100000000000000311, 0.7000000000000029532 ) ) ;
#81 = ORIENTED_EDGE ( 'NONE', *, *, #2474, .T. ) ;
#82 = CARTESIAN_POINT ( 'NONE',  ( -2.299999999999998046, 0.5500000000000001554, 1.370000000000002993 ) ) ;
#83 = VERTEX_POINT ( 'NONE', #1401 ) ;
#84 = DIRECTION ( 'NONE',  ( 1.000000000000000000, -0.000000000000000000, -0.000000000000000000 ) ) ;
#85 = ADVANCED_FACE ( 'NONE', ( #2369 ), #5137, .F. ) ;
#86 = ORIENTED_EDGE ( 'NONE', *, *, #4735, .F. ) ;
#87 = DIRECTION ( 'NONE',  ( -0.000000000000000000, 1.000000000000000000, -0.000000000000000000 ) ) ;
#88 = DIRECTION ( 'NONE',  ( -0.9979524846467033861, 0.000000000000000000, -0.06395966219009686926 ) ) ;
#89 = ORIENTED_EDGE ( 'NONE', *, *, #6282, .F. ) ;
#90 = DIRECTION ( 'NONE',  ( -1.000000000000000000, 0.000000000000000000, 0.000000000000000000 ) ) ;
#91 = ORIENTED_EDGE ( 'NONE', *, *, #4251, .F. ) ;
#92 = CARTESIAN_POINT ( 'NONE',  ( -1.369999999999998774, 0.9600000000000001865, -2.099999999999997868 ) ) ;
#93 = CARTESIAN_POINT ( 'NONE',  ( 0.4050000000000008593, 0.8099999999999997202, -0.6999999999999970690 ) ) ;
#94 = EDGE_CURVE ( 'NONE', #4443, #3975, #2015, .T. ) ;
#95 = ADVANCED_FACE ( 'NONE', ( #2582 ), #4777, .F. ) ;
#96 = AXIS2_PLACEMENT_3D ( 'NONE', #2307, #5031, #6152 ) ;
#97 = CARTESIAN_POINT ( 'NONE',  ( -1.094999999999998863, 0.2500000000000000000, -1.989999999999996882 ) ) ;
#98 = VECTOR ( 'NONE', #1462, 1000.000000000000000 ) ;
#99 = VECTOR ( 'NONE', #392, 1000.000000000000000 ) ;
#100 = ORIENTED_EDGE ( 'NONE', *, *, #6605, .F. ) ;
#101 = ORIENTED_EDGE ( 'NONE', *, *, #1326, .T. ) ;
#102 = ORIENTED_EDGE ( 'NONE', *, *, #972, .F. ) ;
#103 = PLANE ( 'NONE',  #1058 ) ;
#104 = EDGE_CURVE ( 'NONE', #5397, #2238, #4230, .T. ) ;
#105 = EDGE_LOOP ( 'NONE', ( #4, #5467, #3291, #733 ) ) ;
#106 = LINE ( 'NONE', #6039, #3263 ) ;
#107 = VECTOR ( 'NONE', #5255, 1000.000000000000000 ) ;
#108 = LINE ( 'NONE', #580, #4240 ) ;
#109 = VECTOR ( 'NONE', #523, 1000.000000000000227 ) ;
#110 = DIRECTION ( 'NONE',  ( 0.000000000000000000, -0.05233595624254735318, -0.9986295347545945944 ) ) ;
#111 = AXIS2_PLACEMENT_3D ( 'NONE', #2059, #4282, #439 ) ;
#112 = CARTESIAN_POINT ( 'NONE',  ( 1.301042606982605321E-15, 0.2500000000000000000, -2.099999999999997868 ) ) ;
#113 = ORIENTED_EDGE ( 'NONE', *, *, #1122, .F. ) ;
#114 = LINE ( 'NONE', #2269, #5667 ) ;
#115 = ORIENTED_EDGE ( 'NONE', *, *, #1090, .T. ) ;
#116 = DIRECTION ( 'NONE',  ( -1.000000000000000000, 0.000000000000000000, 0.000000000000000000 ) ) ;
#117 = CARTESIAN_POINT ( 'NONE',  ( -1.599999999999998090, 0.1600000000000001976, 2.100000000000002753 ) ) ;
#118 = DIRECTION ( 'NONE',  ( 1.000000000000000000, -0.000000000000000000, -0.000000000000000000 ) ) ;
#119 = ORIENTED_EDGE ( 'NONE', *, *, #1898, .F. ) ;
#120 = CARTESIAN_POINT ( 'NONE',  ( -0.8949999999999982414, 1.870000000000000107, -0.3649999999999968270 ) ) ;
#121 = EDGE_CURVE ( 'NONE', #6255, #1627, #4270, .T. ) ;
#122 = ORIENTED_EDGE ( 'NONE', *, *, #898, .F. ) ;
#123 = DIRECTION ( 'NONE',  ( 0.000000000000000000, 1.626303258735897755E-15, -1.000000000000000000 ) ) ;
#124 = VERTEX_POINT ( 'NONE', #7084 ) ;
#125 = CARTESIAN_POINT ( 'NONE',  ( -2.799999999999998490, 1.659999999999999920, 1.400000000000002798 ) ) ;
#126 = ADVANCED_FACE ( 'NONE', ( #3732 ), #4848, .F. ) ;
#127 = LINE ( 'NONE', #6636, #6193 ) ;
#128 = EDGE_LOOP ( 'NONE', ( #1958, #5189, #2563, #4769, #646, #6529, #3675, #5092, #2929, #5566, #5294, #5242 ) ) ;
#129 = DIRECTION ( 'NONE',  ( 0.000000000000000000, 0.000000000000000000, 1.000000000000000000 ) ) ;
#130 = VECTOR ( 'NONE', #3912, 1000.000000000000000 ) ;
#131 = ORIENTED_EDGE ( 'NONE', *, *, #882, .F. ) ;
#132 = DIRECTION ( 'NONE',  ( -1.000000000000000000, 0.000000000000000000, 0.000000000000000000 ) ) ;
#133 = CARTESIAN_POINT ( 'NONE',  ( -0.9999999999999991118, 0.1999999999999998723, -2.799999999999997602 ) ) ;
#134 = AXIS2_PLACEMENT_3D ( 'NONE', #4367, #6159, #2749 ) ;
#135 = EDGE_CURVE ( 'NONE', #5444, #3369, #6431, .T. ) ;
#136 = ADVANCED_FACE ( 'NONE', ( #5821 ), #1547, .T. ) ;
#137 = ORIENTED_EDGE ( 'NONE', *, *, #6151, .F. ) ;
#138 = EDGE_LOOP ( 'NONE', ( #6285, #6096, #2844, #5770, #2913, #3017, #4796, #6052 ) ) ;
#139 = LINE ( 'NONE', #5568, #255 ) ;
#140 = VECTOR ( 'NONE', #1464, 1000.000000000000000 ) ;
#141 = EDGE_LOOP ( 'NONE', ( #6034, #2657, #7075, #3789 ) ) ;
#142 = CARTESIAN_POINT ( 'NONE',  ( 1.314432617520000957, 0.9100000000000000311, -1.139999999999997460 ) ) ;
#143 = DIRECTION ( 'NONE',  ( -0.000000000000000000, -0.000000000000000000, 1.000000000000000000 ) ) ;
#144 = CIRCLE ( 'NONE', #382, 0.1000000000000002554 ) ;
#145 = ADVANCED_FACE ( 'NONE', ( #5380 ), #4162, .T. ) ;
#146 = FACE_OUTER_BOUND ( 'NONE', #3449, .T. ) ;
#147 = CARTESIAN_POINT ( 'NONE',  ( 3.850000000000029843, 0.1999999999999998723, -1.400000000001527578 ) ) ;
#148 = ORIENTED_EDGE ( 'NONE', *, *, #72, .T. ) ;
#149 = CARTESIAN_POINT ( 'NONE',  ( 1.301042606982605321E-15, 1.870000000000000107, -2.099999999999997868 ) ) ;
#150 = VERTEX_POINT ( 'NONE', #4197 ) ;
#151 = VECTOR ( 'NONE', #6083, 1000.000000000000227 ) ;
#152 = FACE_OUTER_BOUND ( 'NONE', #6705, .T. ) ;
#153 = FACE_BOUND ( 'NONE', #1108, .T. ) ;
#154 = FACE_OUTER_BOUND ( 'NONE', #4546, .T. ) ;
#155 = ADVANCED_FACE ( 'NONE', ( #5416 ), #1578, .F. ) ;
#156 = LINE ( 'NONE', #6597, #1262 ) ;
#157 = VECTOR ( 'NONE', #4531, 1000.000000000000000 ) ;
#158 = ORIENTED_EDGE ( 'NONE', *, *, #2404, .T. ) ;
#159 = DIRECTION ( 'NONE',  ( -0.000000000000000000, -0.000000000000000000, -1.000000000000000000 ) ) ;
#160 = ORIENTED_EDGE ( 'NONE', *, *, #5450, .F. ) ;
#161 = FACE_OUTER_BOUND ( 'NONE', #2850, .T. ) ;
#162 = ORIENTED_EDGE ( 'NONE', *, *, #2013, .T. ) ;
#163 = DIRECTION ( 'NONE',  ( 0.000000000000000000, -1.000000000000000000, 0.000000000000000000 ) ) ;
#164 = AXIS2_PLACEMENT_3D ( 'NONE', #2166, #6557, #3180 ) ;
#165 = ADVANCED_FACE ( 'NONE', ( #5927 ), #468, .F. ) ;
#166 = DIRECTION ( 'NONE',  ( 0.000000000000000000, 0.000000000000000000, 1.000000000000000000 ) ) ;
#167 = EDGE_LOOP ( 'NONE', ( #6483, #5037, #3231, #5201 ) ) ;
#168 = CARTESIAN_POINT ( 'NONE',  ( -1.094999999999998863, 0.8020083447048534930, 1.217369128957734636 ) ) ;
#169 = VECTOR ( 'NONE', #2568, 1000.000000000000000 ) ;
#170 = ORIENTED_EDGE ( 'NONE', *, *, #4394, .T. ) ;
#171 = LINE ( 'NONE', #1285, #2392 ) ;
#172 = CARTESIAN_POINT ( 'NONE',  ( -0.4049999999999986944, 0.3211003463129999402, -2.300000000000230749 ) ) ;
#173 = EDGE_CURVE ( 'NONE', #6147, #3179, #6941, .T. ) ;
#174 = CARTESIAN_POINT ( 'NONE',  ( 1.370000000000001439, 1.755000000000000115, 0.05000000000000316691 ) ) ;
#175 = ORIENTED_EDGE ( 'NONE', *, *, #4551, .F. ) ;
#176 = VERTEX_POINT ( 'NONE', #1003 ) ;
#177 = ORIENTED_EDGE ( 'NONE', *, *, #4606, .T. ) ;
#178 = DIRECTION ( 'NONE',  ( -0.000000000000000000, 1.000000000000000000, -0.000000000000000000 ) ) ;
#179 = ORIENTED_EDGE ( 'NONE', *, *, #4224, .T. ) ;
#180 = LINE ( 'NONE', #4031, #40 ) ;
#181 = EDGE_CURVE ( 'NONE', #5843, #69, #2650, .T. ) ;
#182 = EDGE_CURVE ( 'NONE', #6867, #740, #3624, .T. ) ;
#183 = DIRECTION ( 'NONE',  ( -1.000000000000000000, 0.000000000000000000, 0.000000000000000000 ) ) ;
#184 = PLANE ( 'NONE',  #2871 ) ;
#185 = PLANE ( 'NONE',  #7004 ) ;
#186 = ORIENTED_EDGE ( 'NONE', *, *, #1191, .T. ) ;
#187 = CARTESIAN_POINT ( 'NONE',  ( -1.314432617520561619, 0.000000000000000000, -2.089999999999997193 ) ) ;
#188 = ADVANCED_FACE ( 'NONE', ( #3655 ), #1041, .F. ) ;
#189 = ORIENTED_EDGE ( 'NONE', *, *, #5110, .F. ) ;
#190 = EDGE_CURVE ( 'NONE', #3917, #3038, #396, .T. ) ;
#191 = DIRECTION ( 'NONE',  ( 0.000000000000000000, -1.000000000000000000, 0.000000000000000000 ) ) ;
#192 = DIRECTION ( 'NONE',  ( 0.000000000000000000, -1.000000000000000000, 0.000000000000000000 ) ) ;
#193 = CARTESIAN_POINT ( 'NONE',  ( 2.800000000000001155, 1.760000000000000009, 1.650000000000002798 ) ) ;
#194 = DIRECTION ( 'NONE',  ( -1.000000000000000000, 0.000000000000000000, 0.000000000000000000 ) ) ;
#195 = EDGE_LOOP ( 'NONE', ( #7116, #3415, #1471, #1417 ) ) ;
#196 = DIRECTION ( 'NONE',  ( 0.000000000000000000, 0.000000000000000000, 1.000000000000000000 ) ) ;
#197 = ORIENTED_EDGE ( 'NONE', *, *, #755, .F. ) ;
#198 = DIRECTION ( 'NONE',  ( -1.000000000000000000, 0.000000000000000000, 0.000000000000000000 ) ) ;
#199 = ORIENTED_EDGE ( 'NONE', *, *, #6057, .T. ) ;
#200 = ADVANCED_FACE ( 'NONE', ( #2688 ), #3836, .T. ) ;
#201 = CARTESIAN_POINT ( 'NONE',  ( 0.4050000000000008593, 1.169999999999994378, -2.299999999999985167 ) ) ;
#202 = LINE ( 'NONE', #599, #6537 ) ;
#203 = ORIENTED_EDGE ( 'NONE', *, *, #311, .F. ) ;
#204 = CARTESIAN_POINT ( 'NONE',  ( 1.301042606982605321E-15, 0.9600000000000001865, 1.200000000000002620 ) ) ;
#205 = ORIENTED_EDGE ( 'NONE', *, *, #5723, .F. ) ;
#206 = CARTESIAN_POINT ( 'NONE',  ( 0.4050000000000008593, 0.2212373928370751364, -2.394766404375737512 ) ) ;
#207 = CARTESIAN_POINT ( 'NONE',  ( -1.369999999999998774, 0.1999999999999998723, -0.1899999999999970324 ) ) ;
#208 = LINE ( 'NONE', #1830, #363 ) ;
#209 = VERTEX_POINT ( 'NONE', #1137 ) ;
#210 = ORIENTED_EDGE ( 'NONE', *, *, #627, .F. ) ;
#211 = ORIENTED_EDGE ( 'NONE', *, *, #2122, .T. ) ;
#212 = VECTOR ( 'NONE', #6502, 1000.000000000000000 ) ;
#213 = LINE ( 'NONE', #2303, #7034 ) ;
#214 = VERTEX_POINT ( 'NONE', #2255 ) ;
#215 = EDGE_CURVE ( 'NONE', #2415, #434, #6062, .T. ) ;
#216 = CYLINDRICAL_SURFACE ( 'NONE', #5673, 0.1000000000000002554 ) ;
#217 = DIRECTION ( 'NONE',  ( -0.000000000000000000, 1.000000000000000000, -0.000000000000000000 ) ) ;
#218 = AXIS2_PLACEMENT_3D ( 'NONE', #6931, #2002, #310 ) ;
#219 = VECTOR ( 'NONE', #5197, 1000.000000000000000 ) ;
#220 = EDGE_CURVE ( 'NONE', #5600, #1612, #5058, .T. ) ;
#221 = CARTESIAN_POINT ( 'NONE',  ( 1.301042606982605321E-15, 1.870000000000000107, -2.099999999999997868 ) ) ;
#222 = FACE_OUTER_BOUND ( 'NONE', #4335, .T. ) ;
#223 = AXIS2_PLACEMENT_3D ( 'NONE', #4318, #1561, #5971 ) ;
#224 = VECTOR ( 'NONE', #1851, 1000.000000000000000 ) ;
#225 = LINE ( 'NONE', #3502, #4514 ) ;
#226 = ORIENTED_EDGE ( 'NONE', *, *, #5896, .T. ) ;
#227 = CARTESIAN_POINT ( 'NONE',  ( 0.3950000000000012390, 0.2500000000000000000, -2.099999999999997868 ) ) ;
#228 = DIRECTION ( 'NONE',  ( 0.000000000000000000, -0.9997637888239161441, -0.02173399540922035106 ) ) ;
#229 = PLANE ( 'NONE',  #1404 ) ;
#230 = VECTOR ( 'NONE', #2306, 1000.000000000000000 ) ;
#231 = VECTOR ( 'NONE', #4593, 1000.000000000000000 ) ;
#232 = EDGE_CURVE ( 'NONE', #2571, #7014, #3338, .T. ) ;
#233 = CARTESIAN_POINT ( 'NONE',  ( -0.4049999999999986944, 1.025655255171287195E-13, -2.800000000000002931 ) ) ;
#234 = ORIENTED_EDGE ( 'NONE', *, *, #3259, .F. ) ;
#235 = LINE ( 'NONE', #913, #107 ) ;
#236 = ORIENTED_EDGE ( 'NONE', *, *, #4495, .F. ) ;
#237 = LINE ( 'NONE', #6853, #956 ) ;
#238 = ORIENTED_EDGE ( 'NONE', *, *, #4634, .T. ) ;
#239 = CARTESIAN_POINT ( 'NONE',  ( 1.000000000000001332, 0.2212373928367622478, -2.394766404375739732 ) ) ;
#240 = CARTESIAN_POINT ( 'NONE',  ( -1.314432617520436608, 0.000000000000000000, -0.1899999999999970324 ) ) ;
#241 = ADVANCED_FACE ( 'NONE', ( #1761 ), #6029, .F. ) ;
#242 = ORIENTED_EDGE ( 'NONE', *, *, #6552, .T. ) ;
#243 = CARTESIAN_POINT ( 'NONE',  ( 0.1050000000000013561, 0.9600000000000001865, -2.099999999999997868 ) ) ;
#244 = EDGE_LOOP ( 'NONE', ( #3825, #5790, #6989, #2072 ) ) ;
#245 = CARTESIAN_POINT ( 'NONE',  ( -0.4999999999999987232, 1.770000000000000018, -1.399999999999997247 ) ) ;
#246 = DIRECTION ( 'NONE',  ( -0.000000000000000000, -0.000000000000000000, -1.000000000000000000 ) ) ;
#247 = CARTESIAN_POINT ( 'NONE',  ( -1.104999999999998428, 0.05000000000000012768, 2.602085213965210642E-15 ) ) ;
#248 = CARTESIAN_POINT ( 'NONE',  ( 0.5000000000000013323, 0.2500000000000000000, -1.749999999999997113 ) ) ;
#249 = VECTOR ( 'NONE', #143, 1000.000000000000000 ) ;
#250 = EDGE_LOOP ( 'NONE', ( #1119, #5379, #6874, #5241, #2197, #102, #6128, #5819 ) ) ;
#251 = EDGE_LOOP ( 'NONE', ( #3160, #2040, #3576, #5337 ) ) ;
#252 = LINE ( 'NONE', #2480, #1363 ) ;
#253 = CARTESIAN_POINT ( 'NONE',  ( 1.301042606982605321E-15, 0.7415992405140001686, 0.07988946384000294998 ) ) ;
#254 = PLANE ( 'NONE',  #4404 ) ;
#255 = VECTOR ( 'NONE', #3493, 1000.000000000000000 ) ;
#256 = CARTESIAN_POINT ( 'NONE',  ( -1.369999999999998774, 0.9100000000000000311, -2.089999999999997193 ) ) ;
#257 = EDGE_CURVE ( 'NONE', #7014, #5919, #4444, .T. ) ;
#258 = DIRECTION ( 'NONE',  ( -0.01739543771130077840, 0.000000000000000000, -0.9998486879257442173 ) ) ;
#259 = VECTOR ( 'NONE', #823, 1000.000000000000000 ) ;
#260 = CARTESIAN_POINT ( 'NONE',  ( -0.09499999999999916844, 0.2500000000000000000, -2.099999999999997868 ) ) ;
#261 = CARTESIAN_POINT ( 'NONE',  ( -3.149999999999998135, 0.1000000000000000472, -1.834999999999997300 ) ) ;
#262 = ORIENTED_EDGE ( 'NONE', *, *, #1026, .F. ) ;
#263 = DIRECTION ( 'NONE',  ( 1.000000000000000000, 0.000000000000000000, -0.000000000000000000 ) ) ;
#264 = AXIS2_PLACEMENT_3D ( 'NONE', #6633, #4974, #3826 ) ;
#265 = CARTESIAN_POINT ( 'NONE',  ( -1.094999999999998863, 0.3211003463129999402, -2.399999999999998579 ) ) ;
#266 = DIRECTION ( 'NONE',  ( 0.000000000000000000, 0.000000000000000000, -1.000000000000000000 ) ) ;
#267 = ORIENTED_EDGE ( 'NONE', *, *, #3229, .F. ) ;
#268 = DIRECTION ( 'NONE',  ( 0.000000000000000000, 0.000000000000000000, 1.000000000000000000 ) ) ;
#269 = VECTOR ( 'NONE', #1585, 1000.000000000000000 ) ;
#270 = VERTEX_POINT ( 'NONE', #642 ) ;
#271 = DIRECTION ( 'NONE',  ( 0.000000000000000000, 0.000000000000000000, 1.000000000000000000 ) ) ;
#272 = ORIENTED_EDGE ( 'NONE', *, *, #438, .F. ) ;
#273 = CARTESIAN_POINT ( 'NONE',  ( 0.1050000000000013561, 0.2500000000000000000, -1.399999999999997247 ) ) ;
#274 = EDGE_CURVE ( 'NONE', #4191, #4209, #1105, .T. ) ;
#275 = EDGE_CURVE ( 'NONE', #856, #5679, #2718, .T. ) ;
#276 = AXIS2_PLACEMENT_3D ( 'NONE', #3990, #5304, #6220 ) ;
#277 = CARTESIAN_POINT ( 'NONE',  ( 0.4050000000000008593, 0.6850000000000000533, 0.5500000000000024869 ) ) ;
#278 = ORIENTED_EDGE ( 'NONE', *, *, #3948, .T. ) ;
#279 = CARTESIAN_POINT ( 'NONE',  ( -0.6049999999999987610, 1.770000000000000018, -1.399999999999997247 ) ) ;
#280 = ORIENTED_EDGE ( 'NONE', *, *, #4487, .T. ) ;
#281 = DIRECTION ( 'NONE',  ( -1.000000000000000000, 0.000000000000000000, 0.000000000000000000 ) ) ;
#282 = VECTOR ( 'NONE', #4875, 1000.000000000000227 ) ;
#283 = ADVANCED_FACE ( 'NONE', ( #5522 ), #1074, .F. ) ;
#284 = CARTESIAN_POINT ( 'NONE',  ( -1.369999999999998774, 0.1650000000000000078, -1.489999999999996882 ) ) ;
#285 = VECTOR ( 'NONE', #263, 1000.000000000000000 ) ;
#286 = CARTESIAN_POINT ( 'NONE',  ( 1.000000000000001332, 1.670000000000000151, -1.399999999999997247 ) ) ;
#287 = ORIENTED_EDGE ( 'NONE', *, *, #410, .T. ) ;
#288 = ORIENTED_EDGE ( 'NONE', *, *, #4889, .F. ) ;
#289 = CARTESIAN_POINT ( 'NONE',  ( -3.199999999999998845, 0.05000000000000012768, 0.05000000000000316691 ) ) ;
#290 = CARTESIAN_POINT ( 'NONE',  ( -0.4049999999999986944, 1.710871028182125997E-13, -2.800000000000002043 ) ) ;
#291 = AXIS2_PLACEMENT_3D ( 'NONE', #2056, #341, #6308 ) ;
#292 = ADVANCED_FACE ( 'NONE', ( #2293 ), #6536, .T. ) ;
#293 = DIRECTION ( 'NONE',  ( 1.000000000000000000, -0.000000000000000000, -0.000000000000000000 ) ) ;
#294 = CARTESIAN_POINT ( 'NONE',  ( -0.9049999999999986944, 0.3211003463129999402, -2.399999999999998579 ) ) ;
#295 = PRODUCT_DEFINITION_FORMATION_WITH_SPECIFIED_SOURCE ( 'ANY', '', #6146, .NOT_KNOWN. ) ;
#296 = LINE ( 'NONE', #6841, #2746 ) ;
#297 = ORIENTED_EDGE ( 'NONE', *, *, #2264, .T. ) ;
#298 = DIRECTION ( 'NONE',  ( -0.000000000000000000, 1.000000000000000000, -0.000000000000000000 ) ) ;
#299 = LINE ( 'NONE', #5185, #398 ) ;
#300 = DIRECTION ( 'NONE',  ( 1.000000000000000000, 0.000000000000000000, -0.000000000000000000 ) ) ;
#301 = DIRECTION ( 'NONE',  ( -1.000000000000000000, 0.000000000000000000, 0.000000000000000000 ) ) ;
#302 = ORIENTED_EDGE ( 'NONE', *, *, #3859, .T. ) ;
#303 = PLANE ( 'NONE',  #801 ) ;
#304 = ORIENTED_EDGE ( 'NONE', *, *, #1772, .T. ) ;
#305 = LINE ( 'NONE', #1923, #2449 ) ;
#306 = ORIENTED_EDGE ( 'NONE', *, *, #5046, .F. ) ;
#307 = DIRECTION ( 'NONE',  ( -0.000000000000000000, -0.000000000000000000, 1.000000000000000000 ) ) ;
#308 = CARTESIAN_POINT ( 'NONE',  ( 1.600000000000001421, 1.760000000000000009, 1.370000000000002993 ) ) ;
#309 = ORIENTED_EDGE ( 'NONE', *, *, #2482, .F. ) ;
#310 = DIRECTION ( 'NONE',  ( 0.000000000000000000, 0.000000000000000000, 1.000000000000000000 ) ) ;
#311 = EDGE_CURVE ( 'NONE', #3561, #967, #6678, .T. ) ;
#312 = ORIENTED_EDGE ( 'NONE', *, *, #3948, .F. ) ;
#313 = LINE ( 'NONE', #2005, #2778 ) ;
#314 = DIRECTION ( 'NONE',  ( -1.000000000000000000, 0.000000000000000000, 0.000000000000000000 ) ) ;
#315 = CARTESIAN_POINT ( 'NONE',  ( 1.314432617520000957, 0.05000000000000012768, -2.089999999999997193 ) ) ;
#316 = ORIENTED_EDGE ( 'NONE', *, *, #5635, .T. ) ;
#317 = ADVANCED_FACE ( 'NONE', ( #5482 ), #5594, .F. ) ;
#318 = EDGE_CURVE ( 'NONE', #1928, #3186, #62, .T. ) ;
#319 = ORIENTED_EDGE ( 'NONE', *, *, #3829, .T. ) ;
#320 = LINE ( 'NONE', #4640, #6878 ) ;
#321 = CARTESIAN_POINT ( 'NONE',  ( -1.599999999999998090, 0.1600000000000001976, 1.400000000000002798 ) ) ;
#322 = CARTESIAN_POINT ( 'NONE',  ( 1.095000000000001306, 0.2500000000000000000, -1.989999999999996882 ) ) ;
#323 = PLANE ( 'NONE',  #573 ) ;
#324 = EDGE_CURVE ( 'NONE', #4433, #1420, #5374, .T. ) ;
#325 = LINE ( 'NONE', #4646, #464 ) ;
#326 = ORIENTED_EDGE ( 'NONE', *, *, #2652, .F. ) ;
#327 = CARTESIAN_POINT ( 'NONE',  ( 0.8950000000000012390, 0.05000000000000012768, -1.399999999999997247 ) ) ;
#328 = AXIS2_PLACEMENT_3D ( 'NONE', #4256, #3149, #5981 ) ;
#329 = DIRECTION ( 'NONE',  ( -1.000000000000000000, 0.000000000000000000, 0.000000000000000000 ) ) ;
#330 = VECTOR ( 'NONE', #1214, 1000.000000000000000 ) ;
#331 = LINE ( 'NONE', #2459, #1138 ) ;
#332 = EDGE_CURVE ( 'NONE', #2302, #6696, #675, .T. ) ;
#333 = VECTOR ( 'NONE', #6237, 1000.000000000000114 ) ;
#334 = VECTOR ( 'NONE', #4907, 1000.000000000000000 ) ;
#335 = EDGE_LOOP ( 'NONE', ( #422, #969, #1267, #583, #3880, #2188, #2217, #1499 ) ) ;
#336 = SURFACE_SIDE_STYLE ('',( #5804 ) ) ;
#337 = EDGE_LOOP ( 'NONE', ( #1237, #6991, #6049, #5009 ) ) ;
#338 = CARTESIAN_POINT ( 'NONE',  ( 2.232216308760501366, 0.05000000000000012768, -2.089999999999997193 ) ) ;
#339 = ORIENTED_EDGE ( 'NONE', *, *, #2359, .T. ) ;
#340 = CARTESIAN_POINT ( 'NONE',  ( 0.09500000000000133338, 1.025655255171287195E-13, -2.800000000000002931 ) ) ;
#341 = DIRECTION ( 'NONE',  ( 0.000000000000000000, -0.9986295347545662837, 0.05233595624308821914 ) ) ;
#342 = VECTOR ( 'NONE', #6584, 1000.000000000000000 ) ;
#343 = VECTOR ( 'NONE', #2599, 1000.000000000000000 ) ;
#344 = LINE ( 'NONE', #6244, #4236 ) ;
#345 = EDGE_CURVE ( 'NONE', #2874, #1296, #2754, .T. ) ;
#346 = VERTEX_POINT ( 'NONE', #4413 ) ;
#347 = PLANE ( 'NONE',  #4339 ) ;
#348 = ORIENTED_EDGE ( 'NONE', *, *, #1149, .F. ) ;
#349 = DIRECTION ( 'NONE',  ( -0.000000000000000000, -0.000000000000000000, 1.000000000000000000 ) ) ;
#350 = EDGE_LOOP ( 'NONE', ( #5007, #5044, #4369, #4481 ) ) ;
#351 = DIRECTION ( 'NONE',  ( 1.000000000000000000, -0.000000000000000000, -0.000000000000000000 ) ) ;
#352 = ADVANCED_FACE ( 'NONE', ( #1684 ), #3872, .T. ) ;
#353 = CARTESIAN_POINT ( 'NONE',  ( -1.104999999999998428, 0.2500000000000000000, -2.099999999999997868 ) ) ;
#354 = VERTEX_POINT ( 'NONE', #206 ) ;
#355 = ORIENTED_EDGE ( 'NONE', *, *, #2331, .F. ) ;
#356 = DIRECTION ( 'NONE',  ( 0.000000000000000000, 0.000000000000000000, 1.000000000000000000 ) ) ;
#357 = DIRECTION ( 'NONE',  ( -0.000000000000000000, 1.000000000000000000, -0.000000000000000000 ) ) ;
#358 = PLANE ( 'NONE',  #3236 ) ;
#359 = ADVANCED_FACE ( 'NONE', ( #2397 ), #5707, .F. ) ;
#360 = ADVANCED_FACE ( 'NONE', ( #5169 ), #3982, .F. ) ;
#361 = DIRECTION ( 'NONE',  ( 0.000000000000000000, -0.02173399540922035106, 0.9997637888239161441 ) ) ;
#362 = CARTESIAN_POINT ( 'NONE',  ( -2.264432617519998914, 1.640000000000000124, -2.089999999999997193 ) ) ;
#363 = VECTOR ( 'NONE', #3486, 1000.000000000000000 ) ;
#364 = EDGE_LOOP ( 'NONE', ( #2082, #5780, #1969, #6707 ) ) ;
#365 = CARTESIAN_POINT ( 'NONE',  ( 0.5950000000000013056, 0.6850000000000000533, 0.5500000000000024869 ) ) ;
#366 = FACE_OUTER_BOUND ( 'NONE', #4729, .T. ) ;
#367 = SURFACE_STYLE_USAGE ( .BOTH. , #3534 ) ;
#368 = ADVANCED_FACE ( 'NONE', ( #4021 ), #1246, .T. ) ;
#369 = VECTOR ( 'NONE', #5373, 1000.000000000000000 ) ;
#370 = CARTESIAN_POINT ( 'NONE',  ( 3.200000000000001510, 0.05000000000000012768, 1.370000000000002993 ) ) ;
#371 = ORIENTED_EDGE ( 'NONE', *, *, #6811, .T. ) ;
#372 = CARTESIAN_POINT ( 'NONE',  ( 1.095000000000001306, 0.2212373928373861098, -2.394766404375773039 ) ) ;
#373 = VERTEX_POINT ( 'NONE', #2902 ) ;
#374 = DIRECTION ( 'NONE',  ( -0.000000000000000000, -0.000000000000000000, -1.000000000000000000 ) ) ;
#375 = CARTESIAN_POINT ( 'NONE',  ( -0.5949999999999991962, 0.2212373928373861098, -2.394766404375773039 ) ) ;
#376 = ORIENTED_EDGE ( 'NONE', *, *, #432, .F. ) ;
#377 = VECTOR ( 'NONE', #3376, 1000.000000000000000 ) ;
#378 = LINE ( 'NONE', #2133, #6481 ) ;
#379 = DIRECTION ( 'NONE',  ( 1.000000000000000000, -0.000000000000000000, -0.000000000000000000 ) ) ;
#380 = EDGE_CURVE ( 'NONE', #6833, #3634, #5095, .T. ) ;
#381 = FACE_OUTER_BOUND ( 'NONE', #2499, .T. ) ;
#382 = AXIS2_PLACEMENT_3D ( 'NONE', #4549, #6019, #665 ) ;
#383 = EDGE_LOOP ( 'NONE', ( #5925, #4118, #6356, #655 ) ) ;
#384 = LINE ( 'NONE', #857, #4462 ) ;
#385 = EDGE_LOOP ( 'NONE', ( #4990, #3905, #186, #5389 ) ) ;
#386 = CARTESIAN_POINT ( 'NONE',  ( 0.09500000000000133338, 1.620000000000000107, -2.099999999999997868 ) ) ;
#387 = ORIENTED_EDGE ( 'NONE', *, *, #5214, .F. ) ;
#388 = DIRECTION ( 'NONE',  ( 0.000000000000000000, -0.9138115486202620374, -0.4061384660534366198 ) ) ;
#389 = VECTOR ( 'NONE', #413, 1000.000000000000000 ) ;
#390 = EDGE_CURVE ( 'NONE', #2199, #4209, #5834, .T. ) ;
#391 = PLANE ( 'NONE',  #5068 ) ;
#392 = DIRECTION ( 'NONE',  ( -0.000000000000000000, 1.000000000000000000, -0.000000000000000000 ) ) ;
#393 = ORIENTED_EDGE ( 'NONE', *, *, #2341, .T. ) ;
#394 = AXIS2_PLACEMENT_3D ( 'NONE', #2372, #687, #4642 ) ;
#395 = ORIENTED_EDGE ( 'NONE', *, *, #6657, .F. ) ;
#396 = LINE ( 'NONE', #2047, #1939 ) ;
#397 = CARTESIAN_POINT ( 'NONE',  ( 0.8950000000000012390, 0.9600000000000001865, -2.099999999999997868 ) ) ;
#398 = VECTOR ( 'NONE', #5220, 1000.000000000000000 ) ;
#399 = DIRECTION ( 'NONE',  ( 0.000000000000000000, 0.000000000000000000, -1.000000000000000000 ) ) ;
#400 = CARTESIAN_POINT ( 'NONE',  ( -1.369999999999998774, 0.2800000000000000822, -1.489999999999996882 ) ) ;
#401 = EDGE_CURVE ( 'NONE', #7014, #3177, #171, .T. ) ;
#402 = VECTOR ( 'NONE', #3286, 1000.000000000000000 ) ;
#403 = ADVANCED_FACE ( 'NONE', ( #3739 ), #3666, .F. ) ;
#404 = ORIENTED_EDGE ( 'NONE', *, *, #2797, .T. ) ;
#405 = FACE_OUTER_BOUND ( 'NONE', #4129, .T. ) ;
#406 = CARTESIAN_POINT ( 'NONE',  ( 1.105000000000001315, 1.670000000000000151, -1.399999999999997247 ) ) ;
#407 = DIRECTION ( 'NONE',  ( -0.000000000000000000, -0.9138115486202819104, -0.4061384660533919333 ) ) ;
#408 = EDGE_LOOP ( 'NONE', ( #3989, #2983, #2573, #5157 ) ) ;
#409 = DIRECTION ( 'NONE',  ( 1.000000000000000000, -0.000000000000000000, -0.000000000000000000 ) ) ;
#410 = EDGE_CURVE ( 'NONE', #2361, #3337, #6476, .T. ) ;
#411 = EDGE_CURVE ( 'NONE', #4788, #3058, #2153, .T. ) ;
#412 = ORIENTED_EDGE ( 'NONE', *, *, #2440, .T. ) ;
#413 = DIRECTION ( 'NONE',  ( 0.000000000000000000, 0.000000000000000000, -1.000000000000000000 ) ) ;
#414 = ORIENTED_EDGE ( 'NONE', *, *, #5399, .F. ) ;
#415 = FACE_OUTER_BOUND ( 'NONE', #1039, .T. ) ;
#416 = CARTESIAN_POINT ( 'NONE',  ( 1.301042606982605321E-15, 1.870000000000000107, 1.370000000000002993 ) ) ;
#417 = ORIENTED_EDGE ( 'NONE', *, *, #6349, .F. ) ;
#418 = CARTESIAN_POINT ( 'NONE',  ( 1.301042606982605321E-15, 1.620000000000002993, -2.099999999999997868 ) ) ;
#419 = EDGE_CURVE ( 'NONE', #1437, #1045, #1584, .T. ) ;
#420 = ORIENTED_EDGE ( 'NONE', *, *, #3859, .F. ) ;
#421 = DIRECTION ( 'NONE',  ( 0.000000000000000000, -1.000000000000000000, 0.000000000000000000 ) ) ;
#422 = ORIENTED_EDGE ( 'NONE', *, *, #6631, .T. ) ;
#423 = CARTESIAN_POINT ( 'NONE',  ( 0.4050000000000008593, 0.7926488764346635296, 1.237440573436329627 ) ) ;
#424 = LINE ( 'NONE', #5785, #2656 ) ;
#425 = CARTESIAN_POINT ( 'NONE',  ( -0.3949999999999986300, 0.2500000000000000000, -1.749999999999997113 ) ) ;
#426 = ORIENTED_EDGE ( 'NONE', *, *, #4165, .T. ) ;
#427 = ORIENTED_EDGE ( 'NONE', *, *, #4416, .F. ) ;
#428 = DIRECTION ( 'NONE',  ( 1.000000000000000000, -0.000000000000000000, -0.000000000000000000 ) ) ;
#429 = DIRECTION ( 'NONE',  ( -1.000000000000000000, 0.000000000000000000, 0.000000000000000000 ) ) ;
#430 = DIRECTION ( 'NONE',  ( -1.000000000000000000, 0.000000000000000000, 0.000000000000000000 ) ) ;
#431 = LINE ( 'NONE', #4237, #2412 ) ;
#432 = EDGE_CURVE ( 'NONE', #894, #2509, #473, .T. ) ;
#433 = PLANE ( 'NONE',  #5618 ) ;
#434 = VERTEX_POINT ( 'NONE', #2620 ) ;
#435 = CARTESIAN_POINT ( 'NONE',  ( -0.4999999999999987232, 1.870000000000000107, -1.399999999999997247 ) ) ;
#436 = CARTESIAN_POINT ( 'NONE',  ( 3.150000000000114042, 0.1999999999999998723, -2.089999999999997193 ) ) ;
#437 = LINE ( 'NONE', #6511, #6838 ) ;
#438 = EDGE_CURVE ( 'NONE', #2363, #3724, #4819, .T. ) ;
#439 = DIRECTION ( 'NONE',  ( 0.000000000000000000, 0.000000000000000000, -1.000000000000000000 ) ) ;
#440 = ORIENTED_EDGE ( 'NONE', *, *, #1542, .T. ) ;
#441 = PLANE ( 'NONE',  #223 ) ;
#442 = EDGE_LOOP ( 'NONE', ( #2334, #4036, #6823, #2304, #3051, #5753, #3835, #5330, #4758, #7040 ) ) ;
#443 = VECTOR ( 'NONE', #4103, 1000.000000000000000 ) ;
#444 = VECTOR ( 'NONE', #5560, 1000.000000000000000 ) ;
#445 = CARTESIAN_POINT ( 'NONE',  ( -1.599999999999998090, 1.870000000000000107, 1.370000000000002993 ) ) ;
#446 = VERTEX_POINT ( 'NONE', #5390 ) ;
#447 = CARTESIAN_POINT ( 'NONE',  ( 0.5000000000000013323, 3.083470978548774610E-13, -2.800000000000010925 ) ) ;
#448 = DIRECTION ( 'NONE',  ( 0.000000000000000000, 0.000000000000000000, 1.000000000000000000 ) ) ;
#449 = EDGE_CURVE ( 'NONE', #3585, #5541, #4856, .T. ) ;
#450 = EDGE_CURVE ( 'NONE', #124, #2745, #2477, .T. ) ;
#451 = VECTOR ( 'NONE', #2327, 1000.000000000000000 ) ;
#452 = AXIS2_PLACEMENT_3D ( 'NONE', #4095, #1435, #1397 ) ;
#453 = DIRECTION ( 'NONE',  ( 0.000000000000000000, 0.9138115486202819104, 0.4061384660533919333 ) ) ;
#454 = ORIENTED_EDGE ( 'NONE', *, *, #5597, .F. ) ;
#455 = CARTESIAN_POINT ( 'NONE',  ( 0.5000000000000013323, 0.1999999999999998723, -2.799999999999997602 ) ) ;
#456 = ORIENTED_EDGE ( 'NONE', *, *, #6358, .F. ) ;
#457 = LINE ( 'NONE', #3151, #6929 ) ;
#458 = ORIENTED_EDGE ( 'NONE', *, *, #2300, .F. ) ;
#459 = CARTESIAN_POINT ( 'NONE',  ( -2.582216308760998391, 0.000000000000000000, -2.089999999999997193 ) ) ;
#460 = VECTOR ( 'NONE', #4752, 1000.000000000000000 ) ;
#461 = DIRECTION ( 'NONE',  ( -1.000000000000000000, 0.000000000000000000, 0.000000000000000000 ) ) ;
#462 = EDGE_CURVE ( 'NONE', #1336, #6754, #6283, .T. ) ;
#463 = CARTESIAN_POINT ( 'NONE',  ( 0.5950000000000013056, 0.2212373928370751364, -2.394766404375737512 ) ) ;
#464 = VECTOR ( 'NONE', #5797, 1000.000000000000000 ) ;
#465 = VECTOR ( 'NONE', #4423, 1000.000000000000000 ) ;
#466 = ORIENTED_EDGE ( 'NONE', *, *, #3508, .F. ) ;
#467 = ORIENTED_EDGE ( 'NONE', *, *, #2540, .F. ) ;
#468 = PLANE ( 'NONE',  #1821 ) ;
#469 = DIRECTION ( 'NONE',  ( -0.000000000000000000, 1.000000000000000000, -0.000000000000000000 ) ) ;
#470 = DIRECTION ( 'NONE',  ( 0.000000000000000000, -1.000000000000000000, 0.000000000000000000 ) ) ;
#471 = CARTESIAN_POINT ( 'NONE',  ( -0.9999999999999991118, 0.7086905952145743370, -0.5397673798719940796 ) ) ;
#472 = ORIENTED_EDGE ( 'NONE', *, *, #5524, .F. ) ;
#473 = LINE ( 'NONE', #1556, #6407 ) ;
#474 = CARTESIAN_POINT ( 'NONE',  ( 0.8950000000000012390, 0.9600000000000001865, -2.099999999999997868 ) ) ;
#475 = CARTESIAN_POINT ( 'NONE',  ( -0.09499999999999916844, 0.2212373928373861098, -2.394766404375773039 ) ) ;
#476 = ADVANCED_FACE ( 'NONE', ( #4194 ), #2044, .F. ) ;
#477 = DIRECTION ( 'NONE',  ( 0.000000000000000000, 0.000000000000000000, 1.000000000000000000 ) ) ;
#478 = AXIS2_PLACEMENT_3D ( 'NONE', #5996, #1107, #4374 ) ;
#479 = CARTESIAN_POINT ( 'NONE',  ( 1.600000000000001421, 0.05000000000000012768, 1.200000000000002620 ) ) ;
#480 = ORIENTED_EDGE ( 'NONE', *, *, #1984, .T. ) ;
#481 = DIRECTION ( 'NONE',  ( 0.000000000000000000, -1.000000000000000000, 0.000000000000000000 ) ) ;
#482 = EDGE_CURVE ( 'NONE', #6475, #2199, #1358, .T. ) ;
#483 = ORIENTED_EDGE ( 'NONE', *, *, #2339, .F. ) ;
#484 = CARTESIAN_POINT ( 'NONE',  ( 3.500000000000001332, 0.1600000000000001976, 1.400000000000002798 ) ) ;
#485 = VECTOR ( 'NONE', #1035, 1000.000000000000000 ) ;
#486 = CARTESIAN_POINT ( 'NONE',  ( -1.094999999999998863, 0.1373467578910001763, -1.989999999999996882 ) ) ;
#487 = ORIENTED_EDGE ( 'NONE', *, *, #2034, .T. ) ;
#488 = CARTESIAN_POINT ( 'NONE',  ( 0.4050000000000008593, 0.7086905952146389520, -0.5397673798720101779 ) ) ;
#489 = AXIS2_PLACEMENT_3D ( 'NONE', #6503, #4373, #429 ) ;
#490 = ORIENTED_EDGE ( 'NONE', *, *, #3742, .T. ) ;
#491 = DIRECTION ( 'NONE',  ( 0.000000000000000000, 0.000000000000000000, -1.000000000000000000 ) ) ;
#492 = EDGE_CURVE ( 'NONE', #4433, #2415, #3015, .T. ) ;
#493 = ORIENTED_EDGE ( 'NONE', *, *, #450, .F. ) ;
#494 = EDGE_CURVE ( 'NONE', #4378, #1104, #4159, .T. ) ;
#495 = LINE ( 'NONE', #2679, #282 ) ;
#496 = CARTESIAN_POINT ( 'NONE',  ( -3.199999999999998845, 0.05000000000000012768, -0.3649999999999968270 ) ) ;
#497 = VECTOR ( 'NONE', #4902, 1000.000000000000000 ) ;
#498 = FACE_OUTER_BOUND ( 'NONE', #2228, .T. ) ;
#499 = EDGE_LOOP ( 'NONE', ( #952, #5582, #1110, #6171 ) ) ;
#500 = ORIENTED_EDGE ( 'NONE', *, *, #215, .F. ) ;
#501 = DIRECTION ( 'NONE',  ( 0.000000000000000000, 0.000000000000000000, 1.000000000000000000 ) ) ;
#502 = DIRECTION ( 'NONE',  ( 1.000000000000000000, 0.000000000000000000, -0.000000000000000000 ) ) ;
#503 = VECTOR ( 'NONE', #4611, 1000.000000000000000 ) ;
#504 = ADVANCED_FACE ( 'NONE', ( #2541 ), #5818, .T. ) ;
#505 = LINE ( 'NONE', #4948, #3347 ) ;
#506 = VECTOR ( 'NONE', #4976, 1000.000000000000000 ) ;
#507 = CARTESIAN_POINT ( 'NONE',  ( -2.264432617519998914, 1.820000000000000284, -2.089999999999997193 ) ) ;
#508 = ADVANCED_FACE ( 'NONE', ( #6937 ), #3651, .T. ) ;
#509 = ORIENTED_EDGE ( 'NONE', *, *, #5450, .T. ) ;
#510 = DIRECTION ( 'NONE',  ( 0.000000000000000000, 0.000000000000000000, 1.000000000000000000 ) ) ;
#511 = DIRECTION ( 'NONE',  ( -0.000000000000000000, 1.000000000000000000, -0.000000000000000000 ) ) ;
#512 = VECTOR ( 'NONE', #5195, 1000.000000000000000 ) ;
#513 = CARTESIAN_POINT ( 'NONE',  ( 1.000000000000001332, 0.1500000000000001887, -1.399999999999997247 ) ) ;
#514 = LINE ( 'NONE', #3172, #802 ) ;
#515 = AXIS2_PLACEMENT_3D ( 'NONE', #1012, #1447, #5393 ) ;
#516 = LINE ( 'NONE', #5428, #6891 ) ;
#517 = EDGE_CURVE ( 'NONE', #5735, #4258, #5240, .T. ) ;
#518 = ORIENTED_EDGE ( 'NONE', *, *, #6974, .F. ) ;
#519 = CARTESIAN_POINT ( 'NONE',  ( 1.370000000000001439, 1.755000000000000115, -0.1899999999999970324 ) ) ;
#520 = EDGE_LOOP ( 'NONE', ( #4260, #6816, #3474, #262, #160, #175, #2083, #2751 ) ) ;
#521 = DIRECTION ( 'NONE',  ( 1.000000000000000000, -0.000000000000000000, -0.000000000000000000 ) ) ;
#522 = LINE ( 'NONE', #4832, #4533 ) ;
#523 = DIRECTION ( 'NONE',  ( 0.000000000000000000, -0.05303311836778312055, -0.9985927540074525099 ) ) ;
#524 = ORIENTED_EDGE ( 'NONE', *, *, #938, .T. ) ;
#525 = LINE ( 'NONE', #2742, #1590 ) ;
#526 = ORIENTED_EDGE ( 'NONE', *, *, #3310, .F. ) ;
#527 = DIRECTION ( 'NONE',  ( 0.000000000000000000, 0.000000000000000000, -1.000000000000000000 ) ) ;
#528 = ORIENTED_EDGE ( 'NONE', *, *, #1177, .F. ) ;
#529 = LINE ( 'NONE', #2141, #3380 ) ;
#530 = LINE ( 'NONE', #193, #4051 ) ;
#531 = EDGE_CURVE ( 'NONE', #6854, #4207, #864, .T. ) ;
#532 = CARTESIAN_POINT ( 'NONE',  ( 2.400000000000001688, 1.340000000000000080, 1.370000000000002993 ) ) ;
#533 = EDGE_LOOP ( 'NONE', ( #926, #5746, #5510, #2260 ) ) ;
#534 = ORIENTED_EDGE ( 'NONE', *, *, #6066, .F. ) ;
#535 = CARTESIAN_POINT ( 'NONE',  ( 0.09500000000000133338, 0.8099999999999997202, -1.989999999999996882 ) ) ;
#536 = CARTESIAN_POINT ( 'NONE',  ( 3.500000000000001332, 1.659999999999999920, 1.050000000000002709 ) ) ;
#537 = CARTESIAN_POINT ( 'NONE',  ( 4.000000000000001776, 0.1600000000000001976, 2.100000000000002753 ) ) ;
#538 = VERTEX_POINT ( 'NONE', #787 ) ;
#539 = VERTEX_POINT ( 'NONE', #5272 ) ;
#540 = DIRECTION ( 'NONE',  ( -1.000000000000000000, 0.000000000000000000, 0.000000000000000000 ) ) ;
#541 = CARTESIAN_POINT ( 'NONE',  ( -0.5949999999999991962, 0.7926488764353972760, 1.237440573434730684 ) ) ;
#542 = EDGE_CURVE ( 'NONE', #2136, #1864, #4226, .T. ) ;
#543 = CARTESIAN_POINT ( 'NONE',  ( 0.3950000000000012390, 1.670000000000000151, -1.399999999999997247 ) ) ;
#544 = DIRECTION ( 'NONE',  ( -1.000000000000000000, 0.000000000000000000, 0.000000000000000000 ) ) ;
#545 = ORIENTED_EDGE ( 'NONE', *, *, #914, .T. ) ;
#546 = CARTESIAN_POINT ( 'NONE',  ( -0.4999999999999987232, 0.8020083447045608382, 1.217369128957598301 ) ) ;
#547 = VERTEX_POINT ( 'NONE', #6864 ) ;
#548 = DIRECTION ( 'NONE',  ( 0.000000000000000000, 0.000000000000000000, -1.000000000000000000 ) ) ;
#549 = CARTESIAN_POINT ( 'NONE',  ( -1.104999999999998428, 0.9600000000000001865, -2.099999999999997868 ) ) ;
#550 = CARTESIAN_POINT ( 'NONE',  ( 0.5000000000000013323, 1.395000000000000240, -2.199999999999997069 ) ) ;
#551 = AXIS2_PLACEMENT_3D ( 'NONE', #245, #2529, #3676 ) ;
#552 = VERTEX_POINT ( 'NONE', #1972 ) ;
#553 = CARTESIAN_POINT ( 'NONE',  ( -0.6049999999999987610, 1.870000000000000107, -0.3649999999999968270 ) ) ;
#554 = EDGE_LOOP ( 'NONE', ( #5567, #1922, #1691, #2388, #4586, #4179, #3222, #6920 ) ) ;
#555 = CARTESIAN_POINT ( 'NONE',  ( -0.9999999999999991118, 0.2500000000000000000, -1.989999999999996882 ) ) ;
#556 = ORIENTED_EDGE ( 'NONE', *, *, #4564, .F. ) ;
#557 = CARTESIAN_POINT ( 'NONE',  ( -0.9049999999999986944, 0.8099999999999997202, -0.6999999999999970690 ) ) ;
#558 = VECTOR ( 'NONE', #2777, 1000.000000000000000 ) ;
#559 = DIRECTION ( 'NONE',  ( 0.000000000000000000, 0.000000000000000000, 1.000000000000000000 ) ) ;
#560 = VECTOR ( 'NONE', #825, 1000.000000000000000 ) ;
#561 = EDGE_CURVE ( 'NONE', #2199, #5164, #6831, .T. ) ;
#562 = CARTESIAN_POINT ( 'NONE',  ( 2.800000000000001155, 0.1600000000000001976, 1.400000000000002798 ) ) ;
#563 = ORIENTED_EDGE ( 'NONE', *, *, #5321, .T. ) ;
#564 = CARTESIAN_POINT ( 'NONE',  ( 1.301042606982605321E-15, 1.870000000000000107, -1.399999999999997247 ) ) ;
#565 = VECTOR ( 'NONE', #5909, 1000.000000000000114 ) ;
#566 = EDGE_LOOP ( 'NONE', ( #7047, #5063, #3393, #3973 ) ) ;
#567 = CARTESIAN_POINT ( 'NONE',  ( 1.000000000000001332, 1.770000000000000018, -1.399999999999997247 ) ) ;
#568 = VECTOR ( 'NONE', #2775, 1000.000000000000000 ) ;
#569 = PLANE ( 'NONE',  #606 ) ;
#570 = PRODUCT_RELATED_PRODUCT_CATEGORY ( 'part', '', ( #6146 ) ) ;
#571 = PLANE ( 'NONE',  #2429 ) ;
#572 = VECTOR ( 'NONE', #2693, 1000.000000000000000 ) ;
#573 = AXIS2_PLACEMENT_3D ( 'NONE', #1334, #6224, #5759 ) ;
#574 = ORIENTED_EDGE ( 'NONE', *, *, #190, .F. ) ;
#575 = VERTEX_POINT ( 'NONE', #6426 ) ;
#576 = VERTEX_POINT ( 'NONE', #315 ) ;
#577 = FACE_OUTER_BOUND ( 'NONE', #5291, .T. ) ;
#578 = EDGE_CURVE ( 'NONE', #5639, #850, #3049, .T. ) ;
#579 = ADVANCED_FACE ( 'NONE', ( #4669 ), #5173, .T. ) ;
#580 = CARTESIAN_POINT ( 'NONE',  ( -1.599999999999998090, 0.9600000000000001865, 1.370000000000002993 ) ) ;
#581 = DIRECTION ( 'NONE',  ( 0.000000000000000000, 0.000000000000000000, -1.000000000000000000 ) ) ;
#582 = LINE ( 'NONE', #4997, #6422 ) ;
#583 = ORIENTED_EDGE ( 'NONE', *, *, #5196, .T. ) ;
#584 = LINE ( 'NONE', #5183, #1076 ) ;
#585 = ORIENTED_EDGE ( 'NONE', *, *, #586, .F. ) ;
#586 = EDGE_CURVE ( 'NONE', #1258, #2368, #4737, .T. ) ;
#587 = LINE ( 'NONE', #1091, #2230 ) ;
#588 = CARTESIAN_POINT ( 'NONE',  ( 2.264432617520201418, 1.640000000000000124, -2.089999999999997193 ) ) ;
#589 = VECTOR ( 'NONE', #64, 1000.000000000000000 ) ;
#590 = LINE ( 'NONE', #6628, #568 ) ;
#591 = ORIENTED_EDGE ( 'NONE', *, *, #232, .F. ) ;
#592 = CARTESIAN_POINT ( 'NONE',  ( 1.095000000000001306, 0.7086905952146391741, -0.5397673798720031835 ) ) ;
#593 = ORIENTED_EDGE ( 'NONE', *, *, #1459, .T. ) ;
#594 = DIRECTION ( 'NONE',  ( 1.000000000000000000, -0.000000000000000000, -0.000000000000000000 ) ) ;
#595 = EDGE_LOOP ( 'NONE', ( #2921, #6154, #177, #18, #961, #6406, #3683, #867, #2046, #6671 ) ) ;
#596 = VECTOR ( 'NONE', #1378, 1000.000000000000000 ) ;
#597 = CARTESIAN_POINT ( 'NONE',  ( 2.582216308760601375, 0.000000000000000000, -1.139999999999997460 ) ) ;
#598 = VERTEX_POINT ( 'NONE', #353 ) ;
#599 = CARTESIAN_POINT ( 'NONE',  ( 2.444432617520201578, 0.000000000000000000, -0.5449999999999972644 ) ) ;
#600 = VECTOR ( 'NONE', #3506, 1000.000000000000000 ) ;
#601 = ORIENTED_EDGE ( 'NONE', *, *, #1993, .T. ) ;
#602 = CARTESIAN_POINT ( 'NONE',  ( 2.444432617520201578, 0.1000000000000000472, -0.8999999999999971356 ) ) ;
#603 = ORIENTED_EDGE ( 'NONE', *, *, #2756, .T. ) ;
#604 = DIRECTION ( 'NONE',  ( 0.000000000000000000, 0.000000000000000000, -1.000000000000000000 ) ) ;
#605 = DIRECTION ( 'NONE',  ( 0.000000000000000000, -1.000000000000000000, 0.000000000000000000 ) ) ;
#606 = AXIS2_PLACEMENT_3D ( 'NONE', #4337, #5346, #1548 ) ;
#607 = LINE ( 'NONE', #2830, #2194 ) ;
#608 = ORIENTED_EDGE ( 'NONE', *, *, #1068, .T. ) ;
#609 = AXIS2_PLACEMENT_3D ( 'NONE', #3404, #1710, #5008 ) ;
#610 = ORIENTED_EDGE ( 'NONE', *, *, #4877, .F. ) ;
#611 = ORIENTED_EDGE ( 'NONE', *, *, #1095, .F. ) ;
#612 = CARTESIAN_POINT ( 'NONE',  ( -1.599999999999998090, 1.760000000000000009, 1.200000000000002620 ) ) ;
#613 = ORIENTED_EDGE ( 'NONE', *, *, #3674, .F. ) ;
#614 = CARTESIAN_POINT ( 'NONE',  ( 0.9050000000000008038, 0.2500000000000000000, -2.099999999999997868 ) ) ;
#615 = FACE_OUTER_BOUND ( 'NONE', #385, .T. ) ;
#616 = VECTOR ( 'NONE', #2030, 1000.000000000000000 ) ;
#617 = EDGE_CURVE ( 'NONE', #4363, #5651, #5206, .T. ) ;
#618 = CARTESIAN_POINT ( 'NONE',  ( 2.264432617520201418, 1.820000000000000284, -1.139999999999997460 ) ) ;
#619 = CARTESIAN_POINT ( 'NONE',  ( 1.370000000000001439, 0.05000000000000012768, 2.602085213965210642E-15 ) ) ;
#620 = VECTOR ( 'NONE', #2323, 1000.000000000000000 ) ;
#621 = ORIENTED_EDGE ( 'NONE', *, *, #1601, .T. ) ;
#622 = CARTESIAN_POINT ( 'NONE',  ( 0.6004067291410014606, 0.7926488764346442117, 1.237440573436320523 ) ) ;
#623 = ORIENTED_EDGE ( 'NONE', *, *, #6718, .T. ) ;
#624 = CARTESIAN_POINT ( 'NONE',  ( -0.8949999999999982414, 1.770000000000000018, -1.749999999999997113 ) ) ;
#625 = DIRECTION ( 'NONE',  ( 0.000000000000000000, -0.02173399540922035106, 0.9997637888239161441 ) ) ;
#626 = VECTOR ( 'NONE', #3357, 1000.000000000000000 ) ;
#627 = EDGE_CURVE ( 'NONE', #4899, #1275, #930, .T. ) ;
#628 = DIRECTION ( 'NONE',  ( 1.000000000000000000, 0.000000000000000000, -0.000000000000000000 ) ) ;
#629 = ADVANCED_FACE ( 'NONE', ( #498 ), #1101, .F. ) ;
#630 = ORIENTED_EDGE ( 'NONE', *, *, #3846, .T. ) ;
#631 = CARTESIAN_POINT ( 'NONE',  ( 1.105000000000001315, 1.670000000000000151, -1.749999999999997113 ) ) ;
#632 = ORIENTED_EDGE ( 'NONE', *, *, #561, .T. ) ;
#633 = CARTESIAN_POINT ( 'NONE',  ( -0.4999999999999987232, 0.2500000000000000000, -1.989999999999996882 ) ) ;
#634 = AXIS2_PLACEMENT_3D ( 'NONE', #4689, #4214, #6412 ) ;
#635 = ORIENTED_EDGE ( 'NONE', *, *, #1686, .F. ) ;
#636 = CARTESIAN_POINT ( 'NONE',  ( 2.264432617520201418, 1.720000000000000195, -0.1899999999999970324 ) ) ;
#637 = LINE ( 'NONE', #709, #4915 ) ;
#638 = EDGE_CURVE ( 'NONE', #1913, #2741, #1645, .T. ) ;
#639 = VERTEX_POINT ( 'NONE', #463 ) ;
#640 = DIRECTION ( 'NONE',  ( 1.000000000000000000, 0.000000000000000000, -0.000000000000000000 ) ) ;
#641 = ORIENTED_EDGE ( 'NONE', *, *, #4495, .T. ) ;
#642 = CARTESIAN_POINT ( 'NONE',  ( 0.4050000000000008593, 0.8020083447047559044, 1.217369128957688895 ) ) ;
#643 = DIRECTION ( 'NONE',  ( 0.000000000000000000, 0.000000000000000000, -1.000000000000000000 ) ) ;
#644 = PLANE ( 'NONE',  #478 ) ;
#645 = VERTEX_POINT ( 'NONE', #1000 ) ;
#646 = ORIENTED_EDGE ( 'NONE', *, *, #1203, .F. ) ;
#647 = ORIENTED_EDGE ( 'NONE', *, *, #3876, .F. ) ;
#648 = DIRECTION ( 'NONE',  ( -1.000000000000000000, -0.000000000000000000, 0.000000000000000000 ) ) ;
#649 = ORIENTED_EDGE ( 'NONE', *, *, #4132, .F. ) ;
#650 = CARTESIAN_POINT ( 'NONE',  ( 0.09500000000000133338, 0.7086905952146391741, -0.5397673798720031835 ) ) ;
#651 = CARTESIAN_POINT ( 'NONE',  ( -0.09499999999999916844, 0.7926488764346635296, 1.237440573436329627 ) ) ;
#652 = EDGE_CURVE ( 'NONE', #6386, #5115, #2682, .T. ) ;
#653 = DIRECTION ( 'NONE',  ( -1.000000000000000000, 0.000000000000000000, 0.000000000000000000 ) ) ;
#654 = CARTESIAN_POINT ( 'NONE',  ( 0.9050000000000008038, 0.8020083447047559044, 1.217369128957688895 ) ) ;
#655 = ORIENTED_EDGE ( 'NONE', *, *, #3346, .T. ) ;
#656 = DIRECTION ( 'NONE',  ( 0.000000000000000000, 0.000000000000000000, 1.000000000000000000 ) ) ;
#657 = ORIENTED_EDGE ( 'NONE', *, *, #318, .T. ) ;
#658 = DIRECTION ( 'NONE',  ( 0.000000000000000000, -1.000000000000000000, 0.000000000000000000 ) ) ;
#659 = EDGE_CURVE ( 'NONE', #83, #3111, #4264, .T. ) ;
#660 = DIRECTION ( 'NONE',  ( 0.000000000000000000, -0.05233595624254735318, -0.9986295347545945944 ) ) ;
#661 = FACE_OUTER_BOUND ( 'NONE', #383, .T. ) ;
#662 = ORIENTED_EDGE ( 'NONE', *, *, #5127, .T. ) ;
#663 = LINE ( 'NONE', #5122, #6761 ) ;
#664 = VERTEX_POINT ( 'NONE', #2608 ) ;
#665 = DIRECTION ( 'NONE',  ( 0.000000000000000000, 0.000000000000000000, 1.000000000000000000 ) ) ;
#666 = VERTEX_POINT ( 'NONE', #4408 ) ;
#667 = DIRECTION ( 'NONE',  ( 0.000000000000000000, 0.000000000000000000, -1.000000000000000000 ) ) ;
#668 = EDGE_CURVE ( 'NONE', #2701, #4517, #6462, .T. ) ;
#669 = ADVANCED_FACE ( 'NONE', ( #5953 ), #3759, .T. ) ;
#670 = ORIENTED_EDGE ( 'NONE', *, *, #2185, .F. ) ;
#671 = DIRECTION ( 'NONE',  ( 0.000000000000000000, 0.000000000000000000, -1.000000000000000000 ) ) ;
#672 = VERTEX_POINT ( 'NONE', #4878 ) ;
#673 = DIRECTION ( 'NONE',  ( -1.000000000000000000, 0.000000000000000000, 0.000000000000000000 ) ) ;
#674 = ORIENTED_EDGE ( 'NONE', *, *, #6276, .T. ) ;
#675 = LINE ( 'NONE', #1648, #4803 ) ;
#676 = LINE ( 'NONE', #1175, #377 ) ;
#677 = VECTOR ( 'NONE', #5439, 1000.000000000000000 ) ;
#678 = AXIS2_PLACEMENT_3D ( 'NONE', #2406, #4706, #5957 ) ;
#679 = EDGE_CURVE ( 'NONE', #1001, #3382, #6569, .T. ) ;
#680 = DIRECTION ( 'NONE',  ( -1.000000000000000000, 0.000000000000000000, 0.000000000000000000 ) ) ;
#681 = VECTOR ( 'NONE', #3035, 1000.000000000000000 ) ;
#682 = VECTOR ( 'NONE', #3117, 1000.000000000000000 ) ;
#683 = ORIENTED_EDGE ( 'NONE', *, *, #3333, .F. ) ;
#684 = EDGE_LOOP ( 'NONE', ( #5176, #6070, #5588, #4828, #3639, #5404, #4365, #3405 ) ) ;
#685 = CARTESIAN_POINT ( 'NONE',  ( -3.844432617519845330, 0.1000000000000000472, -1.079999999985627124 ) ) ;
#686 = EDGE_LOOP ( 'NONE', ( #3344, #6781, #1359, #3044 ) ) ;
#687 = DIRECTION ( 'NONE',  ( -1.000000000000000000, 0.000000000000000000, 0.000000000000000000 ) ) ;
#688 = EDGE_CURVE ( 'NONE', #5026, #6382, #7010, .T. ) ;
#689 = PRESENTATION_LAYER_ASSIGNMENT (  '', '', ( #1720 ) ) ;
#690 = DIRECTION ( 'NONE',  ( -1.000000000000000000, -0.000000000000000000, 0.000000000000000000 ) ) ;
#691 = AXIS2_PLACEMENT_3D ( 'NONE', #2570, #6787, #2638 ) ;
#692 = DIRECTION ( 'NONE',  ( -1.000000000000000000, -0.000000000000000000, 0.000000000000000000 ) ) ;
#693 = AXIS2_PLACEMENT_3D ( 'NONE', #2880, #653, #581 ) ;
#694 = CARTESIAN_POINT ( 'NONE',  ( 2.800000000000001155, 1.659999999999999920, 2.100000000000002753 ) ) ;
#695 = ORIENTED_EDGE ( 'NONE', *, *, #6724, .T. ) ;
#696 = CARTESIAN_POINT ( 'NONE',  ( -1.789432617519999269, 1.820000000000000284, -0.1900000000000087452 ) ) ;
#697 = VERTEX_POINT ( 'NONE', #7113 ) ;
#698 = ADVANCED_FACE ( 'NONE', ( #2750 ), #1543, .T. ) ;
#699 = DIRECTION ( 'NONE',  ( -0.000000000000000000, -0.000000000000000000, -1.000000000000000000 ) ) ;
#700 = FACE_OUTER_BOUND ( 'NONE', #1228, .T. ) ;
#701 = PLANE ( 'NONE',  #134 ) ;
#702 = CARTESIAN_POINT ( 'NONE',  ( -3.849999999999987210, 0.000000000000000000, -1.579999999999997184 ) ) ;
#703 = ORIENTED_EDGE ( 'NONE', *, *, #4293, .F. ) ;
#704 = DIRECTION ( 'NONE',  ( 0.000000000000000000, 0.000000000000000000, 1.000000000000000000 ) ) ;
#705 = ORIENTED_EDGE ( 'NONE', *, *, #5677, .T. ) ;
#706 = CYLINDRICAL_SURFACE ( 'NONE', #5084, 0.2999999999999999334 ) ;
#707 = VERTEX_POINT ( 'NONE', #2180 ) ;
#708 = LINE ( 'NONE', #5010, #2340 ) ;
#709 = CARTESIAN_POINT ( 'NONE',  ( 1.105000000000001315, 0.9600000000000001865, -2.099999999999997868 ) ) ;
#710 = ORIENTED_EDGE ( 'NONE', *, *, #5166, .F. ) ;
#711 = DIRECTION ( 'NONE',  ( 1.000000000000000000, -0.000000000000000000, -0.000000000000000000 ) ) ;
#712 = EDGE_CURVE ( 'NONE', #3560, #4903, #3298, .T. ) ;
#713 = VECTOR ( 'NONE', #430, 1000.000000000000000 ) ;
#714 = EDGE_CURVE ( 'NONE', #856, #1625, #2144, .T. ) ;
#715 = ORIENTED_EDGE ( 'NONE', *, *, #813, .T. ) ;
#716 = PLANE ( 'NONE',  #6343 ) ;
#717 = LINE ( 'NONE', #5098, #5296 ) ;
#718 = CIRCLE ( 'NONE', #5990, 0.09999999999953015917 ) ;
#719 = ORIENTED_EDGE ( 'NONE', *, *, #6702, .T. ) ;
#720 = ADVANCED_FACE ( 'NONE', ( #2715 ), #4333, .T. ) ;
#721 = ORIENTED_EDGE ( 'NONE', *, *, #2205, .F. ) ;
#722 = FACE_OUTER_BOUND ( 'NONE', #6590, .T. ) ;
#723 = CARTESIAN_POINT ( 'NONE',  ( 4.000000000000001776, 0.1600000000000001976, 1.400000000000002798 ) ) ;
#724 = AXIS2_PLACEMENT_3D ( 'NONE', #5202, #5708, #281 ) ;
#725 = EDGE_LOOP ( 'NONE', ( #7090, #4098, #6245, #3159 ) ) ;
#726 = PLANE ( 'NONE',  #394 ) ;
#727 = LINE ( 'NONE', #869, #920 ) ;
#728 = AXIS2_PLACEMENT_3D ( 'NONE', #5158, #271, #4084 ) ;
#729 = FACE_OUTER_BOUND ( 'NONE', #4229, .T. ) ;
#730 = EDGE_CURVE ( 'NONE', #4871, #4869, #5924, .T. ) ;
#731 = LINE ( 'NONE', #112, #6653 ) ;
#732 = FACE_OUTER_BOUND ( 'NONE', #5259, .T. ) ;
#733 = ORIENTED_EDGE ( 'NONE', *, *, #1122, .T. ) ;
#734 = VECTOR ( 'NONE', #6367, 1000.000000000000000 ) ;
#735 = CARTESIAN_POINT ( 'NONE',  ( 1.000000000000001332, 0.01874190220800021900, -2.442383202187996538 ) ) ;
#736 = LINE ( 'NONE', #3505, #3273 ) ;
#737 = DIRECTION ( 'NONE',  ( 0.000000000000000000, 0.000000000000000000, 1.000000000000000000 ) ) ;
#738 = CARTESIAN_POINT ( 'NONE',  ( -0.09499999999999916844, 0.03748380441565956483, -2.084766404375729021 ) ) ;
#739 = VECTOR ( 'NONE', #3330, 1000.000000000000000 ) ;
#740 = VERTEX_POINT ( 'NONE', #2215 ) ;
#741 = DIRECTION ( 'NONE',  ( -0.000000000000000000, 1.000000000000000000, -0.000000000000000000 ) ) ;
#742 = ORIENTED_EDGE ( 'NONE', *, *, #4677, .T. ) ;
#743 = LINE ( 'NONE', #5192, #6693 ) ;
#744 = ORIENTED_EDGE ( 'NONE', *, *, #2779, .F. ) ;
#745 = DIRECTION ( 'NONE',  ( -1.000000000000000000, 0.000000000000000000, 0.000000000000000000 ) ) ;
#746 = AXIS2_PLACEMENT_3D ( 'NONE', #5975, #1055, #3251 ) ;
#747 = CARTESIAN_POINT ( 'NONE',  ( 3.150000000000063860, 0.1999999999999998723, -1.579999999999997184 ) ) ;
#748 = EDGE_CURVE ( 'NONE', #3058, #5700, #5375, .T. ) ;
#749 = ORIENTED_EDGE ( 'NONE', *, *, #380, .F. ) ;
#750 = FACE_OUTER_BOUND ( 'NONE', #5250, .T. ) ;
#751 = MECHANICAL_DESIGN_GEOMETRIC_PRESENTATION_REPRESENTATION (  '', ( #1085 ), #6720 ) ;
#752 = ORIENTED_EDGE ( 'NONE', *, *, #2232, .T. ) ;
#753 = FACE_OUTER_BOUND ( 'NONE', #4754, .T. ) ;
#754 = CARTESIAN_POINT ( 'NONE',  ( -1.369999999999998774, 1.640000000000000124, -1.024999999999997247 ) ) ;
#755 = EDGE_CURVE ( 'NONE', #1572, #2611, #2647, .T. ) ;
#756 = ORIENTED_EDGE ( 'NONE', *, *, #311, .T. ) ;
#757 = ORIENTED_EDGE ( 'NONE', *, *, #1911, .F. ) ;
#758 = EDGE_LOOP ( 'NONE', ( #2394, #5368, #6514, #5882 ) ) ;
#759 = CARTESIAN_POINT ( 'NONE',  ( -0.9049999999999986944, 0.8099999999999997202, -0.6999999999999970690 ) ) ;
#760 = ORIENTED_EDGE ( 'NONE', *, *, #2814, .T. ) ;
#761 = LINE ( 'NONE', #2447, #968 ) ;
#762 = CARTESIAN_POINT ( 'NONE',  ( 2.300000000000001155, 0.5500000000000001554, 0.07500000000000300870 ) ) ;
#763 = ADVANCED_FACE ( 'NONE', ( #4304 ), #4979, .T. ) ;
#764 = EDGE_CURVE ( 'NONE', #4981, #4130, #58, .T. ) ;
#765 = CARTESIAN_POINT ( 'NONE',  ( 1.105000000000001315, 0.1500000000000001887, -1.749999999999997113 ) ) ;
#766 = CARTESIAN_POINT ( 'NONE',  ( 0.09500000000000133338, 0.7926488764346635296, 1.237440573436329627 ) ) ;
#767 = CARTESIAN_POINT ( 'NONE',  ( 0.09500000000000133338, 1.169999999999996598, -2.299999999999988720 ) ) ;
#768 = ORIENTED_EDGE ( 'NONE', *, *, #5119, .F. ) ;
#769 = DIRECTION ( 'NONE',  ( 0.000000000000000000, 0.000000000000000000, -1.000000000000000000 ) ) ;
#770 = FACE_BOUND ( 'NONE', #6902, .T. ) ;
#771 = LINE ( 'NONE', #3535, #1868 ) ;
#772 = ADVANCED_FACE ( 'NONE', ( #6210 ), #2786, .F. ) ;
#773 = CARTESIAN_POINT ( 'NONE',  ( 0.1050000000000013561, 1.870000000000000107, -0.3649999999999968270 ) ) ;
#774 = ORIENTED_EDGE ( 'NONE', *, *, #2013, .F. ) ;
#775 = DIRECTION ( 'NONE',  ( 0.000000000000000000, 0.000000000000000000, 1.000000000000000000 ) ) ;
#776 = ORIENTED_EDGE ( 'NONE', *, *, #6827, .T. ) ;
#777 = PLANE ( 'NONE',  #1988 ) ;
#778 = VERTEX_POINT ( 'NONE', #5518 ) ;
#779 = DIRECTION ( 'NONE',  ( -0.000000000000000000, -0.000000000000000000, 1.000000000000000000 ) ) ;
#780 = EDGE_CURVE ( 'NONE', #5115, #2601, #4440, .T. ) ;
#781 = DIRECTION ( 'NONE',  ( -1.000000000000000000, 0.000000000000000000, 0.000000000000000000 ) ) ;
#782 = ORIENTED_EDGE ( 'NONE', *, *, #730, .F. ) ;
#783 = CARTESIAN_POINT ( 'NONE',  ( -3.144432617519998807, 0.1000000000000000472, -0.8999999999999971356 ) ) ;
#784 = ORIENTED_EDGE ( 'NONE', *, *, #4824, .F. ) ;
#785 = EDGE_CURVE ( 'NONE', #6582, #6734, #1756, .T. ) ;
#786 = PLANE ( 'NONE',  #1863 ) ;
#787 = CARTESIAN_POINT ( 'NONE',  ( 1.500000000000001554, 0.6599999999999995870, 1.699999999999804112 ) ) ;
#788 = ORIENTED_EDGE ( 'NONE', *, *, #4505, .T. ) ;
#789 = ORIENTED_EDGE ( 'NONE', *, *, #3023, .T. ) ;
#790 = VERTEX_POINT ( 'NONE', #3407 ) ;
#791 = AXIS2_PLACEMENT_3D ( 'NONE', #1722, #6641, #604 ) ;
#792 = DIRECTION ( 'NONE',  ( 0.000000000000000000, 1.626303258735897755E-15, -1.000000000000000000 ) ) ;
#793 = FACE_OUTER_BOUND ( 'NONE', #3860, .T. ) ;
#794 = LINE ( 'NONE', #2988, #6199 ) ;
#795 = VECTOR ( 'NONE', #3223, 1000.000000000000000 ) ;
#796 = VECTOR ( 'NONE', #5232, 1000.000000000000000 ) ;
#797 = DIRECTION ( 'NONE',  ( 1.000000000000000000, 0.000000000000000000, 0.000000000000000000 ) ) ;
#798 = CARTESIAN_POINT ( 'NONE',  ( -0.8949999999999982414, 1.670000000000000151, -2.099999999999997868 ) ) ;
#799 = EDGE_CURVE ( 'NONE', #4871, #922, #127, .T. ) ;
#800 = EDGE_CURVE ( 'NONE', #6632, #2243, #2393, .T. ) ;
#801 = AXIS2_PLACEMENT_3D ( 'NONE', #1452, #6373, #3101 ) ;
#802 = VECTOR ( 'NONE', #2095, 1000.000000000000000 ) ;
#803 = DIRECTION ( 'NONE',  ( -1.000000000000000000, 0.000000000000000000, 0.000000000000000000 ) ) ;
#804 = ORIENTED_EDGE ( 'NONE', *, *, #257, .F. ) ;
#805 = CARTESIAN_POINT ( 'NONE',  ( -1.369999999999998774, 0.2800000000000000822, -1.024999999999997247 ) ) ;
#806 = CARTESIAN_POINT ( 'NONE',  ( 0.003200000000000001454, 0.001870000000000000134, 0.002100000000000002906 ) ) ;
#807 = LINE ( 'NONE', #2419, #6103 ) ;
#808 = VECTOR ( 'NONE', #6075, 1000.000000000000000 ) ;
#809 = VECTOR ( 'NONE', #1321, 1000.000000000000114 ) ;
#810 = CARTESIAN_POINT ( 'NONE',  ( -0.4999999999999987232, 0.1999999999999998723, -2.799999999999997602 ) ) ;
#811 = ORIENTED_EDGE ( 'NONE', *, *, #4634, .F. ) ;
#812 =( NAMED_UNIT ( * ) PLANE_ANGLE_UNIT ( ) SI_UNIT ( $, .RADIAN. ) );
#813 = EDGE_CURVE ( 'NONE', #1079, #1870, #6673, .T. ) ;
#814 = VERTEX_POINT ( 'NONE', #2324 ) ;
#815 = LINE ( 'NONE', #1855, #3817 ) ;
#816 = VERTEX_POINT ( 'NONE', #3977 ) ;
#817 = DIRECTION ( 'NONE',  ( 1.000000000000000000, -0.000000000000000000, -0.000000000000000000 ) ) ;
#818 = CARTESIAN_POINT ( 'NONE',  ( 4.000000000000001776, 1.659999999999999920, 2.100000000000002753 ) ) ;
#819 = EDGE_LOOP ( 'NONE', ( #3446, #2425, #3843, #41 ) ) ;
#820 = LINE ( 'NONE', #3009, #2055 ) ;
#821 = EDGE_CURVE ( 'NONE', #2436, #1323, #6169, .T. ) ;
#822 = ORIENTED_EDGE ( 'NONE', *, *, #2737, .F. ) ;
#823 = DIRECTION ( 'NONE',  ( 0.000000000000000000, -1.000000000000000000, 0.000000000000000000 ) ) ;
#824 = CARTESIAN_POINT ( 'NONE',  ( 0.9050000000000008038, 0.03748380441565956483, -2.084766404375725468 ) ) ;
#825 = DIRECTION ( 'NONE',  ( 0.000000000000000000, -1.000000000000000000, 0.000000000000000000 ) ) ;
#826 = VECTOR ( 'NONE', #2539, 1000.000000000000000 ) ;
#827 = EDGE_LOOP ( 'NONE', ( #3907, #5465, #3694, #6600 ) ) ;
#828 = EDGE_CURVE ( 'NONE', #5856, #1833, #5090, .T. ) ;
#829 = ORIENTED_EDGE ( 'NONE', *, *, #2271, .F. ) ;
#830 = CARTESIAN_POINT ( 'NONE',  ( -3.999999999999998224, 0.9600000000000001865, 2.100000000000002753 ) ) ;
#831 = LINE ( 'NONE', #5244, #1170 ) ;
#832 = AXIS2_PLACEMENT_3D ( 'NONE', #6568, #5657, #5118 ) ;
#833 = CARTESIAN_POINT ( 'NONE',  ( 1.105000000000001315, 1.870000000000000107, -2.099999999999997868 ) ) ;
#834 = LINE ( 'NONE', #221, #5747 ) ;
#835 = AXIS2_PLACEMENT_3D ( 'NONE', #5561, #5019, #4023 ) ;
#836 = LINE ( 'NONE', #1335, #6079 ) ;
#837 = EDGE_LOOP ( 'NONE', ( #6206, #2708, #1731, #6347 ) ) ;
#838 = LINE ( 'NONE', #1411, #2222 ) ;
#839 = CARTESIAN_POINT ( 'NONE',  ( 0.5950000000000013056, 0.8020083447047559044, 1.217369128957688895 ) ) ;
#840 = PRESENTATION_STYLE_ASSIGNMENT (( #367 ) ) ;
#841 = VECTOR ( 'NONE', #3722, 1000.000000000000000 ) ;
#842 = CARTESIAN_POINT ( 'NONE',  ( 0.09500000000000133338, 0.03748380441565956483, -2.084766404375725468 ) ) ;
#843 = EDGE_CURVE ( 'NONE', #664, #697, #3445, .T. ) ;
#844 = CARTESIAN_POINT ( 'NONE',  ( -1.549999999999998490, 1.050000000000000044, 1.200000000000003064 ) ) ;
#845 = ORIENTED_EDGE ( 'NONE', *, *, #4567, .T. ) ;
#846 = FACE_OUTER_BOUND ( 'NONE', #6825, .T. ) ;
#847 = VECTOR ( 'NONE', #5493, 1000.000000000000000 ) ;
#848 = VERTEX_POINT ( 'NONE', #6746 ) ;
#849 = CARTESIAN_POINT ( 'NONE',  ( -0.4049999999999986944, 0.6671189302731397319, 1.372529207435400744 ) ) ;
#850 = VERTEX_POINT ( 'NONE', #747 ) ;
#851 = LINE ( 'NONE', #3039, #4983 ) ;
#852 = EDGE_CURVE ( 'NONE', #5735, #2363, #5014, .T. ) ;
#853 = VECTOR ( 'NONE', #1539, 999.9999999999998863 ) ;
#854 = EDGE_CURVE ( 'NONE', #3897, #6632, #202, .T. ) ;
#855 = DIRECTION ( 'NONE',  ( -0.000000000000000000, -0.000000000000000000, -1.000000000000000000 ) ) ;
#856 = VERTEX_POINT ( 'NONE', #5128 ) ;
#857 = CARTESIAN_POINT ( 'NONE',  ( 1.550000000000001377, 1.195000000000000062, -0.2499999999999971967 ) ) ;
#858 = ORIENTED_EDGE ( 'NONE', *, *, #712, .T. ) ;
#859 = LINE ( 'NONE', #1394, #4957 ) ;
#860 = VECTOR ( 'NONE', #6952, 1000.000000000000000 ) ;
#861 = DIRECTION ( 'NONE',  ( 1.000000000000000000, -0.000000000000000000, -0.000000000000000000 ) ) ;
#862 = EDGE_CURVE ( 'NONE', #1323, #6404, #3906, .T. ) ;
#863 = VECTOR ( 'NONE', #660, 1000.000000000000114 ) ;
#864 = LINE ( 'NONE', #286, #1945 ) ;
#865 = ORIENTED_EDGE ( 'NONE', *, *, #4243, .F. ) ;
#866 = ORIENTED_EDGE ( 'NONE', *, *, #6389, .F. ) ;
#867 = ORIENTED_EDGE ( 'NONE', *, *, #5969, .T. ) ;
#868 = DIRECTION ( 'NONE',  ( 1.000000000000000000, 0.000000000000000000, -0.000000000000000000 ) ) ;
#869 = CARTESIAN_POINT ( 'NONE',  ( 1.301042606982605321E-15, 0.6600000000000002531, 2.100000000000002753 ) ) ;
#870 = EDGE_CURVE ( 'NONE', #5772, #2780, #1209, .T. ) ;
#871 = FACE_OUTER_BOUND ( 'NONE', #2466, .T. ) ;
#872 = DIRECTION ( 'NONE',  ( 0.000000000000000000, -0.05233595624254735318, -0.9986295347545945944 ) ) ;
#873 = VERTEX_POINT ( 'NONE', #5629 ) ;
#874 = CARTESIAN_POINT ( 'NONE',  ( -3.844432617519998541, 0.000000000000000000, -1.139999999999997460 ) ) ;
#875 = DIRECTION ( 'NONE',  ( 0.000000000000000000, 0.000000000000000000, 1.000000000000000000 ) ) ;
#876 = EDGE_CURVE ( 'NONE', #3678, #6386, #3371, .T. ) ;
#877 = CARTESIAN_POINT ( 'NONE',  ( -1.094999999999998863, 0.9600000000000001865, -2.099999999999997868 ) ) ;
#878 = ORIENTED_EDGE ( 'NONE', *, *, #4710, .T. ) ;
#879 =( LENGTH_UNIT ( ) NAMED_UNIT ( * ) SI_UNIT ( .MILLI., .METRE. ) );
#880 = ORIENTED_EDGE ( 'NONE', *, *, #5702, .T. ) ;
#881 = DIRECTION ( 'NONE',  ( 1.000000000000000000, 0.000000000000000000, -0.000000000000000000 ) ) ;
#882 = EDGE_CURVE ( 'NONE', #3248, #5147, #637, .T. ) ;
#883 = ORIENTED_EDGE ( 'NONE', *, *, #6318, .F. ) ;
#884 = LINE ( 'NONE', #2391, #4525 ) ;
#885 = DIRECTION ( 'NONE',  ( 1.000000000000000000, 0.000000000000000000, -0.000000000000000000 ) ) ;
#886 = VERTEX_POINT ( 'NONE', #4480 ) ;
#887 = LINE ( 'NONE', #243, #1828 ) ;
#888 = ORIENTED_EDGE ( 'NONE', *, *, #531, .T. ) ;
#889 = CARTESIAN_POINT ( 'NONE',  ( -1.369999999999998774, 1.640000000000000124, -2.089999999999997193 ) ) ;
#890 = EDGE_CURVE ( 'NONE', #5298, #4321, #2897, .T. ) ;
#891 = EDGE_LOOP ( 'NONE', ( #4943, #4145, #6615, #5505 ) ) ;
#892 = LINE ( 'NONE', #3077, #4380 ) ;
#893 = DIRECTION ( 'NONE',  ( 0.000000000000000000, 0.000000000000000000, 1.000000000000000000 ) ) ;
#894 = VERTEX_POINT ( 'NONE', #1352 ) ;
#895 = ORIENTED_EDGE ( 'NONE', *, *, #5572, .T. ) ;
#896 = CARTESIAN_POINT ( 'NONE',  ( 1.000000000000001332, 0.2500000000000000000, -1.989999999999996882 ) ) ;
#897 = CARTESIAN_POINT ( 'NONE',  ( 3.844432617520224582, 0.1999999999999998723, -0.8999999999999971356 ) ) ;
#898 = EDGE_CURVE ( 'NONE', #2861, #6957, #1860, .T. ) ;
#899 = LINE ( 'NONE', #2653, #1283 ) ;
#900 = AXIS2_PLACEMENT_3D ( 'NONE', #2084, #356, #1439 ) ;
#901 = CARTESIAN_POINT ( 'NONE',  ( 0.8950000000000012390, 0.05000000000000012768, -2.099999999999997868 ) ) ;
#902 = FACE_OUTER_BOUND ( 'NONE', #2639, .T. ) ;
#903 = ORIENTED_EDGE ( 'NONE', *, *, #2025, .T. ) ;
#904 = CARTESIAN_POINT ( 'NONE',  ( 0.3950000000000012390, 0.2500000000000000000, -1.399999999999997247 ) ) ;
#905 = VECTOR ( 'NONE', #6740, 1000.000000000000000 ) ;
#906 = DIRECTION ( 'NONE',  ( -0.000000000000000000, -0.000000000000000000, 1.000000000000000000 ) ) ;
#907 = AXIS2_PLACEMENT_3D ( 'NONE', #6608, #3191, #4368 ) ;
#908 = DIRECTION ( 'NONE',  ( 0.000000000000000000, -0.000000000000000000, 1.000000000000000000 ) ) ;
#909 = DIRECTION ( 'NONE',  ( 0.000000000000000000, 0.000000000000000000, 1.000000000000000000 ) ) ;
#910 = AXIS2_PLACEMENT_3D ( 'NONE', #5760, #6909, #2485 ) ;
#911 = AXIS2_PLACEMENT_3D ( 'NONE', #550, #2035, #453 ) ;
#912 = ORIENTED_EDGE ( 'NONE', *, *, #876, .F. ) ;
#913 = CARTESIAN_POINT ( 'NONE',  ( 0.6050000000000013145, 0.2500000000000000000, -1.749999999999997113 ) ) ;
#914 = EDGE_CURVE ( 'NONE', #6104, #6572, #4662, .T. ) ;
#915 = VERTEX_POINT ( 'NONE', #6894 ) ;
#916 = DIRECTION ( 'NONE',  ( -0.000000000000000000, 1.000000000000000000, -0.000000000000000000 ) ) ;
#917 = ORIENTED_EDGE ( 'NONE', *, *, #5347, .T. ) ;
#918 = LINE ( 'NONE', #3069, #4647 ) ;
#919 = CARTESIAN_POINT ( 'NONE',  ( 0.9050000000000008038, 0.7926488764346635296, 1.237440573436329627 ) ) ;
#920 = VECTOR ( 'NONE', #183, 1000.000000000000000 ) ;
#921 = VECTOR ( 'NONE', #118, 1000.000000000000000 ) ;
#922 = VERTEX_POINT ( 'NONE', #308 ) ;
#923 = DIRECTION ( 'NONE',  ( -1.000000000000000000, 0.000000000000000000, 0.000000000000000000 ) ) ;
#924 = VERTEX_POINT ( 'NONE', #1319 ) ;
#925 = LINE ( 'NONE', #2677, #1414 ) ;
#926 = ORIENTED_EDGE ( 'NONE', *, *, #3499, .F. ) ;
#927 = CARTESIAN_POINT ( 'NONE',  ( 2.800000000000001155, 0.1600000000000001976, 0.7000000000000029532 ) ) ;
#928 = PLANE ( 'NONE',  #5526 ) ;
#929 = EDGE_CURVE ( 'NONE', #2321, #6000, #4117, .T. ) ;
#930 = LINE ( 'NONE', #532, #2976 ) ;
#931 = EDGE_CURVE ( 'NONE', #1625, #5772, #6857, .T. ) ;
#932 = VERTEX_POINT ( 'NONE', #240 ) ;
#933 = ORIENTED_EDGE ( 'NONE', *, *, #4059, .T. ) ;
#934 = CARTESIAN_POINT ( 'NONE',  ( -1.104999999999998428, 0.1500000000000001887, -1.749999999999997113 ) ) ;
#935 = DIRECTION ( 'NONE',  ( 1.000000000000000000, -0.000000000000000000, -0.000000000000000000 ) ) ;
#936 = CARTESIAN_POINT ( 'NONE',  ( -0.9049999999999986944, 0.8099999999999997202, -2.299999999999992273 ) ) ;
#937 = EDGE_CURVE ( 'NONE', #3472, #6525, #4728, .T. ) ;
#938 = EDGE_CURVE ( 'NONE', #6970, #150, #6345, .T. ) ;
#939 = DIRECTION ( 'NONE',  ( -1.000000000000000000, 0.000000000000000000, 0.000000000000000000 ) ) ;
#940 = VECTOR ( 'NONE', #4736, 1000.000000000000000 ) ;
#941 = VERTEX_POINT ( 'NONE', #6928 ) ;
#942 = LINE ( 'NONE', #3629, #2562 ) ;
#943 = CARTESIAN_POINT ( 'NONE',  ( 0.1050000000000013561, 1.670000000000000151, -1.399999999999997247 ) ) ;
#944 = FILL_AREA_STYLE ('',( #2456 ) ) ;
#945 = AXIS2_PLACEMENT_3D ( 'NONE', #6530, #3795, #5987 ) ;
#946 = EDGE_CURVE ( 'NONE', #2741, #4788, #5703, .T. ) ;
#947 = LINE ( 'NONE', #1622, #5501 ) ;
#948 = ORIENTED_EDGE ( 'NONE', *, *, #3054, .F. ) ;
#949 = CARTESIAN_POINT ( 'NONE',  ( 3.200000000000001510, 0.05000000000000012768, 0.05000000000000316691 ) ) ;
#950 = EDGE_LOOP ( 'NONE', ( #4085, #774, #978, #6202 ) ) ;
#951 = PLANE ( 'NONE',  #3022 ) ;
#952 = ORIENTED_EDGE ( 'NONE', *, *, #4267, .F. ) ;
#953 = VECTOR ( 'NONE', #132, 1000.000000000000000 ) ;
#954 = CARTESIAN_POINT ( 'NONE',  ( 0.4050000000000008593, 0.3211003463129999402, -2.300000000000228084 ) ) ;
#955 = FACE_OUTER_BOUND ( 'NONE', #3523, .T. ) ;
#956 = VECTOR ( 'NONE', #881, 1000.000000000000000 ) ;
#957 = ORIENTED_EDGE ( 'NONE', *, *, #5463, .T. ) ;
#958 = DIRECTION ( 'NONE',  ( 0.000000000000000000, -1.000000000000000000, 0.000000000000000000 ) ) ;
#959 = ORIENTED_EDGE ( 'NONE', *, *, #4178, .F. ) ;
#960 = CARTESIAN_POINT ( 'NONE',  ( 1.514432617520001578, 0.9100000000000000311, -2.089999999999997193 ) ) ;
#961 = ORIENTED_EDGE ( 'NONE', *, *, #1533, .T. ) ;
#962 = CARTESIAN_POINT ( 'NONE',  ( -0.9049999999999986944, 0.2500000000000000000, -2.099999999999997868 ) ) ;
#963 = VECTOR ( 'NONE', #3316, 1000.000000000000000 ) ;
#964 = DIRECTION ( 'NONE',  ( -1.000000000000000000, 0.000000000000000000, 0.000000000000000000 ) ) ;
#965 = EDGE_CURVE ( 'NONE', #3275, #666, #3613, .T. ) ;
#966 = CARTESIAN_POINT ( 'NONE',  ( -1.719999999999998419, 0.9600000000000001865, 1.400000000000002798 ) ) ;
#967 = VERTEX_POINT ( 'NONE', #818 ) ;
#968 = VECTOR ( 'NONE', #2577, 1000.000000000000000 ) ;
#969 = ORIENTED_EDGE ( 'NONE', *, *, #4606, .F. ) ;
#970 = CARTESIAN_POINT ( 'NONE',  ( -3.199999999999998845, 0.9600000000000001865, 0.05000000000000316691 ) ) ;
#971 = CARTESIAN_POINT ( 'NONE',  ( -0.09499999999999916844, 0.1373467578910001763, -1.989999999999996882 ) ) ;
#972 = EDGE_CURVE ( 'NONE', #1338, #1612, #6822, .T. ) ;
#973 = LINE ( 'NONE', #5348, #713 ) ;
#974 = AXIS2_PLACEMENT_3D ( 'NONE', #2101, #5942, #2032 ) ;
#975 = CARTESIAN_POINT ( 'NONE',  ( -0.4049999999999986944, 0.2500000000000000000, -2.099999999999997868 ) ) ;
#976 = CARTESIAN_POINT ( 'NONE',  ( -1.514432617519998248, 0.9100000000000000311, -1.489999999999996882 ) ) ;
#977 = AXIS2_PLACEMENT_3D ( 'NONE', #7070, #3785, #3319 ) ;
#978 = ORIENTED_EDGE ( 'NONE', *, *, #173, .T. ) ;
#979 = CARTESIAN_POINT ( 'NONE',  ( -1.549999999999998490, 1.200000000000000178, -0.5999999999999972022 ) ) ;
#980 = ADVANCED_FACE ( 'NONE', ( #2432 ), #4627, .F. ) ;
#981 = DIRECTION ( 'NONE',  ( -1.000000000000000000, 0.000000000000000000, 0.000000000000000000 ) ) ;
#982 = DIRECTION ( 'NONE',  ( 0.000000000000000000, 0.000000000000000000, 1.000000000000000000 ) ) ;
#983 = ORIENTED_EDGE ( 'NONE', *, *, #5145, .F. ) ;
#984 = LINE ( 'NONE', #5358, #5740 ) ;
#985 = ORIENTED_EDGE ( 'NONE', *, *, #6121, .T. ) ;
#986 = CARTESIAN_POINT ( 'NONE',  ( -0.5949999999999991962, 0.9600000000000001865, -2.099999999999997868 ) ) ;
#987 = ORIENTED_EDGE ( 'NONE', *, *, #4757, .F. ) ;
#988 = EDGE_CURVE ( 'NONE', #666, #5432, #5811, .T. ) ;
#989 = LINE ( 'NONE', #4793, #1893 ) ;
#990 = PLANE ( 'NONE',  #4654 ) ;
#991 = CARTESIAN_POINT ( 'NONE',  ( -2.799999999999998490, 1.760000000000000009, 1.650000000000002798 ) ) ;
#992 = EDGE_LOOP ( 'NONE', ( #2036, #2526, #5519, #6269, #2782, #3608 ) ) ;
#993 = DIRECTION ( 'NONE',  ( -0.000000000000000000, -0.000000000000000000, -1.000000000000000000 ) ) ;
#994 = VERTEX_POINT ( 'NONE', #5842 ) ;
#995 = CARTESIAN_POINT ( 'NONE',  ( 0.09500000000000133338, 0.8099999999999997202, -2.799999999999997602 ) ) ;
#996 = ORIENTED_EDGE ( 'NONE', *, *, #3797, .F. ) ;
#997 = EDGE_CURVE ( 'NONE', #1801, #3636, #4186, .T. ) ;
#998 = DIRECTION ( 'NONE',  ( 0.000000000000000000, -0.05303311836778312055, -0.9985927540074525099 ) ) ;
#999 = LINE ( 'NONE', #5817, #369 ) ;
#1000 = CARTESIAN_POINT ( 'NONE',  ( -1.514432617520060642, 0.1999999999999998723, -2.089999999999997193 ) ) ;
#1001 = VERTEX_POINT ( 'NONE', #1926 ) ;
#1002 = ORIENTED_EDGE ( 'NONE', *, *, #332, .T. ) ;
#1003 = CARTESIAN_POINT ( 'NONE',  ( 3.200000000000001510, 1.870000000000000107, 0.05000000000000316691 ) ) ;
#1004 = LINE ( 'NONE', #3234, #6108 ) ;
#1005 = EDGE_CURVE ( 'NONE', #915, #5370, #344, .T. ) ;
#1006 = DIRECTION ( 'NONE',  ( 0.000000000000000000, -0.9985927540074335251, 0.05303311836814177116 ) ) ;
#1007 = EDGE_CURVE ( 'NONE', #4981, #994, #3006, .T. ) ;
#1008 = DIRECTION ( 'NONE',  ( 1.000000000000000000, -0.000000000000000000, -0.000000000000000000 ) ) ;
#1009 = FACE_OUTER_BOUND ( 'NONE', #2226, .T. ) ;
#1010 = ORIENTED_EDGE ( 'NONE', *, *, #3811, .T. ) ;
#1011 = DIRECTION ( 'NONE',  ( 0.000000000000000000, 0.000000000000000000, -1.000000000000000000 ) ) ;
#1012 = CARTESIAN_POINT ( 'NONE',  ( -0.9999999999999991118, 0.01874190220800021900, -2.442383202187996538 ) ) ;
#1013 = EDGE_CURVE ( 'NONE', #1779, #4880, #2000, .T. ) ;
#1014 = PLANE ( 'NONE',  #1723 ) ;
#1015 = ADVANCED_FACE ( 'NONE', ( #381 ), #1390, .T. ) ;
#1016 = PLANE ( 'NONE',  #1252 ) ;
#1017 = ORIENTED_EDGE ( 'NONE', *, *, #2359, .F. ) ;
#1018 = VECTOR ( 'NONE', #5462, 1000.000000000000227 ) ;
#1019 = CLOSED_SHELL ( 'NONE', ( #4014, #1823, #1804, #6842, #6995, #2524, #1782, #4041, #6329, #5801, #3007, #4912, #5878, #1942, #1056, #4650, #188, #4460, #6215, #504, #1746, #46, #2043, #3201, #3554, #4515, #3568, #2686, #2086, #368, #5845, #1755, #508, #1791, #6472, #3921, #2868, #720, #6639, #3099, #95, #5386, #2156, #6763, #6188, #2896, #4960, #579, #1615, #5716, #403, #5486, #5099, #1015, #1813, #352, #1983, #5809, #1295, #5011, #155, #4897, #7072, #1621, #4025, #6625, #6594, #2906, #4422, #6785, #4353, #1458, #3788, #3091, #5932, #4995, #2609, #3853, #5816, #2815, #4148, #1103, #4541, #85, #5020, #763, #6526, #3612, #4175, #5977, #2279, #2003, #6914, #2949, #1168, #6510, #5282, #4223, #1342, #4001, #126, #292, #2805, #4665, #5605, #165, #1109, #4794, #6913, #3819, #5863, #5222, #5795, #3972, #5156, #3297, #4233, #3155, #669, #6010, #1676, #7038, #5738, #5012, #1904, #772, #4968, #145, #6731, #200, #3042, #6681, #3646, #2728, #6856, #6803, #4082, #6409, #7093, #5354, #4407, #6606, #4187, #5109, #3464, #476, #3962, #5497, #3632, #3481, #4747, #6925, #1482, #4370, #3290, #283, #3389, #3603, #2175, #6437, #6470, #3748, #360, #5133, #5331, #241, #2584, #359, #6786, #6004, #5823, #136, #5758, #2831, #698, #3073, #1077, #6550, #2113, #3658, #3804, #3081, #4342, #5549, #629, #5650, #3422, #6461, #2659, #4316, #6691, #1687, #3167, #2134, #2365, #6396, #317, #5675, #1037, #4980, #4579, #7087, #1927, #4718, #2289, #6509, #3514, #7007, #6339, #3261, #3136, #3922, #2600, #4841, #980, #3185, #1708, #1841, #5028 ) ) ;
#1020 = CARTESIAN_POINT ( 'NONE',  ( -0.09499999999999959865, 0.6850000000000000533, 0.5500000000000024869 ) ) ;
#1021 = ORIENTED_EDGE ( 'NONE', *, *, #3452, .F. ) ;
#1022 = DIRECTION ( 'NONE',  ( 0.000000000000000000, -1.000000000000000000, 0.000000000000000000 ) ) ;
#1023 = VECTOR ( 'NONE', #5844, 1000.000000000000000 ) ;
#1024 = VECTOR ( 'NONE', #4125, 1000.000000000000000 ) ;
#1025 = CARTESIAN_POINT ( 'NONE',  ( 1.500000000000001554, 0.6600000000000002531, 2.100000000000004530 ) ) ;
#1026 = EDGE_CURVE ( 'NONE', #6930, #1699, #2103, .T. ) ;
#1027 = ORIENTED_EDGE ( 'NONE', *, *, #679, .F. ) ;
#1028 = CARTESIAN_POINT ( 'NONE',  ( 2.800000000000001155, 0.9600000000000001865, 2.100000000000002753 ) ) ;
#1029 = VERTEX_POINT ( 'NONE', #486 ) ;
#1030 = CARTESIAN_POINT ( 'NONE',  ( -2.264432617519998914, 1.820000000000000284, -1.139999999999997460 ) ) ;
#1031 = ORIENTED_EDGE ( 'NONE', *, *, #4534, .F. ) ;
#1032 = VECTOR ( 'NONE', #6695, 1000.000000000000000 ) ;
#1033 = PLANE ( 'NONE',  #2224 ) ;
#1034 = VECTOR ( 'NONE', #2525, 1000.000000000000000 ) ;
#1035 = DIRECTION ( 'NONE',  ( 0.000000000000000000, 0.000000000000000000, -1.000000000000000000 ) ) ;
#1036 = DIRECTION ( 'NONE',  ( 1.000000000000000000, -0.000000000000000000, -0.000000000000000000 ) ) ;
#1037 = ADVANCED_FACE ( 'NONE', ( #4833 ), #7035, .T. ) ;
#1038 = VECTOR ( 'NONE', #407, 1000.000000000000000 ) ;
#1039 = EDGE_LOOP ( 'NONE', ( #585, #1701, #170, #593 ) ) ;
#1040 = ORIENTED_EDGE ( 'NONE', *, *, #1395, .T. ) ;
#1041 = PLANE ( 'NONE',  #1123 ) ;
#1042 = CARTESIAN_POINT ( 'NONE',  ( -0.5949999999999991962, 0.3211003463129999402, -2.399999999999998579 ) ) ;
#1043 = DIRECTION ( 'NONE',  ( -0.000000000000000000, 0.4226182617254299889, -0.9063077870437702410 ) ) ;
#1044 = DIRECTION ( 'NONE',  ( 1.000000000000000000, -0.000000000000000000, -0.000000000000000000 ) ) ;
#1045 = VERTEX_POINT ( 'NONE', #3787 ) ;
#1046 = DIRECTION ( 'NONE',  ( 0.000000000000000000, -1.000000000000000000, 0.000000000000000000 ) ) ;
#1047 = DIRECTION ( 'NONE',  ( -0.000000000000000000, 1.000000000000000000, -0.000000000000000000 ) ) ;
#1048 = CARTESIAN_POINT ( 'NONE',  ( 1.301042606982605321E-15, 1.620000000000002993, -2.099999999999997868 ) ) ;
#1049 = DIRECTION ( 'NONE',  ( 1.000000000000000000, -0.000000000000000000, -0.000000000000000000 ) ) ;
#1050 = VECTOR ( 'NONE', #964, 1000.000000000000000 ) ;
#1051 = CARTESIAN_POINT ( 'NONE',  ( -0.9049999999999986944, 0.03748380441565956483, -2.084766404375725468 ) ) ;
#1052 = VERTEX_POINT ( 'NONE', #5470 ) ;
#1053 = CARTESIAN_POINT ( 'NONE',  ( -3.499999999999998668, 0.9100000000000000311, 0.7000000000000029532 ) ) ;
#1054 = EDGE_LOOP ( 'NONE', ( #466, #6377, #3324, #1194 ) ) ;
#1055 = DIRECTION ( 'NONE',  ( 0.000000000000000000, 0.000000000000000000, 1.000000000000000000 ) ) ;
#1056 = ADVANCED_FACE ( 'NONE', ( #3221 ), #6015, .T. ) ;
#1057 = LINE ( 'NONE', #5435, #54 ) ;
#1058 = AXIS2_PLACEMENT_3D ( 'NONE', #759, #2945, #1183 ) ;
#1059 = DIRECTION ( 'NONE',  ( 0.000000000000000000, 0.000000000000000000, 1.000000000000000000 ) ) ;
#1060 = ORIENTED_EDGE ( 'NONE', *, *, #3727, .T. ) ;
#1061 = DIRECTION ( 'NONE',  ( -0.000000000000000000, -0.000000000000000000, -1.000000000000000000 ) ) ;
#1062 = AXIS2_PLACEMENT_3D ( 'NONE', #253, #4641, #4066 ) ;
#1063 = VERTEX_POINT ( 'NONE', #2071 ) ;
#1064 = PLANE ( 'NONE',  #2558 ) ;
#1065 = VERTEX_POINT ( 'NONE', #1567 ) ;
#1066 = LINE ( 'NONE', #3687, #2680 ) ;
#1067 = EDGE_CURVE ( 'NONE', #3487, #3194, #2135, .T. ) ;
#1068 = EDGE_CURVE ( 'NONE', #4695, #6867, #2706, .T. ) ;
#1069 = CARTESIAN_POINT ( 'NONE',  ( -1.094999999999998863, 1.537398680584445287E-13, -2.800000000000002931 ) ) ;
#1070 = CIRCLE ( 'NONE', #3936, 0.09999999999953015917 ) ;
#1071 = DIRECTION ( 'NONE',  ( 0.000000000000000000, 0.05303311836814177116, 0.9985927540074335251 ) ) ;
#1072 = VERTEX_POINT ( 'NONE', #6451 ) ;
#1073 = ORIENTED_EDGE ( 'NONE', *, *, #215, .T. ) ;
#1074 = PLANE ( 'NONE',  #6296 ) ;
#1075 = CARTESIAN_POINT ( 'NONE',  ( -1.719999999999998419, 0.5500000000000001554, 1.370000000000002993 ) ) ;
#1076 = VECTOR ( 'NONE', #5219, 1000.000000000000000 ) ;
#1077 = ADVANCED_FACE ( 'NONE', ( #955 ), #5979, .T. ) ;
#1078 = DIRECTION ( 'NONE',  ( 0.000000000000000000, -0.05303311836778309973, -0.9985927540074525099 ) ) ;
#1079 = VERTEX_POINT ( 'NONE', #3287 ) ;
#1080 = ORIENTED_EDGE ( 'NONE', *, *, #5779, .T. ) ;
#1081 = PLANE ( 'NONE',  #6250 ) ;
#1082 = AXIS2_PLACEMENT_3D ( 'NONE', #1530, #3105, #4831 ) ;
#1083 = LINE ( 'NONE', #1620, #342 ) ;
#1084 = DIRECTION ( 'NONE',  ( 0.000000000000000000, 0.000000000000000000, -1.000000000000000000 ) ) ;
#1085 = STYLED_ITEM ( 'NONE', ( #840 ), #4042 ) ;
#1086 = CARTESIAN_POINT ( 'NONE',  ( 0.5950000000000013056, 1.620000000000000551, -2.099999999999997868 ) ) ;
#1087 = ORIENTED_EDGE ( 'NONE', *, *, #2195, .F. ) ;
#1088 = CARTESIAN_POINT ( 'NONE',  ( -3.199999999999998845, 1.640000000000000124, -2.099999999999997868 ) ) ;
#1089 = ORIENTED_EDGE ( 'NONE', *, *, #821, .T. ) ;
#1090 = EDGE_CURVE ( 'NONE', #3188, #4321, #6964, .T. ) ;
#1091 = CARTESIAN_POINT ( 'NONE',  ( 1.301042606982605321E-15, 1.050000000000000044, 1.200000000000002620 ) ) ;
#1092 = CARTESIAN_POINT ( 'NONE',  ( -0.8949999999999982414, 0.1500000000000001887, -1.749999999999997113 ) ) ;
#1093 = ORIENTED_EDGE ( 'NONE', *, *, #1313, .T. ) ;
#1094 = DIRECTION ( 'NONE',  ( -0.000000000000000000, 0.4226182617254299889, -0.9063077870437702410 ) ) ;
#1095 = EDGE_CURVE ( 'NONE', #6734, #6677, #5437, .T. ) ;
#1096 = ORIENTED_EDGE ( 'NONE', *, *, #3764, .F. ) ;
#1097 = LINE ( 'NONE', #5048, #6579 ) ;
#1098 = ORIENTED_EDGE ( 'NONE', *, *, #5580, .T. ) ;
#1099 = CARTESIAN_POINT ( 'NONE',  ( -2.299999999999998046, 0.5500000000000001554, 0.07500000000000300870 ) ) ;
#1100 = CARTESIAN_POINT ( 'NONE',  ( -0.4049999999999986944, 1.169999999999996598, -2.299999999999988720 ) ) ;
#1101 = PLANE ( 'NONE',  #2859 ) ;
#1102 = VERTEX_POINT ( 'NONE', #1025 ) ;
#1103 = ADVANCED_FACE ( 'NONE', ( #4795 ), #7102, .F. ) ;
#1104 = VERTEX_POINT ( 'NONE', #3821 ) ;
#1105 = LINE ( 'NONE', #2147, #330 ) ;
#1106 = DIRECTION ( 'NONE',  ( 0.000000000000000000, -1.000000000000000000, 0.000000000000000000 ) ) ;
#1107 = DIRECTION ( 'NONE',  ( -1.000000000000000000, 0.000000000000000000, 0.000000000000000000 ) ) ;
#1108 = EDGE_LOOP ( 'NONE', ( #4491, #6903, #5865, #5832 ) ) ;
#1109 = ADVANCED_FACE ( 'NONE', ( #5401 ), #4216, .F. ) ;
#1110 = ORIENTED_EDGE ( 'NONE', *, *, #6023, .F. ) ;
#1111 = ORIENTED_EDGE ( 'NONE', *, *, #181, .T. ) ;
#1112 = ORIENTED_EDGE ( 'NONE', *, *, #5686, .F. ) ;
#1113 = CARTESIAN_POINT ( 'NONE',  ( -0.4049999999999986944, 0.8020083447047559044, 1.217369128957688895 ) ) ;
#1114 = LINE ( 'NONE', #651, #2519 ) ;
#1115 = DIRECTION ( 'NONE',  ( -1.000000000000000000, 0.000000000000000000, 0.000000000000000000 ) ) ;
#1116 = LINE ( 'NONE', #3392, #6192 ) ;
#1117 = VERTEX_POINT ( 'NONE', #5334 ) ;
#1118 = LINE ( 'NONE', #622, #963 ) ;
#1119 = ORIENTED_EDGE ( 'NONE', *, *, #931, .T. ) ;
#1120 = PLANE ( 'NONE',  #3152 ) ;
#1121 = CARTESIAN_POINT ( 'NONE',  ( 0.5950000000000013056, 0.7086905952146391741, -0.5397673798720031835 ) ) ;
#1122 = EDGE_CURVE ( 'NONE', #2509, #4548, #6414, .T. ) ;
#1123 = AXIS2_PLACEMENT_3D ( 'NONE', #934, #3121, #5311 ) ;
#1124 = ORIENTED_EDGE ( 'NONE', *, *, #6289, .F. ) ;
#1125 = DIRECTION ( 'NONE',  ( -1.000000000000000000, 0.000000000000000000, 0.000000000000000000 ) ) ;
#1126 = VERTEX_POINT ( 'NONE', #6520 ) ;
#1127 = DIRECTION ( 'NONE',  ( -1.000000000000000000, -0.000000000000000000, 0.000000000000000000 ) ) ;
#1128 = ORIENTED_EDGE ( 'NONE', *, *, #6613, .F. ) ;
#1129 = LINE ( 'NONE', #6604, #6478 ) ;
#1130 = VECTOR ( 'NONE', #640, 1000.000000000000000 ) ;
#1131 = AXIS2_PLACEMENT_3D ( 'NONE', #4805, #5342, #3796 ) ;
#1132 = DIRECTION ( 'NONE',  ( -0.000000000000000000, 1.000000000000000000, -0.000000000000000000 ) ) ;
#1133 = ORIENTED_EDGE ( 'NONE', *, *, #4276, .F. ) ;
#1134 = LINE ( 'NONE', #3336, #2275 ) ;
#1135 = AXIS2_PLACEMENT_3D ( 'NONE', #4498, #6153, #6660 ) ;
#1136 = ORIENTED_EDGE ( 'NONE', *, *, #5409, .T. ) ;
#1137 = CARTESIAN_POINT ( 'NONE',  ( -0.9049999999999986944, 0.3211003463129999402, -2.300000000000230749 ) ) ;
#1138 = VECTOR ( 'NONE', #1381, 1000.000000000000114 ) ;
#1139 = LINE ( 'NONE', #2295, #953 ) ;
#1140 = CARTESIAN_POINT ( 'NONE',  ( 0.1050000000000013561, 1.870000000000000107, -2.099999999999997868 ) ) ;
#1141 = EDGE_CURVE ( 'NONE', #6000, #1219, #1633, .T. ) ;
#1142 = EDGE_CURVE ( 'NONE', #5164, #3148, #5877, .T. ) ;
#1143 = ORIENTED_EDGE ( 'NONE', *, *, #3734, .T. ) ;
#1144 = ORIENTED_EDGE ( 'NONE', *, *, #4224, .F. ) ;
#1145 = DIRECTION ( 'NONE',  ( 1.000000000000000000, -0.000000000000000000, -0.000000000000000000 ) ) ;
#1146 = VERTEX_POINT ( 'NONE', #1532 ) ;
#1147 = DIRECTION ( 'NONE',  ( -1.000000000000000000, 0.000000000000000000, 0.000000000000000000 ) ) ;
#1148 = LINE ( 'NONE', #6690, #4820 ) ;
#1149 = EDGE_CURVE ( 'NONE', #5598, #3328, #3718, .T. ) ;
#1150 = EDGE_CURVE ( 'NONE', #7096, #5663, #1785, .T. ) ;
#1151 = FACE_OUTER_BOUND ( 'NONE', #4427, .T. ) ;
#1152 = CARTESIAN_POINT ( 'NONE',  ( 0.9050000000000008038, 1.169999999999997931, -2.299999999999992273 ) ) ;
#1153 = ORIENTED_EDGE ( 'NONE', *, *, #5572, .F. ) ;
#1154 = LINE ( 'NONE', #546, #1419 ) ;
#1155 = ORIENTED_EDGE ( 'NONE', *, *, #2707, .F. ) ;
#1156 = FACE_OUTER_BOUND ( 'NONE', #686, .T. ) ;
#1157 = DIRECTION ( 'NONE',  ( 0.000000000000000000, 0.000000000000000000, -1.000000000000000000 ) ) ;
#1158 = EDGE_CURVE ( 'NONE', #6271, #2554, #5545, .T. ) ;
#1159 = VECTOR ( 'NONE', #5749, 1000.000000000000000 ) ;
#1160 = LINE ( 'NONE', #1747, #4350 ) ;
#1161 = ORIENTED_EDGE ( 'NONE', *, *, #2249, .T. ) ;
#1162 = CARTESIAN_POINT ( 'NONE',  ( -0.09499999999999916844, 1.395000000000000240, -2.199999999999997069 ) ) ;
#1163 = ORIENTED_EDGE ( 'NONE', *, *, #586, .T. ) ;
#1164 = DIRECTION ( 'NONE',  ( -1.000000000000000000, 0.000000000000000000, 0.000000000000000000 ) ) ;
#1165 = EDGE_LOOP ( 'NONE', ( #4975, #1456, #5846, #456 ) ) ;
#1166 = CIRCLE ( 'NONE', #4731, 0.2999999999999999334 ) ;
#1167 = DIRECTION ( 'NONE',  ( 0.000000000000000000, -1.000000000000000000, 0.000000000000000000 ) ) ;
#1168 = ADVANCED_FACE ( 'NONE', ( #661 ), #4469, .F. ) ;
#1169 = CARTESIAN_POINT ( 'NONE',  ( 0.5000000000000013323, 0.2500000000000000000, -1.989999999999996882 ) ) ;
#1170 = VECTOR ( 'NONE', #935, 1000.000000000000000 ) ;
#1171 = EDGE_LOOP ( 'NONE', ( #5945, #3719, #4894, #6950 ) ) ;
#1172 = CARTESIAN_POINT ( 'NONE',  ( 0.09500000000000133338, 0.2500000000000000000, -2.099999999999997868 ) ) ;
#1173 = ORIENTED_EDGE ( 'NONE', *, *, #937, .F. ) ;
#1174 = DIRECTION ( 'NONE',  ( 1.000000000000000000, -0.000000000000000000, -0.000000000000000000 ) ) ;
#1175 = CARTESIAN_POINT ( 'NONE',  ( -1.094999999999998863, 0.2500000000000000000, -0.6999999999999970690 ) ) ;
#1176 = VECTOR ( 'NONE', #1455, 1000.000000000000000 ) ;
#1177 = EDGE_CURVE ( 'NONE', #1399, #1290, #1160, .T. ) ;
#1178 = CARTESIAN_POINT ( 'NONE',  ( 0.4050000000000008593, 0.8020083447048534930, 1.217369128957734636 ) ) ;
#1179 = VERTEX_POINT ( 'NONE', #2816 ) ;
#1180 = VECTOR ( 'NONE', #6548, 1000.000000000000000 ) ;
#1181 = VERTEX_POINT ( 'NONE', #9 ) ;
#1182 = VERTEX_POINT ( 'NONE', #6124 ) ;
#1183 = DIRECTION ( 'NONE',  ( 0.000000000000000000, 0.000000000000000000, -1.000000000000000000 ) ) ;
#1184 = EDGE_CURVE ( 'NONE', #6038, #6183, #3896, .T. ) ;
#1185 = ORIENTED_EDGE ( 'NONE', *, *, #4453, .T. ) ;
#1186 = CARTESIAN_POINT ( 'NONE',  ( -0.6049999999999987610, 0.9600000000000001865, -2.099999999999997868 ) ) ;
#1187 = CARTESIAN_POINT ( 'NONE',  ( 3.750000000000001776, 0.9100000000000000311, 0.7000000000000029532 ) ) ;
#1188 = VECTOR ( 'NONE', #3543, 1000.000000000000000 ) ;
#1189 = CARTESIAN_POINT ( 'NONE',  ( 0.5950000000000013056, 1.025655255171287195E-13, -2.800000000000002931 ) ) ;
#1190 = LINE ( 'NONE', #3993, #4921 ) ;
#1191 = EDGE_CURVE ( 'NONE', #3850, #2825, #3469, .T. ) ;
#1192 = VECTOR ( 'NONE', #3216, 1000.000000000000000 ) ;
#1193 = EDGE_CURVE ( 'NONE', #6452, #2827, #3969, .T. ) ;
#1194 = ORIENTED_EDGE ( 'NONE', *, *, #3367, .T. ) ;
#1195 = DIRECTION ( 'NONE',  ( 1.000000000000000000, -0.000000000000000000, -0.000000000000000000 ) ) ;
#1196 = ORIENTED_EDGE ( 'NONE', *, *, #6445, .T. ) ;
#1197 = DIRECTION ( 'NONE',  ( 0.000000000000000000, 0.000000000000000000, -1.000000000000000000 ) ) ;
#1198 = DIRECTION ( 'NONE',  ( -0.000000000000000000, -0.000000000000000000, -1.000000000000000000 ) ) ;
#1199 = VECTOR ( 'NONE', #817, 1000.000000000000000 ) ;
#1200 = CARTESIAN_POINT ( 'NONE',  ( -0.4999999999999987232, 0.2212373928367622478, -2.394766404375739732 ) ) ;
#1201 = EDGE_LOOP ( 'NONE', ( #234, #3939, #2543, #412 ) ) ;
#1202 = DIRECTION ( 'NONE',  ( -0.000000000000000000, 1.000000000000000000, -0.000000000000000000 ) ) ;
#1203 = EDGE_CURVE ( 'NONE', #2554, #5351, #5043, .T. ) ;
#1204 = EDGE_LOOP ( 'NONE', ( #4830, #5135, #630, #3113, #81, #3266, #5532, #6286, #371, #788 ) ) ;
#1205 = DIRECTION ( 'NONE',  ( -0.000000000000000000, 1.000000000000000000, -0.000000000000000000 ) ) ;
#1206 = VECTOR ( 'NONE', #6158, 1000.000000000000000 ) ;
#1207 = VERTEX_POINT ( 'NONE', #6161 ) ;
#1208 = LINE ( 'NONE', #5050, #5429 ) ;
#1209 = LINE ( 'NONE', #6058, #7112 ) ;
#1210 = ORIENTED_EDGE ( 'NONE', *, *, #5289, .F. ) ;
#1211 = LINE ( 'NONE', #3447, #6528 ) ;
#1212 = EDGE_CURVE ( 'NONE', #2798, #1117, #156, .T. ) ;
#1213 = VERTEX_POINT ( 'NONE', #3856 ) ;
#1214 = DIRECTION ( 'NONE',  ( 0.000000000000000000, -1.000000000000000000, 0.000000000000000000 ) ) ;
#1215 = DIRECTION ( 'NONE',  ( 0.000000000000000000, 0.000000000000000000, -1.000000000000000000 ) ) ;
#1216 = DIRECTION ( 'NONE',  ( 0.000000000000000000, 0.000000000000000000, 1.000000000000000000 ) ) ;
#1217 = ORIENTED_EDGE ( 'NONE', *, *, #4939, .F. ) ;
#1218 = EDGE_CURVE ( 'NONE', #2321, #1239, #3360, .T. ) ;
#1219 = VERTEX_POINT ( 'NONE', #5004 ) ;
#1220 = ORIENTED_EDGE ( 'NONE', *, *, #1376, .F. ) ;
#1221 = ORIENTED_EDGE ( 'NONE', *, *, #5072, .T. ) ;
#1222 = DIRECTION ( 'NONE',  ( 1.000000000000000000, 0.000000000000000000, 0.000000000000000000 ) ) ;
#1223 = CARTESIAN_POINT ( 'NONE',  ( 0.5000000000000013323, 0.1373467578910001763, -1.989999999999996882 ) ) ;
#1224 = LINE ( 'NONE', #618, #6547 ) ;
#1225 = DIRECTION ( 'NONE',  ( 0.000000000000000000, 0.000000000000000000, 1.000000000000000000 ) ) ;
#1226 = ORIENTED_EDGE ( 'NONE', *, *, #3674, .T. ) ;
#1227 = LINE ( 'NONE', #1665, #3711 ) ;
#1228 = EDGE_LOOP ( 'NONE', ( #5074, #113, #376, #7104, #7013, #6420, #5941, #3203, #6684, #4160 ) ) ;
#1229 = FACE_OUTER_BOUND ( 'NONE', #5879, .T. ) ;
#1230 = LINE ( 'NONE', #6736, #3840 ) ;
#1231 = CARTESIAN_POINT ( 'NONE',  ( 0.09500000000000133338, 0.2500000000000000000, -0.6999999999999970690 ) ) ;
#1232 = EDGE_CURVE ( 'NONE', #1400, #3275, #2316, .T. ) ;
#1233 = EDGE_CURVE ( 'NONE', #5743, #1275, #6703, .T. ) ;
#1234 = CARTESIAN_POINT ( 'NONE',  ( 2.300000000000001155, 1.340000000000000080, 0.07500000000000300870 ) ) ;
#1235 = VERTEX_POINT ( 'NONE', #702 ) ;
#1236 = CARTESIAN_POINT ( 'NONE',  ( -2.264432617519998914, 1.640000000000000124, -0.1899999999999970324 ) ) ;
#1237 = ORIENTED_EDGE ( 'NONE', *, *, #1632, .T. ) ;
#1238 = CARTESIAN_POINT ( 'NONE',  ( -0.9999999999999991118, 3.083470978548774610E-13, -2.800000000000010925 ) ) ;
#1239 = VERTEX_POINT ( 'NONE', #1121 ) ;
#1240 = CARTESIAN_POINT ( 'NONE',  ( -0.6049999999999987610, 0.1500000000000001887, -1.399999999999997247 ) ) ;
#1241 = EDGE_CURVE ( 'NONE', #3372, #1856, #5081, .T. ) ;
#1242 = CARTESIAN_POINT ( 'NONE',  ( 1.301042606982605321E-15, 0.2500000000000000000, -2.099999999999997868 ) ) ;
#1243 = EDGE_LOOP ( 'NONE', ( #2836, #2864, #4402, #2531 ) ) ;
#1244 = CARTESIAN_POINT ( 'NONE',  ( -2.232216308760998746, 1.820000000000000062, -2.089999999999997193 ) ) ;
#1245 = ORIENTED_EDGE ( 'NONE', *, *, #1365, .T. ) ;
#1246 = PLANE ( 'NONE',  #6181 ) ;
#1247 = DIRECTION ( 'NONE',  ( -0.000000000000000000, 1.000000000000000000, -0.000000000000000000 ) ) ;
#1248 = AXIS2_PLACEMENT_3D ( 'NONE', #2674, #4326, #4935 ) ;
#1249 = AXIS2_PLACEMENT_3D ( 'NONE', #2695, #510, #3703 ) ;
#1250 = CARTESIAN_POINT ( 'NONE',  ( -0.8949999999999982414, 1.670000000000000151, -1.749999999999997113 ) ) ;
#1251 = EDGE_CURVE ( 'NONE', #6163, #1655, #4003, .T. ) ;
#1252 = AXIS2_PLACEMENT_3D ( 'NONE', #2028, #3247, #2159 ) ;
#1253 = VECTOR ( 'NONE', #6390, 1000.000000000000000 ) ;
#1254 = ORIENTED_EDGE ( 'NONE', *, *, #6753, .F. ) ;
#1255 = ORIENTED_EDGE ( 'NONE', *, *, #104, .F. ) ;
#1256 = ORIENTED_EDGE ( 'NONE', *, *, #5988, .T. ) ;
#1257 = LINE ( 'NONE', #2370, #3010 ) ;
#1258 = VERTEX_POINT ( 'NONE', #5509 ) ;
#1259 = PLANE ( 'NONE',  #7055 ) ;
#1260 = VECTOR ( 'NONE', #2950, 1000.000000000000000 ) ;
#1261 = CARTESIAN_POINT ( 'NONE',  ( -1.369999999999998774, 0.05000000000000012768, 2.602085213965210642E-15 ) ) ;
#1262 = VECTOR ( 'NONE', #1669, 1000.000000000000000 ) ;
#1263 = DIRECTION ( 'NONE',  ( -1.000000000000000000, 0.000000000000000000, 0.000000000000000000 ) ) ;
#1264 = PLANE ( 'NONE',  #3088 ) ;
#1265 = VERTEX_POINT ( 'NONE', #1272 ) ;
#1266 = LINE ( 'NONE', #2882, #6243 ) ;
#1267 = ORIENTED_EDGE ( 'NONE', *, *, #4919, .T. ) ;
#1268 = PLANE ( 'NONE',  #5676 ) ;
#1269 = FACE_OUTER_BOUND ( 'NONE', #3083, .T. ) ;
#1270 = DIRECTION ( 'NONE',  ( 0.000000000000000000, 3.523657060577880339E-15, 1.000000000000000000 ) ) ;
#1271 = EDGE_CURVE ( 'NONE', #3326, #3956, #590, .T. ) ;
#1272 = CARTESIAN_POINT ( 'NONE',  ( -1.514432617520060642, 0.1999999999999998723, -1.489999999999996882 ) ) ;
#1273 = ORIENTED_EDGE ( 'NONE', *, *, #5119, .T. ) ;
#1274 = LINE ( 'NONE', #5660, #2732 ) ;
#1275 = VERTEX_POINT ( 'NONE', #4969 ) ;
#1276 = CARTESIAN_POINT ( 'NONE',  ( -0.09499999999999916844, 0.2500000000000000000, -1.989999999999996882 ) ) ;
#1277 = EDGE_CURVE ( 'NONE', #1102, #538, #6087, .T. ) ;
#1278 = ORIENTED_EDGE ( 'NONE', *, *, #617, .F. ) ;
#1279 = CARTESIAN_POINT ( 'NONE',  ( -1.094999999999998863, 0.7926488764346635296, 1.237440573436329627 ) ) ;
#1280 = CARTESIAN_POINT ( 'NONE',  ( 0.4050000000000008593, 0.8099999999999997202, -1.989999999999996882 ) ) ;
#1281 = ORIENTED_EDGE ( 'NONE', *, *, #4139, .T. ) ;
#1282 = LINE ( 'NONE', #1244, #5840 ) ;
#1283 = VECTOR ( 'NONE', #1043, 1000.000000000000000 ) ;
#1284 = ORIENTED_EDGE ( 'NONE', *, *, #6851, .F. ) ;
#1285 = CARTESIAN_POINT ( 'NONE',  ( -1.369999999999998774, 0.2800000000000000822, -1.024999999999997247 ) ) ;
#1286 = LINE ( 'NONE', #2364, #6233 ) ;
#1287 = EDGE_CURVE ( 'NONE', #2776, #1052, #1704, .T. ) ;
#1288 = CARTESIAN_POINT ( 'NONE',  ( -0.5949999999999996403, 0.7086905952146389520, -0.5397673798720101779 ) ) ;
#1289 = VECTOR ( 'NONE', #5270, 1000.000000000000000 ) ;
#1290 = VERTEX_POINT ( 'NONE', #1885 ) ;
#1291 = EDGE_LOOP ( 'NONE', ( #7124, #1281, #5292, #1834 ) ) ;
#1292 = ORIENTED_EDGE ( 'NONE', *, *, #3166, .T. ) ;
#1293 = CARTESIAN_POINT ( 'NONE',  ( -0.1049999999999987610, 0.05000000000000012768, -1.399999999999997247 ) ) ;
#1294 = AXIS2_PLACEMENT_3D ( 'NONE', #1042, #502, #1513 ) ;
#1295 = ADVANCED_FACE ( 'NONE', ( #5151 ), #6881, .T. ) ;
#1296 = VERTEX_POINT ( 'NONE', #844 ) ;
#1297 = DIRECTION ( 'NONE',  ( -1.000000000000000000, 0.000000000000000000, 0.000000000000000000 ) ) ;
#1298 = PLANE ( 'NONE',  #7122 ) ;
#1299 = AXIS2_PLACEMENT_3D ( 'NONE', #2495, #198, #6782 ) ;
#1300 = DIRECTION ( 'NONE',  ( 0.000000000000000000, -0.02173399540922035106, 0.9997637888239161441 ) ) ;
#1301 = DIRECTION ( 'NONE',  ( -1.000000000000000000, 0.000000000000000000, 0.000000000000000000 ) ) ;
#1302 = EDGE_CURVE ( 'NONE', #790, #6677, #3537, .T. ) ;
#1303 = ORIENTED_EDGE ( 'NONE', *, *, #3145, .T. ) ;
#1304 = FACE_OUTER_BOUND ( 'NONE', #3599, .T. ) ;
#1305 = ORIENTED_EDGE ( 'NONE', *, *, #2506, .T. ) ;
#1306 = CIRCLE ( 'NONE', #6471, 0.1000000000000002554 ) ;
#1307 = CARTESIAN_POINT ( 'NONE',  ( -0.3949999999999986300, 0.05000000000000012768, -2.099999999999997868 ) ) ;
#1308 = DIRECTION ( 'NONE',  ( 1.000000000000000000, -0.000000000000000000, -0.000000000000000000 ) ) ;
#1309 = PLANE ( 'NONE',  #4953 ) ;
#1310 = CARTESIAN_POINT ( 'NONE',  ( -0.3949999999999986300, 0.05000000000000012768, 2.602085213965210642E-15 ) ) ;
#1311 = VECTOR ( 'NONE', #4300, 1000.000000000000000 ) ;
#1312 = ORIENTED_EDGE ( 'NONE', *, *, #4824, .T. ) ;
#1313 = EDGE_CURVE ( 'NONE', #4321, #3109, #2384, .T. ) ;
#1314 = ORIENTED_EDGE ( 'NONE', *, *, #2768, .F. ) ;
#1315 = CARTESIAN_POINT ( 'NONE',  ( -0.09499999999999916844, 0.8020083447047559044, 1.217369128957688895 ) ) ;
#1316 = ORIENTED_EDGE ( 'NONE', *, *, #2404, .F. ) ;
#1317 = DIRECTION ( 'NONE',  ( 1.000000000000000000, -0.000000000000000000, -0.000000000000000000 ) ) ;
#1318 = VECTOR ( 'NONE', #699, 1000.000000000000000 ) ;
#1319 = CARTESIAN_POINT ( 'NONE',  ( 0.5950000000000013056, 0.1999999999999998723, -2.799999999999997602 ) ) ;
#1320 = ORIENTED_EDGE ( 'NONE', *, *, #5365, .T. ) ;
#1321 = DIRECTION ( 'NONE',  ( 0.000000000000000000, -0.05303311836778309973, -0.9985927540074525099 ) ) ;
#1322 =( GEOMETRIC_REPRESENTATION_CONTEXT ( 3 ) GLOBAL_UNCERTAINTY_ASSIGNED_CONTEXT ( ( #6543 ) ) GLOBAL_UNIT_ASSIGNED_CONTEXT ( ( #3134, #6846, #3631 ) ) REPRESENTATION_CONTEXT ( 'NONE', 'WORKASPACE' ) );
#1323 = VERTEX_POINT ( 'NONE', #2997 ) ;
#1324 = CARTESIAN_POINT ( 'NONE',  ( -1.369999999999998774, 1.820000000000000284, -2.089999999999997193 ) ) ;
#1325 = LINE ( 'NONE', #5204, #4261 ) ;
#1326 = EDGE_CURVE ( 'NONE', #3560, #4156, #4683, .T. ) ;
#1327 = EDGE_CURVE ( 'NONE', #6968, #2031, #4044, .T. ) ;
#1328 = VERTEX_POINT ( 'NONE', #5188 ) ;
#1329 = EDGE_LOOP ( 'NONE', ( #4761, #4475, #4519, #278 ) ) ;
#1330 = ORIENTED_EDGE ( 'NONE', *, *, #5636, .T. ) ;
#1331 = CARTESIAN_POINT ( 'NONE',  ( 3.200000000000001510, 0.2800000000000000822, 0.05000000000000316691 ) ) ;
#1332 = CARTESIAN_POINT ( 'NONE',  ( -0.4049999999999986944, 0.9600000000000001865, -2.099999999999997868 ) ) ;
#1333 = DIRECTION ( 'NONE',  ( -0.000000000000000000, 1.000000000000000000, -0.000000000000000000 ) ) ;
#1334 = CARTESIAN_POINT ( 'NONE',  ( 2.550000000000001155, 0.9600000000000001865, 1.400000000000002798 ) ) ;
#1335 = CARTESIAN_POINT ( 'NONE',  ( -1.549999999999998490, 0.6850000000000000533, 0.5500000000000024869 ) ) ;
#1336 = VERTEX_POINT ( 'NONE', #4617 ) ;
#1337 = DIRECTION ( 'NONE',  ( -0.01739543771089232388, 0.000000000000000000, -0.9998486879257513227 ) ) ;
#1338 = VERTEX_POINT ( 'NONE', #2928 ) ;
#1339 = DIRECTION ( 'NONE',  ( -0.000000000000000000, 1.000000000000000000, -0.000000000000000000 ) ) ;
#1340 = DIRECTION ( 'NONE',  ( 1.000000000000000000, -0.000000000000000000, -0.000000000000000000 ) ) ;
#1341 = DIRECTION ( 'NONE',  ( 1.000000000000000000, 0.000000000000000000, -0.000000000000000000 ) ) ;
#1342 = ADVANCED_FACE ( 'NONE', ( #3572 ), #5730, .T. ) ;
#1343 = CARTESIAN_POINT ( 'NONE',  ( 1.095000000000001306, 1.169999999999995710, -2.299999999999988720 ) ) ;
#1344 = ORIENTED_EDGE ( 'NONE', *, *, #5905, .F. ) ;
#1345 = LINE ( 'NONE', #4046, #4814 ) ;
#1346 = ORIENTED_EDGE ( 'NONE', *, *, #6946, .F. ) ;
#1347 = DIRECTION ( 'NONE',  ( -0.000000000000000000, -0.000000000000000000, -1.000000000000000000 ) ) ;
#1348 = EDGE_LOOP ( 'NONE', ( #6135, #6090, #1073, #1824 ) ) ;
#1349 = DIRECTION ( 'NONE',  ( 0.000000000000000000, 0.000000000000000000, -1.000000000000000000 ) ) ;
#1350 = APPLICATION_CONTEXT ( 'automotive_design' ) ;
#1351 = EDGE_CURVE ( 'NONE', #3188, #373, #6299, .T. ) ;
#1352 = CARTESIAN_POINT ( 'NONE',  ( 2.800000000000001155, 1.760000000000000009, 2.100000000000002753 ) ) ;
#1353 = ORIENTED_EDGE ( 'NONE', *, *, #4067, .F. ) ;
#1354 = CARTESIAN_POINT ( 'NONE',  ( -2.284999999999998810, 0.2800000000000000822, -1.489999999999996882 ) ) ;
#1355 = ORIENTED_EDGE ( 'NONE', *, *, #5589, .T. ) ;
#1356 = DIRECTION ( 'NONE',  ( 0.000000000000000000, -1.000000000000000000, 0.000000000000000000 ) ) ;
#1357 = DIRECTION ( 'NONE',  ( 0.000000000000000000, -1.000000000000000000, 0.000000000000000000 ) ) ;
#1358 = LINE ( 'NONE', #6901, #3207 ) ;
#1359 = ORIENTED_EDGE ( 'NONE', *, *, #2839, .T. ) ;
#1360 = AXIS2_PLACEMENT_3D ( 'NONE', #2551, #3736, #4169 ) ;
#1361 = VERTEX_POINT ( 'NONE', #1343 ) ;
#1362 = VERTEX_POINT ( 'NONE', #1919 ) ;
#1363 = VECTOR ( 'NONE', #3018, 1000.000000000000000 ) ;
#1364 = CARTESIAN_POINT ( 'NONE',  ( 0.6050000000000013145, 0.9600000000000001865, -2.099999999999997868 ) ) ;
#1365 = EDGE_CURVE ( 'NONE', #6239, #1361, #331, .T. ) ;
#1366 = DIRECTION ( 'NONE',  ( -1.000000000000000000, 0.000000000000000000, 0.000000000000000000 ) ) ;
#1367 = VECTOR ( 'NONE', #1896, 1000.000000000000000 ) ;
#1368 = VECTOR ( 'NONE', #1717, 1000.000000000000000 ) ;
#1369 = CARTESIAN_POINT ( 'NONE',  ( -1.104999999999998428, 0.05000000000000012768, -2.099999999999997868 ) ) ;
#1370 = CARTESIAN_POINT ( 'NONE',  ( 1.370000000000001439, 0.05000000000000012768, -2.099999999999997868 ) ) ;
#1371 = ORIENTED_EDGE ( 'NONE', *, *, #5399, .T. ) ;
#1372 = VECTOR ( 'NONE', #775, 1000.000000000000000 ) ;
#1373 = VECTOR ( 'NONE', #2491, 1000.000000000000000 ) ;
#1374 = DIRECTION ( 'NONE',  ( 0.000000000000000000, -1.000000000000000000, 0.000000000000000000 ) ) ;
#1375 = EDGE_CURVE ( 'NONE', #5733, #6739, #6848, .T. ) ;
#1376 = EDGE_CURVE ( 'NONE', #2007, #6204, #5802, .T. ) ;
#1377 = LINE ( 'NONE', #4140, #1658 ) ;
#1378 = DIRECTION ( 'NONE',  ( -0.000000000000000000, 0.02173399540922035106, -0.9997637888239161441 ) ) ;
#1379 = AXIS2_PLACEMENT_3D ( 'NONE', #4745, #5318, #4202 ) ;
#1380 = VECTOR ( 'NONE', #2484, 1000.000000000000000 ) ;
#1381 = DIRECTION ( 'NONE',  ( 0.000000000000000000, -0.9138115486202668114, -0.4061384660534258506 ) ) ;
#1382 = ORIENTED_EDGE ( 'NONE', *, *, #780, .T. ) ;
#1383 = CARTESIAN_POINT ( 'NONE',  ( 0.3950000000000012390, 0.05000000000000012768, 2.602085213965210642E-15 ) ) ;
#1384 = ORIENTED_EDGE ( 'NONE', *, *, #6051, .F. ) ;
#1385 = DIRECTION ( 'NONE',  ( 0.000000000000000000, 0.000000000000000000, 1.000000000000000000 ) ) ;
#1386 = VERTEX_POINT ( 'NONE', #3507 ) ;
#1387 = EDGE_CURVE ( 'NONE', #5101, #4908, #1957, .T. ) ;
#1388 = LINE ( 'NONE', #3579, #1778 ) ;
#1389 = LINE ( 'NONE', #2068, #5563 ) ;
#1390 = PLANE ( 'NONE',  #691 ) ;
#1391 = ORIENTED_EDGE ( 'NONE', *, *, #843, .T. ) ;
#1392 = PLANE ( 'NONE',  #5955 ) ;
#1393 = ORIENTED_EDGE ( 'NONE', *, *, #94, .F. ) ;
#1394 = CARTESIAN_POINT ( 'NONE',  ( -2.799999999999998490, 1.659999999999999920, 1.750000000000002887 ) ) ;
#1395 = EDGE_CURVE ( 'NONE', #5700, #4269, #4578, .T. ) ;
#1396 = CARTESIAN_POINT ( 'NONE',  ( -0.4999999999999987232, 0.7415992405140001686, 0.07988946384000294998 ) ) ;
#1397 = DIRECTION ( 'NONE',  ( 0.000000000000000000, 0.05233595624284890363, 0.9986295347545788292 ) ) ;
#1398 = AXIS2_PLACEMENT_3D ( 'NONE', #1867, #1216, #680 ) ;
#1399 = VERTEX_POINT ( 'NONE', #3063 ) ;
#1400 = VERTEX_POINT ( 'NONE', #5253 ) ;
#1401 = CARTESIAN_POINT ( 'NONE',  ( -3.149999999999998135, 0.000000000000000000, -1.579999999999997184 ) ) ;
#1402 = CARTESIAN_POINT ( 'NONE',  ( 0.4050000000000008593, 0.3211003463129999402, -2.399999999999998579 ) ) ;
#1403 = EDGE_CURVE ( 'NONE', #6217, #3573, #5696, .T. ) ;
#1404 = AXIS2_PLACEMENT_3D ( 'NONE', #2995, #4108, #5729 ) ;
#1405 = DIRECTION ( 'NONE',  ( 0.000000000000000000, 0.000000000000000000, 1.000000000000000000 ) ) ;
#1406 = EDGE_CURVE ( 'NONE', #4684, #6284, #2961, .T. ) ;
#1407 = FACE_OUTER_BOUND ( 'NONE', #2367, .T. ) ;
#1408 = VECTOR ( 'NONE', #4597, 1000.000000000000000 ) ;
#1409 = CARTESIAN_POINT ( 'NONE',  ( -0.4049999999999986944, 0.3211003463129999402, -2.399999999999998579 ) ) ;
#1410 = ORIENTED_EDGE ( 'NONE', *, *, #2025, .F. ) ;
#1411 = CARTESIAN_POINT ( 'NONE',  ( -2.399999999999998579, 1.340000000000000080, 1.370000000000002993 ) ) ;
#1412 = LINE ( 'NONE', #805, #5213 ) ;
#1413 = SURFACE_STYLE_FILL_AREA ( #944 ) ;
#1414 = VECTOR ( 'NONE', #3187, 1000.000000000000000 ) ;
#1415 = EDGE_CURVE ( 'NONE', #1052, #2396, #6371, .T. ) ;
#1416 = DIRECTION ( 'NONE',  ( -1.000000000000000000, 0.000000000000000000, 0.000000000000000000 ) ) ;
#1417 = ORIENTED_EDGE ( 'NONE', *, *, #972, .T. ) ;
#1418 = FILL_AREA_STYLE_COLOUR ( '', #2979 ) ;
#1419 = VECTOR ( 'NONE', #1780, 1000.000000000000000 ) ;
#1420 = VERTEX_POINT ( 'NONE', #738 ) ;
#1421 = DIRECTION ( 'NONE',  ( 0.000000000000000000, -1.000000000000000000, 0.000000000000000000 ) ) ;
#1422 = ORIENTED_EDGE ( 'NONE', *, *, #1897, .F. ) ;
#1423 = CARTESIAN_POINT ( 'NONE',  ( -3.499999999999998668, 1.659999999999999920, 1.400000000000002798 ) ) ;
#1424 = VECTOR ( 'NONE', #163, 1000.000000000000000 ) ;
#1425 = CARTESIAN_POINT ( 'NONE',  ( 0.6050000000000013145, 1.670000000000000151, -1.749999999999997113 ) ) ;
#1426 = EDGE_CURVE ( 'NONE', #3463, #1213, #6778, .T. ) ;
#1427 = ORIENTED_EDGE ( 'NONE', *, *, #2876, .T. ) ;
#1428 = CARTESIAN_POINT ( 'NONE',  ( -3.844432617519960793, 0.000000000000000000, -1.079999999985273185 ) ) ;
#1429 = VERTEX_POINT ( 'NONE', #5831 ) ;
#1430 = CARTESIAN_POINT ( 'NONE',  ( 2.300000000000001155, 0.5500000000000001554, 1.400000000000002798 ) ) ;
#1431 = VECTOR ( 'NONE', #5332, 1000.000000000000000 ) ;
#1432 = ORIENTED_EDGE ( 'NONE', *, *, #1191, .F. ) ;
#1433 = DIRECTION ( 'NONE',  ( -1.000000000000000000, -0.000000000000000000, 0.000000000000000000 ) ) ;
#1434 = AXIS2_PLACEMENT_3D ( 'NONE', #5943, #3430, #2382 ) ;
#1435 = DIRECTION ( 'NONE',  ( 0.000000000000000000, -0.9986295347545789403, 0.05233595624284891057 ) ) ;
#1436 = EDGE_CURVE ( 'NONE', #576, #5458, #4825, .T. ) ;
#1437 = VERTEX_POINT ( 'NONE', #2591 ) ;
#1438 = ORIENTED_EDGE ( 'NONE', *, *, #4310, .F. ) ;
#1439 = DIRECTION ( 'NONE',  ( -1.000000000000000000, 0.000000000000000000, 0.000000000000000000 ) ) ;
#1440 = CARTESIAN_POINT ( 'NONE',  ( 1.370000000000001439, 1.640000000000000124, -1.024999999999997247 ) ) ;
#1441 = CARTESIAN_POINT ( 'NONE',  ( 0.9050000000000008038, 0.7086905952146389520, -0.5397673798720101779 ) ) ;
#1442 = EDGE_CURVE ( 'NONE', #2270, #3148, #5906, .T. ) ;
#1443 = PLANE ( 'NONE',  #5628 ) ;
#1444 = DIRECTION ( 'NONE',  ( -0.000000000000000000, 0.4226182617254299889, -0.9063077870437702410 ) ) ;
#1445 = ORIENTED_EDGE ( 'NONE', *, *, #988, .T. ) ;
#1446 = CARTESIAN_POINT ( 'NONE',  ( 0.6050000000000013145, 1.770000000000000018, -1.749999999999997113 ) ) ;
#1447 = DIRECTION ( 'NONE',  ( 0.000000000000000000, -0.9986295347545662837, 0.05233595624308821914 ) ) ;
#1448 = EDGE_CURVE ( 'NONE', #1029, #1572, #4022, .T. ) ;
#1449 =( NAMED_UNIT ( * ) SI_UNIT ( $, .STERADIAN. ) SOLID_ANGLE_UNIT ( ) );
#1450 = CARTESIAN_POINT ( 'NONE',  ( 1.095000000000001306, 0.8020083447048534930, 1.217369128957734636 ) ) ;
#1451 = ORIENTED_EDGE ( 'NONE', *, *, #1442, .T. ) ;
#1452 = CARTESIAN_POINT ( 'NONE',  ( 0.6050000000000013145, 0.1500000000000001887, -1.749999999999997113 ) ) ;
#1453 = ORIENTED_EDGE ( 'NONE', *, *, #6613, .T. ) ;
#1454 = DIRECTION ( 'NONE',  ( 0.000000000000000000, 0.000000000000000000, 1.000000000000000000 ) ) ;
#1455 = DIRECTION ( 'NONE',  ( 1.000000000000000000, -0.000000000000000000, -0.000000000000000000 ) ) ;
#1456 = ORIENTED_EDGE ( 'NONE', *, *, #2058, .T. ) ;
#1457 = LINE ( 'NONE', #5808, #3723 ) ;
#1458 = ADVANCED_FACE ( 'NONE', ( #6403 ), #4860, .F. ) ;
#1459 = EDGE_CURVE ( 'NONE', #3080, #2368, #6986, .T. ) ;
#1460 = CARTESIAN_POINT ( 'NONE',  ( -0.1049999999999987610, 0.9600000000000001865, -2.099999999999997868 ) ) ;
#1461 = ORIENTED_EDGE ( 'NONE', *, *, #6571, .F. ) ;
#1462 = DIRECTION ( 'NONE',  ( 1.000000000000000000, -0.000000000000000000, -0.000000000000000000 ) ) ;
#1463 = ORIENTED_EDGE ( 'NONE', *, *, #6325, .T. ) ;
#1464 = DIRECTION ( 'NONE',  ( 1.000000000000000000, -0.000000000000000000, -0.000000000000000000 ) ) ;
#1465 = ORIENTED_EDGE ( 'NONE', *, *, #5347, .F. ) ;
#1466 = LINE ( 'NONE', #5683, #1999 ) ;
#1467 = EDGE_CURVE ( 'NONE', #5087, #6429, #1523, .T. ) ;
#1468 = EDGE_CURVE ( 'NONE', #1826, #1126, #514, .T. ) ;
#1469 = CARTESIAN_POINT ( 'NONE',  ( 0.8950000000000012390, 1.870000000000000107, -2.099999999999997868 ) ) ;
#1470 = CARTESIAN_POINT ( 'NONE',  ( -2.264432617519998914, 1.720000000000000195, -0.1899999999999970324 ) ) ;
#1471 = ORIENTED_EDGE ( 'NONE', *, *, #5905, .T. ) ;
#1472 = VERTEX_POINT ( 'NONE', #370 ) ;
#1473 = CARTESIAN_POINT ( 'NONE',  ( 1.301042606982605321E-15, 0.05000000000000012768, -0.1899999999999970324 ) ) ;
#1474 = DIRECTION ( 'NONE',  ( 0.000000000000000000, -1.000000000000000000, 0.000000000000000000 ) ) ;
#1475 = EDGE_CURVE ( 'NONE', #6475, #697, #1486, .T. ) ;
#1476 = PLANE ( 'NONE',  #1515 ) ;
#1477 = VECTOR ( 'NONE', #6904, 1000.000000000000000 ) ;
#1478 = CARTESIAN_POINT ( 'NONE',  ( 0.09500000000000133338, 0.3211003463129999402, -2.300000000000230749 ) ) ;
#1479 = CARTESIAN_POINT ( 'NONE',  ( -0.5949999999999991962, 0.8020083447048534930, 1.217369128957734636 ) ) ;
#1480 = ORIENTED_EDGE ( 'NONE', *, *, #7126, .T. ) ;
#1481 = DIRECTION ( 'NONE',  ( 1.000000000000000000, -0.000000000000000000, -0.000000000000000000 ) ) ;
#1482 = ADVANCED_FACE ( 'NONE', ( #4245 ), #1014, .F. ) ;
#1483 = VECTOR ( 'NONE', #1569, 1000.000000000000000 ) ;
#1484 = DIRECTION ( 'NONE',  ( 0.000000000000000000, 0.000000000000000000, 1.000000000000000000 ) ) ;
#1485 = VECTOR ( 'NONE', #7081, 1000.000000000000000 ) ;
#1486 = LINE ( 'NONE', #7025, #4815 ) ;
#1487 = AXIS2_PLACEMENT_3D ( 'NONE', #5826, #3567, #1301 ) ;
#1488 = AXIS2_PLACEMENT_3D ( 'NONE', #4868, #7071, #4292 ) ;
#1489 = ORIENTED_EDGE ( 'NONE', *, *, #2957, .F. ) ;
#1490 = ORIENTED_EDGE ( 'NONE', *, *, #6247, .F. ) ;
#1491 = DIRECTION ( 'NONE',  ( 0.000000000000000000, -1.000000000000000000, 0.000000000000000000 ) ) ;
#1492 = VERTEX_POINT ( 'NONE', #3671 ) ;
#1493 = EDGE_CURVE ( 'NONE', #5076, #994, #1560, .T. ) ;
#1494 = CARTESIAN_POINT ( 'NONE',  ( 0.09500000000000133338, 0.2212373928370751364, -2.394766404375737512 ) ) ;
#1495 = CARTESIAN_POINT ( 'NONE',  ( 1.301042606982605321E-15, 1.670000000000000151, -2.099999999999997868 ) ) ;
#1496 = AXIS2_PLACEMENT_3D ( 'NONE', #3129, #6474, #3202 ) ;
#1497 = VECTOR ( 'NONE', #361, 1000.000000000000000 ) ;
#1498 = CARTESIAN_POINT ( 'NONE',  ( 1.301042606982605321E-15, 0.6671189302731395099, 1.372529207435402521 ) ) ;
#1499 = ORIENTED_EDGE ( 'NONE', *, *, #6463, .T. ) ;
#1500 = DIRECTION ( 'NONE',  ( -0.000000000000000000, 1.000000000000000000, -0.000000000000000000 ) ) ;
#1501 = EDGE_CURVE ( 'NONE', #1429, #1801, #6955, .T. ) ;
#1502 = ORIENTED_EDGE ( 'NONE', *, *, #324, .T. ) ;
#1503 = CARTESIAN_POINT ( 'NONE',  ( 1.370000000000001439, 0.2800000000000000822, -1.024999999999997247 ) ) ;
#1504 = ORIENTED_EDGE ( 'NONE', *, *, #5056, .T. ) ;
#1505 = DIRECTION ( 'NONE',  ( 0.000000000000000000, -1.000000000000000000, 0.000000000000000000 ) ) ;
#1506 = CARTESIAN_POINT ( 'NONE',  ( 3.200000000000001510, 0.9600000000000001865, -2.099999999999997868 ) ) ;
#1507 = CARTESIAN_POINT ( 'NONE',  ( 3.150000000000151346, 0.1999999999999998723, -1.139999999999997460 ) ) ;
#1508 = ORIENTED_EDGE ( 'NONE', *, *, #5508, .T. ) ;
#1509 = EDGE_CURVE ( 'NONE', #5326, #5512, #5385, .T. ) ;
#1510 = EDGE_CURVE ( 'NONE', #4512, #547, #947, .T. ) ;
#1511 = ORIENTED_EDGE ( 'NONE', *, *, #3193, .F. ) ;
#1512 = CARTESIAN_POINT ( 'NONE',  ( 0.9050000000000008038, 0.8099999999999997202, -0.6999999999999970690 ) ) ;
#1513 = DIRECTION ( 'NONE',  ( 0.000000000000000000, 1.626303258735897755E-15, -1.000000000000000000 ) ) ;
#1514 = DIRECTION ( 'NONE',  ( 0.000000000000000000, -1.000000000000000000, 0.000000000000000000 ) ) ;
#1515 = AXIS2_PLACEMENT_3D ( 'NONE', #5894, #3124, #5315 ) ;
#1516 = EDGE_CURVE ( 'NONE', #6766, #4443, #1587, .T. ) ;
#1517 = DIRECTION ( 'NONE',  ( 0.000000000000000000, 0.000000000000000000, -1.000000000000000000 ) ) ;
#1518 = AXIS2_PLACEMENT_3D ( 'NONE', #6723, #5065, #2261 ) ;
#1519 = ORIENTED_EDGE ( 'NONE', *, *, #4215, .F. ) ;
#1520 = DIRECTION ( 'NONE',  ( 0.000000000000000000, 0.000000000000000000, 1.000000000000000000 ) ) ;
#1521 = DIRECTION ( 'NONE',  ( -1.000000000000000000, -0.000000000000000000, -0.000000000000000000 ) ) ;
#1522 = AXIS2_PLACEMENT_3D ( 'NONE', #7016, #5892, #7052 ) ;
#1523 = LINE ( 'NONE', #6512, #6655 ) ;
#1524 = ORIENTED_EDGE ( 'NONE', *, *, #2768, .T. ) ;
#1525 = CARTESIAN_POINT ( 'NONE',  ( 1.301042606982605321E-15, 1.670000000000000151, -2.099999999999997868 ) ) ;
#1526 = ORIENTED_EDGE ( 'NONE', *, *, #1510, .F. ) ;
#1527 = CARTESIAN_POINT ( 'NONE',  ( 1.514432617520001356, 0.1999999999999998723, -1.489999999999996882 ) ) ;
#1528 = EDGE_LOOP ( 'NONE', ( #1124, #2038, #3693, #1144 ) ) ;
#1529 = VECTOR ( 'NONE', #3801, 1000.000000000000000 ) ;
#1530 = CARTESIAN_POINT ( 'NONE',  ( 1.000000000000001332, 0.2106186964180001842, -2.597383202187997231 ) ) ;
#1531 = PLANE ( 'NONE',  #977 ) ;
#1532 = CARTESIAN_POINT ( 'NONE',  ( 1.600000000000001421, 1.340000000000000080, 1.400000000000002798 ) ) ;
#1533 = EDGE_CURVE ( 'NONE', #6204, #1399, #7094, .T. ) ;
#1534 = ORIENTED_EDGE ( 'NONE', *, *, #438, .T. ) ;
#1535 = DIRECTION ( 'NONE',  ( 1.000000000000000000, -0.000000000000000000, -0.000000000000000000 ) ) ;
#1536 = ORIENTED_EDGE ( 'NONE', *, *, #3490, .T. ) ;
#1537 = CARTESIAN_POINT ( 'NONE',  ( -0.9049999999999986944, 0.1373467578910001763, -1.989999999999996882 ) ) ;
#1538 = EDGE_LOOP ( 'NONE', ( #1504, #6399, #4120, #1611 ) ) ;
#1539 = DIRECTION ( 'NONE',  ( 0.000000000000000000, 0.05233595624340463270, 0.9986295347545498524 ) ) ;
#1540 = VECTOR ( 'NONE', #5036, 1000.000000000000000 ) ;
#1541 = CARTESIAN_POINT ( 'NONE',  ( -0.6004067291409987961, 0.1373467578910001763, -2.089999999999997193 ) ) ;
#1542 = EDGE_CURVE ( 'NONE', #2282, #4908, #4787, .T. ) ;
#1543 = PLANE ( 'NONE',  #907 ) ;
#1544 = ORIENTED_EDGE ( 'NONE', *, *, #7048, .F. ) ;
#1545 = VECTOR ( 'NONE', #1047, 1000.000000000000000 ) ;
#1546 = ORIENTED_EDGE ( 'NONE', *, *, #6836, .F. ) ;
#1547 = PLANE ( 'NONE',  #6531 ) ;
#1548 = DIRECTION ( 'NONE',  ( 0.000000000000000000, 0.000000000000000000, -1.000000000000000000 ) ) ;
#1549 = LINE ( 'NONE', #7054, #7026 ) ;
#1550 = EDGE_CURVE ( 'NONE', #1564, #4286, #3744, .T. ) ;
#1551 = VECTOR ( 'NONE', #6487, 1000.000000000000000 ) ;
#1552 = EDGE_CURVE ( 'NONE', #5397, #6452, #3776, .T. ) ;
#1553 = LINE ( 'NONE', #6397, #5170 ) ;
#1554 = CARTESIAN_POINT ( 'NONE',  ( 2.400000000000001688, 0.9600000000000001865, 1.370000000000002993 ) ) ;
#1555 = VECTOR ( 'NONE', #4323, 1000.000000000000000 ) ;
#1556 = CARTESIAN_POINT ( 'NONE',  ( 1.301042606982605321E-15, 1.760000000000000009, 2.100000000000002753 ) ) ;
#1557 = DIRECTION ( 'NONE',  ( 1.000000000000000000, 0.000000000000000000, 0.000000000000000000 ) ) ;
#1558 = FACE_OUTER_BOUND ( 'NONE', #5303, .T. ) ;
#1559 = EDGE_CURVE ( 'NONE', #1869, #1846, #2266, .T. ) ;
#1560 = LINE ( 'NONE', #4890, #2627 ) ;
#1561 = DIRECTION ( 'NONE',  ( -1.000000000000000000, 0.000000000000000000, 0.000000000000000000 ) ) ;
#1562 = ORIENTED_EDGE ( 'NONE', *, *, #449, .T. ) ;
#1563 = CARTESIAN_POINT ( 'NONE',  ( 1.370000000000001439, 1.755000000000000115, -2.099999999999997868 ) ) ;
#1564 = VERTEX_POINT ( 'NONE', #5608 ) ;
#1565 = CARTESIAN_POINT ( 'NONE',  ( 1.720000000000001528, 1.050000000000000044, 1.370000000000002993 ) ) ;
#1566 = DIRECTION ( 'NONE',  ( 0.000000000000000000, -1.000000000000000000, 0.000000000000000000 ) ) ;
#1567 = CARTESIAN_POINT ( 'NONE',  ( 2.264432617520226732, 1.820000000000000284, -2.089999999999997193 ) ) ;
#1568 = ORIENTED_EDGE ( 'NONE', *, *, #4293, .T. ) ;
#1569 = DIRECTION ( 'NONE',  ( -1.000000000000000000, 0.000000000000000000, 0.000000000000000000 ) ) ;
#1570 = EDGE_LOOP ( 'NONE', ( #1031, #1382, #534, #5359 ) ) ;
#1571 = DIRECTION ( 'NONE',  ( -1.000000000000000000, 0.000000000000000000, 0.000000000000000000 ) ) ;
#1572 = VERTEX_POINT ( 'NONE', #3350 ) ;
#1573 = DIRECTION ( 'NONE',  ( -1.000000000000000000, 0.000000000000000000, 0.000000000000000000 ) ) ;
#1574 = DIRECTION ( 'NONE',  ( -1.000000000000000000, -0.000000000000000000, 0.000000000000000000 ) ) ;
#1575 = CARTESIAN_POINT ( 'NONE',  ( -3.149999999999998135, 0.1000000000000000472, -1.579999999999997184 ) ) ;
#1576 = EDGE_LOOP ( 'NONE', ( #3642, #6443, #2889, #2461 ) ) ;
#1577 = EDGE_LOOP ( 'NONE', ( #2643, #1254, #4388, #715, #6580, #1769, #101, #2268 ) ) ;
#1578 = PLANE ( 'NONE',  #900 ) ;
#1579 = CARTESIAN_POINT ( 'NONE',  ( -1.094999999999998863, 0.8020083447047559044, 1.217369128957688895 ) ) ;
#1580 = CARTESIAN_POINT ( 'NONE',  ( 3.200000000000001510, 1.640000000000000124, -2.099999999999997868 ) ) ;
#1581 = LINE ( 'NONE', #976, #4702 ) ;
#1582 = EDGE_CURVE ( 'NONE', #4618, #6485, #2729, .T. ) ;
#1583 = VERTEX_POINT ( 'NONE', #38 ) ;
#1584 = LINE ( 'NONE', #435, #3998 ) ;
#1585 = DIRECTION ( 'NONE',  ( -0.000000000000000000, 1.000000000000000000, -0.000000000000000000 ) ) ;
#1586 = DIRECTION ( 'NONE',  ( 0.000000000000000000, 0.000000000000000000, -1.000000000000000000 ) ) ;
#1587 = LINE ( 'NONE', #3708, #1727 ) ;
#1588 = EDGE_CURVE ( 'NONE', #4209, #4871, #6078, .T. ) ;
#1589 = ORIENTED_EDGE ( 'NONE', *, *, #5062, .T. ) ;
#1590 = VECTOR ( 'NONE', #7074, 1000.000000000000000 ) ;
#1591 = VECTOR ( 'NONE', #3411, 1000.000000000000000 ) ;
#1592 = CARTESIAN_POINT ( 'NONE',  ( -2.399999999999998579, 0.9600000000000001865, 1.370000000000002993 ) ) ;
#1593 = EDGE_LOOP ( 'NONE', ( #985, #3003, #641, #2021, #2683, #2487, #1604, #1562, #4006, #3395 ) ) ;
#1594 = CARTESIAN_POINT ( 'NONE',  ( -0.09499999999999959865, 0.7086905952146389520, -0.5397673798720101779 ) ) ;
#1595 = CARTESIAN_POINT ( 'NONE',  ( -1.094999999999998863, 0.8099999999999997202, -2.799999999999997602 ) ) ;
#1596 = CIRCLE ( 'NONE', #2626, 0.1000000000000002554 ) ;
#1597 = VECTOR ( 'NONE', #7046, 1000.000000000000000 ) ;
#1598 = DIRECTION ( 'NONE',  ( -1.000000000000000000, 0.000000000000000000, 0.000000000000000000 ) ) ;
#1599 = VERTEX_POINT ( 'NONE', #4924 ) ;
#1600 = DIRECTION ( 'NONE',  ( 0.000000000000000000, -1.000000000000000000, 0.000000000000000000 ) ) ;
#1601 = EDGE_CURVE ( 'NONE', #6271, #67, #6620, .T. ) ;
#1602 = ORIENTED_EDGE ( 'NONE', *, *, #4096, .F. ) ;
#1603 = DIRECTION ( 'NONE',  ( -1.000000000000000000, 0.000000000000000000, 0.000000000000000000 ) ) ;
#1604 = ORIENTED_EDGE ( 'NONE', *, *, #7023, .T. ) ;
#1605 = VECTOR ( 'NONE', #1044, 1000.000000000000000 ) ;
#1606 = DIRECTION ( 'NONE',  ( 0.000000000000000000, 0.000000000000000000, -1.000000000000000000 ) ) ;
#1607 = VECTOR ( 'NONE', #3399, 1000.000000000000000 ) ;
#1608 = DIRECTION ( 'NONE',  ( -0.000000000000000000, 1.000000000000000000, -0.000000000000000000 ) ) ;
#1609 = DIRECTION ( 'NONE',  ( 0.000000000000000000, 0.000000000000000000, -1.000000000000000000 ) ) ;
#1610 = AXIS2_PLACEMENT_3D ( 'NONE', #294, #3498, #5215 ) ;
#1611 = ORIENTED_EDGE ( 'NONE', *, *, #5256, .T. ) ;
#1612 = VERTEX_POINT ( 'NONE', #4536 ) ;
#1613 = DIRECTION ( 'NONE',  ( 0.000000000000000000, 0.000000000000000000, -1.000000000000000000 ) ) ;
#1614 = CARTESIAN_POINT ( 'NONE',  ( -0.09499999999999916844, 2.313687436084066462E-13, -2.800000000000002043 ) ) ;
#1615 = ADVANCED_FACE ( 'NONE', ( #1151 ), #1738, .T. ) ;
#1616 = FACE_OUTER_BOUND ( 'NONE', #6249, .T. ) ;
#1617 = ORIENTED_EDGE ( 'NONE', *, *, #3536, .F. ) ;
#1618 = DIRECTION ( 'NONE',  ( -1.000000000000000000, 0.000000000000000000, 0.000000000000000000 ) ) ;
#1619 = DIRECTION ( 'NONE',  ( 0.000000000000000000, 0.000000000000000000, 1.000000000000000000 ) ) ;
#1620 = CARTESIAN_POINT ( 'NONE',  ( 3.200000000000001510, 1.755000000000000115, 0.05000000000000316691 ) ) ;
#1621 = ADVANCED_FACE ( 'NONE', ( #2193 ), #1, .F. ) ;
#1622 = CARTESIAN_POINT ( 'NONE',  ( -3.199999999999998845, 1.755000000000000115, 0.05000000000000316691 ) ) ;
#1623 = VECTOR ( 'NONE', #3984, 1000.000000000000000 ) ;
#1624 = DIRECTION ( 'NONE',  ( 1.000000000000000000, 0.000000000000000000, 0.000000000000000000 ) ) ;
#1625 = VERTEX_POINT ( 'NONE', #3311 ) ;
#1626 = DIRECTION ( 'NONE',  ( 0.000000000000000000, 0.000000000000000000, 1.000000000000000000 ) ) ;
#1627 = VERTEX_POINT ( 'NONE', #6005 ) ;
#1628 = PLANE ( 'NONE',  #746 ) ;
#1629 = FACE_OUTER_BOUND ( 'NONE', #4246, .T. ) ;
#1630 = AXIS2_PLACEMENT_3D ( 'NONE', #6905, #6869, #792 ) ;
#1631 = EDGE_CURVE ( 'NONE', #6038, #3188, #6587, .T. ) ;
#1632 = EDGE_CURVE ( 'NONE', #5121, #1583, #2637, .T. ) ;
#1633 = LINE ( 'NONE', #1498, #2520 ) ;
#1634 = ORIENTED_EDGE ( 'NONE', *, *, #2869, .T. ) ;
#1635 = LINE ( 'NONE', #2207, #4580 ) ;
#1636 = AXIS2_PLACEMENT_3D ( 'NONE', #2398, #6791, #4058 ) ;
#1637 = VERTEX_POINT ( 'NONE', #3848 ) ;
#1638 = LINE ( 'NONE', #4872, #841 ) ;
#1639 = ORIENTED_EDGE ( 'NONE', *, *, #5321, .F. ) ;
#1640 = CARTESIAN_POINT ( 'NONE',  ( 1.600000000000001421, 1.050000000000000044, 1.400000000000002798 ) ) ;
#1641 = ORIENTED_EDGE ( 'NONE', *, *, #4352, .F. ) ;
#1642 = DIRECTION ( 'NONE',  ( -1.000000000000000000, 0.000000000000000000, 0.000000000000000000 ) ) ;
#1643 = AXIS2_PLACEMENT_3D ( 'NONE', #6053, #1127, #6670 ) ;
#1644 = EDGE_CURVE ( 'NONE', #1117, #10, #4478, .T. ) ;
#1645 = LINE ( 'NONE', #3832, #2285 ) ;
#1646 = VERTEX_POINT ( 'NONE', #3923 ) ;
#1647 = ORIENTED_EDGE ( 'NONE', *, *, #31, .T. ) ;
#1648 = CARTESIAN_POINT ( 'NONE',  ( 0.5950000000000013056, 0.7926488764346635296, 1.237440573436329627 ) ) ;
#1649 = CARTESIAN_POINT ( 'NONE',  ( 0.3950000000000012390, 1.870000000000000107, -0.3649999999999968270 ) ) ;
#1650 = AXIS2_PLACEMENT_3D ( 'NONE', #1446, #3704, #3669 ) ;
#1651 = CARTESIAN_POINT ( 'NONE',  ( 0.3950000000000012390, 1.770000000000000018, -1.399999999999997247 ) ) ;
#1652 = VECTOR ( 'NONE', #3513, 1000.000000000000000 ) ;
#1653 = ORIENTED_EDGE ( 'NONE', *, *, #6954, .F. ) ;
#1654 = ORIENTED_EDGE ( 'NONE', *, *, #4102, .T. ) ;
#1655 = VERTEX_POINT ( 'NONE', #543 ) ;
#1656 = ORIENTED_EDGE ( 'NONE', *, *, #3166, .F. ) ;
#1657 = DIRECTION ( 'NONE',  ( -1.000000000000000000, 0.000000000000000000, 0.000000000000000000 ) ) ;
#1658 = VECTOR ( 'NONE', #2489, 1000.000000000000000 ) ;
#1659 = LINE ( 'NONE', #1223, #2636 ) ;
#1660 = EDGE_CURVE ( 'NONE', #3257, #1065, #1224, .T. ) ;
#1661 = DIRECTION ( 'NONE',  ( 1.000000000000000000, 0.000000000000000000, -0.000000000000000000 ) ) ;
#1662 = VECTOR ( 'NONE', #2023, 1000.000000000000000 ) ;
#1663 = LINE ( 'NONE', #2808, #5849 ) ;
#1664 = EDGE_LOOP ( 'NONE', ( #1226, #6056, #2187, #2877 ) ) ;
#1665 = CARTESIAN_POINT ( 'NONE',  ( -3.149999999999998135, 0.1999999999999998723, -1.139999999999997460 ) ) ;
#1666 = ORIENTED_EDGE ( 'NONE', *, *, #1326, .F. ) ;
#1667 = LINE ( 'NONE', #6085, #2920 ) ;
#1668 = CARTESIAN_POINT ( 'NONE',  ( -1.104999999999998428, 1.670000000000000151, -2.099999999999997868 ) ) ;
#1669 = DIRECTION ( 'NONE',  ( 0.000000000000000000, -1.000000000000000000, 0.000000000000000000 ) ) ;
#1670 = ORIENTED_EDGE ( 'NONE', *, *, #5530, .T. ) ;
#1671 = LINE ( 'NONE', #418, #3888 ) ;
#1672 = ORIENTED_EDGE ( 'NONE', *, *, #6112, .T. ) ;
#1673 = CYLINDRICAL_SURFACE ( 'NONE', #1643, 0.2999999999999999334 ) ;
#1674 = EDGE_CURVE ( 'NONE', #2282, #4190, #3390, .T. ) ;
#1675 = ORIENTED_EDGE ( 'NONE', *, *, #3378, .T. ) ;
#1676 = ADVANCED_FACE ( 'NONE', ( #146 ), #1697, .T. ) ;
#1677 = FACE_OUTER_BOUND ( 'NONE', #1593, .T. ) ;
#1678 = ORIENTED_EDGE ( 'NONE', *, *, #5144, .F. ) ;
#1679 = PLANE ( 'NONE',  #945 ) ;
#1680 = CARTESIAN_POINT ( 'NONE',  ( -0.1049999999999987610, 1.670000000000000151, -1.749999999999997113 ) ) ;
#1681 = ORIENTED_EDGE ( 'NONE', *, *, #517, .F. ) ;
#1682 = PLANE ( 'NONE',  #1360 ) ;
#1683 = ORIENTED_EDGE ( 'NONE', *, *, #48, .T. ) ;
#1684 = FACE_OUTER_BOUND ( 'NONE', #5235, .T. ) ;
#1685 = LINE ( 'NONE', #4485, #6924 ) ;
#1686 = EDGE_CURVE ( 'NONE', #6674, #5503, #3280, .T. ) ;
#1687 = ADVANCED_FACE ( 'NONE', ( #6041 ), #4386, .T. ) ;
#1688 = LINE ( 'NONE', #4448, #3580 ) ;
#1689 = EDGE_LOOP ( 'NONE', ( #304, #162, #1602, #4847 ) ) ;
#1690 = ORIENTED_EDGE ( 'NONE', *, *, #659, .T. ) ;
#1691 = ORIENTED_EDGE ( 'NONE', *, *, #862, .T. ) ;
#1692 = CARTESIAN_POINT ( 'NONE',  ( 1.301042606982605321E-15, 1.050000000000000044, 1.200000000000002620 ) ) ;
#1693 = EDGE_CURVE ( 'NONE', #7114, #1826, #5573, .T. ) ;
#1694 = ORIENTED_EDGE ( 'NONE', *, *, #6774, .F. ) ;
#1695 = DIRECTION ( 'NONE',  ( 1.000000000000000000, -0.000000000000000000, -0.000000000000000000 ) ) ;
#1696 = DIRECTION ( 'NONE',  ( 0.000000000000000000, 0.000000000000000000, -1.000000000000000000 ) ) ;
#1697 = CYLINDRICAL_SURFACE ( 'NONE', #7012, 0.2999999999999999334 ) ;
#1698 = DIRECTION ( 'NONE',  ( -1.000000000000000000, 0.000000000000000000, 0.000000000000000000 ) ) ;
#1699 = VERTEX_POINT ( 'NONE', #2840 ) ;
#1700 = DIRECTION ( 'NONE',  ( -0.000000000000000000, -0.000000000000000000, -1.000000000000000000 ) ) ;
#1701 = ORIENTED_EDGE ( 'NONE', *, *, #4786, .T. ) ;
#1702 = CARTESIAN_POINT ( 'NONE',  ( -0.4049999999999986944, 0.8099999999999997202, -0.6999999999999970690 ) ) ;
#1703 = DIRECTION ( 'NONE',  ( -1.000000000000000000, -0.000000000000000000, 0.000000000000000000 ) ) ;
#1704 = LINE ( 'NONE', #5224, #5741 ) ;
#1705 = AXIS2_PLACEMENT_3D ( 'NONE', #4520, #3518, #6174 ) ;
#1706 = VERTEX_POINT ( 'NONE', #6261 ) ;
#1707 = LINE ( 'NONE', #3898, #3778 ) ;
#1708 = ADVANCED_FACE ( 'NONE', ( #729 ), #323, .F. ) ;
#1709 = ORIENTED_EDGE ( 'NONE', *, *, #2019, .F. ) ;
#1710 = DIRECTION ( 'NONE',  ( 1.000000000000000000, 0.000000000000000000, 0.000000000000000000 ) ) ;
#1711 = ORIENTED_EDGE ( 'NONE', *, *, #6230, .F. ) ;
#1712 = LINE ( 'NONE', #56, #4861 ) ;
#1713 = VECTOR ( 'NONE', #1094, 1000.000000000000000 ) ;
#1714 = ORIENTED_EDGE ( 'NONE', *, *, #5289, .T. ) ;
#1715 = VECTOR ( 'NONE', #3265, 1000.000000000000000 ) ;
#1716 = EDGE_CURVE ( 'NONE', #3248, #3455, #834, .T. ) ;
#1717 = DIRECTION ( 'NONE',  ( 1.000000000000000000, -0.000000000000000000, -0.000000000000000000 ) ) ;
#1718 = ORIENTED_EDGE ( 'NONE', *, *, #6419, .F. ) ;
#1719 = LINE ( 'NONE', #4518, #6186 ) ;
#1720 = STYLED_ITEM ( 'NONE', ( #2561 ), #2544 ) ;
#1721 = ORIENTED_EDGE ( 'NONE', *, *, #6222, .T. ) ;
#1722 = CARTESIAN_POINT ( 'NONE',  ( 1.100406729141001350, 0.5207565403230001166, 1.110655094915502961 ) ) ;
#1723 = AXIS2_PLACEMENT_3D ( 'NONE', #5394, #5355, #2698 ) ;
#1724 = CARTESIAN_POINT ( 'NONE',  ( 0.3950000000000012390, 1.870000000000000107, -1.399999999999997247 ) ) ;
#1725 = CARTESIAN_POINT ( 'NONE',  ( 0.8995932708590012039, 0.03748380441553813419, -2.084766404375788085 ) ) ;
#1726 = AXIS2_PLACEMENT_3D ( 'NONE', #1187, #6002, #3882 ) ;
#1727 = VECTOR ( 'NONE', #5324, 1000.000000000000000 ) ;
#1728 = EDGE_CURVE ( 'NONE', #2453, #6795, #2413, .T. ) ;
#1729 = EDGE_CURVE ( 'NONE', #4660, #4783, #4568, .T. ) ;
#1730 = ORIENTED_EDGE ( 'NONE', *, *, #5440, .T. ) ;
#1731 = ORIENTED_EDGE ( 'NONE', *, *, #4757, .T. ) ;
#1732 = ORIENTED_EDGE ( 'NONE', *, *, #1631, .F. ) ;
#1733 = FACE_OUTER_BOUND ( 'NONE', #5939, .T. ) ;
#1734 = EDGE_LOOP ( 'NONE', ( #5889, #4248, #1647, #2944, #3616, #3439, #6236, #3153, #5680, #6747, #3909 ) ) ;
#1735 = DIRECTION ( 'NONE',  ( 0.000000000000000000, -1.000000000000000000, 0.000000000000000000 ) ) ;
#1736 = DIRECTION ( 'NONE',  ( 0.000000000000000000, -1.000000000000000000, 0.000000000000000000 ) ) ;
#1737 = EDGE_CURVE ( 'NONE', #4864, #3636, #4457, .T. ) ;
#1738 = PLANE ( 'NONE',  #4821 ) ;
#1739 = CARTESIAN_POINT ( 'NONE',  ( 0.4050000000000008593, 1.395000000000000240, -2.199999999999997069 ) ) ;
#1740 = ORIENTED_EDGE ( 'NONE', *, *, #6445, .F. ) ;
#1741 = DIRECTION ( 'NONE',  ( 0.000000000000000000, -1.000000000000000000, 0.000000000000000000 ) ) ;
#1742 = EDGE_LOOP ( 'NONE', ( #2963, #509, #3951, #2565 ) ) ;
#1743 = DIRECTION ( 'NONE',  ( 0.000000000000000000, 0.000000000000000000, 1.000000000000000000 ) ) ;
#1744 = LINE ( 'NONE', #3930, #2351 ) ;
#1745 = VECTOR ( 'NONE', #5824, 1000.000000000000000 ) ;
#1746 = ADVANCED_FACE ( 'NONE', ( #6872 ), #3460, .F. ) ;
#1747 = CARTESIAN_POINT ( 'NONE',  ( -0.9999999999999991118, 1.169999999999993934, -2.299999999999983391 ) ) ;
#1748 = ORIENTED_EDGE ( 'NONE', *, *, #4564, .T. ) ;
#1749 = LINE ( 'NONE', #631, #3552 ) ;
#1750 = ORIENTED_EDGE ( 'NONE', *, *, #2465, .F. ) ;
#1751 = FACE_OUTER_BOUND ( 'NONE', #837, .T. ) ;
#1752 = EDGE_LOOP ( 'NONE', ( #1060, #6130, #2181, #493 ) ) ;
#1753 = AXIS2_PLACEMENT_3D ( 'NONE', #6107, #6650, #6071 ) ;
#1754 = CARTESIAN_POINT ( 'NONE',  ( -0.9049999999999986944, 0.2212373928370751364, -2.394766404375737512 ) ) ;
#1755 = ADVANCED_FACE ( 'NONE', ( #1910 ), #4645, .T. ) ;
#1756 = LINE ( 'NONE', #5668, #5153 ) ;
#1757 = VECTOR ( 'NONE', #5177, 1000.000000000000000 ) ;
#1758 = EDGE_LOOP ( 'NONE', ( #2403, #4137, #5023, #4306, #5492, #5623, #3361, #6027, #6852, #5005, #6698, #5102, #1422, #6622, #1546, #395, #5207, #4329, #6415, #610, #1155, #3799, #5921, #387, #34, #744, #4892, #2236, #3046, #3966, #458, #1220, #3814, #2209, #3335, #804, #591, #4550, #3878, #1656, #4620, #3953, #122, #4952, #280, #4998, #4050, #2972, #2538, #5774, #6895, #1284, #2252, #5956, #326, #3016, #6770, #5653, #6858, #131, #6352, #6779, #1173, #420, #6417, #2470, #1907, #3559, #2247, #4499, #1490, #3827 ) ) ;
#1759 = DIRECTION ( 'NONE',  ( -0.000000000000000000, -0.000000000000000000, -1.000000000000000000 ) ) ;
#1760 = ORIENTED_EDGE ( 'NONE', *, *, #3741, .F. ) ;
#1761 = FACE_OUTER_BOUND ( 'NONE', #6813, .T. ) ;
#1762 = CARTESIAN_POINT ( 'NONE',  ( -3.199999999999998845, 1.870000000000000107, 0.05000000000000316691 ) ) ;
#1763 = EDGE_CURVE ( 'NONE', #5743, #4684, #3024, .T. ) ;
#1764 = AXIS2_PLACEMENT_3D ( 'NONE', #3792, #1571, #4799 ) ;
#1765 = DIRECTION ( 'NONE',  ( -1.000000000000000000, 0.000000000000000000, 0.000000000000000000 ) ) ;
#1766 = ORIENTED_EDGE ( 'NONE', *, *, #1406, .T. ) ;
#1767 = AXIS2_PLACEMENT_3D ( 'NONE', #3307, #35, #2229 ) ;
#1768 = EDGE_LOOP ( 'NONE', ( #2099, #426, #86, #1639, #3410, #2292 ) ) ;
#1769 = ORIENTED_EDGE ( 'NONE', *, *, #712, .F. ) ;
#1770 = ORIENTED_EDGE ( 'NONE', *, *, #2907, .F. ) ;
#1771 = LINE ( 'NONE', #6689, #1180 ) ;
#1772 = EDGE_CURVE ( 'NONE', #209, #6147, #1956, .T. ) ;
#1773 = EDGE_CURVE ( 'NONE', #3366, #1637, #1946, .T. ) ;
#1774 = FACE_OUTER_BOUND ( 'NONE', #5805, .T. ) ;
#1775 = VECTOR ( 'NONE', #5140, 1000.000000000000000 ) ;
#1776 = CARTESIAN_POINT ( 'NONE',  ( 1.301042606982605321E-15, 1.760000000000000231, 1.200000000000002620 ) ) ;
#1777 = DIRECTION ( 'NONE',  ( -0.000000000000000000, -0.000000000000000000, 1.000000000000000000 ) ) ;
#1778 = VECTOR ( 'NONE', #5776, 1000.000000000000000 ) ;
#1779 = VERTEX_POINT ( 'NONE', #4135 ) ;
#1780 = DIRECTION ( 'NONE',  ( 1.000000000000000000, -0.000000000000000000, -0.000000000000000000 ) ) ;
#1781 = ORIENTED_EDGE ( 'NONE', *, *, #2308, .F. ) ;
#1782 = ADVANCED_FACE ( 'NONE', ( #1407 ), #6840, .F. ) ;
#1783 = CARTESIAN_POINT ( 'NONE',  ( 1.370000000000001439, 1.640000000000000124, -2.099999999999997868 ) ) ;
#1784 = CARTESIAN_POINT ( 'NONE',  ( -0.4049999999999986944, 1.620000000000000551, -2.099999999999997868 ) ) ;
#1785 = LINE ( 'NONE', #3432, #2402 ) ;
#1786 = EDGE_LOOP ( 'NONE', ( #4554, #1683, #3622, #5575 ) ) ;
#1787 = CARTESIAN_POINT ( 'NONE',  ( -1.719999999999998419, 0.5500000000000001554, 0.07500000000000300870 ) ) ;
#1788 = VERTEX_POINT ( 'NONE', #5796 ) ;
#1789 = DIRECTION ( 'NONE',  ( 0.000000000000000000, 0.000000000000000000, 1.000000000000000000 ) ) ;
#1790 = ORIENTED_EDGE ( 'NONE', *, *, #6974, .T. ) ;
#1791 = ADVANCED_FACE ( 'NONE', ( #871 ), #184, .T. ) ;
#1792 = DIRECTION ( 'NONE',  ( 0.000000000000000000, -1.000000000000000000, 0.000000000000000000 ) ) ;
#1793 = DIRECTION ( 'NONE',  ( -1.000000000000000000, 0.000000000000000000, 0.000000000000000000 ) ) ;
#1794 = ORIENTED_EDGE ( 'NONE', *, *, #1970, .F. ) ;
#1795 = DIRECTION ( 'NONE',  ( -1.000000000000000000, 0.000000000000000000, 0.000000000000000000 ) ) ;
#1796 = ORIENTED_EDGE ( 'NONE', *, *, #2917, .F. ) ;
#1797 = CARTESIAN_POINT ( 'NONE',  ( 3.200000000000001510, 1.870000000000000107, -0.3649999999999968270 ) ) ;
#1798 = FACE_OUTER_BOUND ( 'NONE', #5586, .T. ) ;
#1799 = ORIENTED_EDGE ( 'NONE', *, *, #4479, .T. ) ;
#1800 = VERTEX_POINT ( 'NONE', #3992 ) ;
#1801 = VERTEX_POINT ( 'NONE', #6189 ) ;
#1802 = CARTESIAN_POINT ( 'NONE',  ( 0.5950000000000013056, 0.2500000000000000000, -2.099999999999997868 ) ) ;
#1803 = LINE ( 'NONE', #6260, #1260 ) ;
#1804 = ADVANCED_FACE ( 'NONE', ( #6290 ), #5142, .T. ) ;
#1805 = DIRECTION ( 'NONE',  ( 0.000000000000000000, -1.000000000000000000, 0.000000000000000000 ) ) ;
#1806 = DIRECTION ( 'NONE',  ( 0.000000000000000000, 0.000000000000000000, -1.000000000000000000 ) ) ;
#1807 = VERTEX_POINT ( 'NONE', #1369 ) ;
#1808 = CARTESIAN_POINT ( 'NONE',  ( -3.149999999999998135, 0.9100000000000000311, -2.089999999999997193 ) ) ;
#1809 = VERTEX_POINT ( 'NONE', #4071 ) ;
#1810 = DIRECTION ( 'NONE',  ( 0.000000000000000000, -0.9063077870422934224, -0.4226182617285969556 ) ) ;
#1811 = CARTESIAN_POINT ( 'NONE',  ( -1.369999999999998774, 0.2800000000000000822, -2.099999999999997868 ) ) ;
#1812 = CARTESIAN_POINT ( 'NONE',  ( -2.299999999999998046, 1.340000000000000080, 0.07500000000000300870 ) ) ;
#1813 = ADVANCED_FACE ( 'NONE', ( #1877 ), #3529, .T. ) ;
#1814 = CARTESIAN_POINT ( 'NONE',  ( -2.799999999999998490, 0.1600000000000001976, 1.400000000000002798 ) ) ;
#1815 = ORIENTED_EDGE ( 'NONE', *, *, #3145, .F. ) ;
#1816 = LINE ( 'NONE', #120, #2161 ) ;
#1817 = ORIENTED_EDGE ( 'NONE', *, *, #3346, .F. ) ;
#1818 = LINE ( 'NONE', #338, #5542 ) ;
#1819 = ORIENTED_EDGE ( 'NONE', *, *, #3869, .T. ) ;
#1820 = LINE ( 'NONE', #5515, #739 ) ;
#1821 = AXIS2_PLACEMENT_3D ( 'NONE', #3695, #7051, #5891 ) ;
#1822 = CARTESIAN_POINT ( 'NONE',  ( -0.09499999999999916844, 0.8099999999999997202, -0.6999999999999970690 ) ) ;
#1823 = ADVANCED_FACE ( 'NONE', ( #2450 ), #1443, .F. ) ;
#1824 = ORIENTED_EDGE ( 'NONE', *, *, #6402, .F. ) ;
#1825 = CARTESIAN_POINT ( 'NONE',  ( 1.301042606982605321E-15, 1.670000000000000151, -2.099999999999997868 ) ) ;
#1826 = VERTEX_POINT ( 'NONE', #5349 ) ;
#1827 = DIRECTION ( 'NONE',  ( -1.000000000000000000, 0.000000000000000000, 0.000000000000000000 ) ) ;
#1828 = VECTOR ( 'NONE', #5165, 1000.000000000000000 ) ;
#1829 = VECTOR ( 'NONE', #885, 1000.000000000000000 ) ;
#1830 = CARTESIAN_POINT ( 'NONE',  ( 2.800000000000001155, 0.9600000000000001865, 1.400000000000002798 ) ) ;
#1831 = VECTOR ( 'NONE', #1225, 1000.000000000000000 ) ;
#1832 = VECTOR ( 'NONE', #5620, 1000.000000000000000 ) ;
#1833 = VERTEX_POINT ( 'NONE', #5825 ) ;
#1834 = ORIENTED_EDGE ( 'NONE', *, *, #482, .F. ) ;
#1835 = ORIENTED_EDGE ( 'NONE', *, *, #748, .T. ) ;
#1836 = FACE_OUTER_BOUND ( 'NONE', #2799, .T. ) ;
#1837 = ORIENTED_EDGE ( 'NONE', *, *, #2195, .T. ) ;
#1838 = LINE ( 'NONE', #6387, #5554 ) ;
#1839 = AXIS2_PLACEMENT_3D ( 'NONE', #1554, #5864, #3769 ) ;
#1840 = DIRECTION ( 'NONE',  ( 1.000000000000000000, 0.000000000000000000, -0.000000000000000000 ) ) ;
#1841 = ADVANCED_FACE ( 'NONE', ( #1980 ), #1682, .F. ) ;
#1842 = DIRECTION ( 'NONE',  ( 0.000000000000000000, -1.000000000000000000, 0.000000000000000000 ) ) ;
#1843 = CARTESIAN_POINT ( 'NONE',  ( -0.09499999999999916844, 0.8099999999999997202, -1.989999999999996882 ) ) ;
#1844 = ORIENTED_EDGE ( 'NONE', *, *, #5229, .T. ) ;
#1845 = FACE_OUTER_BOUND ( 'NONE', #3268, .T. ) ;
#1846 = VERTEX_POINT ( 'NONE', #3090 ) ;
#1847 = CARTESIAN_POINT ( 'NONE',  ( -0.9049999999999986944, 0.8020083447047559044, 1.217369128957688895 ) ) ;
#1848 = EDGE_CURVE ( 'NONE', #2472, #4618, #3868, .T. ) ;
#1849 = LINE ( 'NONE', #6123, #1206 ) ;
#1850 = FACE_OUTER_BOUND ( 'NONE', #6391, .T. ) ;
#1851 = DIRECTION ( 'NONE',  ( -1.000000000000000000, 0.000000000000000000, 0.000000000000000000 ) ) ;
#1852 = VERTEX_POINT ( 'NONE', #6435 ) ;
#1853 = LINE ( 'NONE', #2318, #5488 ) ;
#1854 = ORIENTED_EDGE ( 'NONE', *, *, #2515, .T. ) ;
#1855 = CARTESIAN_POINT ( 'NONE',  ( 1.095000000000001306, 0.8099999999999997202, -2.799999999999997602 ) ) ;
#1856 = VERTEX_POINT ( 'NONE', #5387 ) ;
#1857 = DIRECTION ( 'NONE',  ( 0.000000000000000000, -1.000000000000000000, 0.000000000000000000 ) ) ;
#1858 = EDGE_CURVE ( 'NONE', #2780, #2798, #1134, .T. ) ;
#1859 = EDGE_CURVE ( 'NONE', #6217, #6046, #5283, .T. ) ;
#1860 = LINE ( 'NONE', #5778, #3656 ) ;
#1861 = ORIENTED_EDGE ( 'NONE', *, *, #4437, .F. ) ;
#1862 = DIRECTION ( 'NONE',  ( -0.000000000000000000, 1.000000000000000000, -0.000000000000000000 ) ) ;
#1863 = AXIS2_PLACEMENT_3D ( 'NONE', #6792, #1901, #4635 ) ;
#1864 = VERTEX_POINT ( 'NONE', #6981 ) ;
#1865 = CARTESIAN_POINT ( 'NONE',  ( 3.850000000000114220, 0.1999999999999998723, -1.579999999999997184 ) ) ;
#1866 = EDGE_CURVE ( 'NONE', #446, #1920, #5520, .T. ) ;
#1867 = CARTESIAN_POINT ( 'NONE',  ( -0.9999999999999991118, 1.770000000000000018, -1.399999999999997247 ) ) ;
#1868 = VECTOR ( 'NONE', #6847, 1000.000000000000000 ) ;
#1869 = VERTEX_POINT ( 'NONE', #1478 ) ;
#1870 = VERTEX_POINT ( 'NONE', #975 ) ;
#1871 = ORIENTED_EDGE ( 'NONE', *, *, #6539, .F. ) ;
#1872 = DIRECTION ( 'NONE',  ( 0.000000000000000000, -1.000000000000000000, 0.000000000000000000 ) ) ;
#1873 = AXIS2_PLACEMENT_3D ( 'NONE', #1402, #868, #4707 ) ;
#1874 = DIRECTION ( 'NONE',  ( 0.000000000000000000, 0.000000000000000000, 1.000000000000000000 ) ) ;
#1875 = DIRECTION ( 'NONE',  ( 1.000000000000000000, -0.000000000000000000, -0.000000000000000000 ) ) ;
#1876 = VECTOR ( 'NONE', #5664, 1000.000000000000000 ) ;
#1877 = FACE_OUTER_BOUND ( 'NONE', #2545, .T. ) ;
#1878 = DIRECTION ( 'NONE',  ( -1.000000000000000000, 0.000000000000000000, 0.000000000000000000 ) ) ;
#1879 = LINE ( 'NONE', #5075, #6585 ) ;
#1880 = ORIENTED_EDGE ( 'NONE', *, *, #2216, .F. ) ;
#1881 = VECTOR ( 'NONE', #4929, 1000.000000000000000 ) ;
#1882 = EDGE_CURVE ( 'NONE', #2152, #778, #3164, .T. ) ;
#1883 = DIRECTION ( 'NONE',  ( -1.000000000000000000, 0.000000000000000000, 0.000000000000000000 ) ) ;
#1884 = LINE ( 'NONE', #5186, #3806 ) ;
#1885 = CARTESIAN_POINT ( 'NONE',  ( -0.9049999999999986944, 1.169999999999996598, -2.299999999999988720 ) ) ;
#1886 = CIRCLE ( 'NONE', #4644, 0.2999999999999999334 ) ;
#1887 = ORIENTED_EDGE ( 'NONE', *, *, #6498, .T. ) ;
#1888 = LINE ( 'NONE', #6919, #2401 ) ;
#1889 = ORIENTED_EDGE ( 'NONE', *, *, #6851, .T. ) ;
#1890 = CARTESIAN_POINT ( 'NONE',  ( -2.444432617519998630, 0.1000000000000000472, -0.8999999999999971356 ) ) ;
#1891 = ORIENTED_EDGE ( 'NONE', *, *, #4877, .T. ) ;
#1892 = DIRECTION ( 'NONE',  ( 0.000000000000000000, 0.05233595624347588821, 0.9986295347545459666 ) ) ;
#1893 = VECTOR ( 'NONE', #4895, 1000.000000000000000 ) ;
#1894 = DIRECTION ( 'NONE',  ( 0.000000000000000000, 0.000000000000000000, 1.000000000000000000 ) ) ;
#1895 = ORIENTED_EDGE ( 'NONE', *, *, #2264, .F. ) ;
#1896 = DIRECTION ( 'NONE',  ( 1.000000000000000000, -0.000000000000000000, -0.000000000000000000 ) ) ;
#1897 = EDGE_CURVE ( 'NONE', #2031, #1181, #431, .T. ) ;
#1898 = EDGE_CURVE ( 'NONE', #1328, #3897, #4816, .T. ) ;
#1899 = ORIENTED_EDGE ( 'NONE', *, *, #3414, .T. ) ;
#1900 = DIRECTION ( 'NONE',  ( -1.000000000000000000, 0.000000000000000000, 0.000000000000000000 ) ) ;
#1901 = DIRECTION ( 'NONE',  ( 0.000000000000000000, -0.9063077870422934224, -0.4226182617285969556 ) ) ;
#1902 = CARTESIAN_POINT ( 'NONE',  ( 1.301042606982605321E-15, 1.050000000000000044, 1.370000000000002993 ) ) ;
#1903 = VERTEX_POINT ( 'NONE', #2788 ) ;
#1904 = ADVANCED_FACE ( 'NONE', ( #2018 ), #6908, .T. ) ;
#1905 = EDGE_CURVE ( 'NONE', #5164, #4191, #6363, .T. ) ;
#1906 = EDGE_LOOP ( 'NONE', ( #1781, #1899, #6082, #2478 ) ) ;
#1907 = ORIENTED_EDGE ( 'NONE', *, *, #3811, .F. ) ;
#1908 = LINE ( 'NONE', #3625, #5194 ) ;
#1909 = CARTESIAN_POINT ( 'NONE',  ( -0.8995932708589982063, 0.3211003463129999402, -2.399999999999998579 ) ) ;
#1910 = FACE_OUTER_BOUND ( 'NONE', #250, .T. ) ;
#1911 = EDGE_CURVE ( 'NONE', #3756, #538, #1553, .T. ) ;
#1912 = DIRECTION ( 'NONE',  ( -0.000000000000000000, -0.000000000000000000, 1.000000000000000000 ) ) ;
#1913 = VERTEX_POINT ( 'NONE', #5862 ) ;
#1914 = LINE ( 'NONE', #3569, #3941 ) ;
#1915 = ORIENTED_EDGE ( 'NONE', *, *, #7101, .T. ) ;
#1916 = CARTESIAN_POINT ( 'NONE',  ( -0.9049999999999986944, 1.710871028182125997E-13, -2.800000000000002043 ) ) ;
#1917 = APPLICATION_PROTOCOL_DEFINITION ( 'draft international standard', 'automotive_design', 1998, #3421 ) ;
#1918 = LINE ( 'NONE', #4040, #3691 ) ;
#1919 = CARTESIAN_POINT ( 'NONE',  ( -0.8949999999999982414, 0.2500000000000000000, -2.099999999999997868 ) ) ;
#1920 = VERTEX_POINT ( 'NONE', #901 ) ;
#1921 = CARTESIAN_POINT ( 'NONE',  ( -3.499999999999998668, 0.1600000000000001976, 1.400000000000002798 ) ) ;
#1922 = ORIENTED_EDGE ( 'NONE', *, *, #2615, .F. ) ;
#1923 = CARTESIAN_POINT ( 'NONE',  ( 1.000000000000001332, 0.1373467578910001763, -1.989999999999996882 ) ) ;
#1924 = ORIENTED_EDGE ( 'NONE', *, *, #5127, .F. ) ;
#1925 = DIRECTION ( 'NONE',  ( -1.000000000000000000, 0.000000000000000000, 0.000000000000000000 ) ) ;
#1926 = CARTESIAN_POINT ( 'NONE',  ( -1.314432617520374214, 0.05000000000000012768, -2.089999999999997193 ) ) ;
#1927 = ADVANCED_FACE ( 'NONE', ( #3200 ), #2752, .F. ) ;
#1928 = VERTEX_POINT ( 'NONE', #3409 ) ;
#1929 = DIRECTION ( 'NONE',  ( -0.000000000000000000, 1.000000000000000000, -0.000000000000000000 ) ) ;
#1930 = ORIENTED_EDGE ( 'NONE', *, *, #7056, .T. ) ;
#1931 = CARTESIAN_POINT ( 'NONE',  ( 1.301042606982605321E-15, 0.1600000000000001976, 2.100000000000002753 ) ) ;
#1932 = DIRECTION ( 'NONE',  ( 0.000000000000000000, -1.000000000000000000, 0.000000000000000000 ) ) ;
#1933 = EDGE_CURVE ( 'NONE', #941, #5452, #5130, .T. ) ;
#1934 = CARTESIAN_POINT ( 'NONE',  ( -0.6049999999999987610, 1.670000000000000151, -1.749999999999997113 ) ) ;
#1935 = ORIENTED_EDGE ( 'NONE', *, *, #6956, .T. ) ;
#1936 = AXIS2_PLACEMENT_3D ( 'NONE', #3423, #1661, #73 ) ;
#1937 = ORIENTED_EDGE ( 'NONE', *, *, #1403, .F. ) ;
#1938 = DIRECTION ( 'NONE',  ( -0.000000000000000000, 0.4226182617254299889, -0.9063077870437702410 ) ) ;
#1939 = VECTOR ( 'NONE', #3233, 1000.000000000000000 ) ;
#1940 = CARTESIAN_POINT ( 'NONE',  ( -4.000000000000000000, 1.659999999999999920, 1.400000000000002798 ) ) ;
#1941 = DIRECTION ( 'NONE',  ( 0.000000000000000000, -1.000000000000000000, 0.000000000000000000 ) ) ;
#1942 = ADVANCED_FACE ( 'NONE', ( #5705 ), #6638, .F. ) ;
#1943 = EDGE_CURVE ( 'NONE', #4412, #1646, #2900, .T. ) ;
#1944 = VECTOR ( 'NONE', #1759, 1000.000000000000000 ) ;
#1945 = VECTOR ( 'NONE', #6973, 1000.000000000000000 ) ;
#1946 = LINE ( 'NONE', #2990, #5855 ) ;
#1947 = PLANE ( 'NONE',  #5391 ) ;
#1948 = ORIENTED_EDGE ( 'NONE', *, *, #3913, .T. ) ;
#1949 = AXIS2_PLACEMENT_3D ( 'NONE', #3352, #6116, #1806 ) ;
#1950 = AXIS2_PLACEMENT_3D ( 'NONE', #1092, #1598, #6490 ) ;
#1951 = DIRECTION ( 'NONE',  ( 0.000000000000000000, -1.000000000000000000, 0.000000000000000000 ) ) ;
#1952 = CARTESIAN_POINT ( 'NONE',  ( -0.09499999999999916844, 0.7926488764353972760, 1.237440573434730684 ) ) ;
#1953 = DIRECTION ( 'NONE',  ( -1.000000000000000000, 0.000000000000000000, 0.000000000000000000 ) ) ;
#1954 = LINE ( 'NONE', #2960, #4845 ) ;
#1955 = EDGE_CURVE ( 'NONE', #5147, #2507, #6172, .T. ) ;
#1956 = CIRCLE ( 'NONE', #1610, 0.09999999999953015917 ) ;
#1957 = LINE ( 'NONE', #4719, #5851 ) ;
#1958 = ORIENTED_EDGE ( 'NONE', *, *, #1395, .F. ) ;
#1959 = EDGE_LOOP ( 'NONE', ( #4595, #903, #4670, #2528 ) ) ;
#1960 = DIRECTION ( 'NONE',  ( -1.000000000000000000, 0.000000000000000000, 0.000000000000000000 ) ) ;
#1961 = ORIENTED_EDGE ( 'NONE', *, *, #1241, .F. ) ;
#1962 = PLANE ( 'NONE',  #3267 ) ;
#1963 = EDGE_CURVE ( 'NONE', #5992, #1913, #1719, .T. ) ;
#1964 = DIRECTION ( 'NONE',  ( 1.000000000000000000, -0.000000000000000000, -0.000000000000000000 ) ) ;
#1965 = EDGE_LOOP ( 'NONE', ( #789, #4027, #6603, #2219 ) ) ;
#1966 = CARTESIAN_POINT ( 'NONE',  ( -1.369999999999998774, 1.870000000000000107, -0.3649999999999968270 ) ) ;
#1967 = ORIENTED_EDGE ( 'NONE', *, *, #1601, .F. ) ;
#1968 = LINE ( 'NONE', #5236, #259 ) ;
#1969 = ORIENTED_EDGE ( 'NONE', *, *, #5056, .F. ) ;
#1970 = EDGE_CURVE ( 'NONE', #6255, #1102, #1211, .T. ) ;
#1971 = CARTESIAN_POINT ( 'NONE',  ( -0.09499999999999916844, 0.2500000000000000000, -0.6999999999999970690 ) ) ;
#1972 = CARTESIAN_POINT ( 'NONE',  ( -0.6049999999999987610, 1.870000000000000107, -2.099999999999997868 ) ) ;
#1973 = VECTOR ( 'NONE', #293, 1000.000000000000000 ) ;
#1974 = ORIENTED_EDGE ( 'NONE', *, *, #6077, .F. ) ;
#1975 = ORIENTED_EDGE ( 'NONE', *, *, #3575, .F. ) ;
#1976 = DIRECTION ( 'NONE',  ( -1.000000000000000000, 0.000000000000000000, 0.000000000000000000 ) ) ;
#1977 = LINE ( 'NONE', #321, #1757 ) ;
#1978 = CIRCLE ( 'NONE', #2894, 0.2999999999999999334 ) ;
#1979 = DIRECTION ( 'NONE',  ( 0.000000000000000000, 3.523657060577880339E-15, 1.000000000000000000 ) ) ;
#1980 = FACE_OUTER_BOUND ( 'NONE', #2115, .T. ) ;
#1981 = VECTOR ( 'NONE', #4232, 1000.000000000000000 ) ;
#1982 = FACE_OUTER_BOUND ( 'NONE', #6342, .T. ) ;
#1983 = ADVANCED_FACE ( 'NONE', ( #3480 ), #4056, .T. ) ;
#1984 = EDGE_CURVE ( 'NONE', #5254, #3385, #6789, .T. ) ;
#1985 = ORIENTED_EDGE ( 'NONE', *, *, #6544, .F. ) ;
#1986 = CARTESIAN_POINT ( 'NONE',  ( 1.000000000000001332, 0.7973286105690000625, 1.227404851197802849 ) ) ;
#1987 = CARTESIAN_POINT ( 'NONE',  ( 1.000000000000001332, 3.081302574203803601E-13, -2.800000000000013589 ) ) ;
#1988 = AXIS2_PLACEMENT_3D ( 'NONE', #6205, #5124, #1960 ) ;
#1989 = DIRECTION ( 'NONE',  ( -0.000000000000000000, 0.02173399540922035106, -0.9997637888239161441 ) ) ;
#1990 = VERTEX_POINT ( 'NONE', #5670 ) ;
#1991 = CARTESIAN_POINT ( 'NONE',  ( -0.5949999999999991962, 0.8099999999999997202, -2.799999999999997602 ) ) ;
#1992 = AXIS2_PLACEMENT_3D ( 'NONE', #6228, #4784, #5392 ) ;
#1993 = EDGE_CURVE ( 'NONE', #6109, #5517, #5557, .T. ) ;
#1994 = ORIENTED_EDGE ( 'NONE', *, *, #4049, .T. ) ;
#1995 = DIRECTION ( 'NONE',  ( -0.000000000000000000, 0.02173399540922035106, -0.9997637888239161441 ) ) ;
#1996 = DIRECTION ( 'NONE',  ( 0.000000000000000000, 0.000000000000000000, -1.000000000000000000 ) ) ;
#1997 = ORIENTED_EDGE ( 'NONE', *, *, #6718, .F. ) ;
#1998 = LINE ( 'NONE', #5231, #1188 ) ;
#1999 = VECTOR ( 'NONE', #3114, 1000.000000000000000 ) ;
#2000 = LINE ( 'NONE', #6312, #3661 ) ;
#2001 = ORIENTED_EDGE ( 'NONE', *, *, #946, .F. ) ;
#2002 = DIRECTION ( 'NONE',  ( 0.000000000000000000, -1.000000000000000000, 0.000000000000000000 ) ) ;
#2003 = ADVANCED_FACE ( 'NONE', ( #4555 ), #6714, .T. ) ;
#2004 = ORIENTED_EDGE ( 'NONE', *, *, #5002, .F. ) ;
#2005 = CARTESIAN_POINT ( 'NONE',  ( -0.8949999999999982414, 0.9600000000000001865, -2.099999999999997868 ) ) ;
#2006 = VECTOR ( 'NONE', #4428, 1000.000000000000000 ) ;
#2007 = VERTEX_POINT ( 'NONE', #2938 ) ;
#2008 = CARTESIAN_POINT ( 'NONE',  ( -0.8949999999999982414, 0.05000000000000012768, 2.602085213965210642E-15 ) ) ;
#2009 = CARTESIAN_POINT ( 'NONE',  ( 1.095000000000001306, 0.5207565403230001166, 1.110655094915502961 ) ) ;
#2010 = PRESENTATION_LAYER_ASSIGNMENT (  '', '', ( #1085 ) ) ;
#2011 = DIRECTION ( 'NONE',  ( 0.000000000000000000, -1.000000000000000000, 0.000000000000000000 ) ) ;
#2012 = ORIENTED_EDGE ( 'NONE', *, *, #4283, .F. ) ;
#2013 = EDGE_CURVE ( 'NONE', #6147, #6749, #3516, .T. ) ;
#2014 = ORIENTED_EDGE ( 'NONE', *, *, #785, .T. ) ;
#2015 = LINE ( 'NONE', #7015, #3650 ) ;
#2016 = LINE ( 'NONE', #6257, #5079 ) ;
#2017 = CARTESIAN_POINT ( 'NONE',  ( -0.4049999999999986944, 0.1373467578910001763, -2.089999999999997193 ) ) ;
#2018 = FACE_OUTER_BOUND ( 'NONE', #4278, .T. ) ;
#2019 = EDGE_CURVE ( 'NONE', #3756, #4528, #3979, .T. ) ;
#2020 = PLANE ( 'NONE',  #2410 ) ;
#2021 = ORIENTED_EDGE ( 'NONE', *, *, #4591, .F. ) ;
#2022 = CARTESIAN_POINT ( 'NONE',  ( 1.370000000000001439, 0.05000000000000012768, 0.05000000000000316691 ) ) ;
#2023 = DIRECTION ( 'NONE',  ( 1.000000000000000000, -0.000000000000000000, -0.000000000000000000 ) ) ;
#2024 = DIRECTION ( 'NONE',  ( 0.000000000000000000, -1.000000000000000000, 0.000000000000000000 ) ) ;
#2025 = EDGE_CURVE ( 'NONE', #5121, #5737, #4018, .T. ) ;
#2026 = CARTESIAN_POINT ( 'NONE',  ( -3.849999999999998312, 0.1000000000000000472, -1.400000000000000133 ) ) ;
#2027 = ORIENTED_EDGE ( 'NONE', *, *, #1943, .T. ) ;
#2028 = CARTESIAN_POINT ( 'NONE',  ( 2.800000000000001155, 0.1600000000000001976, 1.400000000000002798 ) ) ;
#2029 = ORIENTED_EDGE ( 'NONE', *, *, #1233, .F. ) ;
#2030 = DIRECTION ( 'NONE',  ( 0.000000000000000000, 0.000000000000000000, 1.000000000000000000 ) ) ;
#2031 = VERTEX_POINT ( 'NONE', #1172 ) ;
#2032 = DIRECTION ( 'NONE',  ( 0.000000000000000000, 0.000000000000000000, -1.000000000000000000 ) ) ;
#2033 = LINE ( 'NONE', #4253, #3728 ) ;
#2034 = EDGE_CURVE ( 'NONE', #4748, #3011, #1282, .T. ) ;
#2035 = DIRECTION ( 'NONE',  ( 0.000000000000000000, -0.4061384660533919333, 0.9138115486202819104 ) ) ;
#2036 = ORIENTED_EDGE ( 'NONE', *, *, #3125, .F. ) ;
#2037 = DIRECTION ( 'NONE',  ( 0.000000000000000000, 0.000000000000000000, 1.000000000000000000 ) ) ;
#2038 = ORIENTED_EDGE ( 'NONE', *, *, #5769, .T. ) ;
#2039 = FACE_OUTER_BOUND ( 'NONE', #128, .T. ) ;
#2040 = ORIENTED_EDGE ( 'NONE', *, *, #3913, .F. ) ;
#2041 = CARTESIAN_POINT ( 'NONE',  ( 3.150000000000101608, 0.1000000000000000472, -1.579999999999997184 ) ) ;
#2042 = DIRECTION ( 'NONE',  ( -1.000000000000000000, 0.000000000000000000, 0.000000000000000000 ) ) ;
#2043 = ADVANCED_FACE ( 'NONE', ( #750 ), #2826, .T. ) ;
#2044 = PLANE ( 'NONE',  #452 ) ;
#2045 = ORIENTED_EDGE ( 'NONE', *, *, #2019, .T. ) ;
#2046 = ORIENTED_EDGE ( 'NONE', *, *, #6954, .T. ) ;
#2047 = CARTESIAN_POINT ( 'NONE',  ( 0.8950000000000012390, 1.870000000000000107, -0.3649999999999968270 ) ) ;
#2048 = LINE ( 'NONE', #4882, #5887 ) ;
#2049 = FACE_OUTER_BOUND ( 'NONE', #3068, .T. ) ;
#2050 = EDGE_CURVE ( 'NONE', #2238, #2605, #2288, .T. ) ;
#2051 = DIRECTION ( 'NONE',  ( 0.000000000000000000, -0.9138115486202604831, -0.4061384660534400060 ) ) ;
#2052 = DIRECTION ( 'NONE',  ( 0.000000000000000000, -1.000000000000000000, 0.000000000000000000 ) ) ;
#2053 = ORIENTED_EDGE ( 'NONE', *, *, #1193, .F. ) ;
#2054 = DIRECTION ( 'NONE',  ( -0.000000000000000000, 0.02173399540922035106, -0.9997637888239161441 ) ) ;
#2055 = VECTOR ( 'NONE', #5200, 1000.000000000000000 ) ;
#2056 = CARTESIAN_POINT ( 'NONE',  ( -0.4999999999999987232, 0.01874190220800021900, -2.442383202187996538 ) ) ;
#2057 = VECTOR ( 'NONE', #5412, 1000.000000000000000 ) ;
#2058 = EDGE_CURVE ( 'NONE', #4490, #67, #3944, .T. ) ;
#2059 = CARTESIAN_POINT ( 'NONE',  ( -1.094999999999998863, 0.5207565403230001166, 1.110655094915502961 ) ) ;
#2060 = AXIS2_PLACEMENT_3D ( 'NONE', #5427, #3209, #477 ) ;
#2061 = EDGE_LOOP ( 'NONE', ( #5754, #1305, #5085, #5257 ) ) ;
#2062 = LINE ( 'NONE', #4247, #565 ) ;
#2063 = ORIENTED_EDGE ( 'NONE', *, *, #1898, .T. ) ;
#2064 = DIRECTION ( 'NONE',  ( 0.000000000000000000, -0.02173399540922035106, 0.9997637888239161441 ) ) ;
#2065 = PRODUCT_DEFINITION ( 'UNKNOWN', '', #295, #2796 ) ;
#2066 = ORIENTED_EDGE ( 'NONE', *, *, #390, .T. ) ;
#2067 = PLANE ( 'NONE',  #974 ) ;
#2068 = CARTESIAN_POINT ( 'NONE',  ( 3.200000000000001510, 0.2800000000000000822, -1.024999999999997247 ) ) ;
#2069 = AXIS2_PLACEMENT_3D ( 'NONE', #2618, #2052, #6436 ) ;
#2070 = AXIS2_PLACEMENT_3D ( 'NONE', #2395, #673, #6136 ) ;
#2071 = CARTESIAN_POINT ( 'NONE',  ( -0.8949999999999982414, 1.670000000000000151, -1.399999999999997247 ) ) ;
#2072 = ORIENTED_EDGE ( 'NONE', *, *, #3699, .F. ) ;
#2073 = FACE_OUTER_BOUND ( 'NONE', #6028, .T. ) ;
#2074 = ORIENTED_EDGE ( 'NONE', *, *, #2271, .T. ) ;
#2075 = CARTESIAN_POINT ( 'NONE',  ( -0.3949999999999986300, 0.2500000000000000000, -2.099999999999997868 ) ) ;
#2076 = EDGE_CURVE ( 'NONE', #6572, #2630, #6416, .T. ) ;
#2077 = EDGE_LOOP ( 'NONE', ( #24, #5053, #2328, #1770 ) ) ;
#2078 = EDGE_CURVE ( 'NONE', #1181, #4930, #887, .T. ) ;
#2079 = CARTESIAN_POINT ( 'NONE',  ( 3.500000000000001332, 0.1600000000000001976, 0.7000000000000029532 ) ) ;
#2080 = DIRECTION ( 'NONE',  ( 0.000000000000000000, 0.05303311836814177116, 0.9985927540074335251 ) ) ;
#2081 = CARTESIAN_POINT ( 'NONE',  ( 0.5000000000000013323, 0.7415992405140001686, 0.07988946384000294998 ) ) ;
#2082 = ORIENTED_EDGE ( 'NONE', *, *, #2341, .F. ) ;
#2083 = ORIENTED_EDGE ( 'NONE', *, *, #3545, .T. ) ;
#2084 = CARTESIAN_POINT ( 'NONE',  ( 1.301042606982605321E-15, 0.9600000000000001865, -2.099999999999997868 ) ) ;
#2085 = LINE ( 'NONE', #7085, #1529 ) ;
#2086 = ADVANCED_FACE ( 'NONE', ( #5299 ), #1392, .F. ) ;
#2087 = CARTESIAN_POINT ( 'NONE',  ( -1.369999999999998774, 0.05000000000000012768, -2.089999999999997193 ) ) ;
#2088 = VECTOR ( 'NONE', #5485, 1000.000000000000000 ) ;
#2089 = DIRECTION ( 'NONE',  ( 0.000000000000000000, -1.000000000000000000, 0.000000000000000000 ) ) ;
#2090 = VECTOR ( 'NONE', #2179, 1000.000000000000000 ) ;
#2091 = VERTEX_POINT ( 'NONE', #5781 ) ;
#2092 = FACE_OUTER_BOUND ( 'NONE', #684, .T. ) ;
#2093 = CARTESIAN_POINT ( 'NONE',  ( -1.499999999999998668, 0.6599999999999998090, 1.699999999999811218 ) ) ;
#2094 = VECTOR ( 'NONE', #2481, 1000.000000000000000 ) ;
#2095 = DIRECTION ( 'NONE',  ( 0.000000000000000000, 0.000000000000000000, 1.000000000000000000 ) ) ;
#2096 = CARTESIAN_POINT ( 'NONE',  ( -1.369999999999998774, 1.870000000000000107, -2.099999999999997868 ) ) ;
#2097 = ORIENTED_EDGE ( 'NONE', *, *, #4884, .F. ) ;
#2098 = LINE ( 'NONE', #5836, #1176 ) ;
#2099 = ORIENTED_EDGE ( 'NONE', *, *, #5895, .T. ) ;
#2100 = VECTOR ( 'NONE', #6887, 999.9999999999998863 ) ;
#2101 = CARTESIAN_POINT ( 'NONE',  ( -2.264432617519998914, 1.720000000000000195, -1.139999999999997460 ) ) ;
#2102 = FACE_OUTER_BOUND ( 'NONE', #3437, .T. ) ;
#2103 = LINE ( 'NONE', #5364, #5275 ) ;
#2104 = VECTOR ( 'NONE', #1735, 1000.000000000000000 ) ;
#2105 = ORIENTED_EDGE ( 'NONE', *, *, #821, .F. ) ;
#2106 = CARTESIAN_POINT ( 'NONE',  ( -1.104999999999998428, 1.670000000000000151, -1.399999999999997247 ) ) ;
#2107 = ORIENTED_EDGE ( 'NONE', *, *, #2475, .T. ) ;
#2108 = LINE ( 'NONE', #1503, #497 ) ;
#2109 = EDGE_LOOP ( 'NONE', ( #4973, #6213, #1303, #5527, #957, #845, #4685, #1730, #2371, #632, #4964 ) ) ;
#2110 = FACE_OUTER_BOUND ( 'NONE', #6962, .T. ) ;
#2111 = VECTOR ( 'NONE', #4438, 1000.000000000000000 ) ;
#2112 = DIRECTION ( 'NONE',  ( 0.000000000000000000, 0.000000000000000000, -1.000000000000000000 ) ) ;
#2113 = ADVANCED_FACE ( 'NONE', ( #4694 ), #347, .F. ) ;
#2114 = CARTESIAN_POINT ( 'NONE',  ( -2.444432617519998630, 0.1000000000000000472, -0.5449999999999972644 ) ) ;
#2115 = EDGE_LOOP ( 'NONE', ( #5230, #1967, #4800, #4171 ) ) ;
#2116 = VECTOR ( 'NONE', #4039, 1000.000000000000000 ) ;
#2117 = VERTEX_POINT ( 'NONE', #2434 ) ;
#2118 = CARTESIAN_POINT ( 'NONE',  ( 1.301042606982605321E-15, 0.05000000000000012768, 2.100000000000002753 ) ) ;
#2119 = DIRECTION ( 'NONE',  ( 0.000000000000000000, 0.05233595624284890363, 0.9986295347545788292 ) ) ;
#2120 = LINE ( 'NONE', #3735, #2542 ) ;
#2121 = VECTOR ( 'NONE', #2314, 1000.000000000000000 ) ;
#2122 = EDGE_CURVE ( 'NONE', #5651, #1045, #4153, .T. ) ;
#2123 = DIRECTION ( 'NONE',  ( 0.000000000000000000, -0.4226182617285969556, 0.9063077870422934224 ) ) ;
#2124 = ORIENTED_EDGE ( 'NONE', *, *, #5625, .T. ) ;
#2125 = LINE ( 'NONE', #3204, #269 ) ;
#2126 = DIRECTION ( 'NONE',  ( 0.01739543771106084186, 0.000000000000000000, -0.9998486879257484361 ) ) ;
#2127 = EDGE_CURVE ( 'NONE', #3372, #1779, #384, .T. ) ;
#2128 = CARTESIAN_POINT ( 'NONE',  ( 3.844432617520251672, 0.1000000000000000472, -0.8999999999999971356 ) ) ;
#2129 = DIRECTION ( 'NONE',  ( -0.000000000000000000, -0.000000000000000000, -1.000000000000000000 ) ) ;
#2130 = VERTEX_POINT ( 'NONE', #4630 ) ;
#2131 = CARTESIAN_POINT ( 'NONE',  ( -0.9049999999999986944, 0.2500000000000000000, -0.6999999999999970690 ) ) ;
#2132 = ORIENTED_EDGE ( 'NONE', *, *, #2761, .F. ) ;
#2133 = CARTESIAN_POINT ( 'NONE',  ( 1.301042606982605321E-15, 0.8020083447045608382, 1.217369128957598301 ) ) ;
#2134 = ADVANCED_FACE ( 'NONE', ( #5234 ), #4189, .F. ) ;
#2135 = LINE ( 'NONE', #6998, #5496 ) ;
#2136 = VERTEX_POINT ( 'NONE', #6383 ) ;
#2137 = DIRECTION ( 'NONE',  ( -1.000000000000000000, 0.000000000000000000, 0.000000000000000000 ) ) ;
#2138 = ORIENTED_EDGE ( 'NONE', *, *, #3116, .F. ) ;
#2139 = CARTESIAN_POINT ( 'NONE',  ( -1.514432617519998248, 0.2800000000000000822, -2.089999999999997193 ) ) ;
#2140 = ORIENTED_EDGE ( 'NONE', *, *, #5947, .F. ) ;
#2141 = CARTESIAN_POINT ( 'NONE',  ( 0.5950000000000013056, 0.9600000000000001865, -2.099999999999997868 ) ) ;
#2142 = DIRECTION ( 'NONE',  ( -1.000000000000000000, 0.000000000000000000, 0.000000000000000000 ) ) ;
#2143 = EDGE_CURVE ( 'NONE', #7028, #4663, #3682, .T. ) ;
#2144 = LINE ( 'NONE', #3230, #2057 ) ;
#2145 = EDGE_LOOP ( 'NONE', ( #4637, #6126, #3141, #483, #695, #236 ) ) ;
#2146 = VERTEX_POINT ( 'NONE', #1428 ) ;
#2147 = CARTESIAN_POINT ( 'NONE',  ( -1.599999999999998090, 0.9600000000000001865, 1.200000000000002620 ) ) ;
#2148 = CARTESIAN_POINT ( 'NONE',  ( 3.844432617520243678, 0.000000000000000000, -1.139999999999997460 ) ) ;
#2149 = EDGE_CURVE ( 'NONE', #3573, #2130, #2500, .T. ) ;
#2150 = FACE_OUTER_BOUND ( 'NONE', #1752, .T. ) ;
#2151 = LINE ( 'NONE', #471, #5854 ) ;
#2152 = VERTEX_POINT ( 'NONE', #6896 ) ;
#2153 = LINE ( 'NONE', #4344, #7103 ) ;
#2154 = LINE ( 'NONE', #5570, #4859 ) ;
#2155 = EDGE_CURVE ( 'NONE', #2507, #4207, #5744, .T. ) ;
#2156 = ADVANCED_FACE ( 'NONE', ( #4119 ), #4090, .F. ) ;
#2157 = LINE ( 'NONE', #4456, #2297 ) ;
#2158 = DIRECTION ( 'NONE',  ( 0.000000000000000000, 0.000000000000000000, 1.000000000000000000 ) ) ;
#2159 = DIRECTION ( 'NONE',  ( 0.000000000000000000, 0.000000000000000000, 1.000000000000000000 ) ) ;
#2160 = ORIENTED_EDGE ( 'NONE', *, *, #4850, .F. ) ;
#2161 = VECTOR ( 'NONE', #159, 1000.000000000000000 ) ;
#2162 = AXIS2_PLACEMENT_3D ( 'NONE', #4484, #7117, #3301 ) ;
#2163 = CARTESIAN_POINT ( 'NONE',  ( 1.095000000000001306, 1.541735489274387305E-13, -2.800000000000002931 ) ) ;
#2164 = EDGE_LOOP ( 'NONE', ( #3654, #3383, #3685, #3877 ) ) ;
#2165 = EDGE_CURVE ( 'NONE', #5432, #1655, #4766, .T. ) ;
#2166 = CARTESIAN_POINT ( 'NONE',  ( 1.789432617520001267, 1.820000000000000284, -1.139999999999997460 ) ) ;
#2167 = VECTOR ( 'NONE', #5574, 1000.000000000000000 ) ;
#2168 = VECTOR ( 'NONE', #20, 1000.000000000000000 ) ;
#2169 = DIRECTION ( 'NONE',  ( -1.000000000000000000, 0.000000000000000000, 0.000000000000000000 ) ) ;
#2170 = ORIENTED_EDGE ( 'NONE', *, *, #5857, .T. ) ;
#2171 = LINE ( 'NONE', #6562, #7110 ) ;
#2172 = EDGE_LOOP ( 'NONE', ( #4560, #6332, #3647, #4808 ) ) ;
#2173 = CARTESIAN_POINT ( 'NONE',  ( 1.301042606982605321E-15, 1.670000000000000151, -1.399999999999997247 ) ) ;
#2174 = ORIENTED_EDGE ( 'NONE', *, *, #6230, .T. ) ;
#2175 = ADVANCED_FACE ( 'NONE', ( #3583 ), #5264, .T. ) ;
#2176 = VECTOR ( 'NONE', #4312, 1000.000000000000114 ) ;
#2177 = CARTESIAN_POINT ( 'NONE',  ( 1.301042606982605321E-15, 0.6671189302731395099, 1.372529207435402521 ) ) ;
#2178 = VECTOR ( 'NONE', #3032, 1000.000000000000000 ) ;
#2179 = DIRECTION ( 'NONE',  ( 0.000000000000000000, 0.000000000000000000, 1.000000000000000000 ) ) ;
#2180 = CARTESIAN_POINT ( 'NONE',  ( 3.500000000000001332, 1.659999999999999920, 0.7000000000000029532 ) ) ;
#2181 = ORIENTED_EDGE ( 'NONE', *, *, #2249, .F. ) ;
#2182 = ORIENTED_EDGE ( 'NONE', *, *, #5538, .T. ) ;
#2183 = CARTESIAN_POINT ( 'NONE',  ( -0.09499999999999916844, 0.1373467578910001763, -2.089999999999997193 ) ) ;
#2184 = LINE ( 'NONE', #2148, #1981 ) ;
#2185 = EDGE_CURVE ( 'NONE', #4211, #3093, #6859, .T. ) ;
#2186 = LINE ( 'NONE', #1178, #2315 ) ;
#2187 = ORIENTED_EDGE ( 'NONE', *, *, #6724, .F. ) ;
#2188 = ORIENTED_EDGE ( 'NONE', *, *, #7017, .F. ) ;
#2189 = ORIENTED_EDGE ( 'NONE', *, *, #6880, .T. ) ;
#2190 = LINE ( 'NONE', #6652, #2104 ) ;
#2191 = CARTESIAN_POINT ( 'NONE',  ( 1.370000000000001439, 0.2800000000000000822, -1.489999999999996882 ) ) ;
#2192 = EDGE_CURVE ( 'NONE', #6867, #1182, #820, .T. ) ;
#2193 = FACE_OUTER_BOUND ( 'NONE', #5480, .T. ) ;
#2194 = VECTOR ( 'NONE', #3303, 1000.000000000000000 ) ;
#2195 = EDGE_CURVE ( 'NONE', #4130, #6046, #4664, .T. ) ;
#2196 = PLANE ( 'NONE',  #1949 ) ;
#2197 = ORIENTED_EDGE ( 'NONE', *, *, #220, .T. ) ;
#2198 = DIRECTION ( 'NONE',  ( -1.000000000000000000, -0.000000000000000000, 0.000000000000000000 ) ) ;
#2199 = VERTEX_POINT ( 'NONE', #2602 ) ;
#2200 = CARTESIAN_POINT ( 'NONE',  ( 1.370000000000001439, 0.1650000000000000078, -1.024999999999997247 ) ) ;
#2201 = DIRECTION ( 'NONE',  ( 1.000000000000000000, -0.000000000000000000, -0.000000000000000000 ) ) ;
#2202 = CIRCLE ( 'NONE', #6225, 0.1000000000000002554 ) ;
#2203 = EDGE_CURVE ( 'NONE', #4286, #1328, #4797, .T. ) ;
#2204 = CARTESIAN_POINT ( 'NONE',  ( 1.720000000000001528, 1.050000000000000044, 0.9250000000000028200 ) ) ;
#2205 = EDGE_CURVE ( 'NONE', #3058, #1336, #4900, .T. ) ;
#2206 = ORIENTED_EDGE ( 'NONE', *, *, #6331, .F. ) ;
#2207 = CARTESIAN_POINT ( 'NONE',  ( -0.9049999999999986944, 0.8099999999999997202, -2.799999999999997602 ) ) ;
#2208 = VECTOR ( 'NONE', #5266, 1000.000000000000000 ) ;
#2209 = ORIENTED_EDGE ( 'NONE', *, *, #4523, .F. ) ;
#2210 = FACE_OUTER_BOUND ( 'NONE', #5131, .T. ) ;
#2211 = ORIENTED_EDGE ( 'NONE', *, *, #3276, .T. ) ;
#2212 = CARTESIAN_POINT ( 'NONE',  ( -1.094999999999998863, 0.1999999999999998723, -2.799999999999997602 ) ) ;
#2213 = CARTESIAN_POINT ( 'NONE',  ( -0.9999999999999991118, 0.2500000000000000000, -1.749999999999997113 ) ) ;
#2214 = VECTOR ( 'NONE', #84, 1000.000000000000000 ) ;
#2215 = CARTESIAN_POINT ( 'NONE',  ( -1.314432617520249202, 0.05000000000000012768, -0.1899999999999970324 ) ) ;
#2216 = EDGE_CURVE ( 'NONE', #2827, #5992, #3720, .T. ) ;
#2217 = ORIENTED_EDGE ( 'NONE', *, *, #5756, .T. ) ;
#2218 = DIRECTION ( 'NONE',  ( -1.000000000000000000, 0.000000000000000000, 0.000000000000000000 ) ) ;
#2219 = ORIENTED_EDGE ( 'NONE', *, *, #6498, .F. ) ;
#2220 = DIRECTION ( 'NONE',  ( -0.000000000000000000, 1.000000000000000000, -0.000000000000000000 ) ) ;
#2221 = DIRECTION ( 'NONE',  ( 0.000000000000000000, 0.000000000000000000, 1.000000000000000000 ) ) ;
#2222 = VECTOR ( 'NONE', #6806, 1000.000000000000000 ) ;
#2223 = FACE_OUTER_BOUND ( 'NONE', #4020, .T. ) ;
#2224 = AXIS2_PLACEMENT_3D ( 'NONE', #3294, #5477, #7109 ) ;
#2225 = EDGE_CURVE ( 'NONE', #552, #1045, #6453, .T. ) ;
#2226 = EDGE_LOOP ( 'NONE', ( #6629, #7073, #1511, #1617 ) ) ;
#2227 = ORIENTED_EDGE ( 'NONE', *, *, #2548, .T. ) ;
#2228 = EDGE_LOOP ( 'NONE', ( #5837, #3509, #6455, #1790 ) ) ;
#2229 = DIRECTION ( 'NONE',  ( 0.000000000000000000, 0.000000000000000000, -1.000000000000000000 ) ) ;
#2230 = VECTOR ( 'NONE', #3892, 1000.000000000000000 ) ;
#2231 = PLANE ( 'NONE',  #6541 ) ;
#2232 = EDGE_CURVE ( 'NONE', #2605, #4528, #4361, .T. ) ;
#2233 = CARTESIAN_POINT ( 'NONE',  ( -0.4049999999999986944, 0.2212373928373861098, -2.394766404375773039 ) ) ;
#2234 = CIRCLE ( 'NONE', #634, 0.2999999999999999334 ) ;
#2235 = CARTESIAN_POINT ( 'NONE',  ( 1.720000000000001528, 1.050000000000000044, 1.400000000000002798 ) ) ;
#2236 = ORIENTED_EDGE ( 'NONE', *, *, #4711, .F. ) ;
#2237 = CARTESIAN_POINT ( 'NONE',  ( -1.599999999999998090, 0.1600000000000001976, 1.400000000000002798 ) ) ;
#2238 = VERTEX_POINT ( 'NONE', #3790 ) ;
#2239 = PLANE ( 'NONE',  #6945 ) ;
#2240 = EDGE_CURVE ( 'NONE', #2353, #3712, #7000, .T. ) ;
#2241 = DIRECTION ( 'NONE',  ( 0.000000000000000000, -1.000000000000000000, 0.000000000000000000 ) ) ;
#2242 = DIRECTION ( 'NONE',  ( 0.000000000000000000, 0.000000000000000000, -1.000000000000000000 ) ) ;
#2243 = VERTEX_POINT ( 'NONE', #2640 ) ;
#2244 = LINE ( 'NONE', #1787, #5611 ) ;
#2245 = ORIENTED_EDGE ( 'NONE', *, *, #2421, .F. ) ;
#2246 = CARTESIAN_POINT ( 'NONE',  ( -4.000000000000000000, 0.1600000000000001976, 0.7000000000000029532 ) ) ;
#2247 = ORIENTED_EDGE ( 'NONE', *, *, #220, .F. ) ;
#2248 = CARTESIAN_POINT ( 'NONE',  ( -2.799999999999998490, 0.9600000000000001865, 1.400000000000002798 ) ) ;
#2249 = EDGE_CURVE ( 'NONE', #2745, #894, #3289, .T. ) ;
#2250 = EDGE_CURVE ( 'NONE', #2798, #1361, #7105, .T. ) ;
#2251 = DIRECTION ( 'NONE',  ( 0.000000000000000000, 0.000000000000000000, -1.000000000000000000 ) ) ;
#2252 = ORIENTED_EDGE ( 'NONE', *, *, #2149, .T. ) ;
#2253 = CARTESIAN_POINT ( 'NONE',  ( -1.094999999999998863, 0.8099999999999997202, -0.6999999999999970690 ) ) ;
#2254 = ORIENTED_EDGE ( 'NONE', *, *, #2076, .T. ) ;
#2255 = CARTESIAN_POINT ( 'NONE',  ( 3.200000000000001510, 0.2800000000000000822, -2.099999999999997868 ) ) ;
#2256 = LINE ( 'NONE', #2867, #4851 ) ;
#2257 = EDGE_CURVE ( 'NONE', #6109, #1846, #2171, .T. ) ;
#2258 = LINE ( 'NONE', #1651, #2654 ) ;
#2259 = ORIENTED_EDGE ( 'NONE', *, *, #5238, .T. ) ;
#2260 = ORIENTED_EDGE ( 'NONE', *, *, #4377, .T. ) ;
#2261 = DIRECTION ( 'NONE',  ( 0.000000000000000000, 0.000000000000000000, -1.000000000000000000 ) ) ;
#2262 = ORIENTED_EDGE ( 'NONE', *, *, #6865, .T. ) ;
#2263 = PLANE ( 'NONE',  #5203 ) ;
#2264 = EDGE_CURVE ( 'NONE', #3179, #6732, #1635, .T. ) ;
#2265 = CARTESIAN_POINT ( 'NONE',  ( -1.104999999999998428, 1.870000000000000107, -2.099999999999997868 ) ) ;
#2266 = LINE ( 'NONE', #4959, #3218 ) ;
#2267 = DIRECTION ( 'NONE',  ( -0.000000000000000000, -0.000000000000000000, -1.000000000000000000 ) ) ;
#2268 = ORIENTED_EDGE ( 'NONE', *, *, #6618, .T. ) ;
#2269 = CARTESIAN_POINT ( 'NONE',  ( 1.301042606982605321E-15, 0.6671189302731395099, 1.372529207435402521 ) ) ;
#2270 = VERTEX_POINT ( 'NONE', #3256 ) ;
#2271 = EDGE_CURVE ( 'NONE', #3964, #3634, #525, .T. ) ;
#2272 = LINE ( 'NONE', #4932, #1318 ) ;
#2273 = CARTESIAN_POINT ( 'NONE',  ( -3.149999999999998135, 0.000000000000000000, -2.089999999999997193 ) ) ;
#2274 = CARTESIAN_POINT ( 'NONE',  ( 0.6050000000000013145, 1.870000000000000107, -0.3649999999999968270 ) ) ;
#2275 = VECTOR ( 'NONE', #2051, 1000.000000000000000 ) ;
#2276 = AXIS2_PLACEMENT_3D ( 'NONE', #567, #5993, #2828 ) ;
#2277 = ORIENTED_EDGE ( 'NONE', *, *, #1859, .F. ) ;
#2278 = CARTESIAN_POINT ( 'NONE',  ( 0.5950000000000013056, 1.169999999999996598, -2.299999999999988720 ) ) ;
#2279 = ADVANCED_FACE ( 'NONE', ( #3753 ), #3184, .F. ) ;
#2280 = EDGE_LOOP ( 'NONE', ( #3284, #1666, #6018, #4936 ) ) ;
#2281 = CARTESIAN_POINT ( 'NONE',  ( -0.1049999999999987610, 1.670000000000000151, -2.099999999999997868 ) ) ;
#2282 = VERTEX_POINT ( 'NONE', #7037 ) ;
#2283 = DIRECTION ( 'NONE',  ( 0.000000000000000000, 0.000000000000000000, 1.000000000000000000 ) ) ;
#2284 = VECTOR ( 'NONE', #993, 1000.000000000000000 ) ;
#2285 = VECTOR ( 'NONE', #6532, 1000.000000000000000 ) ;
#2286 = DIRECTION ( 'NONE',  ( 0.000000000000000000, -1.000000000000000000, 0.000000000000000000 ) ) ;
#2287 = ORIENTED_EDGE ( 'NONE', *, *, #4087, .T. ) ;
#2288 = LINE ( 'NONE', #4482, #1944 ) ;
#2289 = ADVANCED_FACE ( 'NONE', ( #2073 ), #6017, .T. ) ;
#2290 = EDGE_CURVE ( 'NONE', #1928, #5803, #5473, .T. ) ;
#2291 = VECTOR ( 'NONE', #3312, 1000.000000000000000 ) ;
#2292 = ORIENTED_EDGE ( 'NONE', *, *, #6298, .F. ) ;
#2293 = FACE_OUTER_BOUND ( 'NONE', #5827, .T. ) ;
#2294 = VECTOR ( 'NONE', #1416, 1000.000000000000000 ) ;
#2295 = CARTESIAN_POINT ( 'NONE',  ( 2.582216308760601375, 0.000000000000000000, -0.1899999999999970324 ) ) ;
#2296 = CARTESIAN_POINT ( 'NONE',  ( 1.301042606982605321E-15, 0.9600000000000001865, 1.200000000000002620 ) ) ;
#2297 = VECTOR ( 'NONE', #2879, 1000.000000000000000 ) ;
#2298 = AXIS2_PLACEMENT_3D ( 'NONE', #4676, #797, #2918 ) ;
#2299 = VERTEX_POINT ( 'NONE', #6599 ) ;
#2300 = EDGE_CURVE ( 'NONE', #6204, #3841, #1671, .T. ) ;
#2301 = ORIENTED_EDGE ( 'NONE', *, *, #1313, .F. ) ;
#2302 = VERTEX_POINT ( 'NONE', #5918 ) ;
#2303 = CARTESIAN_POINT ( 'NONE',  ( 3.200000000000001510, 0.05000000000000012768, -0.3649999999999968270 ) ) ;
#2304 = ORIENTED_EDGE ( 'NONE', *, *, #870, .T. ) ;
#2305 = CARTESIAN_POINT ( 'NONE',  ( 2.550000000000001155, 1.659999999999999920, 1.400000000000002798 ) ) ;
#2306 = DIRECTION ( 'NONE',  ( 1.000000000000000000, -0.000000000000000000, -0.000000000000000000 ) ) ;
#2307 = CARTESIAN_POINT ( 'NONE',  ( 3.200000000000001510, 0.9600000000000001865, -0.3649999999999968270 ) ) ;
#2308 = EDGE_CURVE ( 'NONE', #924, #2581, #5367, .T. ) ;
#2309 = CARTESIAN_POINT ( 'NONE',  ( -1.599999999999998090, 1.050000000000000044, 2.100000000000002753 ) ) ;
#2310 = ORIENTED_EDGE ( 'NONE', *, *, #5062, .F. ) ;
#2311 = DIRECTION ( 'NONE',  ( -1.000000000000000000, 0.000000000000000000, 0.000000000000000000 ) ) ;
#2312 = EDGE_LOOP ( 'NONE', ( #2628, #5858, #3844, #288 ) ) ;
#2313 = CARTESIAN_POINT ( 'NONE',  ( -1.094999999999998863, 0.6850000000000000533, 0.5500000000000024869 ) ) ;
#2314 = DIRECTION ( 'NONE',  ( 0.000000000000000000, -1.000000000000000000, 0.000000000000000000 ) ) ;
#2315 = VECTOR ( 'NONE', #1078, 1000.000000000000114 ) ;
#2316 = LINE ( 'NONE', #2274, #5042 ) ;
#2317 = VERTEX_POINT ( 'NONE', #2106 ) ;
#2318 = CARTESIAN_POINT ( 'NONE',  ( 1.600000000000001421, 0.9600000000000001865, 2.100000000000002753 ) ) ;
#2319 = ORIENTED_EDGE ( 'NONE', *, *, #6539, .T. ) ;
#2320 = CARTESIAN_POINT ( 'NONE',  ( 0.5000000000000013323, 0.2586846739100002179, -1.989999999999996882 ) ) ;
#2321 = VERTEX_POINT ( 'NONE', #488 ) ;
#2322 = VECTOR ( 'NONE', #4576, 1000.000000000000000 ) ;
#2323 = DIRECTION ( 'NONE',  ( 0.000000000000000000, -1.000000000000000000, 0.000000000000000000 ) ) ;
#2324 = CARTESIAN_POINT ( 'NONE',  ( 1.370000000000001439, 0.05000000000000012768, -0.1899999999999970324 ) ) ;
#2325 = VECTOR ( 'NONE', #5860, 1000.000000000000000 ) ;
#2326 = ORIENTED_EDGE ( 'NONE', *, *, #2985, .F. ) ;
#2327 = DIRECTION ( 'NONE',  ( -1.000000000000000000, -0.000000000000000000, 0.000000000000000000 ) ) ;
#2328 = ORIENTED_EDGE ( 'NONE', *, *, #5677, .F. ) ;
#2329 = DIRECTION ( 'NONE',  ( 0.000000000000000000, -0.05303311836778309973, -0.9985927540074525099 ) ) ;
#2330 = DIRECTION ( 'NONE',  ( -1.000000000000000000, 0.000000000000000000, 0.000000000000000000 ) ) ;
#2331 = EDGE_CURVE ( 'NONE', #6256, #6485, #4295, .T. ) ;
#2332 = ORIENTED_EDGE ( 'NONE', *, *, #890, .T. ) ;
#2333 = VECTOR ( 'NONE', #4355, 999.9999999999998863 ) ;
#2334 = ORIENTED_EDGE ( 'NONE', *, *, #1737, .F. ) ;
#2335 = CARTESIAN_POINT ( 'NONE',  ( 0.8950000000000012390, 1.670000000000000151, -1.399999999999997247 ) ) ;
#2336 = ORIENTED_EDGE ( 'NONE', *, *, #3797, .T. ) ;
#2337 = PLANE ( 'NONE',  #276 ) ;
#2338 = CARTESIAN_POINT ( 'NONE',  ( 1.301042606982605321E-15, 1.870000000000000107, 1.200000000000002620 ) ) ;
#2339 = EDGE_CURVE ( 'NONE', #5458, #814, #6164, .T. ) ;
#2340 = VECTOR ( 'NONE', #745, 1000.000000000000000 ) ;
#2341 = EDGE_CURVE ( 'NONE', #5446, #3956, #6780, .T. ) ;
#2342 = CARTESIAN_POINT ( 'NONE',  ( -0.4999999999999987232, 0.2586846739100002179, -1.989999999999996882 ) ) ;
#2343 = CARTESIAN_POINT ( 'NONE',  ( -0.6049999999999987610, 0.9600000000000001865, -2.099999999999997868 ) ) ;
#2344 = ORIENTED_EDGE ( 'NONE', *, *, #659, .F. ) ;
#2345 = DIRECTION ( 'NONE',  ( -1.000000000000000000, 0.000000000000000000, 0.000000000000000000 ) ) ;
#2346 = ORIENTED_EDGE ( 'NONE', *, *, #1193, .T. ) ;
#2347 = PLANE ( 'NONE',  #6362 ) ;
#2348 = CARTESIAN_POINT ( 'NONE',  ( 1.100406729141001350, 0.3211003463129999402, -2.399999999999998579 ) ) ;
#2349 = LINE ( 'NONE', #6737, #600 ) ;
#2350 = EDGE_CURVE ( 'NONE', #816, #65, #4972, .T. ) ;
#2351 = VECTOR ( 'NONE', #1340, 1000.000000000000000 ) ;
#2352 = DIRECTION ( 'NONE',  ( -0.000000000000000000, -0.000000000000000000, -1.000000000000000000 ) ) ;
#2353 = VERTEX_POINT ( 'NONE', #4508 ) ;
#2354 = PLANE ( 'NONE',  #6645 ) ;
#2355 = ORIENTED_EDGE ( 'NONE', *, *, #4804, .T. ) ;
#2356 = CYLINDRICAL_SURFACE ( 'NONE', #609, 0.1000000000000002554 ) ;
#2357 = ORIENTED_EDGE ( 'NONE', *, *, #1067, .F. ) ;
#2358 = CARTESIAN_POINT ( 'NONE',  ( -1.314432617519998514, 0.9100000000000000311, -1.135193183304997078 ) ) ;
#2359 = EDGE_CURVE ( 'NONE', #2899, #5491, #1816, .T. ) ;
#2360 = DIRECTION ( 'NONE',  ( -1.000000000000000000, 0.000000000000000000, 0.000000000000000000 ) ) ;
#2361 = VERTEX_POINT ( 'NONE', #2818 ) ;
#2362 = DIRECTION ( 'NONE',  ( 0.000000000000000000, 0.000000000000000000, -1.000000000000000000 ) ) ;
#2363 = VERTEX_POINT ( 'NONE', #5583 ) ;
#2364 = CARTESIAN_POINT ( 'NONE',  ( -1.104999999999998428, 1.870000000000000107, -0.3649999999999968270 ) ) ;
#2365 = ADVANCED_FACE ( 'NONE', ( #5548 ), #2354, .F. ) ;
#2366 = CARTESIAN_POINT ( 'NONE',  ( 0.4050000000000008593, 2.313687436084066462E-13, -2.800000000000002043 ) ) ;
#2367 = EDGE_LOOP ( 'NONE', ( #1316, #5064, #1489, #2939 ) ) ;
#2368 = VERTEX_POINT ( 'NONE', #1236 ) ;
#2369 = FACE_OUTER_BOUND ( 'NONE', #4704, .T. ) ;
#2370 = CARTESIAN_POINT ( 'NONE',  ( -0.9999999999999991118, 1.870000000000000107, -1.399999999999997247 ) ) ;
#2371 = ORIENTED_EDGE ( 'NONE', *, *, #482, .T. ) ;
#2372 = CARTESIAN_POINT ( 'NONE',  ( -1.514432617519998248, 0.9100000000000000311, -1.389999999999997904 ) ) ;
#2373 = DIRECTION ( 'NONE',  ( 0.000000000000000000, 0.000000000000000000, -1.000000000000000000 ) ) ;
#2374 = DIRECTION ( 'NONE',  ( 1.000000000000000000, -0.000000000000000000, -0.000000000000000000 ) ) ;
#2375 = CARTESIAN_POINT ( 'NONE',  ( 1.095000000000001306, 2.313687436084066462E-13, -2.800000000000002931 ) ) ;
#2376 = EDGE_CURVE ( 'NONE', #5147, #6854, #1749, .T. ) ;
#2377 = EDGE_CURVE ( 'NONE', #5101, #4190, #5622, .T. ) ;
#2378 = ORIENTED_EDGE ( 'NONE', *, *, #3838, .F. ) ;
#2379 = CARTESIAN_POINT ( 'NONE',  ( 3.850000000000029843, 0.000000000000000000, -1.400000000001527578 ) ) ;
#2380 = ORIENTED_EDGE ( 'NONE', *, *, #274, .F. ) ;
#2381 = CARTESIAN_POINT ( 'NONE',  ( 1.600000000000001421, 1.550000000000000266, 1.300000000000002931 ) ) ;
#2382 = DIRECTION ( 'NONE',  ( 0.000000000000000000, 1.626303258735897755E-15, -1.000000000000000000 ) ) ;
#2383 = CARTESIAN_POINT ( 'NONE',  ( -1.599999999999998090, 0.9600000000000001865, 1.400000000000002798 ) ) ;
#2384 = LINE ( 'NONE', #233, #3450 ) ;
#2385 = ORIENTED_EDGE ( 'NONE', *, *, #1509, .T. ) ;
#2386 = DIRECTION ( 'NONE',  ( -0.000000000000000000, 1.000000000000000000, -0.000000000000000000 ) ) ;
#2387 = EDGE_CURVE ( 'NONE', #1913, #539, #1853, .T. ) ;
#2388 = ORIENTED_EDGE ( 'NONE', *, *, #6208, .T. ) ;
#2389 = CARTESIAN_POINT ( 'NONE',  ( 1.600000000000001421, 1.870000000000000107, 1.370000000000002993 ) ) ;
#2390 = ORIENTED_EDGE ( 'NONE', *, *, #4168, .T. ) ;
#2391 = CARTESIAN_POINT ( 'NONE',  ( 3.200000000000001510, 0.9600000000000001865, 0.05000000000000316691 ) ) ;
#2392 = VECTOR ( 'NONE', #3637, 1000.000000000000000 ) ;
#2393 = LINE ( 'NONE', #6134, #6646 ) ;
#2394 = ORIENTED_EDGE ( 'NONE', *, *, #730, .T. ) ;
#2395 = CARTESIAN_POINT ( 'NONE',  ( -0.6049999999999987610, 0.1500000000000001887, -1.749999999999997113 ) ) ;
#2396 = VERTEX_POINT ( 'NONE', #592 ) ;
#2397 = FACE_OUTER_BOUND ( 'NONE', #1201, .T. ) ;
#2398 = CARTESIAN_POINT ( 'NONE',  ( -0.3995932708589985949, 0.3211003463129999402, -2.399999999999998579 ) ) ;
#2399 = VECTOR ( 'NONE', #855, 1000.000000000000000 ) ;
#2400 = LINE ( 'NONE', #5637, #6098 ) ;
#2401 = VECTOR ( 'NONE', #4111, 1000.000000000000000 ) ;
#2402 = VECTOR ( 'NONE', #2740, 1000.000000000000000 ) ;
#2403 = ORIENTED_EDGE ( 'NONE', *, *, #931, .F. ) ;
#2404 = EDGE_CURVE ( 'NONE', #5663, #57, #3402, .T. ) ;
#2405 = VERTEX_POINT ( 'NONE', #82 ) ;
#2406 = CARTESIAN_POINT ( 'NONE',  ( 0.09500000000000133338, 0.8099999999999997202, -0.6999999999999970690 ) ) ;
#2407 = DIRECTION ( 'NONE',  ( -0.000000000000000000, -0.000000000000000000, 1.000000000000000000 ) ) ;
#2408 = ORIENTED_EDGE ( 'NONE', *, *, #5187, .T. ) ;
#2409 = CYLINDRICAL_SURFACE ( 'NONE', #5097, 0.1000000000000002554 ) ;
#2410 = AXIS2_PLACEMENT_3D ( 'NONE', #7057, #5350, #2123 ) ;
#2411 = CARTESIAN_POINT ( 'NONE',  ( 2.264432617520201418, 0.9100000000000000311, -2.089999999999997193 ) ) ;
#2412 = VECTOR ( 'NONE', #1008, 1000.000000000000000 ) ;
#2413 = LINE ( 'NONE', #2516, #1380 ) ;
#2414 = CARTESIAN_POINT ( 'NONE',  ( 3.144432617520201756, 0.1000000000000000472, -0.8999999999999971356 ) ) ;
#2415 = VERTEX_POINT ( 'NONE', #6706 ) ;
#2416 = PLANE ( 'NONE',  #7053 ) ;
#2417 = ORIENTED_EDGE ( 'NONE', *, *, #1897, .T. ) ;
#2418 = CARTESIAN_POINT ( 'NONE',  ( -2.284999999999998810, 0.2800000000000000822, 0.05000000000000316691 ) ) ;
#2419 = CARTESIAN_POINT ( 'NONE',  ( -0.3949999999999986300, 1.870000000000000107, -0.3649999999999968270 ) ) ;
#2420 = EDGE_CURVE ( 'NONE', #5432, #1400, #2890, .T. ) ;
#2421 = EDGE_CURVE ( 'NONE', #4207, #3038, #1274, .T. ) ;
#2422 = CARTESIAN_POINT ( 'NONE',  ( -0.9049999999999986944, 0.6850000000000000533, 0.5500000000000024869 ) ) ;
#2423 = EDGE_LOOP ( 'NONE', ( #355, #933, #5415, #3416 ) ) ;
#2424 = CARTESIAN_POINT ( 'NONE',  ( 1.301042606982605321E-15, 0.05000000000000012768, 1.200000000000002620 ) ) ;
#2425 = ORIENTED_EDGE ( 'NONE', *, *, #4850, .T. ) ;
#2426 = DIRECTION ( 'NONE',  ( -1.000000000000000000, 0.000000000000000000, 0.000000000000000000 ) ) ;
#2427 = ORIENTED_EDGE ( 'NONE', *, *, #4362, .F. ) ;
#2428 = DIRECTION ( 'NONE',  ( -1.000000000000000000, -0.000000000000000000, 0.000000000000000000 ) ) ;
#2429 = AXIS2_PLACEMENT_3D ( 'NONE', #2296, #6614, #6065 ) ;
#2430 = EDGE_CURVE ( 'NONE', #778, #1856, #663, .T. ) ;
#2431 = EDGE_CURVE ( 'NONE', #3257, #2353, #4583, .T. ) ;
#2432 = FACE_OUTER_BOUND ( 'NONE', #1165, .T. ) ;
#2433 = ORIENTED_EDGE ( 'NONE', *, *, #6560, .F. ) ;
#2434 = CARTESIAN_POINT ( 'NONE',  ( -1.104999999999998428, 1.870000000000000107, -1.399999999999997247 ) ) ;
#2435 = AXIS2_PLACEMENT_3D ( 'NONE', #2009, #1433, #4699 ) ;
#2436 = VERTEX_POINT ( 'NONE', #4432 ) ;
#2437 = CARTESIAN_POINT ( 'NONE',  ( 0.5000000000000013323, 1.870000000000000107, -1.399999999999997247 ) ) ;
#2438 = LINE ( 'NONE', #754, #4493 ) ;
#2439 = VECTOR ( 'NONE', #1247, 1000.000000000000000 ) ;
#2440 = EDGE_CURVE ( 'NONE', #3712, #1065, #3935, .T. ) ;
#2441 = DIRECTION ( 'NONE',  ( -0.000000000000000000, -0.000000000000000000, 1.000000000000000000 ) ) ;
#2442 = ORIENTED_EDGE ( 'NONE', *, *, #4257, .T. ) ;
#2443 = ORIENTED_EDGE ( 'NONE', *, *, #517, .T. ) ;
#2444 = CARTESIAN_POINT ( 'NONE',  ( -2.582216308760998391, 0.1999999999999998723, -2.089999999999997193 ) ) ;
#2445 = FACE_OUTER_BOUND ( 'NONE', #2061, .T. ) ;
#2446 = VECTOR ( 'NONE', #7067, 1000.000000000000000 ) ;
#2447 = CARTESIAN_POINT ( 'NONE',  ( 1.105000000000001315, 0.1500000000000001887, -1.399999999999997247 ) ) ;
#2448 = LINE ( 'NONE', #2411, #3094 ) ;
#2449 = VECTOR ( 'NONE', #3002, 1000.000000000000000 ) ;
#2450 = FACE_OUTER_BOUND ( 'NONE', #5626, .T. ) ;
#2451 = DIRECTION ( 'NONE',  ( -0.000000000000000000, 1.000000000000000000, -0.000000000000000000 ) ) ;
#2452 = CARTESIAN_POINT ( 'NONE',  ( -3.844432617519998541, 0.000000000000000000, -0.8999999999999971356 ) ) ;
#2453 = VERTEX_POINT ( 'NONE', #51 ) ;
#2454 = VECTOR ( 'NONE', #1951, 1000.000000000000000 ) ;
#2455 = CARTESIAN_POINT ( 'NONE',  ( 1.314432617520000957, 0.1000000000000000472, -0.1899999999999970324 ) ) ;
#2456 = FILL_AREA_STYLE_COLOUR ( '', #4185 ) ;
#2457 = DIRECTION ( 'NONE',  ( 0.000000000000000000, 1.626303258735897755E-15, -1.000000000000000000 ) ) ;
#2458 = EDGE_CURVE ( 'NONE', #4439, #5700, #2244, .T. ) ;
#2459 = CARTESIAN_POINT ( 'NONE',  ( 1.095000000000001306, 1.620000000000001661, -2.100000000000000977 ) ) ;
#2460 = VECTOR ( 'NONE', #5587, 1000.000000000000000 ) ;
#2461 = ORIENTED_EDGE ( 'NONE', *, *, #5662, .T. ) ;
#2462 = LINE ( 'NONE', #1383, #4126 ) ;
#2463 = ORIENTED_EDGE ( 'NONE', *, *, #7008, .F. ) ;
#2464 = LINE ( 'NONE', #5228, #4060 ) ;
#2465 = EDGE_CURVE ( 'NONE', #2243, #2136, #1707, .T. ) ;
#2466 = EDGE_LOOP ( 'NONE', ( #4631, #4390, #5406, #4714, #2417, #427, #2760, #440 ) ) ;
#2467 = DIRECTION ( 'NONE',  ( -1.000000000000000000, 0.000000000000000000, 0.000000000000000000 ) ) ;
#2468 = VECTOR ( 'NONE', #1743, 1000.000000000000000 ) ;
#2469 = DIRECTION ( 'NONE',  ( 0.000000000000000000, -0.02173399540922035106, 0.9997637888239161441 ) ) ;
#2470 = ORIENTED_EDGE ( 'NONE', *, *, #4033, .F. ) ;
#2471 = CARTESIAN_POINT ( 'NONE',  ( -0.1049999999999987610, 1.770000000000000018, -1.399999999999997247 ) ) ;
#2472 = VERTEX_POINT ( 'NONE', #2278 ) ;
#2473 = FACE_OUTER_BOUND ( 'NONE', #1171, .T. ) ;
#2474 = EDGE_CURVE ( 'NONE', #2943, #6109, #5045, .T. ) ;
#2475 = EDGE_CURVE ( 'NONE', #1179, #4418, #5006, .T. ) ;
#2476 = LINE ( 'NONE', #4668, #6330 ) ;
#2477 = LINE ( 'NONE', #3621, #3089 ) ;
#2478 = ORIENTED_EDGE ( 'NONE', *, *, #4677, .F. ) ;
#2479 = ORIENTED_EDGE ( 'NONE', *, *, #1302, .T. ) ;
#2480 = CARTESIAN_POINT ( 'NONE',  ( 2.582216308760601375, 0.1999999999999998723, -1.579999999999997184 ) ) ;
#2481 = DIRECTION ( 'NONE',  ( -0.000000000000000000, -0.000000000000000000, 1.000000000000000000 ) ) ;
#2482 = EDGE_CURVE ( 'NONE', #5233, #57, #2462, .T. ) ;
#2483 = CARTESIAN_POINT ( 'NONE',  ( -2.444432617519998630, 0.1999999999999998723, -0.8999999999999971356 ) ) ;
#2484 = DIRECTION ( 'NONE',  ( -0.000000000000000000, 1.000000000000000000, -0.000000000000000000 ) ) ;
#2485 = DIRECTION ( 'NONE',  ( 0.000000000000000000, 0.000000000000000000, 1.000000000000000000 ) ) ;
#2486 = EDGE_CURVE ( 'NONE', #5351, #4788, #1345, .T. ) ;
#2487 = ORIENTED_EDGE ( 'NONE', *, *, #1468, .T. ) ;
#2488 = DIRECTION ( 'NONE',  ( 0.9979524846466819588, 0.000000000000000000, 0.06395966219043140721 ) ) ;
#2489 = DIRECTION ( 'NONE',  ( 1.000000000000000000, -0.000000000000000000, -0.000000000000000000 ) ) ;
#2490 = CARTESIAN_POINT ( 'NONE',  ( -0.1049999999999987610, 1.670000000000000151, -1.399999999999997247 ) ) ;
#2491 = DIRECTION ( 'NONE',  ( 0.000000000000000000, -1.000000000000000000, 0.000000000000000000 ) ) ;
#2492 = EDGE_LOOP ( 'NONE', ( #1256, #2287, #4792, #2673 ) ) ;
#2493 = EDGE_CURVE ( 'NONE', #7096, #1833, #235, .T. ) ;
#2494 = EDGE_LOOP ( 'NONE', ( #3064, #3100, #3614, #4563 ) ) ;
#2495 = CARTESIAN_POINT ( 'NONE',  ( 3.500000000000001332, 0.9100000000000000311, 1.050000000000002709 ) ) ;
#2496 = ORIENTED_EDGE ( 'NONE', *, *, #7031, .T. ) ;
#2497 = CARTESIAN_POINT ( 'NONE',  ( 1.301042606982605321E-15, 0.05000000000000012768, -1.399999999999997247 ) ) ;
#2498 = CARTESIAN_POINT ( 'NONE',  ( 1.301042606982605321E-15, 0.2500000000000000000, -2.099999999999997868 ) ) ;
#2499 = EDGE_LOOP ( 'NONE', ( #1714, #3224, #2433, #4540 ) ) ;
#2500 = LINE ( 'NONE', #3110, #1367 ) ;
#2501 = ORIENTED_EDGE ( 'NONE', *, *, #5072, .F. ) ;
#2502 = LINE ( 'NONE', #1931, #5418 ) ;
#2503 = DIRECTION ( 'NONE',  ( 0.000000000000000000, 0.000000000000000000, 1.000000000000000000 ) ) ;
#2504 = EDGE_CURVE ( 'NONE', #3634, #2874, #4180, .T. ) ;
#2505 = CARTESIAN_POINT ( 'NONE',  ( 1.301042606982605321E-15, 0.2586846739100002179, -1.989999999999996882 ) ) ;
#2506 = EDGE_CURVE ( 'NONE', #2701, #5541, #5190, .T. ) ;
#2507 = VERTEX_POINT ( 'NONE', #5734 ) ;
#2508 = VECTOR ( 'NONE', #6097, 1000.000000000000000 ) ;
#2509 = VERTEX_POINT ( 'NONE', #4144 ) ;
#2510 = LINE ( 'NONE', #5243, #6756 ) ;
#2511 = CARTESIAN_POINT ( 'NONE',  ( -0.5949999999999991962, 0.03748380441565956483, -2.084766404375729021 ) ) ;
#2512 = PLANE ( 'NONE',  #3803 ) ;
#2513 = VECTOR ( 'NONE', #3971, 1000.000000000000000 ) ;
#2514 = VECTOR ( 'NONE', #3477, 1000.000000000000000 ) ;
#2515 = EDGE_CURVE ( 'NONE', #3964, #5598, #6850, .T. ) ;
#2516 = CARTESIAN_POINT ( 'NONE',  ( -0.8949999999999982414, 0.1500000000000001887, -1.399999999999997247 ) ) ;
#2517 = DIRECTION ( 'NONE',  ( 1.000000000000000000, 0.000000000000000000, -0.000000000000000000 ) ) ;
#2518 = ORIENTED_EDGE ( 'NONE', *, *, #2493, .T. ) ;
#2519 = VECTOR ( 'NONE', #7128, 1000.000000000000000 ) ;
#2520 = VECTOR ( 'NONE', #3680, 1000.000000000000000 ) ;
#2521 = LINE ( 'NONE', #365, #4063 ) ;
#2522 = CARTESIAN_POINT ( 'NONE',  ( -0.5949999999999991962, 0.1373467578910001763, -1.989999999999996882 ) ) ;
#2523 = LINE ( 'NONE', #6953, #2691 ) ;
#2524 = ADVANCED_FACE ( 'NONE', ( #846 ), #303, .T. ) ;
#2525 = DIRECTION ( 'NONE',  ( -0.000000000000000000, -0.000000000000000000, -1.000000000000000000 ) ) ;
#2526 = ORIENTED_EDGE ( 'NONE', *, *, #6552, .F. ) ;
#2527 = CARTESIAN_POINT ( 'NONE',  ( -1.369999999999998774, 1.820000000000000284, -1.135193183304997078 ) ) ;
#2528 = ORIENTED_EDGE ( 'NONE', *, *, #2955, .F. ) ;
#2529 = DIRECTION ( 'NONE',  ( 0.000000000000000000, 0.000000000000000000, 1.000000000000000000 ) ) ;
#2530 = DIRECTION ( 'NONE',  ( 0.000000000000000000, 0.9138115486202819104, 0.4061384660533919333 ) ) ;
#2531 = ORIENTED_EDGE ( 'NONE', *, *, #5356, .T. ) ;
#2532 = CARTESIAN_POINT ( 'NONE',  ( 1.301042606982605321E-15, 1.620000000000001661, -2.099999999999997868 ) ) ;
#2533 = CARTESIAN_POINT ( 'NONE',  ( 0.6050000000000013145, 0.9600000000000001865, -2.099999999999997868 ) ) ;
#2534 = EDGE_LOOP ( 'NONE', ( #2962, #5798, #2908, #4143 ) ) ;
#2535 = DIRECTION ( 'NONE',  ( 0.000000000000000000, 0.05303311836814177116, 0.9985927540074335251 ) ) ;
#2536 = ORIENTED_EDGE ( 'NONE', *, *, #4931, .T. ) ;
#2537 = DIRECTION ( 'NONE',  ( 0.000000000000000000, 0.000000000000000000, 1.000000000000000000 ) ) ;
#2538 = ORIENTED_EDGE ( 'NONE', *, *, #1493, .T. ) ;
#2539 = DIRECTION ( 'NONE',  ( -0.000000000000000000, 1.000000000000000000, -0.000000000000000000 ) ) ;
#2540 = EDGE_CURVE ( 'NONE', #373, #5298, #6338, .T. ) ;
#2541 = FACE_OUTER_BOUND ( 'NONE', #3752, .T. ) ;
#2542 = VECTOR ( 'NONE', #3197, 1000.000000000000000 ) ;
#2543 = ORIENTED_EDGE ( 'NONE', *, *, #6517, .T. ) ;
#2544 = MANIFOLD_SOLID_BREP ( 'Imported1', #1019 ) ;
#2545 = EDGE_LOOP ( 'NONE', ( #3754, #5123, #5423, #3260 ) ) ;
#2546 = CARTESIAN_POINT ( 'NONE',  ( -1.599999999999998090, 1.550000000000000266, 1.300000000000002931 ) ) ;
#2547 = CARTESIAN_POINT ( 'NONE',  ( -2.299999999999998046, 0.5500000000000001554, 1.400000000000002798 ) ) ;
#2548 = EDGE_CURVE ( 'NONE', #4748, #5735, #3607, .T. ) ;
#2549 = VECTOR ( 'NONE', #351, 1000.000000000000000 ) ;
#2550 = CARTESIAN_POINT ( 'NONE',  ( -2.284999999999998810, 1.755000000000000115, 0.05000000000000316691 ) ) ;
#2551 = CARTESIAN_POINT ( 'NONE',  ( -3.499999999999998668, 0.9100000000000000311, 1.050000000000002709 ) ) ;
#2552 = VECTOR ( 'NONE', #2755, 999.9999999999998863 ) ;
#2553 = PLANE ( 'NONE',  #1379 ) ;
#2554 = VERTEX_POINT ( 'NONE', #1921 ) ;
#2555 = DIRECTION ( 'NONE',  ( 0.000000000000000000, 0.000000000000000000, 1.000000000000000000 ) ) ;
#2556 = EDGE_CURVE ( 'NONE', #5559, #3369, #1888, .T. ) ;
#2557 = CARTESIAN_POINT ( 'NONE',  ( 1.600000000000001421, 0.9600000000000001865, 1.370000000000002993 ) ) ;
#2558 = AXIS2_PLACEMENT_3D ( 'NONE', #6494, #2711, #491 ) ;
#2559 = CARTESIAN_POINT ( 'NONE',  ( -1.094999999999998863, 1.395000000000000240, -2.199999999999997069 ) ) ;
#2560 = ORIENTED_EDGE ( 'NONE', *, *, #4532, .F. ) ;
#2561 = PRESENTATION_STYLE_ASSIGNMENT (( #6958 ) ) ;
#2562 = VECTOR ( 'NONE', #1520, 1000.000000000000000 ) ;
#2563 = ORIENTED_EDGE ( 'NONE', *, *, #411, .F. ) ;
#2564 = DIRECTION ( 'NONE',  ( 0.000000000000000000, 0.000000000000000000, 1.000000000000000000 ) ) ;
#2565 = ORIENTED_EDGE ( 'NONE', *, *, #1660, .F. ) ;
#2566 = EDGE_CURVE ( 'NONE', #4190, #4582, #4721, .T. ) ;
#2567 = DIRECTION ( 'NONE',  ( 0.000000000000000000, 0.000000000000000000, 1.000000000000000000 ) ) ;
#2568 = DIRECTION ( 'NONE',  ( -0.000000000000000000, 0.4226182617254299889, -0.9063077870437702410 ) ) ;
#2569 = VECTOR ( 'NONE', #1857, 1000.000000000000000 ) ;
#2570 = CARTESIAN_POINT ( 'NONE',  ( -3.849999999999998312, 0.1000000000000000472, -1.489999999999996882 ) ) ;
#2571 = VERTEX_POINT ( 'NONE', #4619 ) ;
#2572 = CARTESIAN_POINT ( 'NONE',  ( -1.864432617519997892, 1.720000000000000195, -0.1899999999999970324 ) ) ;
#2573 = ORIENTED_EDGE ( 'NONE', *, *, #755, .T. ) ;
#2574 = CARTESIAN_POINT ( 'NONE',  ( 1.550000000000001377, 1.200000000000000178, -0.5999999999999972022 ) ) ;
#2575 = VECTOR ( 'NONE', #6047, 1000.000000000000000 ) ;
#2576 = ORIENTED_EDGE ( 'NONE', *, *, #3219, .T. ) ;
#2577 = DIRECTION ( 'NONE',  ( -0.000000000000000000, 1.000000000000000000, -0.000000000000000000 ) ) ;
#2578 = LINE ( 'NONE', #4193, #826 ) ;
#2579 = CARTESIAN_POINT ( 'NONE',  ( -1.879432617519998905, 0.1000000000000000472, -0.1899999999999970324 ) ) ;
#2580 = ORIENTED_EDGE ( 'NONE', *, *, #3482, .F. ) ;
#2581 = VERTEX_POINT ( 'NONE', #4081 ) ;
#2582 = FACE_OUTER_BOUND ( 'NONE', #4451, .T. ) ;
#2583 = CARTESIAN_POINT ( 'NONE',  ( -1.369999999999991003, 1.640000000000000124, -0.1839477295671508861 ) ) ;
#2584 = ADVANCED_FACE ( 'NONE', ( #6270 ), #3539, .F. ) ;
#2585 = CARTESIAN_POINT ( 'NONE',  ( 1.301042606982605321E-15, 0.2500000000000000000, -2.099999999999997868 ) ) ;
#2586 = DIRECTION ( 'NONE',  ( -1.000000000000000000, 0.000000000000000000, 0.000000000000000000 ) ) ;
#2587 = PLANE ( 'NONE',  #2069 ) ;
#2588 = VERTEX_POINT ( 'NONE', #1086 ) ;
#2589 = CARTESIAN_POINT ( 'NONE',  ( 0.5000000000000013323, 0.2212373928367622478, -2.394766404375739732 ) ) ;
#2590 = FACE_OUTER_BOUND ( 'NONE', #4195, .T. ) ;
#2591 = CARTESIAN_POINT ( 'NONE',  ( -0.3949999999999986300, 1.870000000000000107, -1.399999999999997247 ) ) ;
#2592 = EDGE_CURVE ( 'NONE', #5377, #2571, #6444, .T. ) ;
#2593 = EDGE_LOOP ( 'NONE', ( #4055, #5066, #1320, #197 ) ) ;
#2594 = CARTESIAN_POINT ( 'NONE',  ( 1.600000000000001421, 0.9600000000000001865, 1.285000000000003029 ) ) ;
#2595 = ORIENTED_EDGE ( 'NONE', *, *, #914, .F. ) ;
#2596 = CARTESIAN_POINT ( 'NONE',  ( -0.6049999999999987610, 1.770000000000000018, -1.749999999999997113 ) ) ;
#2597 = ORIENTED_EDGE ( 'NONE', *, *, #2722, .F. ) ;
#2598 = LINE ( 'NONE', #2313, #626 ) ;
#2599 = DIRECTION ( 'NONE',  ( -1.000000000000000000, 0.000000000000000000, 0.000000000000000000 ) ) ;
#2600 = ADVANCED_FACE ( 'NONE', ( #4284 ), #1016, .T. ) ;
#2601 = VERTEX_POINT ( 'NONE', #7027 ) ;
#2602 = CARTESIAN_POINT ( 'NONE',  ( -1.599999999999998090, 1.760000000000000009, 1.370000000000002993 ) ) ;
#2603 = ORIENTED_EDGE ( 'NONE', *, *, #2854, .T. ) ;
#2604 = PLANE ( 'NONE',  #1764 ) ;
#2605 = VERTEX_POINT ( 'NONE', #479 ) ;
#2606 = LINE ( 'NONE', #2041, #5903 ) ;
#2607 = FACE_OUTER_BOUND ( 'NONE', #251, .T. ) ;
#2608 = CARTESIAN_POINT ( 'NONE',  ( -2.299999999999998046, 1.340000000000000080, 1.400000000000002798 ) ) ;
#2609 = ADVANCED_FACE ( 'NONE', ( #6482 ), #5327, .T. ) ;
#2610 = ORIENTED_EDGE ( 'NONE', *, *, #5988, .F. ) ;
#2611 = VERTEX_POINT ( 'NONE', #1051 ) ;
#2612 = DIRECTION ( 'NONE',  ( 0.000000000000000000, 0.000000000000000000, 1.000000000000000000 ) ) ;
#2613 = LINE ( 'NONE', #536, #2898 ) ;
#2614 = CARTESIAN_POINT ( 'NONE',  ( 1.370000000000001439, 0.2800000000000000822, 0.05000000000000316691 ) ) ;
#2615 = EDGE_CURVE ( 'NONE', #1323, #4378, #4891, .T. ) ;
#2616 = VECTOR ( 'NONE', #3456, 1000.000000000000000 ) ;
#2617 = DIRECTION ( 'NONE',  ( 1.000000000000000000, -0.000000000000000000, -0.000000000000000000 ) ) ;
#2618 = CARTESIAN_POINT ( 'NONE',  ( -2.284999999999998810, 0.2800000000000000822, -1.024999999999997247 ) ) ;
#2619 = ORIENTED_EDGE ( 'NONE', *, *, #1882, .T. ) ;
#2620 = CARTESIAN_POINT ( 'NONE',  ( 0.09500000000000133338, 0.2500000000000000000, -1.989999999999996882 ) ) ;
#2621 = CARTESIAN_POINT ( 'NONE',  ( -0.6049999999999987610, 1.670000000000000151, -1.399999999999997247 ) ) ;
#2622 = VECTOR ( 'NONE', #5083, 1000.000000000000000 ) ;
#2623 = LINE ( 'NONE', #6368, #6711 ) ;
#2624 = AXIS2_PLACEMENT_3D ( 'NONE', #1822, #2360, #671 ) ;
#2625 = CARTESIAN_POINT ( 'NONE',  ( 3.500000000000001332, 0.1000000000000000472, -1.579999999999997184 ) ) ;
#2626 = AXIS2_PLACEMENT_3D ( 'NONE', #6513, #5871, #3780 ) ;
#2627 = VECTOR ( 'NONE', #5869, 1000.000000000000000 ) ;
#2628 = ORIENTED_EDGE ( 'NONE', *, *, #6309, .T. ) ;
#2629 = DIRECTION ( 'NONE',  ( -0.000000000000000000, 1.000000000000000000, -0.000000000000000000 ) ) ;
#2630 = VERTEX_POINT ( 'NONE', #2096 ) ;
#2631 = FACE_OUTER_BOUND ( 'NONE', #2109, .T. ) ;
#2632 = ORIENTED_EDGE ( 'NONE', *, *, #6162, .T. ) ;
#2633 = CARTESIAN_POINT ( 'NONE',  ( 0.5950000000000013056, 0.2500000000000000000, -1.989999999999996882 ) ) ;
#2634 = EDGE_CURVE ( 'NONE', #5503, #1599, #1596, .T. ) ;
#2635 = DIRECTION ( 'NONE',  ( -1.000000000000000000, 0.000000000000000000, 0.000000000000000000 ) ) ;
#2636 = VECTOR ( 'NONE', #4994, 1000.000000000000000 ) ;
#2637 = CIRCLE ( 'NONE', #6316, 0.2999999999999999334 ) ;
#2638 = DIRECTION ( 'NONE',  ( 0.000000000000000000, 0.000000000000000000, -1.000000000000000000 ) ) ;
#2639 = EDGE_LOOP ( 'NONE', ( #2063, #5900, #4693, #3760 ) ) ;
#2640 = CARTESIAN_POINT ( 'NONE',  ( 2.444432617520238882, 0.1999999999999998723, -0.1899999999999970324 ) ) ;
#2641 = EDGE_LOOP ( 'NONE', ( #6156, #5751, #721, #1835 ) ) ;
#2642 = FACE_OUTER_BOUND ( 'NONE', #4188, .T. ) ;
#2643 = ORIENTED_EDGE ( 'NONE', *, *, #2143, .T. ) ;
#2644 = DIRECTION ( 'NONE',  ( 1.000000000000000000, 0.000000000000000000, -0.000000000000000000 ) ) ;
#2645 = EDGE_CURVE ( 'NONE', #83, #7042, #4351, .T. ) ;
#2646 = DIRECTION ( 'NONE',  ( 0.000000000000000000, 0.000000000000000000, -1.000000000000000000 ) ) ;
#2647 = LINE ( 'NONE', #4844, #1597 ) ;
#2648 = VERTEX_POINT ( 'NONE', #4208 ) ;
#2649 = ORIENTED_EDGE ( 'NONE', *, *, #5055, .T. ) ;
#2650 = LINE ( 'NONE', #970, #3767 ) ;
#2651 = CARTESIAN_POINT ( 'NONE',  ( -3.999999999999999112, 1.659999999999999920, 2.100000000000002753 ) ) ;
#2652 = EDGE_CURVE ( 'NONE', #666, #6163, #2663, .T. ) ;
#2653 = CARTESIAN_POINT ( 'NONE',  ( -0.5949999999999991962, 0.7926488764346635296, 1.237440573436329627 ) ) ;
#2654 = VECTOR ( 'NONE', #3802, 1000.000000000000000 ) ;
#2655 = CARTESIAN_POINT ( 'NONE',  ( -1.104999999999998428, 0.05000000000000012768, -1.399999999999997247 ) ) ;
#2656 = VECTOR ( 'NONE', #861, 1000.000000000000000 ) ;
#2657 = ORIENTED_EDGE ( 'NONE', *, *, #6380, .T. ) ;
#2658 = CARTESIAN_POINT ( 'NONE',  ( 1.095000000000001306, 0.2500000000000000000, -2.099999999999997868 ) ) ;
#2659 = ADVANCED_FACE ( 'NONE', ( #6405 ), #441, .F. ) ;
#2660 = CARTESIAN_POINT ( 'NONE',  ( -1.094999999999998863, 0.2212373928370751364, -2.394766404375737512 ) ) ;
#2661 = CIRCLE ( 'NONE', #1294, 0.09999999999953015917 ) ;
#2662 = DIRECTION ( 'NONE',  ( 0.000000000000000000, 0.000000000000000000, -1.000000000000000000 ) ) ;
#2663 = LINE ( 'NONE', #1525, #3443 ) ;
#2664 = VERTEX_POINT ( 'NONE', #949 ) ;
#2665 = LINE ( 'NONE', #1053, #3596 ) ;
#2666 = ORIENTED_EDGE ( 'NONE', *, *, #2165, .T. ) ;
#2667 = AXIS2_PLACEMENT_3D ( 'NONE', #2781, #3511, #2530 ) ;
#2668 = EDGE_CURVE ( 'NONE', #6766, #7083, #516, .T. ) ;
#2669 = PLANE ( 'NONE',  #4073 ) ;
#2670 = DIRECTION ( 'NONE',  ( 0.000000000000000000, 0.000000000000000000, 1.000000000000000000 ) ) ;
#2671 = DIRECTION ( 'NONE',  ( 0.000000000000000000, -1.000000000000000000, 0.000000000000000000 ) ) ;
#2672 = AXIS2_PLACEMENT_3D ( 'NONE', #5, #2198, #5540 ) ;
#2673 = ORIENTED_EDGE ( 'NONE', *, *, #2350, .T. ) ;
#2674 = CARTESIAN_POINT ( 'NONE',  ( 1.600000000000001421, 0.6050000000000003153, 1.750000000000002887 ) ) ;
#2675 = EDGE_CURVE ( 'NONE', #1296, #1852, #6006, .T. ) ;
#2676 = ORIENTED_EDGE ( 'NONE', *, *, #2421, .T. ) ;
#2677 = CARTESIAN_POINT ( 'NONE',  ( 2.232216308760501366, 0.1999999999999998723, -2.089999999999997193 ) ) ;
#2678 = ORIENTED_EDGE ( 'NONE', *, *, #5144, .T. ) ;
#2679 = CARTESIAN_POINT ( 'NONE',  ( 0.5950000000000013056, 0.8020083447048534930, 1.217369128957734636 ) ) ;
#2680 = VECTOR ( 'NONE', #4904, 1000.000000000000114 ) ;
#2681 = CARTESIAN_POINT ( 'NONE',  ( 0.1004067291410014190, 0.3211003463129999402, -2.399999999999998579 ) ) ;
#2682 = LINE ( 'NONE', #5888, #6883 ) ;
#2683 = ORIENTED_EDGE ( 'NONE', *, *, #1693, .T. ) ;
#2684 = EDGE_CURVE ( 'NONE', #6521, #3111, #3710, .T. ) ;
#2685 = AXIS2_PLACEMENT_3D ( 'NONE', #4174, #1521, #3097 ) ;
#2686 = ADVANCED_FACE ( 'NONE', ( #3174 ), #3673, .T. ) ;
#2687 = ORIENTED_EDGE ( 'NONE', *, *, #5214, .T. ) ;
#2688 = FACE_OUTER_BOUND ( 'NONE', #1243, .T. ) ;
#2689 = DIRECTION ( 'NONE',  ( 0.000000000000000000, 0.000000000000000000, 1.000000000000000000 ) ) ;
#2690 = DIRECTION ( 'NONE',  ( -1.000000000000000000, 0.000000000000000000, 0.000000000000000000 ) ) ;
#2691 = VECTOR ( 'NONE', #1953, 1000.000000000000000 ) ;
#2692 = EDGE_CURVE ( 'NONE', #6372, #6099, #2062, .T. ) ;
#2693 = DIRECTION ( 'NONE',  ( 0.000000000000000000, -1.000000000000000000, 0.000000000000000000 ) ) ;
#2694 = ORIENTED_EDGE ( 'NONE', *, *, #3742, .F. ) ;
#2695 = CARTESIAN_POINT ( 'NONE',  ( -2.232216308760998746, 0.9100000000000000311, -2.089999999999997193 ) ) ;
#2696 = PLANE ( 'NONE',  #3497 ) ;
#2697 = PLANE ( 'NONE',  #4867 ) ;
#2698 = DIRECTION ( 'NONE',  ( -1.000000000000000000, 0.000000000000000000, 0.000000000000000000 ) ) ;
#2699 = EDGE_CURVE ( 'NONE', #5233, #6640, #984, .T. ) ;
#2700 = DIRECTION ( 'NONE',  ( 1.000000000000000000, -0.000000000000000000, -0.000000000000000000 ) ) ;
#2701 = VERTEX_POINT ( 'NONE', #147 ) ;
#2702 = LINE ( 'NONE', #4287, #5198 ) ;
#2703 = ORIENTED_EDGE ( 'NONE', *, *, #668, .T. ) ;
#2704 = PLANE ( 'NONE',  #6830 ) ;
#2705 = CARTESIAN_POINT ( 'NONE',  ( 2.285000000000001474, 1.640000000000000124, -1.024999999999997247 ) ) ;
#2706 = LINE ( 'NONE', #4898, #3211 ) ;
#2707 = EDGE_CURVE ( 'NONE', #1870, #4903, #731, .T. ) ;
#2708 = ORIENTED_EDGE ( 'NONE', *, *, #6836, .T. ) ;
#2709 = CARTESIAN_POINT ( 'NONE',  ( -0.4049999999999986944, 0.7926488764346635296, 1.237440573436329627 ) ) ;
#2710 = ORIENTED_EDGE ( 'NONE', *, *, #2127, .T. ) ;
#2711 = DIRECTION ( 'NONE',  ( -1.000000000000000000, 0.000000000000000000, 0.000000000000000000 ) ) ;
#2712 = ORIENTED_EDGE ( 'NONE', *, *, #3870, .T. ) ;
#2713 = CARTESIAN_POINT ( 'NONE',  ( 1.789432617520001267, 1.720000000000000195, -0.1899999999999970324 ) ) ;
#2714 = FACE_OUTER_BOUND ( 'NONE', #992, .T. ) ;
#2715 = FACE_OUTER_BOUND ( 'NONE', #1538, .T. ) ;
#2716 = ORIENTED_EDGE ( 'NONE', *, *, #4243, .T. ) ;
#2717 = ORIENTED_EDGE ( 'NONE', *, *, #1141, .F. ) ;
#2718 = LINE ( 'NONE', #4336, #1591 ) ;
#2719 = LINE ( 'NONE', #4911, #5531 ) ;
#2720 = DIRECTION ( 'NONE',  ( 0.000000000000000000, -0.4061384660533919333, 0.9138115486202819104 ) ) ;
#2721 = EDGE_CURVE ( 'NONE', #1029, #4790, #1663, .T. ) ;
#2722 = EDGE_CURVE ( 'NONE', #2933, #5370, #4459, .T. ) ;
#2723 = ORIENTED_EDGE ( 'NONE', *, *, #1858, .F. ) ;
#2724 = ORIENTED_EDGE ( 'NONE', *, *, #2556, .F. ) ;
#2725 = FACE_OUTER_BOUND ( 'NONE', #4826, .T. ) ;
#2726 = LINE ( 'NONE', #36, #3329 ) ;
#2727 = EDGE_CURVE ( 'NONE', #4443, #848, #1116, .T. ) ;
#2728 = ADVANCED_FACE ( 'NONE', ( #5032 ), #5609, .T. ) ;
#2729 = LINE ( 'NONE', #3812, #3198 ) ;
#2730 = DIRECTION ( 'NONE',  ( -0.000000000000000000, -0.000000000000000000, -1.000000000000000000 ) ) ;
#2731 = EDGE_LOOP ( 'NONE', ( #4738, #5136, #3425, #4449, #4065, #1027, #5890, #1384 ) ) ;
#2732 = VECTOR ( 'NONE', #741, 1000.000000000000000 ) ;
#2733 = VECTOR ( 'NONE', #3581, 1000.000000000000000 ) ;
#2734 = CARTESIAN_POINT ( 'NONE',  ( 1.600000000000001421, 0.1600000000000001976, 1.750000000000002887 ) ) ;
#2735 = ORIENTED_EDGE ( 'NONE', *, *, #182, .F. ) ;
#2736 = CARTESIAN_POINT ( 'NONE',  ( -3.849999999999987210, 0.1999999999999998723, -1.579999999999997184 ) ) ;
#2737 = EDGE_CURVE ( 'NONE', #1104, #6256, #6729, .T. ) ;
#2738 = VECTOR ( 'NONE', #2451, 1000.000000000000000 ) ;
#2739 = AXIS2_PLACEMENT_3D ( 'NONE', #4254, #4359, #3147 ) ;
#2740 = DIRECTION ( 'NONE',  ( -1.000000000000000000, 0.000000000000000000, 0.000000000000000000 ) ) ;
#2741 = VERTEX_POINT ( 'NONE', #2309 ) ;
#2742 = CARTESIAN_POINT ( 'NONE',  ( -1.499999999999998668, 0.9600000000000001865, 1.200000000000002620 ) ) ;
#2743 = EDGE_LOOP ( 'NONE', ( #2610, #1536, #211, #2891 ) ) ;
#2744 = CARTESIAN_POINT ( 'NONE',  ( 0.6004067291410014606, 0.5207565403230001166, 1.110655094915502961 ) ) ;
#2745 = VERTEX_POINT ( 'NONE', #694 ) ;
#2746 = VECTOR ( 'NONE', #6291, 1000.000000000000000 ) ;
#2747 = FACE_OUTER_BOUND ( 'NONE', #1570, .T. ) ;
#2748 = VECTOR ( 'NONE', #5317, 1000.000000000000000 ) ;
#2749 = DIRECTION ( 'NONE',  ( 0.000000000000000000, 0.000000000000000000, -1.000000000000000000 ) ) ;
#2750 = FACE_OUTER_BOUND ( 'NONE', #29, .T. ) ;
#2751 = ORIENTED_EDGE ( 'NONE', *, *, #4920, .F. ) ;
#2752 = PLANE ( 'NONE',  #3331 ) ;
#2753 = EDGE_LOOP ( 'NONE', ( #6148, #2666, #5017, #811 ) ) ;
#2754 = LINE ( 'NONE', #25, #3085 ) ;
#2755 = DIRECTION ( 'NONE',  ( 0.000000000000000000, 0.05233595624340463270, 0.9986295347545498524 ) ) ;
#2756 = EDGE_CURVE ( 'NONE', #5639, #1826, #5502, .T. ) ;
#2757 = PLANE ( 'NONE',  #6442 ) ;
#2758 = ORIENTED_EDGE ( 'NONE', *, *, #7008, .T. ) ;
#2759 = ORIENTED_EDGE ( 'NONE', *, *, #4435, .T. ) ;
#2760 = ORIENTED_EDGE ( 'NONE', *, *, #6993, .T. ) ;
#2761 = EDGE_CURVE ( 'NONE', #5514, #932, #582, .T. ) ;
#2762 = ORIENTED_EDGE ( 'NONE', *, *, #2996, .F. ) ;
#2763 = PLANE ( 'NONE',  #1767 ) ;
#2764 = DIRECTION ( 'NONE',  ( 1.000000000000000000, 0.000000000000000000, 0.000000000000000000 ) ) ;
#2765 = DIRECTION ( 'NONE',  ( 1.000000000000000000, -0.000000000000000000, -0.000000000000000000 ) ) ;
#2766 = AXIS2_PLACEMENT_3D ( 'NONE', #1909, #4101, #4535 ) ;
#2767 = LINE ( 'NONE', #4961, #7115 ) ;
#2768 = EDGE_CURVE ( 'NONE', #1599, #6404, #2, .T. ) ;
#2769 = ORIENTED_EDGE ( 'NONE', *, *, #5857, .F. ) ;
#2770 = LINE ( 'NONE', #6591, #3140 ) ;
#2771 = VERTEX_POINT ( 'NONE', #2881 ) ;
#2772 = CARTESIAN_POINT ( 'NONE',  ( -1.369999999999998774, 1.870000000000000107, 0.05000000000000316691 ) ) ;
#2773 = LINE ( 'NONE', #1595, #5107 ) ;
#2774 = VECTOR ( 'NONE', #6182, 1000.000000000000000 ) ;
#2775 = DIRECTION ( 'NONE',  ( -1.000000000000000000, 0.000000000000000000, 0.000000000000000000 ) ) ;
#2776 = VERTEX_POINT ( 'NONE', #654 ) ;
#2777 = DIRECTION ( 'NONE',  ( 1.000000000000000000, -0.000000000000000000, -0.000000000000000000 ) ) ;
#2778 = VECTOR ( 'NONE', #4733, 1000.000000000000000 ) ;
#2779 = EDGE_CURVE ( 'NONE', #2361, #7028, #5073, .T. ) ;
#2780 = VERTEX_POINT ( 'NONE', #74 ) ;
#2781 = CARTESIAN_POINT ( 'NONE',  ( 1.301042606982605321E-15, 1.395000000000000240, -2.199999999999997069 ) ) ;
#2782 = ORIENTED_EDGE ( 'NONE', *, *, #345, .F. ) ;
#2783 = DIRECTION ( 'NONE',  ( 0.000000000000000000, -1.000000000000000000, 0.000000000000000000 ) ) ;
#2784 = EDGE_LOOP ( 'NONE', ( #6410, #1453, #917, #1975 ) ) ;
#2785 = AXIS2_PLACEMENT_3D ( 'NONE', #4146, #1385, #2932 ) ;
#2786 = PLANE ( 'NONE',  #6762 ) ;
#2787 = ORIENTED_EDGE ( 'NONE', *, *, #3023, .F. ) ;
#2788 = CARTESIAN_POINT ( 'NONE',  ( -0.5949999999999996403, 0.8020083447047559044, 1.217369128957688895 ) ) ;
#2789 = ORIENTED_EDGE ( 'NONE', *, *, #6131, .T. ) ;
#2790 = DIRECTION ( 'NONE',  ( -1.000000000000000000, 0.000000000000000000, 0.000000000000000000 ) ) ;
#2791 = DIRECTION ( 'NONE',  ( -0.000000000000000000, -0.000000000000000000, 1.000000000000000000 ) ) ;
#2792 = VECTOR ( 'NONE', #6769, 1000.000000000000000 ) ;
#2793 = DIRECTION ( 'NONE',  ( 0.000000000000000000, 0.000000000000000000, 1.000000000000000000 ) ) ;
#2794 = VECTOR ( 'NONE', #5885, 1000.000000000000000 ) ;
#2795 = ORIENTED_EDGE ( 'NONE', *, *, #2634, .T. ) ;
#2796 = PRODUCT_DEFINITION_CONTEXT ( 'detailed design', #3421, 'design' ) ;
#2797 = EDGE_CURVE ( 'NONE', #5843, #2571, #6588, .T. ) ;
#2798 = VERTEX_POINT ( 'NONE', #1152 ) ;
#2799 = EDGE_LOOP ( 'NONE', ( #4255, #2479, #611, #5550 ) ) ;
#2800 = FACE_OUTER_BOUND ( 'NONE', #4356, .T. ) ;
#2801 = ORIENTED_EDGE ( 'NONE', *, *, #1716, .F. ) ;
#2802 = CARTESIAN_POINT ( 'NONE',  ( -0.3949999999999986300, 0.05000000000000012768, -1.399999999999997247 ) ) ;
#2803 = VECTOR ( 'NONE', #3144, 1000.000000000000000 ) ;
#2804 = DIRECTION ( 'NONE',  ( -1.000000000000000000, 0.000000000000000000, 0.000000000000000000 ) ) ;
#2805 = ADVANCED_FACE ( 'NONE', ( #6081 ), #2196, .F. ) ;
#2806 = DIRECTION ( 'NONE',  ( 1.000000000000000000, -0.000000000000000000, -0.000000000000000000 ) ) ;
#2807 = VECTOR ( 'NONE', #2241, 1000.000000000000000 ) ;
#2808 = CARTESIAN_POINT ( 'NONE',  ( -0.9999999999999991118, 0.1373467578910001763, -1.989999999999996882 ) ) ;
#2809 = EDGE_LOOP ( 'NONE', ( #3071, #3104, #5659, #4371, #6350, #623, #5414, #404 ) ) ;
#2810 = LINE ( 'NONE', #2163, #2333 ) ;
#2811 = ORIENTED_EDGE ( 'NONE', *, *, #3885, .F. ) ;
#2812 = DIRECTION ( 'NONE',  ( -1.000000000000000000, 0.000000000000000000, 0.000000000000000000 ) ) ;
#2813 = PLANE ( 'NONE',  #5333 ) ;
#2814 = EDGE_CURVE ( 'NONE', #5057, #4869, #1190, .T. ) ;
#2815 = ADVANCED_FACE ( 'NONE', ( #2841 ), #1264, .T. ) ;
#2816 = CARTESIAN_POINT ( 'NONE',  ( 1.095000000000001306, 0.2212373928370751364, -2.394766404375737512 ) ) ;
#2817 = ORIENTED_EDGE ( 'NONE', *, *, #3442, .F. ) ;
#2818 = CARTESIAN_POINT ( 'NONE',  ( -0.6049999999999987610, 0.05000000000000012768, -2.099999999999997868 ) ) ;
#2819 = EDGE_LOOP ( 'NONE', ( #2703, #1312, #2427, #3628 ) ) ;
#2820 = DIRECTION ( 'NONE',  ( -1.000000000000000000, 0.000000000000000000, 0.000000000000000000 ) ) ;
#2821 = ORIENTED_EDGE ( 'NONE', *, *, #2515, .F. ) ;
#2822 = DIRECTION ( 'NONE',  ( -1.000000000000000000, 0.000000000000000000, 0.000000000000000000 ) ) ;
#2823 = EDGE_CURVE ( 'NONE', #3177, #4862, #2767, .T. ) ;
#2824 = DIRECTION ( 'NONE',  ( 0.000000000000000000, 0.000000000000000000, -1.000000000000000000 ) ) ;
#2825 = VERTEX_POINT ( 'NONE', #39 ) ;
#2826 = PLANE ( 'NONE',  #4807 ) ;
#2827 = VERTEX_POINT ( 'NONE', #2235 ) ;
#2828 = DIRECTION ( 'NONE',  ( -1.000000000000000000, 0.000000000000000000, 0.000000000000000000 ) ) ;
#2829 = DIRECTION ( 'NONE',  ( -1.000000000000000000, 0.000000000000000000, 0.000000000000000000 ) ) ;
#2830 = CARTESIAN_POINT ( 'NONE',  ( 0.1004067291410014190, 0.7926488764346442117, 1.237440573436320523 ) ) ;
#2831 = ADVANCED_FACE ( 'NONE', ( #4424 ), #6621, .T. ) ;
#2832 = EDGE_LOOP ( 'NONE', ( #1948, #6886, #5643, #912 ) ) ;
#2833 = ORIENTED_EDGE ( 'NONE', *, *, #2192, .T. ) ;
#2834 = ORIENTED_EDGE ( 'NONE', *, *, #7088, .T. ) ;
#2835 = CARTESIAN_POINT ( 'NONE',  ( -0.9049999999999986944, 0.8099999999999997202, -1.989999999999996882 ) ) ;
#2836 = ORIENTED_EDGE ( 'NONE', *, *, #3838, .T. ) ;
#2837 = CARTESIAN_POINT ( 'NONE',  ( 1.301042606982605321E-15, 0.05000000000000012768, 0.05000000000000316691 ) ) ;
#2838 = CARTESIAN_POINT ( 'NONE',  ( -0.6004067291409987961, 0.03748380441553813419, -2.084766404375788085 ) ) ;
#2839 = EDGE_CURVE ( 'NONE', #639, #924, #4136, .T. ) ;
#2840 = CARTESIAN_POINT ( 'NONE',  ( 1.370000000000001439, 1.640000000000000124, -2.089999999999997193 ) ) ;
#2841 = FACE_OUTER_BOUND ( 'NONE', #442, .T. ) ;
#2842 = ORIENTED_EDGE ( 'NONE', *, *, #4311, .T. ) ;
#2843 = DIRECTION ( 'NONE',  ( 0.000000000000000000, 0.000000000000000000, -1.000000000000000000 ) ) ;
#2844 = ORIENTED_EDGE ( 'NONE', *, *, #1067, .T. ) ;
#2845 = LINE ( 'NONE', #1987, #285 ) ;
#2846 = CARTESIAN_POINT ( 'NONE',  ( 1.550000000000001377, 0.9550000000000000711, -0.5999999999999972022 ) ) ;
#2847 = DIRECTION ( 'NONE',  ( 0.000000000000000000, -1.000000000000000000, 0.000000000000000000 ) ) ;
#2848 = VECTOR ( 'NONE', #1061, 1000.000000000000000 ) ;
#2849 = VECTOR ( 'NONE', #428, 1000.000000000000000 ) ;
#2850 = EDGE_LOOP ( 'NONE', ( #7068, #895, #4971, #2795 ) ) ;
#2851 = DIRECTION ( 'NONE',  ( 0.000000000000000000, 0.000000000000000000, 1.000000000000000000 ) ) ;
#2852 = ORIENTED_EDGE ( 'NONE', *, *, #4671, .T. ) ;
#2853 = FACE_OUTER_BOUND ( 'NONE', #7106, .T. ) ;
#2854 = EDGE_CURVE ( 'NONE', #814, #5593, #4713, .T. ) ;
#2855 = VERTEX_POINT ( 'NONE', #260 ) ;
#2856 = LINE ( 'NONE', #6672, #506 ) ;
#2857 = VECTOR ( 'NONE', #3549, 1000.000000000000000 ) ;
#2858 = ORIENTED_EDGE ( 'NONE', *, *, #4906, .F. ) ;
#2859 = AXIS2_PLACEMENT_3D ( 'NONE', #2081, #6499, #1071 ) ;
#2860 = CARTESIAN_POINT ( 'NONE',  ( -0.4049999999999986944, 0.6850000000000000533, 0.5500000000000024869 ) ) ;
#2861 = VERTEX_POINT ( 'NONE', #798 ) ;
#2862 = DIRECTION ( 'NONE',  ( -0.000000000000000000, -0.000000000000000000, -1.000000000000000000 ) ) ;
#2863 = VECTOR ( 'NONE', #7095, 1000.000000000000000 ) ;
#2864 = ORIENTED_EDGE ( 'NONE', *, *, #1933, .T. ) ;
#2865 = DIRECTION ( 'NONE',  ( -0.000000000000000000, 0.4226182617254299889, -0.9063077870437702410 ) ) ;
#2866 = VECTOR ( 'NONE', #1989, 1000.000000000000000 ) ;
#2867 = CARTESIAN_POINT ( 'NONE',  ( 0.9050000000000008038, 0.8020083447048534930, 1.217369128957734636 ) ) ;
#2868 = ADVANCED_FACE ( 'NONE', ( #4104 ), #5248, .T. ) ;
#2869 = EDGE_CURVE ( 'NONE', #2605, #1492, #4170, .T. ) ;
#2870 = FACE_OUTER_BOUND ( 'NONE', #1528, .T. ) ;
#2871 = AXIS2_PLACEMENT_3D ( 'NONE', #5687, #1805, #3056 ) ;
#2872 = ORIENTED_EDGE ( 'NONE', *, *, #5896, .F. ) ;
#2873 = ORIENTED_EDGE ( 'NONE', *, *, #3699, .T. ) ;
#2874 = VERTEX_POINT ( 'NONE', #6328 ) ;
#2875 = CYLINDRICAL_SURFACE ( 'NONE', #1518, 0.09999999999953015917 ) ;
#2876 = EDGE_CURVE ( 'NONE', #4501, #6038, #3660, .T. ) ;
#2877 = ORIENTED_EDGE ( 'NONE', *, *, #1436, .F. ) ;
#2878 = DIRECTION ( 'NONE',  ( 0.000000000000000000, 0.000000000000000000, -1.000000000000000000 ) ) ;
#2879 = DIRECTION ( 'NONE',  ( 1.000000000000000000, 0.000000000000000000, 0.000000000000000000 ) ) ;
#2880 = CARTESIAN_POINT ( 'NONE',  ( 1.600000000000001421, 0.9600000000000001865, 1.285000000000003029 ) ) ;
#2881 = CARTESIAN_POINT ( 'NONE',  ( 3.200000000000001510, 1.870000000000000107, 1.370000000000002993 ) ) ;
#2882 = CARTESIAN_POINT ( 'NONE',  ( 1.301042606982605321E-15, 1.050000000000000044, -0.2499999999999971967 ) ) ;
#2883 = ORIENTED_EDGE ( 'NONE', *, *, #4268, .F. ) ;
#2884 = PLANE ( 'NONE',  #4753 ) ;
#2885 = DIRECTION ( 'NONE',  ( 0.000000000000000000, 0.000000000000000000, 1.000000000000000000 ) ) ;
#2886 = CARTESIAN_POINT ( 'NONE',  ( 1.600000000000001421, 1.760000000000000009, 1.400000000000002798 ) ) ;
#2887 = AXIS2_PLACEMENT_3D ( 'NONE', #2017, #3659, #1979 ) ;
#2888 = DIRECTION ( 'NONE',  ( 0.000000000000000000, -1.000000000000000000, 0.000000000000000000 ) ) ;
#2889 = ORIENTED_EDGE ( 'NONE', *, *, #3442, .T. ) ;
#2890 = LINE ( 'NONE', #3471, #4914 ) ;
#2891 = ORIENTED_EDGE ( 'NONE', *, *, #419, .F. ) ;
#2892 = DIRECTION ( 'NONE',  ( 0.000000000000000000, 0.000000000000000000, -1.000000000000000000 ) ) ;
#2893 = ORIENTED_EDGE ( 'NONE', *, *, #1271, .F. ) ;
#2894 = AXIS2_PLACEMENT_3D ( 'NONE', #3053, #3019, #3657 ) ;
#2895 = CARTESIAN_POINT ( 'NONE',  ( -1.094999999999998863, 1.620000000000008766, -2.100000000000002753 ) ) ;
#2896 = ADVANCED_FACE ( 'NONE', ( #222 ), #3530, .T. ) ;
#2897 = LINE ( 'NONE', #3641, #1829 ) ;
#2898 = VECTOR ( 'NONE', #5382, 1000.000000000000000 ) ;
#2899 = VERTEX_POINT ( 'NONE', #3598 ) ;
#2900 = LINE ( 'NONE', #168, #809 ) ;
#2901 = ORIENTED_EDGE ( 'NONE', *, *, #3047, .F. ) ;
#2902 = CARTESIAN_POINT ( 'NONE',  ( -0.5949999999999996403, 0.1999999999999998723, -2.799999999999997602 ) ) ;
#2903 = CARTESIAN_POINT ( 'NONE',  ( 1.500000000000001554, 0.05000000000000012768, 1.200000000000003730 ) ) ;
#2904 = VECTOR ( 'NONE', #1491, 1000.000000000000000 ) ;
#2905 = LINE ( 'NONE', #1250, #1159 ) ;
#2906 = ADVANCED_FACE ( 'NONE', ( #902 ), #185, .T. ) ;
#2907 = EDGE_CURVE ( 'NONE', #69, #1182, #325, .T. ) ;
#2908 = ORIENTED_EDGE ( 'NONE', *, *, #3348, .F. ) ;
#2909 = VECTOR ( 'NONE', #5114, 1000.000000000000000 ) ;
#2910 = ORIENTED_EDGE ( 'NONE', *, *, #3060, .F. ) ;
#2911 = CARTESIAN_POINT ( 'NONE',  ( 0.9050000000000008038, 0.2212373928370751364, -2.394766404375737512 ) ) ;
#2912 = CARTESIAN_POINT ( 'NONE',  ( -1.599999999999998090, 1.870000000000000107, 1.200000000000002620 ) ) ;
#2913 = ORIENTED_EDGE ( 'NONE', *, *, #4756, .T. ) ;
#2914 = FACE_OUTER_BOUND ( 'NONE', #3745, .T. ) ;
#2915 = CARTESIAN_POINT ( 'NONE',  ( 1.000000000000001332, 0.7086905952145743370, -0.5397673798719940796 ) ) ;
#2916 = VECTOR ( 'NONE', #2644, 1000.000000000000000 ) ;
#2917 = EDGE_CURVE ( 'NONE', #6271, #6106, #296, .T. ) ;
#2918 = DIRECTION ( 'NONE',  ( 0.000000000000000000, 0.000000000000000000, 1.000000000000000000 ) ) ;
#2919 = DIRECTION ( 'NONE',  ( 0.000000000000000000, -1.000000000000000000, 0.000000000000000000 ) ) ;
#2920 = VECTOR ( 'NONE', #658, 1000.000000000000000 ) ;
#2921 = ORIENTED_EDGE ( 'NONE', *, *, #1448, .F. ) ;
#2922 = LINE ( 'NONE', #5146, #37 ) ;
#2923 = ORIENTED_EDGE ( 'NONE', *, *, #2058, .F. ) ;
#2924 = FACE_OUTER_BOUND ( 'NONE', #4629, .T. ) ;
#2925 = FACE_BOUND ( 'NONE', #3173, .T. ) ;
#2926 = DIRECTION ( 'NONE',  ( 0.000000000000000000, 0.05233595624340463270, 0.9986295347545498524 ) ) ;
#2927 = VECTOR ( 'NONE', #7024, 1000.000000000000114 ) ;
#2928 = CARTESIAN_POINT ( 'NONE',  ( 1.105000000000001315, 0.2500000000000000000, -1.399999999999997247 ) ) ;
#2929 = ORIENTED_EDGE ( 'NONE', *, *, #6160, .F. ) ;
#2930 = CARTESIAN_POINT ( 'NONE',  ( -0.1049999999999987610, 0.05000000000000012768, 2.602085213965210642E-15 ) ) ;
#2931 = ORIENTED_EDGE ( 'NONE', *, *, #2250, .T. ) ;
#2932 = DIRECTION ( 'NONE',  ( -1.000000000000000000, 0.000000000000000000, 0.000000000000000000 ) ) ;
#2933 = VERTEX_POINT ( 'NONE', #1370 ) ;
#2934 = CARTESIAN_POINT ( 'NONE',  ( 1.095000000000001306, 0.2500000000000000000, -0.6999999999999970690 ) ) ;
#2935 = EDGE_CURVE ( 'NONE', #2874, #1809, #836, .T. ) ;
#2936 = DIRECTION ( 'NONE',  ( -0.000000000000000000, -0.000000000000000000, 1.000000000000000000 ) ) ;
#2937 = ORIENTED_EDGE ( 'NONE', *, *, #6208, .F. ) ;
#2938 = CARTESIAN_POINT ( 'NONE',  ( -1.094999999999998863, 0.2500000000000000000, -2.099999999999997868 ) ) ;
#2939 = ORIENTED_EDGE ( 'NONE', *, *, #3176, .F. ) ;
#2940 = CARTESIAN_POINT ( 'NONE',  ( -2.444432617519998630, 0.000000000000000000, -0.1899999999999970324 ) ) ;
#2941 = DIRECTION ( 'NONE',  ( 0.000000000000000000, -1.000000000000000000, 0.000000000000000000 ) ) ;
#2942 = ORIENTED_EDGE ( 'NONE', *, *, #5419, .F. ) ;
#2943 = VERTEX_POINT ( 'NONE', #3627 ) ;
#2944 = ORIENTED_EDGE ( 'NONE', *, *, #1552, .F. ) ;
#2945 = DIRECTION ( 'NONE',  ( -1.000000000000000000, 0.000000000000000000, 0.000000000000000000 ) ) ;
#2946 = ORIENTED_EDGE ( 'NONE', *, *, #1509, .F. ) ;
#2947 = FACE_OUTER_BOUND ( 'NONE', #1329, .T. ) ;
#2948 = EDGE_CURVE ( 'NONE', #3304, #1800, #4678, .T. ) ;
#2949 = ADVANCED_FACE ( 'NONE', ( #1982 ), #1947, .F. ) ;
#2950 = DIRECTION ( 'NONE',  ( -0.000000000000000000, -0.000000000000000000, -1.000000000000000000 ) ) ;
#2951 = DIRECTION ( 'NONE',  ( -1.000000000000000000, 0.000000000000000000, 0.000000000000000000 ) ) ;
#2952 = CARTESIAN_POINT ( 'NONE',  ( 0.6050000000000013145, 0.1500000000000001887, -1.399999999999997247 ) ) ;
#2953 = ORIENTED_EDGE ( 'NONE', *, *, #4838, .T. ) ;
#2954 = PLANE ( 'NONE',  #4638 ) ;
#2955 = EDGE_CURVE ( 'NONE', #1583, #873, #4072, .T. ) ;
#2956 = ORIENTED_EDGE ( 'NONE', *, *, #5498, .T. ) ;
#2957 = EDGE_CURVE ( 'NONE', #3250, #7096, #2991, .T. ) ;
#2958 = LINE ( 'NONE', #5148, #3033 ) ;
#2959 = PLANE ( 'NONE',  #7063 ) ;
#2960 = CARTESIAN_POINT ( 'NONE',  ( 0.5000000000000013323, 1.169999999999993934, -2.299999999999983391 ) ) ;
#2961 = LINE ( 'NONE', #4176, #3779 ) ;
#2962 = ORIENTED_EDGE ( 'NONE', *, *, #401, .F. ) ;
#2963 = ORIENTED_EDGE ( 'NONE', *, *, #6131, .F. ) ;
#2964 = FACE_OUTER_BOUND ( 'NONE', #2423, .T. ) ;
#2965 = ORIENTED_EDGE ( 'NONE', *, *, #4577, .F. ) ;
#2966 = EDGE_CURVE ( 'NONE', #1472, #2771, #5112, .T. ) ;
#2967 = DIRECTION ( 'NONE',  ( 0.000000000000000000, -1.000000000000000000, 0.000000000000000000 ) ) ;
#2968 = AXIS2_PLACEMENT_3D ( 'NONE', #2183, #4372, #6574 ) ;
#2969 = DIRECTION ( 'NONE',  ( 0.000000000000000000, 0.000000000000000000, -1.000000000000000000 ) ) ;
#2970 = VERTEX_POINT ( 'NONE', #2375 ) ;
#2971 = DIRECTION ( 'NONE',  ( -1.000000000000000000, 0.000000000000000000, 0.000000000000000000 ) ) ;
#2972 = ORIENTED_EDGE ( 'NONE', *, *, #3040, .F. ) ;
#2973 = LINE ( 'NONE', #5171, #4158 ) ;
#2974 = EDGE_CURVE ( 'NONE', #4433, #5105, #4569, .T. ) ;
#2975 = VECTOR ( 'NONE', #6492, 1000.000000000000000 ) ;
#2976 = VECTOR ( 'NONE', #1036, 1000.000000000000000 ) ;
#2977 = DIRECTION ( 'NONE',  ( -0.000000000000000000, 1.000000000000000000, -0.000000000000000000 ) ) ;
#2978 = DIRECTION ( 'NONE',  ( -0.000000000000000000, 1.000000000000000000, -0.000000000000000000 ) ) ;
#2979 = COLOUR_RGB ( '',0.7921568627450980005, 0.8196078431372548767, 0.9333333333333333481 ) ;
#2980 = VECTOR ( 'NONE', #2242, 1000.000000000000000 ) ;
#2981 = EDGE_LOOP ( 'NONE', ( #4592, #3510, #6976, #4461 ) ) ;
#2982 = ORIENTED_EDGE ( 'NONE', *, *, #4302, .T. ) ;
#2983 = ORIENTED_EDGE ( 'NONE', *, *, #1448, .T. ) ;
#2984 = LINE ( 'NONE', #6324, #3245 ) ;
#2985 = EDGE_CURVE ( 'NONE', #1265, #4211, #1581, .T. ) ;
#2986 = DIRECTION ( 'NONE',  ( -0.000000000000000000, -0.000000000000000000, -1.000000000000000000 ) ) ;
#2987 = AXIS2_PLACEMENT_3D ( 'NONE', #3920, #690, #1696 ) ;
#2988 = CARTESIAN_POINT ( 'NONE',  ( 0.9050000000000008038, 0.2500000000000000000, -0.6999999999999970690 ) ) ;
#2989 = EDGE_CURVE ( 'NONE', #1903, #3678, #7020, .T. ) ;
#2990 = CARTESIAN_POINT ( 'NONE',  ( 0.9050000000000008038, 0.6850000000000000533, 0.5500000000000024869 ) ) ;
#2991 = LINE ( 'NONE', #2952, #6776 ) ;
#2992 = DIRECTION ( 'NONE',  ( 1.000000000000000000, -0.000000000000000000, -0.000000000000000000 ) ) ;
#2993 = ORIENTED_EDGE ( 'NONE', *, *, #3963, .F. ) ;
#2994 = LINE ( 'NONE', #2418, #5217 ) ;
#2995 = CARTESIAN_POINT ( 'NONE',  ( 1.000000000000001332, 0.1000000000000000472, -2.799999999999997602 ) ) ;
#2996 = EDGE_CURVE ( 'NONE', #4880, #5564, #5899, .T. ) ;
#2997 = CARTESIAN_POINT ( 'NONE',  ( 0.4050000000000008593, 0.2500000000000000000, -1.989999999999996882 ) ) ;
#2998 = EDGE_CURVE ( 'NONE', #922, #4899, #3701, .T. ) ;
#2999 = ORIENTED_EDGE ( 'NONE', *, *, #4059, .F. ) ;
#3000 = CARTESIAN_POINT ( 'NONE',  ( 2.285000000000001474, 1.755000000000000115, 0.05000000000000316691 ) ) ;
#3001 = ORIENTED_EDGE ( 'NONE', *, *, #1013, .F. ) ;
#3002 = DIRECTION ( 'NONE',  ( 1.000000000000000000, -0.000000000000000000, -0.000000000000000000 ) ) ;
#3003 = ORIENTED_EDGE ( 'NONE', *, *, #854, .T. ) ;
#3004 = CARTESIAN_POINT ( 'NONE',  ( -0.8949999999999982414, 1.770000000000000018, -1.399999999999997247 ) ) ;
#3005 = AXIS2_PLACEMENT_3D ( 'NONE', #5305, #314, #2646 ) ;
#3006 = LINE ( 'NONE', #1460, #7123 ) ;
#3007 = ADVANCED_FACE ( 'NONE', ( #4238 ), #5422, .F. ) ;
#3008 = ORIENTED_EDGE ( 'NONE', *, *, #6289, .T. ) ;
#3009 = CARTESIAN_POINT ( 'NONE',  ( -1.369999999999998774, 0.05000000000000012768, -1.024999999999997247 ) ) ;
#3010 = VECTOR ( 'NONE', #5641, 1000.000000000000000 ) ;
#3011 = VERTEX_POINT ( 'NONE', #507 ) ;
#3012 = DIRECTION ( 'NONE',  ( -1.000000000000000000, 0.000000000000000000, 0.000000000000000000 ) ) ;
#3013 = CARTESIAN_POINT ( 'NONE',  ( 2.232216308760501366, 0.2800000000000000822, -2.089999999999997193 ) ) ;
#3014 = VECTOR ( 'NONE', #469, 1000.000000000000000 ) ;
#3015 = LINE ( 'NONE', #5710, #1024 ) ;
#3016 = ORIENTED_EDGE ( 'NONE', *, *, #965, .F. ) ;
#3017 = ORIENTED_EDGE ( 'NONE', *, *, #3707, .T. ) ;
#3018 = DIRECTION ( 'NONE',  ( 1.000000000000000000, -0.000000000000000000, -0.000000000000000000 ) ) ;
#3019 = DIRECTION ( 'NONE',  ( -1.000000000000000000, -0.000000000000000000, 0.000000000000000000 ) ) ;
#3020 = VECTOR ( 'NONE', #4837, 1000.000000000000000 ) ;
#3021 = CARTESIAN_POINT ( 'NONE',  ( -1.094999999999998863, 0.8099999999999997202, -0.6999999999999970690 ) ) ;
#3022 = AXIS2_PLACEMENT_3D ( 'NONE', #2596, #2311, #2843 ) ;
#3023 = EDGE_CURVE ( 'NONE', #1646, #6677, #2151, .T. ) ;
#3024 = LINE ( 'NONE', #5719, #443 ) ;
#3025 = DIRECTION ( 'NONE',  ( -0.000000000000000000, 1.000000000000000000, -0.000000000000000000 ) ) ;
#3026 = EDGE_LOOP ( 'NONE', ( #272, #1371, #1163, #4666 ) ) ;
#3027 = CARTESIAN_POINT ( 'NONE',  ( 0.9050000000000008038, 0.7926488764353972760, 1.237440573434730684 ) ) ;
#3028 = VECTOR ( 'NONE', #7091, 1000.000000000000227 ) ;
#3029 = LINE ( 'NONE', #6877, #3950 ) ;
#3030 =( NAMED_UNIT ( * ) PLANE_ANGLE_UNIT ( ) SI_UNIT ( $, .RADIAN. ) );
#3031 = LINE ( 'NONE', #6297, #596 ) ;
#3032 = DIRECTION ( 'NONE',  ( -0.000000000000000000, -0.000000000000000000, -1.000000000000000000 ) ) ;
#3033 = VECTOR ( 'NONE', #4244, 1000.000000000000000 ) ;
#3034 = EDGE_LOOP ( 'NONE', ( #3408, #115, #6253, #467 ) ) ;
#3035 = DIRECTION ( 'NONE',  ( -1.000000000000000000, 0.000000000000000000, 0.000000000000000000 ) ) ;
#3036 = ORIENTED_EDGE ( 'NONE', *, *, #3980, .T. ) ;
#3037 = CARTESIAN_POINT ( 'NONE',  ( -3.149999999999998135, 0.1999999999999998723, -2.089999999999997193 ) ) ;
#3038 = VERTEX_POINT ( 'NONE', #3805 ) ;
#3039 = CARTESIAN_POINT ( 'NONE',  ( -0.3995932708589985949, 0.3211003463129999402, -2.300000000000468336 ) ) ;
#3040 = EDGE_CURVE ( 'NONE', #5076, #816, #4277, .T. ) ;
#3041 = VECTOR ( 'NONE', #1198, 1000.000000000000000 ) ;
#3042 = ADVANCED_FACE ( 'NONE', ( #3663 ), #3092, .T. ) ;
#3043 = CARTESIAN_POINT ( 'NONE',  ( -3.749999999999999112, 0.9100000000000000311, 0.7000000000000029532 ) ) ;
#3044 = ORIENTED_EDGE ( 'NONE', *, *, #2308, .T. ) ;
#3045 = DIRECTION ( 'NONE',  ( -0.000000000000000000, 1.000000000000000000, -0.000000000000000000 ) ) ;
#3046 = ORIENTED_EDGE ( 'NONE', *, *, #6943, .F. ) ;
#3047 = EDGE_CURVE ( 'NONE', #3275, #3917, #5964, .T. ) ;
#3048 = LINE ( 'NONE', #5239, #1289 ) ;
#3049 = LINE ( 'NONE', #1507, #5732 ) ;
#3050 = ORIENTED_EDGE ( 'NONE', *, *, #1955, .T. ) ;
#3051 = ORIENTED_EDGE ( 'NONE', *, *, #1858, .T. ) ;
#3052 = VERTEX_POINT ( 'NONE', #2655 ) ;
#3053 = CARTESIAN_POINT ( 'NONE',  ( 0.5950000000000013056, 0.5207565403230001166, 1.110655094915502961 ) ) ;
#3054 = EDGE_CURVE ( 'NONE', #5319, #3472, #3238, .T. ) ;
#3055 = CARTESIAN_POINT ( 'NONE',  ( -1.104999999999998428, 1.670000000000000151, -1.749999999999997113 ) ) ;
#3056 = DIRECTION ( 'NONE',  ( 0.000000000000000000, 0.000000000000000000, 1.000000000000000000 ) ) ;
#3057 = DIRECTION ( 'NONE',  ( -1.000000000000000000, 0.000000000000000000, 0.000000000000000000 ) ) ;
#3058 = VERTEX_POINT ( 'NONE', #4885 ) ;
#3059 = DIRECTION ( 'NONE',  ( -0.000000000000000000, 1.000000000000000000, -0.000000000000000000 ) ) ;
#3060 = EDGE_CURVE ( 'NONE', #2611, #4790, #5167, .T. ) ;
#3061 = LINE ( 'NONE', #2455, #2116 ) ;
#3062 = CARTESIAN_POINT ( 'NONE',  ( 0.09500000000000133338, 0.8099999999999997202, -2.299999999999992273 ) ) ;
#3063 = CARTESIAN_POINT ( 'NONE',  ( -1.094999999999998863, 1.169999999999994378, -2.299999999999985167 ) ) ;
#3064 = ORIENTED_EDGE ( 'NONE', *, *, #2034, .F. ) ;
#3065 = DIRECTION ( 'NONE',  ( 0.000000000000000000, -1.000000000000000000, 0.000000000000000000 ) ) ;
#3066 = ORIENTED_EDGE ( 'NONE', *, *, #3508, .T. ) ;
#3067 = CARTESIAN_POINT ( 'NONE',  ( 0.09500000000000133338, 0.6671189302731397319, 1.372529207435400744 ) ) ;
#3068 = EDGE_LOOP ( 'NONE', ( #1526, #2811, #2595, #6983 ) ) ;
#3069 = CARTESIAN_POINT ( 'NONE',  ( 1.000000000000001332, 1.870000000000000107, -1.399999999999997247 ) ) ;
#3070 = CARTESIAN_POINT ( 'NONE',  ( 0.9050000000000008038, 1.025655255171287195E-13, -2.800000000000002931 ) ) ;
#3071 = ORIENTED_EDGE ( 'NONE', *, *, #232, .T. ) ;
#3072 = DIRECTION ( 'NONE',  ( 0.000000000000000000, -1.000000000000000000, 0.000000000000000000 ) ) ;
#3073 = ADVANCED_FACE ( 'NONE', ( #5931 ), #433, .F. ) ;
#3074 = ORIENTED_EDGE ( 'NONE', *, *, #4768, .F. ) ;
#3075 = CARTESIAN_POINT ( 'NONE',  ( 1.600000000000001421, 1.760000000000000009, 1.650000000000002798 ) ) ;
#3076 = ORIENTED_EDGE ( 'NONE', *, *, #1984, .F. ) ;
#3077 = CARTESIAN_POINT ( 'NONE',  ( -2.284999999999998810, 1.870000000000000107, 0.05000000000000316691 ) ) ;
#3078 = AXIS2_PLACEMENT_3D ( 'NONE', #3161, #5278, #501 ) ;
#3079 = DIRECTION ( 'NONE',  ( -1.000000000000000000, 0.000000000000000000, 0.000000000000000000 ) ) ;
#3080 = VERTEX_POINT ( 'NONE', #362 ) ;
#3081 = ADVANCED_FACE ( 'NONE', ( #1009 ), #2020, .F. ) ;
#3082 = VECTOR ( 'NONE', #704, 1000.000000000000000 ) ;
#3083 = EDGE_LOOP ( 'NONE', ( #6581, #3274, #749, #2852, #757, #4722, #5812, #703 ) ) ;
#3084 = DIRECTION ( 'NONE',  ( -1.000000000000000000, 0.000000000000000000, 0.000000000000000000 ) ) ;
#3085 = VECTOR ( 'NONE', #2220, 1000.000000000000000 ) ;
#3086 = CARTESIAN_POINT ( 'NONE',  ( 1.301042606982605321E-15, 1.340000000000000080, 0.07500000000000300870 ) ) ;
#3087 = FACE_OUTER_BOUND ( 'NONE', #819, .T. ) ;
#3088 = AXIS2_PLACEMENT_3D ( 'NONE', #3461, #5649, #3849 ) ;
#3089 = VECTOR ( 'NONE', #2441, 1000.000000000000000 ) ;
#3090 = CARTESIAN_POINT ( 'NONE',  ( -0.09499999999999916844, 0.3211003463129999402, -2.300000000000228084 ) ) ;
#3091 = ADVANCED_FACE ( 'NONE', ( #1616 ), #2553, .F. ) ;
#3092 = PLANE ( 'NONE',  #1839 ) ;
#3093 = VERTEX_POINT ( 'NONE', #400 ) ;
#3094 = VECTOR ( 'NONE', #1333, 1000.000000000000000 ) ;
#3095 = VECTOR ( 'NONE', #5937, 1000.000000000000000 ) ;
#3096 = CARTESIAN_POINT ( 'NONE',  ( 1.095000000000001306, 0.1373467578910001763, -1.989999999999996882 ) ) ;
#3097 = DIRECTION ( 'NONE',  ( 0.000000000000000000, 3.523657060577880339E-15, 1.000000000000000000 ) ) ;
#3098 = DIRECTION ( 'NONE',  ( -0.000000000000000000, -0.000000000000000000, 1.000000000000000000 ) ) ;
#3099 = ADVANCED_FACE ( 'NONE', ( #4782 ), #2587, .T. ) ;
#3100 = ORIENTED_EDGE ( 'NONE', *, *, #5410, .F. ) ;
#3101 = DIRECTION ( 'NONE',  ( 0.000000000000000000, 0.000000000000000000, -1.000000000000000000 ) ) ;
#3102 = ORIENTED_EDGE ( 'NONE', *, *, #1933, .F. ) ;
#3103 = DIRECTION ( 'NONE',  ( 0.000000000000000000, 0.000000000000000000, -1.000000000000000000 ) ) ;
#3104 = ORIENTED_EDGE ( 'NONE', *, *, #401, .T. ) ;
#3105 = DIRECTION ( 'NONE',  ( 0.000000000000000000, -0.9986295347545789403, 0.05233595624284891057 ) ) ;
#3106 = CARTESIAN_POINT ( 'NONE',  ( 1.301042606982605321E-15, 0.1600000000000001976, 2.100000000000002753 ) ) ;
#3107 = CARTESIAN_POINT ( 'NONE',  ( 1.105000000000001315, 0.05000000000000012768, 2.602085213965210642E-15 ) ) ;
#3108 = EDGE_CURVE ( 'NONE', #4412, #6734, #4817, .T. ) ;
#3109 = VERTEX_POINT ( 'NONE', #3349 ) ;
#3110 = CARTESIAN_POINT ( 'NONE',  ( 1.301042606982605321E-15, 1.870000000000000107, -2.099999999999997868 ) ) ;
#3111 = VERTEX_POINT ( 'NONE', #3847 ) ;
#3112 = DIRECTION ( 'NONE',  ( 1.000000000000000000, -0.000000000000000000, -0.000000000000000000 ) ) ;
#3113 = ORIENTED_EDGE ( 'NONE', *, *, #6657, .T. ) ;
#3114 = DIRECTION ( 'NONE',  ( -0.000000000000000000, 1.000000000000000000, -0.000000000000000000 ) ) ;
#3115 = DIRECTION ( 'NONE',  ( 0.000000000000000000, -0.9985927540074335251, 0.05303311836814177116 ) ) ;
#3116 = EDGE_CURVE ( 'NONE', #4354, #3109, #4956, .T. ) ;
#3117 = DIRECTION ( 'NONE',  ( 1.000000000000000000, -0.000000000000000000, -0.000000000000000000 ) ) ;
#3118 = AXIS2_PLACEMENT_3D ( 'NONE', #5709, #5134, #6829 ) ;
#3119 = ORIENTED_EDGE ( 'NONE', *, *, #1149, .T. ) ;
#3120 = VERTEX_POINT ( 'NONE', #2265 ) ;
#3121 = DIRECTION ( 'NONE',  ( -1.000000000000000000, 0.000000000000000000, 0.000000000000000000 ) ) ;
#3122 = CARTESIAN_POINT ( 'NONE',  ( -1.104999999999998428, 1.770000000000000018, -1.399999999999997247 ) ) ;
#3123 = VECTOR ( 'NONE', #6025, 1000.000000000000000 ) ;
#3124 = DIRECTION ( 'NONE',  ( 0.000000000000000000, -0.9986295347545789403, 0.05233595624284891057 ) ) ;
#3125 = EDGE_CURVE ( 'NONE', #5564, #1809, #2726, .T. ) ;
#3126 = EDGE_CURVE ( 'NONE', #1990, #5503, #2157, .T. ) ;
#3127 = DIRECTION ( 'NONE',  ( 0.000000000000000000, 0.000000000000000000, -1.000000000000000000 ) ) ;
#3128 = AXIS2_PLACEMENT_3D ( 'NONE', #93, #1827, #1215 ) ;
#3129 = CARTESIAN_POINT ( 'NONE',  ( -0.9049999999999986944, 0.1373467578910001763, -2.089999999999997193 ) ) ;
#3130 = EDGE_LOOP ( 'NONE', ( #3783, #7003, #1718, #480 ) ) ;
#3131 = DIRECTION ( 'NONE',  ( 0.000000000000000000, 0.000000000000000000, 1.000000000000000000 ) ) ;
#3132 = CARTESIAN_POINT ( 'NONE',  ( 1.301042606982605321E-15, 0.6708695652173880530, 1.200000000000011280 ) ) ;
#3133 = LINE ( 'NONE', #5323, #6365 ) ;
#3134 =( LENGTH_UNIT ( ) NAMED_UNIT ( * ) SI_UNIT ( .MILLI., .METRE. ) );
#3135 = VECTOR ( 'NONE', #3112, 1000.000000000000000 ) ;
#3136 = ADVANCED_FACE ( 'NONE', ( #5571 ), #2231, .F. ) ;
#3137 = CARTESIAN_POINT ( 'NONE',  ( 1.314432617520000957, 0.05000000000000012768, 2.602085213965210642E-15 ) ) ;
#3138 = ORIENTED_EDGE ( 'NONE', *, *, #4087, .F. ) ;
#3139 = CARTESIAN_POINT ( 'NONE',  ( -3.199999999999998845, 0.9600000000000001865, -2.099999999999997868 ) ) ;
#3140 = VECTOR ( 'NONE', #6697, 1000.000000000000000 ) ;
#3141 = ORIENTED_EDGE ( 'NONE', *, *, #6077, .T. ) ;
#3142 = DIRECTION ( 'NONE',  ( -1.000000000000000000, 0.000000000000000000, 0.000000000000000000 ) ) ;
#3143 = ORIENTED_EDGE ( 'NONE', *, *, #6504, .F. ) ;
#3144 = DIRECTION ( 'NONE',  ( 1.000000000000000000, 0.000000000000000000, -0.000000000000000000 ) ) ;
#3145 = EDGE_CURVE ( 'NONE', #3328, #6754, #108, .T. ) ;
#3146 = AXIS2_PLACEMENT_3D ( 'NONE', #5106, #1297, #5850 ) ;
#3147 = DIRECTION ( 'NONE',  ( 0.000000000000000000, 0.000000000000000000, 1.000000000000000000 ) ) ;
#3148 = VERTEX_POINT ( 'NONE', #71 ) ;
#3149 = DIRECTION ( 'NONE',  ( 0.000000000000000000, -0.4061384660533919333, 0.9138115486202819104 ) ) ;
#3150 = ORIENTED_EDGE ( 'NONE', *, *, #813, .F. ) ;
#3151 = CARTESIAN_POINT ( 'NONE',  ( -0.3949999999999986300, 0.9600000000000001865, -2.099999999999997868 ) ) ;
#3152 = AXIS2_PLACEMENT_3D ( 'NONE', #3428, #1810, #3997 ) ;
#3153 = ORIENTED_EDGE ( 'NONE', *, *, #3310, .T. ) ;
#3154 = CARTESIAN_POINT ( 'NONE',  ( -0.1049999999999987610, 1.870000000000000107, -1.399999999999997247 ) ) ;
#3155 = ADVANCED_FACE ( 'NONE', ( #4421 ), #6654, .T. ) ;
#3156 = CARTESIAN_POINT ( 'NONE',  ( -0.9049999999999986944, 1.620000000000000551, -2.099999999999997868 ) ) ;
#3157 = VECTOR ( 'NONE', #5693, 1000.000000000000000 ) ;
#3158 = DIRECTION ( 'NONE',  ( 0.000000000000000000, -1.000000000000000000, 0.000000000000000000 ) ) ;
#3159 = ORIENTED_EDGE ( 'NONE', *, *, #3777, .F. ) ;
#3160 = ORIENTED_EDGE ( 'NONE', *, *, #6066, .T. ) ;
#3161 = CARTESIAN_POINT ( 'NONE',  ( 1.301042606982605321E-15, 1.670000000000000151, -1.749999999999997113 ) ) ;
#3162 = LINE ( 'NONE', #4778, #4385 ) ;
#3163 = LINE ( 'NONE', #4708, #1745 ) ;
#3164 = LINE ( 'NONE', #3662, #1497 ) ;
#3165 = CARTESIAN_POINT ( 'NONE',  ( 1.301042606982605321E-15, 1.870000000000000107, -2.099999999999997868 ) ) ;
#3166 = EDGE_CURVE ( 'NONE', #2630, #3295, #4494, .T. ) ;
#3167 = ADVANCED_FACE ( 'NONE', ( #3388 ), #6619, .T. ) ;
#3168 = ORIENTED_EDGE ( 'NONE', *, *, #2149, .F. ) ;
#3169 = CARTESIAN_POINT ( 'NONE',  ( -0.6049999999999987610, 0.05000000000000012768, 2.602085213965210642E-15 ) ) ;
#3170 = DIRECTION ( 'NONE',  ( 0.000000000000000000, -0.4226182617285969556, 0.9063077870422934224 ) ) ;
#3171 = FACE_OUTER_BOUND ( 'NONE', #2593, .T. ) ;
#3172 = CARTESIAN_POINT ( 'NONE',  ( 3.150000000000151346, 0.000000000000000000, -1.139999999999997460 ) ) ;
#3173 = EDGE_LOOP ( 'NONE', ( #1273, #1410, #3914, #983 ) ) ;
#3174 = FACE_OUTER_BOUND ( 'NONE', #6934, .T. ) ;
#3175 = EDGE_CURVE ( 'NONE', #5319, #176, #1083, .T. ) ;
#3176 = EDGE_CURVE ( 'NONE', #57, #3250, #1148, .T. ) ;
#3177 = VERTEX_POINT ( 'NONE', #6113 ) ;
#3178 = LINE ( 'NONE', #4791, #3594 ) ;
#3179 = VERTEX_POINT ( 'NONE', #5534 ) ;
#3180 = DIRECTION ( 'NONE',  ( 0.000000000000000000, 0.000000000000000000, 1.000000000000000000 ) ) ;
#3181 = LINE ( 'NONE', #6595, #1555 ) ;
#3182 = CARTESIAN_POINT ( 'NONE',  ( -1.599999999999998090, 0.05000000000000012768, 2.602085213965210642E-15 ) ) ;
#3183 = ORIENTED_EDGE ( 'NONE', *, *, #3125, .T. ) ;
#3184 = PLANE ( 'NONE',  #328 ) ;
#3185 = ADVANCED_FACE ( 'NONE', ( #615 ), #4922, .F. ) ;
#3186 = VERTEX_POINT ( 'NONE', #541 ) ;
#3187 = DIRECTION ( 'NONE',  ( -1.000000000000000000, 0.000000000000000000, 0.000000000000000000 ) ) ;
#3188 = VERTEX_POINT ( 'NONE', #3279 ) ;
#3189 = LINE ( 'NONE', #4262, #853 ) ;
#3190 = LINE ( 'NONE', #3688, #1050 ) ;
#3191 = DIRECTION ( 'NONE',  ( 0.000000000000000000, -1.000000000000000000, 0.000000000000000000 ) ) ;
#3192 = ORIENTED_EDGE ( 'NONE', *, *, #4267, .T. ) ;
#3193 = EDGE_CURVE ( 'NONE', #6713, #5087, #1114, .T. ) ;
#3194 = VERTEX_POINT ( 'NONE', #2191 ) ;
#3195 = DIRECTION ( 'NONE',  ( -1.000000000000000000, 0.000000000000000000, 0.000000000000000000 ) ) ;
#3196 = PLANE ( 'NONE',  #489 ) ;
#3197 = DIRECTION ( 'NONE',  ( -0.000000000000000000, -0.000000000000000000, -1.000000000000000000 ) ) ;
#3198 = VECTOR ( 'NONE', #692, 1000.000000000000000 ) ;
#3199 = AXIS2_PLACEMENT_3D ( 'NONE', #4759, #1454, #6716 ) ;
#3200 = FACE_OUTER_BOUND ( 'NONE', #5807, .T. ) ;
#3201 = ADVANCED_FACE ( 'NONE', ( #1774 ), #3420, .T. ) ;
#3202 = DIRECTION ( 'NONE',  ( 0.000000000000000000, 3.523657060577880339E-15, 1.000000000000000000 ) ) ;
#3203 = ORIENTED_EDGE ( 'NONE', *, *, #1588, .F. ) ;
#3204 = CARTESIAN_POINT ( 'NONE',  ( -1.369999999999998774, 0.1650000000000000078, 0.05000000000000316691 ) ) ;
#3205 = VECTOR ( 'NONE', #711, 1000.000000000000000 ) ;
#3206 = CARTESIAN_POINT ( 'NONE',  ( 3.847216308760101455, 0.1000000000000000472, -1.239999999999997549 ) ) ;
#3207 = VECTOR ( 'NONE', #2978, 1000.000000000000000 ) ;
#3208 = EDGE_CURVE ( 'NONE', #2436, #1599, #1659, .T. ) ;
#3209 = DIRECTION ( 'NONE',  ( 1.000000000000000000, 0.000000000000000000, 0.000000000000000000 ) ) ;
#3210 = VECTOR ( 'NONE', #4387, 1000.000000000000000 ) ;
#3211 = VECTOR ( 'NONE', #2671, 1000.000000000000000 ) ;
#3212 = DIRECTION ( 'NONE',  ( 0.000000000000000000, 0.000000000000000000, -1.000000000000000000 ) ) ;
#3213 = VERTEX_POINT ( 'NONE', #5604 ) ;
#3214 = LINE ( 'NONE', #375, #4167 ) ;
#3215 = ORIENTED_EDGE ( 'NONE', *, *, #1459, .F. ) ;
#3216 = DIRECTION ( 'NONE',  ( -1.000000000000000000, -0.000000000000000000, 0.000000000000000000 ) ) ;
#3217 = DIRECTION ( 'NONE',  ( 0.000000000000000000, -1.000000000000000000, 0.000000000000000000 ) ) ;
#3218 = VECTOR ( 'NONE', #3960, 1000.000000000000000 ) ;
#3219 = EDGE_CURVE ( 'NONE', #1627, #3964, #1803, .T. ) ;
#3220 = EDGE_CURVE ( 'NONE', #4869, #4191, #3459, .T. ) ;
#3221 = FACE_OUTER_BOUND ( 'NONE', #4473, .T. ) ;
#3222 = ORIENTED_EDGE ( 'NONE', *, *, #1150, .T. ) ;
#3223 = DIRECTION ( 'NONE',  ( -1.000000000000000000, 0.000000000000000000, 0.000000000000000000 ) ) ;
#3224 = ORIENTED_EDGE ( 'NONE', *, *, #6111, .T. ) ;
#3225 = LINE ( 'NONE', #960, #6114 ) ;
#3226 = ORIENTED_EDGE ( 'NONE', *, *, #7126, .F. ) ;
#3227 = DIRECTION ( 'NONE',  ( -0.000000000000000000, -0.000000000000000000, 1.000000000000000000 ) ) ;
#3228 = LINE ( 'NONE', #3758, #3351 ) ;
#3229 = EDGE_CURVE ( 'NONE', #3366, #2396, #4605, .T. ) ;
#3230 = CARTESIAN_POINT ( 'NONE',  ( 0.8950000000000012390, 0.2500000000000000000, -1.749999999999997113 ) ) ;
#3231 = ORIENTED_EDGE ( 'NONE', *, *, #1467, .T. ) ;
#3232 = ORIENTED_EDGE ( 'NONE', *, *, #4311, .F. ) ;
#3233 = DIRECTION ( 'NONE',  ( 0.000000000000000000, 0.000000000000000000, 1.000000000000000000 ) ) ;
#3234 = CARTESIAN_POINT ( 'NONE',  ( 0.3950000000000012390, 0.2500000000000000000, -1.749999999999997113 ) ) ;
#3235 = CARTESIAN_POINT ( 'NONE',  ( -0.4999999999999987232, 1.395000000000000240, -2.199999999999997069 ) ) ;
#3236 = AXIS2_PLACEMENT_3D ( 'NONE', #4743, #6944, #6505 ) ;
#3237 = EDGE_CURVE ( 'NONE', #3382, #3177, #4675, .T. ) ;
#3238 = LINE ( 'NONE', #4341, #4594 ) ;
#3239 = AXIS2_PLACEMENT_3D ( 'NONE', #5529, #5104, #6686 ) ;
#3240 = ORIENTED_EDGE ( 'NONE', *, *, #5702, .F. ) ;
#3241 = CARTESIAN_POINT ( 'NONE',  ( 3.850000000000151523, 0.000000000000000000, -1.139999999999997460 ) ) ;
#3242 = LINE ( 'NONE', #5424, #3028 ) ;
#3243 = DIRECTION ( 'NONE',  ( -1.000000000000000000, 0.000000000000000000, 0.000000000000000000 ) ) ;
#3244 = EDGE_CURVE ( 'NONE', #5444, #5772, #794, .T. ) ;
#3245 = VECTOR ( 'NONE', #357, 1000.000000000000000 ) ;
#3246 = DIRECTION ( 'NONE',  ( -0.000000000000000000, 1.000000000000000000, -0.000000000000000000 ) ) ;
#3247 = DIRECTION ( 'NONE',  ( 0.000000000000000000, -1.000000000000000000, 0.000000000000000000 ) ) ;
#3248 = VERTEX_POINT ( 'NONE', #833 ) ;
#3249 = DIRECTION ( 'NONE',  ( -1.000000000000000000, 0.000000000000000000, 0.000000000000000000 ) ) ;
#3250 = VERTEX_POINT ( 'NONE', #3527 ) ;
#3251 = DIRECTION ( 'NONE',  ( -1.000000000000000000, 0.000000000000000000, 0.000000000000000000 ) ) ;
#3252 = DIRECTION ( 'NONE',  ( 0.000000000000000000, -1.000000000000000000, 0.000000000000000000 ) ) ;
#3253 = DIRECTION ( 'NONE',  ( 0.000000000000000000, -1.000000000000000000, 0.000000000000000000 ) ) ;
#3254 = VECTOR ( 'NONE', #3059, 1000.000000000000000 ) ;
#3255 = ORIENTED_EDGE ( 'NONE', *, *, #3986, .F. ) ;
#3256 = CARTESIAN_POINT ( 'NONE',  ( -3.199999999999998845, 0.05000000000000012768, 1.370000000000002993 ) ) ;
#3257 = VERTEX_POINT ( 'NONE', #6870 ) ;
#3258 = CARTESIAN_POINT ( 'NONE',  ( 1.301042606982605321E-15, 0.05000000000000012768, -2.099999999999997868 ) ) ;
#3259 = EDGE_CURVE ( 'NONE', #6930, #1065, #2448, .T. ) ;
#3260 = ORIENTED_EDGE ( 'NONE', *, *, #4178, .T. ) ;
#3261 = ADVANCED_FACE ( 'NONE', ( #5718 ), #1298, .F. ) ;
#3262 = DIRECTION ( 'NONE',  ( -0.000000000000000000, 0.4226182617254299889, -0.9063077870437702410 ) ) ;
#3263 = VECTOR ( 'NONE', #1147, 1000.000000000000000 ) ;
#3264 = FACE_OUTER_BOUND ( 'NONE', #3503, .T. ) ;
#3265 = DIRECTION ( 'NONE',  ( -0.000000000000000000, 1.000000000000000000, -0.000000000000000000 ) ) ;
#3266 = ORIENTED_EDGE ( 'NONE', *, *, #2257, .T. ) ;
#3267 = AXIS2_PLACEMENT_3D ( 'NONE', #4587, #1925, #6307 ) ;
#3268 = EDGE_LOOP ( 'NONE', ( #1002, #518, #2140, #2942 ) ) ;
#3269 = DIRECTION ( 'NONE',  ( 0.000000000000000000, 0.000000000000000000, 1.000000000000000000 ) ) ;
#3270 = CARTESIAN_POINT ( 'NONE',  ( 0.4050000000000008593, 0.2500000000000000000, -2.099999999999997868 ) ) ;
#3271 = EDGE_CURVE ( 'NONE', #2238, #1472, #5179, .T. ) ;
#3272 = PLANE ( 'NONE',  #6676 ) ;
#3273 = VECTOR ( 'NONE', #192, 1000.000000000000000 ) ;
#3274 = ORIENTED_EDGE ( 'NONE', *, *, #2504, .F. ) ;
#3275 = VERTEX_POINT ( 'NONE', #5212 ) ;
#3276 = EDGE_CURVE ( 'NONE', #1102, #1072, #727, .T. ) ;
#3277 = ORIENTED_EDGE ( 'NONE', *, *, #2050, .T. ) ;
#3278 = CARTESIAN_POINT ( 'NONE',  ( 1.301042606982605321E-15, 0.9550000000000000711, -0.5999999999999972022 ) ) ;
#3279 = CARTESIAN_POINT ( 'NONE',  ( -0.4049999999999986944, 0.1999999999999998723, -2.799999999999997602 ) ) ;
#3280 = LINE ( 'NONE', #1189, #1018 ) ;
#3281 = CARTESIAN_POINT ( 'NONE',  ( -1.549999999999998490, 1.050000000000000044, 0.9250000000000028200 ) ) ;
#3282 = ORIENTED_EDGE ( 'NONE', *, *, #2475, .F. ) ;
#3283 = CARTESIAN_POINT ( 'NONE',  ( 0.5000000000000013323, 1.770000000000000018, -1.399999999999997247 ) ) ;
#3284 = ORIENTED_EDGE ( 'NONE', *, *, #6141, .F. ) ;
#3285 = FACE_OUTER_BOUND ( 'NONE', #105, .T. ) ;
#3286 = DIRECTION ( 'NONE',  ( -1.000000000000000000, 0.000000000000000000, 0.000000000000000000 ) ) ;
#3287 = CARTESIAN_POINT ( 'NONE',  ( -0.4049999999999986944, 0.2500000000000000000, -1.989999999999996882 ) ) ;
#3288 = ORIENTED_EDGE ( 'NONE', *, *, #4165, .F. ) ;
#3289 = LINE ( 'NONE', #1028, #6996 ) ;
#3290 = ADVANCED_FACE ( 'NONE', ( #6839 ), #4133, .F. ) ;
#3291 = ORIENTED_EDGE ( 'NONE', *, *, #7056, .F. ) ;
#3292 = DIRECTION ( 'NONE',  ( 0.000000000000000000, 0.000000000000000000, 1.000000000000000000 ) ) ;
#3293 = ORIENTED_EDGE ( 'NONE', *, *, #3175, .T. ) ;
#3294 = CARTESIAN_POINT ( 'NONE',  ( -0.4049999999999986944, 0.8099999999999997202, -0.6999999999999970690 ) ) ;
#3295 = VERTEX_POINT ( 'NONE', #4069 ) ;
#3296 = LINE ( 'NONE', #1812, #4497 ) ;
#3297 = ADVANCED_FACE ( 'NONE', ( #6288 ), #4566, .T. ) ;
#3298 = LINE ( 'NONE', #425, #4347 ) ;
#3299 = ORIENTED_EDGE ( 'NONE', *, *, #2339, .T. ) ;
#3300 = ORIENTED_EDGE ( 'NONE', *, *, #4015, .F. ) ;
#3301 = DIRECTION ( 'NONE',  ( 0.000000000000000000, 0.000000000000000000, -1.000000000000000000 ) ) ;
#3302 = FACE_OUTER_BOUND ( 'NONE', #7082, .T. ) ;
#3303 = DIRECTION ( 'NONE',  ( -1.000000000000000000, -0.000000000000000000, 0.000000000000000000 ) ) ;
#3304 = VERTEX_POINT ( 'NONE', #6760 ) ;
#3305 = ORIENTED_EDGE ( 'NONE', *, *, #1501, .F. ) ;
#3306 = ORIENTED_EDGE ( 'NONE', *, *, #3980, .F. ) ;
#3307 = CARTESIAN_POINT ( 'NONE',  ( 0.09500000000000133338, 0.8099999999999997202, -0.6999999999999970690 ) ) ;
#3308 = CARTESIAN_POINT ( 'NONE',  ( -0.9999999999999991118, 0.8020083447045608382, 1.217369128957598301 ) ) ;
#3309 = VECTOR ( 'NONE', #6393, 1000.000000000000114 ) ;
#3310 = EDGE_CURVE ( 'NONE', #2771, #5057, #6727, .T. ) ;
#3311 = CARTESIAN_POINT ( 'NONE',  ( 0.8950000000000012390, 0.2500000000000000000, -2.099999999999997868 ) ) ;
#3312 = DIRECTION ( 'NONE',  ( -0.000000000000000000, 1.000000000000000000, -0.000000000000000000 ) ) ;
#3313 = ORIENTED_EDGE ( 'NONE', *, *, #617, .T. ) ;
#3314 = VECTOR ( 'NONE', #5592, 1000.000000000000000 ) ;
#3315 = AXIS2_PLACEMENT_3D ( 'NONE', #3043, #1894, #6275 ) ;
#3316 = DIRECTION ( 'NONE',  ( -1.000000000000000000, -0.000000000000000000, 0.000000000000000000 ) ) ;
#3317 = ORIENTED_EDGE ( 'NONE', *, *, #6871, .F. ) ;
#3318 = LINE ( 'NONE', #5077, #2468 ) ;
#3319 = DIRECTION ( 'NONE',  ( -1.000000000000000000, 0.000000000000000000, 0.000000000000000000 ) ) ;
#3320 = EDGE_CURVE ( 'NONE', #5919, #1807, #3564, .T. ) ;
#3321 = VECTOR ( 'NONE', #3065, 1000.000000000000000 ) ;
#3322 = VECTOR ( 'NONE', #6201, 1000.000000000000000 ) ;
#3323 = CARTESIAN_POINT ( 'NONE',  ( 0.3950000000000012390, 1.670000000000000151, -1.749999999999997113 ) ) ;
#3324 = ORIENTED_EDGE ( 'NONE', *, *, #3116, .T. ) ;
#3325 = CARTESIAN_POINT ( 'NONE',  ( -0.3949999999999986300, 1.670000000000000151, -1.749999999999997113 ) ) ;
#3326 = VERTEX_POINT ( 'NONE', #2483 ) ;
#3327 = PLANE ( 'NONE',  #2667 ) ;
#3328 = VERTEX_POINT ( 'NONE', #6185 ) ;
#3329 = VECTOR ( 'NONE', #1736, 1000.000000000000000 ) ;
#3330 = DIRECTION ( 'NONE',  ( -0.000000000000000000, -0.000000000000000000, -1.000000000000000000 ) ) ;
#3331 = AXIS2_PLACEMENT_3D ( 'NONE', #23, #2218, #2362 ) ;
#3332 = ORIENTED_EDGE ( 'NONE', *, *, #1287, .F. ) ;
#3333 = EDGE_CURVE ( 'NONE', #3304, #4684, #6326, .T. ) ;
#3334 = CARTESIAN_POINT ( 'NONE',  ( 0.5950000000000013056, 0.8099999999999997202, -0.6999999999999970690 ) ) ;
#3335 = ORIENTED_EDGE ( 'NONE', *, *, #3320, .F. ) ;
#3336 = CARTESIAN_POINT ( 'NONE',  ( 0.9050000000000008038, 1.620000000000001661, -2.100000000000000977 ) ) ;
#3337 = VERTEX_POINT ( 'NONE', #3595 ) ;
#3338 = LINE ( 'NONE', #3910, #4690 ) ;
#3339 = PLANE ( 'NONE',  #3359 ) ;
#3340 = LINE ( 'NONE', #7121, #5761 ) ;
#3341 = ORIENTED_EDGE ( 'NONE', *, *, #1493, .F. ) ;
#3342 = ORIENTED_EDGE ( 'NONE', *, *, #3775, .F. ) ;
#3343 = LINE ( 'NONE', #685, #5766 ) ;
#3344 = ORIENTED_EDGE ( 'NONE', *, *, #7088, .F. ) ;
#3345 = CARTESIAN_POINT ( 'NONE',  ( 0.9050000000000008038, 0.8099999999999997202, -1.989999999999996882 ) ) ;
#3346 = EDGE_CURVE ( 'NONE', #6957, #2317, #5793, .T. ) ;
#3347 = VECTOR ( 'NONE', #2690, 1000.000000000000000 ) ;
#3348 = EDGE_CURVE ( 'NONE', #3382, #5919, #3991, .T. ) ;
#3349 = CARTESIAN_POINT ( 'NONE',  ( -0.4049999999999986944, 0.03748380441565956483, -2.084766404375725468 ) ) ;
#3350 = CARTESIAN_POINT ( 'NONE',  ( -1.094999999999998863, 0.03748380441565956483, -2.084766404375729021 ) ) ;
#3351 = VECTOR ( 'NONE', #1608, 1000.000000000000000 ) ;
#3352 = CARTESIAN_POINT ( 'NONE',  ( 0.3950000000000012390, 1.770000000000000018, -1.749999999999997113 ) ) ;
#3353 = EDGE_LOOP ( 'NONE', ( #3730, #760, #782, #6138 ) ) ;
#3354 = CARTESIAN_POINT ( 'NONE',  ( 2.285000000000001474, 0.2800000000000000822, -1.024999999999997247 ) ) ;
#3355 = ORIENTED_EDGE ( 'NONE', *, *, #6730, .T. ) ;
#3356 = EDGE_CURVE ( 'NONE', #4908, #2855, #6223, .T. ) ;
#3357 = DIRECTION ( 'NONE',  ( 0.000000000000000000, -0.02173399540922035106, 0.9997637888239161441 ) ) ;
#3358 = DIRECTION ( 'NONE',  ( -1.000000000000000000, 0.000000000000000000, 0.000000000000000000 ) ) ;
#3359 = AXIS2_PLACEMENT_3D ( 'NONE', #5523, #605, #3412 ) ;
#3360 = LINE ( 'NONE', #6048, #1607 ) ;
#3361 = ORIENTED_EDGE ( 'NONE', *, *, #3870, .F. ) ;
#3362 = DIRECTION ( 'NONE',  ( 0.000000000000000000, 0.000000000000000000, 1.000000000000000000 ) ) ;
#3363 = VECTOR ( 'NONE', #5360, 1000.000000000000000 ) ;
#3364 = VERTEX_POINT ( 'NONE', #4166 ) ;
#3365 = CARTESIAN_POINT ( 'NONE',  ( 1.500000000000001554, 0.05000000000000012768, 2.602085213965210642E-15 ) ) ;
#3366 = VERTEX_POINT ( 'NONE', #1441 ) ;
#3367 = EDGE_CURVE ( 'NONE', #3109, #346, #4043, .T. ) ;
#3368 = PLANE ( 'NONE',  #6357 ) ;
#3369 = VERTEX_POINT ( 'NONE', #322 ) ;
#3370 = VECTOR ( 'NONE', #5320, 1000.000000000000000 ) ;
#3371 = LINE ( 'NONE', #5555, #4005 ) ;
#3372 = VERTEX_POINT ( 'NONE', #6979 ) ;
#3373 = DIRECTION ( 'NONE',  ( -1.000000000000000000, 0.000000000000000000, 0.000000000000000000 ) ) ;
#3374 = ORIENTED_EDGE ( 'NONE', *, *, #2300, .T. ) ;
#3375 = DIRECTION ( 'NONE',  ( -0.000000000000000000, 1.000000000000000000, -0.000000000000000000 ) ) ;
#3376 = DIRECTION ( 'NONE',  ( 0.000000000000000000, 0.000000000000000000, -1.000000000000000000 ) ) ;
#3377 = VECTOR ( 'NONE', #2992, 1000.000000000000000 ) ;
#3378 = EDGE_CURVE ( 'NONE', #3250, #446, #2120, .T. ) ;
#3379 = CARTESIAN_POINT ( 'NONE',  ( -0.3949999999999986300, 0.2500000000000000000, -1.399999999999997247 ) ) ;
#3380 = VECTOR ( 'NONE', #3757, 1000.000000000000000 ) ;
#3381 = EDGE_LOOP ( 'NONE', ( #15, #5209, #4839, #6918 ) ) ;
#3382 = VERTEX_POINT ( 'NONE', #2087 ) ;
#3383 = ORIENTED_EDGE ( 'NONE', *, *, #4838, .F. ) ;
#3384 = LINE ( 'NONE', #3954, #2774 ) ;
#3385 = VERTEX_POINT ( 'NONE', #4309 ) ;
#3386 = CARTESIAN_POINT ( 'NONE',  ( -1.514432617519998248, 0.2800000000000000822, -1.024999999999997247 ) ) ;
#3387 = AXIS2_PLACEMENT_3D ( 'NONE', #6122, #3396, #5578 ) ;
#3388 = FACE_OUTER_BOUND ( 'NONE', #4705, .T. ) ;
#3389 = ADVANCED_FACE ( 'NONE', ( #2049 ), #5960, .F. ) ;
#3390 = LINE ( 'NONE', #5070, #4116 ) ;
#3391 = AXIS2_PLACEMENT_3D ( 'NONE', #6489, #1566, #3750 ) ;
#3392 = CARTESIAN_POINT ( 'NONE',  ( -0.5949999999999991962, 0.8099999999999997202, -2.299999999999987832 ) ) ;
#3393 = ORIENTED_EDGE ( 'NONE', *, *, #12, .F. ) ;
#3394 = LINE ( 'NONE', #4963, #6468 ) ;
#3395 = ORIENTED_EDGE ( 'NONE', *, *, #4447, .T. ) ;
#3396 = DIRECTION ( 'NONE',  ( 0.000000000000000000, -0.9986295347545789403, 0.05233595624284891057 ) ) ;
#3397 = CARTESIAN_POINT ( 'NONE',  ( 1.301042606982605321E-15, 0.6850000000000000533, 0.5500000000000024869 ) ) ;
#3398 = EDGE_CURVE ( 'NONE', #1920, #1625, #5383, .T. ) ;
#3399 = DIRECTION ( 'NONE',  ( 1.000000000000000000, 0.000000000000000000, -0.000000000000000000 ) ) ;
#3400 = EDGE_CURVE ( 'NONE', #2270, #3328, #1549, .T. ) ;
#3401 = ORIENTED_EDGE ( 'NONE', *, *, #7049, .T. ) ;
#3402 = LINE ( 'NONE', #6668, #905 ) ;
#3403 = EDGE_LOOP ( 'NONE', ( #6647, #1196, #2946, #2649 ) ) ;
#3404 = CARTESIAN_POINT ( 'NONE',  ( 0.3995932708590012039, 0.1373467578910001763, -2.089999999999997193 ) ) ;
#3405 = ORIENTED_EDGE ( 'NONE', *, *, #6517, .F. ) ;
#3406 = DIRECTION ( 'NONE',  ( -0.000000000000000000, -0.000000000000000000, -1.000000000000000000 ) ) ;
#3407 = CARTESIAN_POINT ( 'NONE',  ( -0.9049999999999986944, 0.6671189302731397319, 1.372529207435400744 ) ) ;
#3408 = ORIENTED_EDGE ( 'NONE', *, *, #1351, .F. ) ;
#3409 = CARTESIAN_POINT ( 'NONE',  ( -0.4049999999999986944, 0.7926488764353972760, 1.237440573434730684 ) ) ;
#3410 = ORIENTED_EDGE ( 'NONE', *, *, #688, .T. ) ;
#3411 = DIRECTION ( 'NONE',  ( 0.000000000000000000, -1.000000000000000000, 0.000000000000000000 ) ) ;
#3412 = DIRECTION ( 'NONE',  ( 0.000000000000000000, 0.000000000000000000, 1.000000000000000000 ) ) ;
#3413 = CARTESIAN_POINT ( 'NONE',  ( -1.499999999999998668, 0.6708695652172911306, 1.200000000000008171 ) ) ;
#3414 = EDGE_CURVE ( 'NONE', #924, #6674, #4779, .T. ) ;
#3415 = ORIENTED_EDGE ( 'NONE', *, *, #938, .F. ) ;
#3416 = ORIENTED_EDGE ( 'NONE', *, *, #1582, .T. ) ;
#3417 = LINE ( 'NONE', #723, #5881 ) ;
#3418 = ORIENTED_EDGE ( 'NONE', *, *, #5410, .T. ) ;
#3419 = DIRECTION ( 'NONE',  ( 0.000000000000000000, 0.000000000000000000, 1.000000000000000000 ) ) ;
#3420 = PLANE ( 'NONE',  #5745 ) ;
#3421 = APPLICATION_CONTEXT ( 'automotive_design' ) ;
#3422 = ADVANCED_FACE ( 'NONE', ( #4273 ), #2512, .F. ) ;
#3423 = CARTESIAN_POINT ( 'NONE',  ( 0.9050000000000008038, 0.3211003463129999402, -2.399999999999998579 ) ) ;
#3424 = DIRECTION ( 'NONE',  ( 1.000000000000000000, -0.000000000000000000, -0.000000000000000000 ) ) ;
#3425 = ORIENTED_EDGE ( 'NONE', *, *, #5471, .F. ) ;
#3426 = CARTESIAN_POINT ( 'NONE',  ( 1.600000000000001421, 1.050000000000000044, 1.370000000000002993 ) ) ;
#3427 = ORIENTED_EDGE ( 'NONE', *, *, #4488, .T. ) ;
#3428 = CARTESIAN_POINT ( 'NONE',  ( -0.9999999999999991118, 0.7973286105690000625, 1.227404851197802849 ) ) ;
#3429 = EDGE_CURVE ( 'NONE', #1399, #6758, #3163, .T. ) ;
#3430 = DIRECTION ( 'NONE',  ( 1.000000000000000000, 0.000000000000000000, -0.000000000000000000 ) ) ;
#3431 = PLANE ( 'NONE',  #21 ) ;
#3432 = CARTESIAN_POINT ( 'NONE',  ( 0.5000000000000013323, 0.2500000000000000000, -1.399999999999997247 ) ) ;
#3433 = VECTOR ( 'NONE', #1500, 1000.000000000000000 ) ;
#3434 = AXIS2_PLACEMENT_3D ( 'NONE', #1512, #3084, #5859 ) ;
#3435 = ORIENTED_EDGE ( 'NONE', *, *, #3452, .T. ) ;
#3436 = DIRECTION ( 'NONE',  ( 0.000000000000000000, -1.000000000000000000, 0.000000000000000000 ) ) ;
#3437 = EDGE_LOOP ( 'NONE', ( #3592, #776, #5476, #2842, #4584, #2632 ) ) ;
#3438 = DIRECTION ( 'NONE',  ( -1.000000000000000000, 0.000000000000000000, 0.000000000000000000 ) ) ;
#3439 = ORIENTED_EDGE ( 'NONE', *, *, #3271, .T. ) ;
#3440 = LINE ( 'NONE', #2934, #4291 ) ;
#3441 = EDGE_CURVE ( 'NONE', #6637, #3052, #5861, .T. ) ;
#3442 = EDGE_CURVE ( 'NONE', #1290, #209, #7018, .T. ) ;
#3443 = VECTOR ( 'NONE', #544, 1000.000000000000000 ) ;
#3444 = AXIS2_PLACEMENT_3D ( 'NONE', #248, #5308, #3589 ) ;
#3445 = LINE ( 'NONE', #4553, #5381 ) ;
#3446 = ORIENTED_EDGE ( 'NONE', *, *, #6094, .F. ) ;
#3447 = CARTESIAN_POINT ( 'NONE',  ( 1.500000000000001554, 0.3550000000000002598, 2.100000000000002753 ) ) ;
#3448 = VECTOR ( 'NONE', #1840, 1000.000000000000000 ) ;
#3449 = EDGE_LOOP ( 'NONE', ( #6911, #657, #1519, #5552 ) ) ;
#3450 = VECTOR ( 'NONE', #4655, 1000.000000000000227 ) ;
#3451 = CARTESIAN_POINT ( 'NONE',  ( -4.000000000000000000, 1.659999999999999920, 0.7000000000000029532 ) ) ;
#3452 = EDGE_CURVE ( 'NONE', #3186, #1903, #899, .T. ) ;
#3453 = LINE ( 'NONE', #284, #16 ) ;
#3454 = ORIENTED_EDGE ( 'NONE', *, *, #6544, .T. ) ;
#3455 = VERTEX_POINT ( 'NONE', #4852 ) ;
#3456 = DIRECTION ( 'NONE',  ( 0.000000000000000000, -1.000000000000000000, 0.000000000000000000 ) ) ;
#3457 = ORIENTED_EDGE ( 'NONE', *, *, #2225, .T. ) ;
#3458 = CARTESIAN_POINT ( 'NONE',  ( 0.09500000000000133338, 1.710871028182125997E-13, -2.800000000000002043 ) ) ;
#3459 = LINE ( 'NONE', #2338, #3563 ) ;
#3460 = PLANE ( 'NONE',  #5051 ) ;
#3461 = CARTESIAN_POINT ( 'NONE',  ( 0.9050000000000008038, 0.8099999999999997202, -0.6999999999999970690 ) ) ;
#3462 = CARTESIAN_POINT ( 'NONE',  ( 1.314432617520000957, 0.05000000000000012768, -0.1899999999999970324 ) ) ;
#3463 = VERTEX_POINT ( 'NONE', #5246 ) ;
#3464 = ADVANCED_FACE ( 'NONE', ( #3087 ), #358, .F. ) ;
#3465 = LINE ( 'NONE', #6771, #6014 ) ;
#3466 = CYLINDRICAL_SURFACE ( 'NONE', #4078, 0.09999999999953015917 ) ;
#3467 = CARTESIAN_POINT ( 'NONE',  ( 1.370000000000001439, 1.870000000000000107, -0.3649999999999968270 ) ) ;
#3468 = VECTOR ( 'NONE', #6176, 1000.000000000000000 ) ;
#3469 = LINE ( 'NONE', #80, #3558 ) ;
#3470 = ORIENTED_EDGE ( 'NONE', *, *, #1533, .F. ) ;
#3471 = CARTESIAN_POINT ( 'NONE',  ( 0.6050000000000013145, 1.770000000000000018, -1.399999999999997247 ) ) ;
#3472 = VERTEX_POINT ( 'NONE', #1580 ) ;
#3473 = CARTESIAN_POINT ( 'NONE',  ( -2.284999999999998810, 1.640000000000000124, -0.1899999999999970324 ) ) ;
#3474 = ORIENTED_EDGE ( 'NONE', *, *, #4331, .T. ) ;
#3475 = VECTOR ( 'NONE', #2112, 1000.000000000000000 ) ;
#3476 = CARTESIAN_POINT ( 'NONE',  ( 0.3950000000000012390, 1.670000000000000151, -2.099999999999997868 ) ) ;
#3477 = DIRECTION ( 'NONE',  ( -0.000000000000000000, 0.02173399540922035106, -0.9997637888239161441 ) ) ;
#3478 = VECTOR ( 'NONE', #26, 1000.000000000000000 ) ;
#3479 = ORIENTED_EDGE ( 'NONE', *, *, #2592, .T. ) ;
#3480 = FACE_OUTER_BOUND ( 'NONE', #364, .T. ) ;
#3481 = ADVANCED_FACE ( 'NONE', ( #4199 ), #1476, .F. ) ;
#3482 = EDGE_CURVE ( 'NONE', #575, #4470, #973, .T. ) ;
#3483 = ORIENTED_EDGE ( 'NONE', *, *, #6325, .F. ) ;
#3484 = DIRECTION ( 'NONE',  ( 0.000000000000000000, -0.9138115486202620374, -0.4061384660534366198 ) ) ;
#3485 = VECTOR ( 'NONE', #594, 1000.000000000000000 ) ;
#3486 = DIRECTION ( 'NONE',  ( -0.000000000000000000, 1.000000000000000000, -0.000000000000000000 ) ) ;
#3487 = VERTEX_POINT ( 'NONE', #2614 ) ;
#3488 = EDGE_CURVE ( 'NONE', #4783, #5446, #4812, .T. ) ;
#3489 = AXIS2_PLACEMENT_3D ( 'NONE', #1986, #4715, #3170 ) ;
#3490 = EDGE_CURVE ( 'NONE', #65, #5651, #3340, .T. ) ;
#3491 = VERTEX_POINT ( 'NONE', #1614 ) ;
#3492 = ORIENTED_EDGE ( 'NONE', *, *, #462, .T. ) ;
#3493 = DIRECTION ( 'NONE',  ( 1.000000000000000000, -0.000000000000000000, -0.000000000000000000 ) ) ;
#3494 = ORIENTED_EDGE ( 'NONE', *, *, #2225, .F. ) ;
#3495 = DIRECTION ( 'NONE',  ( 0.000000000000000000, 0.000000000000000000, 1.000000000000000000 ) ) ;
#3496 = CARTESIAN_POINT ( 'NONE',  ( 1.301042606982605321E-15, 1.870000000000000107, 1.370000000000002993 ) ) ;
#3497 = AXIS2_PLACEMENT_3D ( 'NONE', #6073, #3808, #3881 ) ;
#3498 = DIRECTION ( 'NONE',  ( 1.000000000000000000, 0.000000000000000000, -0.000000000000000000 ) ) ;
#3499 = EDGE_CURVE ( 'NONE', #1655, #4561, #2258, .T. ) ;
#3500 = DIRECTION ( 'NONE',  ( 0.000000000000000000, 1.626303258735897755E-15, -1.000000000000000000 ) ) ;
#3501 = AXIS2_PLACEMENT_3D ( 'NONE', #735, #6808, #3602 ) ;
#3502 = CARTESIAN_POINT ( 'NONE',  ( -1.514432617519998248, 0.9100000000000000311, -2.089999999999997193 ) ) ;
#3503 = EDGE_LOOP ( 'NONE', ( #1432, #490, #203, #3288 ) ) ;
#3504 = CARTESIAN_POINT ( 'NONE',  ( -2.582216308760998391, 0.1999999999999998723, -1.139999999999997460 ) ) ;
#3505 = CARTESIAN_POINT ( 'NONE',  ( -2.799999999999998490, 0.9600000000000001865, 2.100000000000002753 ) ) ;
#3506 = DIRECTION ( 'NONE',  ( -0.000000000000000000, 1.000000000000000000, -0.000000000000000000 ) ) ;
#3507 = CARTESIAN_POINT ( 'NONE',  ( -0.8949999999999982414, 0.05000000000000012768, -2.099999999999997868 ) ) ;
#3508 = EDGE_CURVE ( 'NONE', #6667, #346, #1688, .T. ) ;
#3509 = ORIENTED_EDGE ( 'NONE', *, *, #1218, .F. ) ;
#3510 = ORIENTED_EDGE ( 'NONE', *, *, #2240, .F. ) ;
#3511 = DIRECTION ( 'NONE',  ( 0.000000000000000000, -0.4061384660533919333, 0.9138115486202819104 ) ) ;
#3512 = ORIENTED_EDGE ( 'NONE', *, *, #4735, .T. ) ;
#3513 = DIRECTION ( 'NONE',  ( -1.000000000000000000, 0.000000000000000000, 0.000000000000000000 ) ) ;
#3514 = ADVANCED_FACE ( 'NONE', ( #2150 ), #644, .F. ) ;
#3515 = ORIENTED_EDGE ( 'NONE', *, *, #6774, .T. ) ;
#3516 = LINE ( 'NONE', #5054, #451 ) ;
#3517 = VERTEX_POINT ( 'NONE', #6102 ) ;
#3518 = DIRECTION ( 'NONE',  ( -1.000000000000000000, 0.000000000000000000, 0.000000000000000000 ) ) ;
#3519 = DIRECTION ( 'NONE',  ( 0.000000000000000000, 0.000000000000000000, 1.000000000000000000 ) ) ;
#3520 = DIRECTION ( 'NONE',  ( 0.000000000000000000, 0.000000000000000000, 1.000000000000000000 ) ) ;
#3521 = EDGE_CURVE ( 'NONE', #645, #1265, #5525, .T. ) ;
#3522 = ORIENTED_EDGE ( 'NONE', *, *, #1516, .T. ) ;
#3523 = EDGE_LOOP ( 'NONE', ( #242, #2762, #3001, #5630 ) ) ;
#3524 = ORIENTED_EDGE ( 'NONE', *, *, #1516, .F. ) ;
#3525 = DIRECTION ( 'NONE',  ( -0.000000000000000000, 1.000000000000000000, -0.000000000000000000 ) ) ;
#3526 = DIRECTION ( 'NONE',  ( 0.000000000000000000, -1.000000000000000000, 0.000000000000000000 ) ) ;
#3527 = CARTESIAN_POINT ( 'NONE',  ( 0.6050000000000013145, 0.05000000000000012768, -1.399999999999997247 ) ) ;
#3528 = EDGE_CURVE ( 'NONE', #270, #2321, #2186, .T. ) ;
#3529 = PLANE ( 'NONE',  #3786 ) ;
#3530 = PLANE ( 'NONE',  #1487 ) ;
#3531 = LINE ( 'NONE', #6875, #2792 ) ;
#3532 = ORIENTED_EDGE ( 'NONE', *, *, #852, .F. ) ;
#3533 = PLANE ( 'NONE',  #4411 ) ;
#3534 = SURFACE_SIDE_STYLE ('',( #1413 ) ) ;
#3535 = CARTESIAN_POINT ( 'NONE',  ( 0.1050000000000013561, 0.05000000000000012768, 2.602085213965210642E-15 ) ) ;
#3536 = EDGE_CURVE ( 'NONE', #1583, #6713, #607, .T. ) ;
#3537 = LINE ( 'NONE', #2422, #2866 ) ;
#3538 = EDGE_LOOP ( 'NONE', ( #6554, #5024, #1133, #5724 ) ) ;
#3539 = PLANE ( 'NONE',  #4697 ) ;
#3540 = ORIENTED_EDGE ( 'NONE', *, *, #6298, .T. ) ;
#3541 = CARTESIAN_POINT ( 'NONE',  ( 1.600000000000001421, 0.1600000000000001976, 1.400000000000002798 ) ) ;
#3542 = VERTEX_POINT ( 'NONE', #97 ) ;
#3543 = DIRECTION ( 'NONE',  ( 0.000000000000000000, 0.000000000000000000, 1.000000000000000000 ) ) ;
#3544 = CARTESIAN_POINT ( 'NONE',  ( -1.369999999999998774, 0.05000000000000012768, -0.1899999999999970324 ) ) ;
#3545 = EDGE_CURVE ( 'NONE', #2648, #5678, #7086, .T. ) ;
#3546 = VECTOR ( 'NONE', #1174, 1000.000000000000000 ) ;
#3547 = DIRECTION ( 'NONE',  ( 0.000000000000000000, -1.000000000000000000, 0.000000000000000000 ) ) ;
#3548 = ORIENTED_EDGE ( 'NONE', *, *, #3271, .F. ) ;
#3549 = DIRECTION ( 'NONE',  ( 1.000000000000000000, -0.000000000000000000, -0.000000000000000000 ) ) ;
#3550 = ORIENTED_EDGE ( 'NONE', *, *, #1963, .F. ) ;
#3551 = PLANE ( 'NONE',  #27 ) ;
#3552 = VECTOR ( 'NONE', #196, 1000.000000000000000 ) ;
#3553 = VECTOR ( 'NONE', #2469, 1000.000000000000000 ) ;
#3554 = ADVANCED_FACE ( 'NONE', ( #4987 ), #3272, .T. ) ;
#3555 = FACE_OUTER_BOUND ( 'NONE', #141, .T. ) ;
#3556 = CARTESIAN_POINT ( 'NONE',  ( 0.4050000000000008593, 0.9600000000000001865, -2.099999999999997868 ) ) ;
#3557 = VECTOR ( 'NONE', #5226, 1000.000000000000000 ) ;
#3558 = VECTOR ( 'NONE', #2888, 1000.000000000000000 ) ;
#3559 = ORIENTED_EDGE ( 'NONE', *, *, #6254, .F. ) ;
#3560 = VERTEX_POINT ( 'NONE', #3379 ) ;
#3561 = VERTEX_POINT ( 'NONE', #537 ) ;
#3562 = PLANE ( 'NONE',  #3588 ) ;
#3563 = VECTOR ( 'NONE', #5141, 1000.000000000000000 ) ;
#3564 = LINE ( 'NONE', #5757, #1973 ) ;
#3565 = AXIS2_PLACEMENT_3D ( 'NONE', #4201, #7019, #399 ) ;
#3566 = DIRECTION ( 'NONE',  ( -0.9998486879257442173, 0.000000000000000000, 0.01739543771130077840 ) ) ;
#3567 = DIRECTION ( 'NONE',  ( 0.000000000000000000, 0.000000000000000000, 1.000000000000000000 ) ) ;
#3568 = ADVANCED_FACE ( 'NONE', ( #6540 ), #571, .T. ) ;
#3569 = CARTESIAN_POINT ( 'NONE',  ( 1.301042606982605321E-15, 1.640000000000000124, -2.099999999999997868 ) ) ;
#3570 = CARTESIAN_POINT ( 'NONE',  ( 0.5950000000000013056, 1.710871028182125997E-13, -2.800000000000002043 ) ) ;
#3571 = CARTESIAN_POINT ( 'NONE',  ( 1.095000000000001306, 0.3211003463129999402, -2.300000000000228972 ) ) ;
#3572 = FACE_OUTER_BOUND ( 'NONE', #2492, .T. ) ;
#3573 = VERTEX_POINT ( 'NONE', #1140 ) ;
#3574 = DIRECTION ( 'NONE',  ( 0.000000000000000000, 0.000000000000000000, 1.000000000000000000 ) ) ;
#3575 = EDGE_CURVE ( 'NONE', #3636, #4227, #6142, .T. ) ;
#3576 = ORIENTED_EDGE ( 'NONE', *, *, #2989, .F. ) ;
#3577 = LINE ( 'NONE', #5773, #2100 ) ;
#3578 = EDGE_LOOP ( 'NONE', ( #6866, #6940, #5472, #3050 ) ) ;
#3579 = CARTESIAN_POINT ( 'NONE',  ( -3.749999999999999112, 0.1600000000000001976, 0.7000000000000029532 ) ) ;
#3580 = VECTOR ( 'NONE', #4913, 1000.000000000000000 ) ;
#3581 = DIRECTION ( 'NONE',  ( -1.000000000000000000, 0.000000000000000000, 0.000000000000000000 ) ) ;
#3582 = VERTEX_POINT ( 'NONE', #28 ) ;
#3583 = FACE_OUTER_BOUND ( 'NONE', #3026, .T. ) ;
#3584 = VECTOR ( 'NONE', #2926, 999.9999999999998863 ) ;
#3585 = VERTEX_POINT ( 'NONE', #6033 ) ;
#3586 = DIRECTION ( 'NONE',  ( -0.000000000000000000, 1.000000000000000000, -0.000000000000000000 ) ) ;
#3587 = CARTESIAN_POINT ( 'NONE',  ( 1.095000000000001306, 0.8099999999999997202, -0.6999999999999970690 ) ) ;
#3588 = AXIS2_PLACEMENT_3D ( 'NONE', #5755, #5928, #2119 ) ;
#3589 = DIRECTION ( 'NONE',  ( 0.000000000000000000, 0.000000000000000000, 1.000000000000000000 ) ) ;
#3590 = EDGE_LOOP ( 'NONE', ( #6999, #100, #6119, #4489, #6959, #6987, #5139, #3076, #89, #4064, #1750, #1711 ) ) ;
#3591 = ORIENTED_EDGE ( 'NONE', *, *, #1233, .T. ) ;
#3592 = ORIENTED_EDGE ( 'NONE', *, *, #6358, .T. ) ;
#3593 = FACE_OUTER_BOUND ( 'NONE', #6016, .T. ) ;
#3594 = VECTOR ( 'NONE', #3142, 1000.000000000000000 ) ;
#3595 = CARTESIAN_POINT ( 'NONE',  ( -0.6049999999999987610, 0.05000000000000012768, -1.399999999999997247 ) ) ;
#3596 = VECTOR ( 'NONE', #916, 1000.000000000000000 ) ;
#3597 = CARTESIAN_POINT ( 'NONE',  ( 0.5000000000000013323, 0.1500000000000001887, -1.399999999999997247 ) ) ;
#3598 = CARTESIAN_POINT ( 'NONE',  ( -0.8949999999999982414, 1.870000000000000107, -1.399999999999997247 ) ) ;
#3599 = EDGE_LOOP ( 'NONE', ( #1508, #6661, #1690, #6755 ) ) ;
#3600 = DIRECTION ( 'NONE',  ( 0.000000000000000000, 0.000000000000000000, -1.000000000000000000 ) ) ;
#3601 = VECTOR ( 'NONE', #3406, 1000.000000000000000 ) ;
#3602 = DIRECTION ( 'NONE',  ( 0.000000000000000000, 0.05233595624308821914, 0.9986295347545662837 ) ) ;
#3603 = ADVANCED_FACE ( 'NONE', ( #5562 ), #2757, .T. ) ;
#3604 = CARTESIAN_POINT ( 'NONE',  ( -0.4999999999999987232, 0.2500000000000000000, -1.399999999999997247 ) ) ;
#3605 = AXIS2_PLACEMENT_3D ( 'NONE', #3206, #3705, #2126 ) ;
#3606 = VERTEX_POINT ( 'NONE', #6680 ) ;
#3607 = LINE ( 'NONE', #2527, #1372 ) ;
#3608 = ORIENTED_EDGE ( 'NONE', *, *, #2935, .T. ) ;
#3609 = FACE_OUTER_BOUND ( 'NONE', #4217, .T. ) ;
#3610 = EDGE_LOOP ( 'NONE', ( #5691, #3492, #3807, #3454, #4771, #5698, #6616, #6849, #1330, #4026, #2346, #4083, #4296, #6167, #5199, #4846 ) ) ;
#3611 = LINE ( 'NONE', #2532, #5208 ) ;
#3612 = ADVANCED_FACE ( 'NONE', ( #2223 ), #3949, .F. ) ;
#3613 = LINE ( 'NONE', #2533, #6413 ) ;
#3614 = ORIENTED_EDGE ( 'NONE', *, *, #3620, .T. ) ;
#3615 = CARTESIAN_POINT ( 'NONE',  ( 0.5000000000000013323, 1.670000000000000151, -1.399999999999997247 ) ) ;
#3616 = ORIENTED_EDGE ( 'NONE', *, *, #104, .T. ) ;
#3617 = CARTESIAN_POINT ( 'NONE',  ( -0.5949999999999991962, 0.2500000000000000000, -2.099999999999997868 ) ) ;
#3618 = ORIENTED_EDGE ( 'NONE', *, *, #4551, .T. ) ;
#3619 = CYLINDRICAL_SURFACE ( 'NONE', #6570, 0.1000000000000002554 ) ;
#3620 = EDGE_CURVE ( 'NONE', #4656, #3080, #505, .T. ) ;
#3621 = CARTESIAN_POINT ( 'NONE',  ( 2.800000000000001155, 1.659999999999999920, 1.750000000000002887 ) ) ;
#3622 = ORIENTED_EDGE ( 'NONE', *, *, #7064, .T. ) ;
#3623 = ORIENTED_EDGE ( 'NONE', *, *, #1905, .F. ) ;
#3624 = LINE ( 'NONE', #1473, #212 ) ;
#3625 = CARTESIAN_POINT ( 'NONE',  ( 3.850000000000043165, 0.000000000000000000, -1.399999999999990141 ) ) ;
#3626 = DIRECTION ( 'NONE',  ( -1.000000000000000000, 0.000000000000000000, 0.000000000000000000 ) ) ;
#3627 = CARTESIAN_POINT ( 'NONE',  ( -0.09499999999999916844, 1.620000000000008766, -2.100000000000002753 ) ) ;
#3628 = ORIENTED_EDGE ( 'NONE', *, *, #2506, .F. ) ;
#3629 = CARTESIAN_POINT ( 'NONE',  ( 1.600000000000001421, 1.050000000000000044, 0.9250000000000028200 ) ) ;
#3630 = DIRECTION ( 'NONE',  ( 0.000000000000000000, -1.000000000000000000, 0.000000000000000000 ) ) ;
#3631 =( NAMED_UNIT ( * ) SI_UNIT ( $, .STERADIAN. ) SOLID_ANGLE_UNIT ( ) );
#3632 = ADVANCED_FACE ( 'NONE', ( #4883 ), #4415, .F. ) ;
#3633 = DIRECTION ( 'NONE',  ( 0.000000000000000000, -0.05303311836778312055, -0.9985927540074525099 ) ) ;
#3634 = VERTEX_POINT ( 'NONE', #3413 ) ;
#3635 = CARTESIAN_POINT ( 'NONE',  ( 1.301042606982605321E-15, 0.05000000000000012768, -1.399999999999997247 ) ) ;
#3636 = VERTEX_POINT ( 'NONE', #824 ) ;
#3637 = DIRECTION ( 'NONE',  ( 0.000000000000000000, 0.000000000000000000, 1.000000000000000000 ) ) ;
#3638 = CARTESIAN_POINT ( 'NONE',  ( -2.444432617519998630, 0.1999999999999998723, -0.5449999999999972644 ) ) ;
#3639 = ORIENTED_EDGE ( 'NONE', *, *, #3545, .F. ) ;
#3640 = CARTESIAN_POINT ( 'NONE',  ( 1.095000000000001306, 1.620000000000002771, -2.099999999999999645 ) ) ;
#3641 = CARTESIAN_POINT ( 'NONE',  ( -0.4999999999999987232, 3.083470978548774610E-13, -2.800000000000010925 ) ) ;
#3642 = ORIENTED_EDGE ( 'NONE', *, *, #3429, .F. ) ;
#3643 = DIRECTION ( 'NONE',  ( 0.000000000000000000, 0.000000000000000000, 1.000000000000000000 ) ) ;
#3644 = ORIENTED_EDGE ( 'NONE', *, *, #1772, .F. ) ;
#3645 = CARTESIAN_POINT ( 'NONE',  ( 0.1050000000000013561, 0.1500000000000001887, -1.399999999999997247 ) ) ;
#3646 = ADVANCED_FACE ( 'NONE', ( #3555 ), #4024, .T. ) ;
#3647 = ORIENTED_EDGE ( 'NONE', *, *, #6141, .T. ) ;
#3648 = FACE_OUTER_BOUND ( 'NONE', #4334, .T. ) ;
#3649 = CARTESIAN_POINT ( 'NONE',  ( 4.000000000000001776, 1.659999999999999920, 0.7000000000000029532 ) ) ;
#3650 = VECTOR ( 'NONE', #3762, 1000.000000000000000 ) ;
#3651 = PLANE ( 'NONE',  #3444 ) ;
#3652 = ORIENTED_EDGE ( 'NONE', *, *, #6980, .T. ) ;
#3653 = VECTOR ( 'NONE', #1125, 1000.000000000000000 ) ;
#3654 = ORIENTED_EDGE ( 'NONE', *, *, #764, .T. ) ;
#3655 = FACE_OUTER_BOUND ( 'NONE', #244, .T. ) ;
#3656 = VECTOR ( 'NONE', #781, 1000.000000000000000 ) ;
#3657 = DIRECTION ( 'NONE',  ( 0.000000000000000000, 0.000000000000000000, -1.000000000000000000 ) ) ;
#3658 = ADVANCED_FACE ( 'NONE', ( #1798 ), #786, .F. ) ;
#3659 = DIRECTION ( 'NONE',  ( -1.000000000000000000, -0.000000000000000000, -0.000000000000000000 ) ) ;
#3660 = CIRCLE ( 'NONE', #4588, 0.09999999999953015917 ) ;
#3661 = VECTOR ( 'NONE', #5742, 1000.000000000000000 ) ;
#3662 = CARTESIAN_POINT ( 'NONE',  ( 1.550000000000001377, 0.6850000000000000533, 0.5500000000000024869 ) ) ;
#3663 = FACE_OUTER_BOUND ( 'NONE', #1734, .T. ) ;
#3664 = EDGE_CURVE ( 'NONE', #1920, #5679, #1325, .T. ) ;
#3665 = EDGE_LOOP ( 'NONE', ( #6359, #5584, #5665, #1210, #6392, #5474, #2893, #3934, #1924, #6011, #3738, #6819 ) ) ;
#3666 = PLANE ( 'NONE',  #1249 ) ;
#3667 = AXIS2_PLACEMENT_3D ( 'NONE', #7089, #6982, #1517 ) ;
#3668 = VECTOR ( 'NONE', #2806, 1000.000000000000000 ) ;
#3669 = DIRECTION ( 'NONE',  ( 0.000000000000000000, 0.000000000000000000, -1.000000000000000000 ) ) ;
#3670 = DIRECTION ( 'NONE',  ( -1.000000000000000000, 0.000000000000000000, 0.000000000000000000 ) ) ;
#3671 = CARTESIAN_POINT ( 'NONE',  ( 1.600000000000001421, 1.050000000000000044, 1.200000000000002620 ) ) ;
#3672 = ORIENTED_EDGE ( 'NONE', *, *, #2996, .T. ) ;
#3673 = PLANE ( 'NONE',  #5384 ) ;
#3674 = EDGE_CURVE ( 'NONE', #576, #7114, #4093, .T. ) ;
#3675 = ORIENTED_EDGE ( 'NONE', *, *, #2917, .T. ) ;
#3676 = DIRECTION ( 'NONE',  ( -1.000000000000000000, 0.000000000000000000, 0.000000000000000000 ) ) ;
#3677 = DIRECTION ( 'NONE',  ( 0.000000000000000000, -0.05233595624254735318, -0.9986295347545945944 ) ) ;
#3678 = VERTEX_POINT ( 'NONE', #1288 ) ;
#3679 = DIRECTION ( 'NONE',  ( 0.000000000000000000, 0.000000000000000000, 1.000000000000000000 ) ) ;
#3680 = DIRECTION ( 'NONE',  ( 1.000000000000000000, -0.000000000000000000, -0.000000000000000000 ) ) ;
#3681 = ORIENTED_EDGE ( 'NONE', *, *, #3220, .F. ) ;
#3682 = LINE ( 'NONE', #6967, #98 ) ;
#3683 = ORIENTED_EDGE ( 'NONE', *, *, #4096, .T. ) ;
#3684 = CARTESIAN_POINT ( 'NONE',  ( 1.600000000000001421, 1.760000000000000009, 1.200000000000002620 ) ) ;
#3685 = ORIENTED_EDGE ( 'NONE', *, *, #5530, .F. ) ;
#3686 = VECTOR ( 'NONE', #6395, 1000.000000000000000 ) ;
#3687 = CARTESIAN_POINT ( 'NONE',  ( -1.094999999999998863, 0.2212373928373861098, -2.394766404375773039 ) ) ;
#3688 = CARTESIAN_POINT ( 'NONE',  ( 2.285000000000001474, 1.870000000000000107, 0.05000000000000316691 ) ) ;
#3689 = EDGE_CURVE ( 'NONE', #5678, #5301, #4524, .T. ) ;
#3690 = CARTESIAN_POINT ( 'NONE',  ( 3.850000000000043165, 0.1999999999999998723, -1.399999999999990141 ) ) ;
#3691 = VECTOR ( 'NONE', #6773, 1000.000000000000000 ) ;
#3692 = EDGE_CURVE ( 'NONE', #2861, #1063, #2905, .T. ) ;
#3693 = ORIENTED_EDGE ( 'NONE', *, *, #4310, .T. ) ;
#3694 = ORIENTED_EDGE ( 'NONE', *, *, #1674, .T. ) ;
#3695 = CARTESIAN_POINT ( 'NONE',  ( 0.8950000000000012390, 1.770000000000000018, -1.749999999999997113 ) ) ;
#3696 = LINE ( 'NONE', #6538, #3014 ) ;
#3697 = AXIS2_PLACEMENT_3D ( 'NONE', #2681, #1574, #19 ) ;
#3698 = DIRECTION ( 'NONE',  ( 0.000000000000000000, 0.05303311836814177116, 0.9985927540074335251 ) ) ;
#3699 = EDGE_CURVE ( 'NONE', #1807, #3052, #6719, .T. ) ;
#3700 = VECTOR ( 'NONE', #6394, 1000.000000000000000 ) ;
#3701 = LINE ( 'NONE', #6398, #7011 ) ;
#3702 = VERTEX_POINT ( 'NONE', #2366 ) ;
#3703 = DIRECTION ( 'NONE',  ( -1.000000000000000000, 0.000000000000000000, 0.000000000000000000 ) ) ;
#3704 = DIRECTION ( 'NONE',  ( -1.000000000000000000, 0.000000000000000000, 0.000000000000000000 ) ) ;
#3705 = DIRECTION ( 'NONE',  ( -0.9998486879257484361, 0.000000000000000000, -0.01739543771106084186 ) ) ;
#3706 = AXIS2_PLACEMENT_3D ( 'NONE', #2320, #1789, #3438 ) ;
#3707 = EDGE_CURVE ( 'NONE', #5276, #915, #4061, .T. ) ;
#3708 = CARTESIAN_POINT ( 'NONE',  ( -0.5949999999999991962, 1.395000000000000240, -2.199999999999997069 ) ) ;
#3709 = ORIENTED_EDGE ( 'NONE', *, *, #4132, .T. ) ;
#3710 = LINE ( 'NONE', #4927, #4235 ) ;
#3711 = VECTOR ( 'NONE', #1700, 1000.000000000000000 ) ;
#3712 = VERTEX_POINT ( 'NONE', #6751 ) ;
#3713 = LINE ( 'NONE', #6961, #616 ) ;
#3714 = ORIENTED_EDGE ( 'NONE', *, *, #2722, .T. ) ;
#3715 = CARTESIAN_POINT ( 'NONE',  ( 1.100406729141001350, 0.3211003463129999402, -2.300000000000468336 ) ) ;
#3716 = CARTESIAN_POINT ( 'NONE',  ( 1.600000000000001421, 0.9600000000000001865, 1.400000000000002798 ) ) ;
#3717 = VECTOR ( 'NONE', #1167, 1000.000000000000000 ) ;
#3718 = LINE ( 'NONE', #3182, #3895 ) ;
#3719 = ORIENTED_EDGE ( 'NONE', *, *, #5756, .F. ) ;
#3720 = LINE ( 'NONE', #3824, #1483 ) ;
#3721 = ORIENTED_EDGE ( 'NONE', *, *, #5978, .T. ) ;
#3722 = DIRECTION ( 'NONE',  ( 0.000000000000000000, -1.000000000000000000, 0.000000000000000000 ) ) ;
#3723 = VECTOR ( 'NONE', #307, 1000.000000000000000 ) ;
#3724 = VERTEX_POINT ( 'NONE', #5674 ) ;
#3725 = LINE ( 'NONE', #5922, #6828 ) ;
#3726 = DIRECTION ( 'NONE',  ( -0.000000000000000000, 1.000000000000000000, -0.000000000000000000 ) ) ;
#3727 = EDGE_CURVE ( 'NONE', #124, #3852, #208, .T. ) ;
#3728 = VECTOR ( 'NONE', #6927, 1000.000000000000114 ) ;
#3729 = DIRECTION ( 'NONE',  ( 0.000000000000000000, 0.000000000000000000, -1.000000000000000000 ) ) ;
#3730 = ORIENTED_EDGE ( 'NONE', *, *, #6793, .F. ) ;
#3731 = ORIENTED_EDGE ( 'NONE', *, *, #3400, .F. ) ;
#3732 = FACE_OUTER_BOUND ( 'NONE', #2164, .T. ) ;
#3733 = CARTESIAN_POINT ( 'NONE',  ( -2.299999999999998046, 0.9600000000000001865, 1.400000000000002798 ) ) ;
#3734 = EDGE_CURVE ( 'NONE', #4258, #6104, #2438, .T. ) ;
#3735 = CARTESIAN_POINT ( 'NONE',  ( 0.6050000000000013145, 0.05000000000000012768, 2.602085213965210642E-15 ) ) ;
#3736 = DIRECTION ( 'NONE',  ( -1.000000000000000000, 0.000000000000000000, 0.000000000000000000 ) ) ;
#3737 = DIRECTION ( 'NONE',  ( 0.000000000000000000, 0.000000000000000000, -1.000000000000000000 ) ) ;
#3738 = ORIENTED_EDGE ( 'NONE', *, *, #3829, .F. ) ;
#3739 = FACE_OUTER_BOUND ( 'NONE', #2731, .T. ) ;
#3740 = CARTESIAN_POINT ( 'NONE',  ( -0.8995932708589982063, 0.3211003463129999402, -2.300000000000468336 ) ) ;
#3741 = EDGE_CURVE ( 'NONE', #3093, #1207, #3453, .T. ) ;
#3742 = EDGE_CURVE ( 'NONE', #3850, #967, #2476, .T. ) ;
#3743 = PLANE ( 'NONE',  #3605 ) ;
#3744 = LINE ( 'NONE', #2128, #6080 ) ;
#3745 = EDGE_LOOP ( 'NONE', ( #6173, #2066, #2380, #3623 ) ) ;
#3746 = DIRECTION ( 'NONE',  ( 0.000000000000000000, -1.000000000000000000, 0.000000000000000000 ) ) ;
#3747 = ORIENTED_EDGE ( 'NONE', *, *, #3707, .F. ) ;
#3748 = ADVANCED_FACE ( 'NONE', ( #2870 ), #6862, .F. ) ;
#3749 = CARTESIAN_POINT ( 'NONE',  ( 2.010000000000001563, 0.5500000000000001554, 0.07500000000000300870 ) ) ;
#3750 = DIRECTION ( 'NONE',  ( 0.000000000000000000, 0.000000000000000000, 1.000000000000000000 ) ) ;
#3751 = CARTESIAN_POINT ( 'NONE',  ( 1.301042606982605321E-15, 1.200000000000000178, 0.3000000000000025424 ) ) ;
#3752 = EDGE_LOOP ( 'NONE', ( #1098, #1721, #5815, #2735, #5602, #662 ) ) ;
#3753 = FACE_OUTER_BOUND ( 'NONE', #4530, .T. ) ;
#3754 = ORIENTED_EDGE ( 'NONE', *, *, #5516, .T. ) ;
#3755 = CARTESIAN_POINT ( 'NONE',  ( -2.299999999999998046, 0.9600000000000001865, 1.370000000000002993 ) ) ;
#3756 = VERTEX_POINT ( 'NONE', #5060 ) ;
#3757 = DIRECTION ( 'NONE',  ( 0.000000000000000000, -1.000000000000000000, 0.000000000000000000 ) ) ;
#3758 = CARTESIAN_POINT ( 'NONE',  ( -1.599999999999998090, 0.6050000000000003153, 2.100000000000002753 ) ) ;
#3759 = PLANE ( 'NONE',  #1131 ) ;
#3760 = ORIENTED_EDGE ( 'NONE', *, *, #2203, .T. ) ;
#3761 = ORIENTED_EDGE ( 'NONE', *, *, #2699, .T. ) ;
#3762 = DIRECTION ( 'NONE',  ( 1.000000000000000000, 0.000000000000000000, -0.000000000000000000 ) ) ;
#3763 = LINE ( 'NONE', #5454, #4623 ) ;
#3764 = EDGE_CURVE ( 'NONE', #3179, #6145, #6251, .T. ) ;
#3765 = CARTESIAN_POINT ( 'NONE',  ( -1.104999999999998428, 0.1500000000000001887, -1.399999999999997247 ) ) ;
#3766 = VECTOR ( 'NONE', #1795, 1000.000000000000000 ) ;
#3767 = VECTOR ( 'NONE', #4307, 1000.000000000000000 ) ;
#3768 = EDGE_CURVE ( 'NONE', #3975, #4501, #2400, .T. ) ;
#3769 = DIRECTION ( 'NONE',  ( -1.000000000000000000, 0.000000000000000000, 0.000000000000000000 ) ) ;
#3770 = ORIENTED_EDGE ( 'NONE', *, *, #3367, .F. ) ;
#3771 = CARTESIAN_POINT ( 'NONE',  ( 1.370000000000001439, 1.640000000000000124, 0.05000000000000316691 ) ) ;
#3772 =( GEOMETRIC_REPRESENTATION_CONTEXT ( 3 ) GLOBAL_UNCERTAINTY_ASSIGNED_CONTEXT ( ( #4951 ) ) GLOBAL_UNIT_ASSIGNED_CONTEXT ( ( #879, #812, #6885 ) ) REPRESENTATION_CONTEXT ( 'NONE', 'WORKASPACE' ) );
#3773 = PLANE ( 'NONE',  #6949 ) ;
#3774 = VECTOR ( 'NONE', #1046, 1000.000000000000000 ) ;
#3775 = EDGE_CURVE ( 'NONE', #5992, #5026, #717, .T. ) ;
#3776 = LINE ( 'NONE', #5970, #4596 ) ;
#3777 = EDGE_CURVE ( 'NONE', #176, #5301, #3190, .T. ) ;
#3778 = VECTOR ( 'NONE', #6089, 1000.000000000000000 ) ;
#3779 = VECTOR ( 'NONE', #194, 1000.000000000000000 ) ;
#3780 = DIRECTION ( 'NONE',  ( 0.000000000000000000, 3.523657060577880339E-15, 1.000000000000000000 ) ) ;
#3781 = ORIENTED_EDGE ( 'NONE', *, *, #988, .F. ) ;
#3782 = LINE ( 'NONE', #5396, #2446 ) ;
#3783 = ORIENTED_EDGE ( 'NONE', *, *, #4781, .F. ) ;
#3784 = LINE ( 'NONE', #4212, #5100 ) ;
#3785 = DIRECTION ( 'NONE',  ( 0.000000000000000000, 0.000000000000000000, 1.000000000000000000 ) ) ;
#3786 = AXIS2_PLACEMENT_3D ( 'NONE', #5180, #3566, #258 ) ;
#3787 = CARTESIAN_POINT ( 'NONE',  ( -0.6049999999999987610, 1.870000000000000107, -1.399999999999997247 ) ) ;
#3788 = ADVANCED_FACE ( 'NONE', ( #5886 ), #7009, .F. ) ;
#3789 = ORIENTED_EDGE ( 'NONE', *, *, #3126, .F. ) ;
#3790 = CARTESIAN_POINT ( 'NONE',  ( 1.600000000000001421, 0.05000000000000012768, 1.370000000000002993 ) ) ;
#3791 = ORIENTED_EDGE ( 'NONE', *, *, #6318, .T. ) ;
#3792 = CARTESIAN_POINT ( 'NONE',  ( -3.199999999999998845, 0.9600000000000001865, -0.3649999999999968270 ) ) ;
#3793 = ORIENTED_EDGE ( 'NONE', *, *, #3108, .T. ) ;
#3794 = LINE ( 'NONE', #2177, #2794 ) ;
#3795 = DIRECTION ( 'NONE',  ( 0.000000000000000000, -1.000000000000000000, 0.000000000000000000 ) ) ;
#3796 = DIRECTION ( 'NONE',  ( 0.000000000000000000, 0.000000000000000000, -1.000000000000000000 ) ) ;
#3797 = EDGE_CURVE ( 'NONE', #346, #1079, #2578, .T. ) ;
#3798 = ORIENTED_EDGE ( 'NONE', *, *, #5110, .T. ) ;
#3799 = ORIENTED_EDGE ( 'NONE', *, *, #5938, .F. ) ;
#3800 = DIRECTION ( 'NONE',  ( 1.000000000000000000, -0.000000000000000000, -0.000000000000000000 ) ) ;
#3801 = DIRECTION ( 'NONE',  ( -1.000000000000000000, 0.000000000000000000, 0.000000000000000000 ) ) ;
#3802 = DIRECTION ( 'NONE',  ( -0.000000000000000000, 1.000000000000000000, -0.000000000000000000 ) ) ;
#3803 = AXIS2_PLACEMENT_3D ( 'NONE', #6434, #1006, #3698 ) ;
#3804 = ADVANCED_FACE ( 'NONE', ( #2607 ), #391, .F. ) ;
#3805 = CARTESIAN_POINT ( 'NONE',  ( 0.8950000000000012390, 1.870000000000000107, -1.399999999999997247 ) ) ;
#3806 = VECTOR ( 'NONE', #5221, 1000.000000000000000 ) ;
#3807 = ORIENTED_EDGE ( 'NONE', *, *, #4884, .T. ) ;
#3808 = DIRECTION ( 'NONE',  ( 0.000000000000000000, -1.000000000000000000, 0.000000000000000000 ) ) ;
#3809 = DIRECTION ( 'NONE',  ( 1.000000000000000000, -0.000000000000000000, -0.000000000000000000 ) ) ;
#3810 = AXIS2_PLACEMENT_3D ( 'NONE', #5748, #3519, #1900 ) ;
#3811 = EDGE_CURVE ( 'NONE', #150, #2933, #4773, .T. ) ;
#3812 = CARTESIAN_POINT ( 'NONE',  ( 0.6004067291410014606, 0.3211003463129999402, -2.300000000000468336 ) ) ;
#3813 = CARTESIAN_POINT ( 'NONE',  ( 0.4050000000000008593, 0.2500000000000000000, -0.6999999999999970690 ) ) ;
#3814 = ORIENTED_EDGE ( 'NONE', *, *, #6631, .F. ) ;
#3815 = CARTESIAN_POINT ( 'NONE',  ( -0.5949999999999996403, 2.313687436084066462E-13, -2.800000000000002043 ) ) ;
#3816 = ORIENTED_EDGE ( 'NONE', *, *, #5433, .T. ) ;
#3817 = VECTOR ( 'NONE', #5699, 1000.000000000000000 ) ;
#3818 = CARTESIAN_POINT ( 'NONE',  ( -0.5949999999999991962, 0.6671189302731397319, 1.372529207435400744 ) ) ;
#3819 = ADVANCED_FACE ( 'NONE', ( #4802 ), #6972, .F. ) ;
#3820 = LINE ( 'NONE', #549, #6137 ) ;
#3821 = CARTESIAN_POINT ( 'NONE',  ( 0.4050000000000008593, 1.620000000000008766, -2.100000000000002753 ) ) ;
#3822 = VECTOR ( 'NONE', #6477, 1000.000000000000000 ) ;
#3823 = ORIENTED_EDGE ( 'NONE', *, *, #3176, .T. ) ;
#3824 = CARTESIAN_POINT ( 'NONE',  ( 2.550000000000001155, 1.050000000000000044, 1.400000000000002798 ) ) ;
#3825 = ORIENTED_EDGE ( 'NONE', *, *, #4523, .T. ) ;
#3826 = DIRECTION ( 'NONE',  ( -1.000000000000000000, 0.000000000000000000, 0.000000000000000000 ) ) ;
#3827 = ORIENTED_EDGE ( 'NONE', *, *, #870, .F. ) ;
#3828 = LINE ( 'NONE', #5951, #4750 ) ;
#3829 = EDGE_CURVE ( 'NONE', #1265, #1207, #4225, .T. ) ;
#3830 = VECTOR ( 'NONE', #1792, 1000.000000000000000 ) ;
#3831 = CARTESIAN_POINT ( 'NONE',  ( -3.844432617519998541, 0.1999999999999998723, -0.8999999999999971356 ) ) ;
#3832 = CARTESIAN_POINT ( 'NONE',  ( 1.301042606982605321E-15, 1.050000000000000044, 2.100000000000002753 ) ) ;
#3833 = ORIENTED_EDGE ( 'NONE', *, *, #2645, .T. ) ;
#3834 = VECTOR ( 'NONE', #5615, 1000.000000000000000 ) ;
#3835 = ORIENTED_EDGE ( 'NONE', *, *, #1644, .T. ) ;
#3836 = CYLINDRICAL_SURFACE ( 'NONE', #791, 0.2999999999999999334 ) ;
#3837 = DIRECTION ( 'NONE',  ( 0.000000000000000000, 0.000000000000000000, -1.000000000000000000 ) ) ;
#3838 = EDGE_CURVE ( 'NONE', #1706, #941, #6682, .T. ) ;
#3839 = CARTESIAN_POINT ( 'NONE',  ( 1.370000000000001439, 1.640000000000000124, -1.024999999999997247 ) ) ;
#3840 = VECTOR ( 'NONE', #1308, 1000.000000000000000 ) ;
#3841 = VERTEX_POINT ( 'NONE', #3156 ) ;
#3842 = ORIENTED_EDGE ( 'NONE', *, *, #1375, .T. ) ;
#3843 = ORIENTED_EDGE ( 'NONE', *, *, #6043, .F. ) ;
#3844 = ORIENTED_EDGE ( 'NONE', *, *, #4577, .T. ) ;
#3845 = CARTESIAN_POINT ( 'NONE',  ( -0.9999999999999991118, 0.2586846739100002179, -1.989999999999996882 ) ) ;
#3846 = EDGE_CURVE ( 'NONE', #5105, #2855, #5341, .T. ) ;
#3847 = CARTESIAN_POINT ( 'NONE',  ( -3.149999999999998135, 0.1999999999999998723, -1.579999999999997184 ) ) ;
#3848 = CARTESIAN_POINT ( 'NONE',  ( 0.9050000000000008038, 0.6671189302731397319, 1.372529207435400744 ) ) ;
#3849 = DIRECTION ( 'NONE',  ( 0.000000000000000000, 0.000000000000000000, -1.000000000000000000 ) ) ;
#3850 = VERTEX_POINT ( 'NONE', #3649 ) ;
#3851 = DIRECTION ( 'NONE',  ( -0.000000000000000000, 1.000000000000000000, -0.000000000000000000 ) ) ;
#3852 = VERTEX_POINT ( 'NONE', #6459 ) ;
#3853 = ADVANCED_FACE ( 'NONE', ( #6425 ), #3619, .T. ) ;
#3854 = CARTESIAN_POINT ( 'NONE',  ( -2.799999999999998490, 1.710000000000000187, 1.750000000000002887 ) ) ;
#3855 = DIRECTION ( 'NONE',  ( -1.000000000000000000, 0.000000000000000000, 0.000000000000000000 ) ) ;
#3856 = CARTESIAN_POINT ( 'NONE',  ( -3.849999999999938360, 0.1999999999999998723, -1.400000000000002798 ) ) ;
#3857 = EDGE_LOOP ( 'NONE', ( #5402, #710, #1346, #4038 ) ) ;
#3858 = CARTESIAN_POINT ( 'NONE',  ( 1.301042606982605321E-15, 0.05000000000000012768, 1.200000000000002620 ) ) ;
#3859 = EDGE_CURVE ( 'NONE', #214, #3472, #7044, .T. ) ;
#3860 = EDGE_LOOP ( 'NONE', ( #2723, #4600, #1245, #4161 ) ) ;
#3861 = LINE ( 'NONE', #3365, #6238 ) ;
#3862 = EDGE_LOOP ( 'NONE', ( #1096, #297, #1217, #1653 ) ) ;
#3863 = LINE ( 'NONE', #636, #6704 ) ;
#3864 = EDGE_LOOP ( 'NONE', ( #61, #2262, #4089, #6264 ) ) ;
#3865 = FACE_OUTER_BOUND ( 'NONE', #3130, .T. ) ;
#3866 = CARTESIAN_POINT ( 'NONE',  ( -1.369999999999992779, 1.820000000000000284, -0.1839477295670849666 ) ) ;
#3867 = ORIENTED_EDGE ( 'NONE', *, *, #1559, .T. ) ;
#3868 = LINE ( 'NONE', #4780, #6659 ) ;
#3869 = EDGE_CURVE ( 'NONE', #994, #6046, #5923, .T. ) ;
#3870 = EDGE_CURVE ( 'NONE', #1104, #2588, #424, .T. ) ;
#3871 = ORIENTED_EDGE ( 'NONE', *, *, #4168, .F. ) ;
#3872 = PLANE ( 'NONE',  #1705 ) ;
#3873 = FACE_OUTER_BOUND ( 'NONE', #6501, .T. ) ;
#3874 = CARTESIAN_POINT ( 'NONE',  ( -1.514432617520248048, 0.1999999999999998723, -1.139999999999997460 ) ) ;
#3875 = EDGE_LOOP ( 'NONE', ( #6649, #1278, #1080, #3457 ) ) ;
#3876 = EDGE_CURVE ( 'NONE', #1146, #5743, #999, .T. ) ;
#3877 = ORIENTED_EDGE ( 'NONE', *, *, #6906, .T. ) ;
#3878 = ORIENTED_EDGE ( 'NONE', *, *, #5498, .F. ) ;
#3879 = FACE_OUTER_BOUND ( 'NONE', #3538, .T. ) ;
#3880 = ORIENTED_EDGE ( 'NONE', *, *, #6943, .T. ) ;
#3881 = DIRECTION ( 'NONE',  ( 0.000000000000000000, 0.000000000000000000, 1.000000000000000000 ) ) ;
#3882 = DIRECTION ( 'NONE',  ( -1.000000000000000000, 0.000000000000000000, 0.000000000000000000 ) ) ;
#3883 = AXIS2_PLACEMENT_3D ( 'NONE', #6834, #1976, #6323 ) ;
#3884 = CARTESIAN_POINT ( 'NONE',  ( 2.582216308760601375, 0.000000000000000000, -2.089999999999997193 ) ) ;
#3885 = EDGE_CURVE ( 'NONE', #6572, #4512, #892, .T. ) ;
#3886 = CARTESIAN_POINT ( 'NONE',  ( -2.299999999999998046, 0.9450000000000000622, 0.07500000000000300870 ) ) ;
#3887 = ORIENTED_EDGE ( 'NONE', *, *, #173, .F. ) ;
#3888 = VECTOR ( 'NONE', #1535, 1000.000000000000000 ) ;
#3889 = VECTOR ( 'NONE', #2969, 1000.000000000000000 ) ;
#3890 = DIRECTION ( 'NONE',  ( 0.000000000000000000, 0.000000000000000000, 1.000000000000000000 ) ) ;
#3891 = VERTEX_POINT ( 'NONE', #4843 ) ;
#3892 = DIRECTION ( 'NONE',  ( 1.000000000000000000, -0.000000000000000000, -0.000000000000000000 ) ) ;
#3893 = CARTESIAN_POINT ( 'NONE',  ( 0.6050000000000013145, 0.2500000000000000000, -1.399999999999997247 ) ) ;
#3894 = VECTOR ( 'NONE', #2267, 1000.000000000000000 ) ;
#3895 = VECTOR ( 'NONE', #4506, 1000.000000000000000 ) ;
#3896 = LINE ( 'NONE', #1200, #4589 ) ;
#3897 = VERTEX_POINT ( 'NONE', #6319 ) ;
#3898 = CARTESIAN_POINT ( 'NONE',  ( 1.879432617520001125, 0.1999999999999998723, -0.1899999999999970324 ) ) ;
#3899 = ORIENTED_EDGE ( 'NONE', *, *, #4446, .F. ) ;
#3900 = DIRECTION ( 'NONE',  ( 1.000000000000000000, 0.000000000000000000, -0.000000000000000000 ) ) ;
#3901 = ORIENTED_EDGE ( 'NONE', *, *, #1559, .F. ) ;
#3902 = VECTOR ( 'NONE', #5999, 1000.000000000000000 ) ;
#3903 = PLANE ( 'NONE',  #4285 ) ;
#3904 = VECTOR ( 'NONE', #2765, 1000.000000000000000 ) ;
#3905 = ORIENTED_EDGE ( 'NONE', *, *, #6248, .F. ) ;
#3906 = LINE ( 'NONE', #1169, #4013 ) ;
#3907 = ORIENTED_EDGE ( 'NONE', *, *, #1387, .T. ) ;
#3908 = DIRECTION ( 'NONE',  ( -1.000000000000000000, 0.000000000000000000, 0.000000000000000000 ) ) ;
#3909 = ORIENTED_EDGE ( 'NONE', *, *, #627, .T. ) ;
#3910 = CARTESIAN_POINT ( 'NONE',  ( -2.284999999999998810, 0.2800000000000000822, -2.099999999999997868 ) ) ;
#3911 = CARTESIAN_POINT ( 'NONE',  ( -2.799999999999998490, 1.760000000000000009, 1.400000000000002798 ) ) ;
#3912 = DIRECTION ( 'NONE',  ( 1.000000000000000000, 0.000000000000000000, 0.000000000000000000 ) ) ;
#3913 = EDGE_CURVE ( 'NONE', #3678, #2601, #3048, .T. ) ;
#3914 = ORIENTED_EDGE ( 'NONE', *, *, #6037, .F. ) ;
#3915 = ORIENTED_EDGE ( 'NONE', *, *, #2756, .F. ) ;
#3916 = CARTESIAN_POINT ( 'NONE',  ( -0.6049999999999987610, 0.2500000000000000000, -1.399999999999997247 ) ) ;
#3917 = VERTEX_POINT ( 'NONE', #1469 ) ;
#3918 = CARTESIAN_POINT ( 'NONE',  ( -0.9999999999999991118, 0.2500000000000000000, -1.399999999999997247 ) ) ;
#3919 = VECTOR ( 'NONE', #4338, 1000.000000000000000 ) ;
#3920 = CARTESIAN_POINT ( 'NONE',  ( -0.8995932708589982063, 0.5207565403230001166, 1.110655094915502961 ) ) ;
#3921 = ADVANCED_FACE ( 'NONE', ( #5852 ), #928, .T. ) ;
#3922 = ADVANCED_FACE ( 'NONE', ( #3264 ), #6497, .F. ) ;
#3923 = CARTESIAN_POINT ( 'NONE',  ( -1.094999999999998863, 0.7086905952146389520, -0.5397673798720101779 ) ) ;
#3924 = VECTOR ( 'NONE', #1474, 1000.000000000000000 ) ;
#3925 = CARTESIAN_POINT ( 'NONE',  ( 3.150000000000001243, 0.1000000000000000472, -2.089999999999997193 ) ) ;
#3926 = ORIENTED_EDGE ( 'NONE', *, *, #1644, .F. ) ;
#3927 = CARTESIAN_POINT ( 'NONE',  ( 1.370000000000001439, 1.870000000000000107, 0.05000000000000316691 ) ) ;
#3928 = ORIENTED_EDGE ( 'NONE', *, *, #4377, .F. ) ;
#3929 = PLANE ( 'NONE',  #3387 ) ;
#3930 = CARTESIAN_POINT ( 'NONE',  ( 1.301042606982605321E-15, 0.05000000000000012768, -2.099999999999997868 ) ) ;
#3931 = VECTOR ( 'NONE', #3484, 999.9999999999998863 ) ;
#3932 = EDGE_CURVE ( 'NONE', #3582, #1572, #4406, .T. ) ;
#3933 = CARTESIAN_POINT ( 'NONE',  ( -0.9999999999999991118, 1.670000000000000151, -1.749999999999997113 ) ) ;
#3934 = ORIENTED_EDGE ( 'NONE', *, *, #5256, .F. ) ;
#3935 = LINE ( 'NONE', #5511, #558 ) ;
#3936 = AXIS2_PLACEMENT_3D ( 'NONE', #6708, #5551, #123 ) ;
#3937 = VERTEX_POINT ( 'NONE', #2886 ) ;
#3938 = DIRECTION ( 'NONE',  ( -1.000000000000000000, -0.000000000000000000, 0.000000000000000000 ) ) ;
#3939 = ORIENTED_EDGE ( 'NONE', *, *, #1026, .T. ) ;
#3940 = CARTESIAN_POINT ( 'NONE',  ( 1.370000000000001439, 0.1650000000000000078, -0.1899999999999970324 ) ) ;
#3941 = VECTOR ( 'NONE', #6733, 1000.000000000000000 ) ;
#3942 = DIRECTION ( 'NONE',  ( 1.000000000000000000, -0.000000000000000000, -0.000000000000000000 ) ) ;
#3943 = ORIENTED_EDGE ( 'NONE', *, *, #1729, .T. ) ;
#3944 = LINE ( 'NONE', #5631, #3205 ) ;
#3945 = ORIENTED_EDGE ( 'NONE', *, *, #7049, .F. ) ;
#3946 = DIRECTION ( 'NONE',  ( -0.000000000000000000, 1.000000000000000000, -0.000000000000000000 ) ) ;
#3947 = CARTESIAN_POINT ( 'NONE',  ( -1.104999999999998428, 0.9600000000000001865, -2.099999999999997868 ) ) ;
#3948 = EDGE_CURVE ( 'NONE', #4227, #5559, #2202, .T. ) ;
#3949 = PLANE ( 'NONE',  #4949 ) ;
#3950 = VECTOR ( 'NONE', #5726, 1000.000000000000000 ) ;
#3951 = ORIENTED_EDGE ( 'NONE', *, *, #3259, .T. ) ;
#3952 = ORIENTED_EDGE ( 'NONE', *, *, #6702, .F. ) ;
#3953 = ORIENTED_EDGE ( 'NONE', *, *, #6956, .F. ) ;
#3954 = CARTESIAN_POINT ( 'NONE',  ( 1.105000000000001315, 1.870000000000000107, -0.3649999999999968270 ) ) ;
#3955 = EDGE_CURVE ( 'NONE', #69, #2270, #5411, .T. ) ;
#3956 = VERTEX_POINT ( 'NONE', #3831 ) ;
#3957 = CARTESIAN_POINT ( 'NONE',  ( -1.369999999999998774, 0.05000000000000012768, -2.099999999999997868 ) ) ;
#3958 = CIRCLE ( 'NONE', #5443, 0.2999999999999999334 ) ;
#3959 = DIRECTION ( 'NONE',  ( -1.000000000000000000, 0.000000000000000000, 0.000000000000000000 ) ) ;
#3960 = DIRECTION ( 'NONE',  ( -1.000000000000000000, -0.000000000000000000, 0.000000000000000000 ) ) ;
#3961 = CARTESIAN_POINT ( 'NONE',  ( 0.5950000000000013056, 0.8099999999999997202, -1.989999999999996882 ) ) ;
#3962 = ADVANCED_FACE ( 'NONE', ( #154 ), #4332, .F. ) ;
#3963 = EDGE_CURVE ( 'NONE', #434, #2031, #4301, .T. ) ;
#3964 = VERTEX_POINT ( 'NONE', #5080 ) ;
#3965 = CARTESIAN_POINT ( 'NONE',  ( 3.200000000000001510, 1.640000000000000124, 0.05000000000000316691 ) ) ;
#3966 = ORIENTED_EDGE ( 'NONE', *, *, #5717, .F. ) ;
#3967 = CARTESIAN_POINT ( 'NONE',  ( -1.094999999999998863, 0.8099999999999997202, -1.989999999999996882 ) ) ;
#3968 = CARTESIAN_POINT ( 'NONE',  ( -0.6049999999999987610, 0.2500000000000000000, -2.099999999999997868 ) ) ;
#3969 = LINE ( 'NONE', #2204, #5962 ) ;
#3970 = ORIENTED_EDGE ( 'NONE', *, *, #4487, .F. ) ;
#3971 = DIRECTION ( 'NONE',  ( -0.000000000000000000, -0.9138115486202819104, -0.4061384660533919333 ) ) ;
#3972 = ADVANCED_FACE ( 'NONE', ( #2714 ), #7111, .F. ) ;
#3973 = ORIENTED_EDGE ( 'NONE', *, *, #4283, .T. ) ;
#3974 = PLANE ( 'NONE',  #4164 ) ;
#3975 = VERTEX_POINT ( 'NONE', #1100 ) ;
#3976 = CARTESIAN_POINT ( 'NONE',  ( -3.844432617519960793, 0.1999999999999998723, -1.079999999985273185 ) ) ;
#3977 = CARTESIAN_POINT ( 'NONE',  ( -0.3949999999999986300, 1.670000000000000151, -2.099999999999997868 ) ) ;
#3978 = VERTEX_POINT ( 'NONE', #4876 ) ;
#3979 = LINE ( 'NONE', #6675, #2508 ) ;
#3980 = EDGE_CURVE ( 'NONE', #7036, #2741, #3228, .T. ) ;
#3981 = ORIENTED_EDGE ( 'NONE', *, *, #5589, .F. ) ;
#3982 = PLANE ( 'NONE',  #551 ) ;
#3983 = LINE ( 'NONE', #5672, #2552 ) ;
#3984 = DIRECTION ( 'NONE',  ( 0.000000000000000000, 0.000000000000000000, 1.000000000000000000 ) ) ;
#3985 = ORIENTED_EDGE ( 'NONE', *, *, #6020, .F. ) ;
#3986 = EDGE_CURVE ( 'NONE', #664, #1788, #3296, .T. ) ;
#3987 = ORIENTED_EDGE ( 'NONE', *, *, #4094, .T. ) ;
#3988 = PLANE ( 'NONE',  #1753 ) ;
#3989 = ORIENTED_EDGE ( 'NONE', *, *, #2721, .F. ) ;
#3990 = CARTESIAN_POINT ( 'NONE',  ( 1.000000000000001332, 1.395000000000000240, -2.199999999999997069 ) ) ;
#3991 = LINE ( 'NONE', #1261, #6794 ) ;
#3992 = CARTESIAN_POINT ( 'NONE',  ( 1.720000000000001528, 0.5500000000000001554, 1.370000000000002993 ) ) ;
#3993 = CARTESIAN_POINT ( 'NONE',  ( 1.600000000000001421, 1.870000000000000107, 1.285000000000003029 ) ) ;
#3994 = EDGE_LOOP ( 'NONE', ( #13, #6430, #3926, #5184 ) ) ;
#3995 = LINE ( 'NONE', #6194, #2909 ) ;
#3996 = EDGE_LOOP ( 'NONE', ( #3591, #210, #77, #5591 ) ) ;
#3997 = DIRECTION ( 'NONE',  ( 0.000000000000000000, -0.4226182617285969556, 0.9063077870422934224 ) ) ;
#3998 = VECTOR ( 'NONE', #5866, 1000.000000000000000 ) ;
#3999 = CARTESIAN_POINT ( 'NONE',  ( 1.301042606982605321E-15, 1.760000000000000009, 1.650000000000002798 ) ) ;
#4000 = DIRECTION ( 'NONE',  ( 0.000000000000000000, -1.000000000000000000, 0.000000000000000000 ) ) ;
#4001 = ADVANCED_FACE ( 'NONE', ( #7079 ), #3431, .F. ) ;
#4002 = EDGE_CURVE ( 'NONE', #3852, #894, #530, .T. ) ;
#4003 = LINE ( 'NONE', #3323, #3322 ) ;
#4004 = VECTOR ( 'NONE', #1202, 1000.000000000000000 ) ;
#4005 = VECTOR ( 'NONE', #5590, 1000.000000000000000 ) ;
#4006 = ORIENTED_EDGE ( 'NONE', *, *, #4362, .T. ) ;
#4007 = CARTESIAN_POINT ( 'NONE',  ( 1.301042606982605321E-15, 0.05000000000000012768, -0.1899999999999970324 ) ) ;
#4008 = ORIENTED_EDGE ( 'NONE', *, *, #5419, .T. ) ;
#4009 = CARTESIAN_POINT ( 'NONE',  ( -0.3949999999999986300, 1.870000000000000107, -2.099999999999997868 ) ) ;
#4010 = EDGE_LOOP ( 'NONE', ( #5577, #3798, #3479, #4732, #1111, #4559, #1451, #6832 ) ) ;
#4011 = LINE ( 'NONE', #6710, #3830 ) ;
#4012 = VECTOR ( 'NONE', #872, 1000.000000000000114 ) ;
#4013 = VECTOR ( 'NONE', #4590, 1000.000000000000000 ) ;
#4014 = ADVANCED_FACE ( 'NONE', ( #6607 ), #1679, .T. ) ;
#4015 = EDGE_CURVE ( 'NONE', #3455, #5301, #4905, .T. ) ;
#4016 = DIRECTION ( 'NONE',  ( -0.000000000000000000, 1.000000000000000000, -0.000000000000000000 ) ) ;
#4017 = ORIENTED_EDGE ( 'NONE', *, *, #4692, .F. ) ;
#4018 = LINE ( 'NONE', #6748, #3314 ) ;
#4019 = VECTOR ( 'NONE', #1875, 1000.000000000000000 ) ;
#4020 = EDGE_LOOP ( 'NONE', ( #3524, #4097, #2170, #1393 ) ) ;
#4021 = FACE_OUTER_BOUND ( 'NONE', #2145, .T. ) ;
#4022 = CIRCLE ( 'NONE', #2060, 0.1000000000000002554 ) ;
#4023 = DIRECTION ( 'NONE',  ( 0.000000000000000000, 0.000000000000000000, -1.000000000000000000 ) ) ;
#4024 = PLANE ( 'NONE',  #3118 ) ;
#4025 = ADVANCED_FACE ( 'NONE', ( #3865 ), #701, .F. ) ;
#4026 = ORIENTED_EDGE ( 'NONE', *, *, #1552, .T. ) ;
#4027 = ORIENTED_EDGE ( 'NONE', *, *, #1302, .F. ) ;
#4028 = ORIENTED_EDGE ( 'NONE', *, *, #345, .T. ) ;
#4029 = DIRECTION ( 'NONE',  ( 0.000000000000000000, 0.000000000000000000, -1.000000000000000000 ) ) ;
#4030 = ORIENTED_EDGE ( 'NONE', *, *, #6993, .F. ) ;
#4031 = CARTESIAN_POINT ( 'NONE',  ( -0.4049999999999986944, 1.620000000000000107, -2.099999999999997868 ) ) ;
#4032 = DIRECTION ( 'NONE',  ( -0.000000000000000000, -0.000000000000000000, -1.000000000000000000 ) ) ;
#4033 = EDGE_CURVE ( 'NONE', #2933, #5948, #2349, .T. ) ;
#4034 = DIRECTION ( 'NONE',  ( 0.000000000000000000, 0.000000000000000000, 1.000000000000000000 ) ) ;
#4035 = DIRECTION ( 'NONE',  ( -0.000000000000000000, 1.000000000000000000, -0.000000000000000000 ) ) ;
#4036 = ORIENTED_EDGE ( 'NONE', *, *, #5723, .T. ) ;
#4037 = PLANE ( 'NONE',  #1992 ) ;
#4038 = ORIENTED_EDGE ( 'NONE', *, *, #2127, .F. ) ;
#4039 = DIRECTION ( 'NONE',  ( 0.000000000000000000, -1.000000000000000000, 0.000000000000000000 ) ) ;
#4040 = CARTESIAN_POINT ( 'NONE',  ( -1.499999999999998668, 0.3604347826090001372, 2.100000000000002753 ) ) ;
#4041 = ADVANCED_FACE ( 'NONE', ( #5694 ), #1309, .F. ) ;
#4042 = ADVANCED_BREP_SHAPE_REPRESENTATION ( 'reoriented-SFV5R-1STE1HLF', ( #2544, #4767 ), #1322 ) ;
#4043 = CIRCLE ( 'NONE', #2887, 0.1000000000000002554 ) ;
#4044 = LINE ( 'NONE', #6812, #1373 ) ;
#4045 = ORIENTED_EDGE ( 'NONE', *, *, #3333, .T. ) ;
#4046 = CARTESIAN_POINT ( 'NONE',  ( -1.599999999999998090, 0.9600000000000001865, 1.400000000000002798 ) ) ;
#4047 = ORIENTED_EDGE ( 'NONE', *, *, #4213, .F. ) ;
#4048 = LINE ( 'NONE', #1890, #4391 ) ;
#4049 = EDGE_CURVE ( 'NONE', #4582, #4930, #771, .T. ) ;
#4050 = ORIENTED_EDGE ( 'NONE', *, *, #4472, .F. ) ;
#4051 = VECTOR ( 'NONE', #559, 1000.000000000000000 ) ;
#4052 = CARTESIAN_POINT ( 'NONE',  ( 1.500000000000001554, 0.05000000000000012768, 2.100000000000002753 ) ) ;
#4053 = DIRECTION ( 'NONE',  ( 0.000000000000000000, -1.000000000000000000, 0.000000000000000000 ) ) ;
#4054 = VECTOR ( 'NONE', #2829, 1000.000000000000000 ) ;
#4055 = ORIENTED_EDGE ( 'NONE', *, *, #3932, .F. ) ;
#4056 = PLANE ( 'NONE',  #4122 ) ;
#4057 = VERTEX_POINT ( 'NONE', #842 ) ;
#4058 = DIRECTION ( 'NONE',  ( 0.000000000000000000, 0.000000000000000000, -1.000000000000000000 ) ) ;
#4059 = EDGE_CURVE ( 'NONE', #6256, #2472, #1954, .T. ) ;
#4060 = VECTOR ( 'NONE', #4659, 1000.000000000000000 ) ;
#4061 = LINE ( 'NONE', #3013, #3468 ) ;
#4062 = ORIENTED_EDGE ( 'NONE', *, *, #2737, .T. ) ;
#4063 = VECTOR ( 'NONE', #2054, 1000.000000000000000 ) ;
#4064 = ORIENTED_EDGE ( 'NONE', *, *, #542, .F. ) ;
#4065 = ORIENTED_EDGE ( 'NONE', *, *, #3237, .F. ) ;
#4066 = DIRECTION ( 'NONE',  ( 0.000000000000000000, 0.05303311836814177116, 0.9985927540074335251 ) ) ;
#4067 = EDGE_CURVE ( 'NONE', #1627, #1072, #1918, .T. ) ;
#4068 = LINE ( 'NONE', #2008, #6939 ) ;
#4069 = CARTESIAN_POINT ( 'NONE',  ( -1.369999999999998774, 1.640000000000000124, -2.099999999999997868 ) ) ;
#4070 = VECTOR ( 'NONE', #3227, 1000.000000000000000 ) ;
#4071 = CARTESIAN_POINT ( 'NONE',  ( -1.549999999999998490, 0.7100000000000022959, -0.5999999999999972022 ) ) ;
#4072 = LINE ( 'NONE', #766, #4476 ) ;
#4073 = AXIS2_PLACEMENT_3D ( 'NONE', #3749, #1022, #2567 ) ;
#4074 = CARTESIAN_POINT ( 'NONE',  ( 1.301042606982605321E-15, 0.7455501731560001399, -2.299999999999997158 ) ) ;
#4075 = ORIENTED_EDGE ( 'NONE', *, *, #4700, .T. ) ;
#4076 = PLANE ( 'NONE',  #3501 ) ;
#4077 = FACE_OUTER_BOUND ( 'NONE', #6715, .T. ) ;
#4078 = AXIS2_PLACEMENT_3D ( 'NONE', #2348, #1703, #6665 ) ;
#4079 = CARTESIAN_POINT ( 'NONE',  ( -0.3949999999999986300, 1.770000000000000018, -1.749999999999997113 ) ) ;
#4080 = VERTEX_POINT ( 'NONE', #5150 ) ;
#4081 = CARTESIAN_POINT ( 'NONE',  ( 0.4050000000000008593, 0.1999999999999998723, -2.799999999999997602 ) ) ;
#4082 = ADVANCED_FACE ( 'NONE', ( #4077 ), #229, .F. ) ;
#4083 = ORIENTED_EDGE ( 'NONE', *, *, #2216, .T. ) ;
#4084 = DIRECTION ( 'NONE',  ( -1.000000000000000000, 0.000000000000000000, 0.000000000000000000 ) ) ;
#4085 = ORIENTED_EDGE ( 'NONE', *, *, #5969, .F. ) ;
#4086 = DIRECTION ( 'NONE',  ( -1.000000000000000000, 0.000000000000000000, 0.000000000000000000 ) ) ;
#4087 = EDGE_CURVE ( 'NONE', #1437, #5076, #807, .T. ) ;
#4088 = CARTESIAN_POINT ( 'NONE',  ( -1.599999999999998090, 1.050000000000000044, 0.9250000000000028200 ) ) ;
#4089 = ORIENTED_EDGE ( 'NONE', *, *, #4625, .T. ) ;
#4090 = PLANE ( 'NONE',  #4228 ) ;
#4091 = ORIENTED_EDGE ( 'NONE', *, *, #275, .T. ) ;
#4092 = CARTESIAN_POINT ( 'NONE',  ( 0.5000000000000013323, 1.670000000000000151, -1.749999999999997113 ) ) ;
#4093 = LINE ( 'NONE', #6216, #4840 ) ;
#4094 = EDGE_CURVE ( 'NONE', #1361, #4128, #1884, .T. ) ;
#4095 = CARTESIAN_POINT ( 'NONE',  ( 1.301042606982605321E-15, 0.2106186964180001842, -2.597383202187997231 ) ) ;
#4096 = EDGE_CURVE ( 'NONE', #6758, #6749, #718, .T. ) ;
#4097 = ORIENTED_EDGE ( 'NONE', *, *, #2668, .T. ) ;
#4098 = ORIENTED_EDGE ( 'NONE', *, *, #4920, .T. ) ;
#4099 = ORIENTED_EDGE ( 'NONE', *, *, #929, .T. ) ;
#4100 = DIRECTION ( 'NONE',  ( -0.01739543771127518429, -0.000000000000000000, 0.9998486879257445503 ) ) ;
#4101 = DIRECTION ( 'NONE',  ( -1.000000000000000000, -0.000000000000000000, 0.000000000000000000 ) ) ;
#4102 = EDGE_CURVE ( 'NONE', #1706, #2396, #3031, .T. ) ;
#4103 = DIRECTION ( 'NONE',  ( 0.000000000000000000, -1.000000000000000000, 0.000000000000000000 ) ) ;
#4104 = FACE_OUTER_BOUND ( 'NONE', #6783, .T. ) ;
#4105 = ORIENTED_EDGE ( 'NONE', *, *, #5947, .T. ) ;
#4106 = DIRECTION ( 'NONE',  ( 0.000000000000000000, -1.000000000000000000, 0.000000000000000000 ) ) ;
#4107 = DIRECTION ( 'NONE',  ( 0.000000000000000000, 0.000000000000000000, 1.000000000000000000 ) ) ;
#4108 = DIRECTION ( 'NONE',  ( 0.000000000000000000, 0.000000000000000000, 1.000000000000000000 ) ) ;
#4109 = DIRECTION ( 'NONE',  ( -1.000000000000000000, 0.000000000000000000, 0.000000000000000000 ) ) ;
#4110 = ORIENTED_EDGE ( 'NONE', *, *, #3276, .F. ) ;
#4111 = DIRECTION ( 'NONE',  ( -0.000000000000000000, 1.000000000000000000, -0.000000000000000000 ) ) ;
#4112 = ORIENTED_EDGE ( 'NONE', *, *, #2377, .T. ) ;
#4113 = CARTESIAN_POINT ( 'NONE',  ( -1.879432617519998905, 0.1999999999999998723, -0.1899999999999970324 ) ) ;
#4114 = ORIENTED_EDGE ( 'NONE', *, *, #6775, .T. ) ;
#4115 = DIRECTION ( 'NONE',  ( 1.000000000000000000, -0.000000000000000000, -0.000000000000000000 ) ) ;
#4116 = VECTOR ( 'NONE', #6656, 1000.000000000000000 ) ;
#4117 = LINE ( 'NONE', #277, #3553 ) ;
#4118 = ORIENTED_EDGE ( 'NONE', *, *, #3692, .F. ) ;
#4119 = FACE_OUTER_BOUND ( 'NONE', #3590, .T. ) ;
#4120 = ORIENTED_EDGE ( 'NONE', *, *, #5580, .F. ) ;
#4121 = DIRECTION ( 'NONE',  ( 1.000000000000000000, -0.000000000000000000, -0.000000000000000000 ) ) ;
#4122 = AXIS2_PLACEMENT_3D ( 'NONE', #783, #129, #3908 ) ;
#4123 = VECTOR ( 'NONE', #6320, 1000.000000000000000 ) ;
#4124 = DIRECTION ( 'NONE',  ( 0.000000000000000000, 0.000000000000000000, 1.000000000000000000 ) ) ;
#4125 = DIRECTION ( 'NONE',  ( 1.000000000000000000, -0.000000000000000000, -0.000000000000000000 ) ) ;
#4126 = VECTOR ( 'NONE', #3574, 1000.000000000000000 ) ;
#4127 = VECTOR ( 'NONE', #5768, 1000.000000000000000 ) ;
#4128 = VERTEX_POINT ( 'NONE', #3571 ) ;
#4129 = EDGE_LOOP ( 'NONE', ( #148, #3332, #4400, #3102 ) ) ;
#4130 = VERTEX_POINT ( 'NONE', #2490 ) ;
#4131 = FACE_OUTER_BOUND ( 'NONE', #3996, .T. ) ;
#4132 = EDGE_CURVE ( 'NONE', #2588, #2472, #5765, .T. ) ;
#4133 = CYLINDRICAL_SURFACE ( 'NONE', #2766, 0.09999999999953015917 ) ;
#4134 = VECTOR ( 'NONE', #6764, 1000.000000000000000 ) ;
#4135 = CARTESIAN_POINT ( 'NONE',  ( 1.550000000000001377, 1.200000000000000178, -0.2499999999999971967 ) ) ;
#4136 = LINE ( 'NONE', #6765, #4012 ) ;
#4137 = ORIENTED_EDGE ( 'NONE', *, *, #3398, .F. ) ;
#4138 = DIRECTION ( 'NONE',  ( 1.000000000000000000, -0.000000000000000000, -0.000000000000000000 ) ) ;
#4139 = EDGE_CURVE ( 'NONE', #697, #4288, #4141, .T. ) ;
#4140 = CARTESIAN_POINT ( 'NONE',  ( 1.301042606982605321E-15, 0.2500000000000000000, -2.099999999999997868 ) ) ;
#4141 = LINE ( 'NONE', #2383, #2322 ) ;
#4142 = DIRECTION ( 'NONE',  ( -0.000000000000000000, 1.000000000000000000, -0.000000000000000000 ) ) ;
#4143 = ORIENTED_EDGE ( 'NONE', *, *, #3237, .T. ) ;
#4144 = CARTESIAN_POINT ( 'NONE',  ( -2.799999999999998490, 1.760000000000000009, 2.100000000000002753 ) ) ;
#4145 = ORIENTED_EDGE ( 'NONE', *, *, #4049, .F. ) ;
#4146 = CARTESIAN_POINT ( 'NONE',  ( 1.301042606982605321E-15, 1.770000000000000018, -1.399999999999997247 ) ) ;
#4147 = ORIENTED_EDGE ( 'NONE', *, *, #3775, .T. ) ;
#4148 = ADVANCED_FACE ( 'NONE', ( #1850 ), #6234, .F. ) ;
#4149 = PLANE ( 'NONE',  #4177 ) ;
#4150 = VECTOR ( 'NONE', #2977, 1000.000000000000000 ) ;
#4151 = CARTESIAN_POINT ( 'NONE',  ( 1.105000000000001315, 0.2500000000000000000, -1.749999999999997113 ) ) ;
#4152 = ORIENTED_EDGE ( 'NONE', *, *, #4626, .T. ) ;
#4153 = LINE ( 'NONE', #279, #3433 ) ;
#4154 = VECTOR ( 'NONE', #2503, 1000.000000000000000 ) ;
#4155 = ORIENTED_EDGE ( 'NONE', *, *, #2556, .T. ) ;
#4156 = VERTEX_POINT ( 'NONE', #3916 ) ;
#4157 = DIRECTION ( 'NONE',  ( 0.000000000000000000, 0.000000000000000000, 1.000000000000000000 ) ) ;
#4158 = VECTOR ( 'NONE', #246, 1000.000000000000000 ) ;
#4159 = LINE ( 'NONE', #3556, #1253 ) ;
#4160 = ORIENTED_EDGE ( 'NONE', *, *, #6170, .F. ) ;
#4161 = ORIENTED_EDGE ( 'NONE', *, *, #2250, .F. ) ;
#4162 = PLANE ( 'NONE',  #3434 ) ;
#4163 = DIRECTION ( 'NONE',  ( 0.000000000000000000, 0.000000000000000000, 1.000000000000000000 ) ) ;
#4164 = AXIS2_PLACEMENT_3D ( 'NONE', #4511, #2820, #4937 ) ;
#4165 = EDGE_CURVE ( 'NONE', #2825, #3561, #3417, .T. ) ;
#4166 = CARTESIAN_POINT ( 'NONE',  ( 0.4050000000000008593, 0.7926488764353972760, 1.237440573434730684 ) ) ;
#4167 = VECTOR ( 'NONE', #3677, 1000.000000000000114 ) ;
#4168 = EDGE_CURVE ( 'NONE', #5357, #3248, #3384, .T. ) ;
#4169 = DIRECTION ( 'NONE',  ( 0.000000000000000000, 0.000000000000000000, -1.000000000000000000 ) ) ;
#4170 = LINE ( 'NONE', #6805, #2738 ) ;
#4171 = ORIENTED_EDGE ( 'NONE', *, *, #6827, .F. ) ;
#4172 = LINE ( 'NONE', #6951, #4744 ) ;
#4173 = AXIS2_PLACEMENT_3D ( 'NONE', #557, #1573, #6458 ) ;
#4174 = CARTESIAN_POINT ( 'NONE',  ( 0.09500000000000133338, 0.1373467578910001763, -2.089999999999997193 ) ) ;
#4175 = ADVANCED_FACE ( 'NONE', ( #2800 ), #6757, .T. ) ;
#4176 = CARTESIAN_POINT ( 'NONE',  ( 2.550000000000001155, 0.5500000000000001554, 1.400000000000002798 ) ) ;
#4177 = AXIS2_PLACEMENT_3D ( 'NONE', #6889, #4086, #1349 ) ;
#4178 = EDGE_CURVE ( 'NONE', #2146, #6084, #3343, .T. ) ;
#4179 = ORIENTED_EDGE ( 'NONE', *, *, #2493, .F. ) ;
#4180 = LINE ( 'NONE', #5771, #681 ) ;
#4181 = EDGE_LOOP ( 'NONE', ( #5974, #2619, #5309, #1961, #2710, #5193 ) ) ;
#4182 = CARTESIAN_POINT ( 'NONE',  ( 1.095000000000001306, 0.9600000000000001865, -2.099999999999997868 ) ) ;
#4183 = ORIENTED_EDGE ( 'NONE', *, *, #6433, .T. ) ;
#4184 = CARTESIAN_POINT ( 'NONE',  ( 1.720000000000001528, 0.5500000000000001554, 1.400000000000002798 ) ) ;
#4185 = COLOUR_RGB ( '',0.7921568627450980005, 0.8196078431372548767, 0.9333333333333333481 ) ;
#4186 = LINE ( 'NONE', #3070, #4810 ) ;
#4187 = ADVANCED_FACE ( 'NONE', ( #3879 ), #2875, .F. ) ;
#4188 = EDGE_LOOP ( 'NONE', ( #719, #2390, #5449, #5982 ) ) ;
#4189 = PLANE ( 'NONE',  #218 ) ;
#4190 = VERTEX_POINT ( 'NONE', #1293 ) ;
#4191 = VERTEX_POINT ( 'NONE', #2912 ) ;
#4192 = DIRECTION ( 'NONE',  ( -1.000000000000000000, 0.000000000000000000, 0.000000000000000000 ) ) ;
#4193 = CARTESIAN_POINT ( 'NONE',  ( -0.4049999999999986944, 0.8099999999999997202, -1.989999999999996882 ) ) ;
#4194 = FACE_OUTER_BOUND ( 'NONE', #5762, .T. ) ;
#4195 = EDGE_LOOP ( 'NONE', ( #1678, #2332, #1093, #2138 ) ) ;
#4196 = ORIENTED_EDGE ( 'NONE', *, *, #190, .T. ) ;
#4197 = CARTESIAN_POINT ( 'NONE',  ( 1.105000000000001315, 0.05000000000000012768, -2.099999999999997868 ) ) ;
#4198 = LINE ( 'NONE', #1940, #2325 ) ;
#4199 = FACE_OUTER_BOUND ( 'NONE', #3381, .T. ) ;
#4200 = EDGE_CURVE ( 'NONE', #3337, #5733, #139, .T. ) ;
#4201 = CARTESIAN_POINT ( 'NONE',  ( 0.4050000000000008593, 0.8099999999999997202, -0.6999999999999970690 ) ) ;
#4202 = DIRECTION ( 'NONE',  ( -1.000000000000000000, 0.000000000000000000, 0.000000000000000000 ) ) ;
#4203 = ORIENTED_EDGE ( 'NONE', *, *, #4472, .T. ) ;
#4204 = FACE_OUTER_BOUND ( 'NONE', #5917, .T. ) ;
#4205 = CARTESIAN_POINT ( 'NONE',  ( -3.499999999999998668, 0.1600000000000001976, 1.050000000000002709 ) ) ;
#4206 = CARTESIAN_POINT ( 'NONE',  ( -3.199999999999998845, 0.9600000000000001865, 1.370000000000002993 ) ) ;
#4207 = VERTEX_POINT ( 'NONE', #2335 ) ;
#4208 = CARTESIAN_POINT ( 'NONE',  ( 1.370000000000001439, 1.640000000000000124, -0.1899999999999970324 ) ) ;
#4209 = VERTEX_POINT ( 'NONE', #612 ) ;
#4210 = CARTESIAN_POINT ( 'NONE',  ( 0.3950000000000012390, 0.05000000000000012768, -2.099999999999997868 ) ) ;
#4211 = VERTEX_POINT ( 'NONE', #68 ) ;
#4212 = CARTESIAN_POINT ( 'NONE',  ( -1.104999999999998428, 0.2500000000000000000, -1.749999999999997113 ) ) ;
#4213 = EDGE_CURVE ( 'NONE', #4790, #2091, #5025, .T. ) ;
#4214 = DIRECTION ( 'NONE',  ( -1.000000000000000000, -0.000000000000000000, 0.000000000000000000 ) ) ;
#4215 = EDGE_CURVE ( 'NONE', #6386, #3186, #1166, .T. ) ;
#4216 = PLANE ( 'NONE',  #2739 ) ;
#4217 = EDGE_LOOP ( 'NONE', ( #6292, #6565, #2344, #3981 ) ) ;
#4218 = DIRECTION ( 'NONE',  ( -1.000000000000000000, 0.000000000000000000, 0.000000000000000000 ) ) ;
#4219 = VERTEX_POINT ( 'NONE', #4452 ) ;
#4220 = LINE ( 'NONE', #6418, #7045 ) ;
#4221 = ORIENTED_EDGE ( 'NONE', *, *, #1090, .F. ) ;
#4222 = DIRECTION ( 'NONE',  ( 0.000000000000000000, 0.000000000000000000, 1.000000000000000000 ) ) ;
#4223 = ADVANCED_FACE ( 'NONE', ( #1733 ), #3988, .F. ) ;
#4224 = EDGE_CURVE ( 'NONE', #2899, #2117, #1257, .T. ) ;
#4225 = LINE ( 'NONE', #6936, #2549 ) ;
#4226 = LINE ( 'NONE', #5853, #5841 ) ;
#4227 = VERTEX_POINT ( 'NONE', #4562 ) ;
#4228 = AXIS2_PLACEMENT_3D ( 'NONE', #6278, #3072, #6348 ) ;
#4229 = EDGE_LOOP ( 'NONE', ( #5174, #50, #3342, #1880, #3240, #4343, #6008, #647, #4658, #6598, #5339, #1112 ) ) ;
#4230 = LINE ( 'NONE', #4809, #6643 ) ;
#4231 = AXIS2_PLACEMENT_3D ( 'NONE', #2505, #4701, #6355 ) ;
#4232 = DIRECTION ( 'NONE',  ( 0.000000000000000000, 0.000000000000000000, 1.000000000000000000 ) ) ;
#4233 = ADVANCED_FACE ( 'NONE', ( #1836 ), #103, .F. ) ;
#4234 = DIRECTION ( 'NONE',  ( 1.000000000000000000, -0.000000000000000000, -0.000000000000000000 ) ) ;
#4235 = VECTOR ( 'NONE', #409, 1000.000000000000000 ) ;
#4236 = VECTOR ( 'NONE', #3547, 1000.000000000000000 ) ;
#4237 = CARTESIAN_POINT ( 'NONE',  ( 1.301042606982605321E-15, 0.2500000000000000000, -2.099999999999997868 ) ) ;
#4238 = FACE_OUTER_BOUND ( 'NONE', #827, .T. ) ;
#4239 = ORIENTED_EDGE ( 'NONE', *, *, #2814, .F. ) ;
#4240 = VECTOR ( 'NONE', #5461, 1000.000000000000000 ) ;
#4241 = VECTOR ( 'NONE', #6473, 1000.000000000000000 ) ;
#4242 = CARTESIAN_POINT ( 'NONE',  ( -1.599999999999998090, 0.05000000000000012768, 1.200000000000002620 ) ) ;
#4243 = EDGE_CURVE ( 'NONE', #2664, #1472, #213, .T. ) ;
#4244 = DIRECTION ( 'NONE',  ( -1.000000000000000000, 0.000000000000000000, 0.000000000000000000 ) ) ;
#4245 = FACE_OUTER_BOUND ( 'NONE', #3862, .T. ) ;
#4246 = EDGE_LOOP ( 'NONE', ( #52, #4622, #4091, #6179 ) ) ;
#4247 = CARTESIAN_POINT ( 'NONE',  ( 0.09500000000000133338, 0.2212373928373861098, -2.394766404375773039 ) ) ;
#4248 = ORIENTED_EDGE ( 'NONE', *, *, #2948, .T. ) ;
#4249 = PLANE ( 'NONE',  #4275 ) ;
#4250 = ORIENTED_EDGE ( 'NONE', *, *, #5695, .F. ) ;
#4251 = EDGE_CURVE ( 'NONE', #1856, #1492, #4602, .T. ) ;
#4252 = DIRECTION ( 'NONE',  ( 0.000000000000000000, 0.000000000000000000, -1.000000000000000000 ) ) ;
#4253 = CARTESIAN_POINT ( 'NONE',  ( 0.9050000000000008038, 0.2212373928373861098, -2.394766404375773039 ) ) ;
#4254 = CARTESIAN_POINT ( 'NONE',  ( 1.000000000000001332, 1.670000000000000151, -1.749999999999997113 ) ) ;
#4255 = ORIENTED_EDGE ( 'NONE', *, *, #6893, .F. ) ;
#4256 = CARTESIAN_POINT ( 'NONE',  ( -0.9999999999999991118, 1.395000000000000240, -2.199999999999997069 ) ) ;
#4257 = EDGE_CURVE ( 'NONE', #1833, #446, #4674, .T. ) ;
#4258 = VERTEX_POINT ( 'NONE', #2583 ) ;
#4259 = CARTESIAN_POINT ( 'NONE',  ( -2.444432617519998630, 0.000000000000000000, -0.8999999999999971356 ) ) ;
#4260 = ORIENTED_EDGE ( 'NONE', *, *, #3054, .T. ) ;
#4261 = VECTOR ( 'NONE', #3520, 1000.000000000000000 ) ;
#4262 = CARTESIAN_POINT ( 'NONE',  ( 0.4050000000000008593, 1.537398680584445287E-13, -2.800000000000002931 ) ) ;
#4263 = DIRECTION ( 'NONE',  ( 0.000000000000000000, 0.000000000000000000, -1.000000000000000000 ) ) ;
#4264 = LINE ( 'NONE', #1575, #1715 ) ;
#4265 = VECTOR ( 'NONE', #5138, 1000.000000000000000 ) ;
#4266 = VERTEX_POINT ( 'NONE', #1331 ) ;
#4267 = EDGE_CURVE ( 'NONE', #1219, #2302, #1978, .T. ) ;
#4268 = EDGE_CURVE ( 'NONE', #4128, #1179, #6916, .T. ) ;
#4269 = VERTEX_POINT ( 'NONE', #2547 ) ;
#4270 = LINE ( 'NONE', #2118, #5727 ) ;
#4271 = LINE ( 'NONE', #3733, #5995 ) ;
#4272 = VECTOR ( 'NONE', #2791, 1000.000000000000000 ) ;
#4273 = FACE_OUTER_BOUND ( 'NONE', #5263, .T. ) ;
#4274 = CARTESIAN_POINT ( 'NONE',  ( -1.599999999999998090, 1.870000000000000107, 1.285000000000003029 ) ) ;
#4275 = AXIS2_PLACEMENT_3D ( 'NONE', #1592, #2564, #7029 ) ;
#4276 = EDGE_CURVE ( 'NONE', #6485, #354, #5648, .T. ) ;
#4277 = LINE ( 'NONE', #5388, #572 ) ;
#4278 = EDGE_LOOP ( 'NONE', ( #1136, #4105, #6195, #4099 ) ) ;
#4279 = CARTESIAN_POINT ( 'NONE',  ( 1.370000000000001439, 1.755000000000000115, -1.024999999999997247 ) ) ;
#4280 = LINE ( 'NONE', #2557, #6021 ) ;
#4281 = VECTOR ( 'NONE', #4887, 1000.000000000000000 ) ;
#4282 = DIRECTION ( 'NONE',  ( -1.000000000000000000, -0.000000000000000000, 0.000000000000000000 ) ) ;
#4283 = EDGE_CURVE ( 'NONE', #4470, #4490, #4198, .T. ) ;
#4284 = FACE_OUTER_BOUND ( 'NONE', #1768, .T. ) ;
#4285 = AXIS2_PLACEMENT_3D ( 'NONE', #2358, #2822, #6132 ) ;
#4286 = VERTEX_POINT ( 'NONE', #897 ) ;
#4287 = CARTESIAN_POINT ( 'NONE',  ( -0.8949999999999982414, 0.9600000000000001865, -2.099999999999997868 ) ) ;
#4288 = VERTEX_POINT ( 'NONE', #4741 ) ;
#4289 = CARTESIAN_POINT ( 'NONE',  ( -0.8995932708589982063, 0.7926488764346442117, 1.237440573436320523 ) ) ;
#4290 = PLANE ( 'NONE',  #3391 ) ;
#4291 = VECTOR ( 'NONE', #667, 1000.000000000000000 ) ;
#4292 = DIRECTION ( 'NONE',  ( 0.000000000000000000, 0.000000000000000000, -1.000000000000000000 ) ) ;
#4293 = EDGE_CURVE ( 'NONE', #1809, #2152, #831, .T. ) ;
#4294 = ORIENTED_EDGE ( 'NONE', *, *, #2761, .T. ) ;
#4295 = LINE ( 'NONE', #6522, #5731 ) ;
#4296 = ORIENTED_EDGE ( 'NONE', *, *, #1963, .T. ) ;
#4297 = CARTESIAN_POINT ( 'NONE',  ( -2.444432617519998630, 0.1999999999999998723, -0.1899999999999970324 ) ) ;
#4298 = AXIS2_PLACEMENT_3D ( 'NONE', #6295, #4107, #4716 ) ;
#4299 = ORIENTED_EDGE ( 'NONE', *, *, #1232, .T. ) ;
#4300 = DIRECTION ( 'NONE',  ( 0.000000000000000000, -1.000000000000000000, 0.000000000000000000 ) ) ;
#4301 = LINE ( 'NONE', #1231, #485 ) ;
#4302 = EDGE_CURVE ( 'NONE', #5514, #1001, #2984, .T. ) ;
#4303 = AXIS2_PLACEMENT_3D ( 'NONE', #6013, #2635, #7033 ) ;
#4304 = FACE_OUTER_BOUND ( 'NONE', #1204, .T. ) ;
#4305 = ORIENTED_EDGE ( 'NONE', *, *, #2989, .T. ) ;
#4306 = ORIENTED_EDGE ( 'NONE', *, *, #4257, .F. ) ;
#4307 = DIRECTION ( 'NONE',  ( 0.000000000000000000, -1.000000000000000000, 0.000000000000000000 ) ) ;
#4308 = DIRECTION ( 'NONE',  ( 0.000000000000000000, -1.000000000000000000, 0.000000000000000000 ) ) ;
#4309 = CARTESIAN_POINT ( 'NONE',  ( 1.514432617520251378, 0.1999999999999998723, -2.089999999999997193 ) ) ;
#4310 = EDGE_CURVE ( 'NONE', #2317, #2117, #5211, .T. ) ;
#4311 = EDGE_CURVE ( 'NONE', #5351, #7036, #1977, .T. ) ;
#4312 = DIRECTION ( 'NONE',  ( 0.000000000000000000, -0.05303311836778309973, -0.9985927540074525099 ) ) ;
#4313 = ORIENTED_EDGE ( 'NONE', *, *, #5686, .T. ) ;
#4314 = PLANE ( 'NONE',  #1650 ) ;
#4315 = CARTESIAN_POINT ( 'NONE',  ( -0.8949999999999982414, 0.2500000000000000000, -1.399999999999997247 ) ) ;
#4316 = ADVANCED_FACE ( 'NONE', ( #4131 ), #5312, .F. ) ;
#4317 = DIRECTION ( 'NONE',  ( -0.000000000000000000, 1.000000000000000000, -0.000000000000000000 ) ) ;
#4318 = CARTESIAN_POINT ( 'NONE',  ( 2.300000000000001155, 0.9450000000000000622, 0.07500000000000300870 ) ) ;
#4319 = EDGE_LOOP ( 'NONE', ( #6556, #2189, #3036, #6669, #6533, #3512, #756, #2319, #1161, #4934, #1930, #5344 ) ) ;
#4320 = FACE_OUTER_BOUND ( 'NONE', #4181, .T. ) ;
#4321 = VERTEX_POINT ( 'NONE', #290 ) ;
#4322 = LINE ( 'NONE', #6012, #1431 ) ;
#4323 = DIRECTION ( 'NONE',  ( 1.000000000000000000, -0.000000000000000000, -0.000000000000000000 ) ) ;
#4324 = DIRECTION ( 'NONE',  ( -0.000000000000000000, -0.000000000000000000, -1.000000000000000000 ) ) ;
#4325 = ORIENTED_EDGE ( 'NONE', *, *, #3741, .T. ) ;
#4326 = DIRECTION ( 'NONE',  ( -1.000000000000000000, 0.000000000000000000, 0.000000000000000000 ) ) ;
#4327 = ORIENTED_EDGE ( 'NONE', *, *, #4395, .F. ) ;
#4328 = LINE ( 'NONE', #4770, #3020 ) ;
#4329 = ORIENTED_EDGE ( 'NONE', *, *, #1387, .F. ) ;
#4330 = DIRECTION ( 'NONE',  ( -1.000000000000000000, 0.000000000000000000, 0.000000000000000000 ) ) ;
#4331 = EDGE_CURVE ( 'NONE', #6525, #1699, #6798, .T. ) ;
#4332 = CYLINDRICAL_SURFACE ( 'NONE', #3697, 0.09999999999953015917 ) ;
#4333 = PLANE ( 'NONE',  #6301 ) ;
#4334 = EDGE_LOOP ( 'NONE', ( #5361, #5049, #5980, #4250 ) ) ;
#4335 = EDGE_LOOP ( 'NONE', ( #205, #6578, #4155, #4720 ) ) ;
#4336 = CARTESIAN_POINT ( 'NONE',  ( 0.8950000000000012390, 0.1500000000000001887, -1.399999999999997247 ) ) ;
#4337 = CARTESIAN_POINT ( 'NONE',  ( 3.844432617520201489, 0.1000000000000000472, -0.9899999999999969935 ) ) ;
#4338 = DIRECTION ( 'NONE',  ( 0.000000000000000000, 0.000000000000000000, 1.000000000000000000 ) ) ;
#4339 = AXIS2_PLACEMENT_3D ( 'NONE', #4730, #5880, #2535 ) ;
#4340 = VECTOR ( 'NONE', #374, 1000.000000000000000 ) ;
#4341 = CARTESIAN_POINT ( 'NONE',  ( 3.200000000000001510, 1.640000000000000124, -0.3649999999999968270 ) ) ;
#4342 = ADVANCED_FACE ( 'NONE', ( #3593 ), #6942, .F. ) ;
#4343 = ORIENTED_EDGE ( 'NONE', *, *, #1406, .F. ) ;
#4344 = CARTESIAN_POINT ( 'NONE',  ( -2.549999999999998490, 1.050000000000000044, 1.400000000000002798 ) ) ;
#4345 = FACE_OUTER_BOUND ( 'NONE', #1959, .T. ) ;
#4346 = CARTESIAN_POINT ( 'NONE',  ( -1.369999999999998774, 1.755000000000000115, -2.099999999999997868 ) ) ;
#4347 = VECTOR ( 'NONE', #3729, 1000.000000000000000 ) ;
#4348 = CARTESIAN_POINT ( 'NONE',  ( 0.9050000000000008038, 0.8099999999999997202, -2.799999999999997602 ) ) ;
#4349 = VECTOR ( 'NONE', #6873, 1000.000000000000000 ) ;
#4350 = VECTOR ( 'NONE', #628, 1000.000000000000000 ) ;
#4351 = LINE ( 'NONE', #6553, #6074 ) ;
#4352 = EDGE_CURVE ( 'NONE', #932, #740, #2016, .T. ) ;
#4353 = ADVANCED_FACE ( 'NONE', ( #2445 ), #5714, .F. ) ;
#4354 = VERTEX_POINT ( 'NONE', #2511 ) ;
#4355 = DIRECTION ( 'NONE',  ( 0.000000000000000000, 0.05233595624340402902, 0.9986295347545498524 ) ) ;
#4356 = EDGE_LOOP ( 'NONE', ( #2004, #226, #5310, #2687, #3522, #5430, #4450, #5129, #6888, #2678 ) ) ;
#4357 = CARTESIAN_POINT ( 'NONE',  ( -0.4999999999999987232, 0.2500000000000000000, -1.749999999999997113 ) ) ;
#4358 = DIRECTION ( 'NONE',  ( -1.000000000000000000, 0.000000000000000000, 0.000000000000000000 ) ) ;
#4359 = DIRECTION ( 'NONE',  ( 0.000000000000000000, -1.000000000000000000, 0.000000000000000000 ) ) ;
#4360 = ORIENTED_EDGE ( 'NONE', *, *, #4786, .F. ) ;
#4361 = LINE ( 'NONE', #3858, #5378 ) ;
#4362 = EDGE_CURVE ( 'NONE', #5541, #5218, #1908, .T. ) ;
#4363 = VERTEX_POINT ( 'NONE', #5822 ) ;
#4364 = DIRECTION ( 'NONE',  ( -1.000000000000000000, 0.000000000000000000, 0.000000000000000000 ) ) ;
#4365 = ORIENTED_EDGE ( 'NONE', *, *, #2240, .T. ) ;
#4366 = CARTESIAN_POINT ( 'NONE',  ( 1.301042606982605321E-15, 3.083470978548774610E-13, -2.800000000000010925 ) ) ;
#4367 = CARTESIAN_POINT ( 'NONE',  ( 1.514432617520001578, 0.9100000000000000311, -1.389999999999997904 ) ) ;
#4368 = DIRECTION ( 'NONE',  ( 0.000000000000000000, 0.000000000000000000, 1.000000000000000000 ) ) ;
#4369 = ORIENTED_EDGE ( 'NONE', *, *, #6419, .T. ) ;
#4370 = ADVANCED_FACE ( 'NONE', ( #6287 ), #3562, .F. ) ;
#4371 = ORIENTED_EDGE ( 'NONE', *, *, #5695, .T. ) ;
#4372 = DIRECTION ( 'NONE',  ( 1.000000000000000000, 0.000000000000000000, 0.000000000000000000 ) ) ;
#4373 = DIRECTION ( 'NONE',  ( 0.000000000000000000, 0.000000000000000000, 1.000000000000000000 ) ) ;
#4374 = DIRECTION ( 'NONE',  ( 0.000000000000000000, 0.000000000000000000, -1.000000000000000000 ) ) ;
#4375 = VECTOR ( 'NONE', #5280, 1000.000000000000000 ) ;
#4376 = ORIENTED_EDGE ( 'NONE', *, *, #1859, .T. ) ;
#4377 = EDGE_CURVE ( 'NONE', #2130, #4561, #4849, .T. ) ;
#4378 = VERTEX_POINT ( 'NONE', #3270 ) ;
#4379 = ORIENTED_EDGE ( 'NONE', *, *, #2257, .F. ) ;
#4380 = VECTOR ( 'NONE', #461, 1000.000000000000000 ) ;
#4381 = ORIENTED_EDGE ( 'NONE', *, *, #679, .T. ) ;
#4382 = DIRECTION ( 'NONE',  ( 0.000000000000000000, 0.000000000000000000, 1.000000000000000000 ) ) ;
#4383 = DIRECTION ( 'NONE',  ( 0.000000000000000000, 0.000000000000000000, -1.000000000000000000 ) ) ;
#4384 = EDGE_CURVE ( 'NONE', #5663, #6640, #1004, .T. ) ;
#4385 = VECTOR ( 'NONE', #1106, 1000.000000000000000 ) ;
#4386 = PLANE ( 'NONE',  #693 ) ;
#4387 = DIRECTION ( 'NONE',  ( -0.000000000000000000, 1.000000000000000000, -0.000000000000000000 ) ) ;
#4388 = ORIENTED_EDGE ( 'NONE', *, *, #4958, .T. ) ;
#4389 = CARTESIAN_POINT ( 'NONE',  ( -1.369999999999998774, 1.755000000000000115, -2.089999999999997193 ) ) ;
#4390 = ORIENTED_EDGE ( 'NONE', *, *, #3846, .F. ) ;
#4391 = VECTOR ( 'NONE', #1421, 1000.000000000000000 ) ;
#4392 = LINE ( 'NONE', #5001, #3834 ) ;
#4393 = FACE_OUTER_BOUND ( 'NONE', #520, .T. ) ;
#4394 = EDGE_CURVE ( 'NONE', #3011, #3080, #6030, .T. ) ;
#4395 = EDGE_CURVE ( 'NONE', #3194, #1864, #3162, .T. ) ;
#4396 = DIRECTION ( 'NONE',  ( 0.000000000000000000, 0.000000000000000000, 1.000000000000000000 ) ) ;
#4397 = AXIS2_PLACEMENT_3D ( 'NONE', #6118, #1626, #76 ) ;
#4398 = ORIENTED_EDGE ( 'NONE', *, *, #2721, .T. ) ;
#4399 = DIRECTION ( 'NONE',  ( 0.000000000000000000, -1.000000000000000000, 0.000000000000000000 ) ) ;
#4400 = ORIENTED_EDGE ( 'NONE', *, *, #6865, .F. ) ;
#4401 = FACE_OUTER_BOUND ( 'NONE', #758, .T. ) ;
#4402 = ORIENTED_EDGE ( 'NONE', *, *, #7080, .F. ) ;
#4403 = CARTESIAN_POINT ( 'NONE',  ( 2.582216308760601375, 0.000000000000000000, -0.8999999999999971356 ) ) ;
#4404 = AXIS2_PLACEMENT_3D ( 'NONE', #4604, #3495, #6184 ) ;
#4405 = ORIENTED_EDGE ( 'NONE', *, *, #2634, .F. ) ;
#4406 = LINE ( 'NONE', #1069, #3584 ) ;
#4407 = ADVANCED_FACE ( 'NONE', ( #6978 ), #3196, .F. ) ;
#4408 = CARTESIAN_POINT ( 'NONE',  ( 0.6050000000000013145, 1.670000000000000151, -2.099999999999997868 ) ) ;
#4409 = ORIENTED_EDGE ( 'NONE', *, *, #1403, .T. ) ;
#4410 = CARTESIAN_POINT ( 'NONE',  ( 1.370000000000001439, 0.1650000000000000078, -1.024999999999997247 ) ) ;
#4411 = AXIS2_PLACEMENT_3D ( 'NONE', #2381, #4681, #5764 ) ;
#4412 = VERTEX_POINT ( 'NONE', #1579 ) ;
#4413 = CARTESIAN_POINT ( 'NONE',  ( -0.4049999999999986944, 0.1373467578910001763, -1.989999999999996882 ) ) ;
#4414 = CARTESIAN_POINT ( 'NONE',  ( -2.399999999999998579, 0.5500000000000001554, 1.370000000000002993 ) ) ;
#4415 = PLANE ( 'NONE',  #4727 ) ;
#4416 = EDGE_CURVE ( 'NONE', #6304, #1181, #3763, .T. ) ;
#4417 = EDGE_LOOP ( 'NONE', ( #1153, #1089, #4917, #6072, #4062, #6722, #5191, #2834, #742, #199 ) ) ;
#4418 = VERTEX_POINT ( 'NONE', #5959 ) ;
#4419 = ORIENTED_EDGE ( 'NONE', *, *, #6586, .T. ) ;
#4420 = DIRECTION ( 'NONE',  ( -1.000000000000000000, 0.000000000000000000, 0.000000000000000000 ) ) ;
#4421 = FACE_OUTER_BOUND ( 'NONE', #3403, .T. ) ;
#4422 = ADVANCED_FACE ( 'NONE', ( #3302 ), #569, .F. ) ;
#4423 = DIRECTION ( 'NONE',  ( 0.000000000000000000, 0.000000000000000000, -1.000000000000000000 ) ) ;
#4424 = FACE_OUTER_BOUND ( 'NONE', #5910, .T. ) ;
#4425 = ORIENTED_EDGE ( 'NONE', *, *, #3348, .T. ) ;
#4426 = FACE_OUTER_BOUND ( 'NONE', #4570, .T. ) ;
#4427 = EDGE_LOOP ( 'NONE', ( #2872, #3066, #2336, #6523 ) ) ;
#4428 = DIRECTION ( 'NONE',  ( 0.000000000000000000, 0.000000000000000000, 1.000000000000000000 ) ) ;
#4429 = DIRECTION ( 'NONE',  ( -1.000000000000000000, -0.000000000000000000, 0.000000000000000000 ) ) ;
#4430 = CARTESIAN_POINT ( 'NONE',  ( 1.550000000000001377, 1.050000000000000044, 0.9250000000000028200 ) ) ;
#4431 = ORIENTED_EDGE ( 'NONE', *, *, #2907, .T. ) ;
#4432 = CARTESIAN_POINT ( 'NONE',  ( 0.4050000000000008593, 0.1373467578910001763, -1.989999999999996882 ) ) ;
#4433 = VERTEX_POINT ( 'NONE', #971 ) ;
#4434 = CARTESIAN_POINT ( 'NONE',  ( 0.1050000000000013561, 0.05000000000000012768, -2.099999999999997868 ) ) ;
#4435 = EDGE_CURVE ( 'NONE', #3956, #6084, #2048, .T. ) ;
#4436 = ORIENTED_EDGE ( 'NONE', *, *, #2431, .T. ) ;
#4437 = EDGE_CURVE ( 'NONE', #6448, #707, #2613, .T. ) ;
#4438 = DIRECTION ( 'NONE',  ( -1.000000000000000000, 0.000000000000000000, 0.000000000000000000 ) ) ;
#4439 = VERTEX_POINT ( 'NONE', #1075 ) ;
#4440 = LINE ( 'NONE', #2860, #2514 ) ;
#4441 = ORIENTED_EDGE ( 'NONE', *, *, #5938, .T. ) ;
#4442 = DIRECTION ( 'NONE',  ( 0.000000000000000000, 0.000000000000000000, -1.000000000000000000 ) ) ;
#4443 = VERTEX_POINT ( 'NONE', #6432 ) ;
#4444 = LINE ( 'NONE', #92, #444 ) ;
#4445 = DIRECTION ( 'NONE',  ( 1.000000000000000000, 0.000000000000000000, -0.000000000000000000 ) ) ;
#4446 = EDGE_CURVE ( 'NONE', #848, #6183, #2661, .T. ) ;
#4447 = EDGE_CURVE ( 'NONE', #5218, #1564, #2184, .T. ) ;
#4448 = CARTESIAN_POINT ( 'NONE',  ( -0.4999999999999987232, 0.1373467578910001763, -1.989999999999996882 ) ) ;
#4449 = ORIENTED_EDGE ( 'NONE', *, *, #2823, .F. ) ;
#4450 = ORIENTED_EDGE ( 'NONE', *, *, #4446, .T. ) ;
#4451 = EDGE_LOOP ( 'NONE', ( #6306, #5689, #6374, #4110 ) ) ;
#4452 = CARTESIAN_POINT ( 'NONE',  ( -0.09499999999999916844, 0.2212373928370751364, -2.394766404375737512 ) ) ;
#4453 = EDGE_CURVE ( 'NONE', #5733, #3560, #3696, .T. ) ;
#4454 = ORIENTED_EDGE ( 'NONE', *, *, #2854, .F. ) ;
#4455 = CARTESIAN_POINT ( 'NONE',  ( -1.719999999999998419, 0.5500000000000001554, 1.400000000000002798 ) ) ;
#4456 = CARTESIAN_POINT ( 'NONE',  ( 0.3995932708590012039, 0.03748380441553813419, -2.084766404375788085 ) ) ;
#4457 = CIRCLE ( 'NONE', #2298, 0.1000000000000002554 ) ;
#4458 = DIRECTION ( 'NONE',  ( -1.000000000000000000, -0.000000000000000000, 0.000000000000000000 ) ) ;
#4459 = LINE ( 'NONE', #619, #1831 ) ;
#4460 = ADVANCED_FACE ( 'NONE', ( #5417 ), #4811, .T. ) ;
#4461 = ORIENTED_EDGE ( 'NONE', *, *, #1660, .T. ) ;
#4462 = VECTOR ( 'NONE', #3045, 1000.000000000000000 ) ;
#4463 = VECTOR ( 'NONE', #1964, 1000.000000000000000 ) ;
#4464 = LINE ( 'NONE', #6623, #151 ) ;
#4465 = ORIENTED_EDGE ( 'NONE', *, *, #5810, .F. ) ;
#4466 = CARTESIAN_POINT ( 'NONE',  ( 1.370000000000001439, 1.755000000000000115, -2.089999999999997193 ) ) ;
#4467 = FACE_OUTER_BOUND ( 'NONE', #3994, .T. ) ;
#4468 = AXIS2_PLACEMENT_3D ( 'NONE', #6336, #301, #6268 ) ;
#4469 = PLANE ( 'NONE',  #6424 ) ;
#4470 = VERTEX_POINT ( 'NONE', #2651 ) ;
#4471 = DIRECTION ( 'NONE',  ( 0.000000000000000000, 0.000000000000000000, 1.000000000000000000 ) ) ;
#4472 = EDGE_CURVE ( 'NONE', #816, #4363, #2085, .T. ) ;
#4473 = EDGE_LOOP ( 'NONE', ( #4556, #4465, #4507, #5950 ) ) ;
#4474 = PLANE ( 'NONE',  #4853 ) ;
#4475 = ORIENTED_EDGE ( 'NONE', *, *, #1737, .T. ) ;
#4476 = VECTOR ( 'NONE', #1444, 1000.000000000000000 ) ;
#4477 = CARTESIAN_POINT ( 'NONE',  ( -1.599999999999998090, 1.760000000000000009, 1.650000000000002798 ) ) ;
#4478 = CIRCLE ( 'NONE', #1936, 0.09999999999953015917 ) ;
#4479 = EDGE_CURVE ( 'NONE', #4269, #664, #4271, .T. ) ;
#4480 = CARTESIAN_POINT ( 'NONE',  ( -0.5949999999999996403, 0.2500000000000000000, -1.989999999999996882 ) ) ;
#4481 = ORIENTED_EDGE ( 'NONE', *, *, #5237, .F. ) ;
#4482 = CARTESIAN_POINT ( 'NONE',  ( 1.600000000000001421, 0.05000000000000012768, 2.602085213965210642E-15 ) ) ;
#4483 = ORIENTED_EDGE ( 'NONE', *, *, #1866, .T. ) ;
#4484 = CARTESIAN_POINT ( 'NONE',  ( 0.1050000000000013561, 1.770000000000000018, -1.749999999999997113 ) ) ;
#4485 = CARTESIAN_POINT ( 'NONE',  ( 1.370000000000001439, 0.1650000000000000078, 0.05000000000000316691 ) ) ;
#4486 = DIRECTION ( 'NONE',  ( -0.9979524846468679211, 0.000000000000000000, -0.06395966218752797972 ) ) ;
#4487 = EDGE_CURVE ( 'NONE', #5491, #552, #2719, .T. ) ;
#4488 = EDGE_CURVE ( 'NONE', #3841, #1290, #6575, .T. ) ;
#4489 = ORIENTED_EDGE ( 'NONE', *, *, #5281, .F. ) ;
#4490 = VERTEX_POINT ( 'NONE', #3451 ) ;
#4491 = ORIENTED_EDGE ( 'NONE', *, *, #3229, .T. ) ;
#4492 = LINE ( 'NONE', #3386, #847 ) ;
#4493 = VECTOR ( 'NONE', #6281, 1000.000000000000000 ) ;
#4494 = LINE ( 'NONE', #4346, #808 ) ;
#4495 = EDGE_CURVE ( 'NONE', #6632, #3517, #1139, .T. ) ;
#4496 = CARTESIAN_POINT ( 'NONE',  ( -3.499999999999998668, 1.659999999999999920, 1.050000000000002709 ) ) ;
#4497 = VECTOR ( 'NONE', #5952, 1000.000000000000000 ) ;
#4498 = CARTESIAN_POINT ( 'NONE',  ( 1.301042606982605321E-15, 0.01874190220800021900, -2.442383202187996538 ) ) ;
#4499 = ORIENTED_EDGE ( 'NONE', *, *, #5249, .F. ) ;
#4500 = PLANE ( 'NONE',  #4397 ) ;
#4501 = VERTEX_POINT ( 'NONE', #172 ) ;
#4502 = DIRECTION ( 'NONE',  ( 0.000000000000000000, 0.000000000000000000, -1.000000000000000000 ) ) ;
#4503 = LINE ( 'NONE', #6627, #863 ) ;
#4504 = CIRCLE ( 'NONE', #5306, 0.09999999999953015917 ) ;
#4505 = EDGE_CURVE ( 'NONE', #3491, #1420, #3983, .T. ) ;
#4506 = DIRECTION ( 'NONE',  ( 0.000000000000000000, 0.000000000000000000, 1.000000000000000000 ) ) ;
#4507 = ORIENTED_EDGE ( 'NONE', *, *, #1728, .T. ) ;
#4508 = CARTESIAN_POINT ( 'NONE',  ( 1.370000000000001439, 1.820000000000000284, -0.1899999999999970324 ) ) ;
#4509 = VECTOR ( 'NONE', #1347, 1000.000000000000000 ) ;
#4510 = ORIENTED_EDGE ( 'NONE', *, *, #5365, .F. ) ;
#4511 = CARTESIAN_POINT ( 'NONE',  ( -0.3949999999999986300, 0.1500000000000001887, -1.749999999999997113 ) ) ;
#4512 = VERTEX_POINT ( 'NONE', #1762 ) ;
#4513 = CARTESIAN_POINT ( 'NONE',  ( -0.09499999999999916844, 1.169999999999994378, -2.299999999999985167 ) ) ;
#4514 = VECTOR ( 'NONE', #4106, 1000.000000000000000 ) ;
#4515 = ADVANCED_FACE ( 'NONE', ( #3873 ), #716, .F. ) ;
#4516 = DIRECTION ( 'NONE',  ( -0.000000000000000000, 1.000000000000000000, -0.000000000000000000 ) ) ;
#4517 = VERTEX_POINT ( 'NONE', #4946 ) ;
#4518 = CARTESIAN_POINT ( 'NONE',  ( 1.600000000000001421, 1.050000000000000044, 0.9250000000000028200 ) ) ;
#4519 = ORIENTED_EDGE ( 'NONE', *, *, #3575, .T. ) ;
#4520 = CARTESIAN_POINT ( 'NONE',  ( -3.844432617519998541, 0.1000000000000000472, -0.9899999999999969935 ) ) ;
#4521 = LINE ( 'NONE', #1797, #2208 ) ;
#4522 = VECTOR ( 'NONE', #6110, 1000.000000000000000 ) ;
#4523 = EDGE_CURVE ( 'NONE', #1807, #598, #5634, .T. ) ;
#4524 = LINE ( 'NONE', #174, #4150 ) ;
#4525 = VECTOR ( 'NONE', #2967, 1000.000000000000000 ) ;
#4526 = ORIENTED_EDGE ( 'NONE', *, *, #1141, .T. ) ;
#4527 = EDGE_LOOP ( 'NONE', ( #4045, #1766, #3401, #5225 ) ) ;
#4528 = VERTEX_POINT ( 'NONE', #2903 ) ;
#4529 = CARTESIAN_POINT ( 'NONE',  ( -0.5949999999999991962, 0.5207565403230001166, 1.110655094915502961 ) ) ;
#4530 = EDGE_LOOP ( 'NONE', ( #3470, #3374, #3427, #528 ) ) ;
#4531 = DIRECTION ( 'NONE',  ( -0.000000000000000000, -0.000000000000000000, -1.000000000000000000 ) ) ;
#4532 = EDGE_CURVE ( 'NONE', #1846, #4219, #4504, .T. ) ;
#4533 = VECTOR ( 'NONE', #2201, 1000.000000000000000 ) ;
#4534 = EDGE_CURVE ( 'NONE', #5115, #1928, #6454, .T. ) ;
#4535 = DIRECTION ( 'NONE',  ( 0.000000000000000000, 0.000000000000000000, -1.000000000000000000 ) ) ;
#4536 = CARTESIAN_POINT ( 'NONE',  ( 1.105000000000001315, 0.2500000000000000000, -2.099999999999997868 ) ) ;
#4537 = CARTESIAN_POINT ( 'NONE',  ( -3.199999999999998845, 0.2800000000000000822, -1.024999999999997247 ) ) ;
#4538 = EDGE_LOOP ( 'NONE', ( #4603, #4879, #6790, #6592 ) ) ;
#4539 = LINE ( 'NONE', #5690, #6353 ) ;
#4540 = ORIENTED_EDGE ( 'NONE', *, *, #1426, .T. ) ;
#4541 = ADVANCED_FACE ( 'NONE', ( #63 ), #6214, .T. ) ;
#4542 = LINE ( 'NONE', #4966, #2006 ) ;
#4543 = DIRECTION ( 'NONE',  ( 0.000000000000000000, 0.000000000000000000, -1.000000000000000000 ) ) ;
#4544 = CARTESIAN_POINT ( 'NONE',  ( 1.095000000000001306, 0.1373467578910001763, -2.089999999999997193 ) ) ;
#4545 = DIRECTION ( 'NONE',  ( 0.000000000000000000, 0.000000000000000000, 1.000000000000000000 ) ) ;
#4546 = EDGE_LOOP ( 'NONE', ( #2758, #2182, #2560, #3901 ) ) ;
#4547 = CARTESIAN_POINT ( 'NONE',  ( -1.789432617519999269, 1.820000000000000284, -1.135193183304997078 ) ) ;
#4548 = VERTEX_POINT ( 'NONE', #3911 ) ;
#4549 = CARTESIAN_POINT ( 'NONE',  ( -0.5949999999999991962, 0.1373467578910001763, -2.089999999999997193 ) ) ;
#4550 = ORIENTED_EDGE ( 'NONE', *, *, #2592, .F. ) ;
#4551 = EDGE_CURVE ( 'NONE', #2648, #3213, #6717, .T. ) ;
#4552 = DIRECTION ( 'NONE',  ( -1.000000000000000000, 0.000000000000000000, 0.000000000000000000 ) ) ;
#4553 = CARTESIAN_POINT ( 'NONE',  ( -2.549999999999998490, 1.340000000000000080, 1.400000000000002798 ) ) ;
#4554 = ORIENTED_EDGE ( 'NONE', *, *, #6032, .F. ) ;
#4555 = FACE_OUTER_BOUND ( 'NONE', #595, .T. ) ;
#4556 = ORIENTED_EDGE ( 'NONE', *, *, #4711, .T. ) ;
#4557 = CARTESIAN_POINT ( 'NONE',  ( -0.09499999999999916844, 0.3211003463129999402, -2.399999999999998579 ) ) ;
#4558 = DIRECTION ( 'NONE',  ( 0.000000000000000000, 0.000000000000000000, 1.000000000000000000 ) ) ;
#4559 = ORIENTED_EDGE ( 'NONE', *, *, #3955, .T. ) ;
#4560 = ORIENTED_EDGE ( 'NONE', *, *, #2779, .T. ) ;
#4561 = VERTEX_POINT ( 'NONE', #1724 ) ;
#4562 = CARTESIAN_POINT ( 'NONE',  ( 1.095000000000001306, 0.03748380441565956483, -2.084766404375729021 ) ) ;
#4563 = ORIENTED_EDGE ( 'NONE', *, *, #4394, .F. ) ;
#4564 = EDGE_CURVE ( 'NONE', #3120, #2117, #1286, .T. ) ;
#4565 = CARTESIAN_POINT ( 'NONE',  ( -1.499999999999998668, 0.6600000000000002531, 1.900000000000002798 ) ) ;
#4566 = PLANE ( 'NONE',  #5645 ) ;
#4567 = EDGE_CURVE ( 'NONE', #4439, #2405, #5059, .T. ) ;
#4568 = LINE ( 'NONE', #4712, #4134 ) ;
#4569 = LINE ( 'NONE', #1843, #6658 ) ;
#4570 = EDGE_LOOP ( 'NONE', ( #5848, #2931, #3987, #5912 ) ) ;
#4571 = LINE ( 'NONE', #1808, #2454 ) ;
#4572 = ORIENTED_EDGE ( 'NONE', *, *, #318, .F. ) ;
#4573 = FACE_OUTER_BOUND ( 'NONE', #6799, .T. ) ;
#4574 = VECTOR ( 'NONE', #3375, 1000.000000000000000 ) ;
#4575 = CARTESIAN_POINT ( 'NONE',  ( -0.09499999999999916844, 0.8099999999999997202, -0.6999999999999970690 ) ) ;
#4576 = DIRECTION ( 'NONE',  ( -0.000000000000000000, 1.000000000000000000, -0.000000000000000000 ) ) ;
#4577 = EDGE_CURVE ( 'NONE', #5593, #3487, #1685, .T. ) ;
#4578 = LINE ( 'NONE', #6917, #2294 ) ;
#4579 = ADVANCED_FACE ( 'NONE', ( #6679 ), #3339, .T. ) ;
#4580 = VECTOR ( 'NONE', #4399, 1000.000000000000000 ) ;
#4581 = VECTOR ( 'NONE', #3158, 1000.000000000000000 ) ;
#4582 = VERTEX_POINT ( 'NONE', #6101 ) ;
#4583 = LINE ( 'NONE', #6050, #3653 ) ;
#4584 = ORIENTED_EDGE ( 'NONE', *, *, #6880, .F. ) ;
#4585 = DIRECTION ( 'NONE',  ( -1.000000000000000000, 0.000000000000000000, 0.000000000000000000 ) ) ;
#4586 = ORIENTED_EDGE ( 'NONE', *, *, #828, .T. ) ;
#4587 = CARTESIAN_POINT ( 'NONE',  ( 0.1050000000000013561, 0.1500000000000001887, -1.749999999999997113 ) ) ;
#4588 = AXIS2_PLACEMENT_3D ( 'NONE', #1409, #2517, #3500 ) ;
#4589 = VECTOR ( 'NONE', #6738, 1000.000000000000000 ) ;
#4590 = DIRECTION ( 'NONE',  ( 1.000000000000000000, -0.000000000000000000, -0.000000000000000000 ) ) ;
#4591 = EDGE_CURVE ( 'NONE', #7114, #3517, #5595, .T. ) ;
#4592 = ORIENTED_EDGE ( 'NONE', *, *, #2440, .F. ) ;
#4593 = DIRECTION ( 'NONE',  ( -1.000000000000000000, -0.000000000000000000, 0.000000000000000000 ) ) ;
#4594 = VECTOR ( 'NONE', #6948, 1000.000000000000000 ) ;
#4595 = ORIENTED_EDGE ( 'NONE', *, *, #1632, .F. ) ;
#4596 = VECTOR ( 'NONE', #1049, 1000.000000000000000 ) ;
#4597 = DIRECTION ( 'NONE',  ( 1.000000000000000000, -0.000000000000000000, -0.000000000000000000 ) ) ;
#4598 = DIRECTION ( 'NONE',  ( 0.000000000000000000, -1.000000000000000000, 0.000000000000000000 ) ) ;
#4599 = ORIENTED_EDGE ( 'NONE', *, *, #1943, .F. ) ;
#4600 = ORIENTED_EDGE ( 'NONE', *, *, #6247, .T. ) ;
#4601 = EDGE_LOOP ( 'NONE', ( #683, #1544, #2029, #6191 ) ) ;
#4602 = LINE ( 'NONE', #1692, #5071 ) ;
#4603 = ORIENTED_EDGE ( 'NONE', *, *, #2727, .F. ) ;
#4604 = CARTESIAN_POINT ( 'NONE',  ( -0.4999999999999987232, 0.1500000000000001887, -1.399999999999997247 ) ) ;
#4605 = LINE ( 'NONE', #2915, #3448 ) ;
#4606 = EDGE_CURVE ( 'NONE', #3542, #2007, #676, .T. ) ;
#4607 = DIRECTION ( 'NONE',  ( 0.000000000000000000, 0.000000000000000000, 1.000000000000000000 ) ) ;
#4608 = CARTESIAN_POINT ( 'NONE',  ( 2.400000000000001688, 0.5500000000000001554, 1.370000000000002993 ) ) ;
#4609 = AXIS2_PLACEMENT_3D ( 'NONE', #2550, #5929, #3626 ) ;
#4610 = ORIENTED_EDGE ( 'NONE', *, *, #5409, .F. ) ;
#4611 = DIRECTION ( 'NONE',  ( -0.000000000000000000, -0.000000000000000000, -1.000000000000000000 ) ) ;
#4612 = EDGE_LOOP ( 'NONE', ( #6384, #6313, #3300, #2801, #3871, #3791, #574, #2901, #43, #238, #3928, #3168, #1937, #4376, #5047, #3341, #3138, #5954, #3494, #3970, #1017, #179, #556, #6966, #6218, #5870, #306, #5632, #5335, #3681, #4239, #526 ) ) ;
#4613 = FACE_OUTER_BOUND ( 'NONE', #350, .T. ) ;
#4614 = APPLICATION_PROTOCOL_DEFINITION ( 'draft international standard', 'automotive_design', 1998, #1350 ) ;
#4615 = DIRECTION ( 'NONE',  ( -0.000000000000000000, -0.000000000000000000, -1.000000000000000000 ) ) ;
#4616 = VECTOR ( 'NONE', #6879, 999.9999999999998863 ) ;
#4617 = CARTESIAN_POINT ( 'NONE',  ( -1.719999999999998419, 1.050000000000000044, 1.370000000000002993 ) ) ;
#4618 = VERTEX_POINT ( 'NONE', #4986 ) ;
#4619 = CARTESIAN_POINT ( 'NONE',  ( -3.199999999999998845, 0.2800000000000000822, -2.099999999999997868 ) ) ;
#4620 = ORIENTED_EDGE ( 'NONE', *, *, #5457, .T. ) ;
#4621 = CARTESIAN_POINT ( 'NONE',  ( -3.199999999999998845, 1.870000000000000107, -0.3649999999999968270 ) ) ;
#4622 = ORIENTED_EDGE ( 'NONE', *, *, #714, .F. ) ;
#4623 = VECTOR ( 'NONE', #1613, 1000.000000000000000 ) ;
#4624 = FACE_OUTER_BOUND ( 'NONE', #566, .T. ) ;
#4625 = EDGE_CURVE ( 'NONE', #2776, #3366, #2256, .T. ) ;
#4626 = EDGE_CURVE ( 'NONE', #176, #2771, #4521, .T. ) ;
#4627 = PLANE ( 'NONE',  #3315 ) ;
#4628 = VECTOR ( 'NONE', #4308, 1000.000000000000000 ) ;
#4629 = EDGE_LOOP ( 'NONE', ( #2408, #6663, #878, #3652 ) ) ;
#4630 = CARTESIAN_POINT ( 'NONE',  ( 0.3950000000000012390, 1.870000000000000107, -2.099999999999997868 ) ) ;
#4631 = ORIENTED_EDGE ( 'NONE', *, *, #3356, .T. ) ;
#4632 = LINE ( 'NONE', #5783, #1408 ) ;
#4633 = VECTOR ( 'NONE', #2064, 1000.000000000000000 ) ;
#4634 = EDGE_CURVE ( 'NONE', #1400, #4561, #6933, .T. ) ;
#4635 = DIRECTION ( 'NONE',  ( 0.000000000000000000, -0.4226182617285969556, 0.9063077870422934224 ) ) ;
#4636 = CARTESIAN_POINT ( 'NONE',  ( -1.599999999999998090, 0.9600000000000001865, 1.370000000000002993 ) ) ;
#4637 = ORIENTED_EDGE ( 'NONE', *, *, #800, .T. ) ;
#4638 = AXIS2_PLACEMENT_3D ( 'NONE', #261, #803, #3600 ) ;
#4639 = VERTEX_POINT ( 'NONE', #1865 ) ;
#4640 = CARTESIAN_POINT ( 'NONE',  ( 1.720000000000001528, 0.9600000000000001865, 1.370000000000002993 ) ) ;
#4641 = DIRECTION ( 'NONE',  ( 0.000000000000000000, -0.9985927540074335251, 0.05303311836814177116 ) ) ;
#4642 = DIRECTION ( 'NONE',  ( 0.000000000000000000, 0.000000000000000000, -1.000000000000000000 ) ) ;
#4643 = DIRECTION ( 'NONE',  ( 0.000000000000000000, 0.000000000000000000, -1.000000000000000000 ) ) ;
#4644 = AXIS2_PLACEMENT_3D ( 'NONE', #4940, #6527, #1606 ) ;
#4645 = PLANE ( 'NONE',  #4709 ) ;
#4646 = CARTESIAN_POINT ( 'NONE',  ( 1.301042606982605321E-15, 0.05000000000000012768, 0.05000000000000316691 ) ) ;
#4647 = VECTOR ( 'NONE', #2467, 1000.000000000000000 ) ;
#4648 = CARTESIAN_POINT ( 'NONE',  ( -1.094999999999998863, 0.7926488764353972760, 1.237440573434730684 ) ) ;
#4649 = ORIENTED_EDGE ( 'NONE', *, *, #4067, .T. ) ;
#4650 = ADVANCED_FACE ( 'NONE', ( #2473 ), #6351, .F. ) ;
#4651 = CARTESIAN_POINT ( 'NONE',  ( 3.500000000000001332, 0.9100000000000000311, 0.7000000000000029532 ) ) ;
#4652 = PRODUCT_CONTEXT ( 'NONE', #1350, 'mechanical' ) ;
#4653 = DIRECTION ( 'NONE',  ( 0.000000000000000000, 0.000000000000000000, -1.000000000000000000 ) ) ;
#4654 = AXIS2_PLACEMENT_3D ( 'NONE', #4866, #3217, #448 ) ;
#4655 = DIRECTION ( 'NONE',  ( 0.000000000000000000, 0.05233595624347588821, 0.9986295347545459666 ) ) ;
#4656 = VERTEX_POINT ( 'NONE', #889 ) ;
#4657 = DIRECTION ( 'NONE',  ( -0.000000000000000000, 1.000000000000000000, -0.000000000000000000 ) ) ;
#4658 = ORIENTED_EDGE ( 'NONE', *, *, #6980, .F. ) ;
#4659 = DIRECTION ( 'NONE',  ( 0.000000000000000000, 0.000000000000000000, -1.000000000000000000 ) ) ;
#4660 = VERTEX_POINT ( 'NONE', #2940 ) ;
#4661 = LINE ( 'NONE', #2497, #6596 ) ;
#4662 = LINE ( 'NONE', #5163, #796 ) ;
#4663 = VERTEX_POINT ( 'NONE', #3617 ) ;
#4664 = LINE ( 'NONE', #2471, #6882 ) ;
#4665 = ADVANCED_FACE ( 'NONE', ( #4696 ), #3551, .F. ) ;
#4666 = ORIENTED_EDGE ( 'NONE', *, *, #5038, .T. ) ;
#4667 = LINE ( 'NONE', #3075, #6576 ) ;
#4668 = CARTESIAN_POINT ( 'NONE',  ( 4.000000000000001776, 1.659999999999999920, 1.400000000000002798 ) ) ;
#4669 = FACE_OUTER_BOUND ( 'NONE', #1348, .T. ) ;
#4670 = ORIENTED_EDGE ( 'NONE', *, *, #5787, .F. ) ;
#4671 = EDGE_CURVE ( 'NONE', #6833, #538, #6899, .T. ) ;
#4672 = EDGE_LOOP ( 'NONE', ( #5556, #3435, #4305, #6725 ) ) ;
#4673 = ORIENTED_EDGE ( 'NONE', *, *, #5810, .T. ) ;
#4674 = LINE ( 'NONE', #1364, #3924 ) ;
#4675 = LINE ( 'NONE', #256, #5274 ) ;
#4676 = CARTESIAN_POINT ( 'NONE',  ( 0.9050000000000008038, 0.1373467578910001763, -2.089999999999997193 ) ) ;
#4677 = EDGE_CURVE ( 'NONE', #2581, #3702, #1968, .T. ) ;
#4678 = LINE ( 'NONE', #4608, #4349 ) ;
#4679 = ORIENTED_EDGE ( 'NONE', *, *, #2566, .F. ) ;
#4680 = CARTESIAN_POINT ( 'NONE',  ( 2.264432617520201418, 1.640000000000000124, -1.024999999999997247 ) ) ;
#4681 = DIRECTION ( 'NONE',  ( -1.000000000000000000, 0.000000000000000000, 0.000000000000000000 ) ) ;
#4682 = CARTESIAN_POINT ( 'NONE',  ( 0.5950000000000013056, 1.620000000000000107, -2.099999999999997868 ) ) ;
#4683 = LINE ( 'NONE', #3604, #6892 ) ;
#4684 = VERTEX_POINT ( 'NONE', #1430 ) ;
#4685 = ORIENTED_EDGE ( 'NONE', *, *, #4906, .T. ) ;
#4686 = PLANE ( 'NONE',  #2785 ) ;
#4687 = EDGE_LOOP ( 'NONE', ( #3008, #339, #2259, #5984 ) ) ;
#4688 = DIRECTION ( 'NONE',  ( -1.000000000000000000, -0.000000000000000000, 0.000000000000000000 ) ) ;
#4689 = CARTESIAN_POINT ( 'NONE',  ( -0.9049999999999986944, 0.5207565403230001166, 1.110655094915502961 ) ) ;
#4690 = VECTOR ( 'NONE', #3800, 1000.000000000000000 ) ;
#4691 = DIRECTION ( 'NONE',  ( -0.000000000000000000, -0.000000000000000000, -1.000000000000000000 ) ) ;
#4692 = EDGE_CURVE ( 'NONE', #6106, #575, #859, .T. ) ;
#4693 = ORIENTED_EDGE ( 'NONE', *, *, #1550, .T. ) ;
#4694 = FACE_OUTER_BOUND ( 'NONE', #5265, .T. ) ;
#4695 = VERTEX_POINT ( 'NONE', #207 ) ;
#4696 = FACE_OUTER_BOUND ( 'NONE', #6609, .T. ) ;
#4697 = AXIS2_PLACEMENT_3D ( 'NONE', #3000, #268, #4827 ) ;
#4698 = VECTOR ( 'NONE', #4942, 1000.000000000000227 ) ;
#4699 = DIRECTION ( 'NONE',  ( 0.000000000000000000, 0.000000000000000000, -1.000000000000000000 ) ) ;
#4700 = EDGE_CURVE ( 'NONE', #3052, #2453, #4632, .T. ) ;
#4701 = DIRECTION ( 'NONE',  ( 0.000000000000000000, 0.000000000000000000, 1.000000000000000000 ) ) ;
#4702 = VECTOR ( 'NONE', #6506, 1000.000000000000000 ) ;
#4703 = VECTOR ( 'NONE', #5658, 1000.000000000000000 ) ;
#4704 = EDGE_LOOP ( 'NONE', ( #1694, #3483, #2160, #6807, #2463, #3226, #987, #5277, #2993, #500 ) ) ;
#4705 = EDGE_LOOP ( 'NONE', ( #3945, #880, #2053, #4834 ) ) ;
#4706 = DIRECTION ( 'NONE',  ( -1.000000000000000000, 0.000000000000000000, 0.000000000000000000 ) ) ;
#4707 = DIRECTION ( 'NONE',  ( 0.000000000000000000, 1.626303258735897755E-15, -1.000000000000000000 ) ) ;
#4708 = CARTESIAN_POINT ( 'NONE',  ( -1.094999999999998863, 0.8099999999999997202, -2.299999999999987832 ) ) ;
#4709 = AXIS2_PLACEMENT_3D ( 'NONE', #5647, #1842, #4034 ) ;
#4710 = EDGE_CURVE ( 'NONE', #922, #3937, #4667, .T. ) ;
#4711 = EDGE_CURVE ( 'NONE', #1362, #1386, #313, .T. ) ;
#4712 = CARTESIAN_POINT ( 'NONE',  ( -2.444432617519998630, 0.000000000000000000, -1.139999999999997460 ) ) ;
#4713 = LINE ( 'NONE', #5181, #6767 ) ;
#4714 = ORIENTED_EDGE ( 'NONE', *, *, #3963, .T. ) ;
#4715 = DIRECTION ( 'NONE',  ( 0.000000000000000000, -0.9063077870422934224, -0.4226182617285969556 ) ) ;
#4716 = DIRECTION ( 'NONE',  ( -1.000000000000000000, 0.000000000000000000, 0.000000000000000000 ) ) ;
#4717 = LINE ( 'NONE', #3062, #4873 ) ;
#4718 = ADVANCED_FACE ( 'NONE', ( #6861 ), #6385, .T. ) ;
#4719 = CARTESIAN_POINT ( 'NONE',  ( -0.1049999999999987610, 0.9600000000000001865, -2.099999999999997868 ) ) ;
#4720 = ORIENTED_EDGE ( 'NONE', *, *, #135, .F. ) ;
#4721 = LINE ( 'NONE', #3635, #5041 ) ;
#4722 = ORIENTED_EDGE ( 'NONE', *, *, #5642, .F. ) ;
#4723 = DIRECTION ( 'NONE',  ( -1.000000000000000000, 0.000000000000000000, 0.000000000000000000 ) ) ;
#4724 = DIRECTION ( 'NONE',  ( 1.000000000000000000, -0.000000000000000000, -0.000000000000000000 ) ) ;
#4725 = ORIENTED_EDGE ( 'NONE', *, *, #5635, .F. ) ;
#4726 = LINE ( 'NONE', #5701, #6589 ) ;
#4727 = AXIS2_PLACEMENT_3D ( 'NONE', #5596, #4558, #5172 ) ;
#4728 = LINE ( 'NONE', #5297, #2733 ) ;
#4729 = EDGE_LOOP ( 'NONE', ( #4928, #6685, #1344, #417 ) ) ;
#4730 = CARTESIAN_POINT ( 'NONE',  ( -0.9999999999999991118, 0.7415992405140001686, 0.07988946384000294998 ) ) ;
#4731 = AXIS2_PLACEMENT_3D ( 'NONE', #4529, #648, #4992 ) ;
#4732 = ORIENTED_EDGE ( 'NONE', *, *, #2797, .F. ) ;
#4733 = DIRECTION ( 'NONE',  ( 0.000000000000000000, -1.000000000000000000, 0.000000000000000000 ) ) ;
#4734 = EDGE_LOOP ( 'NONE', ( #822, #2712, #3709, #2999 ) ) ;
#4735 = EDGE_CURVE ( 'NONE', #539, #3561, #2502, .T. ) ;
#4736 = DIRECTION ( 'NONE',  ( 1.000000000000000000, -0.000000000000000000, -0.000000000000000000 ) ) ;
#4737 = LINE ( 'NONE', #1470, #560 ) ;
#4738 = ORIENTED_EDGE ( 'NONE', *, *, #5508, .F. ) ;
#4739 = ORIENTED_EDGE ( 'NONE', *, *, #2192, .F. ) ;
#4740 = CARTESIAN_POINT ( 'NONE',  ( -0.9049999999999986944, 0.2212373928373861098, -2.394766404375773039 ) ) ;
#4741 = CARTESIAN_POINT ( 'NONE',  ( -1.599999999999998090, 1.760000000000000009, 1.400000000000002798 ) ) ;
#4742 = VECTOR ( 'NONE', #527, 1000.000000000000000 ) ;
#4743 = CARTESIAN_POINT ( 'NONE',  ( 1.301042606982605321E-15, 0.1000000000000000472, -2.799999999999997602 ) ) ;
#4744 = VECTOR ( 'NONE', #5352, 1000.000000000000000 ) ;
#4745 = CARTESIAN_POINT ( 'NONE',  ( 2.232216308760501366, 0.9100000000000000311, -2.089999999999997193 ) ) ;
#4746 = EDGE_CURVE ( 'NONE', #4582, #6304, #6317, .T. ) ;
#4747 = ADVANCED_FACE ( 'NONE', ( #753 ), #5132, .F. ) ;
#4748 = VERTEX_POINT ( 'NONE', #1324 ) ;
#4749 = LINE ( 'NONE', #874, #5316 ) ;
#4750 = VECTOR ( 'NONE', #5985, 1000.000000000000000 ) ;
#4751 = LINE ( 'NONE', #4888, #860 ) ;
#4752 = DIRECTION ( 'NONE',  ( 0.000000000000000000, -1.000000000000000000, 0.000000000000000000 ) ) ;
#4753 = AXIS2_PLACEMENT_3D ( 'NONE', #3854, #116, #548 ) ;
#4754 = EDGE_LOOP ( 'NONE', ( #1427, #5706, #3899, #5711 ) ) ;
#4755 = CARTESIAN_POINT ( 'NONE',  ( 3.849999999999966782, 0.1000000000000000472, -1.399999999999991473 ) ) ;
#4756 = EDGE_CURVE ( 'NONE', #3891, #5276, #2973, .T. ) ;
#4757 = EDGE_CURVE ( 'NONE', #6968, #5517, #6969, .T. ) ;
#4758 = ORIENTED_EDGE ( 'NONE', *, *, #1501, .T. ) ;
#4759 = CARTESIAN_POINT ( 'NONE',  ( 2.232216308760501366, 0.9100000000000000311, -2.089999999999997193 ) ) ;
#4760 = LINE ( 'NONE', #1020, #4633 ) ;
#4761 = ORIENTED_EDGE ( 'NONE', *, *, #5091, .F. ) ;
#4762 = LINE ( 'NONE', #447, #2803 ) ;
#4763 = VECTOR ( 'NONE', #379, 1000.000000000000000 ) ;
#4764 = DIRECTION ( 'NONE',  ( 0.000000000000000000, -1.000000000000000000, 0.000000000000000000 ) ) ;
#4765 = ORIENTED_EDGE ( 'NONE', *, *, #5524, .T. ) ;
#4766 = LINE ( 'NONE', #3615, #5152 ) ;
#4767 = AXIS2_PLACEMENT_3D ( 'NONE', #806, #908, #6369 ) ;
#4768 = EDGE_CURVE ( 'NONE', #5639, #3385, #925, .T. ) ;
#4769 = ORIENTED_EDGE ( 'NONE', *, *, #2486, .F. ) ;
#4770 = CARTESIAN_POINT ( 'NONE',  ( -1.599999999999998090, 1.050000000000000044, 0.9250000000000028200 ) ) ;
#4771 = ORIENTED_EDGE ( 'NONE', *, *, #2675, .T. ) ;
#4772 = CARTESIAN_POINT ( 'NONE',  ( -3.199999999999998845, 0.2800000000000000822, 0.05000000000000316691 ) ) ;
#4773 = LINE ( 'NONE', #6388, #940 ) ;
#4774 = DIRECTION ( 'NONE',  ( -0.000000000000000000, -0.000000000000000000, -1.000000000000000000 ) ) ;
#4775 = ORIENTED_EDGE ( 'NONE', *, *, #1005, .F. ) ;
#4776 = ORIENTED_EDGE ( 'NONE', *, *, #2876, .F. ) ;
#4777 = PLANE ( 'NONE',  #5030 ) ;
#4778 = CARTESIAN_POINT ( 'NONE',  ( 1.370000000000001439, 0.4425000000000001710, -1.489999999999996882 ) ) ;
#4779 = LINE ( 'NONE', #6361, #6566 ) ;
#4780 = CARTESIAN_POINT ( 'NONE',  ( 0.5950000000000013056, 0.8099999999999997202, -2.299999999999992273 ) ) ;
#4781 = EDGE_CURVE ( 'NONE', #5276, #3385, #3225, .T. ) ;
#4782 = FACE_OUTER_BOUND ( 'NONE', #2809, .T. ) ;
#4783 = VERTEX_POINT ( 'NONE', #4259 ) ;
#4784 = DIRECTION ( 'NONE',  ( 0.000000000000000000, -0.9063077870422934224, -0.4226182617285969556 ) ) ;
#4785 = PLANE ( 'NONE',  #291 ) ;
#4786 = EDGE_CURVE ( 'NONE', #1258, #3011, #5983, .T. ) ;
#4787 = LINE ( 'NONE', #6480, #5372 ) ;
#4788 = VERTEX_POINT ( 'NONE', #5405 ) ;
#4789 = DIRECTION ( 'NONE',  ( -1.000000000000000000, 0.000000000000000000, 0.000000000000000000 ) ) ;
#4790 = VERTEX_POINT ( 'NONE', #1537 ) ;
#4791 = CARTESIAN_POINT ( 'NONE',  ( 1.000000000000001332, 0.2500000000000000000, -1.399999999999997247 ) ) ;
#4792 = ORIENTED_EDGE ( 'NONE', *, *, #3040, .T. ) ;
#4793 = CARTESIAN_POINT ( 'NONE',  ( -0.1004067291409988100, 0.03748380441553813419, -2.084766404375788085 ) ) ;
#4794 = ADVANCED_FACE ( 'NONE', ( #2642 ), #1064, .T. ) ;
#4795 = FACE_OUTER_BOUND ( 'NONE', #4734, .T. ) ;
#4796 = ORIENTED_EDGE ( 'NONE', *, *, #4813, .T. ) ;
#4797 = LINE ( 'NONE', #11, #6067 ) ;
#4798 = ORIENTED_EDGE ( 'NONE', *, *, #4505, .F. ) ;
#4799 = DIRECTION ( 'NONE',  ( 0.000000000000000000, 0.000000000000000000, -1.000000000000000000 ) ) ;
#4800 = ORIENTED_EDGE ( 'NONE', *, *, #1158, .T. ) ;
#4801 = LINE ( 'NONE', #4366, #2916 ) ;
#4802 = FACE_OUTER_BOUND ( 'NONE', #4909, .T. ) ;
#4803 = VECTOR ( 'NONE', #2865, 1000.000000000000000 ) ;
#4804 = EDGE_CURVE ( 'NONE', #4930, #5233, #5369, .T. ) ;
#4805 = CARTESIAN_POINT ( 'NONE',  ( -0.5949999999999991962, 0.8099999999999997202, -0.6999999999999970690 ) ) ;
#4806 = ORIENTED_EDGE ( 'NONE', *, *, #6032, .T. ) ;
#4807 = AXIS2_PLACEMENT_3D ( 'NONE', #204, #5016, #90 ) ;
#4808 = ORIENTED_EDGE ( 'NONE', *, *, #410, .F. ) ;
#4809 = CARTESIAN_POINT ( 'NONE',  ( 1.600000000000001421, 0.9600000000000001865, 1.370000000000002993 ) ) ;
#4810 = VECTOR ( 'NONE', #5262, 1000.000000000000227 ) ;
#4811 = PLANE ( 'NONE',  #1522 ) ;
#4812 = LINE ( 'NONE', #6469, #589 ) ;
#4813 = EDGE_CURVE ( 'NONE', #915, #5948, #2108, .T. ) ;
#4814 = VECTOR ( 'NONE', #4657, 1000.000000000000000 ) ;
#4815 = VECTOR ( 'NONE', #3098, 1000.000000000000000 ) ;
#4816 = LINE ( 'NONE', #602, #6428 ) ;
#4817 = LINE ( 'NONE', #3308, #230 ) ;
#4818 = EDGE_LOOP ( 'NONE', ( #5908, #6938, #2211, #1353 ) ) ;
#4819 = LINE ( 'NONE', #5934, #3774 ) ;
#4820 = VECTOR ( 'NONE', #3809, 1000.000000000000000 ) ;
#4821 = AXIS2_PLACEMENT_3D ( 'NONE', #2342, #5536, #1115 ) ;
#4822 = LINE ( 'NONE', #3740, #4970 ) ;
#4823 = CARTESIAN_POINT ( 'NONE',  ( 2.264432617520201418, 1.720000000000000195, -1.139999999999997460 ) ) ;
#4824 = EDGE_CURVE ( 'NONE', #4517, #5218, #1638, .T. ) ;
#4825 = LINE ( 'NONE', #3137, #5162 ) ;
#4826 = EDGE_LOOP ( 'NONE', ( #4950, #4030, #6884, #4679 ) ) ;
#4827 = DIRECTION ( 'NONE',  ( -1.000000000000000000, 0.000000000000000000, 0.000000000000000000 ) ) ;
#4828 = ORIENTED_EDGE ( 'NONE', *, *, #3689, .F. ) ;
#4829 = PLANE ( 'NONE',  #5535 ) ;
#4830 = ORIENTED_EDGE ( 'NONE', *, *, #324, .F. ) ;
#4831 = DIRECTION ( 'NONE',  ( 0.000000000000000000, 0.05233595624284890363, 0.9986295347545788292 ) ) ;
#4832 = CARTESIAN_POINT ( 'NONE',  ( 0.5000000000000013323, 0.8020083447045608382, 1.217369128957598301 ) ) ;
#4833 = FACE_OUTER_BOUND ( 'NONE', #6797, .T. ) ;
#4834 = ORIENTED_EDGE ( 'NONE', *, *, #31, .F. ) ;
#4835 = DIRECTION ( 'NONE',  ( -0.000000000000000000, 1.000000000000000000, -0.000000000000000000 ) ) ;
#4836 = ORIENTED_EDGE ( 'NONE', *, *, #5642, .T. ) ;
#4837 = DIRECTION ( 'NONE',  ( -0.000000000000000000, -0.000000000000000000, -1.000000000000000000 ) ) ;
#4838 = EDGE_CURVE ( 'NONE', #6844, #4130, #7107, .T. ) ;
#4839 = ORIENTED_EDGE ( 'NONE', *, *, #1631, .T. ) ;
#4840 = VECTOR ( 'NONE', #1932, 1000.000000000000000 ) ;
#4841 = ADVANCED_FACE ( 'NONE', ( #2039 ), #6564, .F. ) ;
#4842 = CARTESIAN_POINT ( 'NONE',  ( -0.4049999999999986944, 0.2212373928370751364, -2.394766404375737512 ) ) ;
#4843 = CARTESIAN_POINT ( 'NONE',  ( 1.514432617520001356, 0.2800000000000000822, -1.489999999999996882 ) ) ;
#4844 = CARTESIAN_POINT ( 'NONE',  ( -1.100406729140998463, 0.03748380441553813419, -2.084766404375788085 ) ) ;
#4845 = VECTOR ( 'NONE', #1341, 1000.000000000000000 ) ;
#4846 = ORIENTED_EDGE ( 'NONE', *, *, #411, .T. ) ;
#4847 = ORIENTED_EDGE ( 'NONE', *, *, #5662, .F. ) ;
#4848 = PLANE ( 'NONE',  #3078 ) ;
#4849 = LINE ( 'NONE', #1649, #5775 ) ;
#4850 = EDGE_CURVE ( 'NONE', #6099, #5884, #7076, .T. ) ;
#4851 = VECTOR ( 'NONE', #2329, 1000.000000000000114 ) ;
#4852 = CARTESIAN_POINT ( 'NONE',  ( 1.370000000000001439, 1.870000000000000107, -2.099999999999997868 ) ) ;
#4853 = AXIS2_PLACEMENT_3D ( 'NONE', #53, #3292, #5475 ) ;
#4854 = DIRECTION ( 'NONE',  ( 1.000000000000000000, 0.000000000000000000, -0.000000000000000000 ) ) ;
#4855 = ORIENTED_EDGE ( 'NONE', *, *, #2420, .T. ) ;
#4856 = LINE ( 'NONE', #3241, #5958 ) ;
#4857 = PLANE ( 'NONE',  #5897 ) ;
#4858 = CARTESIAN_POINT ( 'NONE',  ( -1.599999999999998090, 1.050000000000000044, 1.370000000000002993 ) ) ;
#4859 = VECTOR ( 'NONE', #1695, 1000.000000000000000 ) ;
#4860 = PLANE ( 'NONE',  #6076 ) ;
#4861 = VECTOR ( 'NONE', #4552, 1000.000000000000000 ) ;
#4862 = VERTEX_POINT ( 'NONE', #2139 ) ;
#4863 = CARTESIAN_POINT ( 'NONE',  ( 1.105000000000001315, 1.670000000000000151, -2.099999999999997868 ) ) ;
#4864 = VERTEX_POINT ( 'NONE', #5883 ) ;
#4865 = LINE ( 'NONE', #3715, #1192 ) ;
#4866 = CARTESIAN_POINT ( 'NONE',  ( -2.284999999999998810, 1.640000000000000124, -1.024999999999997247 ) ) ;
#4867 = AXIS2_PLACEMENT_3D ( 'NONE', #7092, #6985, #6440 ) ;
#4868 = CARTESIAN_POINT ( 'NONE',  ( -1.369999999999998774, 1.755000000000000115, -1.024999999999997247 ) ) ;
#4869 = VERTEX_POINT ( 'NONE', #5302 ) ;
#4870 = CARTESIAN_POINT ( 'NONE',  ( 1.000000000000001332, 1.169999999999993934, -2.299999999999983391 ) ) ;
#4871 = VERTEX_POINT ( 'NONE', #3684 ) ;
#4872 = CARTESIAN_POINT ( 'NONE',  ( 3.844432617520201489, 0.1000000000000000472, -1.080000000000000293 ) ) ;
#4873 = VECTOR ( 'NONE', #2024, 1000.000000000000000 ) ;
#4874 = ORIENTED_EDGE ( 'NONE', *, *, #1436, .T. ) ;
#4875 = DIRECTION ( 'NONE',  ( 0.000000000000000000, -0.05303311836778312055, -0.9985927540074525099 ) ) ;
#4876 = CARTESIAN_POINT ( 'NONE',  ( 0.1050000000000013561, 1.670000000000000151, -2.099999999999997868 ) ) ;
#4877 = EDGE_CURVE ( 'NONE', #4903, #6739, #457, .T. ) ;
#4878 = CARTESIAN_POINT ( 'NONE',  ( -1.549999999999998490, 1.200000000000000178, -0.2499999999999971967 ) ) ;
#4879 = ORIENTED_EDGE ( 'NONE', *, *, #94, .T. ) ;
#4880 = VERTEX_POINT ( 'NONE', #2574 ) ;
#4881 = DIRECTION ( 'NONE',  ( 0.000000000000000000, -1.000000000000000000, 0.000000000000000000 ) ) ;
#4882 = CARTESIAN_POINT ( 'NONE',  ( -3.844432617519998541, 0.1999999999999998723, -1.139999999999997460 ) ) ;
#4883 = FACE_OUTER_BOUND ( 'NONE', #3034, .T. ) ;
#4884 = EDGE_CURVE ( 'NONE', #6754, #7030, #4328, .T. ) ;
#4885 = CARTESIAN_POINT ( 'NONE',  ( -1.719999999999998419, 1.050000000000000044, 1.400000000000002798 ) ) ;
#4886 = VERTEX_POINT ( 'NONE', #4297 ) ;
#4887 = DIRECTION ( 'NONE',  ( -1.000000000000000000, 0.000000000000000000, 0.000000000000000000 ) ) ;
#4888 = CARTESIAN_POINT ( 'NONE',  ( -0.5949999999999991962, 0.2500000000000000000, -0.6999999999999970690 ) ) ;
#4889 = EDGE_CURVE ( 'NONE', #4266, #3487, #4220, .T. ) ;
#4890 = CARTESIAN_POINT ( 'NONE',  ( 1.301042606982605321E-15, 1.870000000000000107, -2.099999999999997868 ) ) ;
#4891 = LINE ( 'NONE', #3813, #5268 ) ;
#4892 = ORIENTED_EDGE ( 'NONE', *, *, #5625, .F. ) ;
#4893 = LINE ( 'NONE', #2734, #1540 ) ;
#4894 = ORIENTED_EDGE ( 'NONE', *, *, #1728, .F. ) ;
#4895 = DIRECTION ( 'NONE',  ( 1.000000000000000000, 0.000000000000000000, 0.000000000000000000 ) ) ;
#4896 = DIRECTION ( 'NONE',  ( 0.000000000000000000, -1.000000000000000000, 0.000000000000000000 ) ) ;
#4897 = ADVANCED_FACE ( 'NONE', ( #5338 ), #2604, .T. ) ;
#4898 = CARTESIAN_POINT ( 'NONE',  ( -1.369999999999998774, 0.1650000000000000078, -0.1899999999999970324 ) ) ;
#4899 = VERTEX_POINT ( 'NONE', #7002 ) ;
#4900 = LINE ( 'NONE', #5336, #2848 ) ;
#4901 = EDGE_LOOP ( 'NONE', ( #5610, #1502, #6144, #3515 ) ) ;
#4902 = DIRECTION ( 'NONE',  ( -0.000000000000000000, -0.000000000000000000, -1.000000000000000000 ) ) ;
#4903 = VERTEX_POINT ( 'NONE', #2075 ) ;
#4904 = DIRECTION ( 'NONE',  ( 0.000000000000000000, -0.05233595624254735318, -0.9986295347545945944 ) ) ;
#4905 = LINE ( 'NONE', #3467, #2090 ) ;
#4906 = EDGE_CURVE ( 'NONE', #2405, #1788, #6456, .T. ) ;
#4907 = DIRECTION ( 'NONE',  ( 1.000000000000000000, -0.000000000000000000, -0.000000000000000000 ) ) ;
#4908 = VERTEX_POINT ( 'NONE', #5585 ) ;
#4909 = EDGE_LOOP ( 'NONE', ( #312, #1465, #2501, #3282, #2883, #33, #7058, #6, #5638, #2724 ) ) ;
#4910 = DIRECTION ( 'NONE',  ( 0.000000000000000000, 0.000000000000000000, 1.000000000000000000 ) ) ;
#4911 = CARTESIAN_POINT ( 'NONE',  ( 1.301042606982605321E-15, 1.870000000000000107, -2.099999999999997868 ) ) ;
#4912 = ADVANCED_FACE ( 'NONE', ( #6743 ), #3974, .T. ) ;
#4913 = DIRECTION ( 'NONE',  ( 1.000000000000000000, -0.000000000000000000, -0.000000000000000000 ) ) ;
#4914 = VECTOR ( 'NONE', #6127, 1000.000000000000000 ) ;
#4915 = VECTOR ( 'NONE', #2286, 1000.000000000000000 ) ;
#4916 = ORIENTED_EDGE ( 'NONE', *, *, #3414, .F. ) ;
#4917 = ORIENTED_EDGE ( 'NONE', *, *, #2615, .T. ) ;
#4918 = PLANE ( 'NONE',  #6007 ) ;
#4919 = EDGE_CURVE ( 'NONE', #3542, #2091, #6091, .T. ) ;
#4920 = EDGE_CURVE ( 'NONE', #5319, #5678, #1097, .T. ) ;
#4921 = VECTOR ( 'NONE', #6190, 1000.000000000000000 ) ;
#4922 = PLANE ( 'NONE',  #1726 ) ;
#4923 = VECTOR ( 'NONE', #6559, 1000.000000000000000 ) ;
#4924 = CARTESIAN_POINT ( 'NONE',  ( 0.5950000000000013056, 0.1373467578910001763, -1.989999999999996882 ) ) ;
#4925 = AXIS2_PLACEMENT_3D ( 'NONE', #6549, #3959, #6040 ) ;
#4926 = VECTOR ( 'NONE', #3253, 1000.000000000000000 ) ;
#4927 = CARTESIAN_POINT ( 'NONE',  ( -2.582216308760998391, 0.1999999999999998723, -1.579999999999997184 ) ) ;
#4928 = ORIENTED_EDGE ( 'NONE', *, *, #275, .F. ) ;
#4929 = DIRECTION ( 'NONE',  ( -1.000000000000000000, 0.000000000000000000, 0.000000000000000000 ) ) ;
#4930 = VERTEX_POINT ( 'NONE', #4434 ) ;
#4931 = EDGE_CURVE ( 'NONE', #4528, #6255, #3861, .T. ) ;
#4932 = CARTESIAN_POINT ( 'NONE',  ( -3.849999999999950795, 0.000000000000000000, -1.139999999999997460 ) ) ;
#4933 = CARTESIAN_POINT ( 'NONE',  ( -3.499999999999998668, 0.9600000000000001865, 1.400000000000002798 ) ) ;
#4934 = ORIENTED_EDGE ( 'NONE', *, *, #432, .T. ) ;
#4935 = DIRECTION ( 'NONE',  ( 0.000000000000000000, 0.000000000000000000, -1.000000000000000000 ) ) ;
#4936 = ORIENTED_EDGE ( 'NONE', *, *, #4200, .F. ) ;
#4937 = DIRECTION ( 'NONE',  ( 0.000000000000000000, 0.000000000000000000, -1.000000000000000000 ) ) ;
#4938 = ORIENTED_EDGE ( 'NONE', *, *, #854, .F. ) ;
#4939 = EDGE_CURVE ( 'NONE', #3582, #6732, #6129, .T. ) ;
#4940 = CARTESIAN_POINT ( 'NONE',  ( -0.09499999999999916844, 0.5207565403230001166, 1.110655094915502961 ) ) ;
#4941 = DIRECTION ( 'NONE',  ( -1.000000000000000000, -0.000000000000000000, -0.000000000000000000 ) ) ;
#4942 = DIRECTION ( 'NONE',  ( -0.01739543771127518429, -0.000000000000000000, 0.9998486879257445503 ) ) ;
#4943 = ORIENTED_EDGE ( 'NONE', *, *, #2078, .T. ) ;
#4944 = EDGE_LOOP ( 'NONE', ( #7108, #2953, #1837, #2277 ) ) ;
#4945 = CARTESIAN_POINT ( 'NONE',  ( -0.3995932708589985949, 0.7926488764346442117, 1.237440573436320523 ) ) ;
#4946 = CARTESIAN_POINT ( 'NONE',  ( 3.844432617520229467, 0.1999999999999998723, -1.080000000000018501 ) ) ;
#4947 = EDGE_CURVE ( 'NONE', #4618, #639, #1070, .T. ) ;
#4948 = CARTESIAN_POINT ( 'NONE',  ( -2.284999999999998810, 1.640000000000000124, -2.089999999999997193 ) ) ;
#4949 = AXIS2_PLACEMENT_3D ( 'NONE', #3235, #2720, #5420 ) ;
#4950 = ORIENTED_EDGE ( 'NONE', *, *, #1674, .F. ) ;
#4951 = UNCERTAINTY_MEASURE_WITH_UNIT (LENGTH_MEASURE( 1.000000000000000082E-05 ), #879, 'distance_accuracy_value', 'NONE');
#4952 = ORIENTED_EDGE ( 'NONE', *, *, #5238, .F. ) ;
#4953 = AXIS2_PLACEMENT_3D ( 'NONE', #6267, #6810, #4653 ) ;
#4954 = ORIENTED_EDGE ( 'NONE', *, *, #3108, .F. ) ;
#4955 = LINE ( 'NONE', #3345, #6120 ) ;
#4956 = LINE ( 'NONE', #2838, #6427 ) ;
#4957 = VECTOR ( 'NONE', #349, 1000.000000000000000 ) ;
#4958 = EDGE_CURVE ( 'NONE', #886, #1079, #6166, .T. ) ;
#4959 = CARTESIAN_POINT ( 'NONE',  ( 0.1004067291410014190, 0.3211003463129999402, -2.300000000000468336 ) ) ;
#4960 = ADVANCED_FACE ( 'NONE', ( #2210 ), #14, .T. ) ;
#4961 = CARTESIAN_POINT ( 'NONE',  ( -2.284999999999998810, 0.2800000000000000822, -2.089999999999997193 ) ) ;
#4962 = ORIENTED_EDGE ( 'NONE', *, *, #3219, .F. ) ;
#4963 = CARTESIAN_POINT ( 'NONE',  ( 2.285000000000001474, 0.2800000000000000822, -2.099999999999997868 ) ) ;
#4964 = ORIENTED_EDGE ( 'NONE', *, *, #1142, .T. ) ;
#4965 = VECTOR ( 'NONE', #3900, 1000.000000000000000 ) ;
#4966 = CARTESIAN_POINT ( 'NONE',  ( 3.844432617520243678, 0.1999999999999998723, -1.139999999999997460 ) ) ;
#4967 = DIRECTION ( 'NONE',  ( -0.000000000000000000, 1.000000000000000000, -0.000000000000000000 ) ) ;
#4968 = ADVANCED_FACE ( 'NONE', ( #5513 ), #706, .T. ) ;
#4969 = CARTESIAN_POINT ( 'NONE',  ( 2.300000000000001155, 1.340000000000000080, 1.370000000000002993 ) ) ;
#4970 = VECTOR ( 'NONE', #5828, 1000.000000000000000 ) ;
#4971 = ORIENTED_EDGE ( 'NONE', *, *, #3126, .T. ) ;
#4972 = LINE ( 'NONE', #3325, #5261 ) ;
#4973 = ORIENTED_EDGE ( 'NONE', *, *, #1442, .F. ) ;
#4974 = DIRECTION ( 'NONE',  ( 0.000000000000000000, 0.000000000000000000, 1.000000000000000000 ) ) ;
#4975 = ORIENTED_EDGE ( 'NONE', *, *, #5963, .F. ) ;
#4976 = DIRECTION ( 'NONE',  ( 0.000000000000000000, 0.000000000000000000, -1.000000000000000000 ) ) ;
#4977 = VECTOR ( 'NONE', #3526, 1000.000000000000000 ) ;
#4978 = ORIENTED_EDGE ( 'NONE', *, *, #6043, .T. ) ;
#4979 = PLANE ( 'NONE',  #2624 ) ;
#4980 = ADVANCED_FACE ( 'NONE', ( #4401 ), #5086, .T. ) ;
#4981 = VERTEX_POINT ( 'NONE', #2281 ) ;
#4982 = DIRECTION ( 'NONE',  ( 0.000000000000000000, 0.000000000000000000, 1.000000000000000000 ) ) ;
#4983 = VECTOR ( 'NONE', #4688, 1000.000000000000000 ) ;
#4984 = ORIENTED_EDGE ( 'NONE', *, *, #1693, .F. ) ;
#4985 = CARTESIAN_POINT ( 'NONE',  ( 1.301042606982605321E-15, 1.195000000000000062, -0.2499999999999971967 ) ) ;
#4986 = CARTESIAN_POINT ( 'NONE',  ( 0.5950000000000013056, 0.3211003463129999402, -2.300000000000230749 ) ) ;
#4987 = FACE_OUTER_BOUND ( 'NONE', #4818, .T. ) ;
#4988 = VECTOR ( 'NONE', #4358, 1000.000000000000000 ) ;
#4989 = VERTEX_POINT ( 'NONE', #2246 ) ;
#4990 = ORIENTED_EDGE ( 'NONE', *, *, #6730, .F. ) ;
#4991 = EDGE_LOOP ( 'NONE', ( #705, #1997, #4325, #4419, #608, #2833 ) ) ;
#4992 = DIRECTION ( 'NONE',  ( 0.000000000000000000, 0.000000000000000000, -1.000000000000000000 ) ) ;
#4993 = LINE ( 'NONE', #1186, #1545 ) ;
#4994 = DIRECTION ( 'NONE',  ( 1.000000000000000000, -0.000000000000000000, -0.000000000000000000 ) ) ;
#4995 = ADVANCED_FACE ( 'NONE', ( #161 ), #2356, .T. ) ;
#4996 = CARTESIAN_POINT ( 'NONE',  ( -0.3995932708589985949, 0.5207565403230001166, 1.110655094915502961 ) ) ;
#4997 = CARTESIAN_POINT ( 'NONE',  ( -1.314432617519998514, 0.000000000000000000, -1.135193183304997078 ) ) ;
#4998 = ORIENTED_EDGE ( 'NONE', *, *, #5779, .F. ) ;
#4999 = PLANE ( 'NONE',  #6821 ) ;
#5000 = ORIENTED_EDGE ( 'NONE', *, *, #1218, .T. ) ;
#5001 = CARTESIAN_POINT ( 'NONE',  ( -1.549999999999998490, 1.200000000000000178, 0.3000000000000025424 ) ) ;
#5002 = EDGE_CURVE ( 'NONE', #6667, #4354, #144, .T. ) ;
#5003 = FACE_BOUND ( 'NONE', #2832, .T. ) ;
#5004 = CARTESIAN_POINT ( 'NONE',  ( 0.5950000000000013056, 0.6671189302731397319, 1.372529207435400744 ) ) ;
#5005 = ORIENTED_EDGE ( 'NONE', *, *, #2699, .F. ) ;
#5006 = LINE ( 'NONE', #372, #333 ) ;
#5007 = ORIENTED_EDGE ( 'NONE', *, *, #4395, .T. ) ;
#5008 = DIRECTION ( 'NONE',  ( 0.000000000000000000, 0.000000000000000000, 1.000000000000000000 ) ) ;
#5009 = ORIENTED_EDGE ( 'NONE', *, *, #6037, .T. ) ;
#5010 = CARTESIAN_POINT ( 'NONE',  ( -2.549999999999998490, 1.760000000000000231, 1.400000000000002798 ) ) ;
#5011 = ADVANCED_FACE ( 'NONE', ( #2853 ), #4474, .T. ) ;
#5012 = ADVANCED_FACE ( 'NONE', ( #6601 ), #1673, .T. ) ;
#5013 = ORIENTED_EDGE ( 'NONE', *, *, #2839, .F. ) ;
#5014 = LINE ( 'NONE', #3866, #6997 ) ;
#5015 = ORIENTED_EDGE ( 'NONE', *, *, #2957, .T. ) ;
#5016 = DIRECTION ( 'NONE',  ( 0.000000000000000000, 0.000000000000000000, 1.000000000000000000 ) ) ;
#5017 = ORIENTED_EDGE ( 'NONE', *, *, #3499, .T. ) ;
#5018 = CARTESIAN_POINT ( 'NONE',  ( -0.9999999999999991118, 0.7455501731560001399, -2.299999999999997158 ) ) ;
#5019 = DIRECTION ( 'NONE',  ( -1.000000000000000000, -0.000000000000000000, 0.000000000000000000 ) ) ;
#5020 = ADVANCED_FACE ( 'NONE', ( #1751 ), #3327, .F. ) ;
#5021 = CARTESIAN_POINT ( 'NONE',  ( -1.389432617519999802, 1.720000000000000195, -0.1851931833049972054 ) ) ;
#5022 = EDGE_LOOP ( 'NONE', ( #7066, #1534, #4765, #1681 ) ) ;
#5023 = ORIENTED_EDGE ( 'NONE', *, *, #1866, .F. ) ;
#5024 = ORIENTED_EDGE ( 'NONE', *, *, #5565, .T. ) ;
#5025 = LINE ( 'NONE', #2835, #4265 ) ;
#5026 = VERTEX_POINT ( 'NONE', #3541 ) ;
#5027 = LINE ( 'NONE', #3918, #6699 ) ;
#5028 = ADVANCED_FACE ( 'NONE', ( #6272 ), #6240, .T. ) ;
#5029 = DIRECTION ( 'NONE',  ( 0.000000000000000000, 0.000000000000000000, 1.000000000000000000 ) ) ;
#5030 = AXIS2_PLACEMENT_3D ( 'NONE', #6977, #4881, #2612 ) ;
#5031 = DIRECTION ( 'NONE',  ( -1.000000000000000000, 0.000000000000000000, 0.000000000000000000 ) ) ;
#5032 = FACE_OUTER_BOUND ( 'NONE', #5521, .T. ) ;
#5033 = ORIENTED_EDGE ( 'NONE', *, *, #6020, .T. ) ;
#5034 = AXIS2_PLACEMENT_3D ( 'NONE', #2572, #2037, #4218 ) ;
#5035 = VECTOR ( 'NONE', #2011, 1000.000000000000000 ) ;
#5036 = DIRECTION ( 'NONE',  ( -0.000000000000000000, -0.000000000000000000, 1.000000000000000000 ) ) ;
#5037 = ORIENTED_EDGE ( 'NONE', *, *, #3193, .T. ) ;
#5038 = EDGE_CURVE ( 'NONE', #2368, #3724, #6341, .T. ) ;
#5039 = LINE ( 'NONE', #3967, #47 ) ;
#5040 = CARTESIAN_POINT ( 'NONE',  ( 3.850000000000001865, 0.1000000000000000472, -1.579999999999997184 ) ) ;
#5041 = VECTOR ( 'NONE', #5155, 1000.000000000000000 ) ;
#5042 = VECTOR ( 'NONE', #2352, 1000.000000000000000 ) ;
#5043 = LINE ( 'NONE', #1814, #921 ) ;
#5044 = ORIENTED_EDGE ( 'NONE', *, *, #6282, .T. ) ;
#5045 = LINE ( 'NONE', #1162, #2513 ) ;
#5046 = EDGE_CURVE ( 'NONE', #3148, #4512, #5736, .T. ) ;
#5047 = ORIENTED_EDGE ( 'NONE', *, *, #3869, .F. ) ;
#5048 = CARTESIAN_POINT ( 'NONE',  ( 2.285000000000001474, 1.640000000000000124, 0.05000000000000316691 ) ) ;
#5049 = ORIENTED_EDGE ( 'NONE', *, *, #3521, .T. ) ;
#5050 = CARTESIAN_POINT ( 'NONE',  ( -1.879432617519998905, 0.000000000000000000, -0.1899999999999970324 ) ) ;
#5051 = AXIS2_PLACEMENT_3D ( 'NONE', #6327, #4607, #2951 ) ;
#5052 = CARTESIAN_POINT ( 'NONE',  ( -0.4049999999999986944, 0.2500000000000000000, -0.6999999999999970690 ) ) ;
#5053 = ORIENTED_EDGE ( 'NONE', *, *, #6692, .F. ) ;
#5054 = CARTESIAN_POINT ( 'NONE',  ( -0.9999999999999991118, 0.2212373928367622478, -2.394766404375739732 ) ) ;
#5055 = EDGE_CURVE ( 'NONE', #5326, #790, #743, .T. ) ;
#5056 = EDGE_CURVE ( 'NONE', #3326, #4783, #4048, .T. ) ;
#5057 = VERTEX_POINT ( 'NONE', #2389 ) ;
#5058 = LINE ( 'NONE', #6100, #3546 ) ;
#5059 = LINE ( 'NONE', #4414, #4054 ) ;
#5060 = CARTESIAN_POINT ( 'NONE',  ( 1.500000000000001554, 0.6708695652172668167, 1.200000000000007949 ) ) ;
#5061 = VERTEX_POINT ( 'NONE', #3037 ) ;
#5062 = EDGE_CURVE ( 'NONE', #5370, #576, #1818, .T. ) ;
#5063 = ORIENTED_EDGE ( 'NONE', *, *, #6162, .F. ) ;
#5064 = ORIENTED_EDGE ( 'NONE', *, *, #1150, .F. ) ;
#5065 = DIRECTION ( 'NONE',  ( -1.000000000000000000, -0.000000000000000000, 0.000000000000000000 ) ) ;
#5066 = ORIENTED_EDGE ( 'NONE', *, *, #4939, .T. ) ;
#5067 = DIRECTION ( 'NONE',  ( 1.000000000000000000, 0.000000000000000000, 0.000000000000000000 ) ) ;
#5068 = AXIS2_PLACEMENT_3D ( 'NONE', #1396, #3115, #2080 ) ;
#5069 = DIRECTION ( 'NONE',  ( 0.000000000000000000, -1.000000000000000000, 0.000000000000000000 ) ) ;
#5070 = CARTESIAN_POINT ( 'NONE',  ( -0.1049999999999987610, 0.1500000000000001887, -1.399999999999997247 ) ) ;
#5071 = VECTOR ( 'NONE', #1145, 1000.000000000000000 ) ;
#5072 = EDGE_CURVE ( 'NONE', #4418, #2970, #815, .T. ) ;
#5073 = LINE ( 'NONE', #2343, #3210 ) ;
#5074 = ORIENTED_EDGE ( 'NONE', *, *, #6160, .T. ) ;
#5075 = CARTESIAN_POINT ( 'NONE',  ( 3.500000000000001332, 0.9600000000000001865, 1.400000000000002798 ) ) ;
#5076 = VERTEX_POINT ( 'NONE', #4009 ) ;
#5077 = CARTESIAN_POINT ( 'NONE',  ( -1.369999999999998774, 0.1999999999999998723, -1.139999999999997460 ) ) ;
#5078 = LINE ( 'NONE', #5040, #3157 ) ;
#5079 = VECTOR ( 'NONE', #3525, 1000.000000000000000 ) ;
#5080 = CARTESIAN_POINT ( 'NONE',  ( -1.499999999999998668, 0.05000000000000012768, 1.200000000000004841 ) ) ;
#5081 = LINE ( 'NONE', #4430, #6542 ) ;
#5082 = EDGE_LOOP ( 'NONE', ( #2910, #4510, #1895, #3887, #3644, #2817, #6932, #5285, #6563, #4047 ) ) ;
#5083 = DIRECTION ( 'NONE',  ( 1.000000000000000000, -0.000000000000000000, -0.000000000000000000 ) ) ;
#5084 = AXIS2_PLACEMENT_3D ( 'NONE', #2744, #3938, #2892 ) ;
#5085 = ORIENTED_EDGE ( 'NONE', *, *, #449, .F. ) ;
#5086 = PLANE ( 'NONE',  #264 ) ;
#5087 = VERTEX_POINT ( 'NONE', #1315 ) ;
#5088 = LINE ( 'NONE', #2248, #1424 ) ;
#5089 = VECTOR ( 'NONE', #1337, 1000.000000000000114 ) ;
#5090 = LINE ( 'NONE', #1242, #1368 ) ;
#5091 = EDGE_CURVE ( 'NONE', #4864, #5559, #305, .T. ) ;
#5092 = ORIENTED_EDGE ( 'NONE', *, *, #6209, .F. ) ;
#5093 = CARTESIAN_POINT ( 'NONE',  ( 1.100406729141001350, 0.7926488764346442117, 1.237440573436320523 ) ) ;
#5094 = ORIENTED_EDGE ( 'NONE', *, *, #3208, .T. ) ;
#5095 = LINE ( 'NONE', #6921, #5835 ) ;
#5096 = CARTESIAN_POINT ( 'NONE',  ( 2.285000000000001474, 1.640000000000000124, -0.1899999999999970324 ) ) ;
#5097 = AXIS2_PLACEMENT_3D ( 'NONE', #5644, #5067, #1874 ) ;
#5098 = CARTESIAN_POINT ( 'NONE',  ( 1.600000000000001421, 0.9600000000000001865, 1.400000000000002798 ) ) ;
#5099 = ADVANCED_FACE ( 'NONE', ( #3609 ), #777, .F. ) ;
#5100 = VECTOR ( 'NONE', #4252, 1000.000000000000000 ) ;
#5101 = VERTEX_POINT ( 'NONE', #5806 ) ;
#5102 = ORIENTED_EDGE ( 'NONE', *, *, #2078, .F. ) ;
#5103 = LINE ( 'NONE', #2444, #1477 ) ;
#5104 = DIRECTION ( 'NONE',  ( -1.000000000000000000, 0.000000000000000000, 0.000000000000000000 ) ) ;
#5105 = VERTEX_POINT ( 'NONE', #1276 ) ;
#5106 = CARTESIAN_POINT ( 'NONE',  ( -1.599999999999998090, 0.9600000000000001865, 1.285000000000003029 ) ) ;
#5107 = VECTOR ( 'NONE', #3252, 1000.000000000000000 ) ;
#5108 = DIRECTION ( 'NONE',  ( 0.000000000000000000, 0.000000000000000000, 1.000000000000000000 ) ) ;
#5109 = ADVANCED_FACE ( 'NONE', ( #2964 ), #6817, .F. ) ;
#5110 = EDGE_CURVE ( 'NONE', #547, #5377, #2464, .T. ) ;
#5111 = DIRECTION ( 'NONE',  ( -1.000000000000000000, 0.000000000000000000, 0.000000000000000000 ) ) ;
#5112 = LINE ( 'NONE', #5143, #5500 ) ;
#5113 = ORIENTED_EDGE ( 'NONE', *, *, #5440, .F. ) ;
#5114 = DIRECTION ( 'NONE',  ( -1.000000000000000000, -0.000000000000000000, 0.000000000000000000 ) ) ;
#5115 = VERTEX_POINT ( 'NONE', #849 ) ;
#5116 = LINE ( 'NONE', #4651, #5325 ) ;
#5117 = CARTESIAN_POINT ( 'NONE',  ( 0.9050000000000008038, 0.5207565403230001166, 1.110655094915502961 ) ) ;
#5118 = DIRECTION ( 'NONE',  ( 0.000000000000000000, 0.000000000000000000, -1.000000000000000000 ) ) ;
#5119 = EDGE_CURVE ( 'NONE', #6429, #5737, #237, .T. ) ;
#5120 = DIRECTION ( 'NONE',  ( -1.000000000000000000, 0.000000000000000000, 0.000000000000000000 ) ) ;
#5121 = VERTEX_POINT ( 'NONE', #3067 ) ;
#5122 = CARTESIAN_POINT ( 'NONE',  ( 1.550000000000001377, 0.9354347826085001039, 1.200000000000004841 ) ) ;
#5123 = ORIENTED_EDGE ( 'NONE', *, *, #1426, .F. ) ;
#5124 = DIRECTION ( 'NONE',  ( 0.000000000000000000, 0.000000000000000000, 1.000000000000000000 ) ) ;
#5125 = ORIENTED_EDGE ( 'NONE', *, *, #5487, .T. ) ;
#5126 = FACE_OUTER_BOUND ( 'NONE', #891, .T. ) ;
#5127 = EDGE_CURVE ( 'NONE', #4695, #4886, #5258, .T. ) ;
#5128 = CARTESIAN_POINT ( 'NONE',  ( 0.8950000000000012390, 0.2500000000000000000, -1.399999999999997247 ) ) ;
#5129 = ORIENTED_EDGE ( 'NONE', *, *, #5271, .T. ) ;
#5130 = LINE ( 'NONE', #5093, #231 ) ;
#5131 = EDGE_LOOP ( 'NONE', ( #2105, #5094, #1524, #6069 ) ) ;
#5132 = CYLINDRICAL_SURFACE ( 'NONE', #1636, 0.09999999999953015917 ) ;
#5133 = ADVANCED_FACE ( 'NONE', ( #6305 ), #4686, .F. ) ;
#5134 = DIRECTION ( 'NONE',  ( 0.000000000000000000, -0.9986295347545662837, 0.05233595624308821914 ) ) ;
#5135 = ORIENTED_EDGE ( 'NONE', *, *, #2974, .T. ) ;
#5136 = ORIENTED_EDGE ( 'NONE', *, *, #3, .T. ) ;
#5137 = PLANE ( 'NONE',  #678 ) ;
#5138 = DIRECTION ( 'NONE',  ( -0.000000000000000000, 1.000000000000000000, -0.000000000000000000 ) ) ;
#5139 = ORIENTED_EDGE ( 'NONE', *, *, #4768, .T. ) ;
#5140 = DIRECTION ( 'NONE',  ( 1.000000000000000000, -0.000000000000000000, -0.000000000000000000 ) ) ;
#5141 = DIRECTION ( 'NONE',  ( -1.000000000000000000, 0.000000000000000000, 0.000000000000000000 ) ) ;
#5142 = PLANE ( 'NONE',  #6898 ) ;
#5143 = CARTESIAN_POINT ( 'NONE',  ( 3.200000000000001510, 0.9600000000000001865, 1.370000000000002993 ) ) ;
#5144 = EDGE_CURVE ( 'NONE', #5298, #4354, #3577, .T. ) ;
#5145 = EDGE_CURVE ( 'NONE', #6429, #2299, #4760, .T. ) ;
#5146 = CARTESIAN_POINT ( 'NONE',  ( -1.464432617519257018, 1.640000000000000124, -0.1900000000000091616 ) ) ;
#5147 = VERTEX_POINT ( 'NONE', #4863 ) ;
#5148 = CARTESIAN_POINT ( 'NONE',  ( -2.284999999999998810, 1.640000000000000124, 0.05000000000000316691 ) ) ;
#5149 = FACE_BOUND ( 'NONE', #1965, .T. ) ;
#5150 = CARTESIAN_POINT ( 'NONE',  ( -0.09499999999999959865, 0.1999999999999998723, -2.799999999999997602 ) ) ;
#5151 = FACE_OUTER_BOUND ( 'NONE', #4991, .T. ) ;
#5152 = VECTOR ( 'NONE', #923, 1000.000000000000000 ) ;
#5153 = VECTOR ( 'NONE', #6712, 1000.000000000000000 ) ;
#5154 = ORIENTED_EDGE ( 'NONE', *, *, #4781, .T. ) ;
#5155 = DIRECTION ( 'NONE',  ( 1.000000000000000000, -0.000000000000000000, -0.000000000000000000 ) ) ;
#5156 = ADVANCED_FACE ( 'NONE', ( #4320 ), #4829, .T. ) ;
#5157 = ORIENTED_EDGE ( 'NONE', *, *, #3060, .T. ) ;
#5158 = CARTESIAN_POINT ( 'NONE',  ( 0.5000000000000013323, 0.7455501731560001399, -2.299999999999997158 ) ) ;
#5159 = ORIENTED_EDGE ( 'NONE', *, *, #1375, .F. ) ;
#5160 = LINE ( 'NONE', #239, #6133 ) ;
#5161 = AXIS2_PLACEMENT_3D ( 'NONE', #3886, #5537, #5216 ) ;
#5162 = VECTOR ( 'NONE', #2158, 1000.000000000000000 ) ;
#5163 = CARTESIAN_POINT ( 'NONE',  ( -1.369999999999998774, 1.755000000000000115, 0.05000000000000316691 ) ) ;
#5164 = VERTEX_POINT ( 'NONE', #445 ) ;
#5165 = DIRECTION ( 'NONE',  ( 0.000000000000000000, -1.000000000000000000, 0.000000000000000000 ) ) ;
#5166 = EDGE_CURVE ( 'NONE', #672, #1852, #5329, .T. ) ;
#5167 = CIRCLE ( 'NONE', #1496, 0.1000000000000002554 ) ;
#5168 = ORIENTED_EDGE ( 'NONE', *, *, #2350, .F. ) ;
#5169 = FACE_OUTER_BOUND ( 'NONE', #2743, .T. ) ;
#5170 = VECTOR ( 'NONE', #5930, 1000.000000000000000 ) ;
#5171 = CARTESIAN_POINT ( 'NONE',  ( 1.514432617520001578, 0.2800000000000000822, -1.024999999999997247 ) ) ;
#5172 = DIRECTION ( 'NONE',  ( -1.000000000000000000, 0.000000000000000000, 0.000000000000000000 ) ) ;
#5173 = PLANE ( 'NONE',  #4231 ) ;
#5174 = ORIENTED_EDGE ( 'NONE', *, *, #5487, .F. ) ;
#5175 = ORIENTED_EDGE ( 'NONE', *, *, #1287, .T. ) ;
#5176 = ORIENTED_EDGE ( 'NONE', *, *, #4331, .F. ) ;
#5177 = DIRECTION ( 'NONE',  ( 0.000000000000000000, 0.000000000000000000, 1.000000000000000000 ) ) ;
#5178 = LINE ( 'NONE', #4565, #157 ) ;
#5179 = LINE ( 'NONE', #5685, #4019 ) ;
#5180 = CARTESIAN_POINT ( 'NONE',  ( -3.847216308759998871, 0.1000000000000000472, -1.239999999999997549 ) ) ;
#5181 = CARTESIAN_POINT ( 'NONE',  ( 1.370000000000001439, 0.05000000000000012768, -1.024999999999997247 ) ) ;
#5182 = VECTOR ( 'NONE', #2330, 1000.000000000000000 ) ;
#5183 = CARTESIAN_POINT ( 'NONE',  ( 0.1050000000000013561, 1.770000000000000018, -1.399999999999997247 ) ) ;
#5184 = ORIENTED_EDGE ( 'NONE', *, *, #6421, .F. ) ;
#5185 = CARTESIAN_POINT ( 'NONE',  ( -0.6049999999999987610, 0.2500000000000000000, -1.749999999999997113 ) ) ;
#5186 = CARTESIAN_POINT ( 'NONE',  ( 1.095000000000001306, 0.8099999999999997202, -2.299999999999990496 ) ) ;
#5187 = EDGE_CURVE ( 'NONE', #1146, #4899, #3782, .T. ) ;
#5188 = CARTESIAN_POINT ( 'NONE',  ( 2.444432617520257978, 0.1999999999999998723, -0.8999999999999971356 ) ) ;
#5189 = ORIENTED_EDGE ( 'NONE', *, *, #748, .F. ) ;
#5190 = LINE ( 'NONE', #4755, #6310 ) ;
#5191 = ORIENTED_EDGE ( 'NONE', *, *, #4276, .T. ) ;
#5192 = CARTESIAN_POINT ( 'NONE',  ( 1.301042606982605321E-15, 0.6671189302731395099, 1.372529207435402521 ) ) ;
#5193 = ORIENTED_EDGE ( 'NONE', *, *, #1013, .T. ) ;
#5194 = VECTOR ( 'NONE', #4100, 1000.000000000000227 ) ;
#5195 = DIRECTION ( 'NONE',  ( -0.000000000000000000, 1.000000000000000000, -0.000000000000000000 ) ) ;
#5196 = EDGE_CURVE ( 'NONE', #2091, #6044, #6447, .T. ) ;
#5197 = DIRECTION ( 'NONE',  ( 0.000000000000000000, 0.000000000000000000, 1.000000000000000000 ) ) ;
#5198 = VECTOR ( 'NONE', #5973, 1000.000000000000000 ) ;
#5199 = ORIENTED_EDGE ( 'NONE', *, *, #946, .T. ) ;
#5200 = DIRECTION ( 'NONE',  ( -0.000000000000000000, -0.000000000000000000, 1.000000000000000000 ) ) ;
#5201 = ORIENTED_EDGE ( 'NONE', *, *, #5145, .T. ) ;
#5202 = CARTESIAN_POINT ( 'NONE',  ( 1.301042606982605321E-15, 0.9600000000000001865, 2.100000000000002753 ) ) ;
#5203 = AXIS2_PLACEMENT_3D ( 'NONE', #3845, #1619, #7127 ) ;
#5204 = CARTESIAN_POINT ( 'NONE',  ( 0.8950000000000012390, 0.05000000000000012768, 2.602085213965210642E-15 ) ) ;
#5205 = EDGE_CURVE ( 'NONE', #1338, #856, #3178, .T. ) ;
#5206 = LINE ( 'NONE', #1934, #4123 ) ;
#5207 = ORIENTED_EDGE ( 'NONE', *, *, #3356, .F. ) ;
#5208 = VECTOR ( 'NONE', #5260, 1000.000000000000000 ) ;
#5209 = ORIENTED_EDGE ( 'NONE', *, *, #1184, .F. ) ;
#5210 = CARTESIAN_POINT ( 'NONE',  ( 0.3950000000000012390, 0.05000000000000012768, -1.399999999999997247 ) ) ;
#5211 = LINE ( 'NONE', #3122, #3700 ) ;
#5212 = CARTESIAN_POINT ( 'NONE',  ( 0.6050000000000013145, 1.870000000000000107, -2.099999999999997868 ) ) ;
#5213 = VECTOR ( 'NONE', #875, 1000.000000000000000 ) ;
#5214 = EDGE_CURVE ( 'NONE', #4663, #6766, #6990, .T. ) ;
#5215 = DIRECTION ( 'NONE',  ( 0.000000000000000000, 1.626303258735897755E-15, -1.000000000000000000 ) ) ;
#5216 = DIRECTION ( 'NONE',  ( 0.000000000000000000, 0.000000000000000000, -1.000000000000000000 ) ) ;
#5217 = VECTOR ( 'NONE', #1883, 1000.000000000000000 ) ;
#5218 = VERTEX_POINT ( 'NONE', #5911 ) ;
#5219 = DIRECTION ( 'NONE',  ( -0.000000000000000000, 1.000000000000000000, -0.000000000000000000 ) ) ;
#5220 = DIRECTION ( 'NONE',  ( 0.000000000000000000, 0.000000000000000000, -1.000000000000000000 ) ) ;
#5221 = DIRECTION ( 'NONE',  ( 0.000000000000000000, -1.000000000000000000, 0.000000000000000000 ) ) ;
#5222 = ADVANCED_FACE ( 'NONE', ( #2631 ), #4249, .T. ) ;
#5223 = AXIS2_PLACEMENT_3D ( 'NONE', #4575, #3358, #4543 ) ;
#5224 = CARTESIAN_POINT ( 'NONE',  ( 1.000000000000001332, 0.8020083447045608382, 1.217369128957598301 ) ) ;
#5225 = ORIENTED_EDGE ( 'NONE', *, *, #2948, .F. ) ;
#5226 = DIRECTION ( 'NONE',  ( -1.000000000000000000, 0.000000000000000000, 0.000000000000000000 ) ) ;
#5227 = ORIENTED_EDGE ( 'NONE', *, *, #3734, .F. ) ;
#5228 = CARTESIAN_POINT ( 'NONE',  ( -3.199999999999998845, 1.640000000000000124, -0.3649999999999968270 ) ) ;
#5229 = EDGE_CURVE ( 'NONE', #2353, #2648, #6484, .T. ) ;
#5230 = ORIENTED_EDGE ( 'NONE', *, *, #5273, .T. ) ;
#5231 = CARTESIAN_POINT ( 'NONE',  ( 2.444432617520276629, 0.1999999999999998723, -1.139999999999997460 ) ) ;
#5232 = DIRECTION ( 'NONE',  ( -0.000000000000000000, 1.000000000000000000, -0.000000000000000000 ) ) ;
#5233 = VERTEX_POINT ( 'NONE', #4210 ) ;
#5234 = FACE_OUTER_BOUND ( 'NONE', #4612, .T. ) ;
#5235 = EDGE_LOOP ( 'NONE', ( #4725, #393, #2759, #959 ) ) ;
#5236 = CARTESIAN_POINT ( 'NONE',  ( 0.4050000000000008593, 0.8099999999999997202, -2.799999999999997602 ) ) ;
#5237 = EDGE_CURVE ( 'NONE', #3194, #3891, #2098, .T. ) ;
#5238 = EDGE_CURVE ( 'NONE', #5491, #2861, #2702, .T. ) ;
#5239 = CARTESIAN_POINT ( 'NONE',  ( -0.4999999999999987232, 0.7086905952145743370, -0.5397673798719940796 ) ) ;
#5240 = LINE ( 'NONE', #5786, #5035 ) ;
#5241 = ORIENTED_EDGE ( 'NONE', *, *, #6177, .T. ) ;
#5242 = ORIENTED_EDGE ( 'NONE', *, *, #4479, .F. ) ;
#5243 = CARTESIAN_POINT ( 'NONE',  ( 1.095000000000001306, 0.7926488764346635296, 1.237440573436329627 ) ) ;
#5244 = CARTESIAN_POINT ( 'NONE',  ( 1.301042606982605321E-15, 0.7100000000000055156, -0.5999999999999972022 ) ) ;
#5245 = EDGE_CURVE ( 'NONE', #3455, #6525, #6922, .T. ) ;
#5246 = CARTESIAN_POINT ( 'NONE',  ( -3.849999999999938360, 0.000000000000000000, -1.400000000000002798 ) ) ;
#5247 = DIRECTION ( 'NONE',  ( 0.000000000000000000, 0.000000000000000000, 1.000000000000000000 ) ) ;
#5248 = PLANE ( 'NONE',  #910 ) ;
#5249 = EDGE_CURVE ( 'NONE', #6239, #5600, #5940, .T. ) ;
#5250 = EDGE_LOOP ( 'NONE', ( #2074, #5820, #4028, #1985, #6516, #2821 ) ) ;
#5251 = CARTESIAN_POINT ( 'NONE',  ( 1.301042606982605321E-15, 0.05000000000000012768, -2.099999999999997868 ) ) ;
#5252 = DIRECTION ( 'NONE',  ( 0.000000000000000000, -1.000000000000000000, 0.000000000000000000 ) ) ;
#5253 = CARTESIAN_POINT ( 'NONE',  ( 0.6050000000000013145, 1.870000000000000107, -1.399999999999997247 ) ) ;
#5254 = VERTEX_POINT ( 'NONE', #1527 ) ;
#5255 = DIRECTION ( 'NONE',  ( 0.000000000000000000, 0.000000000000000000, -1.000000000000000000 ) ) ;
#5256 = EDGE_CURVE ( 'NONE', #4886, #3326, #6408, .T. ) ;
#5257 = ORIENTED_EDGE ( 'NONE', *, *, #7064, .F. ) ;
#5258 = LINE ( 'NONE', #4113, #5893 ) ;
#5259 = EDGE_LOOP ( 'NONE', ( #4379, #601, #1480, #3867 ) ) ;
#5260 = DIRECTION ( 'NONE',  ( 1.000000000000000000, -0.000000000000000000, -0.000000000000000000 ) ) ;
#5261 = VECTOR ( 'NONE', #3362, 1000.000000000000000 ) ;
#5262 = DIRECTION ( 'NONE',  ( 0.000000000000000000, 0.05233595624347588821, 0.9986295347545459666 ) ) ;
#5263 = EDGE_LOOP ( 'NONE', ( #6446, #267, #5267, #5175 ) ) ;
#5264 = PLANE ( 'NONE',  #5034 ) ;
#5265 = EDGE_LOOP ( 'NONE', ( #6036, #2787, #4599, #3793 ) ) ;
#5266 = DIRECTION ( 'NONE',  ( 0.000000000000000000, 0.000000000000000000, 1.000000000000000000 ) ) ;
#5267 = ORIENTED_EDGE ( 'NONE', *, *, #4625, .F. ) ;
#5268 = VECTOR ( 'NONE', #3212, 1000.000000000000000 ) ;
#5269 = AXIS2_PLACEMENT_3D ( 'NONE', #2579, #893, #3079 ) ;
#5270 = DIRECTION ( 'NONE',  ( 1.000000000000000000, 0.000000000000000000, -0.000000000000000000 ) ) ;
#5271 = EDGE_CURVE ( 'NONE', #6183, #373, #3214, .T. ) ;
#5272 = CARTESIAN_POINT ( 'NONE',  ( 1.600000000000001421, 0.1600000000000001976, 2.100000000000002753 ) ) ;
#5273 = EDGE_CURVE ( 'NONE', #3606, #67, #2665, .T. ) ;
#5274 = VECTOR ( 'NONE', #217, 1000.000000000000000 ) ;
#5275 = VECTOR ( 'NONE', #2169, 1000.000000000000000 ) ;
#5276 = VERTEX_POINT ( 'NONE', #5293 ) ;
#5277 = ORIENTED_EDGE ( 'NONE', *, *, #1327, .T. ) ;
#5278 = DIRECTION ( 'NONE',  ( 0.000000000000000000, -1.000000000000000000, 0.000000000000000000 ) ) ;
#5279 = DIRECTION ( 'NONE',  ( -1.000000000000000000, 0.000000000000000000, 0.000000000000000000 ) ) ;
#5280 = DIRECTION ( 'NONE',  ( 1.000000000000000000, -0.000000000000000000, -0.000000000000000000 ) ) ;
#5281 = EDGE_CURVE ( 'NONE', #4639, #2701, #3713, .T. ) ;
#5282 = ADVANCED_FACE ( 'NONE', ( #5873 ), #951, .F. ) ;
#5283 = LINE ( 'NONE', #564, #2748 ) ;
#5284 = CARTESIAN_POINT ( 'NONE',  ( 1.301042606982605321E-15, 1.200000000000000178, -0.5999999999999972022 ) ) ;
#5285 = ORIENTED_EDGE ( 'NONE', *, *, #5717, .T. ) ;
#5286 = LINE ( 'NONE', #7022, #734 ) ;
#5287 = PLANE ( 'NONE',  #5684 ) ;
#5288 = SHAPE_DEFINITION_REPRESENTATION ( #6486, #4042 ) ;
#5289 = EDGE_CURVE ( 'NONE', #1213, #6521, #2770, .T. ) ;
#5290 = DIRECTION ( 'NONE',  ( 0.000000000000000000, -1.000000000000000000, 0.000000000000000000 ) ) ;
#5291 = EDGE_LOOP ( 'NONE', ( #3143, #4398, #5933, #5621 ) ) ;
#5292 = ORIENTED_EDGE ( 'NONE', *, *, #6170, .T. ) ;
#5293 = CARTESIAN_POINT ( 'NONE',  ( 1.514432617520251600, 0.2800000000000000822, -2.089999999999997193 ) ) ;
#5294 = ORIENTED_EDGE ( 'NONE', *, *, #843, .F. ) ;
#5295 = DIRECTION ( 'NONE',  ( -0.000000000000000000, 1.000000000000000000, -0.000000000000000000 ) ) ;
#5296 = VECTOR ( 'NONE', #2941, 1000.000000000000000 ) ;
#5297 = CARTESIAN_POINT ( 'NONE',  ( 1.301042606982605321E-15, 1.640000000000000124, -2.099999999999997868 ) ) ;
#5298 = VERTEX_POINT ( 'NONE', #3815 ) ;
#5299 = FACE_OUTER_BOUND ( 'NONE', #2312, .T. ) ;
#5300 = AXIS2_PLACEMENT_3D ( 'NONE', #5447, #1642, #6198 ) ;
#5301 = VERTEX_POINT ( 'NONE', #3927 ) ;
#5302 = CARTESIAN_POINT ( 'NONE',  ( 1.600000000000001421, 1.870000000000000107, 1.200000000000002620 ) ) ;
#5303 = EDGE_LOOP ( 'NONE', ( #119, #2174, #5697, #4938 ) ) ;
#5304 = DIRECTION ( 'NONE',  ( 0.000000000000000000, -0.4061384660533919333, 0.9138115486202819104 ) ) ;
#5305 = CARTESIAN_POINT ( 'NONE',  ( 3.150000000000001243, 0.1000000000000000472, -1.834999999999997300 ) ) ;
#5306 = AXIS2_PLACEMENT_3D ( 'NONE', #4557, #4445, #6750 ) ;
#5307 = EDGE_CURVE ( 'NONE', #1903, #5803, #1154, .T. ) ;
#5308 = DIRECTION ( 'NONE',  ( 0.000000000000000000, -1.000000000000000000, 0.000000000000000000 ) ) ;
#5309 = ORIENTED_EDGE ( 'NONE', *, *, #2430, .T. ) ;
#5310 = ORIENTED_EDGE ( 'NONE', *, *, #6753, .T. ) ;
#5311 = DIRECTION ( 'NONE',  ( 0.000000000000000000, 0.000000000000000000, -1.000000000000000000 ) ) ;
#5312 = PLANE ( 'NONE',  #5656 ) ;
#5313 = AXIS2_PLACEMENT_3D ( 'NONE', #5847, #5920, #6524 ) ;
#5314 = EDGE_CURVE ( 'NONE', #5948, #214, #3394, .T. ) ;
#5315 = DIRECTION ( 'NONE',  ( 0.000000000000000000, 0.05233595624284890363, 0.9986295347545788292 ) ) ;
#5316 = VECTOR ( 'NONE', #5867, 1000.000000000000000 ) ;
#5317 = DIRECTION ( 'NONE',  ( -1.000000000000000000, 0.000000000000000000, 0.000000000000000000 ) ) ;
#5318 = DIRECTION ( 'NONE',  ( 0.000000000000000000, 0.000000000000000000, 1.000000000000000000 ) ) ;
#5319 = VERTEX_POINT ( 'NONE', #3965 ) ;
#5320 = DIRECTION ( 'NONE',  ( -1.000000000000000000, 0.000000000000000000, 0.000000000000000000 ) ) ;
#5321 = EDGE_CURVE ( 'NONE', #5026, #539, #4893, .T. ) ;
#5322 = AXIS2_PLACEMENT_3D ( 'NONE', #2713, #4222, #4330 ) ;
#5323 = CARTESIAN_POINT ( 'NONE',  ( 0.1050000000000013561, 0.9600000000000001865, -2.099999999999997868 ) ) ;
#5324 = DIRECTION ( 'NONE',  ( -0.000000000000000000, -0.9138115486202819104, -0.4061384660533919333 ) ) ;
#5325 = VECTOR ( 'NONE', #5252, 1000.000000000000000 ) ;
#5326 = VERTEX_POINT ( 'NONE', #42 ) ;
#5327 = CYLINDRICAL_SURFACE ( 'NONE', #6534, 0.1000000000000002554 ) ;
#5328 = ORIENTED_EDGE ( 'NONE', *, *, #1475, .F. ) ;
#5329 = LINE ( 'NONE', #5431, #5998 ) ;
#5330 = ORIENTED_EDGE ( 'NONE', *, *, #6863, .T. ) ;
#5331 = ADVANCED_FACE ( 'NONE', ( #6555 ), #4999, .F. ) ;
#5332 = DIRECTION ( 'NONE',  ( 1.000000000000000000, -0.000000000000000000, -0.000000000000000000 ) ) ;
#5333 = AXIS2_PLACEMENT_3D ( 'NONE', #3999, #79, #2885 ) ;
#5334 = CARTESIAN_POINT ( 'NONE',  ( 0.9050000000000008038, 0.3211003463129999402, -2.300000000000232525 ) ) ;
#5335 = ORIENTED_EDGE ( 'NONE', *, *, #1905, .T. ) ;
#5336 = CARTESIAN_POINT ( 'NONE',  ( -1.719999999999998419, 1.050000000000000044, 0.9250000000000028200 ) ) ;
#5337 = ORIENTED_EDGE ( 'NONE', *, *, #5307, .T. ) ;
#5338 = FACE_OUTER_BOUND ( 'NONE', #4010, .T. ) ;
#5339 = ORIENTED_EDGE ( 'NONE', *, *, #3727, .F. ) ;
#5340 = LINE ( 'NONE', #459, #6125 ) ;
#5341 = LINE ( 'NONE', #1971, #3475 ) ;
#5342 = DIRECTION ( 'NONE',  ( -1.000000000000000000, 0.000000000000000000, 0.000000000000000000 ) ) ;
#5343 = ORIENTED_EDGE ( 'NONE', *, *, #2430, .F. ) ;
#5344 = ORIENTED_EDGE ( 'NONE', *, *, #3482, .T. ) ;
#5345 = DIRECTION ( 'NONE',  ( -1.000000000000000000, 0.000000000000000000, 0.000000000000000000 ) ) ;
#5346 = DIRECTION ( 'NONE',  ( -1.000000000000000000, 0.000000000000000000, 0.000000000000000000 ) ) ;
#5347 = EDGE_CURVE ( 'NONE', #2970, #4227, #2810, .T. ) ;
#5348 = CARTESIAN_POINT ( 'NONE',  ( 1.301042606982605321E-15, 1.659999999999999920, 2.100000000000002753 ) ) ;
#5349 = CARTESIAN_POINT ( 'NONE',  ( 3.150000000000114042, 0.000000000000000000, -2.089999999999997193 ) ) ;
#5350 = DIRECTION ( 'NONE',  ( 0.000000000000000000, -0.9063077870422934224, -0.4226182617285969556 ) ) ;
#5351 = VERTEX_POINT ( 'NONE', #2237 ) ;
#5352 = DIRECTION ( 'NONE',  ( 1.000000000000000000, -0.000000000000000000, -0.000000000000000000 ) ) ;
#5353 = FACE_OUTER_BOUND ( 'NONE', #1742, .T. ) ;
#5354 = ADVANCED_FACE ( 'NONE', ( #4426 ), #4500, .F. ) ;
#5355 = DIRECTION ( 'NONE',  ( 0.000000000000000000, 0.000000000000000000, 1.000000000000000000 ) ) ;
#5356 = EDGE_CURVE ( 'NONE', #1637, #1706, #114, .T. ) ;
#5357 = VERTEX_POINT ( 'NONE', #6009 ) ;
#5358 = CARTESIAN_POINT ( 'NONE',  ( 0.3950000000000012390, 0.9600000000000001865, -2.099999999999997868 ) ) ;
#5359 = ORIENTED_EDGE ( 'NONE', *, *, #2290, .F. ) ;
#5360 = DIRECTION ( 'NONE',  ( -0.000000000000000000, 1.000000000000000000, -0.000000000000000000 ) ) ;
#5361 = ORIENTED_EDGE ( 'NONE', *, *, #5471, .T. ) ;
#5362 = FACE_OUTER_BOUND ( 'NONE', #4527, .T. ) ;
#5363 = PLANE ( 'NONE',  #4303 ) ;
#5364 = CARTESIAN_POINT ( 'NONE',  ( 2.285000000000001474, 1.640000000000000124, -2.089999999999997193 ) ) ;
#5365 = EDGE_CURVE ( 'NONE', #6732, #2611, #4464, .T. ) ;
#5366 = EDGE_LOOP ( 'NONE', ( #1891, #5159, #1185, #858 ) ) ;
#5367 = LINE ( 'NONE', #455, #795 ) ;
#5368 = ORIENTED_EDGE ( 'NONE', *, *, #3220, .T. ) ;
#5369 = LINE ( 'NONE', #3258, #3135 ) ;
#5370 = VERTEX_POINT ( 'NONE', #5576 ) ;
#5371 = LINE ( 'NONE', #3940, #3717 ) ;
#5372 = VECTOR ( 'NONE', #2662, 1000.000000000000000 ) ;
#5373 = DIRECTION ( 'NONE',  ( 1.000000000000000000, -0.000000000000000000, -0.000000000000000000 ) ) ;
#5374 = CIRCLE ( 'NONE', #2968, 0.1000000000000002554 ) ;
#5375 = LINE ( 'NONE', #966, #4581 ) ;
#5376 = EDGE_CURVE ( 'NONE', #3111, #5061, #1227, .T. ) ;
#5377 = VERTEX_POINT ( 'NONE', #1088 ) ;
#5378 = VECTOR ( 'NONE', #2137, 1000.000000000000000 ) ;
#5379 = ORIENTED_EDGE ( 'NONE', *, *, #3244, .F. ) ;
#5380 = FACE_OUTER_BOUND ( 'NONE', #3864, .T. ) ;
#5381 = VECTOR ( 'NONE', #3942, 1000.000000000000000 ) ;
#5382 = DIRECTION ( 'NONE',  ( 0.000000000000000000, 0.000000000000000000, -1.000000000000000000 ) ) ;
#5383 = LINE ( 'NONE', #397, #6221 ) ;
#5384 = AXIS2_PLACEMENT_3D ( 'NONE', #2594, #4789, #6988 ) ;
#5385 = CIRCLE ( 'NONE', #111, 0.2999999999999999334 ) ;
#5386 = ADVANCED_FACE ( 'NONE', ( #5466 ), #6662, .T. ) ;
#5387 = CARTESIAN_POINT ( 'NONE',  ( 1.550000000000001377, 1.050000000000000044, 1.200000000000003064 ) ) ;
#5388 = CARTESIAN_POINT ( 'NONE',  ( -0.3949999999999986300, 0.9600000000000001865, -2.099999999999997868 ) ) ;
#5389 = ORIENTED_EDGE ( 'NONE', *, *, #5895, .F. ) ;
#5390 = CARTESIAN_POINT ( 'NONE',  ( 0.6050000000000013145, 0.05000000000000012768, -2.099999999999997868 ) ) ;
#5391 = AXIS2_PLACEMENT_3D ( 'NONE', #5688, #1878, #6364 ) ;
#5392 = DIRECTION ( 'NONE',  ( 0.000000000000000000, -0.4226182617285969556, 0.9063077870422934224 ) ) ;
#5393 = DIRECTION ( 'NONE',  ( 0.000000000000000000, 0.05233595624308821914, 0.9986295347545662837 ) ) ;
#5394 = CARTESIAN_POINT ( 'NONE',  ( -0.9999999999999991118, 0.1000000000000000472, -2.799999999999997602 ) ) ;
#5395 = ORIENTED_EDGE ( 'NONE', *, *, #6151, .T. ) ;
#5396 = CARTESIAN_POINT ( 'NONE',  ( 1.600000000000001421, 1.340000000000000080, 0.07500000000000300870 ) ) ;
#5397 = VERTEX_POINT ( 'NONE', #3426 ) ;
#5398 = FACE_OUTER_BOUND ( 'NONE', #2494, .T. ) ;
#5399 = EDGE_CURVE ( 'NONE', #2363, #1258, #5613, .T. ) ;
#5400 = FACE_OUTER_BOUND ( 'NONE', #4538, .T. ) ;
#5401 = FACE_OUTER_BOUND ( 'NONE', #3578, .T. ) ;
#5402 = ORIENTED_EDGE ( 'NONE', *, *, #5451, .F. ) ;
#5403 = CARTESIAN_POINT ( 'NONE',  ( 1.370000000000001439, 1.820000000000000284, -1.139999999999997460 ) ) ;
#5404 = ORIENTED_EDGE ( 'NONE', *, *, #5229, .F. ) ;
#5405 = CARTESIAN_POINT ( 'NONE',  ( -1.599999999999998090, 1.050000000000000044, 1.400000000000002798 ) ) ;
#5406 = ORIENTED_EDGE ( 'NONE', *, *, #6402, .T. ) ;
#5407 = VECTOR ( 'NONE', #470, 1000.000000000000000 ) ;
#5408 = CARTESIAN_POINT ( 'NONE',  ( 1.370000000000001439, 0.2800000000000000822, -2.099999999999997868 ) ) ;
#5409 = EDGE_CURVE ( 'NONE', #6000, #3364, #6935, .T. ) ;
#5410 = EDGE_CURVE ( 'NONE', #4656, #4748, #6045, .T. ) ;
#5411 = LINE ( 'NONE', #496, #3123 ) ;
#5412 = DIRECTION ( 'NONE',  ( 0.000000000000000000, 0.000000000000000000, -1.000000000000000000 ) ) ;
#5413 = VECTOR ( 'NONE', #3726, 1000.000000000000000 ) ;
#5414 = ORIENTED_EDGE ( 'NONE', *, *, #6692, .T. ) ;
#5415 = ORIENTED_EDGE ( 'NONE', *, *, #1848, .T. ) ;
#5416 = FACE_OUTER_BOUND ( 'NONE', #1758, .T. ) ;
#5417 = FACE_OUTER_BOUND ( 'NONE', #2534, .T. ) ;
#5418 = VECTOR ( 'NONE', #4121, 1000.000000000000000 ) ;
#5419 = EDGE_CURVE ( 'NONE', #2302, #3364, #1118, .T. ) ;
#5420 = DIRECTION ( 'NONE',  ( 0.000000000000000000, 0.9138115486202819104, 0.4061384660533919333 ) ) ;
#5421 = VECTOR ( 'NONE', #3746, 1000.000000000000000 ) ;
#5422 = PLANE ( 'NONE',  #3667 ) ;
#5423 = ORIENTED_EDGE ( 'NONE', *, *, #5829, .F. ) ;
#5424 = CARTESIAN_POINT ( 'NONE',  ( 0.09500000000000133338, 0.8020083447048534930, 1.217369128957734636 ) ) ;
#5425 = LINE ( 'NONE', #475, #2927 ) ;
#5426 = VECTOR ( 'NONE', #6376, 1000.000000000000000 ) ;
#5427 = CARTESIAN_POINT ( 'NONE',  ( -1.094999999999998863, 0.1373467578910001763, -2.089999999999997193 ) ) ;
#5428 = CARTESIAN_POINT ( 'NONE',  ( 1.301042606982605321E-15, 1.620000000000002993, -2.099999999999997868 ) ) ;
#5429 = VECTOR ( 'NONE', #1317, 1000.000000000000000 ) ;
#5430 = ORIENTED_EDGE ( 'NONE', *, *, #2727, .T. ) ;
#5431 = CARTESIAN_POINT ( 'NONE',  ( -1.549999999999998490, 1.195000000000000062, -0.2499999999999971967 ) ) ;
#5432 = VERTEX_POINT ( 'NONE', #5504 ) ;
#5433 = EDGE_CURVE ( 'NONE', #6844, #6217, #584, .T. ) ;
#5434 = FACE_OUTER_BOUND ( 'NONE', #1577, .T. ) ;
#5435 = CARTESIAN_POINT ( 'NONE',  ( 0.3950000000000012390, 0.9600000000000001865, -2.099999999999997868 ) ) ;
#5436 = VECTOR ( 'NONE', #5295, 1000.000000000000000 ) ;
#5437 = LINE ( 'NONE', #5944, #109 ) ;
#5438 = ORIENTED_EDGE ( 'NONE', *, *, #578, .T. ) ;
#5439 = DIRECTION ( 'NONE',  ( 1.000000000000000000, 0.000000000000000000, -0.000000000000000000 ) ) ;
#5440 = EDGE_CURVE ( 'NONE', #1788, #6475, #838, .T. ) ;
#5441 = ORIENTED_EDGE ( 'NONE', *, *, #542, .T. ) ;
#5442 = DIRECTION ( 'NONE',  ( 0.000000000000000000, -0.9138115486202620374, -0.4061384660534366198 ) ) ;
#5443 = AXIS2_PLACEMENT_3D ( 'NONE', #5117, #4429, #1157 ) ;
#5444 = VERTEX_POINT ( 'NONE', #5652 ) ;
#5445 = CARTESIAN_POINT ( 'NONE',  ( -4.000000000000000000, 0.9100000000000000311, 0.7000000000000029532 ) ) ;
#5446 = VERTEX_POINT ( 'NONE', #2452 ) ;
#5447 = CARTESIAN_POINT ( 'NONE',  ( 4.000000000000001776, 0.9100000000000000311, 1.400000000000002798 ) ) ;
#5448 = CARTESIAN_POINT ( 'NONE',  ( 1.600000000000001421, 0.9600000000000001865, 1.200000000000002620 ) ) ;
#5449 = ORIENTED_EDGE ( 'NONE', *, *, #882, .T. ) ;
#5450 = EDGE_CURVE ( 'NONE', #3213, #6930, #6293, .T. ) ;
#5451 = EDGE_CURVE ( 'NONE', #1852, #3372, #1266, .T. ) ;
#5452 = VERTEX_POINT ( 'NONE', #3027 ) ;
#5453 = DIRECTION ( 'NONE',  ( -1.000000000000000000, 0.000000000000000000, 0.000000000000000000 ) ) ;
#5454 = CARTESIAN_POINT ( 'NONE',  ( 0.1050000000000013561, 0.2500000000000000000, -1.749999999999997113 ) ) ;
#5455 = DIRECTION ( 'NONE',  ( -0.06395966218752799359, 0.000000000000000000, 0.9979524846468680321 ) ) ;
#5456 = ORIENTED_EDGE ( 'NONE', *, *, #929, .F. ) ;
#5457 = EDGE_CURVE ( 'NONE', #2630, #3120, #6843, .T. ) ;
#5458 = VERTEX_POINT ( 'NONE', #3462 ) ;
#5459 = ORIENTED_EDGE ( 'NONE', *, *, #1468, .F. ) ;
#5460 = DIRECTION ( 'NONE',  ( 0.000000000000000000, 0.000000000000000000, 1.000000000000000000 ) ) ;
#5461 = DIRECTION ( 'NONE',  ( -0.000000000000000000, 1.000000000000000000, -0.000000000000000000 ) ) ;
#5462 = DIRECTION ( 'NONE',  ( 0.000000000000000000, 0.05233595624347588821, 0.9986295347545459666 ) ) ;
#5463 = EDGE_CURVE ( 'NONE', #1336, #4439, #4539, .T. ) ;
#5464 = DIRECTION ( 'NONE',  ( 0.000000000000000000, 0.000000000000000000, 1.000000000000000000 ) ) ;
#5465 = ORIENTED_EDGE ( 'NONE', *, *, #1542, .F. ) ;
#5466 = FACE_OUTER_BOUND ( 'NONE', #138, .T. ) ;
#5467 = ORIENTED_EDGE ( 'NONE', *, *, #4692, .T. ) ;
#5468 = DIRECTION ( 'NONE',  ( -0.000000000000000000, 1.000000000000000000, -0.000000000000000000 ) ) ;
#5469 = FACE_OUTER_BOUND ( 'NONE', #6322, .T. ) ;
#5470 = CARTESIAN_POINT ( 'NONE',  ( 1.095000000000001306, 0.8020083447047559044, 1.217369128957688895 ) ) ;
#5471 = EDGE_CURVE ( 'NONE', #4862, #645, #225, .T. ) ;
#5472 = ORIENTED_EDGE ( 'NONE', *, *, #2376, .F. ) ;
#5473 = LINE ( 'NONE', #2709, #1713 ) ;
#5474 = ORIENTED_EDGE ( 'NONE', *, *, #4435, .F. ) ;
#5475 = DIRECTION ( 'NONE',  ( -1.000000000000000000, 0.000000000000000000, 0.000000000000000000 ) ) ;
#5476 = ORIENTED_EDGE ( 'NONE', *, *, #1203, .T. ) ;
#5477 = DIRECTION ( 'NONE',  ( -1.000000000000000000, 0.000000000000000000, 0.000000000000000000 ) ) ;
#5478 = CARTESIAN_POINT ( 'NONE',  ( -0.1049999999999987610, 1.770000000000000018, -1.749999999999997113 ) ) ;
#5479 = CARTESIAN_POINT ( 'NONE',  ( -2.232216308760998746, 0.05000000000000012768, -2.089999999999997193 ) ) ;
#5480 = EDGE_LOOP ( 'NONE', ( #3293, #4152, #5490, #865, #7050, #3317, #302, #948 ) ) ;
#5481 = ORIENTED_EDGE ( 'NONE', *, *, #3620, .F. ) ;
#5482 = FACE_OUTER_BOUND ( 'NONE', #3857, .T. ) ;
#5483 = DIRECTION ( 'NONE',  ( -0.000000000000000000, -0.000000000000000000, -1.000000000000000000 ) ) ;
#5484 = VECTOR ( 'NONE', #5901, 1000.000000000000000 ) ;
#5485 = DIRECTION ( 'NONE',  ( -0.000000000000000000, -0.000000000000000000, 1.000000000000000000 ) ) ;
#5486 = ADVANCED_FACE ( 'NONE', ( #1304 ), #2954, .T. ) ;
#5487 = EDGE_CURVE ( 'NONE', #6382, #6448, #1879, .T. ) ;
#5488 = VECTOR ( 'NONE', #6203, 1000.000000000000000 ) ;
#5489 = VECTOR ( 'NONE', #4691, 1000.000000000000000 ) ;
#5490 = ORIENTED_EDGE ( 'NONE', *, *, #2966, .F. ) ;
#5491 = VERTEX_POINT ( 'NONE', #5722 ) ;
#5492 = ORIENTED_EDGE ( 'NONE', *, *, #828, .F. ) ;
#5493 = DIRECTION ( 'NONE',  ( 0.000000000000000000, 0.000000000000000000, 1.000000000000000000 ) ) ;
#5494 = MECHANICAL_DESIGN_GEOMETRIC_PRESENTATION_REPRESENTATION (  '', ( #1720 ), #3772 ) ;
#5495 = CARTESIAN_POINT ( 'NONE',  ( 3.400000000000001688, 1.659999999999999920, 1.400000000000002798 ) ) ;
#5496 = VECTOR ( 'NONE', #4324, 1000.000000000000000 ) ;
#5497 = ADVANCED_FACE ( 'NONE', ( #732 ), #2416, .F. ) ;
#5498 = EDGE_CURVE ( 'NONE', #3295, #5377, #1914, .T. ) ;
#5499 = DIRECTION ( 'NONE',  ( 0.000000000000000000, 0.000000000000000000, -1.000000000000000000 ) ) ;
#5500 = VECTOR ( 'NONE', #5720, 1000.000000000000000 ) ;
#5501 = VECTOR ( 'NONE', #5290, 1000.000000000000000 ) ;
#5502 = LINE ( 'NONE', #3925, #1032 ) ;
#5503 = VERTEX_POINT ( 'NONE', #5799 ) ;
#5504 = CARTESIAN_POINT ( 'NONE',  ( 0.6050000000000013145, 1.670000000000000151, -1.399999999999997247 ) ) ;
#5505 = ORIENTED_EDGE ( 'NONE', *, *, #4416, .T. ) ;
#5506 = DIRECTION ( 'NONE',  ( -1.000000000000000000, 0.000000000000000000, 0.000000000000000000 ) ) ;
#5507 = PLANE ( 'NONE',  #5914 ) ;
#5508 = EDGE_CURVE ( 'NONE', #5061, #7042, #4571, .T. ) ;
#5509 = CARTESIAN_POINT ( 'NONE',  ( -2.264432617519998914, 1.820000000000000284, -0.1900000000000026668 ) ) ;
#5510 = ORIENTED_EDGE ( 'NONE', *, *, #6965, .T. ) ;
#5511 = CARTESIAN_POINT ( 'NONE',  ( 1.789432617520001267, 1.820000000000000284, -2.089999999999997193 ) ) ;
#5512 = VERTEX_POINT ( 'NONE', #4648 ) ;
#5513 = FACE_OUTER_BOUND ( 'NONE', #6975, .T. ) ;
#5514 = VERTEX_POINT ( 'NONE', #187 ) ;
#5515 = CARTESIAN_POINT ( 'NONE',  ( -3.999999999999999112, 0.1600000000000001976, 1.400000000000002798 ) ) ;
#5516 = EDGE_CURVE ( 'NONE', #6084, #1213, #6333, .T. ) ;
#5517 = VERTEX_POINT ( 'NONE', #767 ) ;
#5518 = CARTESIAN_POINT ( 'NONE',  ( 1.550000000000001377, 0.6708695652171696722, 1.200000000000005951 ) ) ;
#5519 = ORIENTED_EDGE ( 'NONE', *, *, #5166, .T. ) ;
#5520 = LINE ( 'NONE', #5898, #6777 ) ;
#5521 = EDGE_LOOP ( 'NONE', ( #4798, #4978, #1463, #866 ) ) ;
#5522 = FACE_OUTER_BOUND ( 'NONE', #1576, .T. ) ;
#5523 = CARTESIAN_POINT ( 'NONE',  ( 1.301042606982605321E-15, 1.050000000000000044, 0.9250000000000028200 ) ) ;
#5524 = EDGE_CURVE ( 'NONE', #3724, #4258, #2922, .T. ) ;
#5525 = LINE ( 'NONE', #3874, #3919 ) ;
#5526 = AXIS2_PLACEMENT_3D ( 'NONE', #2213, #4000, #737 ) ;
#5527 = ORIENTED_EDGE ( 'NONE', *, *, #462, .F. ) ;
#5528 = ORIENTED_EDGE ( 'NONE', *, *, #6112, .F. ) ;
#5529 = CARTESIAN_POINT ( 'NONE',  ( -0.5949999999999991962, 0.8099999999999997202, -0.6999999999999970690 ) ) ;
#5530 = EDGE_CURVE ( 'NONE', #3978, #6844, #3531, .T. ) ;
#5531 = VECTOR ( 'NONE', #7119, 1000.000000000000000 ) ;
#5532 = ORIENTED_EDGE ( 'NONE', *, *, #4532, .T. ) ;
#5533 = CARTESIAN_POINT ( 'NONE',  ( -1.369999999999992779, 1.820000000000000284, -0.1839477295671508861 ) ) ;
#5534 = CARTESIAN_POINT ( 'NONE',  ( -0.9049999999999986944, 0.1999999999999998723, -2.799999999999997602 ) ) ;
#5535 = AXIS2_PLACEMENT_3D ( 'NONE', #6515, #3249, #3103 ) ;
#5536 = DIRECTION ( 'NONE',  ( 0.000000000000000000, 0.000000000000000000, 1.000000000000000000 ) ) ;
#5537 = DIRECTION ( 'NONE',  ( -1.000000000000000000, 0.000000000000000000, 0.000000000000000000 ) ) ;
#5538 = EDGE_CURVE ( 'NONE', #6372, #4219, #3995, .T. ) ;
#5539 = ORIENTED_EDGE ( 'NONE', *, *, #72, .F. ) ;
#5540 = DIRECTION ( 'NONE',  ( 0.000000000000000000, 0.000000000000000000, -1.000000000000000000 ) ) ;
#5541 = VERTEX_POINT ( 'NONE', #2379 ) ;
#5542 = VECTOR ( 'NONE', #4585, 1000.000000000000000 ) ;
#5543 = CARTESIAN_POINT ( 'NONE',  ( 1.301042606982605321E-15, 1.659999999999999920, 2.100000000000002753 ) ) ;
#5544 = PLANE ( 'NONE',  #5223 ) ;
#5545 = LINE ( 'NONE', #4933, #4703 ) ;
#5546 = VECTOR ( 'NONE', #3851, 1000.000000000000000 ) ;
#5547 = ORIENTED_EDGE ( 'NONE', *, *, #2387, .F. ) ;
#5548 = FACE_OUTER_BOUND ( 'NONE', #6211, .T. ) ;
#5549 = ADVANCED_FACE ( 'NONE', ( #1845 ), #4037, .F. ) ;
#5550 = ORIENTED_EDGE ( 'NONE', *, *, #785, .F. ) ;
#5551 = DIRECTION ( 'NONE',  ( 1.000000000000000000, 0.000000000000000000, -0.000000000000000000 ) ) ;
#5552 = ORIENTED_EDGE ( 'NONE', *, *, #652, .T. ) ;
#5553 = CARTESIAN_POINT ( 'NONE',  ( -1.369999999999997886, 1.640000000000000124, 0.05000000000000316691 ) ) ;
#5554 = VECTOR ( 'NONE', #6258, 1000.000000000000114 ) ;
#5555 = CARTESIAN_POINT ( 'NONE',  ( -0.5949999999999991962, 0.6850000000000000533, 0.5500000000000024869 ) ) ;
#5556 = ORIENTED_EDGE ( 'NONE', *, *, #4215, .T. ) ;
#5557 = LINE ( 'NONE', #60, #1130 ) ;
#5558 = VECTOR ( 'NONE', #2812, 1000.000000000000000 ) ;
#5559 = VERTEX_POINT ( 'NONE', #3096 ) ;
#5560 = DIRECTION ( 'NONE',  ( 0.000000000000000000, -1.000000000000000000, 0.000000000000000000 ) ) ;
#5561 = CARTESIAN_POINT ( 'NONE',  ( -0.4049999999999986944, 0.5207565403230001166, 1.110655094915502961 ) ) ;
#5562 = FACE_OUTER_BOUND ( 'NONE', #5022, .T. ) ;
#5563 = VECTOR ( 'NONE', #5777, 1000.000000000000000 ) ;
#5564 = VERTEX_POINT ( 'NONE', #979 ) ;
#5565 = EDGE_CURVE ( 'NONE', #639, #354, #6508, .T. ) ;
#5566 = ORIENTED_EDGE ( 'NONE', *, *, #4139, .F. ) ;
#5567 = ORIENTED_EDGE ( 'NONE', *, *, #5725, .T. ) ;
#5568 = CARTESIAN_POINT ( 'NONE',  ( 1.301042606982605321E-15, 0.05000000000000012768, -1.399999999999997247 ) ) ;
#5569 = EDGE_LOOP ( 'NONE', ( #4313, #5814, #1871, #2694, #6321, #1861 ) ) ;
#5570 = CARTESIAN_POINT ( 'NONE',  ( 1.301042606982605321E-15, 0.2500000000000000000, -2.099999999999997868 ) ) ;
#5571 = FACE_OUTER_BOUND ( 'NONE', #5569, .T. ) ;
#5572 = EDGE_CURVE ( 'NONE', #2436, #1990, #1306, .T. ) ;
#5573 = LINE ( 'NONE', #3884, #3904 ) ;
#5574 = DIRECTION ( 'NONE',  ( -0.000000000000000000, -0.9138115486202819104, -0.4061384660533919333 ) ) ;
#5575 = ORIENTED_EDGE ( 'NONE', *, *, #7023, .F. ) ;
#5576 = CARTESIAN_POINT ( 'NONE',  ( 1.370000000000001439, 0.05000000000000012768, -2.089999999999997193 ) ) ;
#5577 = ORIENTED_EDGE ( 'NONE', *, *, #1510, .T. ) ;
#5578 = DIRECTION ( 'NONE',  ( 0.000000000000000000, 0.05233595624284890363, 0.9986295347545788292 ) ) ;
#5579 = DIRECTION ( 'NONE',  ( -0.000000000000000000, 1.000000000000000000, -0.000000000000000000 ) ) ;
#5580 = EDGE_CURVE ( 'NONE', #4886, #4660, #5286, .T. ) ;
#5581 = EDGE_CURVE ( 'NONE', #2507, #3917, #6984, .T. ) ;
#5582 = ORIENTED_EDGE ( 'NONE', *, *, #5597, .T. ) ;
#5583 = CARTESIAN_POINT ( 'NONE',  ( -1.464432617519622948, 1.820000000000000284, -0.1900000000000104661 ) ) ;
#5584 = ORIENTED_EDGE ( 'NONE', *, *, #5376, .F. ) ;
#5585 = CARTESIAN_POINT ( 'NONE',  ( -0.1049999999999987610, 0.2500000000000000000, -2.099999999999997868 ) ) ;
#5586 = EDGE_LOOP ( 'NONE', ( #6117, #7077, #1021, #4572 ) ) ;
#5587 = DIRECTION ( 'NONE',  ( -0.000000000000000000, 0.4226182617254299889, -0.9063077870437702410 ) ) ;
#5588 = ORIENTED_EDGE ( 'NONE', *, *, #4015, .T. ) ;
#5589 = EDGE_CURVE ( 'NONE', #1235, #83, #4172, .T. ) ;
#5590 = DIRECTION ( 'NONE',  ( 0.000000000000000000, -0.02173399540922035106, 0.9997637888239161441 ) ) ;
#5591 = ORIENTED_EDGE ( 'NONE', *, *, #3876, .T. ) ;
#5592 = DIRECTION ( 'NONE',  ( -0.000000000000000000, 0.02173399540922035106, -0.9997637888239161441 ) ) ;
#5593 = VERTEX_POINT ( 'NONE', #2022 ) ;
#5594 = PLANE ( 'NONE',  #5607 ) ;
#5595 = LINE ( 'NONE', #6642, #4272 ) ;
#5596 = CARTESIAN_POINT ( 'NONE',  ( -0.4999999999999987232, 0.1000000000000000472, -2.799999999999997602 ) ) ;
#5597 = EDGE_CURVE ( 'NONE', #1219, #1239, #2521, .T. ) ;
#5598 = VERTEX_POINT ( 'NONE', #4242 ) ;
#5599 = ORIENTED_EDGE ( 'NONE', *, *, #1251, .T. ) ;
#5600 = VERTEX_POINT ( 'NONE', #2658 ) ;
#5601 = CARTESIAN_POINT ( 'NONE',  ( 0.5950000000000013056, 0.8099999999999997202, -0.6999999999999970690 ) ) ;
#5602 = ORIENTED_EDGE ( 'NONE', *, *, #1068, .F. ) ;
#5603 = LINE ( 'NONE', #1332, #4977 ) ;
#5604 = CARTESIAN_POINT ( 'NONE',  ( 2.264432617520201418, 1.640000000000000124, -0.1899999999999970324 ) ) ;
#5605 = ADVANCED_FACE ( 'NONE', ( #4204 ), #4314, .T. ) ;
#5606 = AXIS2_PLACEMENT_3D ( 'NONE', #2253, #6246, #4442 ) ;
#5607 = AXIS2_PLACEMENT_3D ( 'NONE', #4985, #3269, #5453 ) ;
#5608 = CARTESIAN_POINT ( 'NONE',  ( 3.844432617520224582, 0.000000000000000000, -0.8999999999999971356 ) ) ;
#5609 = PLANE ( 'NONE',  #1135 ) ;
#5610 = ORIENTED_EDGE ( 'NONE', *, *, #492, .F. ) ;
#5611 = VECTOR ( 'NONE', #2851, 1000.000000000000000 ) ;
#5612 = VECTOR ( 'NONE', #2936, 1000.000000000000000 ) ;
#5613 = LINE ( 'NONE', #696, #1881 ) ;
#5614 = ORIENTED_EDGE ( 'NONE', *, *, #1007, .T. ) ;
#5615 = DIRECTION ( 'NONE',  ( 0.000000000000000000, 0.000000000000000000, -1.000000000000000000 ) ) ;
#5616 = CARTESIAN_POINT ( 'NONE',  ( -1.599999999999998090, 1.050000000000000044, 1.200000000000002620 ) ) ;
#5617 = DIRECTION ( 'NONE',  ( 0.000000000000000000, 0.000000000000000000, -1.000000000000000000 ) ) ;
#5618 = AXIS2_PLACEMENT_3D ( 'NONE', #6545, #939, #3737 ) ;
#5619 = AXIS2_PLACEMENT_3D ( 'NONE', #3751, #4764, #1059 ) ;
#5620 = DIRECTION ( 'NONE',  ( 0.000000000000000000, 0.000000000000000000, -1.000000000000000000 ) ) ;
#5621 = ORIENTED_EDGE ( 'NONE', *, *, #4919, .F. ) ;
#5622 = LINE ( 'NONE', #2930, #3082 ) ;
#5623 = ORIENTED_EDGE ( 'NONE', *, *, #5978, .F. ) ;
#5624 = DIRECTION ( 'NONE',  ( 0.000000000000000000, 0.000000000000000000, 1.000000000000000000 ) ) ;
#5625 = EDGE_CURVE ( 'NONE', #1386, #2361, #6400, .T. ) ;
#5626 = EDGE_LOOP ( 'NONE', ( #6340, #22, #2597, #6752 ) ) ;
#5627 = CARTESIAN_POINT ( 'NONE',  ( -0.5949999999999991962, 0.2212373928370751364, -2.394766404375737512 ) ) ;
#5628 = AXIS2_PLACEMENT_3D ( 'NONE', #4410, #2586, #3127 ) ;
#5629 = CARTESIAN_POINT ( 'NONE',  ( 0.09500000000000133338, 0.8020083447047559044, 1.217369128957688895 ) ) ;
#5630 = ORIENTED_EDGE ( 'NONE', *, *, #6946, .T. ) ;
#5631 = CARTESIAN_POINT ( 'NONE',  ( -3.399999999999998579, 1.659999999999999920, 0.7000000000000029532 ) ) ;
#5632 = ORIENTED_EDGE ( 'NONE', *, *, #1142, .F. ) ;
#5633 = CARTESIAN_POINT ( 'NONE',  ( 1.879432617520001125, 0.1000000000000000472, -0.1899999999999970324 ) ) ;
#5634 = LINE ( 'NONE', #3947, #2439 ) ;
#5635 = EDGE_CURVE ( 'NONE', #5446, #2146, #4749, .T. ) ;
#5636 = EDGE_CURVE ( 'NONE', #1492, #5397, #942, .T. ) ;
#5637 = CARTESIAN_POINT ( 'NONE',  ( -0.4049999999999986944, 0.8099999999999997202, -2.299999999999992273 ) ) ;
#5638 = ORIENTED_EDGE ( 'NONE', *, *, #6177, .F. ) ;
#5639 = VERTEX_POINT ( 'NONE', #436 ) ;
#5640 = CARTESIAN_POINT ( 'NONE',  ( -3.499999999999998668, 1.659999999999999920, 0.7000000000000029532 ) ) ;
#5641 = DIRECTION ( 'NONE',  ( -1.000000000000000000, 0.000000000000000000, 0.000000000000000000 ) ) ;
#5642 = EDGE_CURVE ( 'NONE', #778, #3756, #7059, .T. ) ;
#5643 = ORIENTED_EDGE ( 'NONE', *, *, #652, .F. ) ;
#5644 = CARTESIAN_POINT ( 'NONE',  ( -1.100406729140998463, 0.1373467578910001763, -2.089999999999997193 ) ) ;
#5645 = AXIS2_PLACEMENT_3D ( 'NONE', #3021, #5646, #2373 ) ;
#5646 = DIRECTION ( 'NONE',  ( -1.000000000000000000, 0.000000000000000000, 0.000000000000000000 ) ) ;
#5647 = CARTESIAN_POINT ( 'NONE',  ( 1.000000000000001332, 0.2500000000000000000, -1.749999999999997113 ) ) ;
#5648 = CIRCLE ( 'NONE', #1873, 0.09999999999953015917 ) ;
#5649 = DIRECTION ( 'NONE',  ( -1.000000000000000000, 0.000000000000000000, 0.000000000000000000 ) ) ;
#5650 = ADVANCED_FACE ( 'NONE', ( #405 ), #5902, .F. ) ;
#5651 = VERTEX_POINT ( 'NONE', #2621 ) ;
#5652 = CARTESIAN_POINT ( 'NONE',  ( 0.9050000000000008038, 0.2500000000000000000, -1.989999999999996882 ) ) ;
#5653 = ORIENTED_EDGE ( 'NONE', *, *, #5581, .F. ) ;
#5654 = CARTESIAN_POINT ( 'NONE',  ( -0.9049999999999986944, 0.7086905952146391741, -0.5397673798720031835 ) ) ;
#5655 = CARTESIAN_POINT ( 'NONE',  ( 2.300000000000001155, 0.9600000000000001865, 1.370000000000002993 ) ) ;
#5656 = AXIS2_PLACEMENT_3D ( 'NONE', #3086, #1872, #4163 ) ;
#5657 = DIRECTION ( 'NONE',  ( -1.000000000000000000, 0.000000000000000000, 0.000000000000000000 ) ) ;
#5658 = DIRECTION ( 'NONE',  ( 0.000000000000000000, -1.000000000000000000, 0.000000000000000000 ) ) ;
#5659 = ORIENTED_EDGE ( 'NONE', *, *, #2823, .T. ) ;
#5660 = CARTESIAN_POINT ( 'NONE',  ( 0.8950000000000012390, 1.770000000000000018, -1.399999999999997247 ) ) ;
#5661 = VECTOR ( 'NONE', #5442, 999.9999999999998863 ) ;
#5662 = EDGE_CURVE ( 'NONE', #209, #6758, #4822, .T. ) ;
#5663 = VERTEX_POINT ( 'NONE', #904 ) ;
#5664 = DIRECTION ( 'NONE',  ( 1.000000000000000000, -0.000000000000000000, -0.000000000000000000 ) ) ;
#5665 = ORIENTED_EDGE ( 'NONE', *, *, #2684, .F. ) ;
#5666 = LINE ( 'NONE', #4477, #3601 ) ;
#5667 = VECTOR ( 'NONE', #6155, 1000.000000000000000 ) ;
#5668 = CARTESIAN_POINT ( 'NONE',  ( -0.9049999999999986944, 0.7926488764346635296, 1.237440573436329627 ) ) ;
#5669 = ORIENTED_EDGE ( 'NONE', *, *, #6775, .F. ) ;
#5670 = CARTESIAN_POINT ( 'NONE',  ( 0.4050000000000008593, 0.03748380441565956483, -2.084766404375729021 ) ) ;
#5671 = ORIENTED_EDGE ( 'NONE', *, *, #2458, .T. ) ;
#5672 = CARTESIAN_POINT ( 'NONE',  ( -0.09499999999999916844, 1.537398680584445287E-13, -2.800000000000002931 ) ) ;
#5673 = AXIS2_PLACEMENT_3D ( 'NONE', #6800, #1222, #3419 ) ;
#5674 = CARTESIAN_POINT ( 'NONE',  ( -1.464432617519325408, 1.640000000000000124, -0.1900000000000043876 ) ) ;
#5675 = ADVANCED_FACE ( 'NONE', ( #2092 ), #4857, .F. ) ;
#5676 = AXIS2_PLACEMENT_3D ( 'NONE', #3504, #191, #6334 ) ;
#5677 = EDGE_CURVE ( 'NONE', #1182, #6277, #2125, .T. ) ;
#5678 = VERTEX_POINT ( 'NONE', #3771 ) ;
#5679 = VERTEX_POINT ( 'NONE', #327 ) ;
#5680 = ORIENTED_EDGE ( 'NONE', *, *, #6793, .T. ) ;
#5681 = DIRECTION ( 'NONE',  ( -0.000000000000000000, -0.000000000000000000, 1.000000000000000000 ) ) ;
#5682 = ORIENTED_EDGE ( 'NONE', *, *, #6605, .T. ) ;
#5683 = CARTESIAN_POINT ( 'NONE',  ( -0.5949999999999991962, 0.8099999999999997202, -1.989999999999996882 ) ) ;
#5684 = AXIS2_PLACEMENT_3D ( 'NONE', #513, #1484, #3670 ) ;
#5685 = CARTESIAN_POINT ( 'NONE',  ( 2.400000000000001688, 0.05000000000000012768, 1.370000000000002993 ) ) ;
#5686 = EDGE_CURVE ( 'NONE', #6448, #124, #6912, .T. ) ;
#5687 = CARTESIAN_POINT ( 'NONE',  ( 1.301042606982605321E-15, 0.2500000000000000000, -1.749999999999997113 ) ) ;
#5688 = CARTESIAN_POINT ( 'NONE',  ( -1.104999999999998428, 1.770000000000000018, -1.749999999999997113 ) ) ;
#5689 = ORIENTED_EDGE ( 'NONE', *, *, #4671, .F. ) ;
#5690 = CARTESIAN_POINT ( 'NONE',  ( -1.719999999999998419, 0.9600000000000001865, 1.370000000000002993 ) ) ;
#5691 = ORIENTED_EDGE ( 'NONE', *, *, #2205, .T. ) ;
#5692 = FACE_OUTER_BOUND ( 'NONE', #2784, .T. ) ;
#5693 = DIRECTION ( 'NONE',  ( 0.000000000000000000, -1.000000000000000000, 0.000000000000000000 ) ) ;
#5694 = FACE_OUTER_BOUND ( 'NONE', #6302, .T. ) ;
#5695 = EDGE_CURVE ( 'NONE', #4862, #4211, #4492, .T. ) ;
#5696 = LINE ( 'NONE', #773, #1034 ) ;
#5697 = ORIENTED_EDGE ( 'NONE', *, *, #800, .F. ) ;
#5698 = ORIENTED_EDGE ( 'NONE', *, *, #5451, .T. ) ;
#5699 = DIRECTION ( 'NONE',  ( 0.000000000000000000, -1.000000000000000000, 0.000000000000000000 ) ) ;
#5700 = VERTEX_POINT ( 'NONE', #4455 ) ;
#5701 = CARTESIAN_POINT ( 'NONE',  ( -1.369999999999998774, 1.640000000000000124, -1.024999999999997247 ) ) ;
#5702 = EDGE_CURVE ( 'NONE', #6284, #2827, #1771, .T. ) ;
#5703 = LINE ( 'NONE', #4088, #2399 ) ;
#5704 = ORIENTED_EDGE ( 'NONE', *, *, #2566, .T. ) ;
#5705 = FACE_OUTER_BOUND ( 'NONE', #2172, .T. ) ;
#5706 = ORIENTED_EDGE ( 'NONE', *, *, #1184, .T. ) ;
#5707 = PLANE ( 'NONE',  #3199 ) ;
#5708 = DIRECTION ( 'NONE',  ( 0.000000000000000000, 0.000000000000000000, 1.000000000000000000 ) ) ;
#5709 = CARTESIAN_POINT ( 'NONE',  ( 0.5000000000000013323, 0.01874190220800021900, -2.442383202187996538 ) ) ;
#5710 = CARTESIAN_POINT ( 'NONE',  ( 1.301042606982605321E-15, 0.1373467578910001763, -1.989999999999996882 ) ) ;
#5711 = ORIENTED_EDGE ( 'NONE', *, *, #6370, .F. ) ;
#5712 = ORIENTED_EDGE ( 'NONE', *, *, #6818, .F. ) ;
#5713 = DIRECTION ( 'NONE',  ( -0.000000000000000000, 1.000000000000000000, -0.000000000000000000 ) ) ;
#5714 = PLANE ( 'NONE',  #7039 ) ;
#5715 = LINE ( 'NONE', #423, #5789 ) ;
#5716 = ADVANCED_FACE ( 'NONE', ( #577 ), #2263, .T. ) ;
#5717 = EDGE_CURVE ( 'NONE', #3841, #6044, #2190, .T. ) ;
#5718 = FACE_OUTER_BOUND ( 'NONE', #5721, .T. ) ;
#5719 = CARTESIAN_POINT ( 'NONE',  ( 2.300000000000001155, 0.9600000000000001865, 1.400000000000002798 ) ) ;
#5720 = DIRECTION ( 'NONE',  ( -0.000000000000000000, 1.000000000000000000, -0.000000000000000000 ) ) ;
#5721 = EDGE_LOOP ( 'NONE', ( #2012, #2580, #4017, #1796, #621, #2923 ) ) ;
#5722 = CARTESIAN_POINT ( 'NONE',  ( -0.8949999999999982414, 1.870000000000000107, -2.099999999999997868 ) ) ;
#5723 = EDGE_CURVE ( 'NONE', #4864, #5444, #4955, .T. ) ;
#5724 = ORIENTED_EDGE ( 'NONE', *, *, #1582, .F. ) ;
#5725 = EDGE_CURVE ( 'NONE', #6640, #4378, #2154, .T. ) ;
#5726 = DIRECTION ( 'NONE',  ( -0.000000000000000000, 1.000000000000000000, -0.000000000000000000 ) ) ;
#5727 = VECTOR ( 'NONE', #3195, 1000.000000000000000 ) ;
#5728 =( LENGTH_UNIT ( ) NAMED_UNIT ( * ) SI_UNIT ( .MILLI., .METRE. ) );
#5729 = DIRECTION ( 'NONE',  ( -1.000000000000000000, 0.000000000000000000, 0.000000000000000000 ) ) ;
#5730 = PLANE ( 'NONE',  #6311 ) ;
#5731 = VECTOR ( 'NONE', #1600, 1000.000000000000000 ) ;
#5732 = VECTOR ( 'NONE', #5750, 1000.000000000000000 ) ;
#5733 = VERTEX_POINT ( 'NONE', #2802 ) ;
#5734 = CARTESIAN_POINT ( 'NONE',  ( 0.8950000000000012390, 1.670000000000000151, -2.099999999999997868 ) ) ;
#5735 = VERTEX_POINT ( 'NONE', #5533 ) ;
#5736 = LINE ( 'NONE', #4621, #4509 ) ;
#5737 = VERTEX_POINT ( 'NONE', #650 ) ;
#5738 = ADVANCED_FACE ( 'NONE', ( #4345 ), #2763, .F. ) ;
#5739 = CARTESIAN_POINT ( 'NONE',  ( 2.582216308760601375, 0.1999999999999998723, -1.489999999999996882 ) ) ;
#5740 = VECTOR ( 'NONE', #2629, 1000.000000000000000 ) ;
#5741 = VECTOR ( 'NONE', #6235, 1000.000000000000000 ) ;
#5742 = DIRECTION ( 'NONE',  ( 0.000000000000000000, 0.000000000000000000, -1.000000000000000000 ) ) ;
#5743 = VERTEX_POINT ( 'NONE', #5967 ) ;
#5744 = LINE ( 'NONE', #6314, #1023 ) ;
#5745 = AXIS2_PLACEMENT_3D ( 'NONE', #6150, #2804, #4383 ) ;
#5746 = ORIENTED_EDGE ( 'NONE', *, *, #1251, .F. ) ;
#5747 = VECTOR ( 'NONE', #2374, 1000.000000000000000 ) ;
#5748 = CARTESIAN_POINT ( 'NONE',  ( -0.9999999999999991118, 0.1500000000000001887, -1.399999999999997247 ) ) ;
#5749 = DIRECTION ( 'NONE',  ( 0.000000000000000000, 0.000000000000000000, 1.000000000000000000 ) ) ;
#5750 = DIRECTION ( 'NONE',  ( 0.000000000000000000, 0.000000000000000000, 1.000000000000000000 ) ) ;
#5751 = ORIENTED_EDGE ( 'NONE', *, *, #5463, .F. ) ;
#5752 = UNCERTAINTY_MEASURE_WITH_UNIT (LENGTH_MEASURE( 1.000000000000000082E-05 ), #5728, 'distance_accuracy_value', 'NONE');
#5753 = ORIENTED_EDGE ( 'NONE', *, *, #1212, .T. ) ;
#5754 = ORIENTED_EDGE ( 'NONE', *, *, #5281, .T. ) ;
#5755 = CARTESIAN_POINT ( 'NONE',  ( -0.9999999999999991118, 0.2106186964180001842, -2.597383202187997231 ) ) ;
#5756 = EDGE_CURVE ( 'NONE', #6795, #6637, #5027, .T. ) ;
#5757 = CARTESIAN_POINT ( 'NONE',  ( 1.301042606982605321E-15, 0.05000000000000012768, -2.099999999999997868 ) ) ;
#5758 = ADVANCED_FACE ( 'NONE', ( #6617 ), #2696, .F. ) ;
#5759 = DIRECTION ( 'NONE',  ( -1.000000000000000000, 0.000000000000000000, 0.000000000000000000 ) ) ;
#5760 = CARTESIAN_POINT ( 'NONE',  ( -2.582216308760998391, 0.000000000000000000, -1.139999999999997460 ) ) ;
#5761 = VECTOR ( 'NONE', #1765, 1000.000000000000000 ) ;
#5762 = EDGE_LOOP ( 'NONE', ( #5712, #6624, #6546, #32 ) ) ;
#5763 = CARTESIAN_POINT ( 'NONE',  ( -3.844432617520023854, 0.1999999999999998723, -1.079999999985624237 ) ) ;
#5764 = DIRECTION ( 'NONE',  ( 0.000000000000000000, 0.000000000000000000, -1.000000000000000000 ) ) ;
#5765 = LINE ( 'NONE', #4682, #4616 ) ;
#5766 = VECTOR ( 'NONE', #178, 1000.000000000000000 ) ;
#5767 = EDGE_CURVE ( 'NONE', #5593, #2664, #70, .T. ) ;
#5768 = DIRECTION ( 'NONE',  ( -0.000000000000000000, 1.000000000000000000, -0.000000000000000000 ) ) ;
#5769 = EDGE_CURVE ( 'NONE', #1063, #2317, #106, .T. ) ;
#5770 = ORIENTED_EDGE ( 'NONE', *, *, #5237, .T. ) ;
#5771 = CARTESIAN_POINT ( 'NONE',  ( 1.301042606982605321E-15, 0.6708695652173880530, 1.200000000000011280 ) ) ;
#5772 = VERTEX_POINT ( 'NONE', #614 ) ;
#5773 = CARTESIAN_POINT ( 'NONE',  ( -0.5949999999999991962, 1.537398680584445287E-13, -2.800000000000002931 ) ) ;
#5774 = ORIENTED_EDGE ( 'NONE', *, *, #1007, .F. ) ;
#5775 = VECTOR ( 'NONE', #2689, 1000.000000000000000 ) ;
#5776 = DIRECTION ( 'NONE',  ( 1.000000000000000000, -0.000000000000000000, -0.000000000000000000 ) ) ;
#5777 = DIRECTION ( 'NONE',  ( 0.000000000000000000, 0.000000000000000000, 1.000000000000000000 ) ) ;
#5778 = CARTESIAN_POINT ( 'NONE',  ( 1.301042606982605321E-15, 1.670000000000000151, -2.099999999999997868 ) ) ;
#5779 = EDGE_CURVE ( 'NONE', #4363, #552, #4993, .T. ) ;
#5780 = ORIENTED_EDGE ( 'NONE', *, *, #3488, .F. ) ;
#5781 = CARTESIAN_POINT ( 'NONE',  ( -0.9049999999999986944, 0.2500000000000000000, -1.989999999999996882 ) ) ;
#5782 = ORIENTED_EDGE ( 'NONE', *, *, #4447, .F. ) ;
#5783 = CARTESIAN_POINT ( 'NONE',  ( 1.301042606982605321E-15, 0.05000000000000012768, -1.399999999999997247 ) ) ;
#5784 = AXIS2_PLACEMENT_3D ( 'NONE', #3354, #1741, #656 ) ;
#5785 = CARTESIAN_POINT ( 'NONE',  ( 1.301042606982605321E-15, 1.620000000000002993, -2.099999999999997868 ) ) ;
#5786 = CARTESIAN_POINT ( 'NONE',  ( -1.369999999999998774, 1.755000000000000115, -0.1839477295670849666 ) ) ;
#5787 = EDGE_CURVE ( 'NONE', #873, #5737, #3242, .T. ) ;
#5788 = ORIENTED_EDGE ( 'NONE', *, *, #5829, .T. ) ;
#5789 = VECTOR ( 'NONE', #3262, 1000.000000000000000 ) ;
#5790 = ORIENTED_EDGE ( 'NONE', *, *, #6463, .F. ) ;
#5791 = LINE ( 'NONE', #830, #2616 ) ;
#5792 = CARTESIAN_POINT ( 'NONE',  ( 3.850000000000001865, 0.1000000000000000472, -1.489999999999996882 ) ) ;
#5793 = LINE ( 'NONE', #3055, #249 ) ;
#5794 = CIRCLE ( 'NONE', #2685, 0.1000000000000002554 ) ;
#5795 = ADVANCED_FACE ( 'NONE', ( #6001 ), #1081, .T. ) ;
#5796 = CARTESIAN_POINT ( 'NONE',  ( -2.299999999999998046, 1.340000000000000080, 1.370000000000002993 ) ) ;
#5797 = DIRECTION ( 'NONE',  ( 1.000000000000000000, -0.000000000000000000, -0.000000000000000000 ) ) ;
#5798 = ORIENTED_EDGE ( 'NONE', *, *, #257, .T. ) ;
#5799 = CARTESIAN_POINT ( 'NONE',  ( 0.5950000000000013056, 0.03748380441565956483, -2.084766404375725468 ) ) ;
#5800 = CARTESIAN_POINT ( 'NONE',  ( 2.444432617520257978, 0.000000000000000000, -0.1899999999999970324 ) ) ;
#5801 = ADVANCED_FACE ( 'NONE', ( #2725 ), #4918, .F. ) ;
#5802 = LINE ( 'NONE', #877, #4127 ) ;
#5803 = VERTEX_POINT ( 'NONE', #1113 ) ;
#5804 = SURFACE_STYLE_FILL_AREA ( #6814 ) ;
#5805 = EDGE_LOOP ( 'NONE', ( #5997, #5874, #829, #4962, #4649 ) ) ;
#5806 = CARTESIAN_POINT ( 'NONE',  ( -0.1049999999999987610, 0.05000000000000012768, -2.099999999999997868 ) ) ;
#5807 = EDGE_LOOP ( 'NONE', ( #3306, #3232, #6273, #2001 ) ) ;
#5808 = CARTESIAN_POINT ( 'NONE',  ( 3.500000000000001332, 0.1600000000000001976, 1.050000000000002709 ) ) ;
#5809 = ADVANCED_FACE ( 'NONE', ( #3648 ), #726, .T. ) ;
#5810 = EDGE_CURVE ( 'NONE', #2453, #1386, #4068, .T. ) ;
#5811 = LINE ( 'NONE', #1425, #219 ) ;
#5812 = ORIENTED_EDGE ( 'NONE', *, *, #1882, .F. ) ;
#5813 = DIRECTION ( 'NONE',  ( -0.000000000000000000, -0.000000000000000000, -1.000000000000000000 ) ) ;
#5814 = ORIENTED_EDGE ( 'NONE', *, *, #450, .T. ) ;
#5815 = ORIENTED_EDGE ( 'NONE', *, *, #4352, .T. ) ;
#5816 = ADVANCED_FACE ( 'NONE', ( #6726 ), #2409, .T. ) ;
#5817 = CARTESIAN_POINT ( 'NONE',  ( 2.550000000000001155, 1.340000000000000080, 1.400000000000002798 ) ) ;
#5818 = PLANE ( 'NONE',  #5269 ) ;
#5819 = ORIENTED_EDGE ( 'NONE', *, *, #714, .T. ) ;
#5820 = ORIENTED_EDGE ( 'NONE', *, *, #2504, .T. ) ;
#5821 = FACE_OUTER_BOUND ( 'NONE', #1291, .T. ) ;
#5822 = CARTESIAN_POINT ( 'NONE',  ( -0.6049999999999987610, 1.670000000000000151, -2.099999999999997868 ) ) ;
#5823 = ADVANCED_FACE ( 'NONE', ( #2914 ), #6149, .F. ) ;
#5824 = DIRECTION ( 'NONE',  ( 0.000000000000000000, -1.000000000000000000, 0.000000000000000000 ) ) ;
#5825 = CARTESIAN_POINT ( 'NONE',  ( 0.6050000000000013145, 0.2500000000000000000, -2.099999999999997868 ) ) ;
#5826 = CARTESIAN_POINT ( 'NONE',  ( 1.000000000000001332, 0.2586846739100002179, -1.989999999999996882 ) ) ;
#5827 = EDGE_LOOP ( 'NONE', ( #3816, #4409, #1889, #1670 ) ) ;
#5828 = DIRECTION ( 'NONE',  ( -1.000000000000000000, -0.000000000000000000, 0.000000000000000000 ) ) ;
#5829 = EDGE_CURVE ( 'NONE', #2146, #3463, #1838, .T. ) ;
#5830 = FACE_OUTER_BOUND ( 'NONE', #2819, .T. ) ;
#5831 = CARTESIAN_POINT ( 'NONE',  ( 0.9050000000000008038, 0.1999999999999998723, -2.799999999999997602 ) ) ;
#5832 = ORIENTED_EDGE ( 'NONE', *, *, #1773, .F. ) ;
#5833 = ORIENTED_EDGE ( 'NONE', *, *, #2869, .F. ) ;
#5834 = LINE ( 'NONE', #6960, #4340 ) ;
#5835 = VECTOR ( 'NONE', #1995, 1000.000000000000000 ) ;
#5836 = CARTESIAN_POINT ( 'NONE',  ( 2.285000000000001474, 0.2800000000000000822, -1.489999999999996882 ) ) ;
#5837 = ORIENTED_EDGE ( 'NONE', *, *, #6023, .T. ) ;
#5838 = EDGE_CURVE ( 'NONE', #1072, #6833, #5178, .T. ) ;
#5839 = CARTESIAN_POINT ( 'NONE',  ( -3.999999999999999112, 0.1600000000000001976, 2.100000000000002753 ) ) ;
#5840 = VECTOR ( 'NONE', #3373, 1000.000000000000000 ) ;
#5841 = VECTOR ( 'NONE', #4774, 1000.000000000000000 ) ;
#5842 = CARTESIAN_POINT ( 'NONE',  ( -0.1049999999999987610, 1.870000000000000107, -2.099999999999997868 ) ) ;
#5843 = VERTEX_POINT ( 'NONE', #4772 ) ;
#5844 = DIRECTION ( 'NONE',  ( -0.000000000000000000, -0.000000000000000000, 1.000000000000000000 ) ) ;
#5845 = ADVANCED_FACE ( 'NONE', ( #6759 ), #1259, .T. ) ;
#5846 = ORIENTED_EDGE ( 'NONE', *, *, #5273, .F. ) ;
#5847 = CARTESIAN_POINT ( 'NONE',  ( -2.549999999999998490, 0.9600000000000001865, 1.400000000000002798 ) ) ;
#5848 = ORIENTED_EDGE ( 'NONE', *, *, #1212, .F. ) ;
#5849 = VECTOR ( 'NONE', #3424, 1000.000000000000000 ) ;
#5850 = DIRECTION ( 'NONE',  ( 0.000000000000000000, 0.000000000000000000, -1.000000000000000000 ) ) ;
#5851 = VECTOR ( 'NONE', #4142, 1000.000000000000000 ) ;
#5852 = FACE_OUTER_BOUND ( 'NONE', #335, .T. ) ;
#5853 = CARTESIAN_POINT ( 'NONE',  ( 1.370000000000001439, 0.1999999999999998723, -1.139999999999997460 ) ) ;
#5854 = VECTOR ( 'NONE', #4854, 1000.000000000000000 ) ;
#5855 = VECTOR ( 'NONE', #1300, 1000.000000000000000 ) ;
#5856 = VERTEX_POINT ( 'NONE', #1802 ) ;
#5857 = EDGE_CURVE ( 'NONE', #7083, #3975, #180, .T. ) ;
#5858 = ORIENTED_EDGE ( 'NONE', *, *, #5767, .F. ) ;
#5859 = DIRECTION ( 'NONE',  ( 0.000000000000000000, 0.000000000000000000, -1.000000000000000000 ) ) ;
#5860 = DIRECTION ( 'NONE',  ( 0.000000000000000000, 0.000000000000000000, -1.000000000000000000 ) ) ;
#5861 = LINE ( 'NONE', #3765, #5407 ) ;
#5862 = CARTESIAN_POINT ( 'NONE',  ( 1.600000000000001421, 1.050000000000000044, 2.100000000000002753 ) ) ;
#5863 = ADVANCED_FACE ( 'NONE', ( #793 ), #2337, .F. ) ;
#5864 = DIRECTION ( 'NONE',  ( 0.000000000000000000, 0.000000000000000000, 1.000000000000000000 ) ) ;
#5865 = ORIENTED_EDGE ( 'NONE', *, *, #5356, .F. ) ;
#5866 = DIRECTION ( 'NONE',  ( -1.000000000000000000, 0.000000000000000000, 0.000000000000000000 ) ) ;
#5867 = DIRECTION ( 'NONE',  ( -0.000000000000000000, -0.000000000000000000, -1.000000000000000000 ) ) ;
#5868 = LINE ( 'NONE', #1048, #1662 ) ;
#5869 = DIRECTION ( 'NONE',  ( 1.000000000000000000, -0.000000000000000000, -0.000000000000000000 ) ) ;
#5870 = ORIENTED_EDGE ( 'NONE', *, *, #3885, .T. ) ;
#5871 = DIRECTION ( 'NONE',  ( -1.000000000000000000, -0.000000000000000000, -0.000000000000000000 ) ) ;
#5872 = ORIENTED_EDGE ( 'NONE', *, *, #4947, .F. ) ;
#5873 = FACE_OUTER_BOUND ( 'NONE', #3875, .T. ) ;
#5874 = ORIENTED_EDGE ( 'NONE', *, *, #380, .T. ) ;
#5875 = CARTESIAN_POINT ( 'NONE',  ( -1.599999999999998090, 1.340000000000000080, 1.370000000000002993 ) ) ;
#5876 = AXIS2_PLACEMENT_3D ( 'NONE', #3587, #2042, #4263 ) ;
#5877 = LINE ( 'NONE', #416, #343 ) ;
#5878 = ADVANCED_FACE ( 'NONE', ( #6971 ), #254, .F. ) ;
#5879 = EDGE_LOOP ( 'NONE', ( #2014, #4954, #5528, #1740 ) ) ;
#5880 = DIRECTION ( 'NONE',  ( 0.000000000000000000, -0.9985927540074335251, 0.05303311836814177116 ) ) ;
#5881 = VECTOR ( 'NONE', #5681, 1000.000000000000000 ) ;
#5882 = ORIENTED_EDGE ( 'NONE', *, *, #1588, .T. ) ;
#5883 = CARTESIAN_POINT ( 'NONE',  ( 0.9050000000000008038, 0.1373467578910001763, -1.989999999999996882 ) ) ;
#5884 = VERTEX_POINT ( 'NONE', #3458 ) ;
#5885 = DIRECTION ( 'NONE',  ( 1.000000000000000000, -0.000000000000000000, -0.000000000000000000 ) ) ;
#5886 = FACE_OUTER_BOUND ( 'NONE', #6279, .T. ) ;
#5887 = VECTOR ( 'NONE', #5483, 1000.000000000000000 ) ;
#5888 = CARTESIAN_POINT ( 'NONE',  ( 1.301042606982605321E-15, 0.6671189302731395099, 1.372529207435402521 ) ) ;
#5889 = ORIENTED_EDGE ( 'NONE', *, *, #7048, .T. ) ;
#5890 = ORIENTED_EDGE ( 'NONE', *, *, #4302, .F. ) ;
#5891 = DIRECTION ( 'NONE',  ( 0.000000000000000000, 0.000000000000000000, -1.000000000000000000 ) ) ;
#5892 = DIRECTION ( 'NONE',  ( -1.000000000000000000, 0.000000000000000000, 0.000000000000000000 ) ) ;
#5893 = VECTOR ( 'NONE', #2426, 1000.000000000000000 ) ;
#5894 = CARTESIAN_POINT ( 'NONE',  ( -0.4999999999999987232, 0.2106186964180001842, -2.597383202187997231 ) ) ;
#5895 = EDGE_CURVE ( 'NONE', #6054, #2825, #6837, .T. ) ;
#5896 = EDGE_CURVE ( 'NONE', #6667, #886, #1466, .T. ) ;
#5897 = AXIS2_PLACEMENT_3D ( 'NONE', #4279, #5935, #1011 ) ;
#5898 = CARTESIAN_POINT ( 'NONE',  ( 1.301042606982605321E-15, 0.05000000000000012768, -2.099999999999997868 ) ) ;
#5899 = LINE ( 'NONE', #5284, #3902 ) ;
#5900 = ORIENTED_EDGE ( 'NONE', *, *, #6121, .F. ) ;
#5901 = DIRECTION ( 'NONE',  ( 0.000000000000000000, 0.000000000000000000, 1.000000000000000000 ) ) ;
#5902 = PLANE ( 'NONE',  #3489 ) ;
#5903 = VECTOR ( 'NONE', #1505, 1000.000000000000000 ) ;
#5904 = CARTESIAN_POINT ( 'NONE',  ( -0.5949999999999991962, 1.620000000000008766, -2.100000000000002753 ) ) ;
#5905 = EDGE_CURVE ( 'NONE', #6970, #1338, #761, .T. ) ;
#5906 = LINE ( 'NONE', #4206, #3095 ) ;
#5907 = VECTOR ( 'NONE', #1892, 1000.000000000000227 ) ;
#5908 = ORIENTED_EDGE ( 'NONE', *, *, #121, .F. ) ;
#5909 = DIRECTION ( 'NONE',  ( 0.000000000000000000, -0.05233595624254735318, -0.9986295347545945944 ) ) ;
#5910 = EDGE_LOOP ( 'NONE', ( #5033, #1799, #6022, #2858 ) ) ;
#5911 = CARTESIAN_POINT ( 'NONE',  ( 3.844432617520229467, 0.000000000000000000, -1.080000000000018501 ) ) ;
#5912 = ORIENTED_EDGE ( 'NONE', *, *, #6421, .T. ) ;
#5913 = LINE ( 'NONE', #4289, #1551 ) ;
#5914 = AXIS2_PLACEMENT_3D ( 'NONE', #2705, #4896, #2670 ) ;
#5915 = CARTESIAN_POINT ( 'NONE',  ( 1.301042606982605321E-15, 0.2500000000000000000, -1.399999999999997247 ) ) ;
#5916 = CARTESIAN_POINT ( 'NONE',  ( -0.4049999999999986944, 0.8099999999999997202, -2.799999999999997602 ) ) ;
#5917 = EDGE_LOOP ( 'NONE', ( #4855, #4299, #6535, #1445 ) ) ;
#5918 = CARTESIAN_POINT ( 'NONE',  ( 0.5950000000000013056, 0.7926488764353972760, 1.237440573434730684 ) ) ;
#5919 = VERTEX_POINT ( 'NONE', #3957 ) ;
#5920 = DIRECTION ( 'NONE',  ( 0.000000000000000000, 0.000000000000000000, 1.000000000000000000 ) ) ;
#5921 = ORIENTED_EDGE ( 'NONE', *, *, #2668, .F. ) ;
#5922 = CARTESIAN_POINT ( 'NONE',  ( -0.4049999999999986944, 0.8020083447048534930, 1.217369128957734636 ) ) ;
#5923 = LINE ( 'NONE', #6354, #4154 ) ;
#5924 = LINE ( 'NONE', #5448, #2168 ) ;
#5925 = ORIENTED_EDGE ( 'NONE', *, *, #5769, .F. ) ;
#5926 = EDGE_LOOP ( 'NONE', ( #2245, #6337, #6507, #4196 ) ) ;
#5927 = FACE_OUTER_BOUND ( 'NONE', #5926, .T. ) ;
#5928 = DIRECTION ( 'NONE',  ( 0.000000000000000000, -0.9986295347545789403, 0.05233595624284891057 ) ) ;
#5929 = DIRECTION ( 'NONE',  ( 0.000000000000000000, 0.000000000000000000, 1.000000000000000000 ) ) ;
#5930 = DIRECTION ( 'NONE',  ( 0.000000000000000000, -0.02173399540922035106, 0.9997637888239161441 ) ) ;
#5931 = FACE_OUTER_BOUND ( 'NONE', #2641, .T. ) ;
#5932 = ADVANCED_FACE ( 'NONE', ( #2947 ), #216, .T. ) ;
#5933 = ORIENTED_EDGE ( 'NONE', *, *, #4213, .T. ) ;
#5934 = CARTESIAN_POINT ( 'NONE',  ( -1.464432617519745294, 1.720000000000000195, -0.1900000000000282574 ) ) ;
#5935 = DIRECTION ( 'NONE',  ( -1.000000000000000000, 0.000000000000000000, 0.000000000000000000 ) ) ;
#5936 = PLANE ( 'NONE',  #515 ) ;
#5937 = DIRECTION ( 'NONE',  ( -0.000000000000000000, 1.000000000000000000, -0.000000000000000000 ) ) ;
#5938 = EDGE_CURVE ( 'NONE', #7083, #1870, #5603, .T. ) ;
#5939 = EDGE_LOOP ( 'NONE', ( #6491, #5168, #4203, #3313 ) ) ;
#5940 = LINE ( 'NONE', #4182, #5426 ) ;
#5941 = ORIENTED_EDGE ( 'NONE', *, *, #799, .F. ) ;
#5942 = DIRECTION ( 'NONE',  ( -1.000000000000000000, 0.000000000000000000, 0.000000000000000000 ) ) ;
#5943 = CARTESIAN_POINT ( 'NONE',  ( 0.09500000000000133338, 0.3211003463129999402, -2.399999999999998579 ) ) ;
#5944 = CARTESIAN_POINT ( 'NONE',  ( -0.9049999999999986944, 0.8020083447048534930, 1.217369128957734636 ) ) ;
#5945 = ORIENTED_EDGE ( 'NONE', *, *, #3441, .F. ) ;
#5946 = DIRECTION ( 'NONE',  ( -1.000000000000000000, 0.000000000000000000, 0.000000000000000000 ) ) ;
#5947 = EDGE_CURVE ( 'NONE', #3364, #270, #5715, .T. ) ;
#5948 = VERTEX_POINT ( 'NONE', #5408 ) ;
#5949 = DIRECTION ( 'NONE',  ( 0.000000000000000000, -1.000000000000000000, 0.000000000000000000 ) ) ;
#5950 = ORIENTED_EDGE ( 'NONE', *, *, #7017, .T. ) ;
#5951 = CARTESIAN_POINT ( 'NONE',  ( -0.3949999999999986300, 1.770000000000000018, -1.399999999999997247 ) ) ;
#5952 = DIRECTION ( 'NONE',  ( -0.000000000000000000, -0.000000000000000000, -1.000000000000000000 ) ) ;
#5953 = FACE_OUTER_BOUND ( 'NONE', #4672, .T. ) ;
#5954 = ORIENTED_EDGE ( 'NONE', *, *, #419, .T. ) ;
#5955 = AXIS2_PLACEMENT_3D ( 'NONE', #6824, #3643, #2971 ) ;
#5956 = ORIENTED_EDGE ( 'NONE', *, *, #6965, .F. ) ;
#5957 = DIRECTION ( 'NONE',  ( 0.000000000000000000, 0.000000000000000000, -1.000000000000000000 ) ) ;
#5958 = VECTOR ( 'NONE', #3131, 1000.000000000000000 ) ;
#5959 = CARTESIAN_POINT ( 'NONE',  ( 1.095000000000001306, 0.1999999999999998723, -2.799999999999997602 ) ) ;
#5960 = PLANE ( 'NONE',  #4609 ) ;
#5961 = VECTOR ( 'NONE', #2730, 1000.000000000000000 ) ;
#5962 = VECTOR ( 'NONE', #4396, 1000.000000000000000 ) ;
#5963 = EDGE_CURVE ( 'NONE', #4490, #4989, #6423, .T. ) ;
#5964 = LINE ( 'NONE', #3165, #1605 ) ;
#5965 = ORIENTED_EDGE ( 'NONE', *, *, #6863, .F. ) ;
#5966 = AXIS2_PLACEMENT_3D ( 'NONE', #3597, #5247, #5111 ) ;
#5967 = CARTESIAN_POINT ( 'NONE',  ( 2.300000000000001155, 1.340000000000000080, 1.400000000000002798 ) ) ;
#5968 = DIRECTION ( 'NONE',  ( 0.000000000000000000, -1.000000000000000000, 0.000000000000000000 ) ) ;
#5969 = EDGE_CURVE ( 'NONE', #6749, #6145, #1066, .T. ) ;
#5970 = CARTESIAN_POINT ( 'NONE',  ( 1.301042606982605321E-15, 1.050000000000000044, 1.370000000000002993 ) ) ;
#5971 = DIRECTION ( 'NONE',  ( 0.000000000000000000, 0.000000000000000000, -1.000000000000000000 ) ) ;
#5972 = ORIENTED_EDGE ( 'NONE', *, *, #3768, .F. ) ;
#5973 = DIRECTION ( 'NONE',  ( 0.000000000000000000, -1.000000000000000000, 0.000000000000000000 ) ) ;
#5974 = ORIENTED_EDGE ( 'NONE', *, *, #7031, .F. ) ;
#5975 = CARTESIAN_POINT ( 'NONE',  ( -2.232216308760998746, 0.9100000000000000311, -2.089999999999997193 ) ) ;
#5976 = LINE ( 'NONE', #6519, #6488 ) ;
#5977 = ADVANCED_FACE ( 'NONE', ( #6496 ), #7078, .F. ) ;
#5978 = EDGE_CURVE ( 'NONE', #2588, #5856, #529, .T. ) ;
#5979 = PLANE ( 'NONE',  #5619 ) ;
#5980 = ORIENTED_EDGE ( 'NONE', *, *, #2985, .T. ) ;
#5981 = DIRECTION ( 'NONE',  ( 0.000000000000000000, 0.9138115486202819104, 0.4061384660533919333 ) ) ;
#5982 = ORIENTED_EDGE ( 'NONE', *, *, #2376, .T. ) ;
#5983 = LINE ( 'NONE', #1030, #4742 ) ;
#5984 = ORIENTED_EDGE ( 'NONE', *, *, #3692, .T. ) ;
#5985 = DIRECTION ( 'NONE',  ( -0.000000000000000000, 1.000000000000000000, -0.000000000000000000 ) ) ;
#5986 = ORIENTED_EDGE ( 'NONE', *, *, #4567, .F. ) ;
#5987 = DIRECTION ( 'NONE',  ( 0.000000000000000000, 0.000000000000000000, 1.000000000000000000 ) ) ;
#5988 = EDGE_CURVE ( 'NONE', #65, #1437, #3828, .T. ) ;
#5989 = DIRECTION ( 'NONE',  ( -1.000000000000000000, 0.000000000000000000, 0.000000000000000000 ) ) ;
#5990 = AXIS2_PLACEMENT_3D ( 'NONE', #265, #300, #2457 ) ;
#5991 = EDGE_LOOP ( 'NONE', ( #3714, #1589, #4874, #3299, #2603, #6561, #2716, #3548, #3277, #752, #2536, #6495, #2576, #1854, #3119, #3731, #6165, #4431, #4739, #6465, #5395, #4381, #4425, #6229, #2873, #4075, #4673, #2124, #287, #66, #3842, #1915, #4112, #5704, #1994, #2355, #6721, #3823, #1675, #4483, #55, #6610, #524, #1010 ) ) ;
#5992 = VERTEX_POINT ( 'NONE', #1640 ) ;
#5993 = DIRECTION ( 'NONE',  ( 0.000000000000000000, 0.000000000000000000, 1.000000000000000000 ) ) ;
#5994 = DIRECTION ( 'NONE',  ( -0.000000000000000000, 1.000000000000000000, -0.000000000000000000 ) ) ;
#5995 = VECTOR ( 'NONE', #5994, 1000.000000000000000 ) ;
#5996 = CARTESIAN_POINT ( 'NONE',  ( 2.800000000000001155, 1.710000000000000187, 1.750000000000002887 ) ) ;
#5997 = ORIENTED_EDGE ( 'NONE', *, *, #5838, .T. ) ;
#5998 = VECTOR ( 'NONE', #481, 1000.000000000000000 ) ;
#5999 = DIRECTION ( 'NONE',  ( -1.000000000000000000, 0.000000000000000000, 0.000000000000000000 ) ) ;
#6000 = VERTEX_POINT ( 'NONE', #7043 ) ;
#6001 = FACE_OUTER_BOUND ( 'NONE', #6744, .T. ) ;
#6002 = DIRECTION ( 'NONE',  ( 0.000000000000000000, 0.000000000000000000, 1.000000000000000000 ) ) ;
#6003 = VECTOR ( 'NONE', #1481, 1000.000000000000000 ) ;
#6004 = ADVANCED_FACE ( 'NONE', ( #2110 ), #6567, .T. ) ;
#6005 = CARTESIAN_POINT ( 'NONE',  ( -1.499999999999998668, 0.05000000000000012768, 2.100000000000002753 ) ) ;
#6006 = LINE ( 'NONE', #3281, #5961 ) ;
#6007 = AXIS2_PLACEMENT_3D ( 'NONE', #6583, #4382, #1657 ) ;
#6008 = ORIENTED_EDGE ( 'NONE', *, *, #1763, .F. ) ;
#6009 = CARTESIAN_POINT ( 'NONE',  ( 1.105000000000001315, 1.870000000000000107, -1.399999999999997247 ) ) ;
#6010 = ADVANCED_FACE ( 'NONE', ( #2747 ), #1033, .F. ) ;
#6011 = ORIENTED_EDGE ( 'NONE', *, *, #6586, .F. ) ;
#6012 = CARTESIAN_POINT ( 'NONE',  ( 1.301042606982605321E-15, 0.2500000000000000000, -1.989999999999996882 ) ) ;
#6013 = CARTESIAN_POINT ( 'NONE',  ( 0.8950000000000012390, 0.1500000000000001887, -1.749999999999997113 ) ) ;
#6014 = VECTOR ( 'NONE', #1339, 1000.000000000000000 ) ;
#6015 = PLANE ( 'NONE',  #1950 ) ;
#6016 = EDGE_LOOP ( 'NONE', ( #6648, #768, #6366, #4183 ) ) ;
#6017 = PLANE ( 'NONE',  #1248 ) ;
#6018 = ORIENTED_EDGE ( 'NONE', *, *, #4453, .F. ) ;
#6019 = DIRECTION ( 'NONE',  ( 1.000000000000000000, 0.000000000000000000, 0.000000000000000000 ) ) ;
#6020 = EDGE_CURVE ( 'NONE', #2405, #4269, #6024, .T. ) ;
#6021 = VECTOR ( 'NONE', #5968, 1000.000000000000000 ) ;
#6022 = ORIENTED_EDGE ( 'NONE', *, *, #3986, .T. ) ;
#6023 = EDGE_CURVE ( 'NONE', #6696, #1239, #495, .T. ) ;
#6024 = LINE ( 'NONE', #1099, #4070 ) ;
#6025 = DIRECTION ( 'NONE',  ( -0.000000000000000000, -0.000000000000000000, 1.000000000000000000 ) ) ;
#6026 = DIRECTION ( 'NONE',  ( 1.000000000000000000, -0.000000000000000000, -0.000000000000000000 ) ) ;
#6027 = ORIENTED_EDGE ( 'NONE', *, *, #494, .F. ) ;
#6028 = EDGE_LOOP ( 'NONE', ( #5547, #3550, #4147, #563 ) ) ;
#6029 = PLANE ( 'NONE',  #2276 ) ;
#6030 = LINE ( 'NONE', #6467, #4628 ) ;
#6031 = EDGE_CURVE ( 'NONE', #2299, #6713, #1886, .T. ) ;
#6032 = EDGE_CURVE ( 'NONE', #850, #1126, #2606, .T. ) ;
#6033 = CARTESIAN_POINT ( 'NONE',  ( 3.850000000000114220, 0.000000000000000000, -1.579999999999997184 ) ) ;
#6034 = ORIENTED_EDGE ( 'NONE', *, *, #6057, .F. ) ;
#6035 = ORIENTED_EDGE ( 'NONE', *, *, #5038, .F. ) ;
#6036 = ORIENTED_EDGE ( 'NONE', *, *, #1095, .T. ) ;
#6037 = EDGE_CURVE ( 'NONE', #2299, #5121, #3794, .T. ) ;
#6038 = VERTEX_POINT ( 'NONE', #4842 ) ;
#6039 = CARTESIAN_POINT ( 'NONE',  ( -0.9999999999999991118, 1.670000000000000151, -1.399999999999997247 ) ) ;
#6040 = DIRECTION ( 'NONE',  ( 0.000000000000000000, 0.000000000000000000, -1.000000000000000000 ) ) ;
#6041 = FACE_OUTER_BOUND ( 'NONE', #3353, .T. ) ;
#6042 = DIRECTION ( 'NONE',  ( 1.000000000000000000, -0.000000000000000000, -0.000000000000000000 ) ) ;
#6043 = EDGE_CURVE ( 'NONE', #3491, #5884, #4801, .T. ) ;
#6044 = VERTEX_POINT ( 'NONE', #962 ) ;
#6045 = LINE ( 'NONE', #4389, #5546 ) ;
#6046 = VERTEX_POINT ( 'NONE', #3154 ) ;
#6047 = DIRECTION ( 'NONE',  ( -0.000000000000000000, 1.000000000000000000, -0.000000000000000000 ) ) ;
#6048 = CARTESIAN_POINT ( 'NONE',  ( 0.5000000000000013323, 0.7086905952145743370, -0.5397673798719940796 ) ) ;
#6049 = ORIENTED_EDGE ( 'NONE', *, *, #6031, .F. ) ;
#6050 = CARTESIAN_POINT ( 'NONE',  ( 1.789432617520001267, 1.820000000000000284, -0.1899999999999970324 ) ) ;
#6051 = EDGE_CURVE ( 'NONE', #7042, #5514, #5340, .T. ) ;
#6052 = ORIENTED_EDGE ( 'NONE', *, *, #5314, .T. ) ;
#6053 = CARTESIAN_POINT ( 'NONE',  ( 0.1004067291410014190, 0.5207565403230001166, 1.110655094915502961 ) ) ;
#6054 = VERTEX_POINT ( 'NONE', #2079 ) ;
#6055 = LINE ( 'NONE', #4403, #2111 ) ;
#6056 = ORIENTED_EDGE ( 'NONE', *, *, #4591, .T. ) ;
#6057 = EDGE_CURVE ( 'NONE', #3702, #1990, #3189, .T. ) ;
#6058 = CARTESIAN_POINT ( 'NONE',  ( 0.9050000000000008038, 0.9600000000000001865, -2.099999999999997868 ) ) ;
#6059 = ORIENTED_EDGE ( 'NONE', *, *, #2652, .T. ) ;
#6060 = DIRECTION ( 'NONE',  ( 0.000000000000000000, -1.000000000000000000, 0.000000000000000000 ) ) ;
#6061 = EDGE_LOOP ( 'NONE', ( #3355, #3540, #5125, #6241 ) ) ;
#6062 = LINE ( 'NONE', #535, #4574 ) ;
#6063 = DIRECTION ( 'NONE',  ( -0.000000000000000000, 1.000000000000000000, -0.000000000000000000 ) ) ;
#6064 = VECTOR ( 'NONE', #6611, 1000.000000000000000 ) ;
#6065 = DIRECTION ( 'NONE',  ( -1.000000000000000000, 0.000000000000000000, 0.000000000000000000 ) ) ;
#6066 = EDGE_CURVE ( 'NONE', #5803, #2601, #3725, .T. ) ;
#6067 = VECTOR ( 'NONE', #5946, 1000.000000000000000 ) ;
#6068 = VECTOR ( 'NONE', #2824, 1000.000000000000000 ) ;
#6069 = ORIENTED_EDGE ( 'NONE', *, *, #862, .F. ) ;
#6070 = ORIENTED_EDGE ( 'NONE', *, *, #5245, .F. ) ;
#6071 = DIRECTION ( 'NONE',  ( 0.000000000000000000, 0.000000000000000000, 1.000000000000000000 ) ) ;
#6072 = ORIENTED_EDGE ( 'NONE', *, *, #494, .T. ) ;
#6073 = CARTESIAN_POINT ( 'NONE',  ( 1.301042606982605321E-15, 1.340000000000000080, 0.07500000000000300870 ) ) ;
#6074 = VECTOR ( 'NONE', #2129, 1000.000000000000000 ) ;
#6075 = DIRECTION ( 'NONE',  ( 0.000000000000000000, -1.000000000000000000, 0.000000000000000000 ) ) ;
#6076 = AXIS2_PLACEMENT_3D ( 'NONE', #2625, #909, #7062 ) ;
#6077 = EDGE_CURVE ( 'NONE', #2136, #814, #5371, .T. ) ;
#6078 = LINE ( 'NONE', #1776, #3668 ) ;
#6079 = VECTOR ( 'NONE', #6262, 1000.000000000000000 ) ;
#6080 = VECTOR ( 'NONE', #4317, 1000.000000000000000 ) ;
#6081 = FACE_OUTER_BOUND ( 'NONE', #533, .T. ) ;
#6082 = ORIENTED_EDGE ( 'NONE', *, *, #6380, .F. ) ;
#6083 = DIRECTION ( 'NONE',  ( 0.000000000000000000, 0.05233595624347588821, 0.9986295347545459666 ) ) ;
#6084 = VERTEX_POINT ( 'NONE', #3976 ) ;
#6085 = CARTESIAN_POINT ( 'NONE',  ( -1.599999999999998090, 0.9600000000000001865, 1.200000000000002620 ) ) ;
#6086 = LINE ( 'NONE', #6772, #3041 ) ;
#6087 = LINE ( 'NONE', #49, #2980 ) ;
#6088 = ORIENTED_EDGE ( 'NONE', *, *, #6222, .F. ) ;
#6089 = DIRECTION ( 'NONE',  ( -1.000000000000000000, 0.000000000000000000, 0.000000000000000000 ) ) ;
#6090 = ORIENTED_EDGE ( 'NONE', *, *, #492, .T. ) ;
#6091 = LINE ( 'NONE', #555, #2214 ) ;
#6092 = EDGE_LOOP ( 'NONE', ( #5965, #2206, #2107, #4114 ) ) ;
#6093 = CARTESIAN_POINT ( 'NONE',  ( 0.1050000000000013561, 1.870000000000000107, -1.399999999999997247 ) ) ;
#6094 = EDGE_CURVE ( 'NONE', #6099, #4080, #1712, .T. ) ;
#6095 = DIRECTION ( 'NONE',  ( -0.000000000000000000, -0.000000000000000000, 1.000000000000000000 ) ) ;
#6096 = ORIENTED_EDGE ( 'NONE', *, *, #4889, .T. ) ;
#6097 = DIRECTION ( 'NONE',  ( 0.000000000000000000, -1.000000000000000000, 0.000000000000000000 ) ) ;
#6098 = VECTOR ( 'NONE', #4598, 1000.000000000000000 ) ;
#6099 = VERTEX_POINT ( 'NONE', #17 ) ;
#6100 = CARTESIAN_POINT ( 'NONE',  ( 1.301042606982605321E-15, 0.2500000000000000000, -2.099999999999997868 ) ) ;
#6101 = CARTESIAN_POINT ( 'NONE',  ( 0.1050000000000013561, 0.05000000000000012768, -1.399999999999997247 ) ) ;
#6102 = CARTESIAN_POINT ( 'NONE',  ( 1.314432617520000735, 0.000000000000000000, -0.1899999999999970324 ) ) ;
#6103 = VECTOR ( 'NONE', #4615, 1000.000000000000000 ) ;
#6104 = VERTEX_POINT ( 'NONE', #5553 ) ;
#6105 = ORIENTED_EDGE ( 'NONE', *, *, #764, .F. ) ;
#6106 = VERTEX_POINT ( 'NONE', #125 ) ;
#6107 = CARTESIAN_POINT ( 'NONE',  ( -0.4999999999999987232, 1.670000000000000151, -1.749999999999997113 ) ) ;
#6108 = VECTOR ( 'NONE', #3837, 1000.000000000000000 ) ;
#6109 = VERTEX_POINT ( 'NONE', #4513 ) ;
#6110 = DIRECTION ( 'NONE',  ( 1.000000000000000000, -0.000000000000000000, -0.000000000000000000 ) ) ;
#6111 = EDGE_CURVE ( 'NONE', #6521, #1235, #4011, .T. ) ;
#6112 = EDGE_CURVE ( 'NONE', #5512, #4412, #6168, .T. ) ;
#6113 = CARTESIAN_POINT ( 'NONE',  ( -1.369999999999998774, 0.2800000000000000822, -2.089999999999997193 ) ) ;
#6114 = VECTOR ( 'NONE', #5949, 1000.000000000000000 ) ;
#6115 = DIRECTION ( 'NONE',  ( 0.000000000000000000, 0.000000000000000000, -1.000000000000000000 ) ) ;
#6116 = DIRECTION ( 'NONE',  ( -1.000000000000000000, 0.000000000000000000, 0.000000000000000000 ) ) ;
#6117 = ORIENTED_EDGE ( 'NONE', *, *, #2290, .T. ) ;
#6118 = CARTESIAN_POINT ( 'NONE',  ( 1.000000000000001332, 0.7455501731560001399, -2.299999999999997158 ) ) ;
#6119 = ORIENTED_EDGE ( 'NONE', *, *, #668, .F. ) ;
#6120 = VECTOR ( 'NONE', #511, 1000.000000000000000 ) ;
#6121 = EDGE_CURVE ( 'NONE', #1564, #3897, #6055, .T. ) ;
#6122 = CARTESIAN_POINT ( 'NONE',  ( 0.5000000000000013323, 0.2106186964180001842, -2.597383202187997231 ) ) ;
#6123 = CARTESIAN_POINT ( 'NONE',  ( -0.8949999999999982414, 0.2500000000000000000, -1.749999999999997113 ) ) ;
#6124 = CARTESIAN_POINT ( 'NONE',  ( -1.369999999999998774, 0.05000000000000012768, 0.05000000000000316691 ) ) ;
#6125 = VECTOR ( 'NONE', #7005, 1000.000000000000000 ) ;
#6126 = ORIENTED_EDGE ( 'NONE', *, *, #2465, .T. ) ;
#6127 = DIRECTION ( 'NONE',  ( -0.000000000000000000, 1.000000000000000000, -0.000000000000000000 ) ) ;
#6128 = ORIENTED_EDGE ( 'NONE', *, *, #5205, .T. ) ;
#6129 = LINE ( 'NONE', #1238, #4965 ) ;
#6130 = ORIENTED_EDGE ( 'NONE', *, *, #4002, .T. ) ;
#6131 = EDGE_CURVE ( 'NONE', #3213, #3257, #3863, .T. ) ;
#6132 = DIRECTION ( 'NONE',  ( 0.000000000000000000, 0.000000000000000000, -1.000000000000000000 ) ) ;
#6133 = VECTOR ( 'NONE', #2428, 1000.000000000000000 ) ;
#6134 = CARTESIAN_POINT ( 'NONE',  ( 2.444432617520276629, 0.1000000000000000472, -0.1899999999999970324 ) ) ;
#6135 = ORIENTED_EDGE ( 'NONE', *, *, #2974, .F. ) ;
#6136 = DIRECTION ( 'NONE',  ( 0.000000000000000000, 0.000000000000000000, -1.000000000000000000 ) ) ;
#6137 = VECTOR ( 'NONE', #8, 1000.000000000000000 ) ;
#6138 = ORIENTED_EDGE ( 'NONE', *, *, #799, .T. ) ;
#6139 = CARTESIAN_POINT ( 'NONE',  ( 4.000000000000001776, 0.9600000000000001865, 2.100000000000002753 ) ) ;
#6140 = CARTESIAN_POINT ( 'NONE',  ( -0.9049999999999986944, 1.620000000000000107, -2.099999999999997868 ) ) ;
#6141 = EDGE_CURVE ( 'NONE', #4156, #3337, #6745, .T. ) ;
#6142 = LINE ( 'NONE', #1725, #130 ) ;
#6143 = VECTOR ( 'NONE', #5579, 1000.000000000000000 ) ;
#6144 = ORIENTED_EDGE ( 'NONE', *, *, #6389, .T. ) ;
#6145 = VERTEX_POINT ( 'NONE', #2212 ) ;
#6146 = PRODUCT ( 'reoriented-SFV5R-1STE1HLF', 'reoriented-SFV5R-1STE1HLF', '', ( #4652 ) ) ;
#6147 = VERTEX_POINT ( 'NONE', #1754 ) ;
#6148 = ORIENTED_EDGE ( 'NONE', *, *, #2420, .F. ) ;
#6149 = PLANE ( 'NONE',  #3146 ) ;
#6150 = CARTESIAN_POINT ( 'NONE',  ( -1.499999999999998668, 0.3604347826090001372, 1.650000000000002798 ) ) ;
#6151 = EDGE_CURVE ( 'NONE', #740, #1001, #1129, .T. ) ;
#6152 = DIRECTION ( 'NONE',  ( 0.000000000000000000, 0.000000000000000000, -1.000000000000000000 ) ) ;
#6153 = DIRECTION ( 'NONE',  ( 0.000000000000000000, -0.9986295347545662837, 0.05233595624308821914 ) ) ;
#6154 = ORIENTED_EDGE ( 'NONE', *, *, #6504, .T. ) ;
#6155 = DIRECTION ( 'NONE',  ( 1.000000000000000000, -0.000000000000000000, -0.000000000000000000 ) ) ;
#6156 = ORIENTED_EDGE ( 'NONE', *, *, #2458, .F. ) ;
#6157 = FACE_OUTER_BOUND ( 'NONE', #6438, .T. ) ;
#6158 = DIRECTION ( 'NONE',  ( 0.000000000000000000, 0.000000000000000000, -1.000000000000000000 ) ) ;
#6159 = DIRECTION ( 'NONE',  ( -1.000000000000000000, 0.000000000000000000, 0.000000000000000000 ) ) ;
#6160 = EDGE_CURVE ( 'NONE', #4288, #4548, #708, .T. ) ;
#6161 = CARTESIAN_POINT ( 'NONE',  ( -1.369999999999998774, 0.1999999999999998723, -1.489999999999996882 ) ) ;
#6162 = EDGE_CURVE ( 'NONE', #6315, #4989, #1820, .T. ) ;
#6163 = VERTEX_POINT ( 'NONE', #3476 ) ;
#6164 = LINE ( 'NONE', #4007, #2622 ) ;
#6165 = ORIENTED_EDGE ( 'NONE', *, *, #3955, .F. ) ;
#6166 = LINE ( 'NONE', #633, #3485 ) ;
#6167 = ORIENTED_EDGE ( 'NONE', *, *, #638, .T. ) ;
#6168 = LINE ( 'NONE', #1279, #2460 ) ;
#6169 = LINE ( 'NONE', #1280, #7118 ) ;
#6170 = EDGE_CURVE ( 'NONE', #4288, #2199, #5666, .T. ) ;
#6171 = ORIENTED_EDGE ( 'NONE', *, *, #332, .F. ) ;
#6172 = LINE ( 'NONE', #1825, #3766 ) ;
#6173 = ORIENTED_EDGE ( 'NONE', *, *, #561, .F. ) ;
#6174 = DIRECTION ( 'NONE',  ( 0.000000000000000000, 0.000000000000000000, -1.000000000000000000 ) ) ;
#6175 = DIRECTION ( 'NONE',  ( -1.000000000000000000, 0.000000000000000000, 0.000000000000000000 ) ) ;
#6176 = DIRECTION ( 'NONE',  ( -1.000000000000000000, 0.000000000000000000, 0.000000000000000000 ) ) ;
#6177 = EDGE_CURVE ( 'NONE', #3369, #5600, #3440, .T. ) ;
#6178 = ORIENTED_EDGE ( 'NONE', *, *, #6051, .T. ) ;
#6179 = ORIENTED_EDGE ( 'NONE', *, *, #3664, .F. ) ;
#6180 = CARTESIAN_POINT ( 'NONE',  ( -0.3949999999999986300, 1.670000000000000151, -1.399999999999997247 ) ) ;
#6181 = AXIS2_PLACEMENT_3D ( 'NONE', #5633, #6375, #4723 ) ;
#6182 = DIRECTION ( 'NONE',  ( -0.000000000000000000, -0.000000000000000000, -1.000000000000000000 ) ) ;
#6183 = VERTEX_POINT ( 'NONE', #5627 ) ;
#6184 = DIRECTION ( 'NONE',  ( -1.000000000000000000, 0.000000000000000000, 0.000000000000000000 ) ) ;
#6185 = CARTESIAN_POINT ( 'NONE',  ( -1.599999999999998090, 0.05000000000000012768, 1.370000000000002993 ) ) ;
#6186 = VECTOR ( 'NONE', #4982, 1000.000000000000000 ) ;
#6187 = VECTOR ( 'NONE', #3946, 1000.000000000000000 ) ;
#6188 = ADVANCED_FACE ( 'NONE', ( #1677 ), #3368, .T. ) ;
#6189 = CARTESIAN_POINT ( 'NONE',  ( 0.9050000000000008038, 1.710871028182125997E-13, -2.800000000000002931 ) ) ;
#6190 = DIRECTION ( 'NONE',  ( 0.000000000000000000, 0.000000000000000000, -1.000000000000000000 ) ) ;
#6191 = ORIENTED_EDGE ( 'NONE', *, *, #1763, .T. ) ;
#6192 = VECTOR ( 'NONE', #2919, 1000.000000000000000 ) ;
#6193 = VECTOR ( 'NONE', #166, 1000.000000000000000 ) ;
#6194 = CARTESIAN_POINT ( 'NONE',  ( 1.301042606982605321E-15, 0.2212373928367622478, -2.394766404375739732 ) ) ;
#6195 = ORIENTED_EDGE ( 'NONE', *, *, #3528, .T. ) ;
#6196 = FACE_OUTER_BOUND ( 'NONE', #3665, .T. ) ;
#6197 = LINE ( 'NONE', #2846, #6143 ) ;
#6198 = DIRECTION ( 'NONE',  ( 0.000000000000000000, 0.000000000000000000, -1.000000000000000000 ) ) ;
#6199 = VECTOR ( 'NONE', #4643, 1000.000000000000000 ) ;
#6200 = VECTOR ( 'NONE', #3246, 1000.000000000000000 ) ;
#6201 = DIRECTION ( 'NONE',  ( -0.000000000000000000, -0.000000000000000000, 1.000000000000000000 ) ) ;
#6202 = ORIENTED_EDGE ( 'NONE', *, *, #3764, .T. ) ;
#6203 = DIRECTION ( 'NONE',  ( 0.000000000000000000, -1.000000000000000000, 0.000000000000000000 ) ) ;
#6204 = VERTEX_POINT ( 'NONE', #2895 ) ;
#6205 = CARTESIAN_POINT ( 'NONE',  ( -3.499999999999998668, 0.1000000000000000472, -1.579999999999997184 ) ) ;
#6206 = ORIENTED_EDGE ( 'NONE', *, *, #2474, .F. ) ;
#6207 = DIRECTION ( 'NONE',  ( -0.000000000000000000, -0.000000000000000000, -1.000000000000000000 ) ) ;
#6208 = EDGE_CURVE ( 'NONE', #6404, #5856, #2856, .T. ) ;
#6209 = EDGE_CURVE ( 'NONE', #4548, #6106, #5088, .T. ) ;
#6210 = FACE_OUTER_BOUND ( 'NONE', #499, .T. ) ;
#6211 = EDGE_LOOP ( 'NONE', ( #414, #3532, #6923, #487, #4360 ) ) ;
#6212 = CARTESIAN_POINT ( 'NONE',  ( 1.514432617520001356, 0.1999999999999998723, -1.139999999999997460 ) ) ;
#6213 = ORIENTED_EDGE ( 'NONE', *, *, #3400, .T. ) ;
#6214 = PLANE ( 'NONE',  #3128 ) ;
#6215 = ADVANCED_FACE ( 'NONE', ( #6635 ), #3903, .F. ) ;
#6216 = CARTESIAN_POINT ( 'NONE',  ( 1.314432617520000957, 0.9100000000000000311, -2.089999999999997193 ) ) ;
#6217 = VERTEX_POINT ( 'NONE', #6093 ) ;
#6218 = ORIENTED_EDGE ( 'NONE', *, *, #2076, .F. ) ;
#6219 = DIRECTION ( 'NONE',  ( -1.000000000000000000, 0.000000000000000000, 0.000000000000000000 ) ) ;
#6220 = DIRECTION ( 'NONE',  ( 0.000000000000000000, 0.9138115486202819104, 0.4061384660533919333 ) ) ;
#6221 = VECTOR ( 'NONE', #6907, 1000.000000000000000 ) ;
#6222 = EDGE_CURVE ( 'NONE', #4660, #932, #1208, .T. ) ;
#6223 = LINE ( 'NONE', #2585, #4375 ) ;
#6224 = DIRECTION ( 'NONE',  ( 0.000000000000000000, 0.000000000000000000, 1.000000000000000000 ) ) ;
#6225 = AXIS2_PLACEMENT_3D ( 'NONE', #4544, #4941, #1270 ) ;
#6226 = DIRECTION ( 'NONE',  ( 0.000000000000000000, 0.000000000000000000, 1.000000000000000000 ) ) ;
#6227 = ORIENTED_EDGE ( 'NONE', *, *, #2232, .F. ) ;
#6228 = CARTESIAN_POINT ( 'NONE',  ( 0.5000000000000013323, 0.7973286105690000625, 1.227404851197802849 ) ) ;
#6229 = ORIENTED_EDGE ( 'NONE', *, *, #3320, .T. ) ;
#6230 = EDGE_CURVE ( 'NONE', #1328, #2243, #1998, .T. ) ;
#6231 = PLANE ( 'NONE',  #6252 ) ;
#6232 = LINE ( 'NONE', #5655, #2121 ) ;
#6233 = VECTOR ( 'NONE', #2221, 1000.000000000000000 ) ;
#6234 = PLANE ( 'NONE',  #6335 ) ;
#6235 = DIRECTION ( 'NONE',  ( 1.000000000000000000, -0.000000000000000000, -0.000000000000000000 ) ) ;
#6236 = ORIENTED_EDGE ( 'NONE', *, *, #2966, .T. ) ;
#6237 = DIRECTION ( 'NONE',  ( 0.000000000000000000, -0.05233595624254735318, -0.9986295347545945944 ) ) ;
#6238 = VECTOR ( 'NONE', #5624, 1000.000000000000000 ) ;
#6239 = VERTEX_POINT ( 'NONE', #3640 ) ;
#6240 = PLANE ( 'NONE',  #1299 ) ;
#6241 = ORIENTED_EDGE ( 'NONE', *, *, #4437, .T. ) ;
#6242 = LINE ( 'NONE', #3004, #512 ) ;
#6243 = VECTOR ( 'NONE', #4138, 1000.000000000000000 ) ;
#6244 = CARTESIAN_POINT ( 'NONE',  ( 1.370000000000001439, 0.9100000000000000311, -2.089999999999997193 ) ) ;
#6245 = ORIENTED_EDGE ( 'NONE', *, *, #3689, .T. ) ;
#6246 = DIRECTION ( 'NONE',  ( -1.000000000000000000, 0.000000000000000000, 0.000000000000000000 ) ) ;
#6247 = EDGE_CURVE ( 'NONE', #2780, #6239, #3611, .T. ) ;
#6248 = EDGE_CURVE ( 'NONE', #3850, #707, #6820, .T. ) ;
#6249 = EDGE_LOOP ( 'NONE', ( #5154, #3074, #603, #4984, #613, #2310, #4775, #3747 ) ) ;
#6250 = AXIS2_PLACEMENT_3D ( 'NONE', #3278, #5460, #540 ) ;
#6251 = LINE ( 'NONE', #133, #5182 ) ;
#6252 = AXIS2_PLACEMENT_3D ( 'NONE', #6845, #329, #769 ) ;
#6253 = ORIENTED_EDGE ( 'NONE', *, *, #890, .F. ) ;
#6254 = EDGE_CURVE ( 'NONE', #1612, #150, #6344, .T. ) ;
#6255 = VERTEX_POINT ( 'NONE', #4052 ) ;
#6256 = VERTEX_POINT ( 'NONE', #201 ) ;
#6257 = CARTESIAN_POINT ( 'NONE',  ( -1.314432617519998514, 0.9100000000000000311, -0.1899999999999970324 ) ) ;
#6258 = DIRECTION ( 'NONE',  ( -0.01739543771089232388, 0.000000000000000000, -0.9998486879257513227 ) ) ;
#6259 = CIRCLE ( 'NONE', #1434, 0.09999999999953015917 ) ;
#6260 = CARTESIAN_POINT ( 'NONE',  ( -1.499999999999998668, 0.05000000000000012768, 2.602085213965210642E-15 ) ) ;
#6261 = CARTESIAN_POINT ( 'NONE',  ( 1.095000000000001306, 0.6671189302731397319, 1.372529207435400744 ) ) ;
#6262 = DIRECTION ( 'NONE',  ( -0.000000000000000000, 0.02173399540922035106, -0.9997637888239161441 ) ) ;
#6263 = DIRECTION ( 'NONE',  ( 0.000000000000000000, 0.000000000000000000, 1.000000000000000000 ) ) ;
#6264 = ORIENTED_EDGE ( 'NONE', *, *, #1773, .T. ) ;
#6265 = PLANE ( 'NONE',  #4298 ) ;
#6266 = CARTESIAN_POINT ( 'NONE',  ( 1.314432617520000735, 0.000000000000000000, -2.089999999999997193 ) ) ;
#6267 = CARTESIAN_POINT ( 'NONE',  ( 0.3950000000000012390, 0.1500000000000001887, -1.749999999999997113 ) ) ;
#6268 = DIRECTION ( 'NONE',  ( 0.000000000000000000, 0.000000000000000000, -1.000000000000000000 ) ) ;
#6269 = ORIENTED_EDGE ( 'NONE', *, *, #2675, .F. ) ;
#6270 = FACE_OUTER_BOUND ( 'NONE', #725, .T. ) ;
#6271 = VERTEX_POINT ( 'NONE', #1423 ) ;
#6272 = FACE_OUTER_BOUND ( 'NONE', #6061, .T. ) ;
#6273 = ORIENTED_EDGE ( 'NONE', *, *, #2486, .T. ) ;
#6274 = LINE ( 'NONE', #5739, #1199 ) ;
#6275 = DIRECTION ( 'NONE',  ( -1.000000000000000000, 0.000000000000000000, 0.000000000000000000 ) ) ;
#6276 = EDGE_CURVE ( 'NONE', #3295, #4656, #4726, .T. ) ;
#6277 = VERTEX_POINT ( 'NONE', #6926 ) ;
#6278 = CARTESIAN_POINT ( 'NONE',  ( 2.582216308760601375, 0.1999999999999998723, -1.139999999999997460 ) ) ;
#6279 = EDGE_LOOP ( 'NONE', ( #3915, #5438, #4806, #5459 ) ) ;
#6280 = CARTESIAN_POINT ( 'NONE',  ( 1.301042606982605321E-15, 0.6600000000000002531, 1.699999999999810996 ) ) ;
#6281 = DIRECTION ( 'NONE',  ( -0.000000000000000000, -0.000000000000000000, 1.000000000000000000 ) ) ;
#6282 = EDGE_CURVE ( 'NONE', #1864, #5254, #6274, .T. ) ;
#6283 = LINE ( 'NONE', #1902, #682 ) ;
#6284 = VERTEX_POINT ( 'NONE', #4184 ) ;
#6285 = ORIENTED_EDGE ( 'NONE', *, *, #6871, .T. ) ;
#6286 = ORIENTED_EDGE ( 'NONE', *, *, #6818, .T. ) ;
#6287 = FACE_OUTER_BOUND ( 'NONE', #950, .T. ) ;
#6288 = FACE_OUTER_BOUND ( 'NONE', #7098, .T. ) ;
#6289 = EDGE_CURVE ( 'NONE', #1063, #2899, #6242, .T. ) ;
#6290 = FACE_OUTER_BOUND ( 'NONE', #195, .T. ) ;
#6291 = DIRECTION ( 'NONE',  ( 1.000000000000000000, -0.000000000000000000, -0.000000000000000000 ) ) ;
#6292 = ORIENTED_EDGE ( 'NONE', *, *, #6111, .F. ) ;
#6293 = LINE ( 'NONE', #4680, #503 ) ;
#6294 = VECTOR ( 'NONE', #110, 1000.000000000000114 ) ;
#6295 = CARTESIAN_POINT ( 'NONE',  ( 1.414432617520001489, 0.4425000000000001710, -1.489999999999996882 ) ) ;
#6296 = AXIS2_PLACEMENT_3D ( 'NONE', #5018, #4910, #2790 ) ;
#6297 = CARTESIAN_POINT ( 'NONE',  ( 1.095000000000001306, 0.6850000000000000533, 0.5500000000000024869 ) ) ;
#6298 = EDGE_CURVE ( 'NONE', #6054, #6382, #1457, .T. ) ;
#6299 = LINE ( 'NONE', #810, #224 ) ;
#6300 = VECTOR ( 'NONE', #2862, 1000.000000000000000 ) ;
#6301 = AXIS2_PLACEMENT_3D ( 'NONE', #2114, #5989, #1609 ) ;
#6302 = EDGE_LOOP ( 'NONE', ( #3761, #59, #158, #309 ) ) ;
#6303 = DIRECTION ( 'NONE',  ( 0.000000000000000000, -1.000000000000000000, 0.000000000000000000 ) ) ;
#6304 = VERTEX_POINT ( 'NONE', #273 ) ;
#6305 = FACE_OUTER_BOUND ( 'NONE', #4944, .T. ) ;
#6306 = ORIENTED_EDGE ( 'NONE', *, *, #1277, .T. ) ;
#6307 = DIRECTION ( 'NONE',  ( 0.000000000000000000, 0.000000000000000000, -1.000000000000000000 ) ) ;
#6308 = DIRECTION ( 'NONE',  ( 0.000000000000000000, 0.05233595624308821914, 0.9986295347545662837 ) ) ;
#6309 = EDGE_CURVE ( 'NONE', #4266, #2664, #884, .T. ) ;
#6310 = VECTOR ( 'NONE', #6303, 1000.000000000000000 ) ;
#6311 = AXIS2_PLACEMENT_3D ( 'NONE', #4079, #4109, #266 ) ;
#6312 = CARTESIAN_POINT ( 'NONE',  ( 1.550000000000001377, 1.200000000000000178, 0.3000000000000025424 ) ) ;
#6313 = ORIENTED_EDGE ( 'NONE', *, *, #3777, .T. ) ;
#6314 = CARTESIAN_POINT ( 'NONE',  ( 0.8950000000000012390, 1.670000000000000151, -1.749999999999997113 ) ) ;
#6315 = VERTEX_POINT ( 'NONE', #5839 ) ;
#6316 = AXIS2_PLACEMENT_3D ( 'NONE', #6694, #4458, #5499 ) ;
#6317 = LINE ( 'NONE', #3645, #6809 ) ;
#6318 = EDGE_CURVE ( 'NONE', #5357, #3038, #918, .T. ) ;
#6319 = CARTESIAN_POINT ( 'NONE',  ( 2.444432617520257978, 0.000000000000000000, -0.8999999999999971356 ) ) ;
#6320 = DIRECTION ( 'NONE',  ( -0.000000000000000000, -0.000000000000000000, 1.000000000000000000 ) ) ;
#6321 = ORIENTED_EDGE ( 'NONE', *, *, #6248, .T. ) ;
#6322 = EDGE_LOOP ( 'NONE', ( #189, #6788, #5227, #472, #6035, #3215, #5481, #6573, #2956 ) ) ;
#6323 = DIRECTION ( 'NONE',  ( 0.000000000000000000, 0.000000000000000000, -1.000000000000000000 ) ) ;
#6324 = CARTESIAN_POINT ( 'NONE',  ( -1.314432617520748803, 0.9100000000000000311, -2.089999999999997193 ) ) ;
#6325 = EDGE_CURVE ( 'NONE', #5884, #4057, #6784, .T. ) ;
#6326 = LINE ( 'NONE', #762, #6910 ) ;
#6327 = CARTESIAN_POINT ( 'NONE',  ( -2.284999999999998810, 0.1650000000000000078, 0.05000000000000316691 ) ) ;
#6328 = CARTESIAN_POINT ( 'NONE',  ( -1.549999999999998490, 0.6708695652172181889, 1.200000000000005285 ) ) ;
#6329 = ADVANCED_FACE ( 'NONE', ( #5126 ), #1962, .T. ) ;
#6330 = VECTOR ( 'NONE', #4124, 1000.000000000000000 ) ;
#6331 = EDGE_CURVE ( 'NONE', #1179, #10, #5160, .T. ) ;
#6332 = ORIENTED_EDGE ( 'NONE', *, *, #6618, .F. ) ;
#6333 = LINE ( 'NONE', #5763, #5089 ) ;
#6334 = DIRECTION ( 'NONE',  ( 0.000000000000000000, 0.000000000000000000, 1.000000000000000000 ) ) ;
#6335 = AXIS2_PLACEMENT_3D ( 'NONE', #5601, #6219, #4029 ) ;
#6336 = CARTESIAN_POINT ( 'NONE',  ( -1.369999999999998774, 0.1650000000000000078, -1.024999999999997247 ) ) ;
#6337 = ORIENTED_EDGE ( 'NONE', *, *, #2155, .F. ) ;
#6338 = LINE ( 'NONE', #1991, #3321 ) ;
#6339 = ADVANCED_FACE ( 'NONE', ( #4624 ), #4149, .T. ) ;
#6340 = ORIENTED_EDGE ( 'NONE', *, *, #4813, .F. ) ;
#6341 = LINE ( 'NONE', #3473, #1876 ) ;
#6342 = EDGE_LOOP ( 'NONE', ( #1438, #1817, #1935, #1748 ) ) ;
#6343 = AXIS2_PLACEMENT_3D ( 'NONE', #6612, #6175, #643 ) ;
#6344 = LINE ( 'NONE', #6378, #2569 ) ;
#6345 = LINE ( 'NONE', #3107, #5489 ) ;
#6346 = VECTOR ( 'NONE', #7041, 1000.000000000000000 ) ;
#6347 = ORIENTED_EDGE ( 'NONE', *, *, #1993, .F. ) ;
#6348 = DIRECTION ( 'NONE',  ( 0.000000000000000000, 0.000000000000000000, 1.000000000000000000 ) ) ;
#6349 = EDGE_CURVE ( 'NONE', #5679, #6970, #4661, .T. ) ;
#6350 = ORIENTED_EDGE ( 'NONE', *, *, #2185, .T. ) ;
#6351 = PLANE ( 'NONE',  #3810 ) ;
#6352 = ORIENTED_EDGE ( 'NONE', *, *, #1716, .T. ) ;
#6353 = VECTOR ( 'NONE', #1374, 1000.000000000000000 ) ;
#6354 = CARTESIAN_POINT ( 'NONE',  ( -0.1049999999999987610, 1.870000000000000107, -0.3649999999999968270 ) ) ;
#6355 = DIRECTION ( 'NONE',  ( -1.000000000000000000, 0.000000000000000000, 0.000000000000000000 ) ) ;
#6356 = ORIENTED_EDGE ( 'NONE', *, *, #898, .T. ) ;
#6357 = AXIS2_PLACEMENT_3D ( 'NONE', #597, #2783, #2283 ) ;
#6358 = EDGE_CURVE ( 'NONE', #4989, #3606, #1388, .T. ) ;
#6359 = ORIENTED_EDGE ( 'NONE', *, *, #3, .F. ) ;
#6360 = DIRECTION ( 'NONE',  ( 0.000000000000000000, 0.000000000000000000, -1.000000000000000000 ) ) ;
#6361 = CARTESIAN_POINT ( 'NONE',  ( 0.5950000000000013056, 0.8099999999999997202, -2.799999999999997602 ) ) ;
#6362 = AXIS2_PLACEMENT_3D ( 'NONE', #2200, #6593, #1197 ) ;
#6363 = LINE ( 'NONE', #4274, #4241 ) ;
#6364 = DIRECTION ( 'NONE',  ( 0.000000000000000000, 0.000000000000000000, -1.000000000000000000 ) ) ;
#6365 = VECTOR ( 'NONE', #6479, 1000.000000000000000 ) ;
#6366 = ORIENTED_EDGE ( 'NONE', *, *, #1467, .F. ) ;
#6367 = DIRECTION ( 'NONE',  ( 0.000000000000000000, -1.000000000000000000, 0.000000000000000000 ) ) ;
#6368 = CARTESIAN_POINT ( 'NONE',  ( 1.000000000000001332, 0.1999999999999998723, -2.799999999999997602 ) ) ;
#6369 = DIRECTION ( 'NONE',  ( -1.000000000000000000, -0.000000000000000000, 0.000000000000000000 ) ) ;
#6370 = EDGE_CURVE ( 'NONE', #4501, #848, #851, .T. ) ;
#6371 = LINE ( 'NONE', #1450, #6768 ) ;
#6372 = VERTEX_POINT ( 'NONE', #1494 ) ;
#6373 = DIRECTION ( 'NONE',  ( -1.000000000000000000, 0.000000000000000000, 0.000000000000000000 ) ) ;
#6374 = ORIENTED_EDGE ( 'NONE', *, *, #5838, .F. ) ;
#6375 = DIRECTION ( 'NONE',  ( 0.000000000000000000, 0.000000000000000000, 1.000000000000000000 ) ) ;
#6376 = DIRECTION ( 'NONE',  ( 0.000000000000000000, -1.000000000000000000, 0.000000000000000000 ) ) ;
#6377 = ORIENTED_EDGE ( 'NONE', *, *, #5002, .T. ) ;
#6378 = CARTESIAN_POINT ( 'NONE',  ( 1.105000000000001315, 0.9600000000000001865, -2.099999999999997868 ) ) ;
#6379 = LINE ( 'NONE', #919, #169 ) ;
#6380 = EDGE_CURVE ( 'NONE', #3702, #6674, #4762, .T. ) ;
#6381 = DIRECTION ( 'NONE',  ( -0.000000000000000000, 1.000000000000000000, -0.000000000000000000 ) ) ;
#6382 = VERTEX_POINT ( 'NONE', #484 ) ;
#6383 = CARTESIAN_POINT ( 'NONE',  ( 1.370000000000001439, 0.1999999999999998723, -0.1899999999999970324 ) ) ;
#6384 = ORIENTED_EDGE ( 'NONE', *, *, #4626, .F. ) ;
#6385 = PLANE ( 'NONE',  #724 ) ;
#6386 = VERTEX_POINT ( 'NONE', #3818 ) ;
#6387 = CARTESIAN_POINT ( 'NONE',  ( -3.844432617520023854, 0.000000000000000000, -1.079999999985624237 ) ) ;
#6388 = CARTESIAN_POINT ( 'NONE',  ( 1.301042606982605321E-15, 0.05000000000000012768, -2.099999999999997868 ) ) ;
#6389 = EDGE_CURVE ( 'NONE', #1420, #4057, #989, .T. ) ;
#6390 = DIRECTION ( 'NONE',  ( -0.000000000000000000, 1.000000000000000000, -0.000000000000000000 ) ) ;
#6391 = EDGE_LOOP ( 'NONE', ( #4405, #635, #4916, #5013, #5872, #6500, #649, #3721, #2937, #1314 ) ) ;
#6392 = ORIENTED_EDGE ( 'NONE', *, *, #5516, .F. ) ;
#6393 = DIRECTION ( 'NONE',  ( 0.000000000000000000, -0.05233595624254735318, -0.9986295347545945944 ) ) ;
#6394 = DIRECTION ( 'NONE',  ( -0.000000000000000000, 1.000000000000000000, -0.000000000000000000 ) ) ;
#6395 = DIRECTION ( 'NONE',  ( 0.000000000000000000, -1.000000000000000000, 0.000000000000000000 ) ) ;
#6396 = ADVANCED_FACE ( 'NONE', ( #7099 ), #6449, .F. ) ;
#6397 = CARTESIAN_POINT ( 'NONE',  ( 1.500000000000001554, 0.6850000000000000533, 0.5500000000000024869 ) ) ;
#6398 = CARTESIAN_POINT ( 'NONE',  ( 1.600000000000001421, 0.9600000000000001865, 1.370000000000002993 ) ) ;
#6399 = ORIENTED_EDGE ( 'NONE', *, *, #1729, .F. ) ;
#6400 = LINE ( 'NONE', #5251, #6003 ) ;
#6401 = LINE ( 'NONE', #4205, #6602 ) ;
#6402 = EDGE_CURVE ( 'NONE', #5105, #434, #4322, .T. ) ;
#6403 = FACE_OUTER_BOUND ( 'NONE', #1786, .T. ) ;
#6404 = VERTEX_POINT ( 'NONE', #2633 ) ;
#6405 = FACE_OUTER_BOUND ( 'NONE', #4601, .T. ) ;
#6406 = ORIENTED_EDGE ( 'NONE', *, *, #3429, .T. ) ;
#6407 = VECTOR ( 'NONE', #7021, 1000.000000000000000 ) ;
#6408 = LINE ( 'NONE', #3638, #389 ) ;
#6409 = ADVANCED_FACE ( 'NONE', ( #6518 ), #7069, .F. ) ;
#6410 = ORIENTED_EDGE ( 'NONE', *, *, #997, .F. ) ;
#6411 = DIRECTION ( 'NONE',  ( 0.000000000000000000, -1.000000000000000000, 0.000000000000000000 ) ) ;
#6412 = DIRECTION ( 'NONE',  ( 0.000000000000000000, 0.000000000000000000, -1.000000000000000000 ) ) ;
#6413 = VECTOR ( 'NONE', #4053, 1000.000000000000000 ) ;
#6414 = LINE ( 'NONE', #991, #4923 ) ;
#6415 = ORIENTED_EDGE ( 'NONE', *, *, #7101, .F. ) ;
#6416 = LINE ( 'NONE', #1966, #6876 ) ;
#6417 = ORIENTED_EDGE ( 'NONE', *, *, #5314, .F. ) ;
#6418 = CARTESIAN_POINT ( 'NONE',  ( 2.285000000000001474, 0.2800000000000000822, 0.05000000000000316691 ) ) ;
#6419 = EDGE_CURVE ( 'NONE', #5254, #3891, #6963, .T. ) ;
#6420 = ORIENTED_EDGE ( 'NONE', *, *, #4710, .F. ) ;
#6421 = EDGE_CURVE ( 'NONE', #4128, #1117, #4865, .T. ) ;
#6422 = VECTOR ( 'NONE', #1777, 1000.000000000000000 ) ;
#6423 = LINE ( 'NONE', #5445, #1311 ) ;
#6424 = AXIS2_PLACEMENT_3D ( 'NONE', #3933, #2847, #6666 ) ;
#6425 = FACE_OUTER_BOUND ( 'NONE', #1054, .T. ) ;
#6426 = CARTESIAN_POINT ( 'NONE',  ( -2.799999999999998490, 1.659999999999999920, 2.100000000000002753 ) ) ;
#6427 = VECTOR ( 'NONE', #2764, 1000.000000000000000 ) ;
#6428 = VECTOR ( 'NONE', #6947, 1000.000000000000000 ) ;
#6429 = VERTEX_POINT ( 'NONE', #1594 ) ;
#6430 = ORIENTED_EDGE ( 'NONE', *, *, #6331, .T. ) ;
#6431 = LINE ( 'NONE', #896, #2849 ) ;
#6432 = CARTESIAN_POINT ( 'NONE',  ( -0.5949999999999996403, 1.169999999999994378, -2.299999999999985167 ) ) ;
#6433 = EDGE_CURVE ( 'NONE', #5087, #873, #378, .T. ) ;
#6434 = CARTESIAN_POINT ( 'NONE',  ( 1.000000000000001332, 0.7415992405140001686, 0.07988946384000294998 ) ) ;
#6435 = CARTESIAN_POINT ( 'NONE',  ( -1.549999999999998490, 1.050000000000000044, -0.2499999999999971967 ) ) ;
#6436 = DIRECTION ( 'NONE',  ( 0.000000000000000000, 0.000000000000000000, 1.000000000000000000 ) ) ;
#6437 = ADVANCED_FACE ( 'NONE', ( #415 ), #2067, .T. ) ;
#6438 = EDGE_LOOP ( 'NONE', ( #3770, #2301, #4221, #1732, #4776, #5972, #2769, #4441, #3150, #996 ) ) ;
#6439 = CARTESIAN_POINT ( 'NONE',  ( 0.4050000000000008593, 0.1373467578910001763, -2.089999999999997193 ) ) ;
#6440 = DIRECTION ( 'NONE',  ( 0.000000000000000000, 0.000000000000000000, -1.000000000000000000 ) ) ;
#6441 = DIRECTION ( 'NONE',  ( 0.000000000000000000, -0.05303311836778309973, -0.9985927540074525099 ) ) ;
#6442 = AXIS2_PLACEMENT_3D ( 'NONE', #5021, #5455, #4486 ) ;
#6443 = ORIENTED_EDGE ( 'NONE', *, *, #1177, .T. ) ;
#6444 = LINE ( 'NONE', #3139, #2863 ) ;
#6445 = EDGE_CURVE ( 'NONE', #6582, #5512, #5913, .T. ) ;
#6446 = ORIENTED_EDGE ( 'NONE', *, *, #1415, .T. ) ;
#6447 = LINE ( 'NONE', #2131, #6460 ) ;
#6448 = VERTEX_POINT ( 'NONE', #6992 ) ;
#6449 = PLANE ( 'NONE',  #164 ) ;
#6450 = LINE ( 'NONE', #5915, #4988 ) ;
#6451 = CARTESIAN_POINT ( 'NONE',  ( -1.499999999999998668, 0.6600000000000002531, 2.100000000000004530 ) ) ;
#6452 = VERTEX_POINT ( 'NONE', #1565 ) ;
#6453 = LINE ( 'NONE', #553, #2975 ) ;
#6454 = CIRCLE ( 'NONE', #835, 0.2999999999999999334 ) ;
#6455 = ORIENTED_EDGE ( 'NONE', *, *, #3528, .F. ) ;
#6456 = LINE ( 'NONE', #3755, #6815 ) ;
#6457 = ORIENTED_EDGE ( 'NONE', *, *, #3488, .T. ) ;
#6458 = DIRECTION ( 'NONE',  ( 0.000000000000000000, 0.000000000000000000, -1.000000000000000000 ) ) ;
#6459 = CARTESIAN_POINT ( 'NONE',  ( 2.800000000000001155, 1.760000000000000009, 1.400000000000002798 ) ) ;
#6460 = VECTOR ( 'NONE', #1996, 1000.000000000000000 ) ;
#6461 = ADVANCED_FACE ( 'NONE', ( #5362 ), #2669, .T. ) ;
#6462 = LINE ( 'NONE', #3690, #4698 ) ;
#6463 = EDGE_CURVE ( 'NONE', #6637, #598, #3784, .T. ) ;
#6464 = ORIENTED_EDGE ( 'NONE', *, *, #1415, .F. ) ;
#6465 = ORIENTED_EDGE ( 'NONE', *, *, #182, .T. ) ;
#6466 = DIRECTION ( 'NONE',  ( 0.000000000000000000, -1.000000000000000000, 0.000000000000000000 ) ) ;
#6467 = CARTESIAN_POINT ( 'NONE',  ( -2.264432617519998914, 1.720000000000000195, -2.089999999999997193 ) ) ;
#6468 = VECTOR ( 'NONE', #1195, 1000.000000000000000 ) ;
#6469 = CARTESIAN_POINT ( 'NONE',  ( -2.582216308760998391, 0.000000000000000000, -0.8999999999999971356 ) ) ;
#6470 = ADVANCED_FACE ( 'NONE', ( #5398 ), #1628, .F. ) ;
#6471 = AXIS2_PLACEMENT_3D ( 'NONE', #6439, #1557, #2555 ) ;
#6472 = ADVANCED_FACE ( 'NONE', ( #5434 ), #2704, .T. ) ;
#6473 = DIRECTION ( 'NONE',  ( 0.000000000000000000, 0.000000000000000000, -1.000000000000000000 ) ) ;
#6474 = DIRECTION ( 'NONE',  ( -1.000000000000000000, -0.000000000000000000, -0.000000000000000000 ) ) ;
#6475 = VERTEX_POINT ( 'NONE', #5875 ) ;
#6476 = LINE ( 'NONE', #3169, #5484 ) ;
#6477 = DIRECTION ( 'NONE',  ( -1.000000000000000000, -0.000000000000000000, 0.000000000000000000 ) ) ;
#6478 = VECTOR ( 'NONE', #6207, 1000.000000000000000 ) ;
#6479 = DIRECTION ( 'NONE',  ( 0.000000000000000000, -1.000000000000000000, 0.000000000000000000 ) ) ;
#6480 = CARTESIAN_POINT ( 'NONE',  ( -0.1049999999999987610, 0.2500000000000000000, -1.749999999999997113 ) ) ;
#6481 = VECTOR ( 'NONE', #521, 1000.000000000000000 ) ;
#6482 = FACE_OUTER_BOUND ( 'NONE', #4901, .T. ) ;
#6483 = ORIENTED_EDGE ( 'NONE', *, *, #6031, .T. ) ;
#6484 = LINE ( 'NONE', #519, #2904 ) ;
#6485 = VERTEX_POINT ( 'NONE', #954 ) ;
#6486 = PRODUCT_DEFINITION_SHAPE ( 'NONE', 'NONE',  #2065 ) ;
#6487 = DIRECTION ( 'NONE',  ( -1.000000000000000000, -0.000000000000000000, 0.000000000000000000 ) ) ;
#6488 = VECTOR ( 'NONE', #3855, 1000.000000000000000 ) ;
#6489 = CARTESIAN_POINT ( 'NONE',  ( -2.799999999999998490, 0.1600000000000001976, 1.400000000000002798 ) ) ;
#6490 = DIRECTION ( 'NONE',  ( 0.000000000000000000, 0.000000000000000000, -1.000000000000000000 ) ) ;
#6491 = ORIENTED_EDGE ( 'NONE', *, *, #3490, .F. ) ;
#6492 = DIRECTION ( 'NONE',  ( 0.000000000000000000, 0.000000000000000000, 1.000000000000000000 ) ) ;
#6493 = EDGE_LOOP ( 'NONE', ( #5328, #5113, #3255, #1391 ) ) ;
#6494 = CARTESIAN_POINT ( 'NONE',  ( 1.105000000000001315, 1.770000000000000018, -1.749999999999997113 ) ) ;
#6495 = ORIENTED_EDGE ( 'NONE', *, *, #121, .T. ) ;
#6496 = FACE_OUTER_BOUND ( 'NONE', #5082, .T. ) ;
#6497 = PLANE ( 'NONE',  #5300 ) ;
#6498 = EDGE_CURVE ( 'NONE', #1646, #5326, #2598, .T. ) ;
#6499 = DIRECTION ( 'NONE',  ( 0.000000000000000000, -0.9985927540074335251, 0.05303311836814177116 ) ) ;
#6500 = ORIENTED_EDGE ( 'NONE', *, *, #1848, .F. ) ;
#6501 = EDGE_LOOP ( 'NONE', ( #1794, #6683, #1709, #6742, #6634 ) ) ;
#6502 = DIRECTION ( 'NONE',  ( 1.000000000000000000, -0.000000000000000000, -0.000000000000000000 ) ) ;
#6503 = CARTESIAN_POINT ( 'NONE',  ( 0.5000000000000013323, 0.1000000000000000472, -2.799999999999997602 ) ) ;
#6504 = EDGE_CURVE ( 'NONE', #1029, #3542, #5039, .T. ) ;
#6505 = DIRECTION ( 'NONE',  ( -1.000000000000000000, 0.000000000000000000, 0.000000000000000000 ) ) ;
#6506 = DIRECTION ( 'NONE',  ( -0.000000000000000000, 1.000000000000000000, -0.000000000000000000 ) ) ;
#6507 = ORIENTED_EDGE ( 'NONE', *, *, #5581, .T. ) ;
#6508 = LINE ( 'NONE', #2589, #3822 ) ;
#6509 = ADVANCED_FACE ( 'NONE', ( #3285 ), #2884, .T. ) ;
#6510 = ADVANCED_FACE ( 'NONE', ( #7 ), #6735, .T. ) ;
#6511 = CARTESIAN_POINT ( 'NONE',  ( -0.09499999999999916844, 0.8099999999999997202, -2.799999999999997602 ) ) ;
#6512 = CARTESIAN_POINT ( 'NONE',  ( -0.09499999999999916844, 0.8020083447048534930, 1.217369128957734636 ) ) ;
#6513 = CARTESIAN_POINT ( 'NONE',  ( 0.5950000000000013056, 0.1373467578910001763, -2.089999999999997193 ) ) ;
#6514 = ORIENTED_EDGE ( 'NONE', *, *, #274, .T. ) ;
#6515 = CARTESIAN_POINT ( 'NONE',  ( 1.550000000000001377, 0.9354347826085001039, 0.3000000000000025424 ) ) ;
#6516 = ORIENTED_EDGE ( 'NONE', *, *, #6571, .T. ) ;
#6517 = EDGE_CURVE ( 'NONE', #1699, #3712, #6700, .T. ) ;
#6518 = FACE_OUTER_BOUND ( 'NONE', #6092, .T. ) ;
#6519 = CARTESIAN_POINT ( 'NONE',  ( 1.301042606982605321E-15, 1.200000000000000178, -0.2499999999999971967 ) ) ;
#6520 = CARTESIAN_POINT ( 'NONE',  ( 3.150000000000063860, 0.000000000000000000, -1.579999999999997184 ) ) ;
#6521 = VERTEX_POINT ( 'NONE', #2736 ) ;
#6522 = CARTESIAN_POINT ( 'NONE',  ( 0.4050000000000008593, 0.8099999999999997202, -2.299999999999987832 ) ) ;
#6523 = ORIENTED_EDGE ( 'NONE', *, *, #4958, .F. ) ;
#6524 = DIRECTION ( 'NONE',  ( -1.000000000000000000, 0.000000000000000000, 0.000000000000000000 ) ) ;
#6525 = VERTEX_POINT ( 'NONE', #1783 ) ;
#6526 = ADVANCED_FACE ( 'NONE', ( #6157 ), #2239, .F. ) ;
#6527 = DIRECTION ( 'NONE',  ( -1.000000000000000000, -0.000000000000000000, 0.000000000000000000 ) ) ;
#6528 = VECTOR ( 'NONE', #1862, 1000.000000000000000 ) ;
#6529 = ORIENTED_EDGE ( 'NONE', *, *, #1158, .F. ) ;
#6530 = CARTESIAN_POINT ( 'NONE',  ( 1.301042606982605321E-15, 0.05000000000000012768, 2.602085213965210642E-15 ) ) ;
#6531 = AXIS2_PLACEMENT_3D ( 'NONE', #2546, #5345, #6360 ) ;
#6532 = DIRECTION ( 'NONE',  ( -1.000000000000000000, 0.000000000000000000, 0.000000000000000000 ) ) ;
#6533 = ORIENTED_EDGE ( 'NONE', *, *, #2387, .T. ) ;
#6534 = AXIS2_PLACEMENT_3D ( 'NONE', #7065, #1624, #5464 ) ;
#6535 = ORIENTED_EDGE ( 'NONE', *, *, #965, .T. ) ;
#6536 = PLANE ( 'NONE',  #2162 ) ;
#6537 = VECTOR ( 'NONE', #6095, 1000.000000000000000 ) ;
#6538 = CARTESIAN_POINT ( 'NONE',  ( -0.3949999999999986300, 0.1500000000000001887, -1.399999999999997247 ) ) ;
#6539 = EDGE_CURVE ( 'NONE', #967, #2745, #6626, .T. ) ;
#6540 = FACE_OUTER_BOUND ( 'NONE', #7125, .T. ) ;
#6541 = AXIS2_PLACEMENT_3D ( 'NONE', #5495, #5069, #5029 ) ;
#6542 = VECTOR ( 'NONE', #4545, 1000.000000000000000 ) ;
#6543 = UNCERTAINTY_MEASURE_WITH_UNIT (LENGTH_MEASURE( 1.000000000000000082E-05 ), #3134, 'distance_accuracy_value', 'NONE');
#6544 = EDGE_CURVE ( 'NONE', #7030, #1296, #587, .T. ) ;
#6545 = CARTESIAN_POINT ( 'NONE',  ( -1.719999999999998419, 0.9450000000000000622, 0.07500000000000300870 ) ) ;
#6546 = ORIENTED_EDGE ( 'NONE', *, *, #2692, .T. ) ;
#6547 = VECTOR ( 'NONE', #6115, 1000.000000000000000 ) ;
#6548 = DIRECTION ( 'NONE',  ( -0.000000000000000000, 1.000000000000000000, -0.000000000000000000 ) ) ;
#6549 = CARTESIAN_POINT ( 'NONE',  ( 1.720000000000001528, 0.9450000000000000622, 0.07500000000000300870 ) ) ;
#6550 = ADVANCED_FACE ( 'NONE', ( #1229 ), #1120, .F. ) ;
#6551 = CARTESIAN_POINT ( 'NONE',  ( -2.264432617519998914, 1.640000000000000124, -1.024999999999997247 ) ) ;
#6552 = EDGE_CURVE ( 'NONE', #672, #5564, #4392, .T. ) ;
#6553 = CARTESIAN_POINT ( 'NONE',  ( -3.149999999999998135, 0.000000000000000000, -1.139999999999997460 ) ) ;
#6554 = ORIENTED_EDGE ( 'NONE', *, *, #4947, .T. ) ;
#6555 = FACE_OUTER_BOUND ( 'NONE', #2753, .T. ) ;
#6556 = ORIENTED_EDGE ( 'NONE', *, *, #12, .T. ) ;
#6557 = DIRECTION ( 'NONE',  ( 0.000000000000000000, -1.000000000000000000, 0.000000000000000000 ) ) ;
#6558 = CARTESIAN_POINT ( 'NONE',  ( 1.105000000000001315, 0.05000000000000012768, -1.399999999999997247 ) ) ;
#6559 = DIRECTION ( 'NONE',  ( -0.000000000000000000, -0.000000000000000000, -1.000000000000000000 ) ) ;
#6560 = EDGE_CURVE ( 'NONE', #3463, #1235, #2272, .T. ) ;
#6561 = ORIENTED_EDGE ( 'NONE', *, *, #5767, .T. ) ;
#6562 = CARTESIAN_POINT ( 'NONE',  ( -0.09499999999999916844, 0.8099999999999997202, -2.299999999999987832 ) ) ;
#6563 = ORIENTED_EDGE ( 'NONE', *, *, #5196, .F. ) ;
#6564 = PLANE ( 'NONE',  #5313 ) ;
#6565 = ORIENTED_EDGE ( 'NONE', *, *, #2684, .T. ) ;
#6566 = VECTOR ( 'NONE', #1514, 1000.000000000000000 ) ;
#6567 = PLANE ( 'NONE',  #5322 ) ;
#6568 = CARTESIAN_POINT ( 'NONE',  ( -1.549999999999998490, 0.9354347826085001039, 0.3000000000000025424 ) ) ;
#6569 = LINE ( 'NONE', #5479, #1485 ) ;
#6570 = AXIS2_PLACEMENT_3D ( 'NONE', #1541, #6900, #4157 ) ;
#6571 = EDGE_CURVE ( 'NONE', #7030, #5598, #1667, .T. ) ;
#6572 = VERTEX_POINT ( 'NONE', #2772 ) ;
#6573 = ORIENTED_EDGE ( 'NONE', *, *, #6276, .F. ) ;
#6574 = DIRECTION ( 'NONE',  ( 0.000000000000000000, 0.000000000000000000, 1.000000000000000000 ) ) ;
#6575 = LINE ( 'NONE', #6140, #3931 ) ;
#6576 = VECTOR ( 'NONE', #2537, 1000.000000000000000 ) ;
#6577 = CARTESIAN_POINT ( 'NONE',  ( 1.301042606982605321E-15, 0.3550000000000002598, 2.100000000000002753 ) ) ;
#6578 = ORIENTED_EDGE ( 'NONE', *, *, #5091, .T. ) ;
#6579 = VECTOR ( 'NONE', #1164, 1000.000000000000000 ) ;
#6580 = ORIENTED_EDGE ( 'NONE', *, *, #2707, .T. ) ;
#6581 = ORIENTED_EDGE ( 'NONE', *, *, #2935, .F. ) ;
#6582 = VERTEX_POINT ( 'NONE', #6664 ) ;
#6583 = CARTESIAN_POINT ( 'NONE',  ( 1.301042606982605321E-15, 0.1500000000000001887, -1.399999999999997247 ) ) ;
#6584 = DIRECTION ( 'NONE',  ( -0.000000000000000000, 1.000000000000000000, -0.000000000000000000 ) ) ;
#6585 = VECTOR ( 'NONE', #298, 1000.000000000000000 ) ;
#6586 = EDGE_CURVE ( 'NONE', #1207, #4695, #3318, .T. ) ;
#6587 = LINE ( 'NONE', #2233, #6294 ) ;
#6588 = LINE ( 'NONE', #4537, #3894 ) ;
#6589 = VECTOR ( 'NONE', #779, 1000.000000000000000 ) ;
#6590 = EDGE_LOOP ( 'NONE', ( #1461, #2097, #1815, #348 ) ) ;
#6591 = CARTESIAN_POINT ( 'NONE',  ( -3.849999999999950795, 0.1999999999999998723, -1.139999999999997460 ) ) ;
#6592 = ORIENTED_EDGE ( 'NONE', *, *, #6370, .T. ) ;
#6593 = DIRECTION ( 'NONE',  ( -1.000000000000000000, 0.000000000000000000, 0.000000000000000000 ) ) ;
#6594 = ADVANCED_FACE ( 'NONE', ( #152 ), #2347, .F. ) ;
#6595 = CARTESIAN_POINT ( 'NONE',  ( 1.301042606982605321E-15, 0.2500000000000000000, -2.099999999999997868 ) ) ;
#6596 = VECTOR ( 'NONE', #4115, 1000.000000000000000 ) ;
#6597 = CARTESIAN_POINT ( 'NONE',  ( 0.9050000000000008038, 0.8099999999999997202, -2.299999999999997158 ) ) ;
#6598 = ORIENTED_EDGE ( 'NONE', *, *, #7120, .F. ) ;
#6599 = CARTESIAN_POINT ( 'NONE',  ( -0.09499999999999959865, 0.6671189302731397319, 1.372529207435400744 ) ) ;
#6600 = ORIENTED_EDGE ( 'NONE', *, *, #2377, .F. ) ;
#6601 = FACE_OUTER_BOUND ( 'NONE', #337, .T. ) ;
#6602 = VECTOR ( 'NONE', #906, 1000.000000000000000 ) ;
#6603 = ORIENTED_EDGE ( 'NONE', *, *, #5055, .F. ) ;
#6604 = CARTESIAN_POINT ( 'NONE',  ( -1.314432617519998514, 0.05000000000000012768, 2.602085213965210642E-15 ) ) ;
#6605 = EDGE_CURVE ( 'NONE', #4517, #4286, #4542, .T. ) ;
#6606 = ADVANCED_FACE ( 'NONE', ( #1156 ), #3929, .F. ) ;
#6607 = FACE_OUTER_BOUND ( 'NONE', #5991, .T. ) ;
#6608 = CARTESIAN_POINT ( 'NONE',  ( -2.009999999999998899, 0.5500000000000001554, 0.07500000000000300870 ) ) ;
#6609 = EDGE_LOOP ( 'NONE', ( #5599, #75, #3781, #6059 ) ) ;
#6610 = ORIENTED_EDGE ( 'NONE', *, *, #6349, .T. ) ;
#6611 = DIRECTION ( 'NONE',  ( -1.000000000000000000, -0.000000000000000000, 0.000000000000000000 ) ) ;
#6612 = CARTESIAN_POINT ( 'NONE',  ( 1.500000000000001554, 0.3604347826090001372, 1.650000000000002798 ) ) ;
#6613 = EDGE_CURVE ( 'NONE', #1801, #2970, #2845, .T. ) ;
#6614 = DIRECTION ( 'NONE',  ( 0.000000000000000000, 0.000000000000000000, 1.000000000000000000 ) ) ;
#6615 = ORIENTED_EDGE ( 'NONE', *, *, #4746, .T. ) ;
#6616 = ORIENTED_EDGE ( 'NONE', *, *, #1241, .T. ) ;
#6617 = FACE_OUTER_BOUND ( 'NONE', #6493, .T. ) ;
#6618 = EDGE_CURVE ( 'NONE', #4156, #7028, #299, .T. ) ;
#6619 = PLANE ( 'NONE',  #4925 ) ;
#6620 = LINE ( 'NONE', #4496, #465 ) ;
#6621 = PLANE ( 'NONE',  #5161 ) ;
#6622 = ORIENTED_EDGE ( 'NONE', *, *, #1327, .F. ) ;
#6623 = CARTESIAN_POINT ( 'NONE',  ( -0.9049999999999986944, 1.025655255171287195E-13, -2.800000000000002931 ) ) ;
#6624 = ORIENTED_EDGE ( 'NONE', *, *, #5538, .F. ) ;
#6625 = ADVANCED_FACE ( 'NONE', ( #4613 ), #6265, .T. ) ;
#6626 = LINE ( 'NONE', #5543, #5558 ) ;
#6627 = CARTESIAN_POINT ( 'NONE',  ( 0.4050000000000008593, 0.2212373928373861098, -2.394766404375773039 ) ) ;
#6628 = CARTESIAN_POINT ( 'NONE',  ( -2.582216308760998391, 0.1999999999999998723, -0.8999999999999971356 ) ) ;
#6629 = ORIENTED_EDGE ( 'NONE', *, *, #2955, .T. ) ;
#6630 = CARTESIAN_POINT ( 'NONE',  ( -3.844432617519998541, 0.1000000000000000472, -0.8999999999999971356 ) ) ;
#6631 = EDGE_CURVE ( 'NONE', #598, #2007, #1377, .T. ) ;
#6632 = VERTEX_POINT ( 'NONE', #5800 ) ;
#6633 = CARTESIAN_POINT ( 'NONE',  ( 1.301042606982605321E-15, 0.9600000000000001865, 1.200000000000002620 ) ) ;
#6634 = ORIENTED_EDGE ( 'NONE', *, *, #1277, .F. ) ;
#6635 = FACE_OUTER_BOUND ( 'NONE', #6796, .T. ) ;
#6636 = CARTESIAN_POINT ( 'NONE',  ( 1.600000000000001421, 1.760000000000000009, 1.650000000000002798 ) ) ;
#6637 = VERTEX_POINT ( 'NONE', #6915 ) ;
#6638 = PLANE ( 'NONE',  #2070 ) ;
#6639 = ADVANCED_FACE ( 'NONE', ( #6196 ), #1268, .F. ) ;
#6640 = VERTEX_POINT ( 'NONE', #227 ) ;
#6641 = DIRECTION ( 'NONE',  ( -1.000000000000000000, -0.000000000000000000, 0.000000000000000000 ) ) ;
#6642 = CARTESIAN_POINT ( 'NONE',  ( 1.314432617520000957, 0.000000000000000000, -1.139999999999997460 ) ) ;
#6643 = VECTOR ( 'NONE', #6466, 1000.000000000000000 ) ;
#6644 = DIRECTION ( 'NONE',  ( -1.000000000000000000, 0.000000000000000000, 0.000000000000000000 ) ) ;
#6645 = AXIS2_PLACEMENT_3D ( 'NONE', #4547, #3436, #4471 ) ;
#6646 = VECTOR ( 'NONE', #4016, 1000.000000000000000 ) ;
#6647 = ORIENTED_EDGE ( 'NONE', *, *, #6893, .T. ) ;
#6648 = ORIENTED_EDGE ( 'NONE', *, *, #5787, .T. ) ;
#6649 = ORIENTED_EDGE ( 'NONE', *, *, #2122, .F. ) ;
#6650 = DIRECTION ( 'NONE',  ( 0.000000000000000000, -1.000000000000000000, 0.000000000000000000 ) ) ;
#6651 = ORIENTED_EDGE ( 'NONE', *, *, #3378, .F. ) ;
#6652 = CARTESIAN_POINT ( 'NONE',  ( -0.9049999999999986944, 0.9600000000000001865, -2.099999999999997868 ) ) ;
#6653 = VECTOR ( 'NONE', #6042, 1000.000000000000000 ) ;
#6654 = CYLINDRICAL_SURFACE ( 'NONE', #2987, 0.2999999999999999334 ) ;
#6655 = VECTOR ( 'NONE', #6441, 1000.000000000000114 ) ;
#6656 = DIRECTION ( 'NONE',  ( 0.000000000000000000, -1.000000000000000000, 0.000000000000000000 ) ) ;
#6657 = EDGE_CURVE ( 'NONE', #2855, #2943, #3465, .T. ) ;
#6658 = VECTOR ( 'NONE', #4035, 1000.000000000000000 ) ;
#6659 = VECTOR ( 'NONE', #6060, 1000.000000000000000 ) ;
#6660 = DIRECTION ( 'NONE',  ( 0.000000000000000000, 0.05233595624308821914, 0.9986295347545662837 ) ) ;
#6661 = ORIENTED_EDGE ( 'NONE', *, *, #2645, .F. ) ;
#6662 = PLANE ( 'NONE',  #5784 ) ;
#6663 = ORIENTED_EDGE ( 'NONE', *, *, #2998, .F. ) ;
#6664 = CARTESIAN_POINT ( 'NONE',  ( -0.9049999999999986944, 0.7926488764353972760, 1.237440573434730684 ) ) ;
#6665 = DIRECTION ( 'NONE',  ( 0.000000000000000000, 0.000000000000000000, -1.000000000000000000 ) ) ;
#6666 = DIRECTION ( 'NONE',  ( 0.000000000000000000, 0.000000000000000000, 1.000000000000000000 ) ) ;
#6667 = VERTEX_POINT ( 'NONE', #2522 ) ;
#6668 = CARTESIAN_POINT ( 'NONE',  ( 0.3950000000000012390, 0.1500000000000001887, -1.399999999999997247 ) ) ;
#6669 = ORIENTED_EDGE ( 'NONE', *, *, #638, .F. ) ;
#6670 = DIRECTION ( 'NONE',  ( 0.000000000000000000, 0.000000000000000000, -1.000000000000000000 ) ) ;
#6671 = ORIENTED_EDGE ( 'NONE', *, *, #3932, .T. ) ;
#6672 = CARTESIAN_POINT ( 'NONE',  ( 0.5950000000000013056, 0.2500000000000000000, -0.6999999999999970690 ) ) ;
#6673 = LINE ( 'NONE', #5052, #6068 ) ;
#6674 = VERTEX_POINT ( 'NONE', #3570 ) ;
#6675 = CARTESIAN_POINT ( 'NONE',  ( 1.500000000000001554, 0.3604347826090001372, 1.200000000000007061 ) ) ;
#6676 = AXIS2_PLACEMENT_3D ( 'NONE', #6577, #2793, #6644 ) ;
#6677 = VERTEX_POINT ( 'NONE', #5654 ) ;
#6678 = LINE ( 'NONE', #6139, #6187 ) ;
#6679 = FACE_OUTER_BOUND ( 'NONE', #3610, .T. ) ;
#6680 = CARTESIAN_POINT ( 'NONE',  ( -3.499999999999998668, 0.1600000000000001976, 0.7000000000000029532 ) ) ;
#6681 = ADVANCED_FACE ( 'NONE', ( #5692 ), #4076, .T. ) ;
#6682 = CIRCLE ( 'NONE', #2435, 0.2999999999999999334 ) ;
#6683 = ORIENTED_EDGE ( 'NONE', *, *, #4931, .F. ) ;
#6684 = ORIENTED_EDGE ( 'NONE', *, *, #390, .F. ) ;
#6685 = ORIENTED_EDGE ( 'NONE', *, *, #5205, .F. ) ;
#6686 = DIRECTION ( 'NONE',  ( 0.000000000000000000, 0.000000000000000000, -1.000000000000000000 ) ) ;
#6687 = VECTOR ( 'NONE', #3012, 1000.000000000000000 ) ;
#6688 = EDGE_LOOP ( 'NONE', ( #1087, #6105, #5614, #1819 ) ) ;
#6689 = CARTESIAN_POINT ( 'NONE',  ( 1.720000000000001528, 0.9600000000000001865, 1.400000000000002798 ) ) ;
#6690 = CARTESIAN_POINT ( 'NONE',  ( 1.301042606982605321E-15, 0.05000000000000012768, -1.399999999999997247 ) ) ;
#6691 = ADVANCED_FACE ( 'NONE', ( #2924 ), #3533, .F. ) ;
#6692 = EDGE_CURVE ( 'NONE', #6277, #5843, #2994, .T. ) ;
#6693 = VECTOR ( 'NONE', #4724, 1000.000000000000000 ) ;
#6694 = CARTESIAN_POINT ( 'NONE',  ( 0.09500000000000133338, 0.5207565403230001166, 1.110655094915502961 ) ) ;
#6695 = DIRECTION ( 'NONE',  ( 0.000000000000000000, -1.000000000000000000, 0.000000000000000000 ) ) ;
#6696 = VERTEX_POINT ( 'NONE', #839 ) ;
#6697 = DIRECTION ( 'NONE',  ( -0.000000000000000000, -0.000000000000000000, -1.000000000000000000 ) ) ;
#6698 = ORIENTED_EDGE ( 'NONE', *, *, #4804, .F. ) ;
#6699 = VECTOR ( 'NONE', #4420, 1000.000000000000000 ) ;
#6700 = LINE ( 'NONE', #4466, #2575 ) ;
#6701 = FACE_OUTER_BOUND ( 'NONE', #167, .T. ) ;
#6702 = EDGE_CURVE ( 'NONE', #6854, #5357, #3029, .T. ) ;
#6703 = LINE ( 'NONE', #1234, #1832 ) ;
#6704 = VECTOR ( 'NONE', #87, 1000.000000000000000 ) ;
#6705 = EDGE_LOOP ( 'NONE', ( #2965, #4454, #1974, #5441, #4327, #2357 ) ) ;
#6706 = CARTESIAN_POINT ( 'NONE',  ( 0.09500000000000133338, 0.1373467578910001763, -1.989999999999996882 ) ) ;
#6707 = ORIENTED_EDGE ( 'NONE', *, *, #1271, .T. ) ;
#6708 = CARTESIAN_POINT ( 'NONE',  ( 0.5950000000000013056, 0.3211003463129999402, -2.399999999999998579 ) ) ;
#6709 = ORIENTED_EDGE ( 'NONE', *, *, #5636, .F. ) ;
#6710 = CARTESIAN_POINT ( 'NONE',  ( -3.849999999999998312, 0.1000000000000000472, -1.579999999999997184 ) ) ;
#6711 = VECTOR ( 'NONE', #3243, 1000.000000000000000 ) ;
#6712 = DIRECTION ( 'NONE',  ( -0.000000000000000000, 0.4226182617254299889, -0.9063077870437702410 ) ) ;
#6713 = VERTEX_POINT ( 'NONE', #1952 ) ;
#6714 = PLANE ( 'NONE',  #5606 ) ;
#6715 = EDGE_LOOP ( 'NONE', ( #5669, #1221, #1128, #3305 ) ) ;
#6716 = DIRECTION ( 'NONE',  ( -1.000000000000000000, 0.000000000000000000, 0.000000000000000000 ) ) ;
#6717 = LINE ( 'NONE', #5096, #3478 ) ;
#6718 = EDGE_CURVE ( 'NONE', #3093, #6277, #1412, .T. ) ;
#6719 = LINE ( 'NONE', #247, #1623 ) ;
#6720 =( GEOMETRIC_REPRESENTATION_CONTEXT ( 3 ) GLOBAL_UNCERTAINTY_ASSIGNED_CONTEXT ( ( #5752 ) ) GLOBAL_UNIT_ASSIGNED_CONTEXT ( ( #5728, #3030, #1449 ) ) REPRESENTATION_CONTEXT ( 'NONE', 'WORKASPACE' ) );
#6721 = ORIENTED_EDGE ( 'NONE', *, *, #2482, .T. ) ;
#6722 = ORIENTED_EDGE ( 'NONE', *, *, #2331, .T. ) ;
#6723 = CARTESIAN_POINT ( 'NONE',  ( 0.6004067291410014606, 0.3211003463129999402, -2.399999999999998579 ) ) ;
#6724 = EDGE_CURVE ( 'NONE', #5458, #3517, #3061, .T. ) ;
#6725 = ORIENTED_EDGE ( 'NONE', *, *, #876, .T. ) ;
#6726 = FACE_OUTER_BOUND ( 'NONE', #408, .T. ) ;
#6727 = LINE ( 'NONE', #3496, #6801 ) ;
#6728 = DIRECTION ( 'NONE',  ( -1.000000000000000000, -0.000000000000000000, 0.000000000000000000 ) ) ;
#6729 = LINE ( 'NONE', #1739, #2167 ) ;
#6730 = EDGE_CURVE ( 'NONE', #707, #6054, #5116, .T. ) ;
#6731 = ADVANCED_FACE ( 'NONE', ( #4573 ), #6231, .F. ) ;
#6732 = VERTEX_POINT ( 'NONE', #1916 ) ;
#6733 = DIRECTION ( 'NONE',  ( -1.000000000000000000, 0.000000000000000000, 0.000000000000000000 ) ) ;
#6734 = VERTEX_POINT ( 'NONE', #1847 ) ;
#6735 = PLANE ( 'NONE',  #7060 ) ;
#6736 = CARTESIAN_POINT ( 'NONE',  ( 2.582216308760601375, 0.000000000000000000, -1.579999999999997184 ) ) ;
#6737 = CARTESIAN_POINT ( 'NONE',  ( 1.370000000000001439, 0.9600000000000001865, -2.099999999999997868 ) ) ;
#6738 = DIRECTION ( 'NONE',  ( -1.000000000000000000, -0.000000000000000000, 0.000000000000000000 ) ) ;
#6739 = VERTEX_POINT ( 'NONE', #1307 ) ;
#6740 = DIRECTION ( 'NONE',  ( 0.000000000000000000, -1.000000000000000000, 0.000000000000000000 ) ) ;
#6741 = EDGE_CURVE ( 'NONE', #6104, #547, #2958, .T. ) ;
#6742 = ORIENTED_EDGE ( 'NONE', *, *, #1911, .T. ) ;
#6743 = FACE_OUTER_BOUND ( 'NONE', #5366, .T. ) ;
#6744 = EDGE_LOOP ( 'NONE', ( #3183, #1568, #2496, #3672 ) ) ;
#6745 = LINE ( 'NONE', #1240, #620 ) ;
#6746 = CARTESIAN_POINT ( 'NONE',  ( -0.5949999999999991962, 0.3211003463129999402, -2.300000000000228084 ) ) ;
#6747 = ORIENTED_EDGE ( 'NONE', *, *, #2998, .T. ) ;
#6748 = CARTESIAN_POINT ( 'NONE',  ( 0.09500000000000133338, 0.6850000000000000533, 0.5500000000000024869 ) ) ;
#6749 = VERTEX_POINT ( 'NONE', #2660 ) ;
#6750 = DIRECTION ( 'NONE',  ( 0.000000000000000000, 1.626303258735897755E-15, -1.000000000000000000 ) ) ;
#6751 = CARTESIAN_POINT ( 'NONE',  ( 1.370000000000001439, 1.820000000000000284, -2.089999999999997193 ) ) ;
#6752 = ORIENTED_EDGE ( 'NONE', *, *, #4033, .T. ) ;
#6753 = EDGE_CURVE ( 'NONE', #886, #4663, #4751, .T. ) ;
#6754 = VERTEX_POINT ( 'NONE', #4858 ) ;
#6755 = ORIENTED_EDGE ( 'NONE', *, *, #5376, .T. ) ;
#6756 = VECTOR ( 'NONE', #1938, 1000.000000000000000 ) ;
#6757 = PLANE ( 'NONE',  #3239 ) ;
#6758 = VERTEX_POINT ( 'NONE', #7061 ) ;
#6759 = FACE_OUTER_BOUND ( 'NONE', #1664, .T. ) ;
#6760 = CARTESIAN_POINT ( 'NONE',  ( 2.300000000000001155, 0.5500000000000001554, 1.370000000000002993 ) ) ;
#6761 = VECTOR ( 'NONE', #2386, 1000.000000000000000 ) ;
#6762 = AXIS2_PLACEMENT_3D ( 'NONE', #3334, #1793, #2251 ) ;
#6763 = ADVANCED_FACE ( 'NONE', ( #1558 ), #2697, .F. ) ;
#6764 = DIRECTION ( 'NONE',  ( -0.000000000000000000, -0.000000000000000000, -1.000000000000000000 ) ) ;
#6765 = CARTESIAN_POINT ( 'NONE',  ( 0.5950000000000013056, 0.2212373928373861098, -2.394766404375773039 ) ) ;
#6766 = VERTEX_POINT ( 'NONE', #5904 ) ;
#6767 = VECTOR ( 'NONE', #1912, 1000.000000000000000 ) ;
#6768 = VECTOR ( 'NONE', #3633, 1000.000000000000227 ) ;
#6769 = DIRECTION ( 'NONE',  ( 0.000000000000000000, 0.000000000000000000, 1.000000000000000000 ) ) ;
#6770 = ORIENTED_EDGE ( 'NONE', *, *, #3047, .T. ) ;
#6771 = CARTESIAN_POINT ( 'NONE',  ( -0.09499999999999916844, 0.9600000000000001865, -2.099999999999997868 ) ) ;
#6772 = CARTESIAN_POINT ( 'NONE',  ( 1.720000000000001528, 0.5500000000000001554, 0.07500000000000300870 ) ) ;
#6773 = DIRECTION ( 'NONE',  ( -0.000000000000000000, 1.000000000000000000, -0.000000000000000000 ) ) ;
#6774 = EDGE_CURVE ( 'NONE', #4057, #2415, #5794, .T. ) ;
#6775 = EDGE_CURVE ( 'NONE', #4418, #1429, #2623, .T. ) ;
#6776 = VECTOR ( 'NONE', #3025, 1000.000000000000000 ) ;
#6777 = VECTOR ( 'NONE', #2617, 1000.000000000000000 ) ;
#6778 = LINE ( 'NONE', #2026, #6200 ) ;
#6779 = ORIENTED_EDGE ( 'NONE', *, *, #5245, .T. ) ;
#6780 = LINE ( 'NONE', #6630, #4004 ) ;
#6781 = ORIENTED_EDGE ( 'NONE', *, *, #5565, .F. ) ;
#6782 = DIRECTION ( 'NONE',  ( 0.000000000000000000, 0.000000000000000000, -1.000000000000000000 ) ) ;
#6783 = EDGE_LOOP ( 'NONE', ( #3833, #6178, #4294, #6088, #3943, #6457, #316, #5788, #6897, #1355 ) ) ;
#6784 = LINE ( 'NONE', #340, #5907 ) ;
#6785 = ADVANCED_FACE ( 'NONE', ( #5830 ), #3743, .F. ) ;
#6786 = ADVANCED_FACE ( 'NONE', ( #5353 ), #3773, .F. ) ;
#6787 = DIRECTION ( 'NONE',  ( -1.000000000000000000, 0.000000000000000000, 0.000000000000000000 ) ) ;
#6788 = ORIENTED_EDGE ( 'NONE', *, *, #6741, .F. ) ;
#6789 = LINE ( 'NONE', #6212, #6300 ) ;
#6790 = ORIENTED_EDGE ( 'NONE', *, *, #3768, .T. ) ;
#6791 = DIRECTION ( 'NONE',  ( -1.000000000000000000, -0.000000000000000000, 0.000000000000000000 ) ) ;
#6792 = CARTESIAN_POINT ( 'NONE',  ( -0.4999999999999987232, 0.7973286105690000625, 1.227404851197802849 ) ) ;
#6793 = EDGE_CURVE ( 'NONE', #5057, #922, #4280, .T. ) ;
#6794 = VECTOR ( 'NONE', #4032, 1000.000000000000000 ) ;
#6795 = VERTEX_POINT ( 'NONE', #4315 ) ;
#6796 = EDGE_LOOP ( 'NONE', ( #2982, #137, #1641, #2132 ) ) ;
#6797 = EDGE_LOOP ( 'NONE', ( #2254, #1292, #674, #3418, #2227, #2443, #1143, #545 ) ) ;
#6798 = LINE ( 'NONE', #1440, #2094 ) ;
#6799 = EDGE_LOOP ( 'NONE', ( #2378, #1654, #6464, #5539 ) ) ;
#6800 = CARTESIAN_POINT ( 'NONE',  ( 0.8995932708590012039, 0.1373467578910001763, -2.089999999999997193 ) ) ;
#6801 = VECTOR ( 'NONE', #1366, 1000.000000000000000 ) ;
#6802 = CARTESIAN_POINT ( 'NONE',  ( -3.399999999999998579, 1.659999999999999920, 1.400000000000002798 ) ) ;
#6803 = ADVANCED_FACE ( 'NONE', ( #3171 ), #5936, .T. ) ;
#6804 = DIRECTION ( 'NONE',  ( 0.000000000000000000, 0.000000000000000000, -1.000000000000000000 ) ) ;
#6805 = CARTESIAN_POINT ( 'NONE',  ( 1.600000000000001421, 0.9600000000000001865, 1.200000000000002620 ) ) ;
#6806 = DIRECTION ( 'NONE',  ( 1.000000000000000000, -0.000000000000000000, -0.000000000000000000 ) ) ;
#6807 = ORIENTED_EDGE ( 'NONE', *, *, #2692, .F. ) ;
#6808 = DIRECTION ( 'NONE',  ( 0.000000000000000000, -0.9986295347545662837, 0.05233595624308821914 ) ) ;
#6809 = VECTOR ( 'NONE', #3586, 1000.000000000000000 ) ;
#6810 = DIRECTION ( 'NONE',  ( -1.000000000000000000, 0.000000000000000000, 0.000000000000000000 ) ) ;
#6811 = EDGE_CURVE ( 'NONE', #4080, #3491, #437, .T. ) ;
#6812 = CARTESIAN_POINT ( 'NONE',  ( 0.09500000000000133338, 0.9600000000000001865, -2.099999999999997868 ) ) ;
#6813 = EDGE_LOOP ( 'NONE', ( #3952, #888, #2676, #883 ) ) ;
#6814 = FILL_AREA_STYLE ('',( #1418 ) ) ;
#6815 = VECTOR ( 'NONE', #1205, 1000.000000000000000 ) ;
#6816 = ORIENTED_EDGE ( 'NONE', *, *, #937, .T. ) ;
#6817 = PLANE ( 'NONE',  #728 ) ;
#6818 = EDGE_CURVE ( 'NONE', #4219, #4080, #5425, .T. ) ;
#6819 = ORIENTED_EDGE ( 'NONE', *, *, #3521, .F. ) ;
#6820 = LINE ( 'NONE', #6855, #1652 ) ;
#6821 = AXIS2_PLACEMENT_3D ( 'NONE', #3283, #3890, #7097 ) ;
#6822 = LINE ( 'NONE', #4151, #3889 ) ;
#6823 = ORIENTED_EDGE ( 'NONE', *, *, #3244, .T. ) ;
#6824 = CARTESIAN_POINT ( 'NONE',  ( 2.285000000000001474, 0.1650000000000000078, 0.05000000000000316691 ) ) ;
#6825 = EDGE_LOOP ( 'NONE', ( #2442, #6651, #5015, #2518 ) ) ;
#6826 = DIRECTION ( 'NONE',  ( 0.000000000000000000, 0.000000000000000000, 1.000000000000000000 ) ) ;
#6827 = EDGE_CURVE ( 'NONE', #3606, #2554, #6401, .T. ) ;
#6828 = VECTOR ( 'NONE', #998, 1000.000000000000227 ) ;
#6829 = DIRECTION ( 'NONE',  ( 0.000000000000000000, 0.05233595624308821914, 0.9986295347545662837 ) ) ;
#6830 = AXIS2_PLACEMENT_3D ( 'NONE', #4357, #6411, #3679 ) ;
#6831 = LINE ( 'NONE', #4636, #99 ) ;
#6832 = ORIENTED_EDGE ( 'NONE', *, *, #5046, .T. ) ;
#6833 = VERTEX_POINT ( 'NONE', #2093 ) ;
#6834 = CARTESIAN_POINT ( 'NONE',  ( -1.599999999999998090, 0.9600000000000001865, 1.285000000000003029 ) ) ;
#6835 = DIRECTION ( 'NONE',  ( 0.000000000000000000, 0.000000000000000000, -1.000000000000000000 ) ) ;
#6836 = EDGE_CURVE ( 'NONE', #2943, #6968, #5868, .T. ) ;
#6837 = LINE ( 'NONE', #927, #1775 ) ;
#6838 = VECTOR ( 'NONE', #3630, 1000.000000000000000 ) ;
#6839 = FACE_OUTER_BOUND ( 'NONE', #1689, .T. ) ;
#6840 = PLANE ( 'NONE',  #5966 ) ;
#6841 = CARTESIAN_POINT ( 'NONE',  ( -3.399999999999998579, 1.659999999999999920, 1.400000000000002798 ) ) ;
#6842 = ADVANCED_FACE ( 'NONE', ( #366 ), #5287, .F. ) ;
#6843 = LINE ( 'NONE', #149, #3377 ) ;
#6844 = VERTEX_POINT ( 'NONE', #943 ) ;
#6845 = CARTESIAN_POINT ( 'NONE',  ( 1.095000000000001306, 0.8099999999999997202, -0.6999999999999970690 ) ) ;
#6846 =( NAMED_UNIT ( * ) PLANE_ANGLE_UNIT ( ) SI_UNIT ( $, .RADIAN. ) );
#6847 = DIRECTION ( 'NONE',  ( -0.000000000000000000, -0.000000000000000000, -1.000000000000000000 ) ) ;
#6848 = LINE ( 'NONE', #1310, #2178 ) ;
#6849 = ORIENTED_EDGE ( 'NONE', *, *, #4251, .T. ) ;
#6850 = LINE ( 'NONE', #2424, #3557 ) ;
#6851 = EDGE_CURVE ( 'NONE', #3573, #3978, #3133, .T. ) ;
#6852 = ORIENTED_EDGE ( 'NONE', *, *, #5725, .F. ) ;
#6853 = CARTESIAN_POINT ( 'NONE',  ( 1.301042606982605321E-15, 0.7086905952145743370, -0.5397673798719940796 ) ) ;
#6854 = VERTEX_POINT ( 'NONE', #406 ) ;
#6855 = CARTESIAN_POINT ( 'NONE',  ( 3.750000000000001776, 1.659999999999999920, 0.7000000000000029532 ) ) ;
#6856 = ADVANCED_FACE ( 'NONE', ( #2590 ), #4785, .T. ) ;
#6857 = LINE ( 'NONE', #2498, #4463 ) ;
#6858 = ORIENTED_EDGE ( 'NONE', *, *, #1955, .F. ) ;
#6859 = LINE ( 'NONE', #1354, #2857 ) ;
#6860 = ORIENTED_EDGE ( 'NONE', *, *, #1550, .F. ) ;
#6861 = FACE_OUTER_BOUND ( 'NONE', #4319, .T. ) ;
#6862 = PLANE ( 'NONE',  #1398 ) ;
#6863 = EDGE_CURVE ( 'NONE', #10, #1429, #2033, .T. ) ;
#6864 = CARTESIAN_POINT ( 'NONE',  ( -3.199999999999998845, 1.640000000000000124, 0.05000000000000316691 ) ) ;
#6865 = EDGE_CURVE ( 'NONE', #5452, #2776, #6379, .T. ) ;
#6866 = ORIENTED_EDGE ( 'NONE', *, *, #2155, .T. ) ;
#6867 = VERTEX_POINT ( 'NONE', #3544 ) ;
#6868 = PLANE ( 'NONE',  #3883 ) ;
#6869 = DIRECTION ( 'NONE',  ( 1.000000000000000000, 0.000000000000000000, -0.000000000000000000 ) ) ;
#6870 = CARTESIAN_POINT ( 'NONE',  ( 2.264432617520213853, 1.820000000000000284, -0.1899999999999970324 ) ) ;
#6871 = EDGE_CURVE ( 'NONE', #214, #4266, #1389, .T. ) ;
#6872 = FACE_OUTER_BOUND ( 'NONE', #2077, .T. ) ;
#6873 = DIRECTION ( 'NONE',  ( -1.000000000000000000, 0.000000000000000000, 0.000000000000000000 ) ) ;
#6874 = ORIENTED_EDGE ( 'NONE', *, *, #135, .T. ) ;
#6875 = CARTESIAN_POINT ( 'NONE',  ( 0.1050000000000013561, 1.670000000000000151, -1.749999999999997113 ) ) ;
#6876 = VECTOR ( 'NONE', #5813, 1000.000000000000000 ) ;
#6877 = CARTESIAN_POINT ( 'NONE',  ( 1.105000000000001315, 1.770000000000000018, -1.399999999999997247 ) ) ;
#6878 = VECTOR ( 'NONE', #5713, 1000.000000000000000 ) ;
#6879 = DIRECTION ( 'NONE',  ( 0.000000000000000000, -0.9138115486202620374, -0.4061384660534366198 ) ) ;
#6880 = EDGE_CURVE ( 'NONE', #6315, #7036, #6994, .T. ) ;
#6881 = PLANE ( 'NONE',  #4468 ) ;
#6882 = VECTOR ( 'NONE', #1929, 1000.000000000000000 ) ;
#6883 = VECTOR ( 'NONE', #6026, 1000.000000000000000 ) ;
#6884 = ORIENTED_EDGE ( 'NONE', *, *, #4746, .F. ) ;
#6885 =( NAMED_UNIT ( * ) SI_UNIT ( $, .STERADIAN. ) SOLID_ANGLE_UNIT ( ) );
#6886 = ORIENTED_EDGE ( 'NONE', *, *, #780, .F. ) ;
#6887 = DIRECTION ( 'NONE',  ( 0.000000000000000000, 0.05233595624340463270, 0.9986295347545498524 ) ) ;
#6888 = ORIENTED_EDGE ( 'NONE', *, *, #2540, .T. ) ;
#6889 = CARTESIAN_POINT ( 'NONE',  ( -4.000000000000000000, 0.9100000000000000311, 1.400000000000002798 ) ) ;
#6890 = LINE ( 'NONE', #1495, #402 ) ;
#6891 = VECTOR ( 'NONE', #2700, 1000.000000000000000 ) ;
#6892 = VECTOR ( 'NONE', #5120, 1000.000000000000000 ) ;
#6893 = EDGE_CURVE ( 'NONE', #790, #6582, #2234, .T. ) ;
#6894 = CARTESIAN_POINT ( 'NONE',  ( 1.370000000000001439, 0.2800000000000000822, -2.089999999999997193 ) ) ;
#6895 = ORIENTED_EDGE ( 'NONE', *, *, #6906, .F. ) ;
#6896 = CARTESIAN_POINT ( 'NONE',  ( 1.550000000000001377, 0.7100000000000022959, -0.5999999999999972022 ) ) ;
#6897 = ORIENTED_EDGE ( 'NONE', *, *, #6560, .T. ) ;
#6898 = AXIS2_PLACEMENT_3D ( 'NONE', #765, #1263, #6804 ) ;
#6899 = LINE ( 'NONE', #6280, #140 ) ;
#6900 = DIRECTION ( 'NONE',  ( 1.000000000000000000, 0.000000000000000000, 0.000000000000000000 ) ) ;
#6901 = CARTESIAN_POINT ( 'NONE',  ( -1.599999999999998090, 0.9600000000000001865, 1.370000000000002993 ) ) ;
#6902 = EDGE_LOOP ( 'NONE', ( #5000, #454, #2717, #5456 ) ) ;
#6903 = ORIENTED_EDGE ( 'NONE', *, *, #4102, .F. ) ;
#6904 = DIRECTION ( 'NONE',  ( 1.000000000000000000, -0.000000000000000000, -0.000000000000000000 ) ) ;
#6905 = CARTESIAN_POINT ( 'NONE',  ( 1.095000000000001306, 0.3211003463129999402, -2.399999999999998579 ) ) ;
#6906 = EDGE_CURVE ( 'NONE', #3978, #4981, #6890, .T. ) ;
#6907 = DIRECTION ( 'NONE',  ( -0.000000000000000000, 1.000000000000000000, -0.000000000000000000 ) ) ;
#6908 = PLANE ( 'NONE',  #3565 ) ;
#6909 = DIRECTION ( 'NONE',  ( 0.000000000000000000, -1.000000000000000000, 0.000000000000000000 ) ) ;
#6910 = VECTOR ( 'NONE', #1405, 1000.000000000000000 ) ;
#6911 = ORIENTED_EDGE ( 'NONE', *, *, #4534, .T. ) ;
#6912 = LINE ( 'NONE', #2305, #4281 ) ;
#6913 = ADVANCED_FACE ( 'NONE', ( #4393 ), #5507, .F. ) ;
#6914 = ADVANCED_FACE ( 'NONE', ( #5469 ), #990, .F. ) ;
#6915 = CARTESIAN_POINT ( 'NONE',  ( -1.104999999999998428, 0.2500000000000000000, -1.399999999999997247 ) ) ;
#6916 = CIRCLE ( 'NONE', #1630, 0.09999999999953015917 ) ;
#6917 = CARTESIAN_POINT ( 'NONE',  ( -2.549999999999998490, 0.5500000000000001554, 1.400000000000002798 ) ) ;
#6918 = ORIENTED_EDGE ( 'NONE', *, *, #1351, .T. ) ;
#6919 = CARTESIAN_POINT ( 'NONE',  ( 1.095000000000001306, 0.8099999999999997202, -1.989999999999996882 ) ) ;
#6920 = ORIENTED_EDGE ( 'NONE', *, *, #4384, .T. ) ;
#6921 = CARTESIAN_POINT ( 'NONE',  ( -1.499999999999998668, 0.6850000000000000533, 0.5500000000000024869 ) ) ;
#6922 = LINE ( 'NONE', #1563, #5421 ) ;
#6923 = ORIENTED_EDGE ( 'NONE', *, *, #2548, .F. ) ;
#6924 = VECTOR ( 'NONE', #6063, 1000.000000000000000 ) ;
#6925 = ADVANCED_FACE ( 'NONE', ( #5400 ), #1531, .F. ) ;
#6926 = CARTESIAN_POINT ( 'NONE',  ( -1.369999999999998774, 0.2800000000000000822, 0.05000000000000316691 ) ) ;
#6927 = DIRECTION ( 'NONE',  ( 0.000000000000000000, -0.05233595624254735318, -0.9986295347545945944 ) ) ;
#6928 = CARTESIAN_POINT ( 'NONE',  ( 1.095000000000001306, 0.7926488764353972760, 1.237440573434730684 ) ) ;
#6929 = VECTOR ( 'NONE', #421, 1000.000000000000000 ) ;
#6930 = VERTEX_POINT ( 'NONE', #588 ) ;
#6931 = CARTESIAN_POINT ( 'NONE',  ( 1.301042606982605321E-15, 1.870000000000000107, -0.3649999999999968270 ) ) ;
#6932 = ORIENTED_EDGE ( 'NONE', *, *, #4488, .F. ) ;
#6933 = LINE ( 'NONE', #2437, #6687 ) ;
#6934 = EDGE_LOOP ( 'NONE', ( #5833, #7001, #1255, #6709 ) ) ;
#6935 = CIRCLE ( 'NONE', #2672, 0.2999999999999999334 ) ;
#6936 = CARTESIAN_POINT ( 'NONE',  ( -2.582216308760998391, 0.1999999999999998723, -1.489999999999996882 ) ) ;
#6937 = FACE_OUTER_BOUND ( 'NONE', #554, .T. ) ;
#6938 = ORIENTED_EDGE ( 'NONE', *, *, #1970, .T. ) ;
#6939 = VECTOR ( 'NONE', #2986, 1000.000000000000000 ) ;
#6940 = ORIENTED_EDGE ( 'NONE', *, *, #531, .F. ) ;
#6941 = LINE ( 'NONE', #4740, #3309 ) ;
#6942 = PLANE ( 'NONE',  #1062 ) ;
#6943 = EDGE_CURVE ( 'NONE', #6044, #1362, #3181, .T. ) ;
#6944 = DIRECTION ( 'NONE',  ( 0.000000000000000000, 0.000000000000000000, 1.000000000000000000 ) ) ;
#6945 = AXIS2_PLACEMENT_3D ( 'NONE', #1702, #44, #78 ) ;
#6946 = EDGE_CURVE ( 'NONE', #1779, #672, #5976, .T. ) ;
#6947 = DIRECTION ( 'NONE',  ( 0.000000000000000000, -1.000000000000000000, 0.000000000000000000 ) ) ;
#6948 = DIRECTION ( 'NONE',  ( 0.000000000000000000, 0.000000000000000000, -1.000000000000000000 ) ) ;
#6949 = AXIS2_PLACEMENT_3D ( 'NONE', #4823, #981, #1586 ) ;
#6950 = ORIENTED_EDGE ( 'NONE', *, *, #4700, .F. ) ;
#6951 = CARTESIAN_POINT ( 'NONE',  ( -2.582216308760998391, 0.000000000000000000, -1.579999999999997184 ) ) ;
#6952 = DIRECTION ( 'NONE',  ( 0.000000000000000000, 0.000000000000000000, -1.000000000000000000 ) ) ;
#6953 = CARTESIAN_POINT ( 'NONE',  ( 2.550000000000001155, 1.760000000000000231, 1.400000000000002798 ) ) ;
#6954 = EDGE_CURVE ( 'NONE', #6145, #3582, #2773, .T. ) ;
#6955 = LINE ( 'NONE', #4348, #460 ) ;
#6956 = EDGE_CURVE ( 'NONE', #6957, #3120, #3820, .T. ) ;
#6957 = VERTEX_POINT ( 'NONE', #1668 ) ;
#6958 = SURFACE_STYLE_USAGE ( .BOTH. , #336 ) ;
#6959 = ORIENTED_EDGE ( 'NONE', *, *, #48, .F. ) ;
#6960 = CARTESIAN_POINT ( 'NONE',  ( -1.599999999999998090, 1.760000000000000009, 1.650000000000002798 ) ) ;
#6961 = CARTESIAN_POINT ( 'NONE',  ( 3.850000000000151523, 0.1999999999999998723, -1.139999999999997460 ) ) ;
#6962 = EDGE_LOOP ( 'NONE', ( #2789, #4436, #1844, #3618 ) ) ;
#6963 = LINE ( 'NONE', #7032, #5436 ) ;
#6964 = LINE ( 'NONE', #5916, #4926 ) ;
#6965 = EDGE_CURVE ( 'NONE', #6163, #2130, #1057, .T. ) ;
#6966 = ORIENTED_EDGE ( 'NONE', *, *, #5457, .F. ) ;
#6967 = CARTESIAN_POINT ( 'NONE',  ( 1.301042606982605321E-15, 0.2500000000000000000, -2.099999999999997868 ) ) ;
#6968 = VERTEX_POINT ( 'NONE', #45 ) ;
#6969 = LINE ( 'NONE', #386, #5661 ) ;
#6970 = VERTEX_POINT ( 'NONE', #6558 ) ;
#6971 = FACE_OUTER_BOUND ( 'NONE', #2280, .T. ) ;
#6972 = PLANE ( 'NONE',  #5876 ) ;
#6973 = DIRECTION ( 'NONE',  ( -1.000000000000000000, 0.000000000000000000, 0.000000000000000000 ) ) ;
#6974 = EDGE_CURVE ( 'NONE', #270, #6696, #522, .T. ) ;
#6975 = EDGE_LOOP ( 'NONE', ( #3192, #4008, #4610, #4526 ) ) ;
#6976 = ORIENTED_EDGE ( 'NONE', *, *, #2431, .F. ) ;
#6977 = CARTESIAN_POINT ( 'NONE',  ( 1.301042606982605321E-15, 0.6600000000000002531, 1.900000000000002798 ) ) ;
#6978 = FACE_OUTER_BOUND ( 'NONE', #1906, .T. ) ;
#6979 = CARTESIAN_POINT ( 'NONE',  ( 1.550000000000001377, 1.050000000000000044, -0.2499999999999971967 ) ) ;
#6980 = EDGE_CURVE ( 'NONE', #3937, #1146, #7100, .T. ) ;
#6981 = CARTESIAN_POINT ( 'NONE',  ( 1.370000000000001439, 0.1999999999999998723, -1.489999999999996882 ) ) ;
#6982 = DIRECTION ( 'NONE',  ( -1.000000000000000000, 0.000000000000000000, 0.000000000000000000 ) ) ;
#6983 = ORIENTED_EDGE ( 'NONE', *, *, #6741, .T. ) ;
#6984 = LINE ( 'NONE', #474, #3254 ) ;
#6985 = DIRECTION ( 'NONE',  ( -1.000000000000000000, 0.000000000000000000, 0.000000000000000000 ) ) ;
#6986 = LINE ( 'NONE', #6551, #7006 ) ;
#6987 = ORIENTED_EDGE ( 'NONE', *, *, #578, .F. ) ;
#6988 = DIRECTION ( 'NONE',  ( 0.000000000000000000, 0.000000000000000000, -1.000000000000000000 ) ) ;
#6989 = ORIENTED_EDGE ( 'NONE', *, *, #3441, .T. ) ;
#6990 = LINE ( 'NONE', #986, #3363 ) ;
#6991 = ORIENTED_EDGE ( 'NONE', *, *, #3536, .T. ) ;
#6992 = CARTESIAN_POINT ( 'NONE',  ( 3.500000000000001332, 1.659999999999999920, 1.400000000000002798 ) ) ;
#6993 = EDGE_CURVE ( 'NONE', #6304, #2282, #6450, .T. ) ;
#6994 = LINE ( 'NONE', #3106, #4763 ) ;
#6995 = ADVANCED_FACE ( 'NONE', ( #1629 ), #5363, .F. ) ;
#6996 = VECTOR ( 'NONE', #4835, 1000.000000000000000 ) ;
#6997 = VECTOR ( 'NONE', #88, 1000.000000000000114 ) ;
#6998 = CARTESIAN_POINT ( 'NONE',  ( 1.370000000000001439, 0.2800000000000000822, -1.024999999999997247 ) ) ;
#6999 = ORIENTED_EDGE ( 'NONE', *, *, #2203, .F. ) ;
#7000 = LINE ( 'NONE', #5403, #2284 ) ;
#7001 = ORIENTED_EDGE ( 'NONE', *, *, #2050, .F. ) ;
#7002 = CARTESIAN_POINT ( 'NONE',  ( 1.600000000000001421, 1.340000000000000080, 1.370000000000002993 ) ) ;
#7003 = ORIENTED_EDGE ( 'NONE', *, *, #4756, .F. ) ;
#7004 = AXIS2_PLACEMENT_3D ( 'NONE', #2414, #6226, #3057 ) ;
#7005 = DIRECTION ( 'NONE',  ( 1.000000000000000000, -0.000000000000000000, -0.000000000000000000 ) ) ;
#7006 = VECTOR ( 'NONE', #982, 1000.000000000000000 ) ;
#7007 = ADVANCED_FACE ( 'NONE', ( #2102 ), #4290, .T. ) ;
#7008 = EDGE_CURVE ( 'NONE', #1869, #6372, #6259, .T. ) ;
#7009 = PLANE ( 'NONE',  #3005 ) ;
#7010 = LINE ( 'NONE', #562, #334 ) ;
#7011 = VECTOR ( 'NONE', #2089, 1000.000000000000000 ) ;
#7012 = AXIS2_PLACEMENT_3D ( 'NONE', #4996, #6728, #1084 ) ;
#7013 = ORIENTED_EDGE ( 'NONE', *, *, #7120, .T. ) ;
#7014 = VERTEX_POINT ( 'NONE', #1811 ) ;
#7015 = CARTESIAN_POINT ( 'NONE',  ( -0.4999999999999987232, 1.169999999999993934, -2.299999999999983391 ) ) ;
#7016 = CARTESIAN_POINT ( 'NONE',  ( -1.369999999999998774, 0.1650000000000000078, -1.024999999999997247 ) ) ;
#7017 = EDGE_CURVE ( 'NONE', #6795, #1362, #1849, .T. ) ;
#7018 = LINE ( 'NONE', #936, #3686 ) ;
#7019 = DIRECTION ( 'NONE',  ( -1.000000000000000000, 0.000000000000000000, 0.000000000000000000 ) ) ;
#7020 = LINE ( 'NONE', #1479, #2176 ) ;
#7021 = DIRECTION ( 'NONE',  ( -1.000000000000000000, 0.000000000000000000, 0.000000000000000000 ) ) ;
#7022 = CARTESIAN_POINT ( 'NONE',  ( -2.444432617519998630, 0.1000000000000000472, -0.1899999999999970324 ) ) ;
#7023 = EDGE_CURVE ( 'NONE', #1126, #3585, #1230, .T. ) ;
#7024 = DIRECTION ( 'NONE',  ( 0.000000000000000000, -0.05233595624254735318, -0.9986295347545945944 ) ) ;
#7025 = CARTESIAN_POINT ( 'NONE',  ( -1.599999999999998090, 1.340000000000000080, 1.300000000000002931 ) ) ;
#7026 = VECTOR ( 'NONE', #4234, 1000.000000000000000 ) ;
#7027 = CARTESIAN_POINT ( 'NONE',  ( -0.4049999999999986944, 0.7086905952146391741, -0.5397673798720031835 ) ) ;
#7028 = VERTEX_POINT ( 'NONE', #3968 ) ;
#7029 = DIRECTION ( 'NONE',  ( -1.000000000000000000, 0.000000000000000000, 0.000000000000000000 ) ) ;
#7030 = VERTEX_POINT ( 'NONE', #5616 ) ;
#7031 = EDGE_CURVE ( 'NONE', #2152, #4880, #6197, .T. ) ;
#7032 = CARTESIAN_POINT ( 'NONE',  ( 1.514432617520001578, 0.9100000000000000311, -1.489999999999996882 ) ) ;
#7033 = DIRECTION ( 'NONE',  ( 0.000000000000000000, 0.000000000000000000, -1.000000000000000000 ) ) ;
#7034 = VECTOR ( 'NONE', #2407, 1000.000000000000000 ) ;
#7035 = PLANE ( 'NONE',  #1488 ) ;
#7036 = VERTEX_POINT ( 'NONE', #117 ) ;
#7037 = CARTESIAN_POINT ( 'NONE',  ( -0.1049999999999987610, 0.2500000000000000000, -1.399999999999997247 ) ) ;
#7038 = ADVANCED_FACE ( 'NONE', ( #6701 ), #5544, .T. ) ;
#7039 = AXIS2_PLACEMENT_3D ( 'NONE', #5792, #5279, #6835 ) ;
#7040 = ORIENTED_EDGE ( 'NONE', *, *, #997, .T. ) ;
#7041 = DIRECTION ( 'NONE',  ( 0.000000000000000000, -1.000000000000000000, 0.000000000000000000 ) ) ;
#7042 = VERTEX_POINT ( 'NONE', #2273 ) ;
#7043 = CARTESIAN_POINT ( 'NONE',  ( 0.4050000000000008593, 0.6671189302731397319, 1.372529207435400744 ) ) ;
#7044 = LINE ( 'NONE', #1506, #5413 ) ;
#7045 = VECTOR ( 'NONE', #1603, 1000.000000000000000 ) ;
#7046 = DIRECTION ( 'NONE',  ( 1.000000000000000000, 0.000000000000000000, 0.000000000000000000 ) ) ;
#7047 = ORIENTED_EDGE ( 'NONE', *, *, #5963, .T. ) ;
#7048 = EDGE_CURVE ( 'NONE', #1275, #3304, #6232, .T. ) ;
#7049 = EDGE_CURVE ( 'NONE', #6284, #1800, #6086, .T. ) ;
#7050 = ORIENTED_EDGE ( 'NONE', *, *, #6309, .F. ) ;
#7051 = DIRECTION ( 'NONE',  ( -1.000000000000000000, 0.000000000000000000, 0.000000000000000000 ) ) ;
#7052 = DIRECTION ( 'NONE',  ( 0.000000000000000000, 0.000000000000000000, -1.000000000000000000 ) ) ;
#7053 = AXIS2_PLACEMENT_3D ( 'NONE', #4074, #6263, #2345 ) ;
#7054 = CARTESIAN_POINT ( 'NONE',  ( -2.399999999999998579, 0.05000000000000012768, 1.370000000000002993 ) ) ;
#7055 = AXIS2_PLACEMENT_3D ( 'NONE', #142, #4192, #2878 ) ;
#7056 = EDGE_CURVE ( 'NONE', #2509, #575, #736, .T. ) ;
#7057 = CARTESIAN_POINT ( 'NONE',  ( 1.301042606982605321E-15, 0.7973286105690000625, 1.227404851197802849 ) ) ;
#7058 = ORIENTED_EDGE ( 'NONE', *, *, #1365, .F. ) ;
#7059 = LINE ( 'NONE', #3132, #3370 ) ;
#7060 = AXIS2_PLACEMENT_3D ( 'NONE', #624, #5506, #4502 ) ;
#7061 = CARTESIAN_POINT ( 'NONE',  ( -1.094999999999998863, 0.3211003463129999402, -2.300000000000228084 ) ) ;
#7062 = DIRECTION ( 'NONE',  ( -1.000000000000000000, 0.000000000000000000, 0.000000000000000000 ) ) ;
#7063 = AXIS2_PLACEMENT_3D ( 'NONE', #3397, #228, #625 ) ;
#7064 = EDGE_CURVE ( 'NONE', #4639, #3585, #5078, .T. ) ;
#7065 = CARTESIAN_POINT ( 'NONE',  ( -0.1004067291409988100, 0.1373467578910001763, -2.089999999999997193 ) ) ;
#7066 = ORIENTED_EDGE ( 'NONE', *, *, #852, .T. ) ;
#7067 = DIRECTION ( 'NONE',  ( -0.000000000000000000, -0.000000000000000000, -1.000000000000000000 ) ) ;
#7068 = ORIENTED_EDGE ( 'NONE', *, *, #3208, .F. ) ;
#7069 = PLANE ( 'NONE',  #1082 ) ;
#7070 = CARTESIAN_POINT ( 'NONE',  ( -0.4999999999999987232, 0.7455501731560001399, -2.299999999999997158 ) ) ;
#7071 = DIRECTION ( 'NONE',  ( -1.000000000000000000, 0.000000000000000000, 0.000000000000000000 ) ) ;
#7072 = ADVANCED_FACE ( 'NONE', ( #1269, #5149, #5003, #2925, #770, #153 ), #2959, .F. ) ;
#7073 = ORIENTED_EDGE ( 'NONE', *, *, #6433, .F. ) ;
#7074 = DIRECTION ( 'NONE',  ( -0.000000000000000000, 1.000000000000000000, -0.000000000000000000 ) ) ;
#7075 = ORIENTED_EDGE ( 'NONE', *, *, #1686, .T. ) ;
#7076 = LINE ( 'NONE', #995, #6346 ) ;
#7077 = ORIENTED_EDGE ( 'NONE', *, *, #5307, .F. ) ;
#7078 = PLANE ( 'NONE',  #4173 ) ;
#7079 = FACE_OUTER_BOUND ( 'NONE', #6688, .T. ) ;
#7080 = EDGE_CURVE ( 'NONE', #1637, #5452, #3958, .T. ) ;
#7081 = DIRECTION ( 'NONE',  ( -1.000000000000000000, 0.000000000000000000, 0.000000000000000000 ) ) ;
#7082 = EDGE_LOOP ( 'NONE', ( #5782, #784, #5682, #6860 ) ) ;
#7083 = VERTEX_POINT ( 'NONE', #1784 ) ;
#7084 = CARTESIAN_POINT ( 'NONE',  ( 2.800000000000001155, 1.659999999999999920, 1.400000000000002798 ) ) ;
#7085 = CARTESIAN_POINT ( 'NONE',  ( 1.301042606982605321E-15, 1.670000000000000151, -2.099999999999997868 ) ) ;
#7086 = LINE ( 'NONE', #3839, #2088 ) ;
#7087 = ADVANCED_FACE ( 'NONE', ( #700 ), #2813, .F. ) ;
#7088 = EDGE_CURVE ( 'NONE', #354, #2581, #4503, .T. ) ;
#7089 = CARTESIAN_POINT ( 'NONE',  ( -0.1049999999999987610, 0.1500000000000001887, -1.749999999999997113 ) ) ;
#7090 = ORIENTED_EDGE ( 'NONE', *, *, #3175, .F. ) ;
#7091 = DIRECTION ( 'NONE',  ( 0.000000000000000000, -0.05303311836778312055, -0.9985927540074525099 ) ) ;
#7092 = CARTESIAN_POINT ( 'NONE',  ( 2.444432617520201578, 0.1000000000000000472, -0.5449999999999972644 ) ) ;
#7093 = ADVANCED_FACE ( 'NONE', ( #4467 ), #3466, .F. ) ;
#7094 = LINE ( 'NONE', #2559, #1038 ) ;
#7095 = DIRECTION ( 'NONE',  ( 0.000000000000000000, -1.000000000000000000, 0.000000000000000000 ) ) ;
#7096 = VERTEX_POINT ( 'NONE', #3893 ) ;
#7097 = DIRECTION ( 'NONE',  ( -1.000000000000000000, 0.000000000000000000, 0.000000000000000000 ) ) ;
#7098 = EDGE_LOOP ( 'NONE', ( #2385, #1672, #2027, #1887 ) ) ;
#7099 = FACE_OUTER_BOUND ( 'NONE', #2981, .T. ) ;
#7100 = LINE ( 'NONE', #3716, #2807 ) ;
#7101 = EDGE_CURVE ( 'NONE', #6739, #5101, #1744, .T. ) ;
#7102 = PLANE ( 'NONE',  #911 ) ;
#7103 = VECTOR ( 'NONE', #1618, 1000.000000000000000 ) ;
#7104 = ORIENTED_EDGE ( 'NONE', *, *, #4002, .F. ) ;
#7105 = LINE ( 'NONE', #4870, #677 ) ;
#7106 = EDGE_LOOP ( 'NONE', ( #2326, #319, #1760, #670 ) ) ;
#7107 = LINE ( 'NONE', #2173, #30 ) ;
#7108 = ORIENTED_EDGE ( 'NONE', *, *, #5433, .F. ) ;
#7109 = DIRECTION ( 'NONE',  ( 0.000000000000000000, 0.000000000000000000, -1.000000000000000000 ) ) ;
#7110 = VECTOR ( 'NONE', #958, 1000.000000000000000 ) ;
#7111 = PLANE ( 'NONE',  #832 ) ;
#7112 = VECTOR ( 'NONE', #1132, 1000.000000000000000 ) ;
#7113 = CARTESIAN_POINT ( 'NONE',  ( -1.599999999999998090, 1.340000000000000080, 1.400000000000002798 ) ) ;
#7114 = VERTEX_POINT ( 'NONE', #6266 ) ;
#7115 = VECTOR ( 'NONE', #1698, 1000.000000000000000 ) ;
#7116 = ORIENTED_EDGE ( 'NONE', *, *, #6254, .T. ) ;
#7117 = DIRECTION ( 'NONE',  ( -1.000000000000000000, 0.000000000000000000, 0.000000000000000000 ) ) ;
#7118 = VECTOR ( 'NONE', #4516, 1000.000000000000000 ) ;
#7119 = DIRECTION ( 'NONE',  ( 1.000000000000000000, -0.000000000000000000, -0.000000000000000000 ) ) ;
#7120 = EDGE_CURVE ( 'NONE', #3852, #3937, #2523, .T. ) ;
#7121 = CARTESIAN_POINT ( 'NONE',  ( -0.4999999999999987232, 1.670000000000000151, -1.399999999999997247 ) ) ;
#7122 = AXIS2_PLACEMENT_3D ( 'NONE', #6802, #1941, #5108 ) ;
#7123 = VECTOR ( 'NONE', #6381, 1000.000000000000000 ) ;
#7124 = ORIENTED_EDGE ( 'NONE', *, *, #1475, .T. ) ;
#7125 = EDGE_LOOP ( 'NONE', ( #2045, #6227, #1634, #91, #5343, #4836 ) ) ;
#7126 = EDGE_CURVE ( 'NONE', #5517, #1869, #4717, .T. ) ;
#7127 = DIRECTION ( 'NONE',  ( -1.000000000000000000, 0.000000000000000000, 0.000000000000000000 ) ) ;
#7128 = DIRECTION ( 'NONE',  ( -0.000000000000000000, 0.4226182617254299889, -0.9063077870437702410 ) ) ;
ENDSEC;
END-ISO-10303-21;
