ISO-10303-21;
HEADER;
FILE_DESCRIPTION (( 'STEP AP214' ),
    '1' );
FILE_NAME ('reoriented-SFV5R-2STBE1HLF.STEP',
    '2023-07-28T09:52:22',
    ( '' ),
    ( '' ),
    'SwSTEP 2.0',
    'SolidWorks 2021',
    '' );
FILE_SCHEMA (( 'AUTOMOTIVE_DESIGN' ));
ENDSEC;

DATA;
#1 = LINE ( 'NONE', #3403, #668 ) ;
#2 = CARTESIAN_POINT ( 'NONE',  ( -1.301042606982605321E-15, 0.05000000000001530998, 1.370000000000002105 ) ) ;
#3 = ORIENTED_EDGE ( 'NONE', *, *, #813, .F. ) ;
#4 = EDGE_CURVE ( 'NONE', #1631, #5300, #3299, .T. ) ;
#5 = EDGE_CURVE ( 'NONE', #826, #3484, #872, .T. ) ;
#6 = VERTEX_POINT ( 'NONE', #4644 ) ;
#7 = VECTOR ( 'NONE', #5687, 1000.000000000000000 ) ;
#8 = ORIENTED_EDGE ( 'NONE', *, *, #3611, .F. ) ;
#9 = VECTOR ( 'NONE', #4659, 1000.000000000000000 ) ;
#10 = EDGE_CURVE ( 'NONE', #1536, #1145, #810, .T. ) ;
#11 = FACE_OUTER_BOUND ( 'NONE', #5037, .T. ) ;
#12 = DIRECTION ( 'NONE',  ( 0.000000000000000000, 0.000000000000000000, -1.000000000000000000 ) ) ;
#13 = PLANE ( 'NONE',  #3430 ) ;
#14 = DIRECTION ( 'NONE',  ( 0.000000000000000000, 0.4226182617420166654, 0.9063077870360357613 ) ) ;
#15 = EDGE_CURVE ( 'NONE', #5430, #2210, #2739, .T. ) ;
#16 = ORIENTED_EDGE ( 'NONE', *, *, #5027, .F. ) ;
#17 = DIRECTION ( 'NONE',  ( 0.000000000000000000, -1.000000000000000000, -0.000000000000000000 ) ) ;
#18 = FACE_OUTER_BOUND ( 'NONE', #191, .T. ) ;
#19 = CARTESIAN_POINT ( 'NONE',  ( 0.4999999999999987232, 0.1500000000000152878, -2.799999999999998490 ) ) ;
#20 = ORIENTED_EDGE ( 'NONE', *, *, #98, .T. ) ;
#21 = CARTESIAN_POINT ( 'NONE',  ( -0.5950000000000013056, 0.8061074182865152205, -1.899999999999998135 ) ) ;
#22 = ORIENTED_EDGE ( 'NONE', *, *, #2134, .T. ) ;
#23 = ORIENTED_EDGE ( 'NONE', *, *, #2231, .T. ) ;
#24 = DIRECTION ( 'NONE',  ( 0.000000000000000000, 0.000000000000000000, -1.000000000000000000 ) ) ;
#25 = CARTESIAN_POINT ( 'NONE',  ( -1.095000000000001306, 1.312198954710015242, -2.099999999999998757 ) ) ;
#26 = CARTESIAN_POINT ( 'NONE',  ( -3.150000000000201084, 0.2000000000000153044, -1.139999999999998126 ) ) ;
#27 = LINE ( 'NONE', #472, #3806 ) ;
#28 = ORIENTED_EDGE ( 'NONE', *, *, #5948, .T. ) ;
#29 = EDGE_CURVE ( 'NONE', #3082, #5621, #362, .T. ) ;
#30 = DIRECTION ( 'NONE',  ( 0.000000000000000000, 0.000000000000000000, -1.000000000000000000 ) ) ;
#31 = DIRECTION ( 'NONE',  ( 1.000000000000000000, 0.000000000000000000, 0.000000000000000000 ) ) ;
#32 = ORIENTED_EDGE ( 'NONE', *, *, #1108, .F. ) ;
#33 = EDGE_CURVE ( 'NONE', #1160, #336, #1814, .T. ) ;
#34 = VERTEX_POINT ( 'NONE', #1370 ) ;
#35 = FACE_OUTER_BOUND ( 'NONE', #5083, .T. ) ;
#36 = FACE_OUTER_BOUND ( 'NONE', #1307, .T. ) ;
#37 = CARTESIAN_POINT ( 'NONE',  ( -1.301042606982605321E-15, 1.870000000000015206, 1.200000000000001954 ) ) ;
#38 = LINE ( 'NONE', #4943, #1011 ) ;
#39 = ADVANCED_FACE ( 'NONE', ( #2294 ), #4745, .T. ) ;
#40 = ORIENTED_EDGE ( 'NONE', *, *, #1413, .F. ) ;
#41 = CARTESIAN_POINT ( 'NONE',  ( -0.5950000000000013056, 1.210000000000013953, -0.5999999999999980904 ) ) ;
#42 = DIRECTION ( 'NONE',  ( 0.000000000000000000, -0.05233595624306891514, -0.9986295347545672829 ) ) ;
#43 = LINE ( 'NONE', #1965, #249 ) ;
#44 = VECTOR ( 'NONE', #1241, 1000.000000000000000 ) ;
#45 = ORIENTED_EDGE ( 'NONE', *, *, #3531, .T. ) ;
#46 = CARTESIAN_POINT ( 'NONE',  ( 2.399999999999998579, 1.870000000000015206, 1.370000000000002105 ) ) ;
#47 = VERTEX_POINT ( 'NONE', #3206 ) ;
#48 = ORIENTED_EDGE ( 'NONE', *, *, #4244, .F. ) ;
#49 = LINE ( 'NONE', #3982, #5517 ) ;
#50 = LINE ( 'NONE', #1973, #2262 ) ;
#51 = CARTESIAN_POINT ( 'NONE',  ( 1.094999999999998863, 1.117991655295068387, 1.017369128957930968 ) ) ;
#52 = AXIS2_PLACEMENT_3D ( 'NONE', #487, #4825, #1392 ) ;
#53 = ORIENTED_EDGE ( 'NONE', *, *, #3576, .F. ) ;
#54 = EDGE_CURVE ( 'NONE', #1736, #1528, #6158, .T. ) ;
#55 = DIRECTION ( 'NONE',  ( 1.000000000000000000, 0.000000000000000000, 0.000000000000000000 ) ) ;
#56 = DIRECTION ( 'NONE',  ( -0.000000000000000000, -0.4226182617420166654, -0.9063077870360357613 ) ) ;
#57 = ORIENTED_EDGE ( 'NONE', *, *, #4844, .T. ) ;
#58 = EDGE_LOOP ( 'NONE', ( #1950, #5375, #5898, #4715, #6096, #5164, #1231, #4337, #216, #3254 ) ) ;
#59 = DIRECTION ( 'NONE',  ( -0.000000000000000000, 0.000000000000000000, -1.000000000000000000 ) ) ;
#60 = VECTOR ( 'NONE', #5025, 1000.000000000000000 ) ;
#61 = LINE ( 'NONE', #5350, #3422 ) ;
#62 = DIRECTION ( 'NONE',  ( 0.000000000000000000, 0.000000000000000000, -1.000000000000000000 ) ) ;
#63 = CARTESIAN_POINT ( 'NONE',  ( -1.720000000000001528, 0.9600000000000152856, 1.400000000000001910 ) ) ;
#64 = LINE ( 'NONE', #3000, #3024 ) ;
#65 = ORIENTED_EDGE ( 'NONE', *, *, #1105, .T. ) ;
#67 = EDGE_CURVE ( 'NONE', #2307, #5714, #6092, .T. ) ;
#66 = LINE ( 'NONE', #5743, #4782 ) ;
#68 = CARTESIAN_POINT ( 'NONE',  ( -1.500000000000001554, 1.870000000000015206, 1.200000000000001954 ) ) ;
#69 = EDGE_CURVE ( 'NONE', #4653, #5856, #1784, .T. ) ;
#70 = CARTESIAN_POINT ( 'NONE',  ( 1.369999999999998774, 0.9600000000000152856, -2.099999999999998757 ) ) ;
#71 = VERTEX_POINT ( 'NONE', #3174 ) ;
#72 = DIRECTION ( 'NONE',  ( 1.000000000000000000, 0.000000000000000000, -0.000000000000000000 ) ) ;
#73 = VECTOR ( 'NONE', #5525, 1000.000000000000000 ) ;
#74 = ORIENTED_EDGE ( 'NONE', *, *, #4654, .F. ) ;
#75 = EDGE_CURVE ( 'NONE', #4761, #1055, #6026, .T. ) ;
#76 = EDGE_LOOP ( 'NONE', ( #254, #6218, #2356, #1600, #6210, #6211, #5836, #1652, #431, #2076, #5144, #1871 ) ) ;
#77 = FACE_OUTER_BOUND ( 'NONE', #4412, .T. ) ;
#78 = DIRECTION ( 'NONE',  ( 0.000000000000000000, 1.000000000000000000, -0.000000000000000000 ) ) ;
#79 = AXIS2_PLACEMENT_3D ( 'NONE', #4637, #4201, #3629 ) ;
#80 = CARTESIAN_POINT ( 'NONE',  ( 0.09499999999999872435, 0.9600000000000152856, -2.099999999999998757 ) ) ;
#81 = AXIS2_PLACEMENT_3D ( 'NONE', #2791, #4673, #2221 ) ;
#82 = VECTOR ( 'NONE', #2771, 1000.000000000000000 ) ;
#83 = VERTEX_POINT ( 'NONE', #780 ) ;
#84 = LINE ( 'NONE', #2461, #4310 ) ;
#85 = DIRECTION ( 'NONE',  ( 0.000000000000000000, 0.000000000000000000, -1.000000000000000000 ) ) ;
#86 = ORIENTED_EDGE ( 'NONE', *, *, #5014, .F. ) ;
#87 = VECTOR ( 'NONE', #1555, 1000.000000000000000 ) ;
#88 = ORIENTED_EDGE ( 'NONE', *, *, #3650, .F. ) ;
#89 = EDGE_CURVE ( 'NONE', #3419, #4820, #6122, .T. ) ;
#90 = CARTESIAN_POINT ( 'NONE',  ( 0.09499999999999872435, 1.210000000000013953, -0.5999999999999980904 ) ) ;
#91 = CARTESIAN_POINT ( 'NONE',  ( -0.1050000000000013561, 0.2500000000000152656, -1.399999999999998135 ) ) ;
#92 = DIRECTION ( 'NONE',  ( 0.000000000000000000, 0.05303311836815849389, -0.9985927540074327480 ) ) ;
#93 = DIRECTION ( 'NONE',  ( 0.000000000000000000, 0.05233595624295860060, 0.9986295347545731671 ) ) ;
#94 = DIRECTION ( 'NONE',  ( 1.000000000000000000, 0.000000000000000000, -0.000000000000000000 ) ) ;
#95 = ORIENTED_EDGE ( 'NONE', *, *, #5157, .F. ) ;
#96 = AXIS2_PLACEMENT_3D ( 'NONE', #319, #5232, #4763 ) ;
#97 = VECTOR ( 'NONE', #1697, 1000.000000000000000 ) ;
#98 = EDGE_CURVE ( 'NONE', #5118, #5966, #2226, .T. ) ;
#99 = ORIENTED_EDGE ( 'NONE', *, *, #5682, .T. ) ;
#100 = EDGE_CURVE ( 'NONE', #5026, #4347, #5619, .T. ) ;
#101 = DIRECTION ( 'NONE',  ( -0.000000000000000000, 1.000000000000000000, 0.000000000000000000 ) ) ;
#102 = AXIS2_PLACEMENT_3D ( 'NONE', #1212, #4641, #328 ) ;
#103 = DIRECTION ( 'NONE',  ( -0.000000000000000000, 0.000000000000000000, -1.000000000000000000 ) ) ;
#104 = VERTEX_POINT ( 'NONE', #1309 ) ;
#105 = AXIS2_PLACEMENT_3D ( 'NONE', #1956, #3850, #6177 ) ;
#106 = LINE ( 'NONE', #639, #2097 ) ;
#107 = EDGE_CURVE ( 'NONE', #3248, #5621, #1340, .T. ) ;
#108 = ORIENTED_EDGE ( 'NONE', *, *, #4568, .T. ) ;
#109 = ORIENTED_EDGE ( 'NONE', *, *, #5150, .T. ) ;
#110 = DIRECTION ( 'NONE',  ( 0.000000000000000000, -1.000000000000000000, -0.000000000000000000 ) ) ;
#111 = CARTESIAN_POINT ( 'NONE',  ( 1.369999999999998774, 0.9600000000000152856, -2.099999999999998757 ) ) ;
#112 = LINE ( 'NONE', #3510, #5527 ) ;
#113 = DIRECTION ( 'NONE',  ( -0.000000000000000000, 0.000000000000000000, -1.000000000000000000 ) ) ;
#114 = AXIS2_PLACEMENT_3D ( 'NONE', #4503, #2681, #2111 ) ;
#115 = ORIENTED_EDGE ( 'NONE', *, *, #1218, .F. ) ;
#116 = EDGE_CURVE ( 'NONE', #2185, #4514, #938, .T. ) ;
#117 = CARTESIAN_POINT ( 'NONE',  ( -0.9050000000000012479, 0.8061074182865152205, -1.899999999999998135 ) ) ;
#118 = LINE ( 'NONE', #1474, #2789 ) ;
#119 = VERTEX_POINT ( 'NONE', #6219 ) ;
#120 = ORIENTED_EDGE ( 'NONE', *, *, #6019, .T. ) ;
#121 = CARTESIAN_POINT ( 'NONE',  ( -1.301042606982605321E-15, 1.203886659156015337, -0.5999999999999980904 ) ) ;
#122 = LINE ( 'NONE', #1633, #1311 ) ;
#123 = CARTESIAN_POINT ( 'NONE',  ( 0.3949999999999986300, 0.1500000000000152878, -1.749999999999998002 ) ) ;
#124 = PLANE ( 'NONE',  #612 ) ;
#125 = CARTESIAN_POINT ( 'NONE',  ( -0.09500000000000133338, 0.1920634580260152935, -1.899999999999998135 ) ) ;
#126 = EDGE_LOOP ( 'NONE', ( #5624, #28, #4432, #2649, #5333, #5850, #1348, #3306, #5754, #1845, #1200, #3068, #5928, #4404, #5459, #3519 ) ) ;
#127 = CARTESIAN_POINT ( 'NONE',  ( -2.444432617520201578, 0.09999999999996531108, -0.8999999999999980238 ) ) ;
#128 = CARTESIAN_POINT ( 'NONE',  ( -2.264432617520226732, 1.640000000000015445, -2.089999999999998082 ) ) ;
#129 = PLANE ( 'NONE',  #1899 ) ;
#130 = VECTOR ( 'NONE', #1968, 1000.000000000000000 ) ;
#131 = ORIENTED_EDGE ( 'NONE', *, *, #100, .F. ) ;
#132 = CARTESIAN_POINT ( 'NONE',  ( -1.370000000000001439, 1.870000000000015206, 1.734723475976807094E-15 ) ) ;
#133 = ORIENTED_EDGE ( 'NONE', *, *, #931, .F. ) ;
#134 = ORIENTED_EDGE ( 'NONE', *, *, #3744, .T. ) ;
#135 = CARTESIAN_POINT ( 'NONE',  ( -1.000000000000001332, 1.117991655294659825, 1.017369128957983371 ) ) ;
#136 = CARTESIAN_POINT ( 'NONE',  ( -0.8950000000000012390, 0.1500000000000152878, -1.399999999999998135 ) ) ;
#137 = VECTOR ( 'NONE', #5992, 1000.000000000000114 ) ;
#138 = LINE ( 'NONE', #1974, #5024 ) ;
#139 = CARTESIAN_POINT ( 'NONE',  ( 1.599999999999998090, 0.9600000000000152856, 1.370000000000002105 ) ) ;
#140 = ORIENTED_EDGE ( 'NONE', *, *, #5615, .T. ) ;
#141 = VECTOR ( 'NONE', #1520, 1000.000000000000000 ) ;
#142 = ORIENTED_EDGE ( 'NONE', *, *, #5288, .T. ) ;
#144 = CARTESIAN_POINT ( 'NONE',  ( -3.200000000000001510, 1.870000000000015206, -0.3649999999999977152 ) ) ;
#143 = AXIS2_PLACEMENT_3D ( 'NONE', #2449, #4357, #1523 ) ;
#145 = DIRECTION ( 'NONE',  ( 0.000000000000000000, -0.000000000000000000, 1.000000000000000000 ) ) ;
#146 = ORIENTED_EDGE ( 'NONE', *, *, #1234, .T. ) ;
#147 = VECTOR ( 'NONE', #1488, 1000.000000000000000 ) ;
#148 = EDGE_CURVE ( 'NONE', #2704, #4708, #1878, .T. ) ;
#149 = ORIENTED_EDGE ( 'NONE', *, *, #1990, .T. ) ;
#150 = CARTESIAN_POINT ( 'NONE',  ( -0.4050000000000013034, 1.117991655295068387, 1.017369128957930968 ) ) ;
#151 = CARTESIAN_POINT ( 'NONE',  ( 0.8992195656959984795, 0.1920634580262153002, -1.999999999999997335 ) ) ;
#152 = CARTESIAN_POINT ( 'NONE',  ( -4.000000000000001776, 0.2600000000000153300, 1.400000000000001910 ) ) ;
#153 = CARTESIAN_POINT ( 'NONE',  ( -1.301042606982605321E-15, 0.2500000000000152656, -2.099999999999998757 ) ) ;
#154 = DIRECTION ( 'NONE',  ( 0.000000000000000000, 1.000000000000000000, 0.000000000000000000 ) ) ;
#155 = AXIS2_PLACEMENT_3D ( 'NONE', #752, #1188, #175 ) ;
#156 = EDGE_LOOP ( 'NONE', ( #545, #2665, #2613, #5529, #4256, #3526, #4494, #16 ) ) ;
#157 = LINE ( 'NONE', #226, #4570 ) ;
#158 = LINE ( 'NONE', #3625, #4321 ) ;
#159 = PLANE ( 'NONE',  #5786 ) ;
#160 = CARTESIAN_POINT ( 'NONE',  ( -2.444432617520276629, 0.2000000000000153044, -0.1899999999999978928 ) ) ;
#161 = LINE ( 'NONE', #5957, #493 ) ;
#162 = ORIENTED_EDGE ( 'NONE', *, *, #1503, .T. ) ;
#163 = VERTEX_POINT ( 'NONE', #4835 ) ;
#164 = CARTESIAN_POINT ( 'NONE',  ( 1.789432617519999269, 1.820000000000015383, -0.1899999999999978928 ) ) ;
#165 = EDGE_CURVE ( 'NONE', #4994, #3228, #4777, .T. ) ;
#166 = PLANE ( 'NONE',  #5460 ) ;
#167 = CARTESIAN_POINT ( 'NONE',  ( -0.09500000000000133338, 0.09220050455074438323, -1.994766404375844626 ) ) ;
#168 = LINE ( 'NONE', #4931, #4313 ) ;
#169 = VECTOR ( 'NONE', #4122, 1000.000000000000000 ) ;
#170 = ORIENTED_EDGE ( 'NONE', *, *, #2744, .F. ) ;
#171 = VECTOR ( 'NONE', #5075, 1000.000000000000000 ) ;
#172 = CARTESIAN_POINT ( 'NONE',  ( -0.4050000000000013034, 0.2500000000000152656, -1.749999999999998002 ) ) ;
#173 = EDGE_CURVE ( 'NONE', #214, #1969, #3796, .T. ) ;
#174 = EDGE_LOOP ( 'NONE', ( #4660, #2125, #1935, #5249 ) ) ;
#175 = DIRECTION ( 'NONE',  ( 0.000000000000000000, -0.000000000000000000, 1.000000000000000000 ) ) ;
#176 = VECTOR ( 'NONE', #5072, 1000.000000000000000 ) ;
#177 = EDGE_CURVE ( 'NONE', #4597, #2165, #3418, .T. ) ;
#178 = ORIENTED_EDGE ( 'NONE', *, *, #1964, .T. ) ;
#179 = ADVANCED_FACE ( 'NONE', ( #1053 ), #2480, .F. ) ;
#180 = ADVANCED_FACE ( 'NONE', ( #5335 ), #1401, .T. ) ;
#181 = ORIENTED_EDGE ( 'NONE', *, *, #4734, .F. ) ;
#182 = EDGE_CURVE ( 'NONE', #3804, #977, #994, .T. ) ;
#183 = LINE ( 'NONE', #5558, #2086 ) ;
#184 = DIRECTION ( 'NONE',  ( 1.000000000000000000, -0.000000000000000000, 0.000000000000000000 ) ) ;
#185 = ORIENTED_EDGE ( 'NONE', *, *, #1223, .F. ) ;
#186 = DIRECTION ( 'NONE',  ( -0.000000000000000000, -0.000000000000000000, -1.000000000000000000 ) ) ;
#187 = DIRECTION ( 'NONE',  ( 1.000000000000000000, 0.000000000000000000, -0.000000000000000000 ) ) ;
#188 = ADVANCED_FACE ( 'NONE', ( #5747 ), #2861, .F. ) ;
#189 = LINE ( 'NONE', #1607, #1411 ) ;
#190 = AXIS2_PLACEMENT_3D ( 'NONE', #3247, #947, #3280 ) ;
#191 = EDGE_LOOP ( 'NONE', ( #1726, #4556, #4776, #4424, #5579, #1602, #4980, #5421, #2358 ) ) ;
#192 = EDGE_CURVE ( 'NONE', #3787, #1722, #1493, .T. ) ;
#193 = ORIENTED_EDGE ( 'NONE', *, *, #1186, .F. ) ;
#194 = PLANE ( 'NONE',  #1548 ) ;
#195 = LINE ( 'NONE', #4574, #699 ) ;
#196 = EDGE_CURVE ( 'NONE', #3960, #1145, #461, .T. ) ;
#197 = LINE ( 'NONE', #672, #3971 ) ;
#198 = DIRECTION ( 'NONE',  ( 1.000000000000000000, 0.000000000000000000, -0.000000000000000000 ) ) ;
#199 = ORIENTED_EDGE ( 'NONE', *, *, #384, .F. ) ;
#200 = AXIS2_PLACEMENT_3D ( 'NONE', #2015, #484, #5823 ) ;
#201 = CARTESIAN_POINT ( 'NONE',  ( -1.370000000000001439, 0.2800000000000153477, -2.089999999999998082 ) ) ;
#202 = VERTEX_POINT ( 'NONE', #3920 ) ;
#203 = DIRECTION ( 'NONE',  ( -0.000000000000000000, 1.000000000000000000, 0.000000000000000000 ) ) ;
#204 = VECTOR ( 'NONE', #4930, 1000.000000000000000 ) ;
#205 = AXIS2_PLACEMENT_3D ( 'NONE', #3032, #4126, #5035 ) ;
#206 = CARTESIAN_POINT ( 'NONE',  ( -3.844432617520301410, 1.530757942277971573E-14, -1.139999999999998126 ) ) ;
#207 = DIRECTION ( 'NONE',  ( -0.000000000000000000, -1.000000000000000000, -0.000000000000000000 ) ) ;
#208 = LINE ( 'NONE', #5521, #4800 ) ;
#209 = ORIENTED_EDGE ( 'NONE', *, *, #107, .T. ) ;
#210 = CARTESIAN_POINT ( 'NONE',  ( 1.104999999999998428, 0.1500000000000152878, -1.399999999999998135 ) ) ;
#211 = VERTEX_POINT ( 'NONE', #2389 ) ;
#212 = DIRECTION ( 'NONE',  ( 1.000000000000000000, 0.000000000000000000, -0.000000000000000000 ) ) ;
#213 = ORIENTED_EDGE ( 'NONE', *, *, #5552, .T. ) ;
#214 = VERTEX_POINT ( 'NONE', #4359 ) ;
#215 = EDGE_CURVE ( 'NONE', #1685, #1175, #5246, .T. ) ;
#216 = ORIENTED_EDGE ( 'NONE', *, *, #2706, .F. ) ;
#217 = DIRECTION ( 'NONE',  ( -0.000000000000000000, 1.000000000000000000, 0.000000000000000000 ) ) ;
#218 = PLANE ( 'NONE',  #2830 ) ;
#219 = ORIENTED_EDGE ( 'NONE', *, *, #4377, .F. ) ;
#220 = LINE ( 'NONE', #152, #3631 ) ;
#221 = EDGE_CURVE ( 'NONE', #5944, #3300, #4889, .T. ) ;
#222 = FACE_OUTER_BOUND ( 'NONE', #5003, .T. ) ;
#223 = PLANE ( 'NONE',  #2218 ) ;
#224 = VERTEX_POINT ( 'NONE', #3859 ) ;
#225 = ORIENTED_EDGE ( 'NONE', *, *, #5522, .F. ) ;
#226 = CARTESIAN_POINT ( 'NONE',  ( 3.149999999999998135, 3.531788576871530694E-14, -1.834999999999998188 ) ) ;
#227 = CARTESIAN_POINT ( 'NONE',  ( 2.799999999999998490, 0.2600000000000153300, 2.100000000000001865 ) ) ;
#228 = CARTESIAN_POINT ( 'NONE',  ( -3.200000000000001510, 0.05000000000001530998, -0.3649999999999977152 ) ) ;
#229 = DIRECTION ( 'NONE',  ( 1.000000000000000000, 0.000000000000000000, -0.000000000000000000 ) ) ;
#230 = LINE ( 'NONE', #5045, #5712 ) ;
#231 = ORIENTED_EDGE ( 'NONE', *, *, #935, .T. ) ;
#232 = VERTEX_POINT ( 'NONE', #5835 ) ;
#233 = CARTESIAN_POINT ( 'NONE',  ( 1.369999999999998774, 0.1650000000000153011, 0.05000000000000229955 ) ) ;
#234 = EDGE_CURVE ( 'NONE', #5273, #2954, #3887, .T. ) ;
#235 = DIRECTION ( 'NONE',  ( 0.000000000000000000, 0.9063077870360357613, -0.4226182617420166654 ) ) ;
#236 = VECTOR ( 'NONE', #1023, 1000.000000000000000 ) ;
#237 = CARTESIAN_POINT ( 'NONE',  ( -3.500000000000001332, 1.010000000000015330, 0.7000000000000020650 ) ) ;
#238 = DIRECTION ( 'NONE',  ( 0.000000000000000000, 0.000000000000000000, -1.000000000000000000 ) ) ;
#239 = EDGE_LOOP ( 'NONE', ( #2622, #3218, #3688, #5583, #2198, #330 ) ) ;
#240 = AXIS2_PLACEMENT_3D ( 'NONE', #3481, #1082, #4928 ) ;
#241 = PLANE ( 'NONE',  #447 ) ;
#242 = EDGE_CURVE ( 'NONE', #1144, #5502, #5806, .T. ) ;
#243 = ORIENTED_EDGE ( 'NONE', *, *, #1680, .F. ) ;
#244 = FACE_OUTER_BOUND ( 'NONE', #3337, .T. ) ;
#245 = VERTEX_POINT ( 'NONE', #966 ) ;
#246 = AXIS2_PLACEMENT_3D ( 'NONE', #2002, #3864, #4811 ) ;
#247 = DIRECTION ( 'NONE',  ( 1.000000000000000000, 0.000000000000000000, 0.000000000000000000 ) ) ;
#248 = DIRECTION ( 'NONE',  ( -0.000000000000000000, -0.000000000000000000, 1.000000000000000000 ) ) ;
#249 = VECTOR ( 'NONE', #3884, 1000.000000000000000 ) ;
#250 = SHAPE_DEFINITION_REPRESENTATION ( #3660, #4723 ) ;
#251 = FACE_OUTER_BOUND ( 'NONE', #3152, .T. ) ;
#252 = ORIENTED_EDGE ( 'NONE', *, *, #6230, .F. ) ;
#253 = EDGE_LOOP ( 'NONE', ( #5497, #4724, #2552, #1999, #3551, #635, #5684, #5158 ) ) ;
#254 = ORIENTED_EDGE ( 'NONE', *, *, #1514, .T. ) ;
#255 = DIRECTION ( 'NONE',  ( 0.000000000000000000, -0.05233595624306891514, -0.9986295347545672829 ) ) ;
#256 = PLANE ( 'NONE',  #798 ) ;
#257 = DIRECTION ( 'NONE',  ( 1.000000000000000000, 0.000000000000000000, -0.000000000000000000 ) ) ;
#258 = CARTESIAN_POINT ( 'NONE',  ( 0.09499999999999872435, 0.2762038896414996114, -2.300000000000002487 ) ) ;
#259 = ORIENTED_EDGE ( 'NONE', *, *, #4734, .T. ) ;
#260 = DIRECTION ( 'NONE',  ( 0.000000000000000000, -1.000000000000000000, -0.000000000000000000 ) ) ;
#261 = ORIENTED_EDGE ( 'NONE', *, *, #3432, .T. ) ;
#262 = ADVANCED_FACE ( 'NONE', ( #4806 ), #496, .F. ) ;
#263 = FACE_OUTER_BOUND ( 'NONE', #4532, .T. ) ;
#264 = EDGE_CURVE ( 'NONE', #3204, #47, #3134, .T. ) ;
#265 = CARTESIAN_POINT ( 'NONE',  ( -1.500000000000001554, 1.870000000000015206, 1.734723475976807094E-15 ) ) ;
#266 = VECTOR ( 'NONE', #4590, 1000.000000000000000 ) ;
#267 = LINE ( 'NONE', #2190, #4680 ) ;
#268 = EDGE_LOOP ( 'NONE', ( #2712, #4684, #1634, #6021 ) ) ;
#269 = EDGE_CURVE ( 'NONE', #616, #1536, #2638, .T. ) ;
#270 = ORIENTED_EDGE ( 'NONE', *, *, #4587, .T. ) ;
#271 = ORIENTED_EDGE ( 'NONE', *, *, #67, .F. ) ;
#272 = EDGE_CURVE ( 'NONE', #4604, #2662, #5009, .T. ) ;
#273 = LINE ( 'NONE', #210, #486 ) ;
#274 = ORIENTED_EDGE ( 'NONE', *, *, #5119, .T. ) ;
#275 = DIRECTION ( 'NONE',  ( 1.000000000000000000, 0.000000000000000000, 0.000000000000000000 ) ) ;
#276 = VERTEX_POINT ( 'NONE', #3979 ) ;
#277 = AXIS2_PLACEMENT_3D ( 'NONE', #5845, #3457, #30 ) ;
#278 = CARTESIAN_POINT ( 'NONE',  ( -3.144432617520201756, 0.09999999999996531108, -0.8999999999999980238 ) ) ;
#279 = VECTOR ( 'NONE', #3537, 1000.000000000000227 ) ;
#280 = DIRECTION ( 'NONE',  ( 1.000000000000000000, 0.000000000000000000, -0.000000000000000000 ) ) ;
#281 = DIRECTION ( 'NONE',  ( 0.000000000000000000, -0.05233595624306891514, -0.9986295347545672829 ) ) ;
#282 = EDGE_LOOP ( 'NONE', ( #4038, #5996, #3606, #4672 ) ) ;
#283 = AXIS2_PLACEMENT_3D ( 'NONE', #4685, #368, #3674 ) ;
#284 = ORIENTED_EDGE ( 'NONE', *, *, #2156, .F. ) ;
#285 = DIRECTION ( 'NONE',  ( 0.000000000000000000, 1.000000000000000000, 0.000000000000000000 ) ) ;
#286 = CARTESIAN_POINT ( 'NONE',  ( 0.5949999999999987521, 0.09220050455070533113, -1.994766404375998281 ) ) ;
#287 = VECTOR ( 'NONE', #5758, 1000.000000000000000 ) ;
#288 = DIRECTION ( 'NONE',  ( -0.000000000000000000, 1.000000000000000000, 0.000000000000000000 ) ) ;
#289 = LINE ( 'NONE', #4048, #1689 ) ;
#290 = VERTEX_POINT ( 'NONE', #1550 ) ;
#291 = LINE ( 'NONE', #3256, #1083 ) ;
#292 = PRODUCT ( 'reoriented-SFV5R-2STBE1HLF', 'reoriented-SFV5R-2STBE1HLF', '', ( #2242 ) ) ;
#293 = VERTEX_POINT ( 'NONE', #1112 ) ;
#294 = EDGE_CURVE ( 'NONE', #1663, #4035, #3597, .T. ) ;
#295 = VECTOR ( 'NONE', #2248, 1000.000000000000000 ) ;
#296 = DIRECTION ( 'NONE',  ( 0.000000000000000000, -0.000000000000000000, 1.000000000000000000 ) ) ;
#297 = DIRECTION ( 'NONE',  ( 0.000000000000000000, 0.05303311836815849389, -0.9985927540074327480 ) ) ;
#298 = LINE ( 'NONE', #237, #3331 ) ;
#299 = DIRECTION ( 'NONE',  ( 1.000000000000000000, 0.000000000000000000, -0.000000000000000000 ) ) ;
#300 = ORIENTED_EDGE ( 'NONE', *, *, #4426, .T. ) ;
#301 = EDGE_CURVE ( 'NONE', #4514, #1175, #230, .T. ) ;
#302 = DIRECTION ( 'NONE',  ( 0.000000000000000000, 0.000000000000000000, 1.000000000000000000 ) ) ;
#303 = ORIENTED_EDGE ( 'NONE', *, *, #4849, .F. ) ;
#304 = EDGE_CURVE ( 'NONE', #2053, #2742, #3476, .T. ) ;
#305 = AXIS2_PLACEMENT_3D ( 'NONE', #5463, #5436, #2621 ) ;
#306 = AXIS2_PLACEMENT_3D ( 'NONE', #315, #5534, #4595 ) ;
#307 = LINE ( 'NONE', #172, #5270 ) ;
#308 = EDGE_LOOP ( 'NONE', ( #5912, #659, #1470, #23 ) ) ;
#309 = DIRECTION ( 'NONE',  ( 0.000000000000000000, 0.000000000000000000, -1.000000000000000000 ) ) ;
#310 = EDGE_CURVE ( 'NONE', #2836, #5155, #2599, .T. ) ;
#311 = ORIENTED_EDGE ( 'NONE', *, *, #2618, .T. ) ;
#312 = LINE ( 'NONE', #6068, #4203 ) ;
#313 = CARTESIAN_POINT ( 'NONE',  ( -1.301042606982605321E-15, 1.870000000000015206, 0.05000000000000229955 ) ) ;
#314 = DIRECTION ( 'NONE',  ( 0.000000000000000000, 0.05303311836815849389, -0.9985927540074327480 ) ) ;
#315 = CARTESIAN_POINT ( 'NONE',  ( 0.4999999999999987232, 0.7942014221757153214, -2.299999999999998046 ) ) ;
#316 = ORIENTED_EDGE ( 'NONE', *, *, #1500, .F. ) ;
#317 = VERTEX_POINT ( 'NONE', #201 ) ;
#318 = ORIENTED_EDGE ( 'NONE', *, *, #4842, .F. ) ;
#319 = CARTESIAN_POINT ( 'NONE',  ( 0.5949999999999987521, 0.8061074182865152205, -0.6999999999999979572 ) ) ;
#320 = DIRECTION ( 'NONE',  ( 1.000000000000000000, 0.000000000000000000, -0.000000000000000000 ) ) ;
#321 = LINE ( 'NONE', #799, #3173 ) ;
#322 = LINE ( 'NONE', #6052, #1993 ) ;
#323 = ORIENTED_EDGE ( 'NONE', *, *, #2667, .T. ) ;
#324 = CARTESIAN_POINT ( 'NONE',  ( -0.9050000000000012479, 0.2500000000000152656, -2.099999999999998757 ) ) ;
#325 = ORIENTED_EDGE ( 'NONE', *, *, #4990, .F. ) ;
#326 = LINE ( 'NONE', #3258, #1282 ) ;
#327 = PLANE ( 'NONE',  #2467 ) ;
#328 = DIRECTION ( 'NONE',  ( 0.000000000000000000, 0.000000000000000000, -1.000000000000000000 ) ) ;
#329 = CARTESIAN_POINT ( 'NONE',  ( 0.4999999999999987232, 0.2762038896414153455, -2.299999999999998046 ) ) ;
#330 = ORIENTED_EDGE ( 'NONE', *, *, #1490, .T. ) ;
#331 = CARTESIAN_POINT ( 'NONE',  ( -2.582216308760601375, 0.2000000000000153044, -1.139999999999998126 ) ) ;
#332 = LINE ( 'NONE', #4178, #2052 ) ;
#333 = CARTESIAN_POINT ( 'NONE',  ( 1.599999999999998090, 0.8700000000000153166, 2.100000000000001865 ) ) ;
#334 = ORIENTED_EDGE ( 'NONE', *, *, #2963, .T. ) ;
#335 = PLANE ( 'NONE',  #4608 ) ;
#336 = VERTEX_POINT ( 'NONE', #3009 ) ;
#337 = VECTOR ( 'NONE', #4175, 1000.000000000000000 ) ;
#338 = LINE ( 'NONE', #3339, #3996 ) ;
#339 = EDGE_CURVE ( 'NONE', #1966, #4994, #3002, .T. ) ;
#340 = VECTOR ( 'NONE', #3542, 1000.000000000000000 ) ;
#341 = DIRECTION ( 'NONE',  ( -1.000000000000000000, -0.000000000000000000, -0.000000000000000000 ) ) ;
#342 = FACE_OUTER_BOUND ( 'NONE', #1395, .T. ) ;
#343 = VERTEX_POINT ( 'NONE', #4920 ) ;
#344 = EDGE_CURVE ( 'NONE', #2171, #6013, #2507, .T. ) ;
#345 = ORIENTED_EDGE ( 'NONE', *, *, #373, .T. ) ;
#346 = VERTEX_POINT ( 'NONE', #674 ) ;
#347 = ORIENTED_EDGE ( 'NONE', *, *, #4080, .T. ) ;
#348 = LINE ( 'NONE', #5604, #3515 ) ;
#349 = VECTOR ( 'NONE', #5832, 1000.000000000000000 ) ;
#350 = LINE ( 'NONE', #1832, #2208 ) ;
#351 = DIRECTION ( 'NONE',  ( -1.000000000000000000, -0.000000000000000000, -0.000000000000000000 ) ) ;
#352 = LINE ( 'NONE', #1426, #6134 ) ;
#353 = ORIENTED_EDGE ( 'NONE', *, *, #568, .T. ) ;
#354 = DIRECTION ( 'NONE',  ( 0.000000000000000000, -0.000000000000000000, 1.000000000000000000 ) ) ;
#355 = VECTOR ( 'NONE', #3203, 1000.000000000000000 ) ;
#356 = ORIENTED_EDGE ( 'NONE', *, *, #5109, .T. ) ;
#357 = PLANE ( 'NONE',  #1183 ) ;
#358 = DIRECTION ( 'NONE',  ( -0.000000000000000000, 1.000000000000000000, 0.000000000000000000 ) ) ;
#359 = DIRECTION ( 'NONE',  ( 1.000000000000000000, 0.000000000000000000, 0.000000000000000000 ) ) ;
#360 = DIRECTION ( 'NONE',  ( -0.000000000000000000, -0.02173399540922035106, -0.9997637888239161441 ) ) ;
#361 = VERTEX_POINT ( 'NONE', #2060 ) ;
#362 = LINE ( 'NONE', #400, #2046 ) ;
#363 = EDGE_CURVE ( 'NONE', #967, #317, #106, .T. ) ;
#364 = AXIS2_PLACEMENT_3D ( 'NONE', #4819, #3934, #5284 ) ;
#365 = DIRECTION ( 'NONE',  ( 1.000000000000000000, 0.000000000000000000, -0.000000000000000000 ) ) ;
#366 = CARTESIAN_POINT ( 'NONE',  ( -1.095000000000001306, 0.2499999999999153177, -2.799999999999998490 ) ) ;
#367 = ORIENTED_EDGE ( 'NONE', *, *, #5762, .F. ) ;
#368 = DIRECTION ( 'NONE',  ( 0.000000000000000000, 1.000000000000000000, 0.000000000000000000 ) ) ;
#369 = EDGE_LOOP ( 'NONE', ( #4319, #5849, #5133, #1418, #622, #4531, #1975, #4118, #1543 ) ) ;
#370 = EDGE_CURVE ( 'NONE', #6032, #773, #4075, .T. ) ;
#371 = ADVANCED_FACE ( 'NONE', ( #5420 ), #4049, .F. ) ;
#372 = LINE ( 'NONE', #4755, #787 ) ;
#373 = EDGE_CURVE ( 'NONE', #2172, #1017, #161, .T. ) ;
#374 = CARTESIAN_POINT ( 'NONE',  ( 3.749999999999999112, 0.2600000000000153300, 0.7000000000000020650 ) ) ;
#375 = CARTESIAN_POINT ( 'NONE',  ( 1.599999999999998090, 0.8700000000000153166, 0.9250000000000020428 ) ) ;
#376 = EDGE_LOOP ( 'NONE', ( #2100, #3701, #3019, #6076 ) ) ;
#377 = EDGE_CURVE ( 'NONE', #1495, #482, #2538, .T. ) ;
#378 = VECTOR ( 'NONE', #3277, 1000.000000000000000 ) ;
#379 = ADVANCED_FACE ( 'NONE', ( #1674 ), #5515, .F. ) ;
#380 = ORIENTED_EDGE ( 'NONE', *, *, #5983, .F. ) ;
#381 = AXIS2_PLACEMENT_3D ( 'NONE', #5171, #865, #4670 ) ;
#382 = AXIS2_PLACEMENT_3D ( 'NONE', #4237, #867, #4703 ) ;
#383 = DIRECTION ( 'NONE',  ( 1.000000000000000000, -0.000000000000000000, 0.000000000000000000 ) ) ;
#384 = EDGE_CURVE ( 'NONE', #2911, #3998, #1619, .T. ) ;
#385 = CARTESIAN_POINT ( 'NONE',  ( 2.582216308760998391, 1.530757942277971573E-14, -2.089999999999998082 ) ) ;
#386 = AXIS2_PLACEMENT_3D ( 'NONE', #3743, #5218, #1721 ) ;
#387 = CARTESIAN_POINT ( 'NONE',  ( -1.095000000000001306, 1.210000000000013953, -0.5999999999999980904 ) ) ;
#388 = CARTESIAN_POINT ( 'NONE',  ( 1.369999999999998774, 0.05000000000001530998, -2.099999999999998757 ) ) ;
#389 = ORIENTED_EDGE ( 'NONE', *, *, #4560, .F. ) ;
#390 = EDGE_CURVE ( 'NONE', #1885, #2227, #1142, .T. ) ;
#391 = CARTESIAN_POINT ( 'NONE',  ( 1.104999999999998428, 0.9600000000000152856, -2.099999999999998757 ) ) ;
#392 = VECTOR ( 'NONE', #4854, 1000.000000000000000 ) ;
#393 = ORIENTED_EDGE ( 'NONE', *, *, #5685, .F. ) ;
#394 = PLANE ( 'NONE',  #382 ) ;
#395 = CARTESIAN_POINT ( 'NONE',  ( -1.301042606982605321E-15, 0.1920634580258153146, -1.899999999999998135 ) ) ;
#396 = EDGE_CURVE ( 'NONE', #3802, #245, #6114, .T. ) ;
#397 = CARTESIAN_POINT ( 'NONE',  ( 1.719999999999998419, 0.9600000000000152856, 1.400000000000001910 ) ) ;
#398 = DIRECTION ( 'NONE',  ( 1.000000000000000000, 0.000000000000000000, 0.000000000000000000 ) ) ;
#399 = VERTEX_POINT ( 'NONE', #324 ) ;
#400 = CARTESIAN_POINT ( 'NONE',  ( 0.9049999999999986944, 0.8061074182865152205, -2.299999999999998046 ) ) ;
#401 = VECTOR ( 'NONE', #2908, 1000.000000000000000 ) ;
#402 = VERTEX_POINT ( 'NONE', #3658 ) ;
#403 = DIRECTION ( 'NONE',  ( -0.000000000000000000, 1.000000000000000000, 0.000000000000000000 ) ) ;
#404 = ADVANCED_FACE ( 'NONE', ( #6054 ), #2758, .T. ) ;
#405 = CARTESIAN_POINT ( 'NONE',  ( 0.5949999999999987521, 0.2499999999999479583, -2.800000000000000266 ) ) ;
#406 = DIRECTION ( 'NONE',  ( 1.000000000000000000, -0.000000000000000000, 0.000000000000000000 ) ) ;
#407 = ORIENTED_EDGE ( 'NONE', *, *, #3189, .F. ) ;
#408 = VECTOR ( 'NONE', #3491, 1000.000000000000000 ) ;
#409 = FACE_OUTER_BOUND ( 'NONE', #1134, .T. ) ;
#410 = AXIS2_PLACEMENT_3D ( 'NONE', #4840, #3424, #4364 ) ;
#411 = DIRECTION ( 'NONE',  ( -1.000000000000000000, -0.000000000000000000, 0.000000000000000000 ) ) ;
#412 = AXIS2_PLACEMENT_3D ( 'NONE', #1481, #1928, #2854 ) ;
#413 = DIRECTION ( 'NONE',  ( 0.000000000000000000, 1.000000000000000000, 0.000000000000000000 ) ) ;
#414 = EDGE_LOOP ( 'NONE', ( #149, #5286, #5777, #3836, #5163, #804, #5865, #231 ) ) ;
#415 = EDGE_CURVE ( 'NONE', #6172, #1095, #5544, .T. ) ;
#416 = VERTEX_POINT ( 'NONE', #4700 ) ;
#417 = CARTESIAN_POINT ( 'NONE',  ( -1.301042606982605321E-15, 1.640000000000015445, -2.099999999999998757 ) ) ;
#418 = LINE ( 'NONE', #3438, #4251 ) ;
#419 = AXIS2_PLACEMENT_3D ( 'NONE', #4407, #1573, #2969 ) ;
#420 = CARTESIAN_POINT ( 'NONE',  ( 0.4999999999999987232, 0.2631019448208152811, -2.549999999999998490 ) ) ;
#421 = CARTESIAN_POINT ( 'NONE',  ( 0.4999999999999987232, 1.185809608451015462, 1.162805198833802178 ) ) ;
#422 = VERTEX_POINT ( 'NONE', #2788 ) ;
#423 = LINE ( 'NONE', #2349, #4706 ) ;
#424 = ORIENTED_EDGE ( 'NONE', *, *, #5042, .F. ) ;
#425 = CARTESIAN_POINT ( 'NONE',  ( 1.094999999999998863, 0.09220050455070533113, -1.994766404375998281 ) ) ;
#426 = DIRECTION ( 'NONE',  ( 0.000000000000000000, 0.000000000000000000, -1.000000000000000000 ) ) ;
#427 = CARTESIAN_POINT ( 'NONE',  ( 3.844432617520032736, 2.279535067650773073E-14, -1.079999999971247293 ) ) ;
#428 = LINE ( 'NONE', #5587, #2574 ) ;
#429 = ORIENTED_EDGE ( 'NONE', *, *, #6113, .T. ) ;
#430 = CARTESIAN_POINT ( 'NONE',  ( -0.3950000000000012390, 0.1500000000000152878, -1.399999999999998135 ) ) ;
#431 = ORIENTED_EDGE ( 'NONE', *, *, #1925, .F. ) ;
#432 = EDGE_CURVE ( 'NONE', #3561, #104, #5141, .T. ) ;
#433 = ORIENTED_EDGE ( 'NONE', *, *, #2472, .T. ) ;
#434 = LINE ( 'NONE', #3703, #4465 ) ;
#435 = DIRECTION ( 'NONE',  ( 1.000000000000000000, 0.000000000000000000, -0.000000000000000000 ) ) ;
#436 = VERTEX_POINT ( 'NONE', #1836 ) ;
#437 = CARTESIAN_POINT ( 'NONE',  ( 0.1049999999999987610, 0.1500000000000152878, -1.399999999999998135 ) ) ;
#438 = ORIENTED_EDGE ( 'NONE', *, *, #5469, .T. ) ;
#439 = CARTESIAN_POINT ( 'NONE',  ( 1.369999999999998774, 1.870000000000015206, -2.099999999999998757 ) ) ;
#440 = ORIENTED_EDGE ( 'NONE', *, *, #5482, .T. ) ;
#441 = VECTOR ( 'NONE', #2952, 1000.000000000000000 ) ;
#442 = CARTESIAN_POINT ( 'NONE',  ( 2.444432617519998630, 0.2000000000000153044, -0.1899999999999978928 ) ) ;
#443 = FACE_OUTER_BOUND ( 'NONE', #2285, .T. ) ;
#444 = VERTEX_POINT ( 'NONE', #741 ) ;
#445 = ORIENTED_EDGE ( 'NONE', *, *, #1271, .F. ) ;
#446 = EDGE_CURVE ( 'NONE', #444, #3755, #1805, .T. ) ;
#447 = AXIS2_PLACEMENT_3D ( 'NONE', #3047, #3080, #4959 ) ;
#448 = LINE ( 'NONE', #417, #3616 ) ;
#449 = CARTESIAN_POINT ( 'NONE',  ( -1.301042606982605321E-15, 1.210000000000015286, -0.5999999999999980904 ) ) ;
#450 = CYLINDRICAL_SURFACE ( 'NONE', #105, 0.09999999999999982514 ) ;
#451 = DIRECTION ( 'NONE',  ( 0.000000000000000000, 0.9063077870360357613, -0.4226182617420166654 ) ) ;
#452 = VECTOR ( 'NONE', #2150, 1000.000000000000114 ) ;
#453 = VERTEX_POINT ( 'NONE', #2663 ) ;
#454 = AXIS2_PLACEMENT_3D ( 'NONE', #2183, #288, #4633 ) ;
#455 = CARTESIAN_POINT ( 'NONE',  ( 2.264432617519998914, 1.640000000000015445, -0.1899999999999978928 ) ) ;
#456 = CARTESIAN_POINT ( 'NONE',  ( -1.414432617521001578, 0.4425000000000153255, -1.489999999999997771 ) ) ;
#457 = CARTESIAN_POINT ( 'NONE',  ( 3.849999999999998312, 0.1000000000000453165, -1.399999999999998135 ) ) ;
#458 = EDGE_CURVE ( 'NONE', #5944, #709, #5581, .T. ) ;
#459 = ORIENTED_EDGE ( 'NONE', *, *, #3265, .F. ) ;
#460 = VECTOR ( 'NONE', #1995, 1000.000000000000000 ) ;
#461 = LINE ( 'NONE', #2451, #441 ) ;
#462 = EDGE_CURVE ( 'NONE', #6221, #3960, #1735, .T. ) ;
#463 = EDGE_CURVE ( 'NONE', #2798, #964, #291, .T. ) ;
#464 = ORIENTED_EDGE ( 'NONE', *, *, #2532, .T. ) ;
#465 = VERTEX_POINT ( 'NONE', #5671 ) ;
#466 = EDGE_CURVE ( 'NONE', #661, #3162, #1266, .T. ) ;
#467 = EDGE_CURVE ( 'NONE', #4496, #4322, #1773, .T. ) ;
#468 = CARTESIAN_POINT ( 'NONE',  ( -0.5000000000000013323, 0.1499999999999653277, -1.399999999999998135 ) ) ;
#469 = CARTESIAN_POINT ( 'NONE',  ( -3.750000000000001776, 1.010000000000015330, 0.7000000000000020650 ) ) ;
#470 = CARTESIAN_POINT ( 'NONE',  ( -1.095000000000001306, 0.8061074182865152205, -0.6999999999999979572 ) ) ;
#471 = EDGE_CURVE ( 'NONE', #2490, #577, #3690, .T. ) ;
#472 = CARTESIAN_POINT ( 'NONE',  ( 0.4999999999999987232, 0.05000000000000026645, -1.399999999999998135 ) ) ;
#473 = EDGE_CURVE ( 'NONE', #4062, #3841, #6084, .T. ) ;
#474 = EDGE_LOOP ( 'NONE', ( #53, #2268, #5363, #5507 ) ) ;
#475 = EDGE_CURVE ( 'NONE', #1722, #1063, #5610, .T. ) ;
#476 = AXIS2_PLACEMENT_3D ( 'NONE', #689, #626, #5432 ) ;
#477 = CARTESIAN_POINT ( 'NONE',  ( 0.9999999999999991118, 1.185809608451015462, 1.162805198833802178 ) ) ;
#478 = AXIS2_PLACEMENT_3D ( 'NONE', #2034, #3987, #4026 ) ;
#479 = LINE ( 'NONE', #3897, #975 ) ;
#480 = FACE_OUTER_BOUND ( 'NONE', #6025, .T. ) ;
#481 = ORIENTED_EDGE ( 'NONE', *, *, #2431, .F. ) ;
#482 = VERTEX_POINT ( 'NONE', #3195 ) ;
#483 = ORIENTED_EDGE ( 'NONE', *, *, #3811, .F. ) ;
#484 = DIRECTION ( 'NONE',  ( 1.000000000000000000, -0.000000000000000000, 0.000000000000000000 ) ) ;
#485 = PLANE ( 'NONE',  #419 ) ;
#486 = VECTOR ( 'NONE', #2196, 1000.000000000000000 ) ;
#487 = CARTESIAN_POINT ( 'NONE',  ( -2.444432617520201578, 0.09999999999996531108, -0.5449999999999981526 ) ) ;
#488 = CARTESIAN_POINT ( 'NONE',  ( -3.500000000000001332, 0.9600000000000152856, 1.400000000000001910 ) ) ;
#489 = ORIENTED_EDGE ( 'NONE', *, *, #3453, .T. ) ;
#490 = VECTOR ( 'NONE', #3014, 1000.000000000000000 ) ;
#491 = DIRECTION ( 'NONE',  ( 1.000000000000000000, 0.000000000000000000, -0.000000000000000000 ) ) ;
#492 = CARTESIAN_POINT ( 'NONE',  ( 0.4049999999999986944, 1.210000000000013953, -0.5999999999999980904 ) ) ;
#493 = VECTOR ( 'NONE', #5896, 1000.000000000000000 ) ;
#494 = CARTESIAN_POINT ( 'NONE',  ( -1.095000000000001306, 1.117991655295015319, 1.017369128958002023 ) ) ;
#495 = ORIENTED_EDGE ( 'NONE', *, *, #2141, .T. ) ;
#496 = PLANE ( 'NONE',  #4156 ) ;
#497 = EDGE_CURVE ( 'NONE', #416, #346, #3227, .T. ) ;
#498 = VECTOR ( 'NONE', #3307, 1000.000000000000000 ) ;
#499 = ORIENTED_EDGE ( 'NONE', *, *, #6200, .F. ) ;
#500 = FACE_OUTER_BOUND ( 'NONE', #4430, .T. ) ;
#501 = FACE_OUTER_BOUND ( 'NONE', #1024, .T. ) ;
#502 = CARTESIAN_POINT ( 'NONE',  ( -1.879432617520001347, 0.2000000000000153044, -0.1899999999999978928 ) ) ;
#503 = EDGE_CURVE ( 'NONE', #3289, #3484, #5104, .T. ) ;
#504 = DIRECTION ( 'NONE',  ( -1.000000000000000000, -0.000000000000000000, -0.000000000000000000 ) ) ;
#505 = ADVANCED_FACE ( 'NONE', ( #1707 ), #802, .T. ) ;
#506 = VECTOR ( 'NONE', #4339, 1000.000000000000000 ) ;
#507 = ORIENTED_EDGE ( 'NONE', *, *, #3777, .T. ) ;
#508 = DIRECTION ( 'NONE',  ( 1.000000000000000000, 0.000000000000000000, -0.000000000000000000 ) ) ;
#509 = ADVANCED_FACE ( 'NONE', ( #1331 ), #1238, .T. ) ;
#510 = CARTESIAN_POINT ( 'NONE',  ( 0.6049999999999987610, 0.05000000000001154910, -2.099999999999998757 ) ) ;
#511 = ORIENTED_EDGE ( 'NONE', *, *, #649, .F. ) ;
#512 = VECTOR ( 'NONE', #1941, 1000.000000000000000 ) ;
#513 = ORIENTED_EDGE ( 'NONE', *, *, #466, .F. ) ;
#514 = AXIS2_PLACEMENT_3D ( 'NONE', #544, #94, #2019 ) ;
#515 = CARTESIAN_POINT ( 'NONE',  ( -3.150000000000151346, -2.175180608549043271E-15, -2.089999999999998082 ) ) ;
#516 = DIRECTION ( 'NONE',  ( -0.000000000000000000, 1.000000000000000000, 0.000000000000000000 ) ) ;
#517 = CARTESIAN_POINT ( 'NONE',  ( -3.200000000000001510, 1.640000000000015445, -2.099999999999998757 ) ) ;
#518 = CARTESIAN_POINT ( 'NONE',  ( 1.599999999999998090, 0.05000000000001530998, 1.370000000000002105 ) ) ;
#519 = VERTEX_POINT ( 'NONE', #6179 ) ;
#520 = ORIENTED_EDGE ( 'NONE', *, *, #2464, .T. ) ;
#521 = CARTESIAN_POINT ( 'NONE',  ( 3.199999999999998845, 0.05000000000001530998, 0.05000000000000229955 ) ) ;
#522 = CARTESIAN_POINT ( 'NONE',  ( -1.600000000000001421, 0.1600000000000152967, 1.370000000000002105 ) ) ;
#523 = EDGE_CURVE ( 'NONE', #2982, #4446, #3788, .T. ) ;
#524 = DIRECTION ( 'NONE',  ( -0.000000000000000000, 1.000000000000000000, 0.000000000000000000 ) ) ;
#525 = ORIENTED_EDGE ( 'NONE', *, *, #1318, .F. ) ;
#526 = DIRECTION ( 'NONE',  ( 0.000000000000000000, 0.05233595624295860060, 0.9986295347545731671 ) ) ;
#527 = ORIENTED_EDGE ( 'NONE', *, *, #5030, .T. ) ;
#528 = ORIENTED_EDGE ( 'NONE', *, *, #2343, .F. ) ;
#529 = VERTEX_POINT ( 'NONE', #1870 ) ;
#530 = PLANE ( 'NONE',  #4518 ) ;
#531 = LINE ( 'NONE', #111, #1746 ) ;
#532 = CARTESIAN_POINT ( 'NONE',  ( 0.09499999999999872435, 0.1920634580262153002, -1.999999999999997335 ) ) ;
#533 = DIRECTION ( 'NONE',  ( 1.000000000000000000, 0.000000000000000000, -0.000000000000000000 ) ) ;
#534 = VERTEX_POINT ( 'NONE', #2825 ) ;
#535 = CARTESIAN_POINT ( 'NONE',  ( 2.549999999999998490, 0.8700000000000153166, 1.400000000000001910 ) ) ;
#536 = DIRECTION ( 'NONE',  ( 1.000000000000000000, 0.000000000000000000, 0.000000000000000000 ) ) ;
#537 = ORIENTED_EDGE ( 'NONE', *, *, #601, .F. ) ;
#538 = ORIENTED_EDGE ( 'NONE', *, *, #5859, .T. ) ;
#539 = EDGE_CURVE ( 'NONE', #3065, #2022, #423, .T. ) ;
#540 = CARTESIAN_POINT ( 'NONE',  ( 1.314432617519998514, 0.05000000000001530998, -0.1899999999999978928 ) ) ;
#541 = CARTESIAN_POINT ( 'NONE',  ( 0.4049999999999986944, 0.9600000000000152856, -2.099999999999998757 ) ) ;
#542 = FACE_OUTER_BOUND ( 'NONE', #6115, .T. ) ;
#543 = DIRECTION ( 'NONE',  ( 0.000000000000000000, 0.000000000000000000, -1.000000000000000000 ) ) ;
#544 = CARTESIAN_POINT ( 'NONE',  ( -3.500000000000001332, 1.010000000000015330, 1.050000000000001821 ) ) ;
#545 = ORIENTED_EDGE ( 'NONE', *, *, #1505, .F. ) ;
#546 = ORIENTED_EDGE ( 'NONE', *, *, #857, .F. ) ;
#547 = CARTESIAN_POINT ( 'NONE',  ( -4.000000000000001776, 1.760000000000015330, 1.400000000000001910 ) ) ;
#548 = LINE ( 'NONE', #5357, #2880 ) ;
#549 = LINE ( 'NONE', #1906, #4471 ) ;
#550 = VECTOR ( 'NONE', #5710, 1000.000000000000000 ) ;
#551 = VERTEX_POINT ( 'NONE', #5485 ) ;
#552 = CARTESIAN_POINT ( 'NONE',  ( 0.5949999999999987521, 1.117991655295015319, 1.017369128958002023 ) ) ;
#553 = EDGE_LOOP ( 'NONE', ( #3867, #4482, #4130, #3609 ) ) ;
#554 = ORIENTED_EDGE ( 'NONE', *, *, #1035, .F. ) ;
#555 = DIRECTION ( 'NONE',  ( 0.000000000000000000, -0.000000000000000000, 1.000000000000000000 ) ) ;
#556 = DIRECTION ( 'NONE',  ( -0.000000000000000000, -0.000000000000000000, -1.000000000000000000 ) ) ;
#557 = DIRECTION ( 'NONE',  ( 0.000000000000000000, 0.05233595624297854298, 0.9986295347545720569 ) ) ;
#558 = AXIS2_PLACEMENT_3D ( 'NONE', #3359, #4774, #2505 ) ;
#559 = ORIENTED_EDGE ( 'NONE', *, *, #2472, .F. ) ;
#560 = EDGE_CURVE ( 'NONE', #4567, #5258, #5872, .T. ) ;
#561 = CARTESIAN_POINT ( 'NONE',  ( -1.301042606982605321E-15, 0.5800000000000153921, 0.07500000000000214828 ) ) ;
#562 = CARTESIAN_POINT ( 'NONE',  ( 0.09499999999999872435, 1.185809608451015462, 1.162805198833802178 ) ) ;
#563 = EDGE_LOOP ( 'NONE', ( #1587, #1699, #1916, #3188, #1931, #1795, #2542, #2923 ) ) ;
#564 = EDGE_CURVE ( 'NONE', #2662, #3070, #4083, .T. ) ;
#565 = ADVANCED_FACE ( 'NONE', ( #3511 ), #5995, .F. ) ;
#566 = EDGE_LOOP ( 'NONE', ( #1065, #1708, #2465, #1332 ) ) ;
#567 = DIRECTION ( 'NONE',  ( 1.000000000000000000, 0.000000000000000000, -0.000000000000000000 ) ) ;
#568 = EDGE_CURVE ( 'NONE', #3243, #818, #1651, .T. ) ;
#569 = VECTOR ( 'NONE', #1657, 1000.000000000000000 ) ;
#570 = DIRECTION ( 'NONE',  ( 0.000000000000000000, 1.000000000000000000, 0.000000000000000000 ) ) ;
#571 = CARTESIAN_POINT ( 'NONE',  ( 0.9049999999999986944, 1.117991655295015319, 1.017369128958002023 ) ) ;
#572 = EDGE_CURVE ( 'NONE', #4972, #3994, #1085, .T. ) ;
#573 = CARTESIAN_POINT ( 'NONE',  ( -3.500000000000001332, 1.760000000000015330, 0.7000000000000020650 ) ) ;
#574 = LINE ( 'NONE', #5352, #3226 ) ;
#575 = ORIENTED_EDGE ( 'NONE', *, *, #2925, .F. ) ;
#576 = ORIENTED_EDGE ( 'NONE', *, *, #1578, .T. ) ;
#577 = VERTEX_POINT ( 'NONE', #5428 ) ;
#578 = DIRECTION ( 'NONE',  ( -0.000000000000000000, -0.000000000000000000, 1.000000000000000000 ) ) ;
#579 = ADVANCED_FACE ( 'NONE', ( #1682 ), #3017, .T. ) ;
#580 = LINE ( 'NONE', #2859, #3275 ) ;
#581 = ORIENTED_EDGE ( 'NONE', *, *, #4560, .T. ) ;
#582 = DIRECTION ( 'NONE',  ( 0.000000000000000000, -1.000000000000000000, -0.000000000000000000 ) ) ;
#583 = VECTOR ( 'NONE', #3514, 1000.000000000000000 ) ;
#584 = EDGE_LOOP ( 'NONE', ( #2732, #2884, #3136, #2412, #3861, #2446, #1729, #6103, #3809, #1527, #2106, #2374, #4938, #1060, #1316, #1325, #5960, #5046, #6173, #2482, #1887, #5214, #252, #4542, #5592, #2759, #880, #4084 ) ) ;
#585 = ORIENTED_EDGE ( 'NONE', *, *, #4393, .F. ) ;
#586 = EDGE_CURVE ( 'NONE', #2022, #2315, #168, .T. ) ;
#587 = DIRECTION ( 'NONE',  ( 0.000000000000000000, 0.000000000000000000, -1.000000000000000000 ) ) ;
#588 = CARTESIAN_POINT ( 'NONE',  ( -0.09500000000000133338, 1.117991655295015319, 1.017369128958002023 ) ) ;
#589 = VECTOR ( 'NONE', #716, 1000.000000000000000 ) ;
#590 = CARTESIAN_POINT ( 'NONE',  ( -3.844432617520201489, 0.09999999999996531108, -1.079999999999998073 ) ) ;
#591 = CARTESIAN_POINT ( 'NONE',  ( -2.264432617520226732, 1.820000000000015383, -0.1899999999999978928 ) ) ;
#592 = VECTOR ( 'NONE', #847, 1000.000000000000000 ) ;
#593 = VERTEX_POINT ( 'NONE', #2514 ) ;
#594 = CARTESIAN_POINT ( 'NONE',  ( 1.369999999999998774, 0.2800000000000152922, -1.024999999999998135 ) ) ;
#595 = LINE ( 'NONE', #562, #1471 ) ;
#596 = ORIENTED_EDGE ( 'NONE', *, *, #15, .F. ) ;
#597 = EDGE_LOOP ( 'NONE', ( #1002, #3944, #5761, #5969 ) ) ;
#598 = CARTESIAN_POINT ( 'NONE',  ( -1.301042606982605321E-15, 0.05000000000001530998, -2.099999999999998757 ) ) ;
#599 = LINE ( 'NONE', #3905, #2108 ) ;
#600 = LINE ( 'NONE', #5322, #4550 ) ;
#601 = EDGE_CURVE ( 'NONE', #5808, #6166, #620, .T. ) ;
#602 = DIRECTION ( 'NONE',  ( 1.000000000000000000, 0.000000000000000000, -0.000000000000000000 ) ) ;
#603 = DIRECTION ( 'NONE',  ( 0.000000000000000000, -0.000000000000000000, 1.000000000000000000 ) ) ;
#604 = ORIENTED_EDGE ( 'NONE', *, *, #3006, .F. ) ;
#605 = VECTOR ( 'NONE', #3285, 1000.000000000000000 ) ;
#606 = VECTOR ( 'NONE', #3619, 1000.000000000000000 ) ;
#607 = EDGE_LOOP ( 'NONE', ( #3765, #3293, #2737, #650 ) ) ;
#608 = LINE ( 'NONE', #127, #2566 ) ;
#609 = VECTOR ( 'NONE', #207, 1000.000000000000000 ) ;
#610 = CARTESIAN_POINT ( 'NONE',  ( -2.444432617520276629, 3.117081245895825248E-16, -0.8999999999999980238 ) ) ;
#611 = ORIENTED_EDGE ( 'NONE', *, *, #1772, .F. ) ;
#612 = AXIS2_PLACEMENT_3D ( 'NONE', #697, #4942, #5887 ) ;
#613 = DIRECTION ( 'NONE',  ( -0.000000000000000000, -0.000000000000000000, 1.000000000000000000 ) ) ;
#614 = ORIENTED_EDGE ( 'NONE', *, *, #3242, .F. ) ;
#615 = ORIENTED_EDGE ( 'NONE', *, *, #813, .T. ) ;
#616 = VERTEX_POINT ( 'NONE', #591 ) ;
#617 = CARTESIAN_POINT ( 'NONE',  ( -0.4050000000000013034, 0.2500000000000152656, -2.099999999999998757 ) ) ;
#618 = CARTESIAN_POINT ( 'NONE',  ( -2.550000000000001599, 0.8700000000000153166, 1.400000000000001910 ) ) ;
#619 = LINE ( 'NONE', #3927, #6132 ) ;
#620 = LINE ( 'NONE', #5965, #5103 ) ;
#621 = VECTOR ( 'NONE', #3054, 1000.000000000000000 ) ;
#622 = ORIENTED_EDGE ( 'NONE', *, *, #5952, .T. ) ;
#623 = EDGE_CURVE ( 'NONE', #3484, #211, #208, .T. ) ;
#624 = ORIENTED_EDGE ( 'NONE', *, *, #1358, .T. ) ;
#625 = DIRECTION ( 'NONE',  ( -0.000000000000000000, -1.000000000000000000, -0.000000000000000000 ) ) ;
#626 = DIRECTION ( 'NONE',  ( 0.000000000000000000, 1.000000000000000000, -0.000000000000000000 ) ) ;
#627 = EDGE_LOOP ( 'NONE', ( #1783, #669, #1561, #2500 ) ) ;
#628 = ORIENTED_EDGE ( 'NONE', *, *, #2634, .T. ) ;
#629 = CARTESIAN_POINT ( 'NONE',  ( -1.301042606982605321E-15, 0.2500000000000152656, -2.099999999999998757 ) ) ;
#630 = CARTESIAN_POINT ( 'NONE',  ( 0.9049999999999986944, 0.2500000000000152656, -1.749999999999998002 ) ) ;
#631 = CARTESIAN_POINT ( 'NONE',  ( -0.9050000000000012479, 0.9600000000000152856, -2.099999999999998757 ) ) ;
#632 = CARTESIAN_POINT ( 'NONE',  ( -1.370000000000001439, 1.640000000000015445, 0.05000000000000229955 ) ) ;
#633 = DIRECTION ( 'NONE',  ( 0.000000000000000000, 0.000000000000000000, -1.000000000000000000 ) ) ;
#634 = EDGE_CURVE ( 'NONE', #4055, #4454, #680, .T. ) ;
#635 = ORIENTED_EDGE ( 'NONE', *, *, #2973, .T. ) ;
#636 = CARTESIAN_POINT ( 'NONE',  ( -0.5000000000000013323, 0.09220050455076719831, -1.994766404376001612 ) ) ;
#637 = DIRECTION ( 'NONE',  ( -1.000000000000000000, -0.000000000000000000, -0.000000000000000000 ) ) ;
#638 = DIRECTION ( 'NONE',  ( 0.000000000000000000, 0.000000000000000000, -1.000000000000000000 ) ) ;
#639 = CARTESIAN_POINT ( 'NONE',  ( -1.370000000000001439, 0.2800000000000152922, -1.024999999999998135 ) ) ;
#640 = VERTEX_POINT ( 'NONE', #4423 ) ;
#641 = ORIENTED_EDGE ( 'NONE', *, *, #4652, .T. ) ;
#642 = LINE ( 'NONE', #2126, #4813 ) ;
#643 = CARTESIAN_POINT ( 'NONE',  ( 0.4999999999999987232, 0.2500000000000459077, -2.800000000000005596 ) ) ;
#644 = EDGE_CURVE ( 'NONE', #4454, #453, #2546, .T. ) ;
#645 = AXIS2_PLACEMENT_3D ( 'NONE', #1342, #5215, #2296 ) ;
#646 = DIRECTION ( 'NONE',  ( 0.000000000000000000, -1.000000000000000000, -0.000000000000000000 ) ) ;
#647 = DIRECTION ( 'NONE',  ( -0.000000000000000000, 1.000000000000000000, 0.000000000000000000 ) ) ;
#648 = ADVANCED_FACE ( 'NONE', ( #4451 ), #2099, .T. ) ;
#649 = EDGE_CURVE ( 'NONE', #773, #1714, #5902, .T. ) ;
#650 = ORIENTED_EDGE ( 'NONE', *, *, #6113, .F. ) ;
#651 = ADVANCED_FACE ( 'NONE', ( #2606 ), #4488, .F. ) ;
#652 = AXIS2_PLACEMENT_3D ( 'NONE', #2594, #3034, #5472 ) ;
#654 = CARTESIAN_POINT ( 'NONE',  ( 0.9049999999999986944, 0.1920634580262153002, -1.999999999999997335 ) ) ;
#653 = VECTOR ( 'NONE', #5198, 1000.000000000000000 ) ;
#655 = EDGE_CURVE ( 'NONE', #2185, #2172, #4956, .T. ) ;
#656 = EDGE_CURVE ( 'NONE', #4095, #3570, #2643, .T. ) ;
#657 = CARTESIAN_POINT ( 'NONE',  ( -1.600000000000001421, 1.870000000000015206, 1.734723475976807094E-15 ) ) ;
#658 = EDGE_CURVE ( 'NONE', #950, #2165, #4985, .T. ) ;
#659 = ORIENTED_EDGE ( 'NONE', *, *, #396, .F. ) ;
#660 = AXIS2_PLACEMENT_3D ( 'NONE', #5676, #3762, #6214 ) ;
#661 = VERTEX_POINT ( 'NONE', #4666 ) ;
#662 = ADVANCED_FACE ( 'NONE', ( #3286 ), #5166, .F. ) ;
#663 = DIRECTION ( 'NONE',  ( 0.000000000000000000, 0.000000000000000000, 1.000000000000000000 ) ) ;
#664 = CARTESIAN_POINT ( 'NONE',  ( -1.879432617520001347, 0.09999999999996531108, -0.1899999999999978928 ) ) ;
#665 = CARTESIAN_POINT ( 'NONE',  ( -1.514432617520001578, 0.2800000000000152922, -1.024999999999998135 ) ) ;
#666 = FILL_AREA_STYLE ('',( #2083 ) ) ;
#667 = DIRECTION ( 'NONE',  ( 0.000000000000000000, -0.000000000000000000, 1.000000000000000000 ) ) ;
#668 = VECTOR ( 'NONE', #4790, 1000.000000000000000 ) ;
#669 = ORIENTED_EDGE ( 'NONE', *, *, #4387, .F. ) ;
#670 = CARTESIAN_POINT ( 'NONE',  ( -1.301042606982605321E-15, 0.8700000000000153166, 2.100000000000001865 ) ) ;
#671 = DIRECTION ( 'NONE',  ( 0.000000000000000000, -0.000000000000000000, 1.000000000000000000 ) ) ;
#672 = CARTESIAN_POINT ( 'NONE',  ( 0.3949999999999986300, 0.2500000000000152656, -1.749999999999998002 ) ) ;
#673 = PLANE ( 'NONE',  #1086 ) ;
#674 = CARTESIAN_POINT ( 'NONE',  ( 1.094999999999998863, 0.2500000000000152656, -1.899999999999998135 ) ) ;
#675 = ORIENTED_EDGE ( 'NONE', *, *, #503, .T. ) ;
#676 = ORIENTED_EDGE ( 'NONE', *, *, #2740, .T. ) ;
#677 = CARTESIAN_POINT ( 'NONE',  ( -1.301042606982605321E-15, 1.260000000000015330, 2.100000000000001865 ) ) ;
#678 = LINE ( 'NONE', #618, #2870 ) ;
#679 = CARTESIAN_POINT ( 'NONE',  ( -1.095000000000001306, 1.312198954710015242, -2.119999999999997886 ) ) ;
#680 = LINE ( 'NONE', #1214, #1780 ) ;
#681 = AXIS2_PLACEMENT_3D ( 'NONE', #1533, #2432, #2936 ) ;
#682 = ADVANCED_FACE ( 'NONE', ( #4764 ), #2754, .F. ) ;
#683 = ORIENTED_EDGE ( 'NONE', *, *, #5694, .T. ) ;
#684 = EDGE_CURVE ( 'NONE', #5538, #3886, #3752, .T. ) ;
#685 = VECTOR ( 'NONE', #5899, 1000.000000000000000 ) ;
#686 = CARTESIAN_POINT ( 'NONE',  ( -3.850000000000151523, 3.117081245895825248E-16, -1.579999999999998073 ) ) ;
#687 = AXIS2_PLACEMENT_3D ( 'NONE', #4513, #198, #2123 ) ;
#688 = ORIENTED_EDGE ( 'NONE', *, *, #1146, .T. ) ;
#689 = CARTESIAN_POINT ( 'NONE',  ( 2.582216308760998391, 0.2000000000000153044, -1.139999999999998126 ) ) ;
#690 = ORIENTED_EDGE ( 'NONE', *, *, #5380, .T. ) ;
#691 = VERTEX_POINT ( 'NONE', #2379 ) ;
#692 = ADVANCED_FACE ( 'NONE', ( #3347 ), #5262, .T. ) ;
#693 = CARTESIAN_POINT ( 'NONE',  ( -1.600000000000001421, 0.05000000000001530998, -0.3649999999999977152 ) ) ;
#694 = FACE_OUTER_BOUND ( 'NONE', #1938, .T. ) ;
#695 = ORIENTED_EDGE ( 'NONE', *, *, #4252, .F. ) ;
#696 = FACE_OUTER_BOUND ( 'NONE', #553, .T. ) ;
#697 = CARTESIAN_POINT ( 'NONE',  ( -1.301042606982605321E-15, 0.5800000000000153921, 0.07500000000000214828 ) ) ;
#698 = LINE ( 'NONE', #728, #97 ) ;
#699 = VECTOR ( 'NONE', #2723, 1000.000000000000000 ) ;
#700 = ORIENTED_EDGE ( 'NONE', *, *, #3903, .F. ) ;
#701 = ORIENTED_EDGE ( 'NONE', *, *, #2445, .T. ) ;
#702 = DIRECTION ( 'NONE',  ( 0.000000000000000000, 1.000000000000000000, 0.000000000000000000 ) ) ;
#703 = DIRECTION ( 'NONE',  ( 0.000000000000000000, -0.05303311836815174929, 0.9985927540074329700 ) ) ;
#704 = LINE ( 'NONE', #5955, #2167 ) ;
#705 = CARTESIAN_POINT ( 'NONE',  ( -1.600000000000001421, 0.5800000000000153921, 1.370000000000002105 ) ) ;
#706 = VECTOR ( 'NONE', #5290, 1000.000000000000000 ) ;
#707 = CARTESIAN_POINT ( 'NONE',  ( 1.599999999999998090, 0.9600000000000152856, 1.200000000000001954 ) ) ;
#708 = VERTEX_POINT ( 'NONE', #4293 ) ;
#709 = VERTEX_POINT ( 'NONE', #6207 ) ;
#710 = CARTESIAN_POINT ( 'NONE',  ( 0.6049999999999987610, 0.9600000000000152856, -2.099999999999998757 ) ) ;
#711 = VECTOR ( 'NONE', #1740, 1000.000000000000000 ) ;
#712 = AXIS2_PLACEMENT_3D ( 'NONE', #421, #451, #14 ) ;
#713 = CARTESIAN_POINT ( 'NONE',  ( -0.4050000000000013034, 0.2500000000000152656, -1.899999999999998135 ) ) ;
#714 = LINE ( 'NONE', #5520, #711 ) ;
#715 = STYLED_ITEM ( 'NONE', ( #3468 ), #6171 ) ;
#716 = DIRECTION ( 'NONE',  ( -0.000000000000000000, -0.000000000000000000, -1.000000000000000000 ) ) ;
#717 = ORIENTED_EDGE ( 'NONE', *, *, #458, .F. ) ;
#718 = CARTESIAN_POINT ( 'NONE',  ( 2.549999999999998490, 0.5800000000000153921, 1.400000000000001910 ) ) ;
#719 = VECTOR ( 'NONE', #5532, 1000.000000000000000 ) ;
#720 = ORIENTED_EDGE ( 'NONE', *, *, #3432, .F. ) ;
#721 = DIRECTION ( 'NONE',  ( 0.000000000000000000, 0.000000000000000000, 1.000000000000000000 ) ) ;
#722 = EDGE_LOOP ( 'NONE', ( #6192, #5180, #2453, #4591 ) ) ;
#723 = EDGE_LOOP ( 'NONE', ( #5545, #4127, #5080, #2547 ) ) ;
#724 = DIRECTION ( 'NONE',  ( 0.000000000000000000, 0.000000000000000000, -1.000000000000000000 ) ) ;
#725 = DIRECTION ( 'NONE',  ( 1.000000000000000000, 0.000000000000000000, -0.000000000000000000 ) ) ;
#726 = ORIENTED_EDGE ( 'NONE', *, *, #1119, .F. ) ;
#727 = LINE ( 'NONE', #665, #3936 ) ;
#728 = CARTESIAN_POINT ( 'NONE',  ( -1.301042606982605321E-15, 1.312198954710015242, -2.299999999999998046 ) ) ;
#729 = ORIENTED_EDGE ( 'NONE', *, *, #4377, .T. ) ;
#730 = EDGE_CURVE ( 'NONE', #1690, #3782, #2784, .T. ) ;
#731 = ORIENTED_EDGE ( 'NONE', *, *, #446, .T. ) ;
#732 = ADVANCED_FACE ( 'NONE', ( #5666 ), #2345, .T. ) ;
#733 = ORIENTED_EDGE ( 'NONE', *, *, #192, .T. ) ;
#734 = CARTESIAN_POINT ( 'NONE',  ( -0.5000000000000013323, 1.178400759486015303, -0.1201105361599980048 ) ) ;
#735 = ADVANCED_FACE ( 'NONE', ( #2310 ), #3822, .T. ) ;
#736 = DIRECTION ( 'NONE',  ( -0.000000000000000000, 0.000000000000000000, 1.000000000000000000 ) ) ;
#737 = EDGE_CURVE ( 'NONE', #83, #2473, #5638, .T. ) ;
#738 = CARTESIAN_POINT ( 'NONE',  ( -1.301042606982605321E-15, 0.8700000000000153166, -0.2499999999999980571 ) ) ;
#739 = FACE_OUTER_BOUND ( 'NONE', #1545, .T. ) ;
#740 = EDGE_LOOP ( 'NONE', ( #3758, #5990, #885, #5805, #5217, #2370, #5102, #5910 ) ) ;
#741 = CARTESIAN_POINT ( 'NONE',  ( -1.314432617520001179, 0.05000000000001530998, -0.1899999999999978928 ) ) ;
#742 = ORIENTED_EDGE ( 'NONE', *, *, #2503, .T. ) ;
#743 = CARTESIAN_POINT ( 'NONE',  ( -1.600000000000001421, 0.9600000000000152856, 1.285000000000002141 ) ) ;
#744 = FACE_OUTER_BOUND ( 'NONE', #4638, .T. ) ;
#745 = VECTOR ( 'NONE', #5589, 999.9999999999998863 ) ;
#746 = LINE ( 'NONE', #1712, #4233 ) ;
#747 = EDGE_LOOP ( 'NONE', ( #2926, #4924, #5446, #4335 ) ) ;
#748 = ORIENTED_EDGE ( 'NONE', *, *, #3127, .T. ) ;
#749 = VECTOR ( 'NONE', #4982, 1000.000000000000000 ) ;
#750 = CARTESIAN_POINT ( 'NONE',  ( 3.849999999999998312, 2.531612072753652853E-14, -1.489999999999997771 ) ) ;
#751 = ORIENTED_EDGE ( 'NONE', *, *, #1944, .F. ) ;
#752 = CARTESIAN_POINT ( 'NONE',  ( 0.9999999999999991118, 0.2500000000000152656, -1.749999999999998002 ) ) ;
#753 = EDGE_CURVE ( 'NONE', #1536, #5226, #5137, .T. ) ;
#754 = ORIENTED_EDGE ( 'NONE', *, *, #3278, .T. ) ;
#755 = VECTOR ( 'NONE', #4772, 1000.000000000000000 ) ;
#756 = VECTOR ( 'NONE', #5474, 1000.000000000000000 ) ;
#757 = DIRECTION ( 'NONE',  ( 1.000000000000000000, 0.000000000000000000, -0.000000000000000000 ) ) ;
#758 = EDGE_CURVE ( 'NONE', #4055, #4498, #5605, .T. ) ;
#759 = FACE_OUTER_BOUND ( 'NONE', #4143, .T. ) ;
#760 = AXIS2_PLACEMENT_3D ( 'NONE', #1522, #5803, #1457 ) ;
#761 = FACE_OUTER_BOUND ( 'NONE', #3954, .T. ) ;
#762 = VERTEX_POINT ( 'NONE', #4696 ) ;
#763 = EDGE_CURVE ( 'NONE', #4347, #1279, #350, .T. ) ;
#764 = ORIENTED_EDGE ( 'NONE', *, *, #5841, .T. ) ;
#765 = EDGE_CURVE ( 'NONE', #1300, #3580, #2282, .T. ) ;
#766 = DIRECTION ( 'NONE',  ( 1.000000000000000000, 0.000000000000000000, 0.000000000000000000 ) ) ;
#767 = CARTESIAN_POINT ( 'NONE',  ( -0.8950000000000012390, 0.05000000000000778821, -1.399999999999998135 ) ) ;
#768 = EDGE_CURVE ( 'NONE', #1175, #4991, #4196, .T. ) ;
#769 = CARTESIAN_POINT ( 'NONE',  ( -0.5950000000000013056, 0.9650000000000152900, -0.5999999999999980904 ) ) ;
#770 = LINE ( 'NONE', #4102, #3498 ) ;
#771 = ORIENTED_EDGE ( 'NONE', *, *, #1412, .F. ) ;
#772 = DIRECTION ( 'NONE',  ( 1.000000000000000000, -0.000000000000000000, 0.000000000000000000 ) ) ;
#773 = VERTEX_POINT ( 'NONE', #6080 ) ;
#774 = DIRECTION ( 'NONE',  ( 0.000000000000000000, 0.9985927540074329700, 0.05303311836815174929 ) ) ;
#775 = CARTESIAN_POINT ( 'NONE',  ( 0.9049999999999986944, 1.117991655295210496, 1.017369128957864799 ) ) ;
#776 = EDGE_CURVE ( 'NONE', #3630, #3194, #1327, .T. ) ;
#777 = DIRECTION ( 'NONE',  ( -0.000000000000000000, 1.000000000000000000, 0.000000000000000000 ) ) ;
#778 = LINE ( 'NONE', #1841, #2068 ) ;
#779 = ORIENTED_EDGE ( 'NONE', *, *, #5316, .F. ) ;
#780 = CARTESIAN_POINT ( 'NONE',  ( -0.8950000000000012390, 0.05000000000001154910, -2.099999999999998757 ) ) ;
#781 = ORIENTED_EDGE ( 'NONE', *, *, #2892, .T. ) ;
#782 = DIRECTION ( 'NONE',  ( -0.000000000000000000, -1.000000000000000000, -0.000000000000000000 ) ) ;
#783 = VECTOR ( 'NONE', #2007, 1000.000000000000000 ) ;
#784 = ORIENTED_EDGE ( 'NONE', *, *, #3633, .F. ) ;
#785 = CARTESIAN_POINT ( 'NONE',  ( -0.3950000000000012390, 0.05000000000000778821, -1.399999999999998135 ) ) ;
#786 = ORIENTED_EDGE ( 'NONE', *, *, #2892, .F. ) ;
#787 = VECTOR ( 'NONE', #1792, 1000.000000000000000 ) ;
#788 = FACE_OUTER_BOUND ( 'NONE', #1434, .T. ) ;
#789 = VECTOR ( 'NONE', #897, 999.9999999999998863 ) ;
#790 = LINE ( 'NONE', #3711, #2534 ) ;
#791 = DIRECTION ( 'NONE',  ( 0.000000000000000000, 0.000000000000000000, -1.000000000000000000 ) ) ;
#792 = ORIENTED_EDGE ( 'NONE', *, *, #1298, .T. ) ;
#793 = VECTOR ( 'NONE', #800, 1000.000000000000000 ) ;
#794 = ORIENTED_EDGE ( 'NONE', *, *, #5694, .F. ) ;
#795 = VERTEX_POINT ( 'NONE', #4728 ) ;
#796 = CARTESIAN_POINT ( 'NONE',  ( -3.200000000000001510, 0.2800000000000152922, -1.024999999999998135 ) ) ;
#797 = PLANE ( 'NONE',  #2202 ) ;
#798 = AXIS2_PLACEMENT_3D ( 'NONE', #5006, #3191, #671 ) ;
#799 = CARTESIAN_POINT ( 'NONE',  ( -2.285000000000001474, 1.640000000000015445, -0.1899999999999978928 ) ) ;
#800 = DIRECTION ( 'NONE',  ( 0.000000000000000000, 1.000000000000000000, 0.000000000000000000 ) ) ;
#801 = ORIENTED_EDGE ( 'NONE', *, *, #4864, .T. ) ;
#802 = PLANE ( 'NONE',  #79 ) ;
#803 = ORIENTED_EDGE ( 'NONE', *, *, #2350, .F. ) ;
#804 = ORIENTED_EDGE ( 'NONE', *, *, #3611, .T. ) ;
#805 = FACE_OUTER_BOUND ( 'NONE', #4628, .T. ) ;
#806 = CARTESIAN_POINT ( 'NONE',  ( -3.850000000000201261, 0.2000000000000153044, -1.139999999999998126 ) ) ;
#807 = CARTESIAN_POINT ( 'NONE',  ( 1.719999999999998419, 0.8700000000000153166, 0.9250000000000020428 ) ) ;
#808 = PLANE ( 'NONE',  #1159 ) ;
#809 = VERTEX_POINT ( 'NONE', #924 ) ;
#810 = LINE ( 'NONE', #2703, #1443 ) ;
#811 = AXIS2_PLACEMENT_3D ( 'NONE', #151, #1572, #5154 ) ;
#812 = AXIS2_PLACEMENT_3D ( 'NONE', #2306, #1417, #3342 ) ;
#813 = EDGE_CURVE ( 'NONE', #2463, #5857, #1767, .T. ) ;
#814 = LINE ( 'NONE', #2330, #3165 ) ;
#815 = EDGE_LOOP ( 'NONE', ( #311, #2644, #3767, #4305, #5941, #4258 ) ) ;
#816 = DIRECTION ( 'NONE',  ( 1.000000000000000000, 0.000000000000000000, -0.000000000000000000 ) ) ;
#817 = EDGE_CURVE ( 'NONE', #4793, #4761, #418, .T. ) ;
#818 = VERTEX_POINT ( 'NONE', #5886 ) ;
#819 = VECTOR ( 'NONE', #187, 1000.000000000000000 ) ;
#820 = CARTESIAN_POINT ( 'NONE',  ( -1.301042606982605321E-15, 0.9600000000000152856, 1.200000000000001954 ) ) ;
#821 = CARTESIAN_POINT ( 'NONE',  ( 2.232216308760998746, 1.820000000000015383, -2.089999999999998082 ) ) ;
#822 =( LENGTH_UNIT ( ) NAMED_UNIT ( * ) SI_UNIT ( .MILLI., .METRE. ) );
#823 = LINE ( 'NONE', #6169, #2610 ) ;
#824 = ORIENTED_EDGE ( 'NONE', *, *, #3157, .F. ) ;
#825 = ORIENTED_EDGE ( 'NONE', *, *, #4274, .T. ) ;
#826 = VERTEX_POINT ( 'NONE', #5796 ) ;
#827 = CARTESIAN_POINT ( 'NONE',  ( -0.5000000000000013323, 1.312198954710015242, -2.119999999999997886 ) ) ;
#828 = DIRECTION ( 'NONE',  ( -0.000000000000000000, -1.000000000000000000, 0.000000000000000000 ) ) ;
#829 = PLANE ( 'NONE',  #5680 ) ;
#830 = LINE ( 'NONE', #1929, #2935 ) ;
#831 = ORIENTED_EDGE ( 'NONE', *, *, #4656, .T. ) ;
#832 = EDGE_CURVE ( 'NONE', #5982, #5126, #1954, .T. ) ;
#833 = CARTESIAN_POINT ( 'NONE',  ( 2.799999999999998490, 0.1600000000000153244, 1.650000000000001910 ) ) ;
#834 = ORIENTED_EDGE ( 'NONE', *, *, #5939, .F. ) ;
#835 = DIRECTION ( 'NONE',  ( -0.000000000000000000, -1.000000000000000000, -0.000000000000000000 ) ) ;
#836 = CARTESIAN_POINT ( 'NONE',  ( 1.514432617520497848, 0.2000000000000152767, -1.489999999999997771 ) ) ;
#837 = FACE_OUTER_BOUND ( 'NONE', #1008, .T. ) ;
#838 = LINE ( 'NONE', #2764, #2274 ) ;
#839 = ORIENTED_EDGE ( 'NONE', *, *, #5125, .F. ) ;
#840 = ORIENTED_EDGE ( 'NONE', *, *, #100, .T. ) ;
#841 = EDGE_CURVE ( 'NONE', #3835, #4020, #2408, .T. ) ;
#842 = EDGE_CURVE ( 'NONE', #1279, #1268, #600, .T. ) ;
#843 = CARTESIAN_POINT ( 'NONE',  ( 0.8949999999999982414, 0.9600000000000152856, -2.099999999999998757 ) ) ;
#844 = CARTESIAN_POINT ( 'NONE',  ( 0.9999999999999991118, 0.07110025227538531445, -2.397383202187997497 ) ) ;
#845 = ADVANCED_FACE ( 'NONE', ( #542 ), #2881, .T. ) ;
#846 = ORIENTED_EDGE ( 'NONE', *, *, #2815, .F. ) ;
#847 = DIRECTION ( 'NONE',  ( 0.000000000000000000, -0.000000000000000000, 1.000000000000000000 ) ) ;
#848 = EDGE_CURVE ( 'NONE', #2383, #905, #5853, .T. ) ;
#849 = ORIENTED_EDGE ( 'NONE', *, *, #2234, .F. ) ;
#850 = EDGE_CURVE ( 'NONE', #1463, #6222, #1014, .T. ) ;
#851 = PLANE ( 'NONE',  #886 ) ;
#852 = ADVANCED_FACE ( 'NONE', ( #4797 ), #3877, .T. ) ;
#853 = VECTOR ( 'NONE', #5146, 1000.000000000000000 ) ;
#854 = CARTESIAN_POINT ( 'NONE',  ( -1.301042606982605321E-15, 0.05000000000001530998, -2.099999999999998757 ) ) ;
#855 = FACE_OUTER_BOUND ( 'NONE', #2253, .T. ) ;
#856 = ORIENTED_EDGE ( 'NONE', *, *, #3395, .F. ) ;
#857 = EDGE_CURVE ( 'NONE', #1187, #1609, #2494, .T. ) ;
#858 = EDGE_LOOP ( 'NONE', ( #5422, #5348, #1716, #5543, #3705, #2856 ) ) ;
#859 = CARTESIAN_POINT ( 'NONE',  ( -0.5000000000000013323, 0.05000000000000026645, -1.399999999999998135 ) ) ;
#860 = AXIS2_PLACEMENT_3D ( 'NONE', #3383, #4766, #5739 ) ;
#861 = DIRECTION ( 'NONE',  ( 0.000000000000000000, 0.000000000000000000, -1.000000000000000000 ) ) ;
#862 = CARTESIAN_POINT ( 'NONE',  ( -0.5000000000000013323, 0.04999999999985190596, -2.799999999999998490 ) ) ;
#863 = CARTESIAN_POINT ( 'NONE',  ( -4.000000000000001776, 1.760000000000015330, 0.7000000000000020650 ) ) ;
#864 = VERTEX_POINT ( 'NONE', #3907 ) ;
#865 = DIRECTION ( 'NONE',  ( 1.000000000000000000, -0.000000000000000000, 0.000000000000000000 ) ) ;
#866 = EDGE_LOOP ( 'NONE', ( #3729, #1911, #5346, #3448, #2245, #3236, #2772, #4822, #5388, #3973, #1588, #2751, #2817, #4957, #4747, #4011, #5074, #3649, #4502, #6129, #6091, #688, #6002, #3539, #3912, #5971, #74, #4664, #3657, #4232, #88, #596, #424, #3343, #6195, #3661, #585, #5770, #1997, #2541, #4778, #5338, #3281, #1837, #4986, #4135, #1409, #3240, #3328, #2506, #2326, #2780 ) ) ;
#867 = DIRECTION ( 'NONE',  ( 0.000000000000000000, 0.000000000000000000, 1.000000000000000000 ) ) ;
#868 = LINE ( 'NONE', #6154, #5875 ) ;
#869 = CARTESIAN_POINT ( 'NONE',  ( -3.844432617520301410, 0.09999999999996531108, -0.8999999999999980238 ) ) ;
#870 = DIRECTION ( 'NONE',  ( -0.000000000000000000, 0.000000000000000000, 1.000000000000000000 ) ) ;
#871 = VERTEX_POINT ( 'NONE', #2997 ) ;
#872 = LINE ( 'NONE', #4144, #3052 ) ;
#873 = ORIENTED_EDGE ( 'NONE', *, *, #272, .F. ) ;
#874 = VECTOR ( 'NONE', #212, 1000.000000000000000 ) ;
#875 = LINE ( 'NONE', #4713, #1952 ) ;
#876 = DIRECTION ( 'NONE',  ( -0.000000000000000000, 1.000000000000000000, 0.000000000000000000 ) ) ;
#877 = EDGE_CURVE ( 'NONE', #5976, #4787, #4824, .T. ) ;
#878 = ORIENTED_EDGE ( 'NONE', *, *, #4849, .T. ) ;
#879 = CARTESIAN_POINT ( 'NONE',  ( -1.000000000000001332, 0.09220050455076719831, -1.994766404376001612 ) ) ;
#880 = ORIENTED_EDGE ( 'NONE', *, *, #5797, .F. ) ;
#881 = ADVANCED_FACE ( 'NONE', ( #4350 ), #485, .T. ) ;
#882 = LINE ( 'NONE', #2304, #1893 ) ;
#883 = LINE ( 'NONE', #4720, #4795 ) ;
#884 = LINE ( 'NONE', #4721, #1501 ) ;
#885 = ORIENTED_EDGE ( 'NONE', *, *, #5771, .F. ) ;
#886 = AXIS2_PLACEMENT_3D ( 'NONE', #2774, #5658, #1347 ) ;
#887 = VERTEX_POINT ( 'NONE', #3466 ) ;
#888 = ORIENTED_EDGE ( 'NONE', *, *, #1020, .T. ) ;
#889 = VECTOR ( 'NONE', #5452, 1000.000000000000000 ) ;
#890 = LINE ( 'NONE', #859, #2427 ) ;
#891 = DIRECTION ( 'NONE',  ( 0.01739543771106084186, 0.000000000000000000, -0.9998486879257484361 ) ) ;
#892 = VECTOR ( 'NONE', #1642, 1000.000000000000000 ) ;
#893 = CARTESIAN_POINT ( 'NONE',  ( -2.300000000000001155, 0.9750000000000152989, 0.07500000000000214828 ) ) ;
#894 = DIRECTION ( 'NONE',  ( 0.000000000000000000, 0.000000000000000000, -1.000000000000000000 ) ) ;
#895 = ORIENTED_EDGE ( 'NONE', *, *, #817, .F. ) ;
#896 = ADVANCED_FACE ( 'NONE', ( #36 ), #4324, .F. ) ;
#897 = DIRECTION ( 'NONE',  ( 0.000000000000000000, 0.05303311836815849389, -0.9985927540074327480 ) ) ;
#898 = VERTEX_POINT ( 'NONE', #5824 ) ;
#899 = CARTESIAN_POINT ( 'NONE',  ( 1.369999999999998774, 0.2800000000000152922, -2.099999999999998757 ) ) ;
#900 = FACE_OUTER_BOUND ( 'NONE', #1079, .T. ) ;
#901 = DIRECTION ( 'NONE',  ( 1.000000000000000000, 0.000000000000000000, -0.000000000000000000 ) ) ;
#902 = LINE ( 'NONE', #1741, #3067 ) ;
#903 = ORIENTED_EDGE ( 'NONE', *, *, #1847, .T. ) ;
#904 = EDGE_CURVE ( 'NONE', #3998, #1279, #5351, .T. ) ;
#905 = VERTEX_POINT ( 'NONE', #5379 ) ;
#906 = ORIENTED_EDGE ( 'NONE', *, *, #471, .F. ) ;
#907 = ORIENTED_EDGE ( 'NONE', *, *, #3933, .T. ) ;
#908 = CARTESIAN_POINT ( 'NONE',  ( 2.264432617519998914, 1.720000000000015294, -0.1899999999999978928 ) ) ;
#909 = CARTESIAN_POINT ( 'NONE',  ( 1.104999999999998428, 0.2500000000000152656, -1.399999999999998135 ) ) ;
#910 = ORIENTED_EDGE ( 'NONE', *, *, #1119, .T. ) ;
#911 = CARTESIAN_POINT ( 'NONE',  ( -1.301042606982605321E-15, 0.05000000000001530998, -2.099999999999998757 ) ) ;
#912 = ORIENTED_EDGE ( 'NONE', *, *, #344, .F. ) ;
#913 = AXIS2_PLACEMENT_3D ( 'NONE', #5196, #4292, #1356 ) ;
#914 = ADVANCED_FACE ( 'NONE', ( #2017 ), #1927, .F. ) ;
#915 = CIRCLE ( 'NONE', #1102, 0.09999999999999982514 ) ;
#916 = PLANE ( 'NONE',  #6104 ) ;
#917 = AXIS2_PLACEMENT_3D ( 'NONE', #3335, #5252, #2394 ) ;
#918 = CARTESIAN_POINT ( 'NONE',  ( -1.514432617520001356, 0.2000000000000152767, -2.089999999999998082 ) ) ;
#919 = AXIS2_PLACEMENT_3D ( 'NONE', #4505, #1541, #4066 ) ;
#920 = DIRECTION ( 'NONE',  ( -0.000000000000000000, -0.000000000000000000, -1.000000000000000000 ) ) ;
#921 = EDGE_LOOP ( 'NONE', ( #5318, #5434, #5123, #949 ) ) ;
#922 = VERTEX_POINT ( 'NONE', #2527 ) ;
#923 = DIRECTION ( 'NONE',  ( 1.000000000000000000, 0.000000000000000000, 0.000000000000000000 ) ) ;
#924 = CARTESIAN_POINT ( 'NONE',  ( 3.844432617520032736, 0.2000000000000153322, -1.079999999985624681 ) ) ;
#925 = EDGE_CURVE ( 'NONE', #2721, #5433, #4435, .T. ) ;
#926 = AXIS2_PLACEMENT_3D ( 'NONE', #4968, #1164, #280 ) ;
#927 = DIRECTION ( 'NONE',  ( 1.000000000000000000, -0.000000000000000000, 0.000000000000000000 ) ) ;
#928 = DIRECTION ( 'NONE',  ( 0.000000000000000000, 0.9985927540074329700, 0.05303311836815174929 ) ) ;
#929 = EDGE_CURVE ( 'NONE', #1245, #922, #3381, .T. ) ;
#930 = VERTEX_POINT ( 'NONE', #4593 ) ;
#931 = EDGE_CURVE ( 'NONE', #6, #1736, #5437, .T. ) ;
#932 = EDGE_CURVE ( 'NONE', #1017, #1685, #727, .T. ) ;
#933 = CARTESIAN_POINT ( 'NONE',  ( -2.800000000000001155, 0.9600000000000152856, 1.400000000000001910 ) ) ;
#934 = CARTESIAN_POINT ( 'NONE',  ( -0.9050000000000012479, 1.210000000000013953, -0.5999999999999980904 ) ) ;
#935 = EDGE_CURVE ( 'NONE', #3570, #2676, #2654, .T. ) ;
#936 = DIRECTION ( 'NONE',  ( -0.000000000000000000, 1.000000000000000000, 0.000000000000000000 ) ) ;
#937 = ORIENTED_EDGE ( 'NONE', *, *, #1339, .T. ) ;
#938 = LINE ( 'NONE', #4391, #5861 ) ;
#939 = EDGE_LOOP ( 'NONE', ( #4834, #5508, #4090, #4635, #2581, #4569 ) ) ;
#940 = DIRECTION ( 'NONE',  ( -0.000000000000000000, 1.000000000000000000, 0.000000000000000000 ) ) ;
#941 = CARTESIAN_POINT ( 'NONE',  ( -3.850000000000201261, 0.2000000000000153044, -1.399999999999998135 ) ) ;
#942 = LINE ( 'NONE', #3270, #1506 ) ;
#943 = DIRECTION ( 'NONE',  ( 0.000000000000000000, -0.05233595624306891514, -0.9986295347545672829 ) ) ;
#944 = ORIENTED_EDGE ( 'NONE', *, *, #5020, .T. ) ;
#945 = DIRECTION ( 'NONE',  ( -0.000000000000000000, 0.000000000000000000, -1.000000000000000000 ) ) ;
#946 = DIRECTION ( 'NONE',  ( 1.000000000000000000, 0.000000000000000000, -0.000000000000000000 ) ) ;
#947 = DIRECTION ( 'NONE',  ( 1.000000000000000000, 0.000000000000000000, 0.000000000000000000 ) ) ;
#948 = ORIENTED_EDGE ( 'NONE', *, *, #3965, .T. ) ;
#949 = ORIENTED_EDGE ( 'NONE', *, *, #4046, .F. ) ;
#950 = VERTEX_POINT ( 'NONE', #1635 ) ;
#951 = VECTOR ( 'NONE', #403, 1000.000000000000000 ) ;
#952 = LINE ( 'NONE', #4323, #5629 ) ;
#953 = CARTESIAN_POINT ( 'NONE',  ( -2.800000000000001155, 0.2100000000000153133, 1.750000000000001998 ) ) ;
#954 = EDGE_CURVE ( 'NONE', #1714, #5864, #4998, .T. ) ;
#955 = LINE ( 'NONE', #63, #4174 ) ;
#956 = LINE ( 'NONE', #6209, #1312 ) ;
#957 = VECTOR ( 'NONE', #2447, 1000.000000000000000 ) ;
#958 = ADVANCED_FACE ( 'NONE', ( #696 ), #4002, .F. ) ;
#959 = EDGE_LOOP ( 'NONE', ( #6127, #895, #3378, #3412, #4596, #781, #3362, #4629, #178, #5698, #2787 ) ) ;
#960 = VECTOR ( 'NONE', #5138, 1000.000000000000000 ) ;
#961 = DIRECTION ( 'NONE',  ( 0.000000000000000000, 0.000000000000000000, -1.000000000000000000 ) ) ;
#962 = CARTESIAN_POINT ( 'NONE',  ( 0.9049999999999986944, 1.312198954710015242, -2.099999999999998757 ) ) ;
#963 = CARTESIAN_POINT ( 'NONE',  ( -0.09500000000000133338, 1.235000000000015419, 0.5500000000000018208 ) ) ;
#964 = VERTEX_POINT ( 'NONE', #4538 ) ;
#965 = AXIS2_PLACEMENT_3D ( 'NONE', #456, #4298, #1905 ) ;
#966 = CARTESIAN_POINT ( 'NONE',  ( 2.299999999999998046, 1.370000000000015206, 1.370000000000002105 ) ) ;
#967 = VERTEX_POINT ( 'NONE', #4065 ) ;
#968 = EDGE_LOOP ( 'NONE', ( #1980, #3434, #6151, #1181 ) ) ;
#969 = EDGE_CURVE ( 'NONE', #4613, #3513, #4093, .T. ) ;
#970 = DIRECTION ( 'NONE',  ( 1.000000000000000000, -0.000000000000000000, 0.000000000000000000 ) ) ;
#971 = CARTESIAN_POINT ( 'NONE',  ( -1.370000000000001439, 0.05000000000001530998, -0.3649999999999977152 ) ) ;
#972 = FACE_OUTER_BOUND ( 'NONE', #2782, .T. ) ;
#973 = CARTESIAN_POINT ( 'NONE',  ( -1.314432617520501223, 0.05000000000001530998, -2.089999999999998082 ) ) ;
#974 = EDGE_LOOP ( 'NONE', ( #3899, #5735, #3642, #834 ) ) ;
#975 = VECTOR ( 'NONE', #1036, 1000.000000000000000 ) ;
#976 = LINE ( 'NONE', #2905, #5496 ) ;
#977 = VERTEX_POINT ( 'NONE', #6006 ) ;
#978 = VECTOR ( 'NONE', #1121, 1000.000000000000000 ) ;
#979 = DIRECTION ( 'NONE',  ( 0.000000000000000000, 0.000000000000000000, -1.000000000000000000 ) ) ;
#980 = CARTESIAN_POINT ( 'NONE',  ( -1.370000000000001439, 0.05000000000001530998, -0.3649999999999977152 ) ) ;
#981 = ORIENTED_EDGE ( 'NONE', *, *, #1566, .T. ) ;
#982 = ORIENTED_EDGE ( 'NONE', *, *, #4106, .F. ) ;
#983 = CARTESIAN_POINT ( 'NONE',  ( -1.370000000000001439, 0.9600000000000152856, -2.099999999999998757 ) ) ;
#984 = CARTESIAN_POINT ( 'NONE',  ( -1.301042606982605321E-15, 1.210000000000015286, -0.5999999999999980904 ) ) ;
#985 = VECTOR ( 'NONE', #5884, 1000.000000000000000 ) ;
#986 = DIRECTION ( 'NONE',  ( 1.000000000000000000, -0.000000000000000000, 0.000000000000000000 ) ) ;
#987 = CARTESIAN_POINT ( 'NONE',  ( 1.499999999999998668, 1.870000000000015206, 1.200000000000001954 ) ) ;
#988 = ORIENTED_EDGE ( 'NONE', *, *, #4648, .T. ) ;
#989 = VECTOR ( 'NONE', #1537, 1000.000000000000000 ) ;
#990 = LINE ( 'NONE', #2919, #5276 ) ;
#991 = LINE ( 'NONE', #3916, #460 ) ;
#992 = DIRECTION ( 'NONE',  ( 0.000000000000000000, -0.05233595624306891514, -0.9986295347545672829 ) ) ;
#993 = ORIENTED_EDGE ( 'NONE', *, *, #5983, .T. ) ;
#994 = LINE ( 'NONE', #3361, #236 ) ;
#995 = EDGE_LOOP ( 'NONE', ( #393, #1387, #4163, #849 ) ) ;
#996 = ORIENTED_EDGE ( 'NONE', *, *, #5304, .T. ) ;
#997 = LINE ( 'NONE', #4781, #1198 ) ;
#998 = CARTESIAN_POINT ( 'NONE',  ( 2.284999999999998810, 1.640000000000015445, -1.024999999999998135 ) ) ;
#999 = DIRECTION ( 'NONE',  ( 0.000000000000000000, 0.05303311836815849389, -0.9985927540074327480 ) ) ;
#1000 = CARTESIAN_POINT ( 'NONE',  ( 1.369999999999998774, 0.1650000000000153011, -1.024999999999998135 ) ) ;
#1001 = AXIS2_PLACEMENT_3D ( 'NONE', #1701, #3564, #3062 ) ;
#1002 = ORIENTED_EDGE ( 'NONE', *, *, #841, .F. ) ;
#1003 = ADVANCED_FACE ( 'NONE', ( #759 ), #1225, .F. ) ;
#1004 = CARTESIAN_POINT ( 'NONE',  ( 0.5949999999999987521, 0.04999999999985191290, -2.799999999999998490 ) ) ;
#1005 = EDGE_CURVE ( 'NONE', #3847, #5801, #3092, .T. ) ;
#1006 = VECTOR ( 'NONE', #5891, 1000.000000000000227 ) ;
#1007 = CARTESIAN_POINT ( 'NONE',  ( 1.369999999999998774, 1.870000000000015206, 0.05000000000000229955 ) ) ;
#1008 = EDGE_LOOP ( 'NONE', ( #1128, #507, #3652, #1959 ) ) ;
#1009 = VECTOR ( 'NONE', #5049, 1000.000000000000000 ) ;
#1010 = ORIENTED_EDGE ( 'NONE', *, *, #5336, .T. ) ;
#1011 = VECTOR ( 'NONE', #2497, 1000.000000000000000 ) ;
#1012 = LINE ( 'NONE', #6184, #1787 ) ;
#1013 = CARTESIAN_POINT ( 'NONE',  ( 1.514432617519998248, 0.9100000000000152411, -1.389999999999998348 ) ) ;
#1014 = LINE ( 'NONE', #4880, #4509 ) ;
#1015 = FACE_OUTER_BOUND ( 'NONE', #2875, .T. ) ;
#1016 = CARTESIAN_POINT ( 'NONE',  ( -1.301042606982605321E-15, 1.203886659156015337, -0.5999999999999980904 ) ) ;
#1017 = VERTEX_POINT ( 'NONE', #3618 ) ;
#1018 = DIRECTION ( 'NONE',  ( 1.000000000000000000, 0.000000000000000000, -0.000000000000000000 ) ) ;
#1019 = PLANE ( 'NONE',  #760 ) ;
#1020 = EDGE_CURVE ( 'NONE', #1063, #1881, #2623, .T. ) ;
#1021 = CARTESIAN_POINT ( 'NONE',  ( -0.4050000000000013034, 1.251378662819916165, 1.303418489698997984 ) ) ;
#1022 = VERTEX_POINT ( 'NONE', #3149 ) ;
#1023 = DIRECTION ( 'NONE',  ( -1.000000000000000000, -0.000000000000000000, 0.000000000000000000 ) ) ;
#1024 = EDGE_LOOP ( 'NONE', ( #2851, #5382, #1377, #4850, #3596, #4792, #4701, #996, #5085, #3953, #1163, #3489, #701, #4397, #5096, #2169, #5707, #2225, #2750, #5673, #1698, #2479, #624, #3010 ) ) ;
#1025 = DIRECTION ( 'NONE',  ( 0.000000000000000000, 0.02173399540922035106, 0.9997637888239161441 ) ) ;
#1026 = FACE_OUTER_BOUND ( 'NONE', #3033, .T. ) ;
#1027 = EDGE_CURVE ( 'NONE', #1075, #399, #5465, .T. ) ;
#1028 = CARTESIAN_POINT ( 'NONE',  ( -0.5950000000000013056, 0.8061074182865152205, -0.6999999999999979572 ) ) ;
#1029 = VECTOR ( 'NONE', #4908, 1000.000000000000000 ) ;
#1030 = ADVANCED_FACE ( 'NONE', ( #1131 ), #5060, .T. ) ;
#1031 = ORIENTED_EDGE ( 'NONE', *, *, #4426, .F. ) ;
#1032 = EDGE_CURVE ( 'NONE', #5748, #1038, #1724, .T. ) ;
#1033 = EDGE_CURVE ( 'NONE', #4991, #4567, #2557, .T. ) ;
#1034 = FACE_OUTER_BOUND ( 'NONE', #2823, .T. ) ;
#1035 = EDGE_CURVE ( 'NONE', #6049, #3841, #220, .T. ) ;
#1036 = DIRECTION ( 'NONE',  ( -1.000000000000000000, 0.000000000000000000, -0.000000000000000000 ) ) ;
#1037 = ORIENTED_EDGE ( 'NONE', *, *, #2509, .T. ) ;
#1038 = VERTEX_POINT ( 'NONE', #2142 ) ;
#1039 = EDGE_CURVE ( 'NONE', #4375, #640, #5915, .T. ) ;
#1040 = DIRECTION ( 'NONE',  ( 1.000000000000000000, 0.000000000000000000, -0.000000000000000000 ) ) ;
#1041 = DIRECTION ( 'NONE',  ( 0.000000000000000000, -1.000000000000000000, -0.000000000000000000 ) ) ;
#1042 = CARTESIAN_POINT ( 'NONE',  ( 3.844432617519998541, 0.1000000000000453165, -0.9899999999999977707 ) ) ;
#1043 = CARTESIAN_POINT ( 'NONE',  ( 3.199999999999998845, 0.9600000000000152856, 0.05000000000000229955 ) ) ;
#1044 = ORIENTED_EDGE ( 'NONE', *, *, #3451, .T. ) ;
#1045 = ADVANCED_FACE ( 'NONE', ( #5503 ), #1195, .T. ) ;
#1046 = VECTOR ( 'NONE', #4704, 1000.000000000000000 ) ;
#1047 = ORIENTED_EDGE ( 'NONE', *, *, #2888, .T. ) ;
#1048 = CARTESIAN_POINT ( 'NONE',  ( -2.800000000000001155, 0.9600000000000152856, 2.100000000000001865 ) ) ;
#1049 = LINE ( 'NONE', #1963, #147 ) ;
#1050 = LINE ( 'NONE', #963, #349 ) ;
#1051 = VECTOR ( 'NONE', #4297, 1000.000000000000000 ) ;
#1052 = ORIENTED_EDGE ( 'NONE', *, *, #462, .T. ) ;
#1053 = FACE_OUTER_BOUND ( 'NONE', #5718, .T. ) ;
#1054 = VERTEX_POINT ( 'NONE', #4625 ) ;
#1055 = VERTEX_POINT ( 'NONE', #3747 ) ;
#1056 = CARTESIAN_POINT ( 'NONE',  ( -1.301042606982605321E-15, 1.203886659156015337, -0.5999999999999980904 ) ) ;
#1057 = LINE ( 'NONE', #5784, #3371 ) ;
#1058 = DIRECTION ( 'NONE',  ( -1.000000000000000000, -0.000000000000000000, 0.000000000000000000 ) ) ;
#1059 = AXIS2_PLACEMENT_3D ( 'NONE', #5639, #2687, #5577 ) ;
#1060 = ORIENTED_EDGE ( 'NONE', *, *, #3382, .F. ) ;
#1061 = EDGE_CURVE ( 'NONE', #5433, #3981, #790, .T. ) ;
#1062 = PLANE ( 'NONE',  #681 ) ;
#1063 = VERTEX_POINT ( 'NONE', #1256 ) ;
#1064 = LINE ( 'NONE', #2873, #1668 ) ;
#1065 = ORIENTED_EDGE ( 'NONE', *, *, #475, .F. ) ;
#1066 = ORIENTED_EDGE ( 'NONE', *, *, #1271, .T. ) ;
#1067 = LINE ( 'NONE', #5377, #5094 ) ;
#1068 = FACE_OUTER_BOUND ( 'NONE', #253, .T. ) ;
#1069 = DIRECTION ( 'NONE',  ( 0.000000000000000000, 0.000000000000000000, -1.000000000000000000 ) ) ;
#1070 = DIRECTION ( 'NONE',  ( 1.000000000000000000, 0.000000000000000000, -0.000000000000000000 ) ) ;
#1071 = ORIENTED_EDGE ( 'NONE', *, *, #3354, .F. ) ;
#1072 = PLANE ( 'NONE',  #652 ) ;
#1073 = EDGE_CURVE ( 'NONE', #1430, #4567, #4757, .T. ) ;
#1074 = CYLINDRICAL_SURFACE ( 'NONE', #1059, 0.09999999999999982514 ) ;
#1075 = VERTEX_POINT ( 'NONE', #2812 ) ;
#1076 = DIRECTION ( 'NONE',  ( -0.000000000000000000, 0.000000000000000000, 1.000000000000000000 ) ) ;
#1077 = VECTOR ( 'NONE', #1688, 1000.000000000000000 ) ;
#1078 = ORIENTED_EDGE ( 'NONE', *, *, #3113, .T. ) ;
#1079 = EDGE_LOOP ( 'NONE', ( #5403, #199, #2405, #2059 ) ) ;
#1080 = ORIENTED_EDGE ( 'NONE', *, *, #3805, .T. ) ;
#1081 = DIRECTION ( 'NONE',  ( 0.000000000000000000, 0.000000000000000000, -1.000000000000000000 ) ) ;
#1082 = DIRECTION ( 'NONE',  ( 1.000000000000000000, -0.000000000000000000, 0.000000000000000000 ) ) ;
#1083 = VECTOR ( 'NONE', #2690, 1000.000000000000000 ) ;
#1084 = LINE ( 'NONE', #2573, #204 ) ;
#1085 = LINE ( 'NONE', #2069, #589 ) ;
#1086 = AXIS2_PLACEMENT_3D ( 'NONE', #1733, #3595, #5578 ) ;
#1087 = VERTEX_POINT ( 'NONE', #1859 ) ;
#1088 = EDGE_LOOP ( 'NONE', ( #5664, #2909, #720, #1775, #3923, #5173, #831, #140, #499 ) ) ;
#1089 = DIRECTION ( 'NONE',  ( 0.000000000000000000, -0.000000000000000000, 1.000000000000000000 ) ) ;
#1090 = VECTOR ( 'NONE', #4362, 1000.000000000000000 ) ;
#1091 = CARTESIAN_POINT ( 'NONE',  ( -1.864432617520001445, 1.720000000000015294, -0.1899999999999978928 ) ) ;
#1092 = EDGE_CURVE ( 'NONE', #453, #83, #4657, .T. ) ;
#1093 = ORIENTED_EDGE ( 'NONE', *, *, #2477, .F. ) ;
#1094 = VECTOR ( 'NONE', #2819, 1000.000000000000000 ) ;
#1095 = VERTEX_POINT ( 'NONE', #1890 ) ;
#1096 = LINE ( 'NONE', #2524, #3205 ) ;
#1097 = CARTESIAN_POINT ( 'NONE',  ( 1.499999999999998668, 1.260000000000015330, 2.100000000000009415 ) ) ;
#1098 = CARTESIAN_POINT ( 'NONE',  ( -0.5950000000000013056, 0.8061074182865152205, -2.299999999999998046 ) ) ;
#1099 = LINE ( 'NONE', #3942, #5636 ) ;
#1100 = DIRECTION ( 'NONE',  ( 0.000000000000000000, -0.000000000000000000, 1.000000000000000000 ) ) ;
#1101 = AXIS2_PLACEMENT_3D ( 'NONE', #3751, #1864, #3783 ) ;
#1102 = AXIS2_PLACEMENT_3D ( 'NONE', #3495, #5826, #633 ) ;
#1103 = EDGE_CURVE ( 'NONE', #245, #2964, #4221, .T. ) ;
#1104 = ORIENTED_EDGE ( 'NONE', *, *, #763, .F. ) ;
#1105 = EDGE_CURVE ( 'NONE', #2742, #1663, #2776, .T. ) ;
#1107 = EDGE_CURVE ( 'NONE', #3095, #2436, #5561, .T. ) ;
#1106 = FACE_OUTER_BOUND ( 'NONE', #607, .T. ) ;
#1108 = EDGE_CURVE ( 'NONE', #3819, #1245, #3215, .T. ) ;
#1109 = DIRECTION ( 'NONE',  ( -0.000000000000000000, -0.4226182617420166654, -0.9063077870360357613 ) ) ;
#1110 = DIRECTION ( 'NONE',  ( -0.000000000000000000, 0.000000000000000000, -1.000000000000000000 ) ) ;
#1111 = VERTEX_POINT ( 'NONE', #442 ) ;
#1112 = CARTESIAN_POINT ( 'NONE',  ( -3.200000000000001510, 0.2800000000000152367, 0.05000000000000229955 ) ) ;
#1113 = EDGE_CURVE ( 'NONE', #3393, #1187, #4690, .T. ) ;
#1114 = EDGE_CURVE ( 'NONE', #708, #4843, #3183, .T. ) ;
#1115 = VERTEX_POINT ( 'NONE', #2241 ) ;
#1116 = ORIENTED_EDGE ( 'NONE', *, *, #2399, .F. ) ;
#1117 = CARTESIAN_POINT ( 'NONE',  ( 0.5949999999999987521, 1.235000000000015419, 0.5500000000000018208 ) ) ;
#1118 = CARTESIAN_POINT ( 'NONE',  ( 0.3949999999999986300, 0.05000000000001530998, -0.3649999999999977152 ) ) ;
#1119 = EDGE_CURVE ( 'NONE', #4121, #5343, #2372, .T. ) ;
#1120 = LINE ( 'NONE', #3043, #3724 ) ;
#1121 = DIRECTION ( 'NONE',  ( 0.000000000000000000, -0.000000000000000000, 1.000000000000000000 ) ) ;
#1122 = ORIENTED_EDGE ( 'NONE', *, *, #2702, .T. ) ;
#1123 = EDGE_CURVE ( 'NONE', #795, #4095, #3778, .T. ) ;
#1124 = ORIENTED_EDGE ( 'NONE', *, *, #3135, .F. ) ;
#1125 = FACE_OUTER_BOUND ( 'NONE', #474, .T. ) ;
#1126 = CARTESIAN_POINT ( 'NONE',  ( -1.600000000000001421, 0.8700000000000153166, 1.200000000000001954 ) ) ;
#1127 = ORIENTED_EDGE ( 'NONE', *, *, #3815, .T. ) ;
#1128 = ORIENTED_EDGE ( 'NONE', *, *, #6035, .F. ) ;
#1129 = DIRECTION ( 'NONE',  ( 0.000000000000000000, 1.000000000000000000, 0.000000000000000000 ) ) ;
#1130 = CARTESIAN_POINT ( 'NONE',  ( -1.600000000000001421, 0.9600000000000152856, 1.200000000000001954 ) ) ;
#1131 = FACE_OUTER_BOUND ( 'NONE', #5598, .T. ) ;
#1132 = CARTESIAN_POINT ( 'NONE',  ( 1.369999999999998774, 0.1650000000000153011, -1.024999999999998135 ) ) ;
#1133 = PLANE ( 'NONE',  #1817 ) ;
#1134 = EDGE_LOOP ( 'NONE', ( #4147, #4548, #6159, #3178 ) ) ;
#1135 = EDGE_LOOP ( 'NONE', ( #5260, #2251, #726, #2862 ) ) ;
#1136 = EDGE_CURVE ( 'NONE', #1460, #4216, #3245, .T. ) ;
#1137 = DIRECTION ( 'NONE',  ( -0.000000000000000000, -1.000000000000000000, -0.000000000000000000 ) ) ;
#1138 = CARTESIAN_POINT ( 'NONE',  ( -1.000000000000001332, 0.1499999999999653277, -1.399999999999998135 ) ) ;
#1139 = CARTESIAN_POINT ( 'NONE',  ( 0.6049999999999987610, 0.2500000000000152656, -1.749999999999998002 ) ) ;
#1140 = DIRECTION ( 'NONE',  ( 0.000000000000000000, 0.000000000000000000, 1.000000000000000000 ) ) ;
#1141 = VERTEX_POINT ( 'NONE', #5160 ) ;
#1142 = LINE ( 'NONE', #3066, #5812 ) ;
#1143 = EDGE_CURVE ( 'NONE', #1763, #1141, #6101, .T. ) ;
#1144 = VERTEX_POINT ( 'NONE', #1321 ) ;
#1145 = VERTEX_POINT ( 'NONE', #6201 ) ;
#1146 = EDGE_CURVE ( 'NONE', #6204, #1190, #1826, .T. ) ;
#1147 = FACE_OUTER_BOUND ( 'NONE', #2587, .T. ) ;
#1148 = CARTESIAN_POINT ( 'NONE',  ( -3.500000000000001332, 0.2600000000000153300, 1.400000000000001910 ) ) ;
#1149 = VECTOR ( 'NONE', #6193, 1000.000000000000000 ) ;
#1150 = DIRECTION ( 'NONE',  ( -1.000000000000000000, 0.000000000000000000, -0.000000000000000000 ) ) ;
#1151 = DIRECTION ( 'NONE',  ( 0.000000000000000000, 1.000000000000000000, 0.000000000000000000 ) ) ;
#1152 = ORIENTED_EDGE ( 'NONE', *, *, #5076, .F. ) ;
#1153 = EDGE_CURVE ( 'NONE', #864, #6012, #883, .T. ) ;
#1155 = LINE ( 'NONE', #718, #3304 ) ;
#1154 = VECTOR ( 'NONE', #5923, 1000.000000000000000 ) ;
#1156 = ORIENTED_EDGE ( 'NONE', *, *, #4191, .F. ) ;
#1157 = LINE ( 'NONE', #3610, #2178 ) ;
#1158 = EDGE_LOOP ( 'NONE', ( #4283, #2611, #4988, #2569 ) ) ;
#1159 = AXIS2_PLACEMENT_3D ( 'NONE', #5208, #2324, #6120 ) ;
#1160 = VERTEX_POINT ( 'NONE', #2338 ) ;
#1161 = PLANE ( 'NONE',  #4598 ) ;
#1162 = FACE_OUTER_BOUND ( 'NONE', #627, .T. ) ;
#1163 = ORIENTED_EDGE ( 'NONE', *, *, #3382, .T. ) ;
#1164 = DIRECTION ( 'NONE',  ( 0.000000000000000000, -0.000000000000000000, 1.000000000000000000 ) ) ;
#1165 = SURFACE_STYLE_FILL_AREA ( #666 ) ;
#1166 = CARTESIAN_POINT ( 'NONE',  ( 0.1049999999999987610, 0.2500000000000152656, -2.099999999999998757 ) ) ;
#1167 = ADVANCED_FACE ( 'NONE', ( #4254 ), #6168, .T. ) ;
#1168 = AXIS2_PLACEMENT_3D ( 'NONE', #4874, #2489, #85 ) ;
#1169 = ORIENTED_EDGE ( 'NONE', *, *, #1884, .F. ) ;
#1170 = DIRECTION ( 'NONE',  ( 1.000000000000000000, -0.000000000000000000, 0.000000000000000000 ) ) ;
#1171 = LINE ( 'NONE', #2120, #3414 ) ;
#1172 = DIRECTION ( 'NONE',  ( 0.000000000000000000, 0.05233595624297854298, 0.9986295347545720569 ) ) ;
#1173 = CARTESIAN_POINT ( 'NONE',  ( -3.850000000000005418, 0.09999999999996531108, -1.400000000000001465 ) ) ;
#1174 = CARTESIAN_POINT ( 'NONE',  ( -2.582216308760601375, 0.2000000000000153044, -0.8999999999999980238 ) ) ;
#1175 = VERTEX_POINT ( 'NONE', #918 ) ;
#1176 = LINE ( 'NONE', #2159, #87 ) ;
#1177 = LINE ( 'NONE', #3108, #137 ) ;
#1178 = CARTESIAN_POINT ( 'NONE',  ( -1.600000000000001421, 0.8700000000000153166, 1.400000000000001910 ) ) ;
#1179 = CARTESIAN_POINT ( 'NONE',  ( -1.370000000000001439, 0.4425000000000153255, -1.489999999999997771 ) ) ;
#1180 = VECTOR ( 'NONE', #1089, 1000.000000000000000 ) ;
#1181 = ORIENTED_EDGE ( 'NONE', *, *, #2667, .F. ) ;
#1182 = VECTOR ( 'NONE', #6020, 1000.000000000000000 ) ;
#1183 = AXIS2_PLACEMENT_3D ( 'NONE', #2289, #5435, #4376 ) ;
#1184 = PLANE ( 'NONE',  #2904 ) ;
#1185 = VECTOR ( 'NONE', #1251, 1000.000000000000000 ) ;
#1186 = EDGE_CURVE ( 'NONE', #5857, #5273, #1064, .T. ) ;
#1187 = VERTEX_POINT ( 'NONE', #1534 ) ;
#1188 = DIRECTION ( 'NONE',  ( 0.000000000000000000, 1.000000000000000000, 0.000000000000000000 ) ) ;
#1189 = ADVANCED_FACE ( 'NONE', ( #3871 ), #2907, .F. ) ;
#1190 = VERTEX_POINT ( 'NONE', #510 ) ;
#1191 = EDGE_CURVE ( 'NONE', #5254, #3628, #5757, .T. ) ;
#1192 = LINE ( 'NONE', #693, #2593 ) ;
#1193 = DIRECTION ( 'NONE',  ( -0.000000000000000000, -1.000000000000000000, -0.000000000000000000 ) ) ;
#1194 = EDGE_LOOP ( 'NONE', ( #5648, #751, #3549, #4875, #4732 ) ) ;
#1195 = PLANE ( 'NONE',  #5036 ) ;
#1196 = DIRECTION ( 'NONE',  ( 1.000000000000000000, -0.000000000000000000, 0.000000000000000000 ) ) ;
#1197 = DIRECTION ( 'NONE',  ( 1.000000000000000000, 0.000000000000000000, -0.000000000000000000 ) ) ;
#1198 = VECTOR ( 'NONE', #5275, 1000.000000000000000 ) ;
#1199 = VERTEX_POINT ( 'NONE', #1416 ) ;
#1200 = ORIENTED_EDGE ( 'NONE', *, *, #5600, .T. ) ;
#1201 = LINE ( 'NONE', #3130, #5064 ) ;
#1202 = PLANE ( 'NONE',  #2102 ) ;
#1203 = LINE ( 'NONE', #4073, #5373 ) ;
#1204 = DIRECTION ( 'NONE',  ( 0.000000000000000000, 0.000000000000000000, -1.000000000000000000 ) ) ;
#1205 = VECTOR ( 'NONE', #923, 1000.000000000000000 ) ;
#1206 = CARTESIAN_POINT ( 'NONE',  ( 0.4999999999999987232, 1.178400759486015303, -0.1201105361599980048 ) ) ;
#1207 = ORIENTED_EDGE ( 'NONE', *, *, #5302, .F. ) ;
#1208 = DIRECTION ( 'NONE',  ( 1.000000000000000000, 0.000000000000000000, 0.000000000000000000 ) ) ;
#1209 = AXIS2_PLACEMENT_3D ( 'NONE', #532, #2545, #2485 ) ;
#1210 = ADVANCED_FACE ( 'NONE', ( #5371 ), #1978, .F. ) ;
#1211 = LINE ( 'NONE', #3168, #2767 ) ;
#1212 = CARTESIAN_POINT ( 'NONE',  ( 0.8949999999999982414, 0.1500000000000152878, -1.749999999999998002 ) ) ;
#1213 = PRODUCT_DEFINITION_FORMATION_WITH_SPECIFIED_SOURCE ( 'ANY', '', #292, .NOT_KNOWN. ) ;
#1214 = CARTESIAN_POINT ( 'NONE',  ( -1.000000000000001332, 0.2500000000000152656, -1.399999999999998135 ) ) ;
#1215 = EDGE_LOOP ( 'NONE', ( #5897, #4043, #511, #6157 ) ) ;
#1216 = ADVANCED_FACE ( 'NONE', ( #2518 ), #4429, .F. ) ;
#1217 = PLANE ( 'NONE',  #1684 ) ;
#1218 = EDGE_CURVE ( 'NONE', #5918, #4759, #2009, .T. ) ;
#1219 = VECTOR ( 'NONE', #1605, 1000.000000000000000 ) ;
#1220 = ORIENTED_EDGE ( 'NONE', *, *, #5781, .T. ) ;
#1221 = CARTESIAN_POINT ( 'NONE',  ( -3.850000000000201261, 1.530757942277971573E-14, -1.139999999999998126 ) ) ;
#1222 = ORIENTED_EDGE ( 'NONE', *, *, #4280, .F. ) ;
#1223 = EDGE_CURVE ( 'NONE', #2549, #3714, #595, .T. ) ;
#1224 = PLANE ( 'NONE',  #3493 ) ;
#1225 = PLANE ( 'NONE',  #3340 ) ;
#1226 = VECTOR ( 'NONE', #1292, 999.9999999999998863 ) ;
#1227 = APPLICATION_PROTOCOL_DEFINITION ( 'draft international standard', 'automotive_design', 1998, #3680 ) ;
#1228 = LINE ( 'NONE', #6009, #606 ) ;
#1229 = ORIENTED_EDGE ( 'NONE', *, *, #2706, .T. ) ;
#1230 = EDGE_CURVE ( 'NONE', #317, #1685, #118, .T. ) ;
#1231 = ORIENTED_EDGE ( 'NONE', *, *, #3355, .T. ) ;
#1232 = CARTESIAN_POINT ( 'NONE',  ( 2.232216308760998746, 0.2800000000000153477, -2.089999999999998082 ) ) ;
#1233 = LINE ( 'NONE', #4511, #2312 ) ;
#1234 = EDGE_CURVE ( 'NONE', #2005, #1330, #1444, .T. ) ;
#1235 = FACE_OUTER_BOUND ( 'NONE', #1215, .T. ) ;
#1236 = PLANE ( 'NONE',  #4212 ) ;
#1237 = ORIENTED_EDGE ( 'NONE', *, *, #1061, .F. ) ;
#1238 = PLANE ( 'NONE',  #4605 ) ;
#1239 = ORIENTED_EDGE ( 'NONE', *, *, #4206, .T. ) ;
#1240 = LINE ( 'NONE', #3167, #171 ) ;
#1241 = DIRECTION ( 'NONE',  ( 0.000000000000000000, -0.000000000000000000, 1.000000000000000000 ) ) ;
#1242 = VECTOR ( 'NONE', #4301, 1000.000000000000000 ) ;
#1243 = LINE ( 'NONE', #5451, #4285 ) ;
#1244 = DIRECTION ( 'NONE',  ( 0.000000000000000000, 1.000000000000000000, 0.000000000000000000 ) ) ;
#1245 = VERTEX_POINT ( 'NONE', #1007 ) ;
#1246 = CARTESIAN_POINT ( 'NONE',  ( -2.582216308760601375, 1.530757942277971573E-14, -0.8999999999999980238 ) ) ;
#1247 = ORIENTED_EDGE ( 'NONE', *, *, #6233, .F. ) ;
#1248 = VECTOR ( 'NONE', #5365, 1000.000000000000000 ) ;
#1249 = CARTESIAN_POINT ( 'NONE',  ( -1.301042606982605321E-15, 1.210000000000015286, -0.5999999999999980904 ) ) ;
#1250 = ORIENTED_EDGE ( 'NONE', *, *, #5952, .F. ) ;
#1251 = DIRECTION ( 'NONE',  ( 0.000000000000000000, -1.000000000000000000, -0.000000000000000000 ) ) ;
#1252 = ORIENTED_EDGE ( 'NONE', *, *, #2992, .T. ) ;
#1253 = VECTOR ( 'NONE', #3200, 1000.000000000000000 ) ;
#1254 = VECTOR ( 'NONE', #5647, 1000.000000000000000 ) ;
#1255 = CYLINDRICAL_SURFACE ( 'NONE', #1278, 0.09999999999999982514 ) ;
#1256 = CARTESIAN_POINT ( 'NONE',  ( 0.09499999999999872435, 1.312198954710015242, -2.299999999999998046 ) ) ;
#1257 = VECTOR ( 'NONE', #5147, 1000.000000000000000 ) ;
#1258 = DIRECTION ( 'NONE',  ( 1.000000000000000000, 0.000000000000000000, 0.000000000000000000 ) ) ;
#1259 = ORIENTED_EDGE ( 'NONE', *, *, #3135, .T. ) ;
#1260 = ORIENTED_EDGE ( 'NONE', *, *, #3793, .T. ) ;
#1261 = CARTESIAN_POINT ( 'NONE',  ( -1.301042606982605321E-15, 0.2500000000000152656, -2.099999999999998757 ) ) ;
#1262 = PLANE ( 'NONE',  #6123 ) ;
#1263 = DIRECTION ( 'NONE',  ( 0.000000000000000000, -1.000000000000000000, -0.000000000000000000 ) ) ;
#1264 = CARTESIAN_POINT ( 'NONE',  ( 1.369999999999998774, 1.870000000000015206, 1.734723475976807094E-15 ) ) ;
#1265 = EDGE_LOOP ( 'NONE', ( #2259, #5523, #1354, #2607 ) ) ;
#1266 = LINE ( 'NONE', #2219, #4104 ) ;
#1267 = VECTOR ( 'NONE', #946, 1000.000000000000000 ) ;
#1268 = VERTEX_POINT ( 'NONE', #5256 ) ;
#1269 = ORIENTED_EDGE ( 'NONE', *, *, #4185, .F. ) ;
#1270 = DIRECTION ( 'NONE',  ( -0.000000000000000000, -0.000000000000000000, 1.000000000000000000 ) ) ;
#1271 = EDGE_CURVE ( 'NONE', #5026, #3998, #479, .T. ) ;
#1272 = CARTESIAN_POINT ( 'NONE',  ( 1.369999999999998774, 1.640000000000015445, -2.089999999999998082 ) ) ;
#1273 = DIRECTION ( 'NONE',  ( 1.000000000000000000, 0.000000000000000000, -0.000000000000000000 ) ) ;
#1274 = CARTESIAN_POINT ( 'NONE',  ( -0.6050000000000013145, 0.05000000000001530998, -0.3649999999999977152 ) ) ;
#1275 = ORIENTED_EDGE ( 'NONE', *, *, #5870, .T. ) ;
#1276 = DIRECTION ( 'NONE',  ( 0.9979524846466628629, 0.000000000000000000, 0.06395966219072930781 ) ) ;
#1277 = LINE ( 'NONE', #941, #4069 ) ;
#1278 = AXIS2_PLACEMENT_3D ( 'NONE', #2585, #2619, #724 ) ;
#1279 = VERTEX_POINT ( 'NONE', #1947 ) ;
#1280 = PLANE ( 'NONE',  #283 ) ;
#1281 = ORIENTED_EDGE ( 'NONE', *, *, #4040, .T. ) ;
#1282 = VECTOR ( 'NONE', #2319, 1000.000000000000000 ) ;
#1283 = CARTESIAN_POINT ( 'NONE',  ( -3.200000000000001510, 0.05000000000001530998, 1.370000000000002105 ) ) ;
#1284 = EDGE_CURVE ( 'NONE', #2745, #6, #3341, .T. ) ;
#1285 = VECTOR ( 'NONE', #3726, 1000.000000000000000 ) ;
#1286 = DIRECTION ( 'NONE',  ( 0.000000000000000000, -1.000000000000000000, -0.000000000000000000 ) ) ;
#1287 = DIRECTION ( 'NONE',  ( 0.000000000000000000, 0.02173399540922035106, 0.9997637888239161441 ) ) ;
#1288 = CARTESIAN_POINT ( 'NONE',  ( -2.800000000000001155, 0.2600000000000153300, 2.100000000000001865 ) ) ;
#1289 = ORIENTED_EDGE ( 'NONE', *, *, #2680, .T. ) ;
#1290 = ORIENTED_EDGE ( 'NONE', *, *, #1092, .T. ) ;
#1291 = LINE ( 'NONE', #796, #605 ) ;
#1292 = DIRECTION ( 'NONE',  ( 0.000000000000000000, 0.05303311836815849389, -0.9985927540074327480 ) ) ;
#1293 = VECTOR ( 'NONE', #6223, 1000.000000000000000 ) ;
#1294 = LINE ( 'NONE', #4101, #960 ) ;
#1295 = DIRECTION ( 'NONE',  ( 0.000000000000000000, -1.000000000000000000, -0.000000000000000000 ) ) ;
#1296 = ORIENTED_EDGE ( 'NONE', *, *, #1847, .F. ) ;
#1297 = DIRECTION ( 'NONE',  ( -0.000000000000000000, 1.000000000000000000, 0.000000000000000000 ) ) ;
#1298 = EDGE_CURVE ( 'NONE', #551, #5808, #1, .T. ) ;
#1299 = ADVANCED_FACE ( 'NONE', ( #2938 ), #2400, .F. ) ;
#1300 = VERTEX_POINT ( 'NONE', #3433 ) ;
#1301 = ADVANCED_FACE ( 'NONE', ( #2462 ), #1920, .T. ) ;
#1302 = DIRECTION ( 'NONE',  ( 1.000000000000000000, 0.000000000000000000, -0.000000000000000000 ) ) ;
#1303 = ADVANCED_FACE ( 'NONE', ( #5345 ), #2960, .F. ) ;
#1304 = LINE ( 'NONE', #6185, #1046 ) ;
#1305 = LINE ( 'NONE', #2763, #5471 ) ;
#1306 = DIRECTION ( 'NONE',  ( 1.000000000000000000, 0.000000000000000000, -0.000000000000000000 ) ) ;
#1307 = EDGE_LOOP ( 'NONE', ( #4029, #6037, #303, #3141 ) ) ;
#1308 = EDGE_CURVE ( 'NONE', #3546, #119, #2647, .T. ) ;
#1309 = CARTESIAN_POINT ( 'NONE',  ( 1.104999999999998428, 0.05000000000001154910, -2.099999999999998757 ) ) ;
#1310 = EDGE_LOOP ( 'NONE', ( #2958, #2328, #1553, #1441 ) ) ;
#1311 = VECTOR ( 'NONE', #2081, 1000.000000000000000 ) ;
#1312 = VECTOR ( 'NONE', #2822, 1000.000000000000000 ) ;
#1313 = EDGE_CURVE ( 'NONE', #3819, #5944, #2579, .T. ) ;
#1314 = PLANE ( 'NONE',  #3460 ) ;
#1315 = CARTESIAN_POINT ( 'NONE',  ( -1.301042606982605321E-15, 0.1600000000000153244, 2.100000000000001865 ) ) ;
#1316 = ORIENTED_EDGE ( 'NONE', *, *, #2775, .F. ) ;
#1317 = CARTESIAN_POINT ( 'NONE',  ( -0.6050000000000013145, 0.2500000000000152656, -1.399999999999998135 ) ) ;
#1318 = EDGE_CURVE ( 'NONE', #3393, #3194, #4960, .T. ) ;
#1319 = EDGE_LOOP ( 'NONE', ( #3735, #3404, #243, #4439 ) ) ;
#1320 = PLANE ( 'NONE',  #5807 ) ;
#1321 = CARTESIAN_POINT ( 'NONE',  ( -1.720000000000001528, 1.370000000000015206, 1.370000000000002105 ) ) ;
#1322 = DIRECTION ( 'NONE',  ( 0.000000000000000000, -1.000000000000000000, -0.000000000000000000 ) ) ;
#1323 = ORIENTED_EDGE ( 'NONE', *, *, #1419, .F. ) ;
#1324 = ADVANCED_FACE ( 'NONE', ( #244 ), #3516, .T. ) ;
#1325 = ORIENTED_EDGE ( 'NONE', *, *, #5220, .F. ) ;
#1326 = PLANE ( 'NONE',  #96 ) ;
#1327 = LINE ( 'NONE', #385, #1094 ) ;
#1328 = LINE ( 'NONE', #5069, #2773 ) ;
#1329 = LINE ( 'NONE', #3786, #3106 ) ;
#1330 = VERTEX_POINT ( 'NONE', #2551 ) ;
#1331 = FACE_OUTER_BOUND ( 'NONE', #369, .T. ) ;
#1332 = ORIENTED_EDGE ( 'NONE', *, *, #2149, .F. ) ;
#1333 = EDGE_CURVE ( 'NONE', #4346, #1663, #4462, .T. ) ;
#1334 = PLANE ( 'NONE',  #4210 ) ;
#1335 = DIRECTION ( 'NONE',  ( 1.000000000000000000, 0.000000000000000000, -0.000000000000000000 ) ) ;
#1336 = CARTESIAN_POINT ( 'NONE',  ( -0.4050000000000013034, 0.8061074182865152205, -0.6999999999999979572 ) ) ;
#1337 = PLANE ( 'NONE',  #6183 ) ;
#1338 = ORIENTED_EDGE ( 'NONE', *, *, #5374, .T. ) ;
#1339 = EDGE_CURVE ( 'NONE', #1495, #5305, #5908, .T. ) ;
#1340 = LINE ( 'NONE', #6190, #5659 ) ;
#1341 = ORIENTED_EDGE ( 'NONE', *, *, #2863, .T. ) ;
#1342 = CARTESIAN_POINT ( 'NONE',  ( -0.5000000000000013323, 0.2460317290131153467, -1.899999999999998135 ) ) ;
#1343 = LINE ( 'NONE', #4308, #4933 ) ;
#1344 = ORIENTED_EDGE ( 'NONE', *, *, #2231, .F. ) ;
#1345 = DIRECTION ( 'NONE',  ( 0.000000000000000000, 0.000000000000000000, 1.000000000000000000 ) ) ;
#1346 = ORIENTED_EDGE ( 'NONE', *, *, #2316, .F. ) ;
#1347 = DIRECTION ( 'NONE',  ( 0.000000000000000000, 0.05233595624297854298, 0.9986295347545720569 ) ) ;
#1348 = ORIENTED_EDGE ( 'NONE', *, *, #5958, .T. ) ;
#1349 = EDGE_CURVE ( 'NONE', #2927, #3248, #2612, .T. ) ;
#1350 = VECTOR ( 'NONE', #5182, 1000.000000000000000 ) ;
#1351 = DIRECTION ( 'NONE',  ( -1.000000000000000000, -0.000000000000000000, -0.000000000000000000 ) ) ;
#1352 = PLANE ( 'NONE',  #4333 ) ;
#1353 = ORIENTED_EDGE ( 'NONE', *, *, #5537, .F. ) ;
#1354 = ORIENTED_EDGE ( 'NONE', *, *, #5057, .F. ) ;
#1355 = ORIENTED_EDGE ( 'NONE', *, *, #2696, .T. ) ;
#1356 = DIRECTION ( 'NONE',  ( 1.000000000000000000, 0.000000000000000000, -0.000000000000000000 ) ) ;
#1357 = VECTOR ( 'NONE', #3063, 1000.000000000000000 ) ;
#1358 = EDGE_CURVE ( 'NONE', #4166, #5254, #3550, .T. ) ;
#1359 = CARTESIAN_POINT ( 'NONE',  ( -2.232216308760501366, 0.2000000000000152767, -2.089999999999998082 ) ) ;
#1360 = CARTESIAN_POINT ( 'NONE',  ( 0.5949999999999987521, 0.1920634580262153002, -1.999999999999997335 ) ) ;
#1361 = CARTESIAN_POINT ( 'NONE',  ( 0.9999999999999991118, 1.178400759486015303, -0.1201105361599980048 ) ) ;
#1362 = VERTEX_POINT ( 'NONE', #1126 ) ;
#1363 = CARTESIAN_POINT ( 'NONE',  ( -0.9050000000000012479, 0.8061074182865152205, -2.799999999999998490 ) ) ;
#1364 = EDGE_LOOP ( 'NONE', ( #1645, #937, #4245, #1447 ) ) ;
#1365 = DIRECTION ( 'NONE',  ( -0.000000000000000000, 1.000000000000000000, 0.000000000000000000 ) ) ;
#1366 = LINE ( 'NONE', #395, #5172 ) ;
#1367 = CARTESIAN_POINT ( 'NONE',  ( 0.8949999999999982414, 0.2500000000000152656, -1.399999999999998135 ) ) ;
#1368 = DIRECTION ( 'NONE',  ( 1.000000000000000000, 0.000000000000000000, -0.000000000000000000 ) ) ;
#1369 = VERTEX_POINT ( 'NONE', #5970 ) ;
#1370 = CARTESIAN_POINT ( 'NONE',  ( -0.1050000000000013561, 0.05000000000000778821, -1.399999999999998135 ) ) ;
#1371 = EDGE_LOOP ( 'NONE', ( #4858, #3441, #5732, #3910, #5245, #5717, #2426, #2201, #3922 ) ) ;
#1372 = VECTOR ( 'NONE', #1286, 1000.000000000000000 ) ;
#1373 = CARTESIAN_POINT ( 'NONE',  ( -1.550000000000001377, 0.7250000000000152989, -0.2499999999999980571 ) ) ;
#1374 = DIRECTION ( 'NONE',  ( -0.000000000000000000, 0.000000000000000000, -1.000000000000000000 ) ) ;
#1375 = VERTEX_POINT ( 'NONE', #3083 ) ;
#1376 = DIRECTION ( 'NONE',  ( 1.000000000000000000, -0.000000000000000000, 0.000000000000000000 ) ) ;
#1377 = ORIENTED_EDGE ( 'NONE', *, *, #832, .T. ) ;
#1378 = EDGE_CURVE ( 'NONE', #71, #5828, #5492, .T. ) ;
#1379 = DIRECTION ( 'NONE',  ( 0.000000000000000000, -0.000000000000000000, 1.000000000000000000 ) ) ;
#1380 = ADVANCED_FACE ( 'NONE', ( #4088 ), #3579, .F. ) ;
#1381 = CARTESIAN_POINT ( 'NONE',  ( 2.582216308760998391, 1.530757942277971573E-14, -0.1899999999999978928 ) ) ;
#1382 = LINE ( 'NONE', #3375, #3708 ) ;
#1383 = ORIENTED_EDGE ( 'NONE', *, *, #1230, .T. ) ;
#1384 = VECTOR ( 'NONE', #1718, 1000.000000000000000 ) ;
#1385 = EDGE_CURVE ( 'NONE', #1463, #1736, #3487, .T. ) ;
#1386 = EDGE_CURVE ( 'NONE', #6012, #1660, #5458, .T. ) ;
#1387 = ORIENTED_EDGE ( 'NONE', *, *, #4917, .T. ) ;
#1388 = VECTOR ( 'NONE', #2124, 1000.000000000000000 ) ;
#1389 = CARTESIAN_POINT ( 'NONE',  ( -1.550000000000001377, 0.7200000000000152944, -0.5999999999999980904 ) ) ;
#1390 = DIRECTION ( 'NONE',  ( -1.000000000000000000, -0.000000000000000000, 0.000000000000000000 ) ) ;
#1391 = CIRCLE ( 'NONE', #3209, 0.09999999999999982514 ) ;
#1392 = DIRECTION ( 'NONE',  ( 0.000000000000000000, 0.000000000000000000, -1.000000000000000000 ) ) ;
#1393 = FACE_OUTER_BOUND ( 'NONE', #1626, .T. ) ;
#1394 = DIRECTION ( 'NONE',  ( 1.000000000000000000, 0.000000000000000000, 0.000000000000000000 ) ) ;
#1395 = EDGE_LOOP ( 'NONE', ( #2757, #3129, #5193, #2105 ) ) ;
#1396 = LINE ( 'NONE', #425, #5906 ) ;
#1397 = CARTESIAN_POINT ( 'NONE',  ( -2.264432617520301783, 0.9100000000000152411, -2.089999999999998082 ) ) ;
#1398 = DIRECTION ( 'NONE',  ( -1.000000000000000000, 0.000000000000000000, -0.000000000000000000 ) ) ;
#1399 = DIRECTION ( 'NONE',  ( 1.000000000000000000, 0.000000000000000000, -0.000000000000000000 ) ) ;
#1400 = ORIENTED_EDGE ( 'NONE', *, *, #768, .T. ) ;
#1401 = PLANE ( 'NONE',  #5557 ) ;
#1402 = ORIENTED_EDGE ( 'NONE', *, *, #6182, .T. ) ;
#1403 = ADVANCED_FACE ( 'NONE', ( #5999 ), #4031, .T. ) ;
#1404 = ORIENTED_EDGE ( 'NONE', *, *, #4227, .T. ) ;
#1405 = LINE ( 'NONE', #2511, #4718 ) ;
#1406 = DIRECTION ( 'NONE',  ( 1.000000000000000000, 0.000000000000000000, -0.000000000000000000 ) ) ;
#1407 = CARTESIAN_POINT ( 'NONE',  ( -2.400000000000001688, 1.370000000000015206, 1.370000000000002105 ) ) ;
#1408 = DIRECTION ( 'NONE',  ( 0.000000000000000000, 1.000000000000000000, -0.000000000000000000 ) ) ;
#1409 = ORIENTED_EDGE ( 'NONE', *, *, #1092, .F. ) ;
#1410 = VECTOR ( 'NONE', #5737, 1000.000000000000000 ) ;
#1411 = VECTOR ( 'NONE', #2113, 1000.000000000000000 ) ;
#1412 = EDGE_CURVE ( 'NONE', #3580, #4686, #5938, .T. ) ;
#1413 = EDGE_CURVE ( 'NONE', #211, #2459, #1157, .T. ) ;
#1414 = LINE ( 'NONE', #5756, #378 ) ;
#1415 = VECTOR ( 'NONE', #4053, 1000.000000000000000 ) ;
#1416 = CARTESIAN_POINT ( 'NONE',  ( 0.5949999999999987521, 1.251378662819916165, 1.303418489698997984 ) ) ;
#1417 = DIRECTION ( 'NONE',  ( 1.000000000000000000, 0.000000000000000000, 0.000000000000000000 ) ) ;
#1418 = ORIENTED_EDGE ( 'NONE', *, *, #1955, .T. ) ;
#1419 = EDGE_CURVE ( 'NONE', #3540, #4390, #2677, .T. ) ;
#1420 = ORIENTED_EDGE ( 'NONE', *, *, #2937, .T. ) ;
#1421 = PRODUCT_DEFINITION ( 'UNKNOWN', '', #1213, #1930 ) ;
#1422 = EDGE_LOOP ( 'NONE', ( #4622, #1344, #779, #1071, #4589, #1851, #4694, #1638, #5028, #2630, #5082, #2961 ) ) ;
#1423 = DIRECTION ( 'NONE',  ( -0.000000000000000000, 0.000000000000000000, -1.000000000000000000 ) ) ;
#1424 = CARTESIAN_POINT ( 'NONE',  ( 0.4049999999999986944, 1.117991655295015319, 1.017369128958002023 ) ) ;
#1425 = PLANE ( 'NONE',  #6189 ) ;
#1426 = CARTESIAN_POINT ( 'NONE',  ( 0.5949999999999987521, 0.8061074182865152205, -1.899999999999998135 ) ) ;
#1427 = VERTEX_POINT ( 'NONE', #5879 ) ;
#1428 = EDGE_CURVE ( 'NONE', #5429, #5966, #2075, .T. ) ;
#1429 = UNCERTAINTY_MEASURE_WITH_UNIT (LENGTH_MEASURE( 1.000000000000000082E-05 ), #6137, 'distance_accuracy_value', 'NONE');
#1430 = VERTEX_POINT ( 'NONE', #5401 ) ;
#1431 = FACE_OUTER_BOUND ( 'NONE', #1135, .T. ) ;
#1432 = PLANE ( 'NONE',  #965 ) ;
#1433 = DIRECTION ( 'NONE',  ( 0.000000000000000000, -0.000000000000000000, 1.000000000000000000 ) ) ;
#1434 = EDGE_LOOP ( 'NONE', ( #3585, #5413, #5657, #1771 ) ) ;
#1435 = CARTESIAN_POINT ( 'NONE',  ( -1.301042606982605321E-15, 1.210000000000015286, -0.5999999999999980904 ) ) ;
#1436 = ORIENTED_EDGE ( 'NONE', *, *, #4636, .T. ) ;
#1437 = CARTESIAN_POINT ( 'NONE',  ( -0.9050000000000012479, 0.1920634580260152935, -1.899999999999998135 ) ) ;
#1438 = LINE ( 'NONE', #971, #1544 ) ;
#1439 = DIRECTION ( 'NONE',  ( 0.000000000000000000, 0.4226182617420166654, 0.9063077870360357613 ) ) ;
#1440 = FACE_OUTER_BOUND ( 'NONE', #4154, .T. ) ;
#1441 = ORIENTED_EDGE ( 'NONE', *, *, #2464, .F. ) ;
#1442 = CARTESIAN_POINT ( 'NONE',  ( -1.600000000000001421, 0.1600000000000153244, 1.300000000000002043 ) ) ;
#1443 = VECTOR ( 'NONE', #1276, 1000.000000000000114 ) ;
#1444 = LINE ( 'NONE', #4345, #4983 ) ;
#1445 = DIRECTION ( 'NONE',  ( -0.000000000000000000, -1.000000000000000000, -0.000000000000000000 ) ) ;
#1446 = ORIENTED_EDGE ( 'NONE', *, *, #2121, .T. ) ;
#1447 = ORIENTED_EDGE ( 'NONE', *, *, #2040, .T. ) ;
#1448 = VECTOR ( 'NONE', #556, 1000.000000000000000 ) ;
#1449 = CARTESIAN_POINT ( 'NONE',  ( 2.284999999999998810, 0.2800000000000152922, -1.024999999999998135 ) ) ;
#1450 = DIRECTION ( 'NONE',  ( 0.000000000000000000, 0.000000000000000000, 1.000000000000000000 ) ) ;
#1451 = DIRECTION ( 'NONE',  ( -1.000000000000000000, 0.000000000000000000, -0.000000000000000000 ) ) ;
#1452 = CARTESIAN_POINT ( 'NONE',  ( 0.9999999999999991118, 0.2500000000000152656, -1.899999999999998135 ) ) ;
#1453 = VECTOR ( 'NONE', #101, 1000.000000000000000 ) ;
#1454 = ORIENTED_EDGE ( 'NONE', *, *, #4155, .F. ) ;
#1455 = VECTOR ( 'NONE', #6090, 1000.000000000000000 ) ;
#1456 = CARTESIAN_POINT ( 'NONE',  ( 3.499999999999998668, 0.2600000000000153300, 0.7000000000000020650 ) ) ;
#1457 = DIRECTION ( 'NONE',  ( 1.000000000000000000, 0.000000000000000000, -0.000000000000000000 ) ) ;
#1458 = ADVANCED_FACE ( 'NONE', ( #3023 ), #2300, .F. ) ;
#1459 = LINE ( 'NONE', #457, #2271 ) ;
#1460 = VERTEX_POINT ( 'NONE', #4716 ) ;
#1461 = AXIS2_PLACEMENT_3D ( 'NONE', #5079, #6059, #3666 ) ;
#1462 = DIRECTION ( 'NONE',  ( 0.000000000000000000, 0.05303311836815849389, -0.9985927540074327480 ) ) ;
#1463 = VERTEX_POINT ( 'NONE', #1317 ) ;
#1464 = EDGE_CURVE ( 'NONE', #2864, #2676, #5086, .T. ) ;
#1465 = EDGE_LOOP ( 'NONE', ( #2215, #5184, #4808, #5874 ) ) ;
#1466 = PLANE ( 'NONE',  #3213 ) ;
#1467 = LINE ( 'NONE', #5811, #5672 ) ;
#1468 = LINE ( 'NONE', #5785, #5019 ) ;
#1469 = DIRECTION ( 'NONE',  ( 0.000000000000000000, 0.9997637888239161441, -0.02173399540922035106 ) ) ;
#1470 = ORIENTED_EDGE ( 'NONE', *, *, #3242, .T. ) ;
#1471 = VECTOR ( 'NONE', #56, 1000.000000000000000 ) ;
#1472 = DIRECTION ( 'NONE',  ( 0.000000000000000000, 0.000000000000000000, 1.000000000000000000 ) ) ;
#1473 = VECTOR ( 'NONE', #1151, 1000.000000000000000 ) ;
#1474 = CARTESIAN_POINT ( 'NONE',  ( -2.232216308760501366, 0.2800000000000153477, -2.089999999999998082 ) ) ;
#1475 = ORIENTED_EDGE ( 'NONE', *, *, #2006, .F. ) ;
#1476 = ORIENTED_EDGE ( 'NONE', *, *, #730, .T. ) ;
#1477 = EDGE_CURVE ( 'NONE', #4442, #1790, #3706, .T. ) ;
#1478 = DIRECTION ( 'NONE',  ( -0.000000000000000000, 0.000000000000000000, -1.000000000000000000 ) ) ;
#1479 = DIRECTION ( 'NONE',  ( -1.000000000000000000, -0.000000000000000000, 0.000000000000000000 ) ) ;
#1480 = AXIS2_PLACEMENT_3D ( 'NONE', #3521, #1129, #2352 ) ;
#1481 = CARTESIAN_POINT ( 'NONE',  ( -1.301042606982605321E-15, 0.1600000000000153244, 1.650000000000001910 ) ) ;
#1482 = FACE_OUTER_BOUND ( 'NONE', #5905, .T. ) ;
#1483 = ORIENTED_EDGE ( 'NONE', *, *, #1143, .T. ) ;
#1484 = AXIS2_PLACEMENT_3D ( 'NONE', #5013, #2095, #4484 ) ;
#1485 = EDGE_CURVE ( 'NONE', #293, #1160, #3241, .T. ) ;
#1486 = VECTOR ( 'NONE', #5235, 1000.000000000000000 ) ;
#1487 = LINE ( 'NONE', #3413, #3769 ) ;
#1488 = DIRECTION ( 'NONE',  ( 1.000000000000000000, 0.000000000000000000, -0.000000000000000000 ) ) ;
#1489 = DIRECTION ( 'NONE',  ( 1.000000000000000000, 0.000000000000000000, -0.000000000000000000 ) ) ;
#1490 = EDGE_CURVE ( 'NONE', #2531, #4809, #4148, .T. ) ;
#1491 = ORIENTED_EDGE ( 'NONE', *, *, #221, .T. ) ;
#1492 = VECTOR ( 'NONE', #516, 1000.000000000000000 ) ;
#1493 = LINE ( 'NONE', #4271, #5359 ) ;
#1494 = EDGE_CURVE ( 'NONE', #4300, #5151, #2233, .T. ) ;
#1495 = VERTEX_POINT ( 'NONE', #6065 ) ;
#1496 = ORIENTED_EDGE ( 'NONE', *, *, #2987, .F. ) ;
#1497 = CARTESIAN_POINT ( 'NONE',  ( -1.095000000000001306, 0.8061074182865152205, -1.899999999999998135 ) ) ;
#1498 = DIRECTION ( 'NONE',  ( 0.000000000000000000, -0.000000000000000000, 1.000000000000000000 ) ) ;
#1499 = CARTESIAN_POINT ( 'NONE',  ( -1.301042606982605321E-15, 0.2631019448208152811, -2.549999999999998490 ) ) ;
#1500 = EDGE_CURVE ( 'NONE', #1609, #898, #4119, .T. ) ;
#1501 = VECTOR ( 'NONE', #413, 1000.000000000000000 ) ;
#1502 = ORIENTED_EDGE ( 'NONE', *, *, #390, .F. ) ;
#1503 = EDGE_CURVE ( 'NONE', #1894, #1717, #6164, .T. ) ;
#1504 = DIRECTION ( 'NONE',  ( 0.000000000000000000, -0.000000000000000000, 1.000000000000000000 ) ) ;
#1505 = EDGE_CURVE ( 'NONE', #399, #4475, #5690, .T. ) ;
#1506 = VECTOR ( 'NONE', #1374, 1000.000000000000000 ) ;
#1507 = DIRECTION ( 'NONE',  ( 0.9979524846468679211, 0.000000000000000000, 0.06395966218752796584 ) ) ;
#1508 = VERTEX_POINT ( 'NONE', #1853 ) ;
#1509 = VECTOR ( 'NONE', #2033, 1000.000000000000000 ) ;
#1510 = EDGE_LOOP ( 'NONE', ( #1895, #803, #4891, #4182 ) ) ;
#1511 = LINE ( 'NONE', #2045, #4003 ) ;
#1512 = DIRECTION ( 'NONE',  ( 1.000000000000000000, 0.000000000000000000, 0.000000000000000000 ) ) ;
#1513 = AXIS2_PLACEMENT_3D ( 'NONE', #420, #4261, #4351 ) ;
#1514 = EDGE_CURVE ( 'NONE', #5050, #4794, #1749, .T. ) ;
#1515 = CARTESIAN_POINT ( 'NONE',  ( -0.4050000000000013034, 0.8061074182865152205, -1.899999999999998135 ) ) ;
#1516 = CARTESIAN_POINT ( 'NONE',  ( 1.599999999999998090, 0.9600000000000152856, 1.370000000000002105 ) ) ;
#1517 = CARTESIAN_POINT ( 'NONE',  ( -1.095000000000001306, 0.2762038896414996114, -2.300000000000002487 ) ) ;
#1518 = ORIENTED_EDGE ( 'NONE', *, *, #301, .F. ) ;
#1519 = ORIENTED_EDGE ( 'NONE', *, *, #758, .F. ) ;
#1520 = DIRECTION ( 'NONE',  ( -0.000000000000000000, -1.000000000000000000, -0.000000000000000000 ) ) ;
#1521 = VECTOR ( 'NONE', #4039, 1000.000000000000000 ) ;
#1522 = CARTESIAN_POINT ( 'NONE',  ( -2.550000000000001599, 0.9600000000000152856, 1.400000000000001910 ) ) ;
#1523 = DIRECTION ( 'NONE',  ( 0.000000000000000000, 0.000000000000000000, -1.000000000000000000 ) ) ;
#1524 = ORIENTED_EDGE ( 'NONE', *, *, #572, .T. ) ;
#1525 = DIRECTION ( 'NONE',  ( 0.000000000000000000, -0.000000000000000000, 1.000000000000000000 ) ) ;
#1526 = ADVANCED_FACE ( 'NONE', ( #5555 ), #3273, .F. ) ;
#1527 = ORIENTED_EDGE ( 'NONE', *, *, #234, .F. ) ;
#1528 = VERTEX_POINT ( 'NONE', #785 ) ;
#1529 = DIRECTION ( 'NONE',  ( 1.000000000000000000, -0.000000000000000000, 0.000000000000000000 ) ) ;
#1530 = DIRECTION ( 'NONE',  ( 0.000000000000000000, 0.000000000000000000, 1.000000000000000000 ) ) ;
#1531 = FACE_OUTER_BOUND ( 'NONE', #3105, .T. ) ;
#1532 = ORIENTED_EDGE ( 'NONE', *, *, #1964, .F. ) ;
#1533 = CARTESIAN_POINT ( 'NONE',  ( -0.5000000000000013323, 1.185809608451015462, 1.162805198833802178 ) ) ;
#1534 = CARTESIAN_POINT ( 'NONE',  ( 2.444432617519998630, 2.280890320366379953E-14, -0.1899999999999978928 ) ) ;
#1535 = ORIENTED_EDGE ( 'NONE', *, *, #5116, .T. ) ;
#1536 = VERTEX_POINT ( 'NONE', #5124 ) ;
#1537 = DIRECTION ( 'NONE',  ( 0.000000000000000000, -0.000000000000000000, 1.000000000000000000 ) ) ;
#1538 = AXIS2_PLACEMENT_3D ( 'NONE', #3392, #5715, #72 ) ;
#1539 = CARTESIAN_POINT ( 'NONE',  ( -2.300000000000001155, 1.370000000000015206, 1.370000000000002105 ) ) ;
#1540 = CARTESIAN_POINT ( 'NONE',  ( -0.6050000000000013145, 0.9600000000000152856, -2.099999999999998757 ) ) ;
#1541 = DIRECTION ( 'NONE',  ( 0.000000000000000000, 1.000000000000000000, 0.000000000000000000 ) ) ;
#1542 = PLANE ( 'NONE',  #5736 ) ;
#1543 = ORIENTED_EDGE ( 'NONE', *, *, #4816, .T. ) ;
#1544 = VECTOR ( 'NONE', #5839, 1000.000000000000000 ) ;
#1545 = EDGE_LOOP ( 'NONE', ( #5259, #4944, #2450, #3301, #1579, #109 ) ) ;
#1546 = CARTESIAN_POINT ( 'NONE',  ( 0.4049999999999986944, 1.251378662820015419, 1.303418489699001981 ) ) ;
#1547 = FACE_OUTER_BOUND ( 'NONE', #3768, .T. ) ;
#1548 = AXIS2_PLACEMENT_3D ( 'NONE', #4044, #702, #4440 ) ;
#1549 = EDGE_LOOP ( 'NONE', ( #4279, #4579, #1704, #4964 ) ) ;
#1550 = CARTESIAN_POINT ( 'NONE',  ( -1.600000000000001421, 0.1600000000000152967, 1.400000000000001910 ) ) ;
#1551 = AXIS2_PLACEMENT_3D ( 'NONE', #1360, #3252, #4602 ) ;
#1552 = ORIENTED_EDGE ( 'NONE', *, *, #4316, .T. ) ;
#1553 = ORIENTED_EDGE ( 'NONE', *, *, #310, .F. ) ;
#1554 = ORIENTED_EDGE ( 'NONE', *, *, #2230, .T. ) ;
#1555 = DIRECTION ( 'NONE',  ( -0.000000000000000000, -1.000000000000000000, -0.000000000000000000 ) ) ;
#1556 = EDGE_CURVE ( 'NONE', #3128, #3590, #1821, .T. ) ;
#1557 = FACE_OUTER_BOUND ( 'NONE', #4466, .T. ) ;
#1558 = PLANE ( 'NONE',  #1815 ) ;
#1559 = VECTOR ( 'NONE', #3388, 1000.000000000000000 ) ;
#1560 = CARTESIAN_POINT ( 'NONE',  ( 1.094999999999998863, 0.8061074182865152205, -0.6999999999999979572 ) ) ;
#1561 = ORIENTED_EDGE ( 'NONE', *, *, #4648, .F. ) ;
#1562 = LINE ( 'NONE', #1977, #4702 ) ;
#1563 = DIRECTION ( 'NONE',  ( -0.000000000000000000, -0.000000000000000000, 1.000000000000000000 ) ) ;
#1564 = ADVANCED_FACE ( 'NONE', ( #5593 ), #1280, .F. ) ;
#1565 = EDGE_LOOP ( 'NONE', ( #32, #1862, #5663, #4149 ) ) ;
#1566 = EDGE_CURVE ( 'NONE', #1822, #5594, #2711, .T. ) ;
#1567 = EDGE_CURVE ( 'NONE', #1894, #5934, #5655, .T. ) ;
#1568 = ORIENTED_EDGE ( 'NONE', *, *, #5116, .F. ) ;
#1569 = ADVANCED_FACE ( 'NONE', ( #2842 ), #2743, .F. ) ;
#1570 = LINE ( 'NONE', #4939, #5310 ) ;
#1571 = AXIS2_PLACEMENT_3D ( 'NONE', #953, #6143, #1800 ) ;
#1572 = DIRECTION ( 'NONE',  ( 1.000000000000000000, 0.000000000000000000, 0.000000000000000000 ) ) ;
#1573 = DIRECTION ( 'NONE',  ( 1.000000000000000000, 0.000000000000000000, -0.000000000000000000 ) ) ;
#1574 = CARTESIAN_POINT ( 'NONE',  ( -1.879432617520001347, 0.05000000000001530998, -0.1899999999999978928 ) ) ;
#1575 = ADVANCED_FACE ( 'NONE', ( #4651 ), #335, .F. ) ;
#1576 = CARTESIAN_POINT ( 'NONE',  ( 0.3949999999999986300, 0.05000000000000778821, -1.399999999999998135 ) ) ;
#1577 = EDGE_CURVE ( 'NONE', #3513, #5202, #4814, .T. ) ;
#1578 = EDGE_CURVE ( 'NONE', #2301, #3787, #3369, .T. ) ;
#1579 = ORIENTED_EDGE ( 'NONE', *, *, #4367, .F. ) ;
#1580 = VECTOR ( 'NONE', #2492, 1000.000000000000000 ) ;
#1581 = LINE ( 'NONE', #1232, #4525 ) ;
#1582 = DIRECTION ( 'NONE',  ( -1.000000000000000000, 0.000000000000000000, -0.000000000000000000 ) ) ;
#1583 = FACE_OUTER_BOUND ( 'NONE', #584, .T. ) ;
#1584 = EDGE_LOOP ( 'NONE', ( #1296, #1031, #3147, #2364 ) ) ;
#1585 = CARTESIAN_POINT ( 'NONE',  ( -1.789432617520001267, 1.820000000000015383, -0.1899999999999978928 ) ) ;
#1586 = VECTOR ( 'NONE', #3541, 1000.000000000000000 ) ;
#1587 = ORIENTED_EDGE ( 'NONE', *, *, #4380, .F. ) ;
#1588 = ORIENTED_EDGE ( 'NONE', *, *, #1990, .F. ) ;
#1589 = DIRECTION ( 'NONE',  ( 1.000000000000000000, 0.000000000000000000, -0.000000000000000000 ) ) ;
#1590 = DIRECTION ( 'NONE',  ( -0.000000000000000000, -1.000000000000000000, -0.000000000000000000 ) ) ;
#1591 = VECTOR ( 'NONE', #2252, 1000.000000000000000 ) ;
#1592 = DIRECTION ( 'NONE',  ( 0.000000000000000000, 1.000000000000000000, 0.000000000000000000 ) ) ;
#1593 = CARTESIAN_POINT ( 'NONE',  ( -2.444432617520301054, 0.2000000000000153044, -1.139999999999998126 ) ) ;
#1594 = VECTOR ( 'NONE', #3656, 1000.000000000000000 ) ;
#1595 = ORIENTED_EDGE ( 'NONE', *, *, #2705, .T. ) ;
#1596 = ORIENTED_EDGE ( 'NONE', *, *, #6233, .T. ) ;
#1597 = CARTESIAN_POINT ( 'NONE',  ( -1.600000000000001421, 0.05000000000001530998, 1.370000000000002105 ) ) ;
#1598 = VECTOR ( 'NONE', #1445, 1000.000000000000000 ) ;
#1599 = DIRECTION ( 'NONE',  ( -1.000000000000000000, -0.000000000000000000, 0.000000000000000000 ) ) ;
#1600 = ORIENTED_EDGE ( 'NONE', *, *, #3358, .T. ) ;
#1601 = EDGE_CURVE ( 'NONE', #2110, #5662, #27, .T. ) ;
#1602 = ORIENTED_EDGE ( 'NONE', *, *, #5404, .T. ) ;
#1603 = PLANE ( 'NONE',  #1480 ) ;
#1604 = DIRECTION ( 'NONE',  ( -0.000000000000000000, 1.000000000000000000, 0.000000000000000000 ) ) ;
#1605 = DIRECTION ( 'NONE',  ( 1.000000000000000000, 0.000000000000000000, -0.000000000000000000 ) ) ;
#1606 = EDGE_CURVE ( 'NONE', #2005, #2531, #5280, .T. ) ;
#1607 = CARTESIAN_POINT ( 'NONE',  ( 2.299999999999998046, 0.9600000000000152856, 1.370000000000002105 ) ) ;
#1608 = AXIS2_PLACEMENT_3D ( 'NONE', #1786, #3121, #3584 ) ;
#1609 = VERTEX_POINT ( 'NONE', #3840 ) ;
#1610 = VECTOR ( 'NONE', #1868, 1000.000000000000000 ) ;
#1611 = ORIENTED_EDGE ( 'NONE', *, *, #2849, .T. ) ;
#1612 = CARTESIAN_POINT ( 'NONE',  ( 1.094999999999998863, 1.203886659155923855, -0.6000000000000028644 ) ) ;
#1613 = FACE_OUTER_BOUND ( 'NONE', #5274, .T. ) ;
#1614 = ADVANCED_FACE ( 'NONE', ( #2365 ), #129, .T. ) ;
#1615 = LINE ( 'NONE', #1139, #1357 ) ;
#1616 = CARTESIAN_POINT ( 'NONE',  ( -1.095000000000001306, 0.09220050455070533113, -1.994766404375998281 ) ) ;
#1617 = ORIENTED_EDGE ( 'NONE', *, *, #3058, .F. ) ;
#1618 = VECTOR ( 'NONE', #2970, 1000.000000000000000 ) ;
#1619 = LINE ( 'NONE', #4019, #279 ) ;
#1620 = EDGE_LOOP ( 'NONE', ( #4961, #3795, #4474, #2396 ) ) ;
#1621 = ORIENTED_EDGE ( 'NONE', *, *, #4280, .T. ) ;
#1622 = LINE ( 'NONE', #164, #4616 ) ;
#1623 = DIRECTION ( 'NONE',  ( 1.000000000000000000, 0.000000000000000000, -0.000000000000000000 ) ) ;
#1624 = CARTESIAN_POINT ( 'NONE',  ( -1.000000000000001332, 0.2500000000000152656, -1.899999999999998135 ) ) ;
#1625 = CARTESIAN_POINT ( 'NONE',  ( 3.199999999999998845, 0.9600000000000152856, 0.05000000000000229955 ) ) ;
#1626 = EDGE_LOOP ( 'NONE', ( #1066, #2194, #1104, #131 ) ) ;
#1627 = CARTESIAN_POINT ( 'NONE',  ( 1.599999999999998090, 0.8700000000000153166, 1.200000000000001954 ) ) ;
#1628 = EDGE_LOOP ( 'NONE', ( #1483, #3955, #2994, #2420, #2351, #6228 ) ) ;
#1629 = CARTESIAN_POINT ( 'NONE',  ( 1.499999999999998668, 1.559565217391015279, 2.100000000000001865 ) ) ;
#1630 = ORIENTED_EDGE ( 'NONE', *, *, #3429, .F. ) ;
#1631 = VERTEX_POINT ( 'NONE', #973 ) ;
#1632 = CARTESIAN_POINT ( 'NONE',  ( 3.499999999999998668, 0.9600000000000152856, 1.400000000000001910 ) ) ;
#1633 = CARTESIAN_POINT ( 'NONE',  ( -1.301042606982605321E-15, 1.251378662819562670, 1.303418489699011973 ) ) ;
#1634 = ORIENTED_EDGE ( 'NONE', *, *, #5314, .T. ) ;
#1635 = CARTESIAN_POINT ( 'NONE',  ( -0.09500000000000133338, 1.312198954710015242, -2.299999999999998046 ) ) ;
#1636 = DIRECTION ( 'NONE',  ( -1.000000000000000000, 0.000000000000000000, -0.000000000000000000 ) ) ;
#1637 = LINE ( 'NONE', #3525, #4530 ) ;
#1638 = ORIENTED_EDGE ( 'NONE', *, *, #4108, .F. ) ;
#1639 = FACE_OUTER_BOUND ( 'NONE', #4805, .T. ) ;
#1640 = CARTESIAN_POINT ( 'NONE',  ( 0.9999999999999991118, 0.2631019448208152811, -2.549999999999998490 ) ) ;
#1641 = DIRECTION ( 'NONE',  ( 0.000000000000000000, -0.000000000000000000, 1.000000000000000000 ) ) ;
#1642 = DIRECTION ( 'NONE',  ( -0.000000000000000000, -1.000000000000000000, -0.000000000000000000 ) ) ;
#1643 = ORIENTED_EDGE ( 'NONE', *, *, #3587, .T. ) ;
#1644 = CARTESIAN_POINT ( 'NONE',  ( -1.301042606982605321E-15, 0.2500000000000152656, -2.099999999999998757 ) ) ;
#1645 = ORIENTED_EDGE ( 'NONE', *, *, #3639, .T. ) ;
#1646 = DIRECTION ( 'NONE',  ( -1.000000000000000000, -0.000000000000000000, 0.000000000000000000 ) ) ;
#1647 = EDGE_CURVE ( 'NONE', #2227, #2683, #2056, .T. ) ;
#1648 = DIRECTION ( 'NONE',  ( -1.000000000000000000, 0.000000000000000000, -0.000000000000000000 ) ) ;
#1649 = VECTOR ( 'NONE', #1648, 1000.000000000000000 ) ;
#1650 = DIRECTION ( 'NONE',  ( 1.000000000000000000, 0.000000000000000000, -0.000000000000000000 ) ) ;
#1651 = LINE ( 'NONE', #139, #5207 ) ;
#1652 = ORIENTED_EDGE ( 'NONE', *, *, #4687, .T. ) ;
#1653 = EDGE_CURVE ( 'NONE', #1822, #4097, #5724, .T. ) ;
#1655 = CARTESIAN_POINT ( 'NONE',  ( -1.600000000000001421, 1.870000000000015206, 1.370000000000002105 ) ) ;
#1654 = VECTOR ( 'NONE', #5986, 1000.000000000000000 ) ;
#1656 = ORIENTED_EDGE ( 'NONE', *, *, #3918, .F. ) ;
#1657 = DIRECTION ( 'NONE',  ( -0.000000000000000000, 0.000000000000000000, -1.000000000000000000 ) ) ;
#1658 = EDGE_LOOP ( 'NONE', ( #1222, #2584, #4223, #4524 ) ) ;
#1659 = ORIENTED_EDGE ( 'NONE', *, *, #2230, .F. ) ;
#1660 = VERTEX_POINT ( 'NONE', #3502 ) ;
#1661 = FACE_OUTER_BOUND ( 'NONE', #5271, .T. ) ;
#1662 = DIRECTION ( 'NONE',  ( 0.000000000000000000, 0.000000000000000000, 1.000000000000000000 ) ) ;
#1663 = VERTEX_POINT ( 'NONE', #3336 ) ;
#1664 = DIRECTION ( 'NONE',  ( -1.000000000000000000, 0.000000000000000000, -0.000000000000000000 ) ) ;
#1665 =( NAMED_UNIT ( * ) PLANE_ANGLE_UNIT ( ) SI_UNIT ( $, .RADIAN. ) );
#1666 = CARTESIAN_POINT ( 'NONE',  ( 2.299999999999998046, 0.9600000000000152856, 1.400000000000001910 ) ) ;
#1667 = ADVANCED_FACE ( 'NONE', ( #1440 ), #5924, .T. ) ;
#1668 = VECTOR ( 'NONE', #4400, 1000.000000000000000 ) ;
#1669 = ORIENTED_EDGE ( 'NONE', *, *, #3587, .F. ) ;
#1670 = LINE ( 'NONE', #5511, #1858 ) ;
#1671 = CARTESIAN_POINT ( 'NONE',  ( -0.6050000000000013145, 0.05000000000001154910, -2.099999999999998757 ) ) ;
#1672 = LINE ( 'NONE', #4414, #5466 ) ;
#1673 = FACE_OUTER_BOUND ( 'NONE', #5526, .T. ) ;
#1674 = FACE_OUTER_BOUND ( 'NONE', #3234, .T. ) ;
#1675 = EDGE_CURVE ( 'NONE', #4442, #1820, #3977, .T. ) ;
#1676 = ORIENTED_EDGE ( 'NONE', *, *, #3720, .F. ) ;
#1677 = EDGE_CURVE ( 'NONE', #2601, #3552, #5444, .T. ) ;
#1678 = LINE ( 'NONE', #710, #1586 ) ;
#1679 = LINE ( 'NONE', #265, #4563 ) ;
#1680 = EDGE_CURVE ( 'NONE', #4699, #534, #6196, .T. ) ;
#1681 = CARTESIAN_POINT ( 'NONE',  ( 0.1049999999999987610, 0.05000000000000778821, -1.399999999999998135 ) ) ;
#1682 = FACE_OUTER_BOUND ( 'NONE', #3316, .T. ) ;
#1683 = EDGE_CURVE ( 'NONE', #4686, #930, #2425, .T. ) ;
#1684 = AXIS2_PLACEMENT_3D ( 'NONE', #2131, #4588, #4117 ) ;
#1685 = VERTEX_POINT ( 'NONE', #3866 ) ;
#1686 = EDGE_CURVE ( 'NONE', #4338, #1722, #3036, .T. ) ;
#1687 = AXIS2_PLACEMENT_3D ( 'NONE', #2164, #3483, #5396 ) ;
#1688 = DIRECTION ( 'NONE',  ( -0.000000000000000000, 1.000000000000000000, 0.000000000000000000 ) ) ;
#1689 = VECTOR ( 'NONE', #5956, 1000.000000000000000 ) ;
#1690 = VERTEX_POINT ( 'NONE', #5787 ) ;
#1691 = DIRECTION ( 'NONE',  ( 1.000000000000000000, 0.000000000000000000, -0.000000000000000000 ) ) ;
#1692 = ADVANCED_FACE ( 'NONE', ( #1583 ), #4365, .F. ) ;
#1693 = ORIENTED_EDGE ( 'NONE', *, *, #1114, .T. ) ;
#1694 = EDGE_CURVE ( 'NONE', #5287, #4442, #1391, .T. ) ;
#1695 = DIRECTION ( 'NONE',  ( 0.000000000000000000, 0.000000000000000000, -1.000000000000000000 ) ) ;
#1696 = CARTESIAN_POINT ( 'NONE',  ( -1.500000000000001554, 1.559565217391015279, 1.650000000000001910 ) ) ;
#1697 = DIRECTION ( 'NONE',  ( -1.000000000000000000, -0.000000000000000000, 0.000000000000000000 ) ) ;
#1698 = ORIENTED_EDGE ( 'NONE', *, *, #2072, .T. ) ;
#1699 = ORIENTED_EDGE ( 'NONE', *, *, #2530, .F. ) ;
#1700 = LINE ( 'NONE', #1831, #1810 ) ;
#1701 = CARTESIAN_POINT ( 'NONE',  ( -2.232216308760501366, 0.9100000000000152411, -2.089999999999998082 ) ) ;
#1702 = LINE ( 'NONE', #3287, #2674 ) ;
#1703 = CARTESIAN_POINT ( 'NONE',  ( -0.4050000000000013034, 0.9650000000000152900, -0.5999999999999980904 ) ) ;
#1704 = ORIENTED_EDGE ( 'NONE', *, *, #2079, .F. ) ;
#1705 = VECTOR ( 'NONE', #5721, 1000.000000000000227 ) ;
#1706 = VECTOR ( 'NONE', #281, 1000.000000000000000 ) ;
#1707 = FACE_OUTER_BOUND ( 'NONE', #3683, .T. ) ;
#1708 = ORIENTED_EDGE ( 'NONE', *, *, #1686, .F. ) ;
#1709 = FACE_OUTER_BOUND ( 'NONE', #282, .T. ) ;
#1710 = VECTOR ( 'NONE', #1273, 1000.000000000000000 ) ;
#1711 = CARTESIAN_POINT ( 'NONE',  ( 2.799999999999998490, 0.2100000000000153133, 1.750000000000001998 ) ) ;
#1712 = CARTESIAN_POINT ( 'NONE',  ( -1.095000000000001306, 0.8061074182865152205, -2.299999999999998046 ) ) ;
#1713 = LINE ( 'NONE', #3297, #4788 ) ;
#1714 = VERTEX_POINT ( 'NONE', #160 ) ;
#1715 = ADVANCED_FACE ( 'NONE', ( #1886 ), #5312, .T. ) ;
#1716 = ORIENTED_EDGE ( 'NONE', *, *, #5089, .T. ) ;
#1717 = VERTEX_POINT ( 'NONE', #705 ) ;
#1718 = DIRECTION ( 'NONE',  ( -1.000000000000000000, -0.000000000000000000, 0.000000000000000000 ) ) ;
#1719 = VECTOR ( 'NONE', #3523, 1000.000000000000000 ) ;
#1720 = VERTEX_POINT ( 'NONE', #3566 ) ;
#1721 = DIRECTION ( 'NONE',  ( 0.000000000000000000, 0.000000000000000000, 1.000000000000000000 ) ) ;
#1722 = VERTEX_POINT ( 'NONE', #258 ) ;
#1723 = DIRECTION ( 'NONE',  ( 1.000000000000000000, 0.000000000000000000, -0.000000000000000000 ) ) ;
#1724 = LINE ( 'NONE', #1098, #621 ) ;
#1725 = CARTESIAN_POINT ( 'NONE',  ( -1.370000000000001439, 0.2000000000000153044, -1.489999999999997771 ) ) ;
#1726 = ORIENTED_EDGE ( 'NONE', *, *, #5522, .T. ) ;
#1727 = ADVANCED_FACE ( 'NONE', ( #5514 ), #673, .T. ) ;
#1728 = EDGE_LOOP ( 'NONE', ( #3582, #3589, #4290, #120 ) ) ;
#1729 = ORIENTED_EDGE ( 'NONE', *, *, #5678, .F. ) ;
#1730 = DIRECTION ( 'NONE',  ( 0.000000000000000000, -0.000000000000000000, 1.000000000000000000 ) ) ;
#1731 = LINE ( 'NONE', #5540, #3013 ) ;
#1732 = DIRECTION ( 'NONE',  ( 0.000000000000000000, -0.000000000000000000, 1.000000000000000000 ) ) ;
#1733 = CARTESIAN_POINT ( 'NONE',  ( -0.9050000000000012479, 0.8061074182865152205, -0.6999999999999979572 ) ) ;
#1734 = ORIENTED_EDGE ( 'NONE', *, *, #6019, .F. ) ;
#1735 = LINE ( 'NONE', #2729, #176 ) ;
#1736 = VERTEX_POINT ( 'NONE', #2250 ) ;
#1737 = CARTESIAN_POINT ( 'NONE',  ( -3.750000000000001776, 0.2600000000000153300, 0.7000000000000020650 ) ) ;
#1738 = CARTESIAN_POINT ( 'NONE',  ( 0.4999999999999987232, 0.04999999999985190596, -2.799999999999998490 ) ) ;
#1739 = VECTOR ( 'NONE', #1525, 1000.000000000000000 ) ;
#1740 = DIRECTION ( 'NONE',  ( -0.000000000000000000, 1.000000000000000000, 0.000000000000000000 ) ) ;
#1741 = CARTESIAN_POINT ( 'NONE',  ( -0.9050000000000012479, 1.312198954710015242, -0.6999999999999979572 ) ) ;
#1742 = EDGE_LOOP ( 'NONE', ( #5495, #162, #1454, #4189 ) ) ;
#1743 = CARTESIAN_POINT ( 'NONE',  ( -2.285000000000001474, 0.05000000000001530998, 0.05000000000000229955 ) ) ;
#1744 = ORIENTED_EDGE ( 'NONE', *, *, #5057, .T. ) ;
#1745 = EDGE_CURVE ( 'NONE', #1245, #3266, #3687, .T. ) ;
#1746 = VECTOR ( 'NONE', #4307, 1000.000000000000000 ) ;
#1747 = CARTESIAN_POINT ( 'NONE',  ( 3.149999999999998135, 2.030168567979107053E-14, -2.089999999999998082 ) ) ;
#1748 = EDGE_LOOP ( 'NONE', ( #5821, #20, #3332, #4077 ) ) ;
#1749 = LINE ( 'NONE', #6034, #498 ) ;
#1750 = VERTEX_POINT ( 'NONE', #4977 ) ;
#1751 = VECTOR ( 'NONE', #5858, 1000.000000000000000 ) ;
#1752 = VECTOR ( 'NONE', #2535, 1000.000000000000114 ) ;
#1753 = DIRECTION ( 'NONE',  ( -0.000000000000000000, 0.000000000000000000, 1.000000000000000000 ) ) ;
#1754 = EDGE_CURVE ( 'NONE', #6166, #3082, #770, .T. ) ;
#1755 = DIRECTION ( 'NONE',  ( -1.000000000000000000, -0.000000000000000000, 0.000000000000000000 ) ) ;
#1756 = VECTOR ( 'NONE', #42, 1000.000000000000000 ) ;
#1757 = CARTESIAN_POINT ( 'NONE',  ( -0.003200000000000001454, 5.000000000001530998E-05, 0.002100000000000002039 ) ) ;
#1758 = DIRECTION ( 'NONE',  ( 0.000000000000000000, 0.000000000000000000, 1.000000000000000000 ) ) ;
#1759 = ORIENTED_EDGE ( 'NONE', *, *, #2702, .F. ) ;
#1760 = ADVANCED_FACE ( 'NONE', ( #4134 ), #2154, .F. ) ;
#1761 = EDGE_CURVE ( 'NONE', #224, #5502, #322, .T. ) ;
#1762 = EDGE_CURVE ( 'NONE', #4390, #5360, #5101, .T. ) ;
#1763 = VERTEX_POINT ( 'NONE', #3133 ) ;
#1764 = ORIENTED_EDGE ( 'NONE', *, *, #758, .T. ) ;
#1765 = DIRECTION ( 'NONE',  ( 1.000000000000000000, 0.000000000000000000, 0.000000000000000000 ) ) ;
#1766 = ADVANCED_FACE ( 'NONE', ( #1673 ), #6017, .F. ) ;
#1767 = LINE ( 'NONE', #1424, #1226 ) ;
#1768 = EDGE_CURVE ( 'NONE', #2022, #3981, #5044, .T. ) ;
#1769 = CARTESIAN_POINT ( 'NONE',  ( 1.549999999999998490, 0.7200000000000152944, -0.5999999999999980904 ) ) ;
#1770 = CARTESIAN_POINT ( 'NONE',  ( -0.9050000000000012479, 0.09220050455074438323, -1.994766404375844626 ) ) ;
#1771 = ORIENTED_EDGE ( 'NONE', *, *, #1675, .T. ) ;
#1772 = EDGE_CURVE ( 'NONE', #1087, #290, #4634, .T. ) ;
#1773 = LINE ( 'NONE', #1363, #1591 ) ;
#1774 = VECTOR ( 'NONE', #5191, 1000.000000000000000 ) ;
#1775 = ORIENTED_EDGE ( 'NONE', *, *, #4372, .F. ) ;
#1776 = ORIENTED_EDGE ( 'NONE', *, *, #2180, .T. ) ;
#1777 = CARTESIAN_POINT ( 'NONE',  ( 2.549999999999998490, 0.9600000000000152856, 1.400000000000001910 ) ) ;
#1778 = DIRECTION ( 'NONE',  ( 1.000000000000000000, 0.000000000000000000, 0.000000000000000000 ) ) ;
#1779 = ADVANCED_FACE ( 'NONE', ( #739 ), #2661, .T. ) ;
#1780 = VECTOR ( 'NONE', #5017, 1000.000000000000000 ) ;
#1781 = CARTESIAN_POINT ( 'NONE',  ( 0.4999999999999987232, 0.2500000000000152656, -1.399999999999998135 ) ) ;
#1782 = CARTESIAN_POINT ( 'NONE',  ( 1.599999999999998090, 0.9600000000000152856, 1.400000000000001910 ) ) ;
#1783 = ORIENTED_EDGE ( 'NONE', *, *, #466, .T. ) ;
#1784 = LINE ( 'NONE', #4211, #1946 ) ;
#1785 = CARTESIAN_POINT ( 'NONE',  ( 3.999999999999999112, 1.010000000000015330, 1.400000000000001910 ) ) ;
#1786 = CARTESIAN_POINT ( 'NONE',  ( -1.600000000000001421, 0.9600000000000152856, 1.285000000000002141 ) ) ;
#1787 = VECTOR ( 'NONE', #3967, 1000.000000000000000 ) ;
#1788 = EDGE_LOOP ( 'NONE', ( #3057, #2028, #1693, #988 ) ) ;
#1789 = DIRECTION ( 'NONE',  ( 1.000000000000000000, 0.000000000000000000, -0.000000000000000000 ) ) ;
#1790 = VERTEX_POINT ( 'NONE', #1770 ) ;
#1791 = VECTOR ( 'NONE', #5851, 1000.000000000000000 ) ;
#1792 = DIRECTION ( 'NONE',  ( -0.000000000000000000, 1.000000000000000000, 0.000000000000000000 ) ) ;
#1793 = CARTESIAN_POINT ( 'NONE',  ( 2.799999999999998490, 1.760000000000015330, 1.400000000000001910 ) ) ;
#1794 = DIRECTION ( 'NONE',  ( 1.000000000000000000, 0.000000000000000000, -0.000000000000000000 ) ) ;
#1795 = ORIENTED_EDGE ( 'NONE', *, *, #4599, .F. ) ;
#1796 = EDGE_CURVE ( 'NONE', #232, #3175, #289, .T. ) ;
#1797 = ORIENTED_EDGE ( 'NONE', *, *, #3425, .T. ) ;
#1798 = EDGE_CURVE ( 'NONE', #3886, #4446, #4074, .T. ) ;
#1799 = CARTESIAN_POINT ( 'NONE',  ( -1.514432617520001356, 0.2000000000000152767, -1.489999999999997771 ) ) ;
#1800 = DIRECTION ( 'NONE',  ( -0.000000000000000000, 0.000000000000000000, -1.000000000000000000 ) ) ;
#1801 = AXIS2_PLACEMENT_3D ( 'NONE', #3313, #5697, #6202 ) ;
#1802 = CARTESIAN_POINT ( 'NONE',  ( -1.370000000000001439, 1.820000000000015383, -2.089999999999998082 ) ) ;
#1803 = CARTESIAN_POINT ( 'NONE',  ( -0.5950000000000013056, 1.251378662820015419, 1.303418489699001981 ) ) ;
#1804 = ORIENTED_EDGE ( 'NONE', *, *, #1955, .F. ) ;
#1805 = LINE ( 'NONE', #3756, #5609 ) ;
#1806 = ORIENTED_EDGE ( 'NONE', *, *, #3358, .F. ) ;
#1807 = LINE ( 'NONE', #4739, #2807 ) ;
#1808 = DIRECTION ( 'NONE',  ( 0.000000000000000000, 0.000000000000000000, -1.000000000000000000 ) ) ;
#1809 = ADVANCED_FACE ( 'NONE', ( #4576 ), #5070, .T. ) ;
#1810 = VECTOR ( 'NONE', #4159, 1000.000000000000000 ) ;
#1811 = CARTESIAN_POINT ( 'NONE',  ( -1.370000000000001439, 0.05000000000001530998, -2.089999999999998082 ) ) ;
#1812 = LINE ( 'NONE', #1274, #355 ) ;
#1813 = ORIENTED_EDGE ( 'NONE', *, *, #6182, .F. ) ;
#1814 = LINE ( 'NONE', #1743, #3554 ) ;
#1815 = AXIS2_PLACEMENT_3D ( 'NONE', #1499, #4396, #557 ) ;
#1816 = ORIENTED_EDGE ( 'NONE', *, *, #4845, .F. ) ;
#1817 = AXIS2_PLACEMENT_3D ( 'NONE', #5505, #1197, #4006 ) ;
#1818 = DIRECTION ( 'NONE',  ( -0.000000000000000000, 0.000000000000000000, -1.000000000000000000 ) ) ;
#1819 = LINE ( 'NONE', #5278, #2517 ) ;
#1820 = VERTEX_POINT ( 'NONE', #5542 ) ;
#1821 = LINE ( 'NONE', #911, #82 ) ;
#1822 = VERTEX_POINT ( 'NONE', #2688 ) ;
#1823 = MECHANICAL_DESIGN_GEOMETRIC_PRESENTATION_REPRESENTATION (  '', ( #715 ), #5239 ) ;
#1824 = FACE_OUTER_BOUND ( 'NONE', #4952, .T. ) ;
#1825 = ADVANCED_FACE ( 'NONE', ( #5008 ), #1236, .T. ) ;
#1826 = LINE ( 'NONE', #854, #2287 ) ;
#1827 = DIRECTION ( 'NONE',  ( -0.000000000000000000, 0.000000000000000000, -1.000000000000000000 ) ) ;
#1828 = ORIENTED_EDGE ( 'NONE', *, *, #1925, .T. ) ;
#1829 = ORIENTED_EDGE ( 'NONE', *, *, #3918, .T. ) ;
#1830 = AXIS2_PLACEMENT_3D ( 'NONE', #123, #5291, #62 ) ;
#1831 = CARTESIAN_POINT ( 'NONE',  ( -0.1050000000000013561, 0.9600000000000152856, -2.099999999999998757 ) ) ;
#1832 = CARTESIAN_POINT ( 'NONE',  ( -1.301042606982605321E-15, 1.203886659156015337, -0.5999999999999980904 ) ) ;
#1833 = FACE_OUTER_BOUND ( 'NONE', #3858, .T. ) ;
#1834 = DIRECTION ( 'NONE',  ( 0.000000000000000000, -0.4226182617436403111, -0.9063077870352785892 ) ) ;
#1835 = ORIENTED_EDGE ( 'NONE', *, *, #4108, .T. ) ;
#1836 = CARTESIAN_POINT ( 'NONE',  ( 2.264432617519998914, 1.820000000000015383, -0.1899999999999978928 ) ) ;
#1837 = ORIENTED_EDGE ( 'NONE', *, *, #4456, .F. ) ;
#1838 = CARTESIAN_POINT ( 'NONE',  ( 3.849999999999998312, 0.2000000000000153044, -1.579999999999998073 ) ) ;
#1839 = CARTESIAN_POINT ( 'NONE',  ( -2.264432617520301783, 1.820000000000015383, -1.135193183304997966 ) ) ;
#1840 = DIRECTION ( 'NONE',  ( -0.000000000000000000, 1.000000000000000000, 0.000000000000000000 ) ) ;
#1841 = CARTESIAN_POINT ( 'NONE',  ( -0.5000000000000013323, 0.1920634580258153146, -1.899999999999998135 ) ) ;
#1842 = ORIENTED_EDGE ( 'NONE', *, *, #1477, .T. ) ;
#1843 = VERTEX_POINT ( 'NONE', #388 ) ;
#1844 = EDGE_CURVE ( 'NONE', #4619, #5200, #4231, .T. ) ;
#1845 = ORIENTED_EDGE ( 'NONE', *, *, #3911, .T. ) ;
#1846 = ORIENTED_EDGE ( 'NONE', *, *, #4499, .F. ) ;
#1847 = EDGE_CURVE ( 'NONE', #465, #898, #1901, .T. ) ;
#1848 = VECTOR ( 'NONE', #1462, 999.9999999999998863 ) ;
#1849 = PLANE ( 'NONE',  #3764 ) ;
#1850 = CARTESIAN_POINT ( 'NONE',  ( 0.9049999999999986944, 0.1920634580260152935, -1.899999999999998135 ) ) ;
#1851 = ORIENTED_EDGE ( 'NONE', *, *, #1143, .F. ) ;
#1852 = EDGE_CURVE ( 'NONE', #2561, #4346, #4262, .T. ) ;
#1853 = CARTESIAN_POINT ( 'NONE',  ( -0.9050000000000012479, 1.251378662819916165, 1.303418489698997984 ) ) ;
#1854 = EDGE_CURVE ( 'NONE', #5918, #5998, #1329, .T. ) ;
#1855 = ORIENTED_EDGE ( 'NONE', *, *, #4372, .T. ) ;
#1856 = VECTOR ( 'NONE', #6088, 1000.000000000000114 ) ;
#1857 = CARTESIAN_POINT ( 'NONE',  ( -1.301042606982605321E-15, 1.760000000000015330, 2.100000000000001865 ) ) ;
#1858 = VECTOR ( 'NONE', #3473, 1000.000000000000000 ) ;
#1859 = CARTESIAN_POINT ( 'NONE',  ( -2.800000000000001155, 0.1600000000000152967, 1.400000000000001910 ) ) ;
#1860 = CARTESIAN_POINT ( 'NONE',  ( 2.549999999999998490, 1.370000000000015206, 1.400000000000001910 ) ) ;
#1861 = ORIENTED_EDGE ( 'NONE', *, *, #644, .T. ) ;
#1862 = ORIENTED_EDGE ( 'NONE', *, *, #2035, .F. ) ;
#1863 = ORIENTED_EDGE ( 'NONE', *, *, #1852, .F. ) ;
#1864 = DIRECTION ( 'NONE',  ( 1.000000000000000000, -0.000000000000000000, 0.000000000000000000 ) ) ;
#1865 = VECTOR ( 'NONE', #2313, 1000.000000000000000 ) ;
#1866 = DIRECTION ( 'NONE',  ( 0.000000000000000000, -0.000000000000000000, 1.000000000000000000 ) ) ;
#1867 = DIRECTION ( 'NONE',  ( 0.000000000000000000, 0.000000000000000000, -1.000000000000000000 ) ) ;
#1868 = DIRECTION ( 'NONE',  ( -0.000000000000000000, 0.000000000000000000, -1.000000000000000000 ) ) ;
#1869 = EDGE_CURVE ( 'NONE', #1095, #3847, #6146, .T. ) ;
#1870 = CARTESIAN_POINT ( 'NONE',  ( -0.9050000000000012479, 0.2762038896414996114, -2.300000000000002487 ) ) ;
#1871 = ORIENTED_EDGE ( 'NONE', *, *, #3237, .T. ) ;
#1872 = CARTESIAN_POINT ( 'NONE',  ( -1.000000000000001332, 0.2500000000000459077, -2.800000000000005596 ) ) ;
#1873 = CARTESIAN_POINT ( 'NONE',  ( -1.600000000000001421, 1.760000000000015330, 1.400000000000001910 ) ) ;
#1874 = DIRECTION ( 'NONE',  ( 0.000000000000000000, 0.000000000000000000, -1.000000000000000000 ) ) ;
#1875 = CARTESIAN_POINT ( 'NONE',  ( 0.9049999999999986944, 0.9600000000000152856, -2.099999999999998757 ) ) ;
#1876 = EDGE_CURVE ( 'NONE', #276, #5602, #3351, .T. ) ;
#1877 = ORIENTED_EDGE ( 'NONE', *, *, #623, .T. ) ;
#1878 = LINE ( 'NONE', #21, #3757 ) ;
#1879 = EDGE_CURVE ( 'NONE', #2515, #1790, #6011, .T. ) ;
#1880 = EDGE_LOOP ( 'NONE', ( #1353, #2438, #4137, #5447 ) ) ;
#1881 = VERTEX_POINT ( 'NONE', #3825 ) ;
#1882 = CARTESIAN_POINT ( 'NONE',  ( -1.314432617520001179, 0.9100000000000152411, -1.135193183304997966 ) ) ;
#1883 = PLANE ( 'NONE',  #917 ) ;
#1884 = EDGE_CURVE ( 'NONE', #2982, #5602, #5668, .T. ) ;
#1885 = VERTEX_POINT ( 'NONE', #5640 ) ;
#1886 = FACE_OUTER_BOUND ( 'NONE', #4744, .T. ) ;
#1887 = ORIENTED_EDGE ( 'NONE', *, *, #4583, .F. ) ;
#1888 = CARTESIAN_POINT ( 'NONE',  ( 0.09499999999999872435, 0.09220050455074438323, -1.994766404375844626 ) ) ;
#1889 = EDGE_CURVE ( 'NONE', #3026, #5384, #2381, .T. ) ;
#1890 = CARTESIAN_POINT ( 'NONE',  ( -3.500000000000001332, 1.760000000000015330, 1.400000000000001910 ) ) ;
#1891 = CARTESIAN_POINT ( 'NONE',  ( 1.719999999999998419, 1.370000000000015206, 1.400000000000001910 ) ) ;
#1892 = VERTEX_POINT ( 'NONE', #3253 ) ;
#1893 = VECTOR ( 'NONE', #6232, 1000.000000000000000 ) ;
#1894 = VERTEX_POINT ( 'NONE', #5139 ) ;
#1895 = ORIENTED_EDGE ( 'NONE', *, *, #2437, .F. ) ;
#1896 = AXIS2_PLACEMENT_3D ( 'NONE', #5989, #2027, #4481 ) ;
#1897 = DIRECTION ( 'NONE',  ( 0.000000000000000000, 0.05233595624290282577, 0.9986295347545759427 ) ) ;
#1898 = CARTESIAN_POINT ( 'NONE',  ( -1.095000000000001306, 0.9600000000000152856, -2.099999999999998757 ) ) ;
#1899 = AXIS2_PLACEMENT_3D ( 'NONE', #5753, #1408, #1140 ) ;
#1900 = FACE_OUTER_BOUND ( 'NONE', #58, .T. ) ;
#1901 = LINE ( 'NONE', #3320, #5002 ) ;
#1902 = EDGE_LOOP ( 'NONE', ( #4997, #1250, #2376, #1446 ) ) ;
#1903 = LINE ( 'NONE', #933, #755 ) ;
#1904 = VECTOR ( 'NONE', #5838, 1000.000000000000000 ) ;
#1905 = DIRECTION ( 'NONE',  ( 1.000000000000000000, 0.000000000000000000, -0.000000000000000000 ) ) ;
#1906 = CARTESIAN_POINT ( 'NONE',  ( -0.09500000000000133338, 1.251378662820015419, 1.303418489699001981 ) ) ;
#1907 = ORIENTED_EDGE ( 'NONE', *, *, #1318, .T. ) ;
#1908 = DIRECTION ( 'NONE',  ( -0.000000000000000000, 1.000000000000000000, 0.000000000000000000 ) ) ;
#1909 = VECTOR ( 'NONE', #3251, 1000.000000000000000 ) ;
#1910 = ORIENTED_EDGE ( 'NONE', *, *, #1039, .F. ) ;
#1911 = ORIENTED_EDGE ( 'NONE', *, *, #471, .T. ) ;
#1912 = CARTESIAN_POINT ( 'NONE',  ( 1.499999999999998668, 1.249130434782821597, 1.200000000000006173 ) ) ;
#1913 = CARTESIAN_POINT ( 'NONE',  ( 0.09499999999999872435, 1.117991655295068387, 1.017369128957930968 ) ) ;
#1914 = LINE ( 'NONE', #366, #2012 ) ;
#1915 = CARTESIAN_POINT ( 'NONE',  ( 1.499999999999998668, 0.9600000000000152856, 1.200000000000001954 ) ) ;
#1916 = ORIENTED_EDGE ( 'NONE', *, *, #925, .F. ) ;
#1917 = AXIS2_PLACEMENT_3D ( 'NONE', #827, #4631, #1730 ) ;
#1918 = VECTOR ( 'NONE', #2373, 1000.000000000000000 ) ;
#1919 = CARTESIAN_POINT ( 'NONE',  ( 2.299999999999998046, 0.5800000000000153921, 1.370000000000002105 ) ) ;
#1920 = PLANE ( 'NONE',  #1976 ) ;
#1921 = LINE ( 'NONE', #3845, #1598 ) ;
#1922 = VERTEX_POINT ( 'NONE', #5168 ) ;
#1923 = ORIENTED_EDGE ( 'NONE', *, *, #5741, .F. ) ;
#1924 = ORIENTED_EDGE ( 'NONE', *, *, #523, .T. ) ;
#1925 = EDGE_CURVE ( 'NONE', #2459, #3289, #956, .T. ) ;
#1926 = DIRECTION ( 'NONE',  ( 1.000000000000000000, 0.000000000000000000, -0.000000000000000000 ) ) ;
#1927 = PLANE ( 'NONE',  #4138 ) ;
#1928 = DIRECTION ( 'NONE',  ( 0.000000000000000000, 1.000000000000000000, -0.000000000000000000 ) ) ;
#1929 = CARTESIAN_POINT ( 'NONE',  ( -2.400000000000001688, 0.5800000000000153921, 1.370000000000002105 ) ) ;
#1930 = PRODUCT_DEFINITION_CONTEXT ( 'detailed design', #3680, 'design' ) ;
#1931 = ORIENTED_EDGE ( 'NONE', *, *, #776, .T. ) ;
#1932 = DIRECTION ( 'NONE',  ( 0.000000000000000000, 0.000000000000000000, 1.000000000000000000 ) ) ;
#1933 = CARTESIAN_POINT ( 'NONE',  ( 0.09499999999999872435, 0.2500000000000152656, -2.099999999999998757 ) ) ;
#1934 = LINE ( 'NONE', #5804, #3377 ) ;
#1935 = ORIENTED_EDGE ( 'NONE', *, *, #4738, .F. ) ;
#1936 = DIRECTION ( 'NONE',  ( 1.000000000000000000, -0.000000000000000000, 0.000000000000000000 ) ) ;
#1937 = ORIENTED_EDGE ( 'NONE', *, *, #2437, .T. ) ;
#1938 = EDGE_LOOP ( 'NONE', ( #4760, #3860, #513, #1855 ) ) ;
#1939 = FACE_OUTER_BOUND ( 'NONE', #5611, .T. ) ;
#1940 = CARTESIAN_POINT ( 'NONE',  ( 0.09499999999999872435, 0.2499999999999479583, -2.800000000000000266 ) ) ;
#1941 = DIRECTION ( 'NONE',  ( 0.000000000000000000, -0.000000000000000000, 1.000000000000000000 ) ) ;
#1942 = DIRECTION ( 'NONE',  ( -0.000000000000000000, 0.000000000000000000, 1.000000000000000000 ) ) ;
#1943 = ORIENTED_EDGE ( 'NONE', *, *, #3811, .T. ) ;
#1944 = EDGE_CURVE ( 'NONE', #3580, #2005, #2756, .T. ) ;
#1945 = CARTESIAN_POINT ( 'NONE',  ( 2.284999999999998810, 1.755000000000015437, 0.05000000000000229955 ) ) ;
#1946 = VECTOR ( 'NONE', #3737, 1000.000000000000000 ) ;
#1947 = CARTESIAN_POINT ( 'NONE',  ( 0.9049999999999986944, 1.203886659155923855, -0.6000000000000028644 ) ) ;
#1948 = VERTEX_POINT ( 'NONE', #863 ) ;
#1949 = ADVANCED_FACE ( 'NONE', ( #4668 ), #2883, .F. ) ;
#1950 = ORIENTED_EDGE ( 'NONE', *, *, #4200, .F. ) ;
#1951 = ADVANCED_FACE ( 'NONE', ( #1393 ), #2786, .F. ) ;
#1952 = VECTOR ( 'NONE', #6224, 1000.000000000000000 ) ;
#1953 = LINE ( 'NONE', #3875, #5326 ) ;
#1954 = LINE ( 'NONE', #984, #4754 ) ;
#1955 = EDGE_CURVE ( 'NONE', #2171, #5200, #352, .T. ) ;
#1956 = CARTESIAN_POINT ( 'NONE',  ( -0.6007804343040016315, 0.1920634580262153002, -1.999999999999997335 ) ) ;
#1957 = DIRECTION ( 'NONE',  ( -0.000000000000000000, 1.000000000000000000, 0.000000000000000000 ) ) ;
#1958 = EDGE_CURVE ( 'NONE', #163, #691, #4295, .T. ) ;
#1959 = ORIENTED_EDGE ( 'NONE', *, *, #5552, .F. ) ;
#1960 = VECTOR ( 'NONE', #1582, 1000.000000000000000 ) ;
#1961 = ADVANCED_FACE ( 'NONE', ( #4326 ), #3288, .F. ) ;
#1962 = CARTESIAN_POINT ( 'NONE',  ( -1.301042606982605321E-15, 0.8700000000000153166, 0.9250000000000020428 ) ) ;
#1963 = CARTESIAN_POINT ( 'NONE',  ( -1.301042606982605321E-15, 0.2500000000000152656, -2.099999999999998757 ) ) ;
#1964 = EDGE_CURVE ( 'NONE', #1717, #2020, #830, .T. ) ;
#1965 = CARTESIAN_POINT ( 'NONE',  ( -1.301042606982605321E-15, 0.2500000000000459077, -2.800000000000005596 ) ) ;
#1966 = VERTEX_POINT ( 'NONE', #125 ) ;
#1967 = AXIS2_PLACEMENT_3D ( 'NONE', #2223, #901, #4675 ) ;
#1968 = DIRECTION ( 'NONE',  ( -1.000000000000000000, -0.000000000000000000, 0.000000000000000000 ) ) ;
#1969 = VERTEX_POINT ( 'NONE', #4410 ) ;
#1970 = ORIENTED_EDGE ( 'NONE', *, *, #6039, .T. ) ;
#1971 = EDGE_CURVE ( 'NONE', #4020, #3314, #915, .T. ) ;
#1972 = CARTESIAN_POINT ( 'NONE',  ( 2.284999999999998810, 1.640000000000015445, -2.089999999999998082 ) ) ;
#1973 = CARTESIAN_POINT ( 'NONE',  ( 0.1049999999999987610, 0.05000000000001530998, -0.3649999999999977152 ) ) ;
#1974 = CARTESIAN_POINT ( 'NONE',  ( -0.09500000000000133338, 0.09220050455070533113, -1.994766404375998281 ) ) ;
#1975 = ORIENTED_EDGE ( 'NONE', *, *, #89, .T. ) ;
#1976 = AXIS2_PLACEMENT_3D ( 'NONE', #3844, #5818, #1507 ) ;
#1977 = CARTESIAN_POINT ( 'NONE',  ( 0.6049999999999987610, 0.1500000000000152878, -1.399999999999998135 ) ) ;
#1978 = PLANE ( 'NONE',  #3291 ) ;
#1979 = VERTEX_POINT ( 'NONE', #4881 ) ;
#1980 = ORIENTED_EDGE ( 'NONE', *, *, #5566, .T. ) ;
#1981 = CARTESIAN_POINT ( 'NONE',  ( 1.104999999999998428, 0.05000000000001530998, -0.3649999999999977152 ) ) ;
#1982 = PLANE ( 'NONE',  #5424 ) ;
#1983 = DIRECTION ( 'NONE',  ( 1.000000000000000000, -0.000000000000000000, 0.000000000000000000 ) ) ;
#1984 = AXIS2_PLACEMENT_3D ( 'NONE', #561, #2516, #1504 ) ;
#1985 = EDGE_CURVE ( 'NONE', #1991, #529, #574, .T. ) ;
#1986 = DIRECTION ( 'NONE',  ( 0.000000000000000000, -1.000000000000000000, -0.000000000000000000 ) ) ;
#1987 = LINE ( 'NONE', #3909, #4927 ) ;
#1988 = VERTEX_POINT ( 'NONE', #2559 ) ;
#1989 = VECTOR ( 'NONE', #5445, 1000.000000000000000 ) ;
#1990 = EDGE_CURVE ( 'NONE', #2676, #4787, #4352, .T. ) ;
#1991 = VERTEX_POINT ( 'NONE', #1517 ) ;
#1992 = AXIS2_PLACEMENT_3D ( 'NONE', #5674, #774, #2695 ) ;
#1993 = VECTOR ( 'NONE', #2184, 1000.000000000000000 ) ;
#1994 = DIRECTION ( 'NONE',  ( -0.000000000000000000, -0.000000000000000000, 1.000000000000000000 ) ) ;
#1995 = DIRECTION ( 'NONE',  ( -1.000000000000000000, 0.000000000000000000, -0.000000000000000000 ) ) ;
#1996 = FACE_OUTER_BOUND ( 'NONE', #3145, .T. ) ;
#1997 = ORIENTED_EDGE ( 'NONE', *, *, #2539, .F. ) ;
#1998 = CARTESIAN_POINT ( 'NONE',  ( 2.444432617519998630, 0.1000000000000453165, -0.5449999999999981526 ) ) ;
#1999 = ORIENTED_EDGE ( 'NONE', *, *, #969, .F. ) ;
#2000 = ORIENTED_EDGE ( 'NONE', *, *, #1567, .F. ) ;
#2001 = CARTESIAN_POINT ( 'NONE',  ( -1.301042606982605321E-15, 1.312198954710015242, -2.119999999999997886 ) ) ;
#2002 = CARTESIAN_POINT ( 'NONE',  ( -1.301042606982605321E-15, 0.9650000000000152900, -0.5999999999999980904 ) ) ;
#2003 = LINE ( 'NONE', #590, #2934 ) ;
#2004 = VECTOR ( 'NONE', #1025, 1000.000000000000000 ) ;
#2005 = VERTEX_POINT ( 'NONE', #987 ) ;
#2006 = EDGE_CURVE ( 'NONE', #3263, #551, #38, .T. ) ;
#2007 = DIRECTION ( 'NONE',  ( 0.000000000000000000, 0.000000000000000000, -1.000000000000000000 ) ) ;
#2008 = VECTOR ( 'NONE', #1193, 1000.000000000000000 ) ;
#2009 = LINE ( 'NONE', #4901, #5889 ) ;
#2010 = ORIENTED_EDGE ( 'NONE', *, *, #4693, .T. ) ;
#2011 = EDGE_CURVE ( 'NONE', #346, #708, #3411, .T. ) ;
#2012 = VECTOR ( 'NONE', #2898, 1000.000000000000114 ) ;
#2013 = ORIENTED_EDGE ( 'NONE', *, *, #4654, .T. ) ;
#2014 = CARTESIAN_POINT ( 'NONE',  ( 0.9999999999999991118, 0.2762038896414153455, -2.299999999999998046 ) ) ;
#2015 = CARTESIAN_POINT ( 'NONE',  ( 3.149999999999998135, 0.1000000000000453165, -1.834999999999998188 ) ) ;
#2016 = VECTOR ( 'NONE', #3093, 1000.000000000000000 ) ;
#2017 = FACE_OUTER_BOUND ( 'NONE', #4193, .T. ) ;
#2018 = CARTESIAN_POINT ( 'NONE',  ( -1.301042606982605321E-15, 1.312198954710015242, -2.099999999999998757 ) ) ;
#2019 = DIRECTION ( 'NONE',  ( -0.000000000000000000, 0.000000000000000000, -1.000000000000000000 ) ) ;
#2020 = VERTEX_POINT ( 'NONE', #2916 ) ;
#2021 = EDGE_CURVE ( 'NONE', #3512, #5384, #4473, .T. ) ;
#2022 = VERTEX_POINT ( 'NONE', #2084 ) ;
#2023 = DIRECTION ( 'NONE',  ( 0.000000000000000000, 1.000000000000000000, -0.000000000000000000 ) ) ;
#2024 = VECTOR ( 'NONE', #4941, 1000.000000000000000 ) ;
#2025 = DIRECTION ( 'NONE',  ( 0.000000000000000000, -1.000000000000000000, -0.000000000000000000 ) ) ;
#2026 = ORIENTED_EDGE ( 'NONE', *, *, #4005, .T. ) ;
#2027 = DIRECTION ( 'NONE',  ( 0.9998486879257442173, 0.000000000000000000, -0.01739543771130077493 ) ) ;
#2028 = ORIENTED_EDGE ( 'NONE', *, *, #2011, .T. ) ;
#2029 = ORIENTED_EDGE ( 'NONE', *, *, #1601, .T. ) ;
#2030 = ORIENTED_EDGE ( 'NONE', *, *, #339, .F. ) ;
#2031 = CARTESIAN_POINT ( 'NONE',  ( 0.09499999999999872435, 1.251378662819916165, 1.303418489698997984 ) ) ;
#2032 = LINE ( 'NONE', #3957, #5972 ) ;
#2033 = DIRECTION ( 'NONE',  ( 0.000000000000000000, -0.000000000000000000, 1.000000000000000000 ) ) ;
#2034 = CARTESIAN_POINT ( 'NONE',  ( 0.9999999999999991118, 0.2460317290131153467, -1.899999999999998135 ) ) ;
#2035 = EDGE_CURVE ( 'NONE', #5976, #3819, #4910, .T. ) ;
#2036 = VERTEX_POINT ( 'NONE', #518 ) ;
#2037 = EDGE_CURVE ( 'NONE', #4375, #3802, #5768, .T. ) ;
#2038 = LINE ( 'NONE', #3961, #2801 ) ;
#2039 = ADVANCED_FACE ( 'NONE', ( #4856 ), #3879, .T. ) ;
#2040 = EDGE_CURVE ( 'NONE', #4296, #6204, #3943, .T. ) ;
#2041 = CARTESIAN_POINT ( 'NONE',  ( -0.4050000000000013034, 1.312198954710015242, -0.6999999999999979572 ) ) ;
#2042 = ADVANCED_FACE ( 'NONE', ( #2443 ), #1542, .T. ) ;
#2043 = VERTEX_POINT ( 'NONE', #2529 ) ;
#2044 = ORIENTED_EDGE ( 'NONE', *, *, #5336, .F. ) ;
#2045 = CARTESIAN_POINT ( 'NONE',  ( -1.105000000000001315, 0.2500000000000152656, -1.749999999999998002 ) ) ;
#2046 = VECTOR ( 'NONE', #3264, 1000.000000000000000 ) ;
#2047 = LINE ( 'NONE', #3969, #3716 ) ;
#2048 = CARTESIAN_POINT ( 'NONE',  ( 2.232216308760998746, 0.2000000000000152767, -2.089999999999998082 ) ) ;
#2049 = LINE ( 'NONE', #1574, #6136 ) ;
#2050 = CARTESIAN_POINT ( 'NONE',  ( 0.8949999999999982414, 0.05000000000001530998, -0.3649999999999977152 ) ) ;
#2051 = ORIENTED_EDGE ( 'NONE', *, *, #1428, .T. ) ;
#2052 = VECTOR ( 'NONE', #3334, 1000.000000000000000 ) ;
#2053 = VERTEX_POINT ( 'NONE', #5381 ) ;
#2054 = CARTESIAN_POINT ( 'NONE',  ( -1.550000000000001377, 0.8700000000000153166, -0.2499999999999980571 ) ) ;
#2055 = LINE ( 'NONE', #2596, #1752 ) ;
#2056 = LINE ( 'NONE', #4017, #5506 ) ;
#2057 = EDGE_LOOP ( 'NONE', ( #856, #4580, #742, #628 ) ) ;
#2058 = VECTOR ( 'NONE', #1170, 1000.000000000000000 ) ;
#2059 = ORIENTED_EDGE ( 'NONE', *, *, #842, .F. ) ;
#2060 = CARTESIAN_POINT ( 'NONE',  ( 0.4049999999999986944, 0.04999999999986868421, -2.799999999999998490 ) ) ;
#2061 = AXIS2_PLACEMENT_3D ( 'NONE', #3035, #3594, #1172 ) ;
#2062 = ORIENTED_EDGE ( 'NONE', *, *, #215, .F. ) ;
#2063 = ORIENTED_EDGE ( 'NONE', *, *, #4599, .T. ) ;
#2064 = ORIENTED_EDGE ( 'NONE', *, *, #1284, .T. ) ;
#2065 = LINE ( 'NONE', #677, #685 ) ;
#2066 = CARTESIAN_POINT ( 'NONE',  ( 0.5949999999999987521, 1.312198954710015242, -2.099999999999998757 ) ) ;
#2067 = LINE ( 'NONE', #5341, #5237 ) ;
#2068 = VECTOR ( 'NONE', #398, 1000.000000000000000 ) ;
#2069 = CARTESIAN_POINT ( 'NONE',  ( -1.600000000000001421, 1.760000000000015330, 1.400000000000001910 ) ) ;
#2070 = ADVANCED_FACE ( 'NONE', ( #1482 ), #5324, .F. ) ;
#2071 = ORIENTED_EDGE ( 'NONE', *, *, #2815, .T. ) ;
#2072 = EDGE_CURVE ( 'NONE', #4446, #3620, #5888, .T. ) ;
#2073 = DIRECTION ( 'NONE',  ( 1.000000000000000000, 0.000000000000000000, -0.000000000000000000 ) ) ;
#2074 = ORIENTED_EDGE ( 'NONE', *, *, #1123, .F. ) ;
#2075 = LINE ( 'NONE', #2041, #2387 ) ;
#2076 = ORIENTED_EDGE ( 'NONE', *, *, #2431, .T. ) ;
#2077 = VECTOR ( 'NONE', #4559, 1000.000000000000000 ) ;
#2078 = ORIENTED_EDGE ( 'NONE', *, *, #1971, .T. ) ;
#2079 = EDGE_CURVE ( 'NONE', #1141, #5050, #64, .T. ) ;
#2080 = CARTESIAN_POINT ( 'NONE',  ( 1.514432617519998248, 0.2800000000000152922, -1.024999999999998135 ) ) ;
#2081 = DIRECTION ( 'NONE',  ( -1.000000000000000000, 0.000000000000000000, -0.000000000000000000 ) ) ;
#2082 = DIRECTION ( 'NONE',  ( 0.000000000000000000, 0.000000000000000000, 1.000000000000000000 ) ) ;
#2083 = FILL_AREA_STYLE_COLOUR ( '', #5530 ) ;
#2084 = CARTESIAN_POINT ( 'NONE',  ( 1.369999999999998774, 0.2000000000000153044, -1.489999999999997771 ) ) ;
#2085 = ORIENTED_EDGE ( 'NONE', *, *, #1852, .T. ) ;
#2086 = VECTOR ( 'NONE', #6004, 1000.000000000000000 ) ;
#2087 = LINE ( 'NONE', #5984, #2669 ) ;
#2088 = DIRECTION ( 'NONE',  ( -0.000000000000000000, 1.000000000000000000, 0.000000000000000000 ) ) ;
#2089 = DIRECTION ( 'NONE',  ( 0.000000000000000000, -1.000000000000000000, -0.000000000000000000 ) ) ;
#2090 = DIRECTION ( 'NONE',  ( -0.000000000000000000, -1.000000000000000000, -0.000000000000000000 ) ) ;
#2091 = DIRECTION ( 'NONE',  ( 1.000000000000000000, 0.000000000000000000, -0.000000000000000000 ) ) ;
#2092 = VECTOR ( 'NONE', #1270, 1000.000000000000000 ) ;
#2093 = ORIENTED_EDGE ( 'NONE', *, *, #3159, .T. ) ;
#2094 = ORIENTED_EDGE ( 'NONE', *, *, #1061, .T. ) ;
#2095 = DIRECTION ( 'NONE',  ( -0.000000000000000000, 1.000000000000000000, 0.000000000000000000 ) ) ;
#2096 = LINE ( 'NONE', #136, #3869 ) ;
#2097 = VECTOR ( 'NONE', #613, 1000.000000000000000 ) ;
#2098 = LINE ( 'NONE', #80, #4733 ) ;
#2099 = PLANE ( 'NONE',  #478 ) ;
#2100 = ORIENTED_EDGE ( 'NONE', *, *, #1601, .F. ) ;
#2101 = DIRECTION ( 'NONE',  ( 0.000000000000000000, 0.4226182617420166654, 0.9063077870360357613 ) ) ;
#2102 = AXIS2_PLACEMENT_3D ( 'NONE', #5575, #3593, #703 ) ;
#2103 = ORIENTED_EDGE ( 'NONE', *, *, #5342, .F. ) ;
#2104 = CARTESIAN_POINT ( 'NONE',  ( -3.200000000000001510, 1.640000000000015445, -1.024999999999998135 ) ) ;
#2105 = ORIENTED_EDGE ( 'NONE', *, *, #1683, .F. ) ;
#2106 = ORIENTED_EDGE ( 'NONE', *, *, #5493, .F. ) ;
#2107 = CARTESIAN_POINT ( 'NONE',  ( 0.9049999999999986944, 0.2762038896414996114, -2.300000000000002487 ) ) ;
#2108 = VECTOR ( 'NONE', #1897, 1000.000000000000114 ) ;
#2109 = FACE_OUTER_BOUND ( 'NONE', #2890, .T. ) ;
#2110 = VERTEX_POINT ( 'NONE', #1576 ) ;
#2111 = DIRECTION ( 'NONE',  ( 0.000000000000000000, -0.000000000000000000, 1.000000000000000000 ) ) ;
#2112 = CARTESIAN_POINT ( 'NONE',  ( 3.847216308759998871, 2.525513435533421891E-14, -1.239999999999997993 ) ) ;
#2113 = DIRECTION ( 'NONE',  ( 0.000000000000000000, -1.000000000000000000, -0.000000000000000000 ) ) ;
#2114 = AXIS2_PLACEMENT_3D ( 'NONE', #3624, #285, #3156 ) ;
#2115 = ORIENTED_EDGE ( 'NONE', *, *, #2503, .F. ) ;
#2116 = AXIS2_PLACEMENT_3D ( 'NONE', #3754, #4731, #5704 ) ;
#2117 = EDGE_CURVE ( 'NONE', #5714, #5864, #1987, .T. ) ;
#2118 = ORIENTED_EDGE ( 'NONE', *, *, #6035, .T. ) ;
#2119 = FACE_OUTER_BOUND ( 'NONE', #2454, .T. ) ;
#2120 = CARTESIAN_POINT ( 'NONE',  ( -1.301042606982605321E-15, 0.05000000000000026645, -1.399999999999998135 ) ) ;
#2121 = EDGE_CURVE ( 'NONE', #4619, #163, #2519, .T. ) ;
#2122 = CARTESIAN_POINT ( 'NONE',  ( -3.844432617520301410, 0.2000000000000153044, -1.139999999999998126 ) ) ;
#2123 = DIRECTION ( 'NONE',  ( -0.000000000000000000, 0.000000000000000000, -1.000000000000000000 ) ) ;
#2124 = DIRECTION ( 'NONE',  ( 1.000000000000000000, 0.000000000000000000, 0.000000000000000000 ) ) ;
#2125 = ORIENTED_EDGE ( 'NONE', *, *, #5958, .F. ) ;
#2126 = CARTESIAN_POINT ( 'NONE',  ( 0.9049999999999986944, 1.235000000000015419, 0.5500000000000018208 ) ) ;
#2127 = CARTESIAN_POINT ( 'NONE',  ( -0.3950000000000012390, 0.05000000000001530998, -0.3649999999999977152 ) ) ;
#2128 = CARTESIAN_POINT ( 'NONE',  ( 0.5949999999999987521, 1.312198954710015242, -0.6999999999999979572 ) ) ;
#2129 = DIRECTION ( 'NONE',  ( 0.000000000000000000, -0.000000000000000000, 1.000000000000000000 ) ) ;
#2130 = ORIENTED_EDGE ( 'NONE', *, *, #363, .F. ) ;
#2131 = CARTESIAN_POINT ( 'NONE',  ( -2.264432617520201418, 1.720000000000015294, -1.139999999999998126 ) ) ;
#2132 = ORIENTED_EDGE ( 'NONE', *, *, #5189, .F. ) ;
#2133 = CARTESIAN_POINT ( 'NONE',  ( 3.199999999999998845, 1.870000000000015206, -0.3649999999999977152 ) ) ;
#2134 = EDGE_CURVE ( 'NONE', #1922, #4653, #4067, .T. ) ;
#2135 = ORIENTED_EDGE ( 'NONE', *, *, #5020, .F. ) ;
#2136 = ORIENTED_EDGE ( 'NONE', *, *, #658, .T. ) ;
#2137 = EDGE_LOOP ( 'NONE', ( #4815, #3928, #2266, #1124 ) ) ;
#2138 = PLANE ( 'NONE',  #3197 ) ;
#2139 = CARTESIAN_POINT ( 'NONE',  ( -1.000000000000001332, 0.1500000000000152878, -2.799999999999998490 ) ) ;
#2140 = ORIENTED_EDGE ( 'NONE', *, *, #4252, .T. ) ;
#2141 = EDGE_CURVE ( 'NONE', #3314, #1054, #2682, .T. ) ;
#2142 = CARTESIAN_POINT ( 'NONE',  ( -0.5950000000000013056, 1.312198954710015242, -2.299999999999998046 ) ) ;
#2143 = DIRECTION ( 'NONE',  ( 0.000000000000000000, 0.9986295347545731671, -0.05233595624295860060 ) ) ;
#2144 = CARTESIAN_POINT ( 'NONE',  ( -1.000000000000001332, 0.7942014221757153214, -2.299999999999998046 ) ) ;
#2145 = EDGE_CURVE ( 'NONE', #3485, #1330, #4626, .T. ) ;
#2146 = ORIENTED_EDGE ( 'NONE', *, *, #2532, .F. ) ;
#2147 = ADVANCED_FACE ( 'NONE', ( #2176 ), #5916, .F. ) ;
#2148 = ORIENTED_EDGE ( 'NONE', *, *, #4762, .F. ) ;
#2149 = EDGE_CURVE ( 'NONE', #1063, #950, #698, .T. ) ;
#2150 = DIRECTION ( 'NONE',  ( -0.9979524846466195642, 0.000000000000000000, -0.06395966219140387932 ) ) ;
#2151 = FACE_OUTER_BOUND ( 'NONE', #2137, .T. ) ;
#2152 = EDGE_CURVE ( 'NONE', #1892, #6012, #1228, .T. ) ;
#2153 = DIRECTION ( 'NONE',  ( -0.000000000000000000, -0.02173399540922035106, -0.9997637888239161441 ) ) ;
#2154 = PLANE ( 'NONE',  #3901 ) ;
#2155 = DIRECTION ( 'NONE',  ( 0.000000000000000000, 0.000000000000000000, -1.000000000000000000 ) ) ;
#2156 = EDGE_CURVE ( 'NONE', #245, #3175, #189, .T. ) ;
#2157 = ORIENTED_EDGE ( 'NONE', *, *, #5950, .F. ) ;
#2158 = ORIENTED_EDGE ( 'NONE', *, *, #5510, .T. ) ;
#2159 = CARTESIAN_POINT ( 'NONE',  ( 0.5949999999999987521, 0.9650000000000152900, -0.5999999999999980904 ) ) ;
#2160 = CARTESIAN_POINT ( 'NONE',  ( 0.1049999999999987610, 0.05000000000001154910, -2.099999999999998757 ) ) ;
#2161 = ADVANCED_FACE ( 'NONE', ( #4042 ), #223, .F. ) ;
#2162 = VECTOR ( 'NONE', #4340, 1000.000000000000000 ) ;
#2163 = LINE ( 'NONE', #2735, #609 ) ;
#2164 = CARTESIAN_POINT ( 'NONE',  ( -0.5000000000000013323, 0.7942014221757153214, -2.299999999999998046 ) ) ;
#2165 = VERTEX_POINT ( 'NONE', #5947 ) ;
#2166 = EDGE_CURVE ( 'NONE', #3095, #5151, #1637, .T. ) ;
#2168 = CARTESIAN_POINT ( 'NONE',  ( -1.600000000000001421, 1.315000000000015268, 1.400000000000001910 ) ) ;
#2167 = VECTOR ( 'NONE', #1109, 1000.000000000000000 ) ;
#2169 = ORIENTED_EDGE ( 'NONE', *, *, #2625, .T. ) ;
#2170 = CARTESIAN_POINT ( 'NONE',  ( 1.314432617519998514, 2.526191061891225331E-14, -1.139999999999998126 ) ) ;
#2171 = VERTEX_POINT ( 'NONE', #4566 ) ;
#2172 = VERTEX_POINT ( 'NONE', #5980 ) ;
#2173 = ADVANCED_FACE ( 'NONE', ( #5439 ), #3151, .F. ) ;
#2174 = CARTESIAN_POINT ( 'NONE',  ( 3.849999999999964562, 2.028813315263500172E-14, -1.400000000000002354 ) ) ;
#2175 = CARTESIAN_POINT ( 'NONE',  ( -2.444432617520301054, 0.09999999999996531108, -0.1899999999999978928 ) ) ;
#2176 = FACE_OUTER_BOUND ( 'NONE', #4312, .T. ) ;
#2177 = ORIENTED_EDGE ( 'NONE', *, *, #182, .F. ) ;
#2178 = VECTOR ( 'NONE', #5528, 1000.000000000000000 ) ;
#2179 = VERTEX_POINT ( 'NONE', #3588 ) ;
#2180 = EDGE_CURVE ( 'NONE', #2964, #232, #5062, .T. ) ;
#2181 = CARTESIAN_POINT ( 'NONE',  ( -1.000000000000001332, 1.312198954710015242, -2.299999999999998046 ) ) ;
#2182 = DIRECTION ( 'NONE',  ( 0.000000000000000000, 0.9986295347545720569, -0.05233595624297854298 ) ) ;
#2183 = CARTESIAN_POINT ( 'NONE',  ( 3.399999999999998579, 0.2600000000000153300, 1.400000000000001910 ) ) ;
#2184 = DIRECTION ( 'NONE',  ( 1.000000000000000000, 0.000000000000000000, -0.000000000000000000 ) ) ;
#2185 = VERTEX_POINT ( 'NONE', #1725 ) ;
#2186 = DIRECTION ( 'NONE',  ( -0.000000000000000000, -0.000000000000000000, -1.000000000000000000 ) ) ;
#2187 = ORIENTED_EDGE ( 'NONE', *, *, #1464, .T. ) ;
#2188 = LINE ( 'NONE', #5546, #2600 ) ;
#2189 = DIRECTION ( 'NONE',  ( -0.000000000000000000, 0.000000000000000000, -1.000000000000000000 ) ) ;
#2190 = CARTESIAN_POINT ( 'NONE',  ( -0.4050000000000013034, 0.9600000000000152856, -2.099999999999998757 ) ) ;
#2191 = ORIENTED_EDGE ( 'NONE', *, *, #3952, .T. ) ;
#2192 = VECTOR ( 'NONE', #782, 1000.000000000000000 ) ;
#2193 = ORIENTED_EDGE ( 'NONE', *, *, #5374, .F. ) ;
#2194 = ORIENTED_EDGE ( 'NONE', *, *, #904, .T. ) ;
#2195 = VECTOR ( 'NONE', #4978, 1000.000000000000000 ) ;
#2196 = DIRECTION ( 'NONE',  ( -0.000000000000000000, -1.000000000000000000, -0.000000000000000000 ) ) ;
#2197 = VECTOR ( 'NONE', #229, 1000.000000000000000 ) ;
#2198 = ORIENTED_EDGE ( 'NONE', *, *, #1606, .T. ) ;
#2199 = CARTESIAN_POINT ( 'NONE',  ( -1.301042606982605321E-15, 1.249130434782627530, 1.200000000000010614 ) ) ;
#2200 = ADVANCED_FACE ( 'NONE', ( #5468 ), #1133, .F. ) ;
#2201 = ORIENTED_EDGE ( 'NONE', *, *, #4015, .T. ) ;
#2202 = AXIS2_PLACEMENT_3D ( 'NONE', #1138, #736, #5442 ) ;
#2203 = LINE ( 'NONE', #2239, #169 ) ;
#2204 = CARTESIAN_POINT ( 'NONE',  ( -1.301042606982605321E-15, 0.2500000000000152656, -1.399999999999998135 ) ) ;
#2205 = SURFACE_STYLE_FILL_AREA ( #5131 ) ;
#2206 = CYLINDRICAL_SURFACE ( 'NONE', #5425, 0.09999999999999982514 ) ;
#2207 = ORIENTED_EDGE ( 'NONE', *, *, #5302, .T. ) ;
#2208 = VECTOR ( 'NONE', #4632, 1000.000000000000000 ) ;
#2209 = EDGE_LOOP ( 'NONE', ( #318, #801, #2498, #3360 ) ) ;
#2210 = VERTEX_POINT ( 'NONE', #1166 ) ;
#2211 = CARTESIAN_POINT ( 'NONE',  ( -3.850000000000102673, 3.117081245895825248E-16, -1.399999999999982814 ) ) ;
#2212 = PLANE ( 'NONE',  #4219 ) ;
#2213 = CARTESIAN_POINT ( 'NONE',  ( -1.000000000000001332, 1.312198954710015242, -2.119999999999997886 ) ) ;
#2214 = DIRECTION ( 'NONE',  ( -0.000000000000000000, 0.000000000000000000, -1.000000000000000000 ) ) ;
#2215 = ORIENTED_EDGE ( 'NONE', *, *, #2609, .T. ) ;
#2216 = VECTOR ( 'NONE', #5261, 1000.000000000000000 ) ;
#2217 = ADVANCED_FACE ( 'NONE', ( #251 ), #3559, .T. ) ;
#2218 = AXIS2_PLACEMENT_3D ( 'NONE', #2144, #667, #2655 ) ;
#2219 = CARTESIAN_POINT ( 'NONE',  ( 0.9999999999999991118, 0.09220050455076719831, -1.994766404376001612 ) ) ;
#2220 = EDGE_LOOP ( 'NONE', ( #5973, #4677, #2933, #3025 ) ) ;
#2221 = DIRECTION ( 'NONE',  ( 0.000000000000000000, 0.000000000000000000, -1.000000000000000000 ) ) ;
#2222 = LINE ( 'NONE', #5175, #4966 ) ;
#2223 = CARTESIAN_POINT ( 'NONE',  ( -3.200000000000001510, 0.9600000000000152856, -0.3649999999999977152 ) ) ;
#2224 = DIRECTION ( 'NONE',  ( 0.000000000000000000, 0.000000000000000000, 1.000000000000000000 ) ) ;
#2225 = ORIENTED_EDGE ( 'NONE', *, *, #5939, .T. ) ;
#2226 = LINE ( 'NONE', #3700, #5265 ) ;
#2227 = VERTEX_POINT ( 'NONE', #3125 ) ;
#2228 = ADVANCED_FACE ( 'NONE', ( #761 ), #2206, .T. ) ;
#2229 = CARTESIAN_POINT ( 'NONE',  ( -1.000000000000001332, 1.185809608451015462, 1.162805198833802178 ) ) ;
#2230 = EDGE_CURVE ( 'NONE', #3039, #3393, #2717, .T. ) ;
#2231 = EDGE_CURVE ( 'NONE', #2236, #2964, #5633, .T. ) ;
#2232 = EDGE_LOOP ( 'NONE', ( #6055, #440, #4061, #5392, #6018, #316, #546, #6191, #1907, #4710 ) ) ;
#2233 = LINE ( 'NONE', #4181, #3004 ) ;
#2234 = EDGE_CURVE ( 'NONE', #202, #5982, #5661, .T. ) ;
#2235 = ADVANCED_FACE ( 'NONE', ( #4153 ), #6102, .T. ) ;
#2236 = VERTEX_POINT ( 'NONE', #1891 ) ;
#2237 = ADVANCED_FACE ( 'NONE', ( #342 ), #1352, .F. ) ;
#2238 = EDGE_CURVE ( 'NONE', #2683, #4121, #4288, .T. ) ;
#2239 = CARTESIAN_POINT ( 'NONE',  ( -2.300000000000001155, 1.370000000000015206, 0.07500000000000214828 ) ) ;
#2240 = ADVANCED_FACE ( 'NONE', ( #443 ), #3216, .F. ) ;
#2241 = CARTESIAN_POINT ( 'NONE',  ( 1.549999999999998490, 0.8700000000000153166, 1.200000000000001954 ) ) ;
#2242 = PRODUCT_CONTEXT ( 'NONE', #4963, 'mechanical' ) ;
#2243 = DIRECTION ( 'NONE',  ( 0.000000000000000000, 1.000000000000000000, 0.000000000000000000 ) ) ;
#2244 = ORIENTED_EDGE ( 'NONE', *, *, #272, .T. ) ;
#2245 = ORIENTED_EDGE ( 'NONE', *, *, #2152, .T. ) ;
#2246 = ORIENTED_EDGE ( 'NONE', *, *, #5355, .F. ) ;
#2247 = CARTESIAN_POINT ( 'NONE',  ( -0.4050000000000013034, 1.203886659155923855, -0.6000000000000028644 ) ) ;
#2248 = DIRECTION ( 'NONE',  ( -0.000000000000000000, 1.000000000000000000, 0.000000000000000000 ) ) ;
#2249 = LINE ( 'NONE', #4161, #1865 ) ;
#2250 = CARTESIAN_POINT ( 'NONE',  ( -0.3950000000000012390, 0.2500000000000152656, -1.399999999999998135 ) ) ;
#2251 = ORIENTED_EDGE ( 'NONE', *, *, #4857, .F. ) ;
#2252 = DIRECTION ( 'NONE',  ( -0.000000000000000000, 1.000000000000000000, 0.000000000000000000 ) ) ;
#2253 = EDGE_LOOP ( 'NONE', ( #271, #4643, #389, #1323, #1152, #5248, #3745, #5453, #3420, #2918 ) ) ;
#2254 = FACE_OUTER_BOUND ( 'NONE', #1319, .T. ) ;
#2255 = DIRECTION ( 'NONE',  ( -1.000000000000000000, -0.000000000000000000, 0.000000000000000000 ) ) ;
#2256 = VECTOR ( 'NONE', #4679, 1000.000000000000000 ) ;
#2257 = DIRECTION ( 'NONE',  ( -0.000000000000000000, -0.000000000000000000, 1.000000000000000000 ) ) ;
#2258 = DIRECTION ( 'NONE',  ( 0.000000000000000000, -1.000000000000000000, -0.000000000000000000 ) ) ;
#2259 = ORIENTED_EDGE ( 'NONE', *, *, #5314, .F. ) ;
#2260 = CARTESIAN_POINT ( 'NONE',  ( -1.301042606982605321E-15, 0.2500000000000152656, -2.099999999999998757 ) ) ;
#2261 = ORIENTED_EDGE ( 'NONE', *, *, #3720, .T. ) ;
#2262 = VECTOR ( 'NONE', #1498, 1000.000000000000000 ) ;
#2263 = CARTESIAN_POINT ( 'NONE',  ( -0.9050000000000012479, 1.203886659155923855, -0.6000000000000028644 ) ) ;
#2264 = CARTESIAN_POINT ( 'NONE',  ( 1.599999999999998090, 0.05000000000001530998, -0.3649999999999977152 ) ) ;
#2265 = EDGE_CURVE ( 'NONE', #3386, #5236, #823, .T. ) ;
#2266 = ORIENTED_EDGE ( 'NONE', *, *, #1218, .T. ) ;
#2267 = CARTESIAN_POINT ( 'NONE',  ( 1.549999999999998490, 0.9845652173915153682, 0.3000000000000018763 ) ) ;
#2268 = ORIENTED_EDGE ( 'NONE', *, *, #3608, .F. ) ;
#2269 = AXIS2_PLACEMENT_3D ( 'NONE', #4828, #5328, #2976 ) ;
#2270 = ADVANCED_FACE ( 'NONE', ( #6072 ), #5162, .F. ) ;
#2271 = VECTOR ( 'NONE', #5775, 1000.000000000000000 ) ;
#2272 = LINE ( 'NONE', #4184, #4992 ) ;
#2273 = DIRECTION ( 'NONE',  ( -1.000000000000000000, -0.000000000000000000, -0.000000000000000000 ) ) ;
#2274 = VECTOR ( 'NONE', #360, 1000.000000000000000 ) ;
#2275 = DIRECTION ( 'NONE',  ( 1.000000000000000000, 0.000000000000000000, 0.000000000000000000 ) ) ;
#2276 = DIRECTION ( 'NONE',  ( -0.000000000000000000, 1.000000000000000000, 0.000000000000000000 ) ) ;
#2277 = ORIENTED_EDGE ( 'NONE', *, *, #1073, .T. ) ;
#2278 = ADVANCED_FACE ( 'NONE', ( #855 ), #4758, .F. ) ;
#2279 = EDGE_LOOP ( 'NONE', ( #4304, #581, #1744, #784 ) ) ;
#2280 = VERTEX_POINT ( 'NONE', #5225 ) ;
#2281 = CARTESIAN_POINT ( 'NONE',  ( -0.9050000000000012479, 0.04999999999985191290, -2.799999999999998490 ) ) ;
#2282 = LINE ( 'NONE', #3784, #5727 ) ;
#2283 = LINE ( 'NONE', #3686, #2975 ) ;
#2284 = DIRECTION ( 'NONE',  ( -1.000000000000000000, -0.000000000000000000, 0.000000000000000000 ) ) ;
#2285 = EDGE_LOOP ( 'NONE', ( #2135, #4070, #3651, #3196 ) ) ;
#2286 = CARTESIAN_POINT ( 'NONE',  ( 3.199999999999998845, 0.9600000000000152856, 1.370000000000002105 ) ) ;
#2287 = VECTOR ( 'NONE', #1351, 1000.000000000000000 ) ;
#2288 = ORIENTED_EDGE ( 'NONE', *, *, #415, .F. ) ;
#2289 = CARTESIAN_POINT ( 'NONE',  ( -2.285000000000001474, 0.2800000000000152922, -1.024999999999998135 ) ) ;
#2290 = DIRECTION ( 'NONE',  ( 1.000000000000000000, -0.000000000000000000, 0.000000000000000000 ) ) ;
#2291 = CARTESIAN_POINT ( 'NONE',  ( 2.399999999999998579, 0.9600000000000152856, 1.370000000000002105 ) ) ;
#2292 = LINE ( 'NONE', #4743, #3974 ) ;
#2293 = VERTEX_POINT ( 'NONE', #5132 ) ;
#2294 = FACE_OUTER_BOUND ( 'NONE', #6140, .T. ) ;
#2295 = ADVANCED_FACE ( 'NONE', ( #2813 ), #6138, .T. ) ;
#2296 = DIRECTION ( 'NONE',  ( 1.000000000000000000, 0.000000000000000000, 0.000000000000000000 ) ) ;
#2297 = FACE_OUTER_BOUND ( 'NONE', #4558, .T. ) ;
#2298 = VECTOR ( 'NONE', #3490, 1000.000000000000000 ) ;
#2299 = VERTEX_POINT ( 'NONE', #1288 ) ;
#2300 = PLANE ( 'NONE',  #3677 ) ;
#2301 = VERTEX_POINT ( 'NONE', #3813 ) ;
#2302 = AXIS2_PLACEMENT_3D ( 'NONE', #5867, #2666, #1589 ) ;
#2303 = VECTOR ( 'NONE', #4698, 1000.000000000000000 ) ;
#2304 = CARTESIAN_POINT ( 'NONE',  ( -4.000000000000001776, 1.010000000000015330, 0.7000000000000020650 ) ) ;
#2305 = DIRECTION ( 'NONE',  ( 1.000000000000000000, 0.000000000000000000, -0.000000000000000000 ) ) ;
#2306 = CARTESIAN_POINT ( 'NONE',  ( 0.09499999999999872435, 0.8061074182865152205, -0.6999999999999979572 ) ) ;
#2307 = VERTEX_POINT ( 'NONE', #2339 ) ;
#2308 = ORIENTED_EDGE ( 'NONE', *, *, #564, .T. ) ;
#2309 = CARTESIAN_POINT ( 'NONE',  ( 0.3949999999999986300, 0.2500000000000152656, -2.099999999999998757 ) ) ;
#2310 = FACE_OUTER_BOUND ( 'NONE', #2057, .T. ) ;
#2311 = EDGE_CURVE ( 'NONE', #640, #3485, #5192, .T. ) ;
#2312 = VECTOR ( 'NONE', #4132, 1000.000000000000000 ) ;
#2313 = DIRECTION ( 'NONE',  ( -1.000000000000000000, -0.000000000000000000, 0.000000000000000000 ) ) ;
#2314 = DIRECTION ( 'NONE',  ( 1.000000000000000000, 0.000000000000000000, 0.000000000000000000 ) ) ;
#2315 = VERTEX_POINT ( 'NONE', #3748 ) ;
#2316 = EDGE_CURVE ( 'NONE', #3742, #3065, #884, .T. ) ;
#2317 = CARTESIAN_POINT ( 'NONE',  ( -3.500000000000001332, 1.760000000000015330, 1.050000000000001821 ) ) ;
#2318 = ORIENTED_EDGE ( 'NONE', *, *, #3940, .F. ) ;
#2319 = DIRECTION ( 'NONE',  ( 1.000000000000000000, 0.000000000000000000, 0.000000000000000000 ) ) ;
#2320 = EDGE_CURVE ( 'NONE', #5135, #5429, #2847, .T. ) ;
#2321 = CARTESIAN_POINT ( 'NONE',  ( 0.9999999999999991118, 0.05000000000000026645, -1.399999999999998135 ) ) ;
#2322 = VECTOR ( 'NONE', #3437, 1000.000000000000000 ) ;
#2323 = DIRECTION ( 'NONE',  ( 0.000000000000000000, 0.000000000000000000, -1.000000000000000000 ) ) ;
#2324 = DIRECTION ( 'NONE',  ( 0.000000000000000000, 0.000000000000000000, 1.000000000000000000 ) ) ;
#2325 = ORIENTED_EDGE ( 'NONE', *, *, #4206, .F. ) ;
#2326 = ORIENTED_EDGE ( 'NONE', *, *, #730, .F. ) ;
#2327 = AXIS2_PLACEMENT_3D ( 'NONE', #1028, #2957, #3893 ) ;
#2328 = ORIENTED_EDGE ( 'NONE', *, *, #3933, .F. ) ;
#2330 = CARTESIAN_POINT ( 'NONE',  ( 3.199999999999998845, 0.05000000000001530998, -0.3649999999999977152 ) ) ;
#2329 = AXIS2_PLACEMENT_3D ( 'NONE', #1132, #1196, #6071 ) ;
#2331 = DIRECTION ( 'NONE',  ( 1.000000000000000000, 0.000000000000000000, 0.000000000000000000 ) ) ;
#2332 = ORIENTED_EDGE ( 'NONE', *, *, #5304, .F. ) ;
#2333 = CARTESIAN_POINT ( 'NONE',  ( -0.5000000000000013323, 0.1500000000000152878, -2.799999999999998490 ) ) ;
#2334 = ORIENTED_EDGE ( 'NONE', *, *, #5111, .F. ) ;
#2335 = FACE_OUTER_BOUND ( 'NONE', #4402, .T. ) ;
#2336 = VECTOR ( 'NONE', #2273, 1000.000000000000000 ) ;
#2337 = EDGE_CURVE ( 'NONE', #4793, #3546, #4188, .T. ) ;
#2338 = CARTESIAN_POINT ( 'NONE',  ( -3.200000000000001510, 0.05000000000001530998, 0.05000000000000229955 ) ) ;
#2339 = CARTESIAN_POINT ( 'NONE',  ( -3.844432617520276096, 3.117081245895825248E-16, -0.8999999999999980238 ) ) ;
#2340 = ORIENTED_EDGE ( 'NONE', *, *, #301, .T. ) ;
#2341 = ORIENTED_EDGE ( 'NONE', *, *, #3930, .F. ) ;
#2342 = EDGE_LOOP ( 'NONE', ( #910, #459, #481, #40, #1835, #2591 ) ) ;
#2343 = EDGE_CURVE ( 'NONE', #3546, #4877, #1382, .T. ) ;
#2344 = CARTESIAN_POINT ( 'NONE',  ( -0.8950000000000012390, 0.2500000000000152656, -1.399999999999998135 ) ) ;
#2345 = PLANE ( 'NONE',  #3018 ) ;
#2346 = EDGE_CURVE ( 'NONE', #2036, #709, #4318, .T. ) ;
#2347 = FACE_OUTER_BOUND ( 'NONE', #1265, .T. ) ;
#2348 = CARTESIAN_POINT ( 'NONE',  ( 0.4999999999999987232, 0.1920634580258153146, -1.899999999999998135 ) ) ;
#2349 = CARTESIAN_POINT ( 'NONE',  ( 1.369999999999998774, 0.2000000000000153044, -1.024999999999998135 ) ) ;
#2350 = EDGE_CURVE ( 'NONE', #4613, #34, #1921, .T. ) ;
#2351 = ORIENTED_EDGE ( 'NONE', *, *, #1647, .T. ) ;
#2352 = DIRECTION ( 'NONE',  ( 0.000000000000000000, -0.000000000000000000, 1.000000000000000000 ) ) ;
#2353 = FACE_OUTER_BOUND ( 'NONE', #1742, .T. ) ;
#2354 = CARTESIAN_POINT ( 'NONE',  ( -1.464432617519501045, 1.640000000000015445, -0.1900000000000217626 ) ) ;
#2355 = DIRECTION ( 'NONE',  ( 0.000000000000000000, 0.000000000000000000, -1.000000000000000000 ) ) ;
#2356 = ORIENTED_EDGE ( 'NONE', *, *, #2477, .T. ) ;
#2357 = DIRECTION ( 'NONE',  ( 1.000000000000000000, 0.000000000000000000, 0.000000000000000000 ) ) ;
#2358 = ORIENTED_EDGE ( 'NONE', *, *, #2744, .T. ) ;
#2359 = ORIENTED_EDGE ( 'NONE', *, *, #1223, .T. ) ;
#2360 = EDGE_CURVE ( 'NONE', #2795, #336, #5285, .T. ) ;
#2361 = VECTOR ( 'NONE', #5649, 1000.000000000000000 ) ;
#2362 = DIRECTION ( 'NONE',  ( -0.000000000000000000, -1.000000000000000000, -0.000000000000000000 ) ) ;
#2363 = CARTESIAN_POINT ( 'NONE',  ( 3.499999999999998668, 0.1000000000000453165, -1.579999999999998073 ) ) ;
#2364 = ORIENTED_EDGE ( 'NONE', *, *, #1500, .T. ) ;
#2365 = FACE_OUTER_BOUND ( 'NONE', #2672, .T. ) ;
#2366 = ADVANCED_FACE ( 'NONE', ( #480 ), #1202, .F. ) ;
#2367 = ORIENTED_EDGE ( 'NONE', *, *, #2901, .T. ) ;
#2368 = VECTOR ( 'NONE', #358, 1000.000000000000000 ) ;
#2369 = DIRECTION ( 'NONE',  ( 0.000000000000000000, -0.000000000000000000, 1.000000000000000000 ) ) ;
#2370 = ORIENTED_EDGE ( 'NONE', *, *, #3777, .F. ) ;
#2371 = AXIS2_PLACEMENT_3D ( 'NONE', #1962, #2023, #2885 ) ;
#2372 = LINE ( 'NONE', #374, #3086 ) ;
#2373 = DIRECTION ( 'NONE',  ( 0.000000000000000000, -1.000000000000000000, -0.000000000000000000 ) ) ;
#2374 = ORIENTED_EDGE ( 'NONE', *, *, #5119, .F. ) ;
#2375 = VECTOR ( 'NONE', #5167, 1000.000000000000000 ) ;
#2376 = ORIENTED_EDGE ( 'NONE', *, *, #1844, .F. ) ;
#2377 = FACE_OUTER_BOUND ( 'NONE', #959, .T. ) ;
#2378 = AXIS2_PLACEMENT_3D ( 'NONE', #3697, #2224, #1306 ) ;
#2379 = CARTESIAN_POINT ( 'NONE',  ( 0.5949999999999987521, 0.09220050455074438323, -1.994766404375844626 ) ) ;
#2380 = DIRECTION ( 'NONE',  ( 0.000000000000000000, -1.000000000000000000, -0.000000000000000000 ) ) ;
#2381 = LINE ( 'NONE', #5264, #2628 ) ;
#2382 = UNCERTAINTY_MEASURE_WITH_UNIT (LENGTH_MEASURE( 1.000000000000000082E-05 ), #4539, 'distance_accuracy_value', 'NONE');
#2383 = VERTEX_POINT ( 'NONE', #1671 ) ;
#2384 = DIRECTION ( 'NONE',  ( 0.000000000000000000, -0.000000000000000000, 1.000000000000000000 ) ) ;
#2385 = LINE ( 'NONE', #3296, #4476 ) ;
#2386 = CARTESIAN_POINT ( 'NONE',  ( 1.369999999999998774, 0.2800000000000152922, -1.024999999999998135 ) ) ;
#2387 = VECTOR ( 'NONE', #1563, 1000.000000000000000 ) ;
#2388 = ORIENTED_EDGE ( 'NONE', *, *, #2530, .T. ) ;
#2389 = CARTESIAN_POINT ( 'NONE',  ( 2.799999999999998490, 0.2600000000000153300, 1.400000000000001910 ) ) ;
#2390 = ORIENTED_EDGE ( 'NONE', *, *, #4060, .F. ) ;
#2391 = ORIENTED_EDGE ( 'NONE', *, *, #3613, .F. ) ;
#2392 = CARTESIAN_POINT ( 'NONE',  ( 1.369999999999998774, 1.755000000000015437, -1.024999999999998135 ) ) ;
#2393 = LINE ( 'NONE', #2484, #2664 ) ;
#2394 = DIRECTION ( 'NONE',  ( 0.000000000000000000, -0.000000000000000000, 1.000000000000000000 ) ) ;
#2395 = DIRECTION ( 'NONE',  ( 0.000000000000000000, 0.000000000000000000, -1.000000000000000000 ) ) ;
#2396 = ORIENTED_EDGE ( 'NONE', *, *, #3462, .T. ) ;
#2397 = VECTOR ( 'NONE', #4000, 1000.000000000000000 ) ;
#2398 = LINE ( 'NONE', #5188, #3895 ) ;
#2399 = EDGE_CURVE ( 'NONE', #1631, #444, #1233, .T. ) ;
#2400 = PLANE ( 'NONE',  #3182 ) ;
#2401 = DIRECTION ( 'NONE',  ( -1.000000000000000000, -0.000000000000000000, 0.000000000000000000 ) ) ;
#2402 = VERTEX_POINT ( 'NONE', #2633 ) ;
#2403 = AXIS2_PLACEMENT_3D ( 'NONE', #743, #3071, #1081 ) ;
#2404 = EDGE_LOOP ( 'NONE', ( #5194, #22, #2894, #3172 ) ) ;
#2405 = ORIENTED_EDGE ( 'NONE', *, *, #2775, .T. ) ;
#2406 = VECTOR ( 'NONE', #3038, 1000.000000000000000 ) ;
#2407 = DIRECTION ( 'NONE',  ( 0.000000000000000000, 1.000000000000000000, -0.000000000000000000 ) ) ;
#2408 = LINE ( 'NONE', #1515, #1029 ) ;
#2409 = AXIS2_PLACEMENT_3D ( 'NONE', #5475, #3101, #3627 ) ;
#2410 = FACE_OUTER_BOUND ( 'NONE', #3475, .T. ) ;
#2411 = DIRECTION ( 'NONE',  ( 0.000000000000000000, -1.000000000000000000, -0.000000000000000000 ) ) ;
#2412 = ORIENTED_EDGE ( 'NONE', *, *, #4693, .F. ) ;
#2413 = CARTESIAN_POINT ( 'NONE',  ( 1.369999999999998774, 0.05000000000001530998, -2.089999999999998082 ) ) ;
#2414 = VECTOR ( 'NONE', #4810, 1000.000000000000000 ) ;
#2415 = PLANE ( 'NONE',  #660 ) ;
#2416 = ADVANCED_FACE ( 'NONE', ( #5922 ), #1262, .F. ) ;
#2417 = PLANE ( 'NONE',  #143 ) ;
#2418 = ORIENTED_EDGE ( 'NONE', *, *, #5152, .F. ) ;
#2419 = CARTESIAN_POINT ( 'NONE',  ( 0.4999999999999987232, 0.1499999999999653277, -1.399999999999998135 ) ) ;
#2420 = ORIENTED_EDGE ( 'NONE', *, *, #390, .T. ) ;
#2421 = ORIENTED_EDGE ( 'NONE', *, *, #2731, .F. ) ;
#2422 = LINE ( 'NONE', #2483, #506 ) ;
#2423 = DIRECTION ( 'NONE',  ( -1.000000000000000000, -0.000000000000000000, -0.000000000000000000 ) ) ;
#2424 = CARTESIAN_POINT ( 'NONE',  ( 3.844432617520998630, 0.2000000000000153044, -1.079999999999998073 ) ) ;
#2425 = LINE ( 'NONE', #4342, #5815 ) ;
#2426 = ORIENTED_EDGE ( 'NONE', *, *, #5355, .T. ) ;
#2427 = VECTOR ( 'NONE', #1765, 1000.000000000000000 ) ;
#2428 = VECTOR ( 'NONE', #2590, 1000.000000000000000 ) ;
#2429 = EDGE_CURVE ( 'NONE', #691, #3419, #6015, .T. ) ;
#2430 = ADVANCED_FACE ( 'NONE', ( #5068 ), #256, .T. ) ;
#2431 = EDGE_CURVE ( 'NONE', #2459, #871, #195, .T. ) ;
#2432 = DIRECTION ( 'NONE',  ( 0.000000000000000000, 0.9063077870360357613, -0.4226182617420166654 ) ) ;
#2433 = ADVANCED_FACE ( 'NONE', ( #5099 ), #2212, .T. ) ;
#2434 = DIRECTION ( 'NONE',  ( 0.000000000000000000, 0.000000000000000000, -1.000000000000000000 ) ) ;
#2435 = VECTOR ( 'NONE', #2380, 1000.000000000000000 ) ;
#2436 = VERTEX_POINT ( 'NONE', #5473 ) ;
#2437 = EDGE_CURVE ( 'NONE', #34, #5202, #1171, .T. ) ;
#2438 = ORIENTED_EDGE ( 'NONE', *, *, #1419, .T. ) ;
#2439 = ADVANCED_FACE ( 'NONE', ( #2151 ), #4100, .F. ) ;
#2440 = DIRECTION ( 'NONE',  ( 0.000000000000000000, -1.000000000000000000, -0.000000000000000000 ) ) ;
#2441 = DIRECTION ( 'NONE',  ( -0.000000000000000000, -1.000000000000000000, -0.000000000000000000 ) ) ;
#2442 = CARTESIAN_POINT ( 'NONE',  ( 0.4049999999999986944, 0.2500000000000152656, -1.899999999999998135 ) ) ;
#2443 = FACE_OUTER_BOUND ( 'NONE', #414, .T. ) ;
#2444 = ORIENTED_EDGE ( 'NONE', *, *, #2696, .F. ) ;
#2445 = EDGE_CURVE ( 'NONE', #1969, #5857, #158, .T. ) ;
#2446 = ORIENTED_EDGE ( 'NONE', *, *, #684, .F. ) ;
#2447 = DIRECTION ( 'NONE',  ( 0.000000000000000000, -0.05233595624306891514, -0.9986295347545672829 ) ) ;
#2448 = LINE ( 'NONE', #4356, #1756 ) ;
#2449 = CARTESIAN_POINT ( 'NONE',  ( -0.4050000000000013034, 0.8061074182865152205, -0.6999999999999979572 ) ) ;
#2450 = ORIENTED_EDGE ( 'NONE', *, *, #3562, .T. ) ;
#2451 = CARTESIAN_POINT ( 'NONE',  ( -1.370000000000001439, 1.755000000000015437, -0.1839477295669982304 ) ) ;
#2452 = ADVANCED_FACE ( 'NONE', ( #1613 ), #797, .F. ) ;
#2453 = ORIENTED_EDGE ( 'NONE', *, *, #4845, .T. ) ;
#2454 = EDGE_LOOP ( 'NONE', ( #3049, #944, #4173, #4836 ) ) ;
#2455 = CARTESIAN_POINT ( 'NONE',  ( 0.09499999999999872435, 0.9650000000000152900, -0.5999999999999980904 ) ) ;
#2456 = CARTESIAN_POINT ( 'NONE',  ( -1.370000000000001439, 0.1650000000000153011, -0.1899999999999978928 ) ) ;
#2457 = CARTESIAN_POINT ( 'NONE',  ( 1.094999999999998863, 1.185809608451015462, 1.162805198833802178 ) ) ;
#2458 = DIRECTION ( 'NONE',  ( 0.000000000000000000, 0.02173399540922035106, 0.9997637888239161441 ) ) ;
#2459 = VERTEX_POINT ( 'NONE', #227 ) ;
#2460 = EDGE_CURVE ( 'NONE', #3835, #2704, #1731, .T. ) ;
#2461 = CARTESIAN_POINT ( 'NONE',  ( -1.301042606982605321E-15, 1.760000000000015330, 2.100000000000001865 ) ) ;
#2462 = FACE_OUTER_BOUND ( 'NONE', #1658, .T. ) ;
#2463 = VERTEX_POINT ( 'NONE', #3131 ) ;
#2464 = EDGE_CURVE ( 'NONE', #5478, #2836, #4975, .T. ) ;
#2465 = ORIENTED_EDGE ( 'NONE', *, *, #2548, .T. ) ;
#2466 = CARTESIAN_POINT ( 'NONE',  ( 1.369999999999998774, 0.2000000000000153044, -0.1899999999999978928 ) ) ;
#2467 = AXIS2_PLACEMENT_3D ( 'NONE', #4674, #4610, #3230 ) ;
#2468 = CARTESIAN_POINT ( 'NONE',  ( -1.370000000000001439, 1.870000000000015206, -2.099999999999998757 ) ) ;
#2469 = CARTESIAN_POINT ( 'NONE',  ( 3.199999999999998845, 1.640000000000015445, -1.024999999999998135 ) ) ;
#2470 = LINE ( 'NONE', #153, #2016 ) ;
#2471 = CARTESIAN_POINT ( 'NONE',  ( 3.199999999999998845, 0.9600000000000152856, -0.3649999999999977152 ) ) ;
#2472 = EDGE_CURVE ( 'NONE', #762, #5209, #4014, .T. ) ;
#2473 = VERTEX_POINT ( 'NONE', #767 ) ;
#2474 = VECTOR ( 'NONE', #257, 1000.000000000000000 ) ;
#2475 = PLANE ( 'NONE',  #3464 ) ;
#2476 = LINE ( 'NONE', #2977, #5282 ) ;
#2477 = EDGE_CURVE ( 'NONE', #2770, #4972, #4601, .T. ) ;
#2478 = DIRECTION ( 'NONE',  ( 0.000000000000000000, 0.000000000000000000, 1.000000000000000000 ) ) ;
#2479 = ORIENTED_EDGE ( 'NONE', *, *, #5967, .T. ) ;
#2480 = PLANE ( 'NONE',  #1538 ) ;
#2481 = EDGE_LOOP ( 'NONE', ( #3118, #1816, #5949, #1252, #5516, #1383, #5053, #5981 ) ) ;
#2482 = ORIENTED_EDGE ( 'NONE', *, *, #1490, .F. ) ;
#2483 = CARTESIAN_POINT ( 'NONE',  ( -2.264432617520201418, 1.720000000000015294, -0.1899999999999978928 ) ) ;
#2484 = CARTESIAN_POINT ( 'NONE',  ( 0.4999999999999987232, 1.117991655295583531, 1.017369128957737123 ) ) ;
#2485 = DIRECTION ( 'NONE',  ( 0.000000000000000000, 0.000000000000000000, -1.000000000000000000 ) ) ;
#2486 = EDGE_LOOP ( 'NONE', ( #5039, #5788, #4692, #5959 ) ) ;
#2487 = VECTOR ( 'NONE', #6070, 1000.000000000000000 ) ;
#2488 = LINE ( 'NONE', #535, #2701 ) ;
#2489 = DIRECTION ( 'NONE',  ( 1.000000000000000000, 0.000000000000000000, 0.000000000000000000 ) ) ;
#2490 = VERTEX_POINT ( 'NONE', #3532 ) ;
#2491 = ORIENTED_EDGE ( 'NONE', *, *, #1385, .F. ) ;
#2492 = DIRECTION ( 'NONE',  ( 0.000000000000000000, 0.000000000000000000, -1.000000000000000000 ) ) ;
#2493 = CARTESIAN_POINT ( 'NONE',  ( -0.09500000000000133338, 0.2500000000000152656, -2.099999999999998757 ) ) ;
#2494 = LINE ( 'NONE', #2943, #392 ) ;
#2495 = VECTOR ( 'NONE', #6041, 1000.000000000000000 ) ;
#2496 = LINE ( 'NONE', #3524, #5029 ) ;
#2497 = DIRECTION ( 'NONE',  ( 1.000000000000000000, 0.000000000000000000, -0.000000000000000000 ) ) ;
#2498 = ORIENTED_EDGE ( 'NONE', *, *, #6153, .T. ) ;
#2499 = EDGE_LOOP ( 'NONE', ( #1568, #1846, #2148, #3060, #4360, #2540, #5843, #2013, #3556 ) ) ;
#2500 = ORIENTED_EDGE ( 'NONE', *, *, #3538, .T. ) ;
#2501 = VECTOR ( 'NONE', #1834, 1000.000000000000227 ) ;
#2503 = EDGE_CURVE ( 'NONE', #3506, #5287, #5954, .T. ) ;
#2502 = CARTESIAN_POINT ( 'NONE',  ( 0.4049999999999986944, 1.312198954710015242, -2.119999999999997886 ) ) ;
#2504 = ADVANCED_FACE ( 'NONE', ( #500 ), #3421, .T. ) ;
#2505 = DIRECTION ( 'NONE',  ( 0.000000000000000000, 0.000000000000000000, -1.000000000000000000 ) ) ;
#2506 = ORIENTED_EDGE ( 'NONE', *, *, #6117, .F. ) ;
#2507 = LINE ( 'NONE', #3951, #5909 ) ;
#2508 = ADVANCED_FACE ( 'NONE', ( #77 ), #4418, .F. ) ;
#2509 = EDGE_CURVE ( 'NONE', #4035, #2053, #5339, .T. ) ;
#2510 = EDGE_LOOP ( 'NONE', ( #1828, #675, #1877, #5705 ) ) ;
#2511 = CARTESIAN_POINT ( 'NONE',  ( -0.3950000000000012390, 0.9600000000000152856, -2.099999999999998757 ) ) ;
#2512 = LINE ( 'NONE', #3892, #1448 ) ;
#2513 = FACE_OUTER_BOUND ( 'NONE', #2939, .T. ) ;
#2514 = CARTESIAN_POINT ( 'NONE',  ( 2.444432617519998630, 0.2000000000000153044, -0.8999999999999980238 ) ) ;
#2515 = VERTEX_POINT ( 'NONE', #1437 ) ;
#2516 = DIRECTION ( 'NONE',  ( 0.000000000000000000, 1.000000000000000000, 0.000000000000000000 ) ) ;
#2517 = VECTOR ( 'NONE', #435, 1000.000000000000000 ) ;
#2518 = FACE_OUTER_BOUND ( 'NONE', #974, .T. ) ;
#2519 = CIRCLE ( 'NONE', #205, 0.09999999999999982514 ) ;
#2520 = EDGE_LOOP ( 'NONE', ( #4021, #345, #993, #3417 ) ) ;
#2521 = VECTOR ( 'NONE', #5901, 1000.000000000000000 ) ;
#2522 = ORIENTED_EDGE ( 'NONE', *, *, #497, .F. ) ;
#2523 = ADVANCED_FACE ( 'NONE', ( #1939 ), #530, .T. ) ;
#2524 = CARTESIAN_POINT ( 'NONE',  ( -2.300000000000001155, 0.5800000000000153921, 0.07500000000000214828 ) ) ;
#2525 = LINE ( 'NONE', #3379, #2620 ) ;
#2526 = STYLED_ITEM ( 'NONE', ( #6008 ), #4723 ) ;
#2527 = CARTESIAN_POINT ( 'NONE',  ( 1.369999999999998774, 1.640000000000015445, 0.05000000000000229955 ) ) ;
#2528 = CARTESIAN_POINT ( 'NONE',  ( 0.9049999999999986944, 0.2499999999999479583, -2.800000000000000266 ) ) ;
#2529 = CARTESIAN_POINT ( 'NONE',  ( -0.5950000000000013056, 0.04999999999986868421, -2.799999999999998490 ) ) ;
#2530 = EDGE_CURVE ( 'NONE', #5433, #2280, #4892, .T. ) ;
#2531 = VERTEX_POINT ( 'NONE', #1912 ) ;
#2532 = EDGE_CURVE ( 'NONE', #34, #3128, #4394, .T. ) ;
#2533 = CARTESIAN_POINT ( 'NONE',  ( 1.719999999999998419, 0.8700000000000153166, 1.370000000000002105 ) ) ;
#2534 = VECTOR ( 'NONE', #5632, 1000.000000000000000 ) ;
#2535 = DIRECTION ( 'NONE',  ( 0.000000000000000000, 0.05233595624290282577, 0.9986295347545759427 ) ) ;
#2536 = ORIENTED_EDGE ( 'NONE', *, *, #929, .T. ) ;
#2537 = ORIENTED_EDGE ( 'NONE', *, *, #432, .T. ) ;
#2538 = LINE ( 'NONE', #1644, #6216 ) ;
#2539 = EDGE_CURVE ( 'NONE', #6, #3590, #1405, .T. ) ;
#2540 = ORIENTED_EDGE ( 'NONE', *, *, #4652, .F. ) ;
#2541 = ORIENTED_EDGE ( 'NONE', *, *, #1284, .F. ) ;
#2542 = ORIENTED_EDGE ( 'NONE', *, *, #3744, .F. ) ;
#2543 = DIRECTION ( 'NONE',  ( 0.000000000000000000, -1.000000000000000000, -0.000000000000000000 ) ) ;
#2544 = CARTESIAN_POINT ( 'NONE',  ( 3.849999999999998312, 0.1000000000000453165, -1.489999999999997771 ) ) ;
#2545 = DIRECTION ( 'NONE',  ( 1.000000000000000000, 0.000000000000000000, 0.000000000000000000 ) ) ;
#2546 = LINE ( 'NONE', #2575, #6099 ) ;
#2547 = ORIENTED_EDGE ( 'NONE', *, *, #54, .T. ) ;
#2548 = EDGE_CURVE ( 'NONE', #4338, #950, #3862, .T. ) ;
#2549 = VERTEX_POINT ( 'NONE', #2031 ) ;
#2550 = LINE ( 'NONE', #1442, #783 ) ;
#2551 = CARTESIAN_POINT ( 'NONE',  ( 1.599999999999998090, 1.870000000000015206, 1.200000000000001954 ) ) ;
#2552 = ORIENTED_EDGE ( 'NONE', *, *, #2629, .T. ) ;
#2553 = EDGE_LOOP ( 'NONE', ( #1813, #185, #3707, #5051 ) ) ;
#2554 = LINE ( 'NONE', #121, #2298 ) ;
#2555 = VECTOR ( 'NONE', #1908, 1000.000000000000000 ) ;
#2556 = PLANE ( 'NONE',  #4225 ) ;
#2557 = LINE ( 'NONE', #4470, #1521 ) ;
#2558 = CARTESIAN_POINT ( 'NONE',  ( -0.6050000000000013145, 0.05000000000000778821, -1.399999999999998135 ) ) ;
#2559 = CARTESIAN_POINT ( 'NONE',  ( 1.549999999999998490, 1.210000000000013953, -0.5999999999999980904 ) ) ;
#2560 = VECTOR ( 'NONE', #5489, 1000.000000000000000 ) ;
#2561 = VERTEX_POINT ( 'NONE', #4867 ) ;
#2562 = CARTESIAN_POINT ( 'NONE',  ( -0.9050000000000012479, 0.2499999999999479583, -2.800000000000000266 ) ) ;
#2563 = CARTESIAN_POINT ( 'NONE',  ( -2.300000000000001155, 0.9600000000000152856, 1.370000000000002105 ) ) ;
#2564 = CARTESIAN_POINT ( 'NONE',  ( -1.301042606982605321E-15, 0.2460317290131153467, -1.899999999999998135 ) ) ;
#2565 = ORIENTED_EDGE ( 'NONE', *, *, #5220, .T. ) ;
#2566 = VECTOR ( 'NONE', #5005, 1000.000000000000000 ) ;
#2567 = DIRECTION ( 'NONE',  ( -0.000000000000000000, 0.000000000000000000, -1.000000000000000000 ) ) ;
#2568 = VECTOR ( 'NONE', #2635, 1000.000000000000000 ) ;
#2569 = ORIENTED_EDGE ( 'NONE', *, *, #3650, .T. ) ;
#2570 = ORIENTED_EDGE ( 'NONE', *, *, #5950, .T. ) ;
#2571 = DIRECTION ( 'NONE',  ( 0.000000000000000000, 0.05233595624290282577, 0.9986295347545759427 ) ) ;
#2572 = PLANE ( 'NONE',  #3059 ) ;
#2573 = CARTESIAN_POINT ( 'NONE',  ( -1.370000000000001439, 0.2800000000000152922, -1.024999999999998135 ) ) ;
#2574 = VECTOR ( 'NONE', #2258, 1000.000000000000000 ) ;
#2575 = CARTESIAN_POINT ( 'NONE',  ( -0.8950000000000012390, 0.2500000000000152656, -1.749999999999998002 ) ) ;
#2576 = ORIENTED_EDGE ( 'NONE', *, *, #2265, .F. ) ;
#2577 = LINE ( 'NONE', #750, #4398 ) ;
#2578 = ORIENTED_EDGE ( 'NONE', *, *, #4762, .T. ) ;
#2579 = LINE ( 'NONE', #2133, #2582 ) ;
#2580 = EDGE_CURVE ( 'NONE', #1038, #5118, #5750, .T. ) ;
#2581 = ORIENTED_EDGE ( 'NONE', *, *, #954, .T. ) ;
#2582 = VECTOR ( 'NONE', #4495, 1000.000000000000000 ) ;
#2583 = EDGE_CURVE ( 'NONE', #4653, #6121, #997, .T. ) ;
#2584 = ORIENTED_EDGE ( 'NONE', *, *, #196, .T. ) ;
#2585 = CARTESIAN_POINT ( 'NONE',  ( 0.3992195656959984240, 0.1920634580262153002, -1.999999999999997335 ) ) ;
#2586 = DIRECTION ( 'NONE',  ( 1.000000000000000000, 0.000000000000000000, -0.000000000000000000 ) ) ;
#2587 = EDGE_LOOP ( 'NONE', ( #676, #771, #3459, #4250 ) ) ;
#2588 = CARTESIAN_POINT ( 'NONE',  ( 3.199999999999998845, 0.2800000000000152922, -1.024999999999998135 ) ) ;
#2589 = FACE_OUTER_BOUND ( 'NONE', #5169, .T. ) ;
#2590 = DIRECTION ( 'NONE',  ( 0.000000000000000000, -1.000000000000000000, -0.000000000000000000 ) ) ;
#2591 = ORIENTED_EDGE ( 'NONE', *, *, #2824, .T. ) ;
#2592 = ORIENTED_EDGE ( 'NONE', *, *, #3143, .T. ) ;
#2593 = VECTOR ( 'NONE', #4063, 1000.000000000000000 ) ;
#2594 = CARTESIAN_POINT ( 'NONE',  ( 1.599999999999998090, 0.9600000000000152856, 1.285000000000002141 ) ) ;
#2595 = DIRECTION ( 'NONE',  ( -0.000000000000000000, 1.000000000000000000, 0.000000000000000000 ) ) ;
#2596 = CARTESIAN_POINT ( 'NONE',  ( -0.9050000000000012479, 0.2499999999999153177, -2.799999999999998490 ) ) ;
#2597 = CARTESIAN_POINT ( 'NONE',  ( -0.8950000000000012390, 0.1500000000000152878, -1.749999999999998002 ) ) ;
#2598 = ORIENTED_EDGE ( 'NONE', *, *, #2971, .T. ) ;
#2599 = LINE ( 'NONE', #5389, #3309 ) ;
#2600 = VECTOR ( 'NONE', #5584, 1000.000000000000000 ) ;
#2601 = VERTEX_POINT ( 'NONE', #5782 ) ;
#2602 = CARTESIAN_POINT ( 'NONE',  ( -0.9050000000000012479, 0.8061074182865152205, -2.299999999999998046 ) ) ;
#2603 = EDGE_CURVE ( 'NONE', #3886, #5612, #3924, .T. ) ;
#2604 = PLANE ( 'NONE',  #2962 ) ;
#2605 = FACE_OUTER_BOUND ( 'NONE', #740, .T. ) ;
#2606 = FACE_OUTER_BOUND ( 'NONE', #4444, .T. ) ;
#2607 = ORIENTED_EDGE ( 'NONE', *, *, #3883, .T. ) ;
#2608 = DIRECTION ( 'NONE',  ( 0.000000000000000000, -0.05233595624306891514, -0.9986295347545672829 ) ) ;
#2609 = EDGE_CURVE ( 'NONE', #616, #71, #2422, .T. ) ;
#2610 = VECTOR ( 'NONE', #1827, 1000.000000000000000 ) ;
#2611 = ORIENTED_EDGE ( 'NONE', *, *, #1577, .F. ) ;
#2612 = LINE ( 'NONE', #3048, #60 ) ;
#2613 = ORIENTED_EDGE ( 'NONE', *, *, #644, .F. ) ;
#2614 = ADVANCED_FACE ( 'NONE', ( #3449 ), #1466, .F. ) ;
#2615 = ORIENTED_EDGE ( 'NONE', *, *, #3807, .F. ) ;
#2616 = EDGE_CURVE ( 'NONE', #3628, #202, #4306, .T. ) ;
#2617 = ORIENTED_EDGE ( 'NONE', *, *, #3868, .T. ) ;
#2618 = EDGE_CURVE ( 'NONE', #4809, #1988, #2983, .T. ) ;
#2619 = DIRECTION ( 'NONE',  ( 1.000000000000000000, 0.000000000000000000, 0.000000000000000000 ) ) ;
#2620 = VECTOR ( 'NONE', #4907, 1000.000000000000000 ) ;
#2621 = DIRECTION ( 'NONE',  ( 0.000000000000000000, -0.000000000000000000, 1.000000000000000000 ) ) ;
#2622 = ORIENTED_EDGE ( 'NONE', *, *, #5295, .T. ) ;
#2623 = LINE ( 'NONE', #4125, #4746 ) ;
#2624 = DIRECTION ( 'NONE',  ( 0.000000000000000000, -0.000000000000000000, 1.000000000000000000 ) ) ;
#2625 = EDGE_CURVE ( 'NONE', #2954, #3091, #4838, .T. ) ;
#2626 = DIRECTION ( 'NONE',  ( 0.000000000000000000, 0.05233595624295860060, 0.9986295347545731671 ) ) ;
#2627 = VECTOR ( 'NONE', #3482, 1000.000000000000000 ) ;
#2628 = VECTOR ( 'NONE', #5740, 1000.000000000000000 ) ;
#2629 = EDGE_CURVE ( 'NONE', #2210, #3513, #49, .T. ) ;
#2630 = ORIENTED_EDGE ( 'NONE', *, *, #5, .F. ) ;
#2631 = VECTOR ( 'NONE', #4658, 1000.000000000000000 ) ;
#2632 = CARTESIAN_POINT ( 'NONE',  ( -1.370000000000001439, 1.640000000000015445, -0.1839477295669982304 ) ) ;
#2633 = CARTESIAN_POINT ( 'NONE',  ( 0.6049999999999987610, 0.2500000000000152656, -1.399999999999998135 ) ) ;
#2634 = EDGE_CURVE ( 'NONE', #5287, #2515, #5448, .T. ) ;
#2635 = DIRECTION ( 'NONE',  ( -0.000000000000000000, 1.000000000000000000, 0.000000000000000000 ) ) ;
#2636 = DIRECTION ( 'NONE',  ( 0.000000000000000000, 0.000000000000000000, -1.000000000000000000 ) ) ;
#2637 = VECTOR ( 'NONE', #2944, 1000.000000000000000 ) ;
#2638 = LINE ( 'NONE', #1585, #1989 ) ;
#2639 = ORIENTED_EDGE ( 'NONE', *, *, #932, .T. ) ;
#2640 = DIRECTION ( 'NONE',  ( -1.000000000000000000, -0.000000000000000000, 0.000000000000000000 ) ) ;
#2641 = LINE ( 'NONE', #1118, #749 ) ;
#2642 = CARTESIAN_POINT ( 'NONE',  ( -1.301042606982605321E-15, 0.2500000000000152656, -2.099999999999998757 ) ) ;
#2643 = LINE ( 'NONE', #1625, #1473 ) ;
#2644 = ORIENTED_EDGE ( 'NONE', *, *, #5106, .F. ) ;
#2645 = LINE ( 'NONE', #4028, #5776 ) ;
#2646 = ORIENTED_EDGE ( 'NONE', *, *, #2316, .T. ) ;
#2647 = LINE ( 'NONE', #657, #2077 ) ;
#2648 = EDGE_LOOP ( 'NONE', ( #1122, #1923, #1970, #5071 ) ) ;
#2649 = ORIENTED_EDGE ( 'NONE', *, *, #5774, .T. ) ;
#2650 = EDGE_CURVE ( 'NONE', #4289, #1969, #1176, .T. ) ;
#2651 = PLANE ( 'NONE',  #5303 ) ;
#2652 = CARTESIAN_POINT ( 'NONE',  ( 3.199999999999998845, 1.640000000000015445, -2.099999999999998757 ) ) ;
#2653 = ORIENTED_EDGE ( 'NONE', *, *, #1754, .T. ) ;
#2654 = LINE ( 'NONE', #2588, #2845 ) ;
#2655 = DIRECTION ( 'NONE',  ( 1.000000000000000000, 0.000000000000000000, -0.000000000000000000 ) ) ;
#2656 = ORIENTED_EDGE ( 'NONE', *, *, #601, .T. ) ;
#2657 = ORIENTED_EDGE ( 'NONE', *, *, #841, .T. ) ;
#2658 = DIRECTION ( 'NONE',  ( 0.000000000000000000, 0.000000000000000000, -1.000000000000000000 ) ) ;
#2659 = DIRECTION ( 'NONE',  ( 0.000000000000000000, -0.05233595624306891514, -0.9986295347545672829 ) ) ;
#2660 = CARTESIAN_POINT ( 'NONE',  ( -0.4050000000000013034, 0.2499999999999479583, -2.800000000000000266 ) ) ;
#2661 = PLANE ( 'NONE',  #687 ) ;
#2662 = VERTEX_POINT ( 'NONE', #4519 ) ;
#2663 = CARTESIAN_POINT ( 'NONE',  ( -0.8950000000000012390, 0.2500000000000152656, -2.099999999999998757 ) ) ;
#2664 = VECTOR ( 'NONE', #4421, 1000.000000000000000 ) ;
#2665 = ORIENTED_EDGE ( 'NONE', *, *, #5410, .T. ) ;
#2666 = DIRECTION ( 'NONE',  ( 0.000000000000000000, 0.000000000000000000, 1.000000000000000000 ) ) ;
#2667 = EDGE_CURVE ( 'NONE', #5988, #5135, #5929, .T. ) ;
#2668 = CARTESIAN_POINT ( 'NONE',  ( -0.09500000000000133338, 1.203886659155923855, -0.6000000000000028644 ) ) ;
#2669 = VECTOR ( 'NONE', #4974, 1000.000000000000000 ) ;
#2670 = CARTESIAN_POINT ( 'NONE',  ( 3.149999999999998135, 0.2000000000000153044, -1.579999999999998073 ) ) ;
#2671 = ORIENTED_EDGE ( 'NONE', *, *, #4191, .T. ) ;
#2672 = EDGE_LOOP ( 'NONE', ( #1806, #1524, #4726, #2288, #4129, #1404 ) ) ;
#2673 = ORIENTED_EDGE ( 'NONE', *, *, #473, .F. ) ;
#2675 = CARTESIAN_POINT ( 'NONE',  ( -3.200000000000001510, 0.9600000000000152856, 1.370000000000002105 ) ) ;
#2674 = VECTOR ( 'NONE', #4197, 1000.000000000000000 ) ;
#2676 = VERTEX_POINT ( 'NONE', #3956 ) ;
#2677 = LINE ( 'NONE', #1221, #266 ) ;
#2678 = ORIENTED_EDGE ( 'NONE', *, *, #4621, .T. ) ;
#2679 = FACE_OUTER_BOUND ( 'NONE', #1902, .T. ) ;
#2680 = EDGE_CURVE ( 'NONE', #436, #4346, #1622, .T. ) ;
#2681 = DIRECTION ( 'NONE',  ( 0.000000000000000000, 1.000000000000000000, 0.000000000000000000 ) ) ;
#2682 = LINE ( 'NONE', #4506, #1706 ) ;
#2683 = VERTEX_POINT ( 'NONE', #5991 ) ;
#2684 = ORIENTED_EDGE ( 'NONE', *, *, #2399, .T. ) ;
#2685 = PLANE ( 'NONE',  #2114 ) ;
#2686 = DIRECTION ( 'NONE',  ( 0.000000000000000000, 0.05233595624297854298, 0.9986295347545720569 ) ) ;
#2687 = DIRECTION ( 'NONE',  ( 1.000000000000000000, 0.000000000000000000, 0.000000000000000000 ) ) ;
#2688 = CARTESIAN_POINT ( 'NONE',  ( 0.09499999999999872435, 0.2500000000000152656, -1.899999999999998135 ) ) ;
#2689 = ORIENTED_EDGE ( 'NONE', *, *, #4656, .F. ) ;
#2690 = DIRECTION ( 'NONE',  ( 0.000000000000000000, 0.02173399540922035106, 0.9997637888239161441 ) ) ;
#2691 = ADVANCED_FACE ( 'NONE', ( #1147 ), #3480, .T. ) ;
#2692 = ADVANCED_FACE ( 'NONE', ( #263 ), #3602, .F. ) ;
#2693 = ORIENTED_EDGE ( 'NONE', *, *, #4374, .T. ) ;
#2694 = ADVANCED_FACE ( 'NONE', ( #5393 ), #5423, .T. ) ;
#2695 = DIRECTION ( 'NONE',  ( 0.000000000000000000, -0.05303311836815174929, 0.9985927540074329700 ) ) ;
#2696 = EDGE_CURVE ( 'NONE', #1820, #1022, #3138, .T. ) ;
#2697 = CARTESIAN_POINT ( 'NONE',  ( 1.369999999999998774, 0.2800000000000152922, 0.05000000000000229955 ) ) ;
#2698 = LINE ( 'NONE', #807, #6033 ) ;
#2699 = CARTESIAN_POINT ( 'NONE',  ( -0.09500000000000133338, 1.210000000000013953, -0.5999999999999980904 ) ) ;
#2700 = ORIENTED_EDGE ( 'NONE', *, *, #5876, .T. ) ;
#2701 = VECTOR ( 'NONE', #2073, 1000.000000000000000 ) ;
#2702 = EDGE_CURVE ( 'NONE', #1427, #2293, #4981, .T. ) ;
#2703 = CARTESIAN_POINT ( 'NONE',  ( -1.464432617520001312, 1.820000000000015383, -0.1899999999999978928 ) ) ;
#2704 = VERTEX_POINT ( 'NONE', #4079 ) ;
#2705 = EDGE_CURVE ( 'NONE', #3552, #1190, #1678, .T. ) ;
#2706 = EDGE_CURVE ( 'NONE', #47, #3026, #5961, .T. ) ;
#2707 = AXIS2_PLACEMENT_3D ( 'NONE', #1560, #3110, #4054 ) ;
#2708 = DIRECTION ( 'NONE',  ( 0.000000000000000000, 0.000000000000000000, -1.000000000000000000 ) ) ;
#2709 = VECTOR ( 'NONE', #4620, 1000.000000000000000 ) ;
#2710 = ORIENTED_EDGE ( 'NONE', *, *, #4224, .F. ) ;
#2711 = LINE ( 'NONE', #3643, #1185 ) ;
#2712 = ORIENTED_EDGE ( 'NONE', *, *, #4353, .T. ) ;
#2713 = VECTOR ( 'NONE', #5250, 1000.000000000000000 ) ;
#2714 = DIRECTION ( 'NONE',  ( 0.000000000000000000, 0.000000000000000000, 1.000000000000000000 ) ) ;
#2715 = CARTESIAN_POINT ( 'NONE',  ( -1.301042606982605321E-15, 1.249130434782627530, 1.200000000000010614 ) ) ;
#2716 = DIRECTION ( 'NONE',  ( 0.000000000000000000, 0.000000000000000000, 1.000000000000000000 ) ) ;
#2717 = LINE ( 'NONE', #2874, #1918 ) ;
#2718 = ORIENTED_EDGE ( 'NONE', *, *, #5288, .F. ) ;
#2719 = VECTOR ( 'NONE', #828, 1000.000000000000000 ) ;
#2720 = ORIENTED_EDGE ( 'NONE', *, *, #2429, .F. ) ;
#2721 = VERTEX_POINT ( 'NONE', #3041 ) ;
#2722 = FACE_OUTER_BOUND ( 'NONE', #4768, .T. ) ;
#2723 = DIRECTION ( 'NONE',  ( 1.000000000000000000, 0.000000000000000000, -0.000000000000000000 ) ) ;
#2724 = CARTESIAN_POINT ( 'NONE',  ( 1.599999999999998090, 0.9600000000000152856, 1.370000000000002105 ) ) ;
#2725 = CARTESIAN_POINT ( 'NONE',  ( 1.414432617519998825, 0.2000000000000153044, -1.489999999999997771 ) ) ;
#2726 = ORIENTED_EDGE ( 'NONE', *, *, #4, .F. ) ;
#2727 = VECTOR ( 'NONE', #2783, 1000.000000000000000 ) ;
#2728 = VECTOR ( 'NONE', #1794, 1000.000000000000000 ) ;
#2729 = CARTESIAN_POINT ( 'NONE',  ( -1.370000000000001439, 1.640000000000015445, -1.024999999999998135 ) ) ;
#2730 = ORIENTED_EDGE ( 'NONE', *, *, #2021, .F. ) ;
#2731 = EDGE_CURVE ( 'NONE', #3980, #795, #4552, .T. ) ;
#2732 = ORIENTED_EDGE ( 'NONE', *, *, #3853, .F. ) ;
#2733 = LINE ( 'NONE', #4110, #2092 ) ;
#2734 = CARTESIAN_POINT ( 'NONE',  ( 1.599999999999998090, 0.1600000000000153244, 1.650000000000001910 ) ) ;
#2735 = CARTESIAN_POINT ( 'NONE',  ( 0.8949999999999982414, 0.1500000000000152878, -1.399999999999998135 ) ) ;
#2736 = DIRECTION ( 'NONE',  ( -0.000000000000000000, -0.000000000000000000, -1.000000000000000000 ) ) ;
#2737 = ORIENTED_EDGE ( 'NONE', *, *, #2311, .F. ) ;
#2738 = EDGE_CURVE ( 'NONE', #4289, #1199, #5518, .T. ) ;
#2739 = LINE ( 'NONE', #2260, #2256 ) ;
#2740 = EDGE_CURVE ( 'NONE', #3386, #4686, #2065, .T. ) ;
#2741 = CARTESIAN_POINT ( 'NONE',  ( 2.264432617519998914, 1.640000000000015445, -1.024999999999998135 ) ) ;
#2742 = VERTEX_POINT ( 'NONE', #4953 ) ;
#2743 = PLANE ( 'NONE',  #3406 ) ;
#2744 = EDGE_CURVE ( 'NONE', #529, #3505, #4925, .T. ) ;
#2745 = VERTEX_POINT ( 'NONE', #617 ) ;
#2746 = FACE_OUTER_BOUND ( 'NONE', #3376, .T. ) ;
#2747 = DIRECTION ( 'NONE',  ( 1.000000000000000000, -0.000000000000000000, 0.000000000000000000 ) ) ;
#2748 = FILL_AREA_STYLE_COLOUR ( '', #4131 ) ;
#2749 = CARTESIAN_POINT ( 'NONE',  ( -0.4050000000000013034, 0.8061074182865152205, -2.299999999999998046 ) ) ;
#2750 = ORIENTED_EDGE ( 'NONE', *, *, #684, .T. ) ;
#2751 = ORIENTED_EDGE ( 'NONE', *, *, #1464, .F. ) ;
#2752 = ORIENTED_EDGE ( 'NONE', *, *, #3348, .F. ) ;
#2753 = CARTESIAN_POINT ( 'NONE',  ( -0.9050000000000012479, 0.2500000000000152656, -1.899999999999998135 ) ) ;
#2754 = PLANE ( 'NONE',  #3187 ) ;
#2755 = LINE ( 'NONE', #3655, #4969 ) ;
#2756 = LINE ( 'NONE', #6178, #1610 ) ;
#2757 = ORIENTED_EDGE ( 'NONE', *, *, #2740, .F. ) ;
#2758 = PLANE ( 'NONE',  #381 ) ;
#2759 = ORIENTED_EDGE ( 'NONE', *, *, #832, .F. ) ;
#2760 = FACE_OUTER_BOUND ( 'NONE', #2481, .T. ) ;
#2761 = DIRECTION ( 'NONE',  ( 0.000000000000000000, -0.000000000000000000, 1.000000000000000000 ) ) ;
#2762 = VECTOR ( 'NONE', #5301, 1000.000000000000000 ) ;
#2763 = CARTESIAN_POINT ( 'NONE',  ( -0.4050000000000013034, 1.185809608451015462, 1.162805198833802178 ) ) ;
#2764 = CARTESIAN_POINT ( 'NONE',  ( 0.4049999999999986944, 1.235000000000015419, 0.5500000000000018208 ) ) ;
#2765 = ORIENTED_EDGE ( 'NONE', *, *, #5844, .T. ) ;
#2766 = DIRECTION ( 'NONE',  ( -1.000000000000000000, -0.000000000000000000, 0.000000000000000000 ) ) ;
#2767 = VECTOR ( 'NONE', #4024, 1000.000000000000000 ) ;
#2768 = CARTESIAN_POINT ( 'NONE',  ( -0.3950000000000012390, 0.05000000000001154910, -2.099999999999998757 ) ) ;
#2769 = PLANE ( 'NONE',  #4528 ) ;
#2770 = VERTEX_POINT ( 'NONE', #3508 ) ;
#2771 = DIRECTION ( 'NONE',  ( -1.000000000000000000, -0.000000000000000000, -0.000000000000000000 ) ) ;
#2772 = ORIENTED_EDGE ( 'NONE', *, *, #3710, .F. ) ;
#2773 = VECTOR ( 'NONE', #1263, 1000.000000000000000 ) ;
#2774 = CARTESIAN_POINT ( 'NONE',  ( -1.000000000000001332, 0.2631019448208152811, -2.549999999999998490 ) ) ;
#2775 = EDGE_CURVE ( 'NONE', #2911, #1268, #642, .T. ) ;
#2776 = LINE ( 'NONE', #821, #5590 ) ;
#2777 = VECTOR ( 'NONE', #1398, 1000.000000000000000 ) ;
#2778 =( NAMED_UNIT ( * ) PLANE_ANGLE_UNIT ( ) SI_UNIT ( $, .RADIAN. ) );
#2779 = DIRECTION ( 'NONE',  ( 0.000000000000000000, -0.000000000000000000, 1.000000000000000000 ) ) ;
#2780 = ORIENTED_EDGE ( 'NONE', *, *, #2906, .F. ) ;
#2781 = ADVANCED_FACE ( 'NONE', ( #805 ), #3294, .F. ) ;
#2782 = EDGE_LOOP ( 'NONE', ( #1346, #1220, #1554, #5669, #2207, #2790 ) ) ;
#2783 = DIRECTION ( 'NONE',  ( 1.000000000000000000, -0.000000000000000000, 0.000000000000000000 ) ) ;
#2784 = LINE ( 'NONE', #1898, #295 ) ;
#2785 = PLANE ( 'NONE',  #454 ) ;
#2786 = PLANE ( 'NONE',  #3725 ) ;
#2787 = ORIENTED_EDGE ( 'NONE', *, *, #4895, .T. ) ;
#2788 = CARTESIAN_POINT ( 'NONE',  ( -0.1050000000000013561, 0.2500000000000152656, -2.099999999999998757 ) ) ;
#2789 = VECTOR ( 'NONE', #3812, 1000.000000000000000 ) ;
#2790 = ORIENTED_EDGE ( 'NONE', *, *, #4408, .F. ) ;
#2791 = CARTESIAN_POINT ( 'NONE',  ( 3.499999999999998668, 1.010000000000015330, 1.050000000000001821 ) ) ;
#2792 = CARTESIAN_POINT ( 'NONE',  ( -4.000000000000001776, 1.760000000000015330, 2.100000000000001865 ) ) ;
#2793 = DIRECTION ( 'NONE',  ( 0.000000000000000000, -1.000000000000000000, -0.000000000000000000 ) ) ;
#2794 = DIRECTION ( 'NONE',  ( 1.000000000000000000, 0.000000000000000000, 0.000000000000000000 ) ) ;
#2795 = VERTEX_POINT ( 'NONE', #6152 ) ;
#2796 = CARTESIAN_POINT ( 'NONE',  ( -2.232216308760501366, 0.05000000000001530998, -2.089999999999998082 ) ) ;
#2797 = ADVANCED_FACE ( 'NONE', ( #2827 ), #3199, .F. ) ;
#2798 = VERTEX_POINT ( 'NONE', #4204 ) ;
#2799 = CARTESIAN_POINT ( 'NONE',  ( -0.09500000000000133338, 1.251378662819930154, 1.303418489698991767 ) ) ;
#2800 = CARTESIAN_POINT ( 'NONE',  ( -3.200000000000001510, 1.870000000000015206, 1.370000000000002105 ) ) ;
#2801 = VECTOR ( 'NONE', #5877, 1000.000000000000000 ) ;
#2802 = ORIENTED_EDGE ( 'NONE', *, *, #931, .T. ) ;
#2803 = DIRECTION ( 'NONE',  ( 0.000000000000000000, -0.000000000000000000, 1.000000000000000000 ) ) ;
#2804 = ORIENTED_EDGE ( 'NONE', *, *, #1761, .F. ) ;
#2805 = VECTOR ( 'NONE', #1297, 1000.000000000000000 ) ;
#2806 = ADVANCED_FACE ( 'NONE', ( #6116 ), #4609, .T. ) ;
#2807 = VECTOR ( 'NONE', #5174, 1000.000000000000000 ) ;
#2808 = EDGE_CURVE ( 'NONE', #871, #1885, #1807, .T. ) ;
#2809 = VECTOR ( 'NONE', #2868, 1000.000000000000000 ) ;
#2810 = CARTESIAN_POINT ( 'NONE',  ( 1.599999999999998090, 0.5800000000000153921, 1.370000000000002105 ) ) ;
#2811 = ADVANCED_FACE ( 'NONE', ( #1709 ), #3730, .F. ) ;
#2812 = CARTESIAN_POINT ( 'NONE',  ( -0.9050000000000012479, 1.312198954710015242, -2.099999999999998757 ) ) ;
#2813 = FACE_OUTER_BOUND ( 'NONE', #3426, .T. ) ;
#2814 = ORIENTED_EDGE ( 'NONE', *, *, #6074, .F. ) ;
#2815 = EDGE_CURVE ( 'NONE', #6049, #5801, #6056, .T. ) ;
#2816 = EDGE_LOOP ( 'NONE', ( #3937, #284, #3400, #1776 ) ) ;
#2817 = ORIENTED_EDGE ( 'NONE', *, *, #5682, .F. ) ;
#2818 = PLANE ( 'NONE',  #1917 ) ;
#2819 = DIRECTION ( 'NONE',  ( -1.000000000000000000, 0.000000000000000000, -0.000000000000000000 ) ) ;
#2820 = VECTOR ( 'NONE', #1208, 1000.000000000000000 ) ;
#2821 = DIRECTION ( 'NONE',  ( 1.000000000000000000, 0.000000000000000000, -0.000000000000000000 ) ) ;
#2822 = DIRECTION ( 'NONE',  ( -0.000000000000000000, -1.000000000000000000, -0.000000000000000000 ) ) ;
#2823 = EDGE_LOOP ( 'NONE', ( #3738, #4517, #1532, #5240 ) ) ;
#2824 = EDGE_CURVE ( 'NONE', #5281, #4121, #5644, .T. ) ;
#2825 = CARTESIAN_POINT ( 'NONE',  ( -3.850000000000151523, 0.2000000000000153044, -1.579999999999998073 ) ) ;
#2826 = ORIENTED_EDGE ( 'NONE', *, *, #4945, .T. ) ;
#2827 = FACE_OUTER_BOUND ( 'NONE', #1422, .T. ) ;
#2828 = DIRECTION ( 'NONE',  ( 1.000000000000000000, 0.000000000000000000, 0.000000000000000000 ) ) ;
#2829 = EDGE_CURVE ( 'NONE', #1979, #2110, #2188, .T. ) ;
#2830 = AXIS2_PLACEMENT_3D ( 'NONE', #2139, #5032, #725 ) ;
#2831 = PLANE ( 'NONE',  #3876 ) ;
#2832 = VECTOR ( 'NONE', #1957, 1000.000000000000000 ) ;
#2833 = CARTESIAN_POINT ( 'NONE',  ( 0.9049999999999986944, 0.8061074182865152205, -0.6999999999999979572 ) ) ;
#2834 = ORIENTED_EDGE ( 'NONE', *, *, #116, .T. ) ;
#2835 = DIRECTION ( 'NONE',  ( 1.000000000000000000, 0.000000000000000000, -0.000000000000000000 ) ) ;
#2836 = VERTEX_POINT ( 'NONE', #1838 ) ;
#2837 = VECTOR ( 'NONE', #1650, 1000.000000000000000 ) ;
#2838 = ORIENTED_EDGE ( 'NONE', *, *, #3058, .T. ) ;
#2839 = CARTESIAN_POINT ( 'NONE',  ( 1.499999999999998668, 1.559565217391015279, 1.650000000000001910 ) ) ;
#2840 = DIRECTION ( 'NONE',  ( 1.000000000000000000, 0.000000000000000000, 0.000000000000000000 ) ) ;
#2841 = ORIENTED_EDGE ( 'NONE', *, *, #4945, .F. ) ;
#2842 = FACE_OUTER_BOUND ( 'NONE', #6077, .T. ) ;
#2843 = ORIENTED_EDGE ( 'NONE', *, *, #1985, .F. ) ;
#2844 = CARTESIAN_POINT ( 'NONE',  ( -1.370000000000001439, 1.755000000000015437, -1.024999999999998135 ) ) ;
#2845 = VECTOR ( 'NONE', #186, 1000.000000000000000 ) ;
#2846 = DIRECTION ( 'NONE',  ( 0.000000000000000000, 0.000000000000000000, 1.000000000000000000 ) ) ;
#2847 = LINE ( 'NONE', #2749, #2920 ) ;
#2848 = ORIENTED_EDGE ( 'NONE', *, *, #539, .T. ) ;
#2849 = EDGE_CURVE ( 'NONE', #3561, #4897, #2733, .T. ) ;
#2850 = ORIENTED_EDGE ( 'NONE', *, *, #4244, .T. ) ;
#2851 = ORIENTED_EDGE ( 'NONE', *, *, #2616, .T. ) ;
#2852 = PLANE ( 'NONE',  #913 ) ;
#2853 = CARTESIAN_POINT ( 'NONE',  ( -1.301042606982605321E-15, 0.7942014221757153214, -2.299999999999998046 ) ) ;
#2854 = DIRECTION ( 'NONE',  ( 0.000000000000000000, 0.000000000000000000, 1.000000000000000000 ) ) ;
#2855 = DIRECTION ( 'NONE',  ( 0.000000000000000000, -0.05303311836815174929, 0.9985927540074329700 ) ) ;
#2856 = ORIENTED_EDGE ( 'NONE', *, *, #3759, .F. ) ;
#2857 = FACE_OUTER_BOUND ( 'NONE', #2486, .T. ) ;
#2858 = CARTESIAN_POINT ( 'NONE',  ( 3.999999999999999112, 0.2600000000000153300, 0.7000000000000020650 ) ) ;
#2859 = CARTESIAN_POINT ( 'NONE',  ( 1.599999999999998090, 1.870000000000015206, 1.734723475976807094E-15 ) ) ;
#2860 = ORIENTED_EDGE ( 'NONE', *, *, #5766, .T. ) ;
#2861 = PLANE ( 'NONE',  #5056 ) ;
#2862 = ORIENTED_EDGE ( 'NONE', *, *, #2238, .F. ) ;
#2863 = EDGE_CURVE ( 'NONE', #2043, #3600, #5110, .T. ) ;
#2864 = VERTEX_POINT ( 'NONE', #899 ) ;
#2865 = CARTESIAN_POINT ( 'NONE',  ( -0.09500000000000133338, 0.8061074182865152205, -2.299999999999998046 ) ) ;
#2866 = DIRECTION ( 'NONE',  ( 0.01739543771158959598, 0.000000000000000000, 0.9998486879257392212 ) ) ;
#2867 = LINE ( 'NONE', #3771, #7 ) ;
#2868 = DIRECTION ( 'NONE',  ( -0.000000000000000000, -1.000000000000000000, -0.000000000000000000 ) ) ;
#2869 = ORIENTED_EDGE ( 'NONE', *, *, #3694, .F. ) ;
#2870 = VECTOR ( 'NONE', #5048, 1000.000000000000000 ) ;
#2871 = PLANE ( 'NONE',  #6003 ) ;
#2872 = VECTOR ( 'NONE', #297, 999.9999999999998863 ) ;
#2873 = CARTESIAN_POINT ( 'NONE',  ( 0.4049999999999986944, 0.9650000000000152900, -0.5999999999999980904 ) ) ;
#2874 = CARTESIAN_POINT ( 'NONE',  ( 1.314432617519998514, 0.1000000000000453165, -0.1899999999999978928 ) ) ;
#2875 = EDGE_LOOP ( 'NONE', ( #2140, #6083, #5895, #1078 ) ) ;
#2876 = VECTOR ( 'NONE', #637, 1000.000000000000000 ) ;
#2877 = ORIENTED_EDGE ( 'NONE', *, *, #2849, .F. ) ;
#2878 = ADVANCED_FACE ( 'NONE', ( #6022 ), #1334, .F. ) ;
#2879 = LINE ( 'NONE', #4378, #2322 ) ;
#2880 = VECTOR ( 'NONE', #3415, 1000.000000000000000 ) ;
#2881 = PLANE ( 'NONE',  #1830 ) ;
#2882 = CARTESIAN_POINT ( 'NONE',  ( -3.844432617520251672, 0.2000000000000153044, -0.8999999999999980238 ) ) ;
#2883 = PLANE ( 'NONE',  #2116 ) ;
#2884 = ORIENTED_EDGE ( 'NONE', *, *, #1358, .F. ) ;
#2885 = DIRECTION ( 'NONE',  ( 0.000000000000000000, 0.000000000000000000, 1.000000000000000000 ) ) ;
#2886 = CARTESIAN_POINT ( 'NONE',  ( 1.549999999999998490, 0.9845652173915153682, 1.200000000000001954 ) ) ;
#2887 = LINE ( 'NONE', #70, #3873 ) ;
#2888 = EDGE_CURVE ( 'NONE', #5430, #1822, #1240, .T. ) ;
#2889 = VECTOR ( 'NONE', #5791, 1000.000000000000000 ) ;
#2890 = EDGE_LOOP ( 'NONE', ( #5107, #4320, #2391, #1355 ) ) ;
#2891 = CARTESIAN_POINT ( 'NONE',  ( -1.514432617520001578, 0.9100000000000152411, -2.089999999999998082 ) ) ;
#2892 = EDGE_CURVE ( 'NONE', #3122, #3512, #326, .T. ) ;
#2893 = ADVANCED_FACE ( 'NONE', ( #2254 ), #394, .F. ) ;
#2894 = ORIENTED_EDGE ( 'NONE', *, *, #69, .T. ) ;
#2895 = EDGE_CURVE ( 'NONE', #4663, #336, #6087, .T. ) ;
#2896 = CARTESIAN_POINT ( 'NONE',  ( -0.1050000000000013561, 0.05000000000001530998, -0.3649999999999977152 ) ) ;
#2897 = LINE ( 'NONE', #3838, #3964 ) ;
#2898 = DIRECTION ( 'NONE',  ( 0.000000000000000000, 0.05233595624290282577, 0.9986295347545759427 ) ) ;
#2899 = ADVANCED_FACE ( 'NONE', ( #2760 ), #357, .F. ) ;
#2900 = CARTESIAN_POINT ( 'NONE',  ( -2.582216308760601375, 0.2000000000000153044, -1.579999999999998073 ) ) ;
#2901 = EDGE_CURVE ( 'NONE', #3162, #551, #1396, .T. ) ;
#2902 = ORIENTED_EDGE ( 'NONE', *, *, #4078, .T. ) ;
#2903 = EDGE_CURVE ( 'NONE', #3039, #3180, #5349, .T. ) ;
#2904 = AXIS2_PLACEMENT_3D ( 'NONE', #2229, #5084, #2101 ) ;
#2905 = CARTESIAN_POINT ( 'NONE',  ( -1.301042606982605321E-15, 1.210000000000015286, -0.5999999999999980904 ) ) ;
#2906 = EDGE_CURVE ( 'NONE', #5055, #1690, #3322, .T. ) ;
#2907 = PLANE ( 'NONE',  #364 ) ;
#2908 = DIRECTION ( 'NONE',  ( 0.000000000000000000, -0.000000000000000000, 1.000000000000000000 ) ) ;
#2909 = ORIENTED_EDGE ( 'NONE', *, *, #1754, .F. ) ;
#2910 = VECTOR ( 'NONE', #59, 1000.000000000000000 ) ;
#2911 = VERTEX_POINT ( 'NONE', #5822 ) ;
#2912 = VECTOR ( 'NONE', #4606, 1000.000000000000000 ) ;
#2913 = CARTESIAN_POINT ( 'NONE',  ( -1.370000000000001439, 1.820000000000015383, -1.024999999999998135 ) ) ;
#2914 = DIRECTION ( 'NONE',  ( 1.000000000000000000, -0.000000000000000000, 0.000000000000000000 ) ) ;
#2915 = LINE ( 'NONE', #3319, #3775 ) ;
#2916 = CARTESIAN_POINT ( 'NONE',  ( -2.300000000000001155, 0.5800000000000153921, 1.370000000000002105 ) ) ;
#2917 = ORIENTED_EDGE ( 'NONE', *, *, #3500, .T. ) ;
#2918 = ORIENTED_EDGE ( 'NONE', *, *, #2117, .F. ) ;
#2919 = CARTESIAN_POINT ( 'NONE',  ( -1.370000000000001439, 1.640000000000015445, -1.024999999999998135 ) ) ;
#2920 = VECTOR ( 'NONE', #2276, 1000.000000000000000 ) ;
#2921 = LINE ( 'NONE', #3856, #6085 ) ;
#2922 = DIRECTION ( 'NONE',  ( 0.000000000000000000, 0.05303311836815849389, -0.9985927540074327480 ) ) ;
#2923 = ORIENTED_EDGE ( 'NONE', *, *, #1136, .F. ) ;
#2924 = DIRECTION ( 'NONE',  ( 0.000000000000000000, 0.05233595624290282577, 0.9986295347545759427 ) ) ;
#2925 = EDGE_CURVE ( 'NONE', #5934, #2020, #1096, .T. ) ;
#2926 = ORIENTED_EDGE ( 'NONE', *, *, #4080, .F. ) ;
#2927 = VERTEX_POINT ( 'NONE', #3904 ) ;
#2928 = DIRECTION ( 'NONE',  ( -1.000000000000000000, -0.000000000000000000, 0.000000000000000000 ) ) ;
#2929 = VECTOR ( 'NONE', #3653, 1000.000000000000000 ) ;
#2930 = LINE ( 'NONE', #2456, #2162 ) ;
#2931 = PLANE ( 'NONE',  #410 ) ;
#2932 = DIRECTION ( 'NONE',  ( 1.000000000000000000, -0.000000000000000000, 0.000000000000000000 ) ) ;
#2933 = ORIENTED_EDGE ( 'NONE', *, *, #5170, .T. ) ;
#2934 = VECTOR ( 'NONE', #1592, 1000.000000000000000 ) ;
#2935 = VECTOR ( 'NONE', #2284, 1000.000000000000000 ) ;
#2936 = DIRECTION ( 'NONE',  ( 0.000000000000000000, 0.4226182617420166654, 0.9063077870360357613 ) ) ;
#2937 = EDGE_CURVE ( 'NONE', #5055, #4055, #1511, .T. ) ;
#2938 = FACE_OUTER_BOUND ( 'NONE', #2499, .T. ) ;
#2939 = EDGE_LOOP ( 'NONE', ( #5010, #3104, #3391, #3394 ) ) ;
#2940 = ORIENTED_EDGE ( 'NONE', *, *, #3999, .T. ) ;
#2941 = LINE ( 'NONE', #598, #985 ) ;
#2942 = DIRECTION ( 'NONE',  ( 0.000000000000000000, 0.000000000000000000, 1.000000000000000000 ) ) ;
#2943 = CARTESIAN_POINT ( 'NONE',  ( 2.444432617519998630, 3.531788576871530694E-14, -0.5449999999999981526 ) ) ;
#2944 = DIRECTION ( 'NONE',  ( 0.000000000000000000, -0.000000000000000000, 1.000000000000000000 ) ) ;
#2945 = DIRECTION ( 'NONE',  ( -1.000000000000000000, -0.000000000000000000, 0.000000000000000000 ) ) ;
#2946 = ORIENTED_EDGE ( 'NONE', *, *, #5416, .F. ) ;
#2947 = ORIENTED_EDGE ( 'NONE', *, *, #2903, .F. ) ;
#2948 = LINE ( 'NONE', #547, #4468 ) ;
#2949 = CARTESIAN_POINT ( 'NONE',  ( 1.514432617520747648, 0.2000000000000152767, -2.089999999999998082 ) ) ;
#2950 = PLANE ( 'NONE',  #3668 ) ;
#2951 = ORIENTED_EDGE ( 'NONE', *, *, #4831, .T. ) ;
#2952 = DIRECTION ( 'NONE',  ( 0.000000000000000000, 1.000000000000000000, 0.000000000000000000 ) ) ;
#2953 = ORIENTED_EDGE ( 'NONE', *, *, #4176, .T. ) ;
#2954 = VERTEX_POINT ( 'NONE', #90 ) ;
#2955 = CARTESIAN_POINT ( 'NONE',  ( -0.5950000000000013056, 1.312198954710015242, -2.119999999999997886 ) ) ;
#2956 = CARTESIAN_POINT ( 'NONE',  ( 1.369999999999998774, 0.05000000000001530998, -0.1899999999999978928 ) ) ;
#2957 = DIRECTION ( 'NONE',  ( 1.000000000000000000, 0.000000000000000000, 0.000000000000000000 ) ) ;
#2958 = ORIENTED_EDGE ( 'NONE', *, *, #5482, .F. ) ;
#2959 = CARTESIAN_POINT ( 'NONE',  ( -0.4050000000000013034, 0.09220050455074438323, -1.994766404375844626 ) ) ;
#2960 = PLANE ( 'NONE',  #1168 ) ;
#2961 = ORIENTED_EDGE ( 'NONE', *, *, #3500, .F. ) ;
#2962 = AXIS2_PLACEMENT_3D ( 'NONE', #2544, #4954, #4520 ) ;
#2963 = EDGE_CURVE ( 'NONE', #104, #4508, #2966, .T. ) ;
#2964 = VERTEX_POINT ( 'NONE', #3938 ) ;
#2965 = EDGE_CURVE ( 'NONE', #4322, #1022, #3463, .T. ) ;
#2966 = LINE ( 'NONE', #1981, #989 ) ;
#2967 = VECTOR ( 'NONE', #2362, 1000.000000000000000 ) ;
#2968 = LINE ( 'NONE', #2913, #2216 ) ;
#2969 = DIRECTION ( 'NONE',  ( -0.000000000000000000, 0.000000000000000000, -1.000000000000000000 ) ) ;
#2970 = DIRECTION ( 'NONE',  ( 0.01739543771106084186, 0.000000000000000000, -0.9998486879257484361 ) ) ;
#2971 = EDGE_CURVE ( 'NONE', #3082, #2927, #3790, .T. ) ;
#2972 = DIRECTION ( 'NONE',  ( 1.000000000000000000, 0.000000000000000000, -0.000000000000000000 ) ) ;
#2973 = EDGE_CURVE ( 'NONE', #422, #4597, #1570, .T. ) ;
#2974 = EDGE_LOOP ( 'NONE', ( #1496, #6163, #1207, #4226 ) ) ;
#2975 = VECTOR ( 'NONE', #6051, 1000.000000000000000 ) ;
#2976 = DIRECTION ( 'NONE',  ( 1.000000000000000000, 0.000000000000000000, -0.000000000000000000 ) ) ;
#2977 = CARTESIAN_POINT ( 'NONE',  ( -1.600000000000001421, 0.9600000000000152856, 1.200000000000001954 ) ) ;
#2978 = FACE_OUTER_BOUND ( 'NONE', #3852, .T. ) ;
#2979 = ORIENTED_EDGE ( 'NONE', *, *, #2808, .F. ) ;
#2980 = DIRECTION ( 'NONE',  ( 0.000000000000000000, 0.000000000000000000, -1.000000000000000000 ) ) ;
#2981 = ORIENTED_EDGE ( 'NONE', *, *, #5316, .T. ) ;
#2982 = VERTEX_POINT ( 'NONE', #150 ) ;
#2983 = LINE ( 'NONE', #3891, #1293 ) ;
#2984 = PLANE ( 'NONE',  #246 ) ;
#2985 = CARTESIAN_POINT ( 'NONE',  ( -3.150000000000151346, 0.2000000000000152767, -2.089999999999998082 ) ) ;
#2986 = ORIENTED_EDGE ( 'NONE', *, *, #3633, .T. ) ;
#2987 = EDGE_CURVE ( 'NONE', #593, #1609, #1067, .T. ) ;
#2988 = VECTOR ( 'NONE', #5054, 1000.000000000000000 ) ;
#2989 = LINE ( 'NONE', #117, #4898 ) ;
#2990 = DIRECTION ( 'NONE',  ( 1.000000000000000000, -0.000000000000000000, 0.000000000000000000 ) ) ;
#2991 = ORIENTED_EDGE ( 'NONE', *, *, #2625, .F. ) ;
#2992 = EDGE_CURVE ( 'NONE', #1892, #967, #3436, .T. ) ;
#2993 = EDGE_CURVE ( 'NONE', #1750, #2185, #4265, .T. ) ;
#2994 = ORIENTED_EDGE ( 'NONE', *, *, #3237, .F. ) ;
#2995 = DIRECTION ( 'NONE',  ( -1.000000000000000000, 0.000000000000000000, -0.000000000000000000 ) ) ;
#2996 = LINE ( 'NONE', #983, #5524 ) ;
#2997 = CARTESIAN_POINT ( 'NONE',  ( 3.999999999999998224, 0.2600000000000153300, 2.100000000000001865 ) ) ;
#2998 = EDGE_CURVE ( 'NONE', #2954, #2549, #1012, .T. ) ;
#2999 = CARTESIAN_POINT ( 'NONE',  ( 0.8949999999999982414, 0.05000000000001154910, -2.099999999999998757 ) ) ;
#3000 = CARTESIAN_POINT ( 'NONE',  ( 1.599999999999998090, 1.760000000000015330, 1.750000000000001998 ) ) ;
#3001 = ORIENTED_EDGE ( 'NONE', *, *, #2963, .F. ) ;
#3002 = CIRCLE ( 'NONE', #5501, 0.09999999999999982514 ) ;
#3003 = ORIENTED_EDGE ( 'NONE', *, *, #2037, .T. ) ;
#3004 = VECTOR ( 'NONE', #1345, 1000.000000000000000 ) ;
#3005 = DIRECTION ( 'NONE',  ( 0.000000000000000000, -0.05303311836815174929, 0.9985927540074329700 ) ) ;
#3006 = EDGE_CURVE ( 'NONE', #2383, #83, #2941, .T. ) ;
#3007 = CARTESIAN_POINT ( 'NONE',  ( -0.5950000000000013056, 0.2762038896414996114, -2.300000000000002487 ) ) ;
#3008 = ORIENTED_EDGE ( 'NONE', *, *, #3997, .T. ) ;
#3009 = CARTESIAN_POINT ( 'NONE',  ( -1.370000000000001439, 0.05000000000001530998, 0.05000000000000229955 ) ) ;
#3010 = ORIENTED_EDGE ( 'NONE', *, *, #1191, .T. ) ;
#3011 = EDGE_LOOP ( 'NONE', ( #1010, #2752, #4089, #1595 ) ) ;
#3012 = ORIENTED_EDGE ( 'NONE', *, *, #5870, .F. ) ;
#3013 = VECTOR ( 'NONE', #5985, 1000.000000000000000 ) ;
#3014 = DIRECTION ( 'NONE',  ( 0.000000000000000000, 0.02173399540922035106, 0.9997637888239161441 ) ) ;
#3015 = PLANE ( 'NONE',  #240 ) ;
#3016 = LINE ( 'NONE', #1624, #2521 ) ;
#3017 = PLANE ( 'NONE',  #2707 ) ;
#3018 = AXIS2_PLACEMENT_3D ( 'NONE', #6176, #6108, #861 ) ;
#3019 = ORIENTED_EDGE ( 'NONE', *, *, #5125, .T. ) ;
#3020 = ORIENTED_EDGE ( 'NONE', *, *, #5670, .T. ) ;
#3021 = CARTESIAN_POINT ( 'NONE',  ( 0.9049999999999986944, 0.8061074182865152205, -2.799999999999998490 ) ) ;
#3022 = VECTOR ( 'NONE', #1604, 1000.000000000000000 ) ;
#3023 = FACE_OUTER_BOUND ( 'NONE', #4270, .T. ) ;
#3024 = VECTOR ( 'NONE', #4437, 1000.000000000000000 ) ;
#3025 = ORIENTED_EDGE ( 'NONE', *, *, #415, .T. ) ;
#3026 = VERTEX_POINT ( 'NONE', #4878 ) ;
#3027 = CARTESIAN_POINT ( 'NONE',  ( -1.370000000000001439, 0.2000000000000153044, -1.024999999999998135 ) ) ;
#3028 = CARTESIAN_POINT ( 'NONE',  ( -3.150000000000101608, 0.2000000000000153044, -1.579999999999998073 ) ) ;
#3029 =( GEOMETRIC_REPRESENTATION_CONTEXT ( 3 ) GLOBAL_UNCERTAINTY_ASSIGNED_CONTEXT ( ( #4328 ) ) GLOBAL_UNIT_ASSIGNED_CONTEXT ( ( #822, #5091, #5161 ) ) REPRESENTATION_CONTEXT ( 'NONE', 'WORKASPACE' ) );
#3030 = DIRECTION ( 'NONE',  ( 1.000000000000000000, 0.000000000000000000, -0.000000000000000000 ) ) ;
#3031 = PLANE ( 'NONE',  #3623 ) ;
#3032 = CARTESIAN_POINT ( 'NONE',  ( 0.4049999999999986944, 0.1920634580262153002, -1.999999999999997335 ) ) ;
#3033 = EDGE_LOOP ( 'NONE', ( #4537, #2570, #2390, #825, #3112, #3330, #4248, #1037 ) ) ;
#3034 = DIRECTION ( 'NONE',  ( 1.000000000000000000, 0.000000000000000000, -0.000000000000000000 ) ) ;
#3035 = CARTESIAN_POINT ( 'NONE',  ( -0.5000000000000013323, 0.2631019448208152811, -2.549999999999998490 ) ) ;
#3036 = LINE ( 'NONE', #3535, #5405 ) ;
#3037 = ORIENTED_EDGE ( 'NONE', *, *, #1035, .T. ) ;
#3038 = DIRECTION ( 'NONE',  ( -0.000000000000000000, 1.000000000000000000, 0.000000000000000000 ) ) ;
#3039 = VERTEX_POINT ( 'NONE', #540 ) ;
#3040 = VERTEX_POINT ( 'NONE', #4405 ) ;
#3041 = CARTESIAN_POINT ( 'NONE',  ( 3.149999999999998135, 0.2000000000000152767, -2.089999999999998082 ) ) ;
#3042 = CARTESIAN_POINT ( 'NONE',  ( -0.9050000000000012479, 1.235000000000015419, 0.5500000000000018208 ) ) ;
#3043 = CARTESIAN_POINT ( 'NONE',  ( 2.284999999999998810, 0.2800000000000152922, -1.489999999999997771 ) ) ;
#3044 = CARTESIAN_POINT ( 'NONE',  ( -0.3950000000000012390, 0.1500000000000152878, -1.749999999999998002 ) ) ;
#3045 = ORIENTED_EDGE ( 'NONE', *, *, #3903, .T. ) ;
#3046 = EDGE_CURVE ( 'NONE', #3091, #3963, #2554, .T. ) ;
#3047 = CARTESIAN_POINT ( 'NONE',  ( 2.264432617519998914, 1.720000000000015294, -1.139999999999998126 ) ) ;
#3048 = CARTESIAN_POINT ( 'NONE',  ( 1.094999999999998863, 0.8061074182865152205, -2.299999999999998046 ) ) ;
#3049 = ORIENTED_EDGE ( 'NONE', *, *, #1884, .T. ) ;
#3050 = ORIENTED_EDGE ( 'NONE', *, *, #1854, .T. ) ;
#3051 = CARTESIAN_POINT ( 'NONE',  ( 1.314432617519998514, 0.05000000000001530998, -0.3649999999999977152 ) ) ;
#3052 = VECTOR ( 'NONE', #3766, 1000.000000000000000 ) ;
#3053 = FACE_OUTER_BOUND ( 'NONE', #2404, .T. ) ;
#3054 = DIRECTION ( 'NONE',  ( -0.000000000000000000, 1.000000000000000000, 0.000000000000000000 ) ) ;
#3055 = CARTESIAN_POINT ( 'NONE',  ( 0.9999999999999991118, 0.2500000000000152656, -1.399999999999998135 ) ) ;
#3056 = CARTESIAN_POINT ( 'NONE',  ( 1.599999999999998090, 0.9600000000000152856, 1.200000000000001954 ) ) ;
#3057 = ORIENTED_EDGE ( 'NONE', *, *, #6036, .F. ) ;
#3058 = EDGE_CURVE ( 'NONE', #2280, #3497, #4467, .T. ) ;
#3059 = AXIS2_PLACEMENT_3D ( 'NONE', #3509, #5015, #1623 ) ;
#3060 = ORIENTED_EDGE ( 'NONE', *, *, #3543, .F. ) ;
#3061 = LINE ( 'NONE', #636, #2058 ) ;
#3062 = DIRECTION ( 'NONE',  ( 1.000000000000000000, 0.000000000000000000, -0.000000000000000000 ) ) ;
#3063 = DIRECTION ( 'NONE',  ( -0.000000000000000000, -0.000000000000000000, 1.000000000000000000 ) ) ;
#3064 = CARTESIAN_POINT ( 'NONE',  ( -2.550000000000001599, 0.1600000000000152689, 1.400000000000001910 ) ) ;
#3065 = VERTEX_POINT ( 'NONE', #2466 ) ;
#3066 = CARTESIAN_POINT ( 'NONE',  ( 3.999999999999999112, 1.760000000000015330, 1.400000000000001910 ) ) ;
#3067 = VECTOR ( 'NONE', #5677, 1000.000000000000000 ) ;
#3068 = ORIENTED_EDGE ( 'NONE', *, *, #4348, .F. ) ;
#3069 = ADVANCED_FACE ( 'NONE', ( #5913 ), #1603, .T. ) ;
#3070 = VERTEX_POINT ( 'NONE', #4500 ) ;
#3071 = DIRECTION ( 'NONE',  ( 1.000000000000000000, -0.000000000000000000, 0.000000000000000000 ) ) ;
#3072 = DIRECTION ( 'NONE',  ( 0.000000000000000000, -0.000000000000000000, 1.000000000000000000 ) ) ;
#3073 = EDGE_CURVE ( 'NONE', #5281, #1763, #5595, .T. ) ;
#3074 = DIRECTION ( 'NONE',  ( -0.000000000000000000, 1.000000000000000000, 0.000000000000000000 ) ) ;
#3075 = VECTOR ( 'NONE', #1840, 1000.000000000000000 ) ;
#3076 = CARTESIAN_POINT ( 'NONE',  ( -3.150000000000201084, 1.530757942277971573E-14, -1.139999999999998126 ) ) ;
#3077 = ADVANCED_FACE ( 'NONE', ( #2679 ), #1255, .T. ) ;
#3078 = EDGE_CURVE ( 'NONE', #402, #416, #4036, .T. ) ;
#3079 = ORIENTED_EDGE ( 'NONE', *, *, #572, .F. ) ;
#3080 = DIRECTION ( 'NONE',  ( 1.000000000000000000, 0.000000000000000000, -0.000000000000000000 ) ) ;
#3081 = ADVANCED_FACE ( 'NONE', ( #3553 ), #2651, .F. ) ;
#3082 = VERTEX_POINT ( 'NONE', #2107 ) ;
#3083 = CARTESIAN_POINT ( 'NONE',  ( -2.800000000000001155, 0.2600000000000153300, 1.400000000000001910 ) ) ;
#3084 = ADVANCED_FACE ( 'NONE', ( #5031 ), #1224, .T. ) ;
#3085 = ORIENTED_EDGE ( 'NONE', *, *, #568, .F. ) ;
#3086 = VECTOR ( 'NONE', #2305, 1000.000000000000000 ) ;
#3087 = ORIENTED_EDGE ( 'NONE', *, *, #3201, .T. ) ;
#3088 = ADVANCED_FACE ( 'NONE', ( #788 ), #1161, .F. ) ;
#3089 = DIRECTION ( 'NONE',  ( 0.000000000000000000, 0.9986295347545731671, -0.05233595624295860060 ) ) ;
#3090 = CARTESIAN_POINT ( 'NONE',  ( -1.370000000000001439, 0.2800000000000152922, 0.05000000000000229955 ) ) ;
#3091 = VERTEX_POINT ( 'NONE', #4562 ) ;
#3092 = LINE ( 'NONE', #3586, #4243 ) ;
#3093 = DIRECTION ( 'NONE',  ( 1.000000000000000000, 0.000000000000000000, -0.000000000000000000 ) ) ;
#3094 = CARTESIAN_POINT ( 'NONE',  ( -1.105000000000001315, 0.1500000000000152878, -1.749999999999998002 ) ) ;
#3095 = VERTEX_POINT ( 'NONE', #4150 ) ;
#3096 = ORIENTED_EDGE ( 'NONE', *, *, #165, .T. ) ;
#3097 = VECTOR ( 'NONE', #3311, 1000.000000000000000 ) ;
#3098 = LINE ( 'NONE', #670, #6180 ) ;
#3099 = DIRECTION ( 'NONE',  ( 1.000000000000000000, 0.000000000000000000, 0.000000000000000000 ) ) ;
#3100 = DIRECTION ( 'NONE',  ( -0.000000000000000000, 1.000000000000000000, 0.000000000000000000 ) ) ;
#3101 = DIRECTION ( 'NONE',  ( 0.000000000000000000, 0.000000000000000000, 1.000000000000000000 ) ) ;
#3102 = DIRECTION ( 'NONE',  ( 0.000000000000000000, 1.000000000000000000, 0.000000000000000000 ) ) ;
#3103 = VECTOR ( 'NONE', #4168, 1000.000000000000000 ) ;
#3104 = ORIENTED_EDGE ( 'NONE', *, *, #4895, .F. ) ;
#3105 = EDGE_LOOP ( 'NONE', ( #683, #2940, #5023, #4458 ) ) ;
#3106 = VECTOR ( 'NONE', #3851, 1000.000000000000000 ) ;
#3107 = DIRECTION ( 'NONE',  ( -0.000000000000000000, -0.000000000000000000, 1.000000000000000000 ) ) ;
#3108 = CARTESIAN_POINT ( 'NONE',  ( 1.094999999999998863, 0.2499999999999153177, -2.799999999999998490 ) ) ;
#3109 = PLANE ( 'NONE',  #102 ) ;
#3110 = DIRECTION ( 'NONE',  ( 1.000000000000000000, 0.000000000000000000, 0.000000000000000000 ) ) ;
#3111 = ADVANCED_FACE ( 'NONE', ( #1661 ), #2138, .T. ) ;
#3112 = ORIENTED_EDGE ( 'NONE', *, *, #877, .T. ) ;
#3113 = EDGE_CURVE ( 'NONE', #4708, #887, #4302, .T. ) ;
#3114 = LINE ( 'NONE', #4617, #583 ) ;
#3115 = AXIS2_PLACEMENT_3D ( 'NONE', #2001, #3333, #3365 ) ;
#3116 = ORIENTED_EDGE ( 'NONE', *, *, #5559, .T. ) ;
#3117 = CARTESIAN_POINT ( 'NONE',  ( 1.369999999999998774, 1.820000000000015383, -1.024999999999998135 ) ) ;
#3118 = ORIENTED_EDGE ( 'NONE', *, *, #5089, .F. ) ;
#3119 = CARTESIAN_POINT ( 'NONE',  ( -2.285000000000001474, 1.640000000000015445, -2.089999999999998082 ) ) ;
#3120 = VECTOR ( 'NONE', #3317, 1000.000000000000000 ) ;
#3121 = DIRECTION ( 'NONE',  ( 1.000000000000000000, -0.000000000000000000, 0.000000000000000000 ) ) ;
#3122 = VERTEX_POINT ( 'NONE', #1283 ) ;
#3123 = CARTESIAN_POINT ( 'NONE',  ( 2.799999999999998490, 1.760000000000015330, 1.400000000000001910 ) ) ;
#3124 = LINE ( 'NONE', #3150, #2631 ) ;
#3125 = CARTESIAN_POINT ( 'NONE',  ( 3.999999999999999112, 1.760000000000015330, 0.7000000000000020650 ) ) ;
#3126 = VECTOR ( 'NONE', #999, 999.9999999999998863 ) ;
#3127 = EDGE_CURVE ( 'NONE', #3512, #3814, #1192, .T. ) ;
#3128 = VERTEX_POINT ( 'NONE', #3583 ) ;
#3129 = ORIENTED_EDGE ( 'NONE', *, *, #2265, .T. ) ;
#3130 = CARTESIAN_POINT ( 'NONE',  ( -1.550000000000001377, 0.9650000000000152900, -0.5999999999999980904 ) ) ;
#3131 = CARTESIAN_POINT ( 'NONE',  ( 0.4049999999999986944, 1.117991655295210496, 1.017369128957864799 ) ) ;
#3132 = LINE ( 'NONE', #228, #1154 ) ;
#3133 = CARTESIAN_POINT ( 'NONE',  ( 3.499999999999998668, 1.760000000000015330, 1.400000000000001910 ) ) ;
#3134 = LINE ( 'NONE', #707, #3207 ) ;
#3135 = EDGE_CURVE ( 'NONE', #5828, #4759, #5058, .T. ) ;
#3136 = ORIENTED_EDGE ( 'NONE', *, *, #3153, .F. ) ;
#3137 = VECTOR ( 'NONE', #92, 999.9999999999998863 ) ;
#3138 = LINE ( 'NONE', #5480, #4504 ) ;
#3139 = CARTESIAN_POINT ( 'NONE',  ( -1.369999999999995888, 1.640000000000015445, -0.1839477295670858270 ) ) ;
#3140 = DIRECTION ( 'NONE',  ( -1.000000000000000000, 0.000000000000000000, -0.000000000000000000 ) ) ;
#3141 = ORIENTED_EDGE ( 'NONE', *, *, #1033, .T. ) ;
#3142 = VERTEX_POINT ( 'NONE', #2174 ) ;
#3143 = EDGE_CURVE ( 'NONE', #5300, #317, #3615, .T. ) ;
#3144 = FACE_OUTER_BOUND ( 'NONE', #2648, .T. ) ;
#3145 = EDGE_LOOP ( 'NONE', ( #2051, #3644, #5266, #2657, #2078, #495, #2860, #323, #3198 ) ) ;
#3146 = DIRECTION ( 'NONE',  ( 0.000000000000000000, 0.000000000000000000, -1.000000000000000000 ) ) ;
#3147 = ORIENTED_EDGE ( 'NONE', *, *, #2987, .T. ) ;
#3148 = DIRECTION ( 'NONE',  ( 1.000000000000000000, 0.000000000000000000, 0.000000000000000000 ) ) ;
#3149 = CARTESIAN_POINT ( 'NONE',  ( -1.095000000000001306, 0.2499999999999479583, -2.800000000000000266 ) ) ;
#3150 = CARTESIAN_POINT ( 'NONE',  ( -2.300000000000001155, 0.9600000000000152856, 1.400000000000001910 ) ) ;
#3151 = PLANE ( 'NONE',  #306 ) ;
#3152 = EDGE_LOOP ( 'NONE', ( #4882, #1420, #1764, #6203 ) ) ;
#3153 = EDGE_CURVE ( 'NONE', #276, #4166, #183, .T. ) ;
#3154 = ADVANCED_FACE ( 'NONE', ( #5531 ), #4965, .T. ) ;
#3155 = ORIENTED_EDGE ( 'NONE', *, *, #2346, .T. ) ;
#3156 = DIRECTION ( 'NONE',  ( 0.000000000000000000, -0.000000000000000000, 1.000000000000000000 ) ) ;
#3157 = EDGE_CURVE ( 'NONE', #4527, #224, #2203, .T. ) ;
#3158 = CARTESIAN_POINT ( 'NONE',  ( 3.849999999999998312, 0.1000000000000453165, -1.579999999999998073 ) ) ;
#3159 = EDGE_CURVE ( 'NONE', #1087, #4354, #312, .T. ) ;
#3160 = CARTESIAN_POINT ( 'NONE',  ( -0.4050000000000013034, 1.312198954710015242, -2.099999999999998757 ) ) ;
#3161 = CARTESIAN_POINT ( 'NONE',  ( -1.720000000000001528, 0.9750000000000152989, 0.07500000000000214828 ) ) ;
#3162 = VERTEX_POINT ( 'NONE', #4315 ) ;
#3163 = EDGE_CURVE ( 'NONE', #2683, #1763, #1414, .T. ) ;
#3164 = DIRECTION ( 'NONE',  ( 0.000000000000000000, -0.000000000000000000, 1.000000000000000000 ) ) ;
#3165 = VECTOR ( 'NONE', #3302, 1000.000000000000000 ) ;
#3166 = ORIENTED_EDGE ( 'NONE', *, *, #1386, .T. ) ;
#3167 = CARTESIAN_POINT ( 'NONE',  ( 0.09499999999999872435, 0.2500000000000152656, -1.749999999999998002 ) ) ;
#3168 = CARTESIAN_POINT ( 'NONE',  ( 3.849999999999998312, 0.2000000000000153044, -1.139999999999998126 ) ) ;
#3169 = VECTOR ( 'NONE', #961, 1000.000000000000000 ) ;
#3170 = DIRECTION ( 'NONE',  ( 0.000000000000000000, -1.000000000000000000, -0.000000000000000000 ) ) ;
#3171 = FACE_OUTER_BOUND ( 'NONE', #1088, .T. ) ;
#3172 = ORIENTED_EDGE ( 'NONE', *, *, #5576, .T. ) ;
#3173 = VECTOR ( 'NONE', #351, 1000.000000000000000 ) ;
#3174 = CARTESIAN_POINT ( 'NONE',  ( -2.264432617520201418, 1.640000000000015445, -0.1899999999999978928 ) ) ;
#3175 = VERTEX_POINT ( 'NONE', #1919 ) ;
#3177 = LINE ( 'NONE', #4493, #73 ) ;
#3176 = VECTOR ( 'NONE', #299, 1000.000000000000000 ) ;
#3178 = ORIENTED_EDGE ( 'NONE', *, *, #5755, .F. ) ;
#3179 = CARTESIAN_POINT ( 'NONE',  ( -2.550000000000001599, 0.5800000000000153921, 1.400000000000001910 ) ) ;
#3180 = VERTEX_POINT ( 'NONE', #4719 ) ;
#3181 = DIRECTION ( 'NONE',  ( 0.000000000000000000, 0.05233595624295860060, 0.9986295347545731671 ) ) ;
#3182 = AXIS2_PLACEMENT_3D ( 'NONE', #4847, #536, #4317 ) ;
#3183 = LINE ( 'NONE', #5090, #4091 ) ;
#3184 = CARTESIAN_POINT ( 'NONE',  ( -1.301042606982605321E-15, 0.7200000000000152944, -0.2499999999999980571 ) ) ;
#3185 = VERTEX_POINT ( 'NONE', #6131 ) ;
#3186 = ADVANCED_FACE ( 'NONE', ( #1824 ), #1320, .T. ) ;
#3187 = AXIS2_PLACEMENT_3D ( 'NONE', #2853, #1866, #320 ) ;
#3188 = ORIENTED_EDGE ( 'NONE', *, *, #3965, .F. ) ;
#3189 = EDGE_CURVE ( 'NONE', #290, #1894, #372, .T. ) ;
#3190 = FACE_OUTER_BOUND ( 'NONE', #1748, .T. ) ;
#3191 = DIRECTION ( 'NONE',  ( 0.000000000000000000, 1.000000000000000000, 0.000000000000000000 ) ) ;
#3192 = DIRECTION ( 'NONE',  ( 0.000000000000000000, 1.000000000000000000, 0.000000000000000000 ) ) ;
#3193 = DIRECTION ( 'NONE',  ( 1.000000000000000000, -0.000000000000000000, 0.000000000000000000 ) ) ;
#3194 = VERTEX_POINT ( 'NONE', #5628 ) ;
#3195 = CARTESIAN_POINT ( 'NONE',  ( 0.9049999999999986944, 0.2500000000000152656, -2.099999999999998757 ) ) ;
#3196 = ORIENTED_EDGE ( 'NONE', *, *, #5967, .F. ) ;
#3197 = AXIS2_PLACEMENT_3D ( 'NONE', #5088, #5974, #3148 ) ;
#3198 = ORIENTED_EDGE ( 'NONE', *, *, #2320, .T. ) ;
#3199 = PLANE ( 'NONE',  #4999 ) ;
#3200 = DIRECTION ( 'NONE',  ( 1.000000000000000000, 0.000000000000000000, 0.000000000000000000 ) ) ;
#3201 = EDGE_CURVE ( 'NONE', #6049, #1948, #882, .T. ) ;
#3202 = DIRECTION ( 'NONE',  ( 0.000000000000000000, 0.02173399540922035106, 0.9997637888239161441 ) ) ;
#3203 = DIRECTION ( 'NONE',  ( -0.000000000000000000, 0.000000000000000000, -1.000000000000000000 ) ) ;
#3204 = VERTEX_POINT ( 'NONE', #3244 ) ;
#3205 = VECTOR ( 'NONE', #5241, 1000.000000000000000 ) ;
#3206 = CARTESIAN_POINT ( 'NONE',  ( 1.599999999999998090, 0.1600000000000152967, 1.200000000000001954 ) ) ;
#3207 = VECTOR ( 'NONE', #3102, 1000.000000000000000 ) ;
#3208 = LINE ( 'NONE', #843, #6069 ) ;
#3209 = AXIS2_PLACEMENT_3D ( 'NONE', #4948, #4281, #638 ) ;
#3210 = ORIENTED_EDGE ( 'NONE', *, *, #2603, .T. ) ;
#3211 = DIRECTION ( 'NONE',  ( -1.000000000000000000, -0.000000000000000000, 0.000000000000000000 ) ) ;
#3212 = EDGE_LOOP ( 'NONE', ( #2522, #356, #1611, #3798, #5691, #3750, #2689, #4209 ) ) ;
#3213 = AXIS2_PLACEMENT_3D ( 'NONE', #468, #5364, #5307 ) ;
#3214 = PLANE ( 'NONE',  #5399 ) ;
#3215 = LINE ( 'NONE', #313, #3885 ) ;
#3216 = PLANE ( 'NONE',  #190 ) ;
#3217 = ORIENTED_EDGE ( 'NONE', *, *, #1556, .F. ) ;
#3218 = ORIENTED_EDGE ( 'NONE', *, *, #5948, .F. ) ;
#3219 = ORIENTED_EDGE ( 'NONE', *, *, #4683, .T. ) ;
#3220 = CARTESIAN_POINT ( 'NONE',  ( -1.301042606982605321E-15, 0.05000000000001530998, 1.200000000000001954 ) ) ;
#3221 = DIRECTION ( 'NONE',  ( -1.000000000000000000, -0.000000000000000000, 0.000000000000000000 ) ) ;
#3222 = LINE ( 'NONE', #6081, #5067 ) ;
#3223 = CARTESIAN_POINT ( 'NONE',  ( -0.5000000000000013323, 1.117991655295583531, 1.017369128957737123 ) ) ;
#3224 = EDGE_LOOP ( 'NONE', ( #2979, #4866, #3749, #1502 ) ) ;
#3225 = AXIS2_PLACEMENT_3D ( 'NONE', #2363, #6162, #5309 ) ;
#3226 = VECTOR ( 'NONE', #2972, 1000.000000000000000 ) ;
#3227 = LINE ( 'NONE', #4136, #4401 ) ;
#3228 = VERTEX_POINT ( 'NONE', #1888 ) ;
#3229 = DIRECTION ( 'NONE',  ( 0.000000000000000000, 0.000000000000000000, 1.000000000000000000 ) ) ;
#3230 = DIRECTION ( 'NONE',  ( 0.000000000000000000, 0.000000000000000000, -1.000000000000000000 ) ) ;
#3231 = LINE ( 'NONE', #2886, #1257 ) ;
#3232 = MECHANICAL_DESIGN_GEOMETRIC_PRESENTATION_REPRESENTATION (  '', ( #2526 ), #6038 ) ;
#3233 = CARTESIAN_POINT ( 'NONE',  ( 3.849999999999998312, 2.280890320366379953E-14, -1.579999999999998073 ) ) ;
#3234 = EDGE_LOOP ( 'NONE', ( #1943, #615, #4236, #6188 ) ) ;
#3235 = ORIENTED_EDGE ( 'NONE', *, *, #3999, .F. ) ;
#3236 = ORIENTED_EDGE ( 'NONE', *, *, #1153, .F. ) ;
#3237 = EDGE_CURVE ( 'NONE', #1885, #5050, #5728, .T. ) ;
#3238 = DIRECTION ( 'NONE',  ( 1.000000000000000000, -0.000000000000000000, 0.000000000000000000 ) ) ;
#3239 = DIRECTION ( 'NONE',  ( 0.000000000000000000, 0.05233595624295860060, 0.9986295347545731671 ) ) ;
#3240 = ORIENTED_EDGE ( 'NONE', *, *, #5410, .F. ) ;
#3241 = LINE ( 'NONE', #5625, #6093 ) ;
#3242 = EDGE_CURVE ( 'NONE', #3802, #2236, #6167, .T. ) ;
#3243 = VERTEX_POINT ( 'NONE', #2810 ) ;
#3244 = CARTESIAN_POINT ( 'NONE',  ( 1.599999999999998090, 0.05000000000001530998, 1.200000000000001954 ) ) ;
#3245 = LINE ( 'NONE', #5596, #1372 ) ;
#3246 = CARTESIAN_POINT ( 'NONE',  ( 0.09499999999999872435, 1.117991655295015319, 1.017369128958002023 ) ) ;
#3247 = CARTESIAN_POINT ( 'NONE',  ( -0.5950000000000013056, 0.8061074182865152205, -0.6999999999999979572 ) ) ;
#3248 = VERTEX_POINT ( 'NONE', #5127 ) ;
#3249 = ORIENTED_EDGE ( 'NONE', *, *, #4587, .F. ) ;
#3250 = CARTESIAN_POINT ( 'NONE',  ( 2.582216308760998391, 0.2000000000000153044, -0.8999999999999980238 ) ) ;
#3251 = DIRECTION ( 'NONE',  ( 0.000000000000000000, -0.000000000000000000, 1.000000000000000000 ) ) ;
#3252 = DIRECTION ( 'NONE',  ( 1.000000000000000000, 0.000000000000000000, 0.000000000000000000 ) ) ;
#3253 = CARTESIAN_POINT ( 'NONE',  ( -3.200000000000001510, 0.2800000000000152367, -2.099999999999998757 ) ) ;
#3254 = ORIENTED_EDGE ( 'NONE', *, *, #3997, .F. ) ;
#3255 = ADVANCED_FACE ( 'NONE', ( #3709 ), #916, .F. ) ;
#3256 = CARTESIAN_POINT ( 'NONE',  ( 1.094999999999998863, 1.235000000000015419, 0.5500000000000018208 ) ) ;
#3257 = ORIENTED_EDGE ( 'NONE', *, *, #3710, .T. ) ;
#3258 = CARTESIAN_POINT ( 'NONE',  ( -1.301042606982605321E-15, 0.05000000000001530998, 1.370000000000002105 ) ) ;
#3259 = LINE ( 'NONE', #5205, #550 ) ;
#3260 = DIRECTION ( 'NONE',  ( 1.000000000000000000, 0.000000000000000000, 0.000000000000000000 ) ) ;
#3261 = CARTESIAN_POINT ( 'NONE',  ( 0.9999999999999991118, 0.1499999999999653277, -1.399999999999998135 ) ) ;
#3262 = ADVANCED_FACE ( 'NONE', ( #409 ), #851, .T. ) ;
#3263 = VERTEX_POINT ( 'NONE', #4253 ) ;
#3264 = DIRECTION ( 'NONE',  ( -0.000000000000000000, 1.000000000000000000, 0.000000000000000000 ) ) ;
#3265 = EDGE_CURVE ( 'NONE', #871, #5343, #2398, .T. ) ;
#3266 = VERTEX_POINT ( 'NONE', #439 ) ;
#3267 = ADVANCED_FACE ( 'NONE', ( #2335 ), #3214, .F. ) ;
#3268 = AXIS2_PLACEMENT_3D ( 'NONE', #5585, #2290, #1808 ) ;
#3269 = CARTESIAN_POINT ( 'NONE',  ( -1.301042606982605321E-15, 0.05000000000001530998, -2.099999999999998757 ) ) ;
#3270 = CARTESIAN_POINT ( 'NONE',  ( -1.314432617520001179, -4.662069341687669066E-15, -1.135193183304997966 ) ) ;
#3271 = ADVANCED_FACE ( 'NONE', ( #3808 ), #2871, .T. ) ;
#3272 = ORIENTED_EDGE ( 'NONE', *, *, #1745, .T. ) ;
#3273 = PLANE ( 'NONE',  #386 ) ;
#3274 = ORIENTED_EDGE ( 'NONE', *, *, #6160, .T. ) ;
#3275 = VECTOR ( 'NONE', #1433, 1000.000000000000000 ) ;
#3276 = ADVANCED_FACE ( 'NONE', ( #2746 ), #4286, .F. ) ;
#3277 = DIRECTION ( 'NONE',  ( -0.000000000000000000, -0.000000000000000000, 1.000000000000000000 ) ) ;
#3278 = EDGE_CURVE ( 'NONE', #4097, #4597, #338, .T. ) ;
#3279 = CARTESIAN_POINT ( 'NONE',  ( -2.582216308760601375, 1.530757942277971573E-14, -2.089999999999998082 ) ) ;
#3280 = DIRECTION ( 'NONE',  ( 0.000000000000000000, 0.000000000000000000, -1.000000000000000000 ) ) ;
#3281 = ORIENTED_EDGE ( 'NONE', *, *, #4015, .F. ) ;
#3282 = ORIENTED_EDGE ( 'NONE', *, *, #2166, .F. ) ;
#3283 = EDGE_CURVE ( 'NONE', #5864, #3755, #2272, .T. ) ;
#3284 = ORIENTED_EDGE ( 'NONE', *, *, #3911, .F. ) ;
#3285 = DIRECTION ( 'NONE',  ( 0.000000000000000000, -0.000000000000000000, 1.000000000000000000 ) ) ;
#3286 = FACE_OUTER_BOUND ( 'NONE', #5419, .T. ) ;
#3287 = CARTESIAN_POINT ( 'NONE',  ( -1.600000000000001421, 0.8700000000000153166, 0.9250000000000020428 ) ) ;
#3288 = PLANE ( 'NONE',  #712 ) ;
#3289 = VERTEX_POINT ( 'NONE', #4369 ) ;
#3290 = DIRECTION ( 'NONE',  ( -1.000000000000000000, -0.000000000000000000, -0.000000000000000000 ) ) ;
#3291 = AXIS2_PLACEMENT_3D ( 'NONE', #3374, #2990, #2434 ) ;
#3292 = EDGE_CURVE ( 'NONE', #3841, #2299, #3402, .T. ) ;
#3293 = ORIENTED_EDGE ( 'NONE', *, *, #2145, .F. ) ;
#3294 = PLANE ( 'NONE',  #1992 ) ;
#3295 = LINE ( 'NONE', #1397, #853 ) ;
#3296 = CARTESIAN_POINT ( 'NONE',  ( 0.6049999999999987610, 0.05000000000001530998, -0.3649999999999977152 ) ) ;
#3297 = CARTESIAN_POINT ( 'NONE',  ( 2.444432617519998630, 0.2000000000000153044, -1.139999999999998126 ) ) ;
#3298 = ORIENTED_EDGE ( 'NONE', *, *, #196, .F. ) ;
#3299 = LINE ( 'NONE', #2796, #3455 ) ;
#3300 = VERTEX_POINT ( 'NONE', #4873 ) ;
#3301 = ORIENTED_EDGE ( 'NONE', *, *, #4958, .F. ) ;
#3302 = DIRECTION ( 'NONE',  ( 0.000000000000000000, 0.000000000000000000, -1.000000000000000000 ) ) ;
#3303 = CARTESIAN_POINT ( 'NONE',  ( -3.844432617520224582, 0.2000000000000153044, -1.080000000000001181 ) ) ;
#3304 = VECTOR ( 'NONE', #5907, 1000.000000000000000 ) ;
#3305 = ADVANCED_FACE ( 'NONE', ( #4344 ), #5344, .F. ) ;
#3306 = ORIENTED_EDGE ( 'NONE', *, *, #817, .T. ) ;
#3307 = DIRECTION ( 'NONE',  ( 0.000000000000000000, -1.000000000000000000, -0.000000000000000000 ) ) ;
#3308 = ORIENTED_EDGE ( 'NONE', *, *, #1869, .F. ) ;
#3309 = VECTOR ( 'NONE', #4515, 1000.000000000000000 ) ;
#3310 = VECTOR ( 'NONE', #504, 1000.000000000000000 ) ;
#3311 = DIRECTION ( 'NONE',  ( -1.000000000000000000, -0.000000000000000000, 0.000000000000000000 ) ) ;
#3312 = DIRECTION ( 'NONE',  ( 0.000000000000000000, 0.000000000000000000, 1.000000000000000000 ) ) ;
#3313 = CARTESIAN_POINT ( 'NONE',  ( 1.789432617519999269, 1.720000000000015294, -0.1899999999999978928 ) ) ;
#3314 = VERTEX_POINT ( 'NONE', #2959 ) ;
#3315 = ORIENTED_EDGE ( 'NONE', *, *, #4912, .F. ) ;
#3316 = EDGE_LOOP ( 'NONE', ( #2850, #5689, #4903, #3781, #5570, #2367, #792, #4103, #3682 ) ) ;
#3317 = DIRECTION ( 'NONE',  ( -0.000000000000000000, 0.000000000000000000, -1.000000000000000000 ) ) ;
#3318 = DIRECTION ( 'NONE',  ( -0.000000000000000000, -1.000000000000000000, -0.000000000000000000 ) ) ;
#3319 = CARTESIAN_POINT ( 'NONE',  ( -2.285000000000001474, 1.640000000000015445, 0.05000000000000229955 ) ) ;
#3320 = CARTESIAN_POINT ( 'NONE',  ( 3.844432617519998541, 0.1000000000000453165, -0.8999999999999980238 ) ) ;
#3321 = ORIENTED_EDGE ( 'NONE', *, *, #656, .F. ) ;
#3322 = LINE ( 'NONE', #629, #3699 ) ;
#3323 = CARTESIAN_POINT ( 'NONE',  ( 1.514432617519998248, 0.9100000000000152411, -1.489999999999997771 ) ) ;
#3324 = VECTOR ( 'NONE', #4915, 1000.000000000000000 ) ;
#3325 = FACE_OUTER_BOUND ( 'NONE', #5457, .T. ) ;
#3326 = VECTOR ( 'NONE', #5092, 1000.000000000000000 ) ;
#3327 = CARTESIAN_POINT ( 'NONE',  ( 0.9049999999999986944, 1.312198954710015242, -2.299999999999998046 ) ) ;
#3328 = ORIENTED_EDGE ( 'NONE', *, *, #1027, .F. ) ;
#3329 = DIRECTION ( 'NONE',  ( 0.000000000000000000, 0.9986295347545731671, -0.05233595624295860060 ) ) ;
#3330 = ORIENTED_EDGE ( 'NONE', *, *, #4492, .T. ) ;
#3331 = VECTOR ( 'NONE', #3074, 1000.000000000000000 ) ;
#3332 = ORIENTED_EDGE ( 'NONE', *, *, #1428, .F. ) ;
#3333 = DIRECTION ( 'NONE',  ( 0.000000000000000000, 1.000000000000000000, 0.000000000000000000 ) ) ;
#3334 = DIRECTION ( 'NONE',  ( 1.000000000000000000, 0.000000000000000000, -0.000000000000000000 ) ) ;
#3335 = CARTESIAN_POINT ( 'NONE',  ( 1.789432617519999269, 1.820000000000015383, -1.139999999999998126 ) ) ;
#3336 = CARTESIAN_POINT ( 'NONE',  ( 1.369999999999998774, 1.820000000000015383, -2.089999999999998082 ) ) ;
#3337 = EDGE_LOOP ( 'NONE', ( #5142, #4837, #5063, #5095, #300, #2261, #5134, #3045, #5793, #3833, #4900, #2094 ) ) ;
#3338 = EDGE_CURVE ( 'NONE', #3070, #4877, #3932, .T. ) ;
#3339 = CARTESIAN_POINT ( 'NONE',  ( -0.09500000000000133338, 0.2500000000000152656, -1.749999999999998002 ) ) ;
#3340 = AXIS2_PLACEMENT_3D ( 'NONE', #1696, #3030, #3557 ) ;
#3341 = LINE ( 'NONE', #4370, #1267 ) ;
#3342 = DIRECTION ( 'NONE',  ( 0.000000000000000000, 0.000000000000000000, -1.000000000000000000 ) ) ;
#3343 = ORIENTED_EDGE ( 'NONE', *, *, #4114, .F. ) ;
#3344 = EDGE_LOOP ( 'NONE', ( #2103, #3774, #846, #3087 ) ) ;
#3345 = ADVANCED_FACE ( 'NONE', ( #3991 ), #1062, .F. ) ;
#3346 = CARTESIAN_POINT ( 'NONE',  ( 3.844432617519998541, 3.531788576871530694E-14, -0.9899999999999977707 ) ) ;
#3347 = FACE_OUTER_BOUND ( 'NONE', #2209, .T. ) ;
#3348 = EDGE_CURVE ( 'NONE', #2402, #5662, #1562, .T. ) ;
#3349 = ADVANCED_FACE ( 'NONE', ( #3896 ), #5817, .F. ) ;
#3350 = DIRECTION ( 'NONE',  ( 1.000000000000000000, 0.000000000000000000, -0.000000000000000000 ) ) ;
#3351 = LINE ( 'NONE', #1803, #2501 ) ;
#3352 = ADVANCED_FACE ( 'NONE', ( #1034 ), #5400, .F. ) ;
#3353 = ORIENTED_EDGE ( 'NONE', *, *, #2460, .F. ) ;
#3354 = EDGE_CURVE ( 'NONE', #4979, #5792, #2488, .T. ) ;
#3355 = EDGE_CURVE ( 'NONE', #290, #5384, #2550, .T. ) ;
#3356 = LINE ( 'NONE', #5802, #1751 ) ;
#3357 = DIRECTION ( 'NONE',  ( -0.000000000000000000, -0.4226182617420166654, -0.9063077870360357613 ) ) ;
#3358 = EDGE_CURVE ( 'NONE', #4972, #4062, #84, .T. ) ;
#3359 = CARTESIAN_POINT ( 'NONE',  ( -1.370000000000001439, 0.1650000000000153011, -1.024999999999998135 ) ) ;
#3360 = ORIENTED_EDGE ( 'NONE', *, *, #5631, .F. ) ;
#3361 = CARTESIAN_POINT ( 'NONE',  ( 0.4999999999999987232, 1.312198954710015242, -2.299999999999998046 ) ) ;
#3362 = ORIENTED_EDGE ( 'NONE', *, *, #2021, .T. ) ;
#3363 = ADVANCED_FACE ( 'NONE', ( #5283 ), #4428, .F. ) ;
#3364 = ORIENTED_EDGE ( 'NONE', *, *, #3889, .T. ) ;
#3365 = DIRECTION ( 'NONE',  ( 0.000000000000000000, -0.000000000000000000, 1.000000000000000000 ) ) ;
#3366 = CLOSED_SHELL ( 'NONE', ( #3186, #1949, #2523, #3305, #4282, #3271, #3689, #2691, #1003, #3084, #4661, #5299, #3255, #6150, #2217, #3349, #2899, #2806, #3739, #4521, #6229, #1766, #1380, #579, #1030, #5454, #5121, #4460, #1564, #509, #3069, #1299, #845, #1210, #4564, #2235, #2504, #6007, #4284, #651, #4272, #5688, #4461, #4993, #3816, #1760, #5227, #5878, #1303, #2295, #179, #4916, #2237, #2430, #1301, #2439, #735, #2452, #5347, #5580, #2878, #5221, #2200, #3470, #1403, #3533, #2042, #4649, #914, #1715, #4096, #5565, #648, #958, #2433, #2070, #4740, #4756, #262, #3111, #2173, #6040, #5567, #2147, #3077, #3081, #1667, #682, #5038, #5651, #188, #5847, #2614, #3645, #565, #5765, #1458, #6149, #6067, #2161, #3262, #4780, #3088, #2228, #1692, #4770, #39, #2692, #4438, #5238, #1324, #4872, #3456, #1727, #2240, #3345, #5311, #1216, #3921, #732, #1569, #1961, #4489, #4085, #3267, #505, #1575, #1779, #4902, #6000, #3154, #6042, #371, #3363, #2893, #896, #5488, #3820, #2694, #3568, #3276, #1825, #5022, #6029, #3352, #4009, #404, #6215, #5722, #4384, #4007, #4645, #4885, #3913, #692, #852, #1167, #180, #2366, #4309, #2781, #379, #1951, #6063, #2278, #2270, #3842, #1809, #662, #5449, #5498, #5873, #4190, #2416, #1045, #3641, #1526, #2508, #1614, #881, #1189, #2797, #4195, #3614, #5376, #4765, #2811, #2039, #3727 ) ) ;
#3367 = CARTESIAN_POINT ( 'NONE',  ( -3.200000000000001510, 0.9600000000000152856, 0.05000000000000229955 ) ) ;
#3368 = LINE ( 'NONE', #4714, #4419 ) ;
#3369 = LINE ( 'NONE', #4311, #6220 ) ;
#3370 = ORIENTED_EDGE ( 'NONE', *, *, #5143, .T. ) ;
#3371 = VECTOR ( 'NONE', #2423, 1000.000000000000000 ) ;
#3372 = DIRECTION ( 'NONE',  ( -1.000000000000000000, -0.000000000000000000, 0.000000000000000000 ) ) ;
#3373 = VECTOR ( 'NONE', #1335, 1000.000000000000000 ) ;
#3374 = CARTESIAN_POINT ( 'NONE',  ( 0.1049999999999987610, 0.1500000000000152878, -1.749999999999998002 ) ) ;
#3375 = CARTESIAN_POINT ( 'NONE',  ( -2.400000000000001688, 1.870000000000015206, 1.370000000000002105 ) ) ;
#3376 = EDGE_LOOP ( 'NONE', ( #525, #1659, #4199, #2063 ) ) ;
#3377 = VECTOR ( 'NONE', #4804, 1000.000000000000000 ) ;
#3378 = ORIENTED_EDGE ( 'NONE', *, *, #2337, .T. ) ;
#3379 = CARTESIAN_POINT ( 'NONE',  ( 0.5949999999999987521, 1.185809608451015462, 1.162805198833802178 ) ) ;
#3380 = VECTOR ( 'NONE', #2793, 1000.000000000000000 ) ;
#3381 = LINE ( 'NONE', #3970, #1719 ) ;
#3382 = EDGE_CURVE ( 'NONE', #1268, #4289, #976, .T. ) ;
#3383 = CARTESIAN_POINT ( 'NONE',  ( -0.09500000000000133338, 0.8061074182865152205, -0.6999999999999979572 ) ) ;
#3384 = CARTESIAN_POINT ( 'NONE',  ( 3.199999999999998845, 0.9600000000000152856, -2.099999999999998757 ) ) ;
#3385 = ORIENTED_EDGE ( 'NONE', *, *, #5510, .F. ) ;
#3386 = VERTEX_POINT ( 'NONE', #4818 ) ;
#3387 = CARTESIAN_POINT ( 'NONE',  ( 0.4049999999999986944, 0.2500000000000152656, -2.099999999999998757 ) ) ;
#3388 = DIRECTION ( 'NONE',  ( -1.000000000000000000, -0.000000000000000000, 0.000000000000000000 ) ) ;
#3389 = DIRECTION ( 'NONE',  ( 0.000000000000000000, -0.000000000000000000, 1.000000000000000000 ) ) ;
#3390 = VECTOR ( 'NONE', #1376, 1000.000000000000000 ) ;
#3391 = ORIENTED_EDGE ( 'NONE', *, *, #3157, .T. ) ;
#3392 = CARTESIAN_POINT ( 'NONE',  ( 2.232216308760998746, 0.9100000000000152411, -2.089999999999998082 ) ) ;
#3393 = VERTEX_POINT ( 'NONE', #3870 ) ;
#3394 = ORIENTED_EDGE ( 'NONE', *, *, #1761, .T. ) ;
#3395 = EDGE_CURVE ( 'NONE', #4475, #2515, #2989, .T. ) ;
#3396 = CARTESIAN_POINT ( 'NONE',  ( 1.514432617520998337, 0.9100000000000152411, -2.089999999999998082 ) ) ;
#3397 = DIRECTION ( 'NONE',  ( -1.000000000000000000, -0.000000000000000000, -0.000000000000000000 ) ) ;
#3398 = LINE ( 'NONE', #6126, #3829 ) ;
#3399 = DIRECTION ( 'NONE',  ( -0.000000000000000000, 1.000000000000000000, 0.000000000000000000 ) ) ;
#3400 = ORIENTED_EDGE ( 'NONE', *, *, #1103, .T. ) ;
#3401 = AXIS2_PLACEMENT_3D ( 'NONE', #1945, #4459, #508 ) ;
#3402 = LINE ( 'NONE', #4935, #3692 ) ;
#3403 = CARTESIAN_POINT ( 'NONE',  ( 1.094999999999998863, 0.8061074182865152205, -2.799999999999998490 ) ) ;
#3404 = ORIENTED_EDGE ( 'NONE', *, *, #5537, .T. ) ;
#3405 = VECTOR ( 'NONE', #203, 1000.000000000000000 ) ;
#3406 = AXIS2_PLACEMENT_3D ( 'NONE', #5185, #275, #309 ) ;
#3407 = ORIENTED_EDGE ( 'NONE', *, *, #4738, .T. ) ;
#3408 = CARTESIAN_POINT ( 'NONE',  ( 0.4049999999999986944, 0.8061074182865152205, -1.899999999999998135 ) ) ;
#3409 = DIRECTION ( 'NONE',  ( -1.000000000000000000, 0.000000000000000000, -0.000000000000000000 ) ) ;
#3410 = LINE ( 'NONE', #5234, #4427 ) ;
#3411 = LINE ( 'NONE', #1452, #5231 ) ;
#3412 = ORIENTED_EDGE ( 'NONE', *, *, #2343, .T. ) ;
#3413 = CARTESIAN_POINT ( 'NONE',  ( 1.599999999999998090, 0.5800000000000153921, 1.300000000000002043 ) ) ;
#3414 = VECTOR ( 'NONE', #3099, 1000.000000000000000 ) ;
#3415 = DIRECTION ( 'NONE',  ( -0.000000000000000000, 0.000000000000000000, -1.000000000000000000 ) ) ;
#3416 = PLANE ( 'NONE',  #558 ) ;
#3417 = ORIENTED_EDGE ( 'NONE', *, *, #116, .F. ) ;
#3418 = LINE ( 'NONE', #5778, #2555 ) ;
#3419 = VERTEX_POINT ( 'NONE', #1004 ) ;
#3420 = ORIENTED_EDGE ( 'NONE', *, *, #3283, .F. ) ;
#3421 = PLANE ( 'NONE',  #3115 ) ;
#3422 = VECTOR ( 'NONE', #2440, 1000.000000000000000 ) ;
#3423 = CARTESIAN_POINT ( 'NONE',  ( 0.4049999999999986944, 0.2762038896414996114, -2.300000000000002487 ) ) ;
#3424 = DIRECTION ( 'NONE',  ( 0.000000000000000000, 1.000000000000000000, 0.000000000000000000 ) ) ;
#3425 = EDGE_CURVE ( 'NONE', #2315, #3980, #4899, .T. ) ;
#3426 = EDGE_LOOP ( 'NONE', ( #1863, #2157, #5491, #1289 ) ) ;
#3427 = VECTOR ( 'NONE', #1058, 1000.000000000000000 ) ;
#3428 = VECTOR ( 'NONE', #5199, 1000.000000000000000 ) ;
#3429 = EDGE_CURVE ( 'NONE', #5155, #2721, #2038, .T. ) ;
#3430 = AXIS2_PLACEMENT_3D ( 'NONE', #5798, #927, #543 ) ;
#3431 = CARTESIAN_POINT ( 'NONE',  ( -1.370000000000001439, 0.1650000000000153011, -1.024999999999998135 ) ) ;
#3432 = EDGE_CURVE ( 'NONE', #3263, #6166, #3486, .T. ) ;
#3433 = CARTESIAN_POINT ( 'NONE',  ( -1.500000000000001554, 1.870000000000015206, 2.100000000000001865 ) ) ;
#3434 = ORIENTED_EDGE ( 'NONE', *, *, #4572, .T. ) ;
#3435 = EDGE_LOOP ( 'NONE', ( #4218, #4018, #6197, #4115 ) ) ;
#3436 = LINE ( 'NONE', #4433, #4497 ) ;
#3437 = DIRECTION ( 'NONE',  ( 0.01739543771158959598, 0.000000000000000000, 0.9998486879257392212 ) ) ;
#3438 = CARTESIAN_POINT ( 'NONE',  ( -1.301042606982605321E-15, 0.8700000000000153166, 1.370000000000002105 ) ) ;
#3439 = LINE ( 'NONE', #1516, #2435 ) ;
#3440 = CARTESIAN_POINT ( 'NONE',  ( -1.600000000000001421, 0.9600000000000152856, 1.370000000000002105 ) ) ;
#3441 = ORIENTED_EDGE ( 'NONE', *, *, #4572, .F. ) ;
#3442 = LINE ( 'NONE', #1048, #1051 ) ;
#3443 = CARTESIAN_POINT ( 'NONE',  ( 2.399999999999998579, 0.5800000000000153921, 1.370000000000002105 ) ) ;
#3444 = EDGE_CURVE ( 'NONE', #4877, #3122, #4526, .T. ) ;
#3445 = LINE ( 'NONE', #494, #5573 ) ;
#3446 = ORIENTED_EDGE ( 'NONE', *, *, #1958, .F. ) ;
#3447 = CARTESIAN_POINT ( 'NONE',  ( -1.301042606982605321E-15, 0.09220050455076719831, -1.994766404376001612 ) ) ;
#3448 = ORIENTED_EDGE ( 'NONE', *, *, #2992, .F. ) ;
#3449 = FACE_OUTER_BOUND ( 'NONE', #723, .T. ) ;
#3450 = CARTESIAN_POINT ( 'NONE',  ( -1.314432617520001179, -4.682398132421772274E-15, -0.1899999999999978928 ) ) ;
#3451 = EDGE_CURVE ( 'NONE', #905, #1463, #3177, .T. ) ;
#3452 = DIRECTION ( 'NONE',  ( 1.000000000000000000, -0.000000000000000000, 0.000000000000000000 ) ) ;
#3453 = EDGE_CURVE ( 'NONE', #3142, #5478, #2577, .T. ) ;
#3454 = EDGE_LOOP ( 'NONE', ( #3637, #3670, #270, #99 ) ) ;
#3455 = VECTOR ( 'NONE', #2766, 1000.000000000000000 ) ;
#3456 = ADVANCED_FACE ( 'NONE', ( #3144 ), #1184, .F. ) ;
#3457 = DIRECTION ( 'NONE',  ( 1.000000000000000000, -0.000000000000000000, 0.000000000000000000 ) ) ;
#3458 = DIRECTION ( 'NONE',  ( 1.000000000000000000, 0.000000000000000000, 0.000000000000000000 ) ) ;
#3459 = ORIENTED_EDGE ( 'NONE', *, *, #765, .F. ) ;
#3460 = AXIS2_PLACEMENT_3D ( 'NONE', #2839, #3238, #5153 ) ;
#3461 = ORIENTED_EDGE ( 'NONE', *, *, #848, .T. ) ;
#3462 = EDGE_CURVE ( 'NONE', #4897, #4508, #273, .T. ) ;
#3463 = LINE ( 'NONE', #1872, #5814 ) ;
#3464 = AXIS2_PLACEMENT_3D ( 'NONE', #5772, #1932, #1018 ) ;
#3465 = LINE ( 'NONE', #3408, #4624 ) ;
#3466 = CARTESIAN_POINT ( 'NONE',  ( -0.5950000000000013056, 0.09220050455074438323, -1.994766404375844626 ) ) ;
#3467 = VECTOR ( 'NONE', #524, 1000.000000000000000 ) ;
#3468 = PRESENTATION_STYLE_ASSIGNMENT (( #4004 ) ) ;
#3469 = CARTESIAN_POINT ( 'NONE',  ( 0.9999999999999991118, 0.1500000000000152878, -2.799999999999998490 ) ) ;
#3470 = ADVANCED_FACE ( 'NONE', ( #6030 ), #1217, .F. ) ;
#3471 = ORIENTED_EDGE ( 'NONE', *, *, #5859, .F. ) ;
#3472 = VECTOR ( 'NONE', #2089, 1000.000000000000000 ) ;
#3473 = DIRECTION ( 'NONE',  ( 0.000000000000000000, 0.000000000000000000, -1.000000000000000000 ) ) ;
#3474 = LINE ( 'NONE', #2122, #1654 ) ;
#3475 = EDGE_LOOP ( 'NONE', ( #5368, #3235, #559, #2841, #2030, #367, #754, #3638, #5065 ) ) ;
#3476 = LINE ( 'NONE', #5476, #2406 ) ;
#3477 = ORIENTED_EDGE ( 'NONE', *, *, #1680, .T. ) ;
#3478 = EDGE_LOOP ( 'NONE', ( #325, #4050, #5816, #839, #6046, #3945, #4480, #912 ) ) ;
#3479 = ORIENTED_EDGE ( 'NONE', *, *, #6165, .F. ) ;
#3480 = PLANE ( 'NONE',  #2302 ) ;
#3481 = CARTESIAN_POINT ( 'NONE',  ( -0.6050000000000013145, 0.1500000000000152878, -1.749999999999998002 ) ) ;
#3482 = DIRECTION ( 'NONE',  ( -0.000000000000000000, -0.4226182617420166654, -0.9063077870360357613 ) ) ;
#3483 = DIRECTION ( 'NONE',  ( 0.000000000000000000, -0.000000000000000000, 1.000000000000000000 ) ) ;
#3484 = VERTEX_POINT ( 'NONE', #3548 ) ;
#3485 = VERTEX_POINT ( 'NONE', #1627 ) ;
#3486 = LINE ( 'NONE', #3021, #1077 ) ;
#3487 = LINE ( 'NONE', #4529, #874 ) ;
#3488 = ORIENTED_EDGE ( 'NONE', *, *, #4541, .F. ) ;
#3489 = ORIENTED_EDGE ( 'NONE', *, *, #2650, .T. ) ;
#3490 = DIRECTION ( 'NONE',  ( -1.000000000000000000, -0.000000000000000000, 0.000000000000000000 ) ) ;
#3491 = DIRECTION ( 'NONE',  ( -0.000000000000000000, 1.000000000000000000, 0.000000000000000000 ) ) ;
#3492 = CARTESIAN_POINT ( 'NONE',  ( -3.150000000000001243, 0.09999999999996531108, -1.834999999999998188 ) ) ;
#3493 = AXIS2_PLACEMENT_3D ( 'NONE', #4534, #4623, #1723 ) ;
#3494 = LINE ( 'NONE', #2112, #1618 ) ;
#3495 = CARTESIAN_POINT ( 'NONE',  ( -0.4050000000000013034, 0.1920634580262153002, -1.999999999999997335 ) ) ;
#3496 = VECTOR ( 'NONE', #5926, 1000.000000000000000 ) ;
#3497 = VERTEX_POINT ( 'NONE', #5456 ) ;
#3498 = VECTOR ( 'NONE', #4547, 1000.000000000000114 ) ;
#3499 = CARTESIAN_POINT ( 'NONE',  ( 0.8949999999999982414, 0.05000000000000778821, -1.399999999999998135 ) ) ;
#3500 = EDGE_CURVE ( 'NONE', #232, #5354, #1155, .T. ) ;
#3501 = CARTESIAN_POINT ( 'NONE',  ( 1.719999999999998419, 0.8700000000000153166, 1.400000000000001910 ) ) ;
#3502 = CARTESIAN_POINT ( 'NONE',  ( -3.200000000000001510, 1.640000000000015445, 0.05000000000000229955 ) ) ;
#3503 = EDGE_LOOP ( 'NONE', ( #3407, #4490, #3282, #4949, #1643, #3950 ) ) ;
#3504 = DIRECTION ( 'NONE',  ( 1.000000000000000000, 0.000000000000000000, 0.000000000000000000 ) ) ;
#3505 = VERTEX_POINT ( 'NONE', #5553 ) ;
#3506 = VERTEX_POINT ( 'NONE', #4557 ) ;
#3507 = AXIS2_PLACEMENT_3D ( 'NONE', #3679, #5597, #4691 ) ;
#3508 = CARTESIAN_POINT ( 'NONE',  ( -1.600000000000001421, 0.8700000000000153166, 2.100000000000001865 ) ) ;
#3509 = CARTESIAN_POINT ( 'NONE',  ( -1.301042606982605321E-15, 0.9600000000000152856, 1.200000000000001954 ) ) ;
#3510 = CARTESIAN_POINT ( 'NONE',  ( -2.582216308760601375, 1.530757942277971573E-14, -1.579999999999998073 ) ) ;
#3511 = FACE_OUTER_BOUND ( 'NONE', #921, .T. ) ;
#3512 = VERTEX_POINT ( 'NONE', #1597 ) ;
#3513 = VERTEX_POINT ( 'NONE', #5052 ) ;
#3514 = DIRECTION ( 'NONE',  ( -0.000000000000000000, -0.000000000000000000, -1.000000000000000000 ) ) ;
#3515 = VECTOR ( 'NONE', #383, 1000.000000000000000 ) ;
#3516 = PLANE ( 'NONE',  #476 ) ;
#3517 = EDGE_CURVE ( 'NONE', #1115, #6121, #3114, .T. ) ;
#3518 = VECTOR ( 'NONE', #2945, 1000.000000000000000 ) ;
#3519 = ORIENTED_EDGE ( 'NONE', *, *, #1039, .T. ) ;
#3520 = EDGE_LOOP ( 'NONE', ( #5742, #1436, #3050, #347, #5556 ) ) ;
#3521 = CARTESIAN_POINT ( 'NONE',  ( 0.4999999999999987232, 1.312198954710015242, -2.119999999999997886 ) ) ;
#3522 = PLANE ( 'NONE',  #305 ) ;
#3523 = DIRECTION ( 'NONE',  ( -0.000000000000000000, -1.000000000000000000, -0.000000000000000000 ) ) ;
#3524 = CARTESIAN_POINT ( 'NONE',  ( -1.301042606982605321E-15, 1.117991655295583531, 1.017369128957737123 ) ) ;
#3525 = CARTESIAN_POINT ( 'NONE',  ( -1.550000000000001377, 0.9845652173915153682, 1.200000000000001954 ) ) ;
#3526 = ORIENTED_EDGE ( 'NONE', *, *, #2906, .T. ) ;
#3527 = EDGE_CURVE ( 'NONE', #1988, #2798, #5021, .T. ) ;
#3528 = ORIENTED_EDGE ( 'NONE', *, *, #5469, .F. ) ;
#3529 = EDGE_CURVE ( 'NONE', #2745, #3835, #307, .T. ) ;
#3531 = EDGE_CURVE ( 'NONE', #1369, #3854, #2645, .T. ) ;
#3530 = CARTESIAN_POINT ( 'NONE',  ( -2.800000000000001155, 0.1600000000000152967, 2.100000000000001865 ) ) ;
#3532 = CARTESIAN_POINT ( 'NONE',  ( -1.105000000000001315, 0.05000000000001154910, -2.099999999999998757 ) ) ;
#3533 = ADVANCED_FACE ( 'NONE', ( #1125 ), #241, .T. ) ;
#3534 = FACE_OUTER_BOUND ( 'NONE', #2816, .T. ) ;
#3535 = CARTESIAN_POINT ( 'NONE',  ( -1.301042606982605321E-15, 0.2762038896414153455, -2.299999999999998046 ) ) ;
#3536 = ORIENTED_EDGE ( 'NONE', *, *, #173, .T. ) ;
#3537 = DIRECTION ( 'NONE',  ( 0.000000000000000000, -0.4226182617436403111, -0.9063077870352785892 ) ) ;
#3538 = EDGE_CURVE ( 'NONE', #4843, #661, #4871, .T. ) ;
#3539 = ORIENTED_EDGE ( 'NONE', *, *, #1677, .F. ) ;
#3540 = VERTEX_POINT ( 'NONE', #686 ) ;
#3541 = DIRECTION ( 'NONE',  ( 0.000000000000000000, -1.000000000000000000, -0.000000000000000000 ) ) ;
#3542 = DIRECTION ( 'NONE',  ( 0.000000000000000000, 0.02173399540922035106, 0.9997637888239161441 ) ) ;
#3543 = EDGE_CURVE ( 'NONE', #163, #361, #3640, .T. ) ;
#3544 = DIRECTION ( 'NONE',  ( 0.000000000000000000, -0.05233595624306891514, -0.9986295347545672829 ) ) ;
#3545 = DIRECTION ( 'NONE',  ( 1.000000000000000000, -0.000000000000000000, 0.000000000000000000 ) ) ;
#3546 = VERTEX_POINT ( 'NONE', #1655 ) ;
#3547 = EDGE_CURVE ( 'NONE', #5181, #3994, #3577, .T. ) ;
#3548 = CARTESIAN_POINT ( 'NONE',  ( 2.799999999999998490, 0.1600000000000152967, 1.400000000000001910 ) ) ;
#3549 = ORIENTED_EDGE ( 'NONE', *, *, #1412, .T. ) ;
#3550 = LINE ( 'NONE', #3992, #3581 ) ;
#3551 = ORIENTED_EDGE ( 'NONE', *, *, #5699, .F. ) ;
#3552 = VERTEX_POINT ( 'NONE', #4086 ) ;
#3553 = FACE_OUTER_BOUND ( 'NONE', #1510, .T. ) ;
#3554 = VECTOR ( 'NONE', #2835, 1000.000000000000000 ) ;
#3555 = CARTESIAN_POINT ( 'NONE',  ( 0.4049999999999986944, 0.8061074182865152205, -2.799999999999998490 ) ) ;
#3556 = ORIENTED_EDGE ( 'NONE', *, *, #4183, .F. ) ;
#3557 = DIRECTION ( 'NONE',  ( -0.000000000000000000, 0.000000000000000000, -1.000000000000000000 ) ) ;
#3558 = DIRECTION ( 'NONE',  ( -1.000000000000000000, -0.000000000000000000, 0.000000000000000000 ) ) ;
#3559 = PLANE ( 'NONE',  #3831 ) ;
#3560 = VECTOR ( 'NONE', #2761, 1000.000000000000000 ) ;
#3561 = VERTEX_POINT ( 'NONE', #5997 ) ;
#3562 = EDGE_CURVE ( 'NONE', #4300, #1922, #3607, .T. ) ;
#3563 = LINE ( 'NONE', #2632, #452 ) ;
#3564 = DIRECTION ( 'NONE',  ( 0.000000000000000000, 0.000000000000000000, 1.000000000000000000 ) ) ;
#3565 = CARTESIAN_POINT ( 'NONE',  ( -1.301042606982605321E-15, 0.05000000000001530998, -0.1899999999999978928 ) ) ;
#3566 = CARTESIAN_POINT ( 'NONE',  ( -0.09500000000000133338, 1.117991655295210496, 1.017369128957864799 ) ) ;
#3567 = CARTESIAN_POINT ( 'NONE',  ( -0.09500000000000133338, 0.1920634580262153002, -1.999999999999997335 ) ) ;
#3568 = ADVANCED_FACE ( 'NONE', ( #3799 ), #5591, .T. ) ;
#3569 = VECTOR ( 'NONE', #3100, 1000.000000000000000 ) ;
#3570 = VERTEX_POINT ( 'NONE', #3672 ) ;
#3571 = CARTESIAN_POINT ( 'NONE',  ( -0.4050000000000013034, 0.2499999999999153177, -2.799999999999998490 ) ) ;
#3572 = FACE_OUTER_BOUND ( 'NONE', #4919, .T. ) ;
#3573 = FACE_OUTER_BOUND ( 'NONE', #1364, .T. ) ;
#3574 = DIRECTION ( 'NONE',  ( -1.000000000000000000, 0.000000000000000000, -0.000000000000000000 ) ) ;
#3575 = ORIENTED_EDGE ( 'NONE', *, *, #1378, .T. ) ;
#3576 = EDGE_CURVE ( 'NONE', #4180, #436, #4276, .T. ) ;
#3577 = LINE ( 'NONE', #2168, #2560 ) ;
#3578 = ORIENTED_EDGE ( 'NONE', *, *, #2829, .T. ) ;
#3579 = PLANE ( 'NONE',  #155 ) ;
#3580 = VERTEX_POINT ( 'NONE', #4681 ) ;
#3581 = VECTOR ( 'NONE', #1599, 1000.000000000000000 ) ;
#3582 = ORIENTED_EDGE ( 'NONE', *, *, #75, .F. ) ;
#3583 = CARTESIAN_POINT ( 'NONE',  ( -0.1050000000000013561, 0.05000000000001154910, -2.099999999999998757 ) ) ;
#3584 = DIRECTION ( 'NONE',  ( 0.000000000000000000, 0.000000000000000000, -1.000000000000000000 ) ) ;
#3585 = ORIENTED_EDGE ( 'NONE', *, *, #3613, .T. ) ;
#3586 = CARTESIAN_POINT ( 'NONE',  ( -3.500000000000001332, 0.2600000000000153300, 1.050000000000001821 ) ) ;
#3587 = EDGE_CURVE ( 'NONE', #2436, #5362, #6161, .T. ) ;
#3588 = CARTESIAN_POINT ( 'NONE',  ( 0.4049999999999986944, 0.2499999999999479583, -2.800000000000000266 ) ) ;
#3589 = ORIENTED_EDGE ( 'NONE', *, *, #4120, .F. ) ;
#3590 = VERTEX_POINT ( 'NONE', #2768 ) ;
#3591 = VECTOR ( 'NONE', #3646, 1000.000000000000000 ) ;
#3592 = DIRECTION ( 'NONE',  ( -1.000000000000000000, -0.000000000000000000, 0.000000000000000000 ) ) ;
#3593 = DIRECTION ( 'NONE',  ( 0.000000000000000000, 0.9985927540074329700, 0.05303311836815174929 ) ) ;
#3594 = DIRECTION ( 'NONE',  ( 0.000000000000000000, 0.9986295347545720569, -0.05233595624297854298 ) ) ;
#3595 = DIRECTION ( 'NONE',  ( 1.000000000000000000, 0.000000000000000000, 0.000000000000000000 ) ) ;
#3596 = ORIENTED_EDGE ( 'NONE', *, *, #5576, .F. ) ;
#3597 = LINE ( 'NONE', #4549, #3496 ) ;
#3598 = VECTOR ( 'NONE', #3662, 1000.000000000000000 ) ;
#3599 = EDGE_LOOP ( 'NONE', ( #2991, #3691, #2359, #5397 ) ) ;
#3600 = VERTEX_POINT ( 'NONE', #6125 ) ;
#3601 = VECTOR ( 'NONE', #943, 1000.000000000000000 ) ;
#3602 = PLANE ( 'NONE',  #1484 ) ;
#3603 = LINE ( 'NONE', #3042, #340 ) ;
#3604 = CARTESIAN_POINT ( 'NONE',  ( -3.844432617520250783, 3.117081245895825248E-16, -1.080000000000003180 ) ) ;
#3605 = DIRECTION ( 'NONE',  ( 0.000000000000000000, 1.000000000000000000, 0.000000000000000000 ) ) ;
#3606 = ORIENTED_EDGE ( 'NONE', *, *, #2824, .F. ) ;
#3607 = LINE ( 'NONE', #1373, #2967 ) ;
#3608 = EDGE_CURVE ( 'NONE', #2053, #4180, #5686, .T. ) ;
#3609 = ORIENTED_EDGE ( 'NONE', *, *, #107, .F. ) ;
#3610 = CARTESIAN_POINT ( 'NONE',  ( 2.799999999999998490, 0.2600000000000153300, 1.750000000000001998 ) ) ;
#3611 = EDGE_CURVE ( 'NONE', #709, #4095, #814, .T. ) ;
#3612 = ORIENTED_EDGE ( 'NONE', *, *, #2539, .T. ) ;
#3613 = EDGE_CURVE ( 'NONE', #1820, #4496, #332, .T. ) ;
#3614 = ADVANCED_FACE ( 'NONE', ( #6062 ), #4146, .F. ) ;
#3615 = LINE ( 'NONE', #4092, #3591 ) ;
#3616 = VECTOR ( 'NONE', #4228, 1000.000000000000000 ) ;
#3617 = AXIS2_PLACEMENT_3D ( 'NONE', #3722, #2314, #894 ) ;
#3618 = CARTESIAN_POINT ( 'NONE',  ( -1.514432617520001578, 0.2800000000000153477, -1.489999999999997771 ) ) ;
#3619 = DIRECTION ( 'NONE',  ( 0.000000000000000000, 1.000000000000000000, 0.000000000000000000 ) ) ;
#3620 = VERTEX_POINT ( 'NONE', #4749 ) ;
#3621 = VECTOR ( 'NONE', #3202, 1000.000000000000000 ) ;
#3622 = VERTEX_POINT ( 'NONE', #2799 ) ;
#3623 = AXIS2_PLACEMENT_3D ( 'NONE', #5854, #2143, #93 ) ;
#3624 = CARTESIAN_POINT ( 'NONE',  ( 2.009999999999998899, 1.370000000000015206, 0.07500000000000214828 ) ) ;
#3625 = CARTESIAN_POINT ( 'NONE',  ( -1.301042606982605321E-15, 1.203886659156015337, -0.5999999999999980904 ) ) ;
#3626 = CARTESIAN_POINT ( 'NONE',  ( 3.199999999999998845, 1.640000000000015445, 0.05000000000000229955 ) ) ;
#3627 = DIRECTION ( 'NONE',  ( 1.000000000000000000, 0.000000000000000000, -0.000000000000000000 ) ) ;
#3628 = VERTEX_POINT ( 'NONE', #2263 ) ;
#3629 = DIRECTION ( 'NONE',  ( 0.000000000000000000, 0.000000000000000000, -1.000000000000000000 ) ) ;
#3630 = VERTEX_POINT ( 'NONE', #1747 ) ;
#3631 = VECTOR ( 'NONE', #2082, 1000.000000000000000 ) ;
#3632 = DIRECTION ( 'NONE',  ( 0.000000000000000000, 0.000000000000000000, 1.000000000000000000 ) ) ;
#3633 = EDGE_CURVE ( 'NONE', #5360, #4848, #1277, .T. ) ;
#3634 = LINE ( 'NONE', #2127, #44 ) ;
#3635 = DIRECTION ( 'NONE',  ( -0.000000000000000000, -0.000000000000000000, -1.000000000000000000 ) ) ;
#3636 = FACE_OUTER_BOUND ( 'NONE', #4627, .T. ) ;
#3637 = ORIENTED_EDGE ( 'NONE', *, *, #5656, .T. ) ;
#3638 = ORIENTED_EDGE ( 'NONE', *, *, #177, .T. ) ;
#3639 = EDGE_CURVE ( 'NONE', #6204, #1495, #3208, .T. ) ;
#3640 = LINE ( 'NONE', #5968, #5366 ) ;
#3641 = ADVANCED_FACE ( 'NONE', ( #6094 ), #1849, .T. ) ;
#3642 = ORIENTED_EDGE ( 'NONE', *, *, #5678, .T. ) ;
#3643 = CARTESIAN_POINT ( 'NONE',  ( 0.09499999999999872435, 0.8061074182865152205, -1.899999999999998135 ) ) ;
#3644 = ORIENTED_EDGE ( 'NONE', *, *, #5213, .T. ) ;
#3645 = ADVANCED_FACE ( 'NONE', ( #3740 ), #4646, .T. ) ;
#3646 = DIRECTION ( 'NONE',  ( -0.000000000000000000, 1.000000000000000000, 0.000000000000000000 ) ) ;
#3647 = DIRECTION ( 'NONE',  ( -0.000000000000000000, 0.000000000000000000, -1.000000000000000000 ) ) ;
#3648 = DIRECTION ( 'NONE',  ( 0.000000000000000000, 1.000000000000000000, 0.000000000000000000 ) ) ;
#3649 = ORIENTED_EDGE ( 'NONE', *, *, #6160, .F. ) ;
#3650 = EDGE_CURVE ( 'NONE', #2210, #3826, #434, .T. ) ;
#3651 = ORIENTED_EDGE ( 'NONE', *, *, #3153, .T. ) ;
#3652 = ORIENTED_EDGE ( 'NONE', *, *, #564, .F. ) ;
#3653 = DIRECTION ( 'NONE',  ( -0.000000000000000000, 1.000000000000000000, 0.000000000000000000 ) ) ;
#3654 = CARTESIAN_POINT ( 'NONE',  ( -1.600000000000001421, 0.9600000000000152856, 2.100000000000001865 ) ) ;
#3655 = CARTESIAN_POINT ( 'NONE',  ( -0.09500000000000133338, 0.9650000000000152900, -0.5999999999999980904 ) ) ;
#3656 = DIRECTION ( 'NONE',  ( -0.000000000000000000, 0.000000000000000000, -1.000000000000000000 ) ) ;
#3657 = ORIENTED_EDGE ( 'NONE', *, *, #4729, .F. ) ;
#3658 = CARTESIAN_POINT ( 'NONE',  ( 1.094999999999998863, 1.312198954710015242, -2.099999999999998757 ) ) ;
#3659 = AXIS2_PLACEMENT_3D ( 'NONE', #1882, #4213, #5251 ) ;
#3660 = PRODUCT_DEFINITION_SHAPE ( 'NONE', 'NONE',  #1421 ) ;
#3661 = ORIENTED_EDGE ( 'NONE', *, *, #2973, .F. ) ;
#3662 = DIRECTION ( 'NONE',  ( 0.000000000000000000, 0.000000000000000000, -1.000000000000000000 ) ) ;
#3663 = LINE ( 'NONE', #806, #3560 ) ;
#3664 = VECTOR ( 'NONE', #3761, 1000.000000000000000 ) ;
#3665 = DIRECTION ( 'NONE',  ( -1.000000000000000000, 0.000000000000000000, -0.000000000000000000 ) ) ;
#3666 = DIRECTION ( 'NONE',  ( -0.000000000000000000, 0.000000000000000000, -1.000000000000000000 ) ) ;
#3667 = ORIENTED_EDGE ( 'NONE', *, *, #1798, .F. ) ;
#3668 = AXIS2_PLACEMENT_3D ( 'NONE', #19, #5244, #1489 ) ;
#3669 = CARTESIAN_POINT ( 'NONE',  ( 1.094999999999998863, 1.117991655295015319, 1.017369128958002023 ) ) ;
#3670 = ORIENTED_EDGE ( 'NONE', *, *, #1136, .T. ) ;
#3672 = CARTESIAN_POINT ( 'NONE',  ( 3.199999999999998845, 0.2800000000000152922, 0.05000000000000229955 ) ) ;
#3671 = AXIS2_PLACEMENT_3D ( 'NONE', #1336, #3260, #1874 ) ;
#3673 = ORIENTED_EDGE ( 'NONE', *, *, #5111, .T. ) ;
#3674 = DIRECTION ( 'NONE',  ( 0.000000000000000000, -0.000000000000000000, 1.000000000000000000 ) ) ;
#3675 = EDGE_LOOP ( 'NONE', ( #888, #5733, #1047, #981, #3919, #1239, #576, #733, #4934 ) ) ;
#3676 = CARTESIAN_POINT ( 'NONE',  ( -1.000000000000001332, 0.07110025227538531445, -2.397383202187997497 ) ) ;
#3677 = AXIS2_PLACEMENT_3D ( 'NONE', #2333, #2803, #1789 ) ;
#3678 = CARTESIAN_POINT ( 'NONE',  ( -0.8950000000000012390, 0.9600000000000152856, -2.099999999999998757 ) ) ;
#3679 = CARTESIAN_POINT ( 'NONE',  ( -2.582216308760601375, 1.530757942277971573E-14, -1.139999999999998126 ) ) ;
#3681 = ORIENTED_EDGE ( 'NONE', *, *, #5699, .T. ) ;
#3680 = APPLICATION_CONTEXT ( 'automotive_design' ) ;
#3682 = ORIENTED_EDGE ( 'NONE', *, *, #1349, .T. ) ;
#3683 = EDGE_LOOP ( 'NONE', ( #2332, #5571, #4383, #840 ) ) ;
#3684 = LINE ( 'NONE', #3220, #1205 ) ;
#3685 = CARTESIAN_POINT ( 'NONE',  ( -0.8950000000000012390, 0.05000000000001530998, -0.3649999999999977152 ) ) ;
#3686 = CARTESIAN_POINT ( 'NONE',  ( -1.301042606982605321E-15, 0.8700000000000153166, 1.200000000000001954 ) ) ;
#3687 = LINE ( 'NONE', #1264, #1594 ) ;
#3688 = ORIENTED_EDGE ( 'NONE', *, *, #2145, .T. ) ;
#3689 = ADVANCED_FACE ( 'NONE', ( #5622 ), #1314, .T. ) ;
#3690 = LINE ( 'NONE', #4164, #3702 ) ;
#3691 = ORIENTED_EDGE ( 'NONE', *, *, #2998, .T. ) ;
#3692 = VECTOR ( 'NONE', #4846, 1000.000000000000000 ) ;
#3693 = CARTESIAN_POINT ( 'NONE',  ( -1.370000000000001439, 0.1650000000000153011, 0.05000000000000229955 ) ) ;
#3694 = EDGE_CURVE ( 'NONE', #519, #3826, #5652, .T. ) ;
#3695 = LINE ( 'NONE', #2734, #4368 ) ;
#3696 = PLANE ( 'NONE',  #4973 ) ;
#3697 = CARTESIAN_POINT ( 'NONE',  ( -2.232216308760501366, 0.9100000000000152411, -2.089999999999998082 ) ) ;
#3698 = ORIENTED_EDGE ( 'NONE', *, *, #6074, .T. ) ;
#3699 = VECTOR ( 'NONE', #567, 1000.000000000000000 ) ;
#3700 = CARTESIAN_POINT ( 'NONE',  ( -1.301042606982605321E-15, 1.312198954710015242, -2.099999999999998757 ) ) ;
#3701 = ORIENTED_EDGE ( 'NONE', *, *, #2829, .F. ) ;
#3702 = VECTOR ( 'NONE', #3290, 1000.000000000000000 ) ;
#3703 = CARTESIAN_POINT ( 'NONE',  ( 0.1049999999999987610, 0.9600000000000152856, -2.099999999999998757 ) ) ;
#3704 = DIRECTION ( 'NONE',  ( -0.000000000000000000, 1.000000000000000000, 0.000000000000000000 ) ) ;
#3705 = ORIENTED_EDGE ( 'NONE', *, *, #2993, .F. ) ;
#3706 = LINE ( 'NONE', #879, #5289 ) ;
#3707 = ORIENTED_EDGE ( 'NONE', *, *, #5383, .T. ) ;
#3708 = VECTOR ( 'NONE', #2401, 1000.000000000000000 ) ;
#3709 = FACE_OUTER_BOUND ( 'NONE', #5228, .T. ) ;
#3710 = EDGE_CURVE ( 'NONE', #4604, #864, #875, .T. ) ;
#3711 = CARTESIAN_POINT ( 'NONE',  ( 1.514432617520998337, 0.2000000000000153044, -1.139999999999998126 ) ) ;
#3712 =( NAMED_UNIT ( * ) SI_UNIT ( $, .STERADIAN. ) SOLID_ANGLE_UNIT ( ) );
#3713 = CARTESIAN_POINT ( 'NONE',  ( -1.095000000000001306, 0.9650000000000152900, -0.5999999999999980904 ) ) ;
#3714 = VERTEX_POINT ( 'NONE', #1913 ) ;
#3715 = ORIENTED_EDGE ( 'NONE', *, *, #4683, .F. ) ;
#3716 = VECTOR ( 'NONE', #3704, 1000.000000000000000 ) ;
#3717 = VERTEX_POINT ( 'NONE', #3423 ) ;
#3718 = CARTESIAN_POINT ( 'NONE',  ( -1.105000000000001315, 0.05000000000000778821, -1.399999999999998135 ) ) ;
#3719 = DIRECTION ( 'NONE',  ( -0.000000000000000000, 0.000000000000000000, 1.000000000000000000 ) ) ;
#3720 = EDGE_CURVE ( 'NONE', #465, #809, #3926, .T. ) ;
#3721 = DIRECTION ( 'NONE',  ( 0.000000000000000000, 1.000000000000000000, 0.000000000000000000 ) ) ;
#3722 = CARTESIAN_POINT ( 'NONE',  ( -0.9050000000000012479, 0.1920634580262153002, -1.999999999999997335 ) ) ;
#3723 = ORIENTED_EDGE ( 'NONE', *, *, #4499, .T. ) ;
#3724 = VECTOR ( 'NONE', #3140, 1000.000000000000000 ) ;
#3725 = AXIS2_PLACEMENT_3D ( 'NONE', #1361, #928, #2855 ) ;
#3726 = DIRECTION ( 'NONE',  ( 1.000000000000000000, 0.000000000000000000, -0.000000000000000000 ) ) ;
#3727 = ADVANCED_FACE ( 'NONE', ( #501 ), #2984, .T. ) ;
#3728 = EDGE_CURVE ( 'NONE', #577, #5300, #1438, .T. ) ;
#3729 = ORIENTED_EDGE ( 'NONE', *, *, #4455, .F. ) ;
#3730 = PLANE ( 'NONE',  #81 ) ;
#3731 = EDGE_CURVE ( 'NONE', #3266, #4604, #1057, .T. ) ;
#3732 = DIRECTION ( 'NONE',  ( -0.000000000000000000, -0.000000000000000000, -1.000000000000000000 ) ) ;
#3733 = PLANE ( 'NONE',  #3671 ) ;
#3734 = LINE ( 'NONE', #1782, #1254 ) ;
#3735 = ORIENTED_EDGE ( 'NONE', *, *, #5076, .T. ) ;
#3736 = EDGE_CURVE ( 'NONE', #5746, #3266, #531, .T. ) ;
#3737 = DIRECTION ( 'NONE',  ( -0.000000000000000000, 0.000000000000000000, -1.000000000000000000 ) ) ;
#3738 = ORIENTED_EDGE ( 'NONE', *, *, #1567, .T. ) ;
#3739 = ADVANCED_FACE ( 'NONE', ( #1026 ), #4839, .T. ) ;
#3740 = FACE_OUTER_BOUND ( 'NONE', #597, .T. ) ;
#3741 = CARTESIAN_POINT ( 'NONE',  ( 1.879432617519998905, 0.1000000000000453165, -0.1899999999999978928 ) ) ;
#3742 = VERTEX_POINT ( 'NONE', #2956 ) ;
#3743 = CARTESIAN_POINT ( 'NONE',  ( -3.400000000000001688, 0.2600000000000153300, 1.400000000000001910 ) ) ;
#3744 = EDGE_CURVE ( 'NONE', #4216, #3180, #2897, .T. ) ;
#3745 = ORIENTED_EDGE ( 'NONE', *, *, #1073, .F. ) ;
#3746 = DIRECTION ( 'NONE',  ( 0.000000000000000000, 0.000000000000000000, -1.000000000000000000 ) ) ;
#3747 = CARTESIAN_POINT ( 'NONE',  ( -1.720000000000001528, 0.8700000000000153166, 1.400000000000001910 ) ) ;
#3748 = CARTESIAN_POINT ( 'NONE',  ( 1.369999999999998774, 0.2800000000000152922, -1.489999999999997771 ) ) ;
#3749 = ORIENTED_EDGE ( 'NONE', *, *, #4857, .T. ) ;
#3750 = ORIENTED_EDGE ( 'NONE', *, *, #377, .T. ) ;
#3751 = CARTESIAN_POINT ( 'NONE',  ( 0.6049999999999987610, 0.1500000000000152878, -1.749999999999998002 ) ) ;
#3752 = LINE ( 'NONE', #449, #3989 ) ;
#3753 = DIRECTION ( 'NONE',  ( 0.000000000000000000, 1.000000000000000000, 0.000000000000000000 ) ) ;
#3754 = CARTESIAN_POINT ( 'NONE',  ( -1.301042606982605321E-15, 0.9600000000000152856, -2.099999999999998757 ) ) ;
#3755 = VERTEX_POINT ( 'NONE', #3450 ) ;
#3756 = CARTESIAN_POINT ( 'NONE',  ( -1.314432617520001179, 0.9100000000000152411, -0.1899999999999978928 ) ) ;
#3757 = VECTOR ( 'NONE', #582, 1000.000000000000000 ) ;
#3758 = ORIENTED_EDGE ( 'NONE', *, *, #4449, .T. ) ;
#3759 = EDGE_CURVE ( 'NONE', #2795, #1750, #2930, .T. ) ;
#3760 = CARTESIAN_POINT ( 'NONE',  ( -0.5950000000000013056, 0.8061074182865152205, -2.799999999999998490 ) ) ;
#3761 = DIRECTION ( 'NONE',  ( 0.000000000000000000, -0.000000000000000000, 1.000000000000000000 ) ) ;
#3762 = DIRECTION ( 'NONE',  ( 0.000000000000000000, 0.000000000000000000, 1.000000000000000000 ) ) ;
#3763 = CARTESIAN_POINT ( 'NONE',  ( -0.5000000000000013323, 0.2500000000000459077, -2.800000000000005596 ) ) ;
#3764 = AXIS2_PLACEMENT_3D ( 'NONE', #1785, #365, #1818 ) ;
#3765 = ORIENTED_EDGE ( 'NONE', *, *, #5574, .F. ) ;
#3766 = DIRECTION ( 'NONE',  ( 1.000000000000000000, 0.000000000000000000, -0.000000000000000000 ) ) ;
#3767 = ORIENTED_EDGE ( 'NONE', *, *, #69, .F. ) ;
#3768 = EDGE_LOOP ( 'NONE', ( #3096, #5398, #6048, #5862 ) ) ;
#3769 = VECTOR ( 'NONE', #578, 1000.000000000000000 ) ;
#3770 = DIRECTION ( 'NONE',  ( 0.000000000000000000, -1.000000000000000000, -0.000000000000000000 ) ) ;
#3771 = CARTESIAN_POINT ( 'NONE',  ( 3.844432617520133988, 0.1000000000000152989, -1.080000000000013172 ) ) ;
#3772 = ORIENTED_EDGE ( 'NONE', *, *, #2156, .T. ) ;
#3773 = CARTESIAN_POINT ( 'NONE',  ( -1.600000000000001421, 0.5800000000000153921, 0.07500000000000214828 ) ) ;
#3774 = ORIENTED_EDGE ( 'NONE', *, *, #5170, .F. ) ;
#3775 = VECTOR ( 'NONE', #3350, 1000.000000000000000 ) ;
#3776 = DIRECTION ( 'NONE',  ( 0.000000000000000000, -0.000000000000000000, 1.000000000000000000 ) ) ;
#3777 = EDGE_CURVE ( 'NONE', #1660, #3070, #5277, .T. ) ;
#3778 = LINE ( 'NONE', #5130, #5794 ) ;
#3779 = CARTESIAN_POINT ( 'NONE',  ( -1.600000000000001421, 0.9600000000000152856, 1.370000000000002105 ) ) ;
#3780 = ORIENTED_EDGE ( 'NONE', *, *, #54, .F. ) ;
#3781 = ORIENTED_EDGE ( 'NONE', *, *, #6036, .T. ) ;
#3782 = VERTEX_POINT ( 'NONE', #25 ) ;
#3783 = DIRECTION ( 'NONE',  ( 0.000000000000000000, 0.000000000000000000, -1.000000000000000000 ) ) ;
#3784 = CARTESIAN_POINT ( 'NONE',  ( -1.301042606982605321E-15, 1.870000000000015206, 2.100000000000001865 ) ) ;
#3785 = LINE ( 'NONE', #5703, #4235 ) ;
#3786 = CARTESIAN_POINT ( 'NONE',  ( -1.789432617520001267, 1.820000000000015383, -2.089999999999998082 ) ) ;
#3787 = VERTEX_POINT ( 'NONE', #1940 ) ;
#3788 = LINE ( 'NONE', #5201, #789 ) ;
#3789 = ORIENTED_EDGE ( 'NONE', *, *, #2731, .T. ) ;
#3790 = LINE ( 'NONE', #2014, #1791 ) ;
#3791 = LINE ( 'NONE', #4741, #1856 ) ;
#3792 = CARTESIAN_POINT ( 'NONE',  ( -0.9050000000000012479, 0.8061074182865152205, -0.6999999999999979572 ) ) ;
#3793 = EDGE_CURVE ( 'NONE', #2473, #4498, #1467, .T. ) ;
#3794 = FACE_OUTER_BOUND ( 'NONE', #858, .T. ) ;
#3795 = ORIENTED_EDGE ( 'NONE', *, *, #5187, .F. ) ;
#3796 = LINE ( 'NONE', #552, #1848 ) ;
#3797 = ORIENTED_EDGE ( 'NONE', *, *, #3731, .T. ) ;
#3798 = ORIENTED_EDGE ( 'NONE', *, *, #6144, .F. ) ;
#3799 = FACE_OUTER_BOUND ( 'NONE', #5195, .T. ) ;
#3800 = DIRECTION ( 'NONE',  ( 0.000000000000000000, 0.000000000000000000, 1.000000000000000000 ) ) ;
#3801 = AXIS2_PLACEMENT_3D ( 'NONE', #6198, #4655, #4789 ) ;
#3802 = VERTEX_POINT ( 'NONE', #4893 ) ;
#3803 = DIRECTION ( 'NONE',  ( -1.000000000000000000, -0.000000000000000000, 0.000000000000000000 ) ) ;
#3804 = VERTEX_POINT ( 'NONE', #4868 ) ;
#3805 = EDGE_CURVE ( 'NONE', #1720, #3963, #5308, .T. ) ;
#3806 = VECTOR ( 'NONE', #6226, 1000.000000000000000 ) ;
#3807 = EDGE_CURVE ( 'NONE', #3826, #5202, #50, .T. ) ;
#3808 = FACE_OUTER_BOUND ( 'NONE', #239, .T. ) ;
#3809 = ORIENTED_EDGE ( 'NONE', *, *, #2998, .F. ) ;
#3810 = EDGE_CURVE ( 'NONE', #4794, #4979, #2512, .T. ) ;
#3811 = EDGE_CURVE ( 'NONE', #214, #2463, #2393, .T. ) ;
#3812 = DIRECTION ( 'NONE',  ( -1.000000000000000000, -0.000000000000000000, 0.000000000000000000 ) ) ;
#3813 = CARTESIAN_POINT ( 'NONE',  ( 0.09499999999999916844, 0.04999999999985191290, -2.799999999999998490 ) ) ;
#3814 = VERTEX_POINT ( 'NONE', #4395 ) ;
#3815 = EDGE_CURVE ( 'NONE', #3506, #1690, #2032, .T. ) ;
#3816 = ADVANCED_FACE ( 'NONE', ( #1557 ), #3015, .T. ) ;
#3817 = ORIENTED_EDGE ( 'NONE', *, *, #5493, .T. ) ;
#3818 = VECTOR ( 'NONE', #5041, 1000.000000000000000 ) ;
#3819 = VERTEX_POINT ( 'NONE', #5450 ) ;
#3820 = ADVANCED_FACE ( 'NONE', ( #3572 ), #2572, .T. ) ;
#3821 = CARTESIAN_POINT ( 'NONE',  ( 1.499999999999998668, 1.235000000000015419, 0.5500000000000018208 ) ) ;
#3822 = PLANE ( 'NONE',  #4618 ) ;
#3823 = VECTOR ( 'NONE', #1390, 1000.000000000000000 ) ;
#3824 = PLANE ( 'NONE',  #52 ) ;
#3825 = CARTESIAN_POINT ( 'NONE',  ( 0.09499999999999872435, 1.312198954710015242, -2.099999999999998757 ) ) ;
#3826 = VERTEX_POINT ( 'NONE', #2160 ) ;
#3827 = VERTEX_POINT ( 'NONE', #4448 ) ;
#3828 = FACE_OUTER_BOUND ( 'NONE', #126, .T. ) ;
#3829 = VECTOR ( 'NONE', #4247, 1000.000000000000000 ) ;
#3830 = DIRECTION ( 'NONE',  ( -0.000000000000000000, 1.000000000000000000, 0.000000000000000000 ) ) ;
#3831 = AXIS2_PLACEMENT_3D ( 'NONE', #3094, #5001, #5563 ) ;
#3832 = CARTESIAN_POINT ( 'NONE',  ( -1.600000000000001421, 0.8700000000000153166, 0.9250000000000020428 ) ) ;
#3833 = ORIENTED_EDGE ( 'NONE', *, *, #3429, .T. ) ;
#3834 = DIRECTION ( 'NONE',  ( -1.000000000000000000, -0.000000000000000000, 0.000000000000000000 ) ) ;
#3835 = VERTEX_POINT ( 'NONE', #713 ) ;
#3836 = ORIENTED_EDGE ( 'NONE', *, *, #1313, .T. ) ;
#3837 = DIRECTION ( 'NONE',  ( -0.000000000000000000, 0.000000000000000000, -1.000000000000000000 ) ) ;
#3838 = CARTESIAN_POINT ( 'NONE',  ( 2.232216308760998746, 0.05000000000001530998, -2.089999999999998082 ) ) ;
#3839 = DIRECTION ( 'NONE',  ( 1.000000000000000000, 0.000000000000000000, -0.000000000000000000 ) ) ;
#3840 = CARTESIAN_POINT ( 'NONE',  ( 2.444432617519998630, 3.031700324812591774E-14, -0.8999999999999980238 ) ) ;
#3841 = VERTEX_POINT ( 'NONE', #6023 ) ;
#3842 = ADVANCED_FACE ( 'NONE', ( #4582 ), #166, .T. ) ;
#3843 = DIRECTION ( 'NONE',  ( 1.000000000000000000, 0.000000000000000000, -0.000000000000000000 ) ) ;
#3844 = CARTESIAN_POINT ( 'NONE',  ( -1.389432617520001356, 1.720000000000015294, -0.1851931833049980658 ) ) ;
#3845 = CARTESIAN_POINT ( 'NONE',  ( -0.1050000000000013561, 0.1500000000000152878, -1.399999999999998135 ) ) ;
#3846 = EDGE_LOOP ( 'NONE', ( #5564, #3079, #1093, #5759 ) ) ;
#3847 = VERTEX_POINT ( 'NONE', #1148 ) ;
#3848 = DIRECTION ( 'NONE',  ( 0.000000000000000000, -0.000000000000000000, 1.000000000000000000 ) ) ;
#3849 = DIRECTION ( 'NONE',  ( -1.000000000000000000, -0.000000000000000000, 0.000000000000000000 ) ) ;
#3850 = DIRECTION ( 'NONE',  ( 1.000000000000000000, 0.000000000000000000, 0.000000000000000000 ) ) ;
#3851 = DIRECTION ( 'NONE',  ( -1.000000000000000000, -0.000000000000000000, 0.000000000000000000 ) ) ;
#3852 = EDGE_LOOP ( 'NONE', ( #2341, #3946, #5554, #2578 ) ) ;
#3853 = EDGE_CURVE ( 'NONE', #5254, #1508, #3603, .T. ) ;
#3854 = VERTEX_POINT ( 'NONE', #2066 ) ;
#3855 = CARTESIAN_POINT ( 'NONE',  ( -0.09500000000000133338, 0.2500000000000152656, -1.899999999999998135 ) ) ;
#3856 = CARTESIAN_POINT ( 'NONE',  ( -2.550000000000001599, 0.2600000000000153300, 1.400000000000001910 ) ) ;
#3857 = CARTESIAN_POINT ( 'NONE',  ( 0.09499999999999872435, 0.1920634580260152935, -1.899999999999998135 ) ) ;
#3858 = EDGE_LOOP ( 'NONE', ( #3673, #5186, #225, #2693 ) ) ;
#3859 = CARTESIAN_POINT ( 'NONE',  ( -2.300000000000001155, 1.370000000000015206, 1.400000000000001910 ) ) ;
#3860 = ORIENTED_EDGE ( 'NONE', *, *, #2901, .F. ) ;
#3861 = ORIENTED_EDGE ( 'NONE', *, *, #2603, .F. ) ;
#3862 = LINE ( 'NONE', #2865, #2414 ) ;
#3863 = VECTOR ( 'NONE', #2357, 1000.000000000000000 ) ;
#3864 = DIRECTION ( 'NONE',  ( 0.000000000000000000, -0.000000000000000000, 1.000000000000000000 ) ) ;
#3865 = LINE ( 'NONE', #2424, #1705 ) ;
#3866 = CARTESIAN_POINT ( 'NONE',  ( -1.514432617520001578, 0.2800000000000153477, -2.089999999999998082 ) ) ;
#3867 = ORIENTED_EDGE ( 'NONE', *, *, #1349, .F. ) ;
#3868 = EDGE_CURVE ( 'NONE', #4454, #2473, #2096, .T. ) ;
#3869 = VECTOR ( 'NONE', #4052, 1000.000000000000000 ) ;
#3870 = CARTESIAN_POINT ( 'NONE',  ( 1.314432617520499003, 2.030168567979107053E-14, -0.1899999999999978928 ) ) ;
#3871 = FACE_OUTER_BOUND ( 'NONE', #5626, .T. ) ;
#3872 = ORIENTED_EDGE ( 'NONE', *, *, #1879, .F. ) ;
#3873 = VECTOR ( 'NONE', #936, 1000.000000000000000 ) ;
#3874 = ORIENTED_EDGE ( 'NONE', *, *, #765, .T. ) ;
#3875 = CARTESIAN_POINT ( 'NONE',  ( 0.9999999999999991118, 0.1920634580258153146, -1.899999999999998135 ) ) ;
#3876 = AXIS2_PLACEMENT_3D ( 'NONE', #2291, #4803, #5616 ) ;
#3877 = PLANE ( 'NONE',  #4214 ) ;
#3878 = LINE ( 'NONE', #5825, #2637 ) ;
#3879 = PLANE ( 'NONE',  #514 ) ;
#3880 = ORIENTED_EDGE ( 'NONE', *, *, #182, .T. ) ;
#3881 = DIRECTION ( 'NONE',  ( 0.000000000000000000, 0.000000000000000000, -1.000000000000000000 ) ) ;
#3882 = CARTESIAN_POINT ( 'NONE',  ( -3.850000000000052047, 0.2000000000000153044, -1.399999999999990585 ) ) ;
#3883 = EDGE_CURVE ( 'NONE', #5212, #2307, #4553, .T. ) ;
#3884 = DIRECTION ( 'NONE',  ( -1.000000000000000000, 0.000000000000000000, -0.000000000000000000 ) ) ;
#3885 = VECTOR ( 'NONE', #341, 1000.000000000000000 ) ;
#3886 = VERTEX_POINT ( 'NONE', #4485 ) ;
#3887 = LINE ( 'NONE', #1435, #4457 ) ;
#3888 = EDGE_LOOP ( 'NONE', ( #2656, #2653, #2598, #2318 ) ) ;
#3889 = EDGE_CURVE ( 'NONE', #2110, #519, #2641, .T. ) ;
#3890 = ORIENTED_EDGE ( 'NONE', *, *, #1944, .T. ) ;
#3891 = CARTESIAN_POINT ( 'NONE',  ( 1.549999999999998490, 1.235000000000015419, 0.5500000000000018208 ) ) ;
#3892 = CARTESIAN_POINT ( 'NONE',  ( 1.599999999999998090, 0.8700000000000153166, 0.9250000000000020428 ) ) ;
#3893 = DIRECTION ( 'NONE',  ( 0.000000000000000000, 0.000000000000000000, -1.000000000000000000 ) ) ;
#3894 = ORIENTED_EDGE ( 'NONE', *, *, #4921, .F. ) ;
#3895 = VECTOR ( 'NONE', #945, 1000.000000000000000 ) ;
#3896 = FACE_OUTER_BOUND ( 'NONE', #4911, .T. ) ;
#3897 = CARTESIAN_POINT ( 'NONE',  ( 0.9999999999999991118, 1.117991655295583531, 1.017369128957737123 ) ) ;
#3898 = VECTOR ( 'NONE', #354, 1000.000000000000000 ) ;
#3899 = ORIENTED_EDGE ( 'NONE', *, *, #3805, .F. ) ;
#3900 = VECTOR ( 'NONE', #2543, 1000.000000000000000 ) ;
#3901 = AXIS2_PLACEMENT_3D ( 'NONE', #2597, #3193, #1204 ) ;
#3902 = ORIENTED_EDGE ( 'NONE', *, *, #4452, .T. ) ;
#3903 = EDGE_CURVE ( 'NONE', #4202, #2836, #1211, .T. ) ;
#3904 = CARTESIAN_POINT ( 'NONE',  ( 1.094999999999998863, 0.2762038896414996114, -2.300000000000002487 ) ) ;
#3905 = CARTESIAN_POINT ( 'NONE',  ( -0.5950000000000013056, 0.2499999999999153177, -2.799999999999998490 ) ) ;
#3906 = VECTOR ( 'NONE', #4379, 1000.000000000000000 ) ;
#3907 = CARTESIAN_POINT ( 'NONE',  ( -1.370000000000001439, 1.640000000000015445, -2.099999999999998757 ) ) ;
#3908 = DIRECTION ( 'NONE',  ( 0.000000000000000000, -1.000000000000000000, -0.000000000000000000 ) ) ;
#3909 = CARTESIAN_POINT ( 'NONE',  ( -2.444432617520301054, 1.530757942277971573E-14, -1.139999999999998126 ) ) ;
#3910 = ORIENTED_EDGE ( 'NONE', *, *, #5670, .F. ) ;
#3911 = EDGE_CURVE ( 'NONE', #1055, #5181, #678, .T. ) ;
#3912 = ORIENTED_EDGE ( 'NONE', *, *, #5883, .F. ) ;
#3913 = ADVANCED_FACE ( 'NONE', ( #744 ), #2604, .T. ) ;
#3914 = CARTESIAN_POINT ( 'NONE',  ( 0.09499999999999872435, 0.09220050455070533113, -1.994766404375998281 ) ) ;
#3915 = VECTOR ( 'NONE', #555, 1000.000000000000000 ) ;
#3916 = CARTESIAN_POINT ( 'NONE',  ( -1.301042606982605321E-15, 1.251378662819562670, 1.303418489699011973 ) ) ;
#3917 = CARTESIAN_POINT ( 'NONE',  ( -1.095000000000001306, 1.312198954710015242, -2.299999999999998046 ) ) ;
#3918 = EDGE_CURVE ( 'NONE', #3590, #1528, #3634, .T. ) ;
#3919 = ORIENTED_EDGE ( 'NONE', *, *, #4929, .T. ) ;
#3920 = CARTESIAN_POINT ( 'NONE',  ( -1.095000000000001306, 1.203886659155923855, -0.6000000000000028644 ) ) ;
#3921 = ADVANCED_FACE ( 'NONE', ( #5426 ), #4081, .F. ) ;
#3922 = ORIENTED_EDGE ( 'NONE', *, *, #2580, .F. ) ;
#3923 = ORIENTED_EDGE ( 'NONE', *, *, #3538, .F. ) ;
#3924 = LINE ( 'NONE', #5719, #2004 ) ;
#3925 = AXIS2_PLACEMENT_3D ( 'NONE', #664, #1662, #2586 ) ;
#3926 = LINE ( 'NONE', #5394, #5560 ) ;
#3927 = CARTESIAN_POINT ( 'NONE',  ( 0.4049999999999986944, 0.2500000000000152656, -1.749999999999998002 ) ) ;
#3928 = ORIENTED_EDGE ( 'NONE', *, *, #1854, .F. ) ;
#3929 = VECTOR ( 'NONE', #3452, 1000.000000000000000 ) ;
#3930 = EDGE_CURVE ( 'NONE', #4820, #2179, #3984, .T. ) ;
#3931 = VECTOR ( 'NONE', #314, 999.9999999999998863 ) ;
#3932 = LINE ( 'NONE', #144, #1180 ) ;
#3933 = EDGE_CURVE ( 'NONE', #5155, #3827, #5481, .T. ) ;
#3934 = DIRECTION ( 'NONE',  ( 0.000000000000000000, -0.000000000000000000, 1.000000000000000000 ) ) ;
#3935 = ORIENTED_EDGE ( 'NONE', *, *, #4545, .T. ) ;
#3936 = VECTOR ( 'NONE', #3647, 1000.000000000000000 ) ;
#3937 = ORIENTED_EDGE ( 'NONE', *, *, #1796, .T. ) ;
#3938 = CARTESIAN_POINT ( 'NONE',  ( 2.299999999999998046, 1.370000000000015206, 1.400000000000001910 ) ) ;
#3939 = PLANE ( 'NONE',  #4725 ) ;
#3940 = EDGE_CURVE ( 'NONE', #5808, #2927, #1177, .T. ) ;
#3941 = CARTESIAN_POINT ( 'NONE',  ( 2.284999999999998810, 0.1650000000000153011, 0.05000000000000229955 ) ) ;
#3942 = CARTESIAN_POINT ( 'NONE',  ( 0.9049999999999986944, 1.312198954710015242, -2.119999999999997886 ) ) ;
#3943 = LINE ( 'NONE', #2050, #4420 ) ;
#3944 = ORIENTED_EDGE ( 'NONE', *, *, #2460, .T. ) ;
#3945 = ORIENTED_EDGE ( 'NONE', *, *, #6133, .T. ) ;
#3946 = ORIENTED_EDGE ( 'NONE', *, *, #89, .F. ) ;
#3947 = CARTESIAN_POINT ( 'NONE',  ( 3.849999999999931699, 0.2000000000000153322, -1.400000000000001021 ) ) ;
#3948 = LINE ( 'NONE', #738, #1960 ) ;
#3949 = ORIENTED_EDGE ( 'NONE', *, *, #4374, .F. ) ;
#3950 = ORIENTED_EDGE ( 'NONE', *, *, #6031, .F. ) ;
#3951 = CARTESIAN_POINT ( 'NONE',  ( 0.4999999999999987232, 0.2500000000000152656, -1.899999999999998135 ) ) ;
#3952 = EDGE_CURVE ( 'NONE', #5362, #1300, #1679, .T. ) ;
#3953 = ORIENTED_EDGE ( 'NONE', *, *, #842, .T. ) ;
#3954 = EDGE_LOOP ( 'NONE', ( #1842, #3872, #5178, #5219 ) ) ;
#3955 = ORIENTED_EDGE ( 'NONE', *, *, #2079, .T. ) ;
#3956 = CARTESIAN_POINT ( 'NONE',  ( 3.199999999999998845, 0.2800000000000152367, -2.099999999999998757 ) ) ;
#3957 = CARTESIAN_POINT ( 'NONE',  ( -1.095000000000001306, 0.2500000000000152656, -1.749999999999998002 ) ) ;
#3958 = CARTESIAN_POINT ( 'NONE',  ( -1.600000000000001421, 1.760000000000015330, 2.100000000000001865 ) ) ;
#3959 = DIRECTION ( 'NONE',  ( 0.000000000000000000, -1.000000000000000000, -0.000000000000000000 ) ) ;
#3960 = VERTEX_POINT ( 'NONE', #3139 ) ;
#3961 = CARTESIAN_POINT ( 'NONE',  ( 3.149999999999998135, 0.2000000000000153044, -1.139999999999998126 ) ) ;
#3962 = CARTESIAN_POINT ( 'NONE',  ( 0.8949999999999982414, 0.2500000000000152656, -1.749999999999998002 ) ) ;
#3963 = VERTEX_POINT ( 'NONE', #2668 ) ;
#3964 = VECTOR ( 'NONE', #5751, 1000.000000000000000 ) ;
#3965 = EDGE_CURVE ( 'NONE', #3630, #2721, #4111, .T. ) ;
#3966 = ORIENTED_EDGE ( 'NONE', *, *, #5963, .F. ) ;
#3967 = DIRECTION ( 'NONE',  ( 0.000000000000000000, 0.02173399540922035106, 0.9997637888239161441 ) ) ;
#3968 = AXIS2_PLACEMENT_3D ( 'NONE', #4543, #4071, #5441 ) ;
#3969 = CARTESIAN_POINT ( 'NONE',  ( 0.3949999999999986300, 0.9600000000000152856, -2.099999999999998757 ) ) ;
#3970 = CARTESIAN_POINT ( 'NONE',  ( 1.369999999999998774, 1.755000000000015437, 0.05000000000000229955 ) ) ;
#3971 = VECTOR ( 'NONE', #1641, 1000.000000000000000 ) ;
#3972 = DIRECTION ( 'NONE',  ( -0.000000000000000000, 0.000000000000000000, -1.000000000000000000 ) ) ;
#3973 = ORIENTED_EDGE ( 'NONE', *, *, #4492, .F. ) ;
#3974 = VECTOR ( 'NONE', #5617, 1000.000000000000114 ) ;
#3975 = LINE ( 'NONE', #2181, #3324 ) ;
#3976 = FACE_OUTER_BOUND ( 'NONE', #968, .T. ) ;
#3977 = LINE ( 'NONE', #1616, #3601 ) ;
#3978 = ORIENTED_EDGE ( 'NONE', *, *, #5105, .F. ) ;
#3979 = CARTESIAN_POINT ( 'NONE',  ( -0.5950000000000013056, 1.251378662819930154, 1.303418489698991767 ) ) ;
#3980 = VERTEX_POINT ( 'NONE', #2697 ) ;
#3981 = VERTEX_POINT ( 'NONE', #836 ) ;
#3982 = CARTESIAN_POINT ( 'NONE',  ( 0.1049999999999987610, 0.2500000000000152656, -1.749999999999998002 ) ) ;
#3983 = EDGE_CURVE ( 'NONE', #534, #5360, #3663, .T. ) ;
#3984 = LINE ( 'NONE', #643, #1649 ) ;
#3985 = AXIS2_PLACEMENT_3D ( 'NONE', #5848, #3458, #979 ) ;
#3986 = LINE ( 'NONE', #5813, #3126 ) ;
#3987 = DIRECTION ( 'NONE',  ( -0.000000000000000000, 0.000000000000000000, 1.000000000000000000 ) ) ;
#3988 = EDGE_LOOP ( 'NONE', ( #4068, #6053, #1861, #1290 ) ) ;
#3989 = VECTOR ( 'NONE', #3221, 1000.000000000000000 ) ;
#3990 = ORIENTED_EDGE ( 'NONE', *, *, #3451, .F. ) ;
#3991 = FACE_OUTER_BOUND ( 'NONE', #5294, .T. ) ;
#3992 = CARTESIAN_POINT ( 'NONE',  ( -1.301042606982605321E-15, 1.210000000000015286, -0.5999999999999980904 ) ) ;
#3993 = EDGE_CURVE ( 'NONE', #5258, #4699, #1304, .T. ) ;
#3994 = VERTEX_POINT ( 'NONE', #1873 ) ;
#3995 = EDGE_CURVE ( 'NONE', #5998, #5828, #3295, .T. ) ;
#3996 = VECTOR ( 'NONE', #5255, 1000.000000000000000 ) ;
#3997 = EDGE_CURVE ( 'NONE', #818, #47, #3695, .T. ) ;
#3998 = VERTEX_POINT ( 'NONE', #775 ) ;
#3999 = EDGE_CURVE ( 'NONE', #5209, #4338, #3791, .T. ) ;
#4000 = DIRECTION ( 'NONE',  ( 0.000000000000000000, 0.000000000000000000, 1.000000000000000000 ) ) ;
#4001 = LINE ( 'NONE', #2264, #6130 ) ;
#4002 = PLANE ( 'NONE',  #926 ) ;
#4003 = VECTOR ( 'NONE', #4852, 1000.000000000000000 ) ;
#4004 = SURFACE_STYLE_USAGE ( .BOTH. , #4436 ) ;
#4005 = EDGE_CURVE ( 'NONE', #1966, #5594, #1366, .T. ) ;
#4006 = DIRECTION ( 'NONE',  ( -0.000000000000000000, 0.000000000000000000, -1.000000000000000000 ) ) ;
#4007 = ADVANCED_FACE ( 'NONE', ( #4640 ), #327, .F. ) ;
#4008 = ORIENTED_EDGE ( 'NONE', *, *, #2040, .F. ) ;
#4009 = ADVANCED_FACE ( 'NONE', ( #2353 ), #4266, .F. ) ;
#4010 = AXIS2_PLACEMENT_3D ( 'NONE', #1206, #4443, #5863 ) ;
#4011 = ORIENTED_EDGE ( 'NONE', *, *, #5109, .F. ) ;
#4012 = VECTOR ( 'NONE', #3211, 1000.000000000000000 ) ;
#4013 = PLANE ( 'NONE',  #3968 ) ;
#4014 = LINE ( 'NONE', #4045, #3818 ) ;
#4015 = EDGE_CURVE ( 'NONE', #343, #5118, #3259, .T. ) ;
#4016 = DIRECTION ( 'NONE',  ( 1.000000000000000000, 0.000000000000000000, -0.000000000000000000 ) ) ;
#4017 = CARTESIAN_POINT ( 'NONE',  ( 3.749999999999999112, 1.760000000000015330, 0.7000000000000020650 ) ) ;
#4018 = ORIENTED_EDGE ( 'NONE', *, *, #3853, .T. ) ;
#4019 = CARTESIAN_POINT ( 'NONE',  ( 0.9049999999999986944, 1.251378662820015419, 1.303418489699001981 ) ) ;
#4020 = VERTEX_POINT ( 'NONE', #5077 ) ;
#4021 = ORIENTED_EDGE ( 'NONE', *, *, #655, .T. ) ;
#4022 = VECTOR ( 'NONE', #2088, 1000.000000000000000 ) ;
#4023 = DIRECTION ( 'NONE',  ( -0.000000000000000000, 1.000000000000000000, 0.000000000000000000 ) ) ;
#4024 = DIRECTION ( 'NONE',  ( -0.000000000000000000, -0.000000000000000000, -1.000000000000000000 ) ) ;
#4025 = CARTESIAN_POINT ( 'NONE',  ( 0.5949999999999987521, 0.2500000000000152656, -1.749999999999998002 ) ) ;
#4026 = DIRECTION ( 'NONE',  ( 1.000000000000000000, 0.000000000000000000, 0.000000000000000000 ) ) ;
#4027 = EDGE_LOOP ( 'NONE', ( #2277, #4158, #6199, #2062, #5837, #5117, #2726, #3715 ) ) ;
#4028 = CARTESIAN_POINT ( 'NONE',  ( -1.301042606982605321E-15, 1.312198954710015242, -2.099999999999998757 ) ) ;
#4029 = ORIENTED_EDGE ( 'NONE', *, *, #560, .T. ) ;
#4030 = VECTOR ( 'NONE', #6095, 1000.000000000000000 ) ;
#4031 = PLANE ( 'NONE',  #5190 ) ;
#4032 = AXIS2_PLACEMENT_3D ( 'NONE', #3469, #603, #1070 ) ;
#4033 = ORIENTED_EDGE ( 'NONE', *, *, #33, .T. ) ;
#4034 = EDGE_CURVE ( 'NONE', #2293, #3628, #4238, .T. ) ;
#4035 = VERTEX_POINT ( 'NONE', #1272 ) ;
#4036 = LINE ( 'NONE', #4592, #2495 ) ;
#4037 = LINE ( 'NONE', #4501, #4030 ) ;
#4038 = ORIENTED_EDGE ( 'NONE', *, *, #3163, .F. ) ;
#4039 = DIRECTION ( 'NONE',  ( 0.000000000000000000, -1.000000000000000000, -0.000000000000000000 ) ) ;
#4040 = EDGE_CURVE ( 'NONE', #361, #3419, #5645, .T. ) ;
#4041 = PLANE ( 'NONE',  #919 ) ;
#4042 = FACE_OUTER_BOUND ( 'NONE', #4779, .T. ) ;
#4043 = ORIENTED_EDGE ( 'NONE', *, *, #954, .F. ) ;
#4044 = CARTESIAN_POINT ( 'NONE',  ( -0.5000000000000013323, 0.2500000000000152656, -1.749999999999998002 ) ) ;
#4045 = CARTESIAN_POINT ( 'NONE',  ( -0.09500000000000133338, 0.8061074182865152205, -2.799999999999998490 ) ) ;
#4046 = EDGE_CURVE ( 'NONE', #5429, #1038, #2222, .T. ) ;
#4047 = LINE ( 'NONE', #2563, #2568 ) ;
#4048 = CARTESIAN_POINT ( 'NONE',  ( 2.299999999999998046, 0.5800000000000153921, 0.07500000000000214828 ) ) ;
#4049 = PLANE ( 'NONE',  #1896 ) ;
#4050 = ORIENTED_EDGE ( 'NONE', *, *, #1677, .T. ) ;
#4051 = DIRECTION ( 'NONE',  ( -0.000000000000000000, -0.02173399540922035106, -0.9997637888239161441 ) ) ;
#4052 = DIRECTION ( 'NONE',  ( -0.000000000000000000, -1.000000000000000000, -0.000000000000000000 ) ) ;
#4053 = DIRECTION ( 'NONE',  ( 0.000000000000000000, 1.000000000000000000, 0.000000000000000000 ) ) ;
#4054 = DIRECTION ( 'NONE',  ( 0.000000000000000000, 0.000000000000000000, -1.000000000000000000 ) ) ;
#4055 = VERTEX_POINT ( 'NONE', #4140 ) ;
#4056 = DIRECTION ( 'NONE',  ( 1.000000000000000000, 0.000000000000000000, 0.000000000000000000 ) ) ;
#4057 = ORIENTED_EDGE ( 'NONE', *, *, #2650, .F. ) ;
#4058 = CARTESIAN_POINT ( 'NONE',  ( -2.264432617520201418, 1.640000000000015445, -1.024999999999998135 ) ) ;
#4059 = EDGE_LOOP ( 'NONE', ( #5749, #3528, #1535, #2177 ) ) ;
#4060 = EDGE_CURVE ( 'NONE', #922, #2561, #868, .T. ) ;
#4061 = ORIENTED_EDGE ( 'NONE', *, *, #3453, .F. ) ;
#4062 = VERTEX_POINT ( 'NONE', #2792 ) ;
#4063 = DIRECTION ( 'NONE',  ( -0.000000000000000000, 0.000000000000000000, -1.000000000000000000 ) ) ;
#4064 = LINE ( 'NONE', #1130, #2008 ) ;
#4065 = CARTESIAN_POINT ( 'NONE',  ( -1.370000000000001439, 0.2800000000000152922, -2.099999999999998757 ) ) ;
#4066 = DIRECTION ( 'NONE',  ( 0.000000000000000000, -0.000000000000000000, 1.000000000000000000 ) ) ;
#4067 = LINE ( 'NONE', #3184, #3326 ) ;
#4068 = ORIENTED_EDGE ( 'NONE', *, *, #737, .T. ) ;
#4069 = VECTOR ( 'NONE', #2866, 1000.000000000000000 ) ;
#4070 = ORIENTED_EDGE ( 'NONE', *, *, #1876, .F. ) ;
#4071 = DIRECTION ( 'NONE',  ( 1.000000000000000000, -0.000000000000000000, 0.000000000000000000 ) ) ;
#4072 = DIRECTION ( 'NONE',  ( 0.000000000000000000, 0.000000000000000000, -1.000000000000000000 ) ) ;
#4073 = CARTESIAN_POINT ( 'NONE',  ( -1.301042606982605321E-15, 0.04999999999985190596, -2.799999999999998490 ) ) ;
#4074 = LINE ( 'NONE', #1703, #892 ) ;
#4075 = LINE ( 'NONE', #1174, #1388 ) ;
#4076 = VECTOR ( 'NONE', #2478, 1000.000000000000000 ) ;
#4077 = ORIENTED_EDGE ( 'NONE', *, *, #4046, .T. ) ;
#4078 = EDGE_CURVE ( 'NONE', #4296, #4508, #6057, .T. ) ;
#4079 = CARTESIAN_POINT ( 'NONE',  ( -0.5950000000000013056, 0.2500000000000152656, -1.899999999999998135 ) ) ;
#4080 = EDGE_CURVE ( 'NONE', #5998, #616, #5112, .T. ) ;
#4081 = PLANE ( 'NONE',  #4269 ) ;
#4082 = CARTESIAN_POINT ( 'NONE',  ( 1.549999999999998490, 0.9650000000000152900, -0.5999999999999980904 ) ) ;
#4083 = LINE ( 'NONE', #4896, #889 ) ;
#4084 = ORIENTED_EDGE ( 'NONE', *, *, #6039, .F. ) ;
#4085 = ADVANCED_FACE ( 'NONE', ( #900 ), #4169, .F. ) ;
#4086 = CARTESIAN_POINT ( 'NONE',  ( 0.6049999999999987610, 0.2500000000000152656, -2.099999999999998757 ) ) ;
#4087 = ORIENTED_EDGE ( 'NONE', *, *, #4303, .F. ) ;
#4088 = FACE_OUTER_BOUND ( 'NONE', #3212, .T. ) ;
#4089 = ORIENTED_EDGE ( 'NONE', *, *, #5800, .F. ) ;
#4090 = ORIENTED_EDGE ( 'NONE', *, *, #3759, .T. ) ;
#4091 = VECTOR ( 'NONE', #5660, 1000.000000000000000 ) ;
#4092 = CARTESIAN_POINT ( 'NONE',  ( -1.370000000000001439, 0.9100000000000152411, -2.089999999999998082 ) ) ;
#4093 = LINE ( 'NONE', #2204, #1219 ) ;
#4094 = DIRECTION ( 'NONE',  ( -0.000000000000000000, -1.000000000000000000, -0.000000000000000000 ) ) ;
#4095 = VERTEX_POINT ( 'NONE', #521 ) ;
#4096 = ADVANCED_FACE ( 'NONE', ( #2857 ), #2475, .T. ) ;
#4097 = VERTEX_POINT ( 'NONE', #3855 ) ;
#4098 = VECTOR ( 'NONE', #217, 1000.000000000000000 ) ;
#4099 = LINE ( 'NONE', #1546, #1006 ) ;
#4100 = PLANE ( 'NONE',  #1001 ) ;
#4101 = CARTESIAN_POINT ( 'NONE',  ( 2.284999999999998810, 1.640000000000015445, -0.1899999999999978928 ) ) ;
#4102 = CARTESIAN_POINT ( 'NONE',  ( 0.9049999999999986944, 0.2499999999999153177, -2.799999999999998490 ) ) ;
#4103 = ORIENTED_EDGE ( 'NONE', *, *, #3940, .T. ) ;
#4104 = VECTOR ( 'NONE', #772, 1000.000000000000000 ) ;
#4105 = CARTESIAN_POINT ( 'NONE',  ( 0.09499999999999872435, 0.8061074182865152205, -2.299999999999998046 ) ) ;
#4106 = EDGE_CURVE ( 'NONE', #1375, #1087, #1903, .T. ) ;
#4107 = ORIENTED_EDGE ( 'NONE', *, *, #2509, .F. ) ;
#4108 = EDGE_CURVE ( 'NONE', #211, #5281, #4355, .T. ) ;
#4109 = AXIS2_PLACEMENT_3D ( 'NONE', #2564, #1942, #5893 ) ;
#4110 = CARTESIAN_POINT ( 'NONE',  ( 1.104999999999998428, 0.2500000000000152656, -1.749999999999998002 ) ) ;
#4111 = LINE ( 'NONE', #6118, #2368 ) ;
#4112 = PLANE ( 'NONE',  #1967 ) ;
#4113 = ORIENTED_EDGE ( 'NONE', *, *, #634, .T. ) ;
#4114 = EDGE_CURVE ( 'NONE', #2165, #1881, #3356, .T. ) ;
#4115 = ORIENTED_EDGE ( 'NONE', *, *, #4034, .T. ) ;
#4116 = PRODUCT_RELATED_PRODUCT_CATEGORY ( 'part', '', ( #292 ) ) ;
#4117 = DIRECTION ( 'NONE',  ( -0.000000000000000000, 0.000000000000000000, -1.000000000000000000 ) ) ;
#4118 = ORIENTED_EDGE ( 'NONE', *, *, #5477, .T. ) ;
#4119 = LINE ( 'NONE', #6128, #5716 ) ;
#4120 = EDGE_CURVE ( 'NONE', #1144, #4761, #66, .T. ) ;
#4121 = VERTEX_POINT ( 'NONE', #1456 ) ;
#4122 = DIRECTION ( 'NONE',  ( 0.000000000000000000, -0.000000000000000000, 1.000000000000000000 ) ) ;
#4123 = VECTOR ( 'NONE', #5136, 1000.000000000000000 ) ;
#4124 = VECTOR ( 'NONE', #5293, 1000.000000000000000 ) ;
#4125 = CARTESIAN_POINT ( 'NONE',  ( 0.09499999999999872435, 1.312198954710015242, -0.6999999999999979572 ) ) ;
#4126 = DIRECTION ( 'NONE',  ( 1.000000000000000000, 0.000000000000000000, 0.000000000000000000 ) ) ;
#4127 = ORIENTED_EDGE ( 'NONE', *, *, #850, .F. ) ;
#4128 = VECTOR ( 'NONE', #6194, 1000.000000000000000 ) ;
#4129 = ORIENTED_EDGE ( 'NONE', *, *, #5342, .T. ) ;
#4130 = ORIENTED_EDGE ( 'NONE', *, *, #29, .T. ) ;
#4131 = COLOUR_RGB ( '',0.7921568627450980005, 0.8196078431372548767, 0.9333333333333333481 ) ;
#4132 = DIRECTION ( 'NONE',  ( 0.000000000000000000, -0.000000000000000000, 1.000000000000000000 ) ) ;
#4133 = LINE ( 'NONE', #2724, #2375 ) ;
#4134 = FACE_OUTER_BOUND ( 'NONE', #3988, .T. ) ;
#4135 = ORIENTED_EDGE ( 'NONE', *, *, #3006, .T. ) ;
#4136 = CARTESIAN_POINT ( 'NONE',  ( 1.094999999999998863, 0.2500000000000152656, -1.749999999999998002 ) ) ;
#4137 = ORIENTED_EDGE ( 'NONE', *, *, #1762, .T. ) ;
#4138 = AXIS2_PLACEMENT_3D ( 'NONE', #3941, #1450, #5764 ) ;
#4139 = DIRECTION ( 'NONE',  ( 1.000000000000000000, 0.000000000000000000, -0.000000000000000000 ) ) ;
#4140 = CARTESIAN_POINT ( 'NONE',  ( -1.105000000000001315, 0.2500000000000152656, -1.399999999999998135 ) ) ;
#4141 = LINE ( 'NONE', #2642, #2837 ) ;
#4142 = LINE ( 'NONE', #329, #3176 ) ;
#4143 = EDGE_LOOP ( 'NONE', ( #2576, #4273, #4291, #1669, #5951 ) ) ;
#4144 = CARTESIAN_POINT ( 'NONE',  ( 2.549999999999998490, 0.1600000000000152689, 1.400000000000001910 ) ) ;
#4145 = ORIENTED_EDGE ( 'NONE', *, *, #1313, .F. ) ;
#4146 = PLANE ( 'NONE',  #4962 ) ;
#4147 = ORIENTED_EDGE ( 'NONE', *, *, #2965, .T. ) ;
#4148 = LINE ( 'NONE', #2199, #3390 ) ;
#4149 = ORIENTED_EDGE ( 'NONE', *, *, #929, .F. ) ;
#4150 = CARTESIAN_POINT ( 'NONE',  ( -1.550000000000001377, 1.249130434782918408, 1.200000000000003952 ) ) ;
#4151 = CARTESIAN_POINT ( 'NONE',  ( 2.299999999999998046, 1.370000000000015206, 0.07500000000000214828 ) ) ;
#4152 = SURFACE_SIDE_STYLE ('',( #2205 ) ) ;
#4153 = FACE_OUTER_BOUND ( 'NONE', #3675, .T. ) ;
#4154 = EDGE_LOOP ( 'NONE', ( #4483, #4751, #4753, #2026 ) ) ;
#4155 = EDGE_CURVE ( 'NONE', #5384, #1717, #5242, .T. ) ;
#4156 = AXIS2_PLACEMENT_3D ( 'NONE', #2419, #1076, #3504 ) ;
#4157 = ORIENTED_EDGE ( 'NONE', *, *, #3562, .F. ) ;
#4158 = ORIENTED_EDGE ( 'NONE', *, *, #1033, .F. ) ;
#4159 = DIRECTION ( 'NONE',  ( -0.000000000000000000, 1.000000000000000000, 0.000000000000000000 ) ) ;
#4160 = CARTESIAN_POINT ( 'NONE',  ( -1.464432617519998425, 1.720000000000015294, -0.1900000000000451605 ) ) ;
#4161 = CARTESIAN_POINT ( 'NONE',  ( -1.301042606982605321E-15, 1.260000000000015330, 1.699999999999801892 ) ) ;
#4162 = CARTESIAN_POINT ( 'NONE',  ( 1.104999999999998428, 0.1500000000000152878, -1.749999999999998002 ) ) ;
#4163 = ORIENTED_EDGE ( 'NONE', *, *, #5797, .T. ) ;
#4164 = CARTESIAN_POINT ( 'NONE',  ( -1.301042606982605321E-15, 0.05000000000001530998, -2.099999999999998757 ) ) ;
#4165 = AXIS2_PLACEMENT_3D ( 'NONE', #998, #78, #1530 ) ;
#4166 = VERTEX_POINT ( 'NONE', #41 ) ;
#4167 = VERTEX_POINT ( 'NONE', #3387 ) ;
#4168 = DIRECTION ( 'NONE',  ( 1.000000000000000000, 0.000000000000000000, -0.000000000000000000 ) ) ;
#4169 = PLANE ( 'NONE',  #4170 ) ;
#4170 = AXIS2_PLACEMENT_3D ( 'NONE', #5614, #2828, #426 ) ;
#4171 = CARTESIAN_POINT ( 'NONE',  ( -1.550000000000001377, 1.210000000000013953, -0.5999999999999980904 ) ) ;
#4172 = CARTESIAN_POINT ( 'NONE',  ( -1.370000000000001439, 1.755000000000015437, 0.05000000000000229955 ) ) ;
#4173 = ORIENTED_EDGE ( 'NONE', *, *, #2072, .F. ) ;
#4174 = VECTOR ( 'NONE', #1986, 1000.000000000000000 ) ;
#4175 = DIRECTION ( 'NONE',  ( -0.000000000000000000, -1.000000000000000000, -0.000000000000000000 ) ) ;
#4176 = EDGE_CURVE ( 'NONE', #3497, #3981, #4385, .T. ) ;
#4178 = CARTESIAN_POINT ( 'NONE',  ( -1.000000000000001332, 0.04999999999985190596, -2.799999999999998490 ) ) ;
#4177 = VECTOR ( 'NONE', #3830, 1000.000000000000000 ) ;
#4179 = LINE ( 'NONE', #630, #5734 ) ;
#4180 = VERTEX_POINT ( 'NONE', #455 ) ;
#4181 = CARTESIAN_POINT ( 'NONE',  ( -1.550000000000001377, 0.8700000000000153166, 0.9250000000000020428 ) ) ;
#4182 = ORIENTED_EDGE ( 'NONE', *, *, #1577, .T. ) ;
#4183 = EDGE_CURVE ( 'NONE', #977, #1369, #5296, .T. ) ;
#4184 = CARTESIAN_POINT ( 'NONE',  ( -2.582216308760601375, 1.530757942277971573E-14, -0.1899999999999978928 ) ) ;
#4185 = EDGE_CURVE ( 'NONE', #2299, #4354, #3442, .T. ) ;
#4186 = VECTOR ( 'NONE', #2747, 1000.000000000000000 ) ;
#4187 = DIRECTION ( 'NONE',  ( 0.000000000000000000, -1.000000000000000000, -0.000000000000000000 ) ) ;
#4188 = LINE ( 'NONE', #3779, #5012 ) ;
#4189 = ORIENTED_EDGE ( 'NONE', *, *, #3355, .F. ) ;
#4190 = ADVANCED_FACE ( 'NONE', ( #3828 ), #5356, .T. ) ;
#4191 = EDGE_CURVE ( 'NONE', #4759, #864, #990, .T. ) ;
#4192 = AXIS2_PLACEMENT_3D ( 'NONE', #3044, #3545, #238 ) ;
#4193 = EDGE_LOOP ( 'NONE', ( #527, #3321, #2074, #2421 ) ) ;
#4194 = CARTESIAN_POINT ( 'NONE',  ( 0.4049999999999986944, 0.2499999999999153177, -2.799999999999998490 ) ) ;
#4195 = ADVANCED_FACE ( 'NONE', ( #1431 ), #4859, .F. ) ;
#4196 = LINE ( 'NONE', #1359, #3823 ) ;
#4197 = DIRECTION ( 'NONE',  ( 0.000000000000000000, 0.000000000000000000, 1.000000000000000000 ) ) ;
#4198 = CARTESIAN_POINT ( 'NONE',  ( 1.369999999999998774, 1.755000000000015437, -0.1899999999999978928 ) ) ;
#4199 = ORIENTED_EDGE ( 'NONE', *, *, #2903, .T. ) ;
#4200 = EDGE_CURVE ( 'NONE', #826, #818, #5267, .T. ) ;
#4201 = DIRECTION ( 'NONE',  ( 1.000000000000000000, 0.000000000000000000, 0.000000000000000000 ) ) ;
#4202 = VERTEX_POINT ( 'NONE', #3947 ) ;
#4203 = VECTOR ( 'NONE', #663, 1000.000000000000000 ) ;
#4204 = CARTESIAN_POINT ( 'NONE',  ( 1.094999999999998863, 1.210000000000013953, -0.5999999999999980904 ) ) ;
#4205 = CARTESIAN_POINT ( 'NONE',  ( -0.9050000000000012479, 1.117991655295015319, 1.017369128958002023 ) ) ;
#4206 = EDGE_CURVE ( 'NONE', #3228, #2301, #4802, .T. ) ;
#4207 = CARTESIAN_POINT ( 'NONE',  ( 2.444432617519998630, 0.1000000000000453165, -0.1899999999999978928 ) ) ;
#4208 = LINE ( 'NONE', #4268, #5789 ) ;
#4209 = ORIENTED_EDGE ( 'NONE', *, *, #2011, .F. ) ;
#4210 = AXIS2_PLACEMENT_3D ( 'NONE', #4639, #3632, #1302 ) ;
#4211 = CARTESIAN_POINT ( 'NONE',  ( 1.549999999999998490, 0.7200000000000152944, 0.3000000000000018763 ) ) ;
#4212 = AXIS2_PLACEMENT_3D ( 'NONE', #3161, #4603, #2214 ) ;
#4213 = DIRECTION ( 'NONE',  ( 1.000000000000000000, 0.000000000000000000, -0.000000000000000000 ) ) ;
#4214 = AXIS2_PLACEMENT_3D ( 'NONE', #1042, #2914, #1069 ) ;
#4215 = DIRECTION ( 'NONE',  ( 0.000000000000000000, 0.000000000000000000, -1.000000000000000000 ) ) ;
#4216 = VERTEX_POINT ( 'NONE', #2413 ) ;
#4217 = CARTESIAN_POINT ( 'NONE',  ( -1.301042606982605321E-15, 0.2800000000000152367, -2.099999999999998757 ) ) ;
#4218 = ORIENTED_EDGE ( 'NONE', *, *, #1191, .F. ) ;
#4219 = AXIS2_PLACEMENT_3D ( 'NONE', #1640, #2182, #2686 ) ;
#4220 = DIRECTION ( 'NONE',  ( 1.000000000000000000, -0.000000000000000000, 0.000000000000000000 ) ) ;
#4221 = LINE ( 'NONE', #4151, #1774 ) ;
#4222 = CARTESIAN_POINT ( 'NONE',  ( 2.582216308760998391, 1.530757942277971573E-14, -1.139999999999998126 ) ) ;
#4223 = ORIENTED_EDGE ( 'NONE', *, *, #10, .F. ) ;
#4224 = EDGE_CURVE ( 'NONE', #3243, #5354, #1487, .T. ) ;
#4225 = AXIS2_PLACEMENT_3D ( 'NONE', #844, #5975, #3239 ) ;
#4226 = ORIENTED_EDGE ( 'NONE', *, *, #857, .T. ) ;
#4227 = EDGE_CURVE ( 'NONE', #1948, #4062, #2948, .T. ) ;
#4228 = DIRECTION ( 'NONE',  ( -1.000000000000000000, -0.000000000000000000, 0.000000000000000000 ) ) ;
#4229 = CARTESIAN_POINT ( 'NONE',  ( -1.000000000000001332, 0.2460317290131153467, -1.899999999999998135 ) ) ;
#4230 = CARTESIAN_POINT ( 'NONE',  ( -1.514432617520001578, 0.4425000000000153255, -1.489999999999997771 ) ) ;
#4231 = LINE ( 'NONE', #2348, #1486 ) ;
#4232 = ORIENTED_EDGE ( 'NONE', *, *, #3694, .T. ) ;
#4233 = VECTOR ( 'NONE', #777, 1000.000000000000000 ) ;
#4234 = CARTESIAN_POINT ( 'NONE',  ( 2.399999999999998579, 1.370000000000015206, 1.370000000000002105 ) ) ;
#4235 = VECTOR ( 'NONE', #2821, 1000.000000000000000 ) ;
#4236 = ORIENTED_EDGE ( 'NONE', *, *, #2445, .F. ) ;
#4237 = CARTESIAN_POINT ( 'NONE',  ( -3.500000000000001332, 0.09999999999996531108, -1.579999999999998073 ) ) ;
#4238 = LINE ( 'NONE', #4205, #2872 ) ;
#4239 = CARTESIAN_POINT ( 'NONE',  ( -1.095000000000001306, 0.1920634580260152935, -1.899999999999998135 ) ) ;
#4240 = CARTESIAN_POINT ( 'NONE',  ( -3.850000000000001421, 0.09999999999996531108, -1.579999999999998073 ) ) ;
#4241 = ORIENTED_EDGE ( 'NONE', *, *, #4380, .T. ) ;
#4242 = DIRECTION ( 'NONE',  ( 0.000000000000000000, -0.000000000000000000, 1.000000000000000000 ) ) ;
#4243 = VECTOR ( 'NONE', #5945, 1000.000000000000000 ) ;
#4244 = EDGE_CURVE ( 'NONE', #3248, #402, #5829, .T. ) ;
#4245 = ORIENTED_EDGE ( 'NONE', *, *, #5187, .T. ) ;
#4246 = DIRECTION ( 'NONE',  ( 0.000000000000000000, 0.000000000000000000, 1.000000000000000000 ) ) ;
#4247 = DIRECTION ( 'NONE',  ( 0.000000000000000000, 1.000000000000000000, 0.000000000000000000 ) ) ;
#4248 = ORIENTED_EDGE ( 'NONE', *, *, #4844, .F. ) ;
#4249 = DIRECTION ( 'NONE',  ( 0.000000000000000000, -1.000000000000000000, -0.000000000000000000 ) ) ;
#4250 = ORIENTED_EDGE ( 'NONE', *, *, #5479, .T. ) ;
#4251 = VECTOR ( 'NONE', #3409, 1000.000000000000000 ) ;
#4252 = EDGE_CURVE ( 'NONE', #887, #3314, #3061, .T. ) ;
#4253 = CARTESIAN_POINT ( 'NONE',  ( 0.9049999999999986944, 0.04999999999986868421, -2.799999999999998490 ) ) ;
#4254 = FACE_OUTER_BOUND ( 'NONE', #1584, .T. ) ;
#4255 = DIRECTION ( 'NONE',  ( -0.000000000000000000, 1.000000000000000000, 0.000000000000000000 ) ) ;
#4256 = ORIENTED_EDGE ( 'NONE', *, *, #2937, .F. ) ;
#4257 = EDGE_LOOP ( 'NONE', ( #2981, #614, #4801, #95 ) ) ;
#4258 = ORIENTED_EDGE ( 'NONE', *, *, #5295, .F. ) ;
#4259 = DIRECTION ( 'NONE',  ( 0.000000000000000000, 0.05233595624290282577, 0.9986295347545759427 ) ) ;
#4260 = CARTESIAN_POINT ( 'NONE',  ( 3.847216308759998871, 0.1000000000000152989, -1.239999999999997993 ) ) ;
#4261 = DIRECTION ( 'NONE',  ( 0.000000000000000000, 0.9986295347545720569, -0.05233595624297854298 ) ) ;
#4262 = LINE ( 'NONE', #4198, #2303 ) ;
#4263 = DIRECTION ( 'NONE',  ( 0.000000000000000000, 0.000000000000000000, -1.000000000000000000 ) ) ;
#4264 = EDGE_LOOP ( 'NONE', ( #483, #5440, #274, #729 ) ) ;
#4265 = LINE ( 'NONE', #3027, #1580 ) ;
#4266 = PLANE ( 'NONE',  #3268 ) ;
#4267 = LINE ( 'NONE', #6186, #2777 ) ;
#4268 = CARTESIAN_POINT ( 'NONE',  ( 3.499999999999998668, 3.531788576871530694E-14, -1.579999999999998073 ) ) ;
#4269 = AXIS2_PLACEMENT_3D ( 'NONE', #5547, #235, #5962 ) ;
#4270 = EDGE_LOOP ( 'NONE', ( #4415, #4358, #3471, #1341 ) ) ;
#4271 = CARTESIAN_POINT ( 'NONE',  ( 0.09499999999999872435, 0.2499999999999153177, -2.799999999999998490 ) ) ;
#4272 = ADVANCED_FACE ( 'NONE', ( #1639 ), #194, .F. ) ;
#4273 = ORIENTED_EDGE ( 'NONE', *, *, #5479, .F. ) ;
#4274 = EDGE_CURVE ( 'NONE', #922, #5976, #2087, .T. ) ;
#4275 = VECTOR ( 'NONE', #5415, 1000.000000000000000 ) ;
#4276 = LINE ( 'NONE', #908, #951 ) ;
#4277 = LINE ( 'NONE', #5183, #4829 ) ;
#4278 = AXIS2_PLACEMENT_3D ( 'NONE', #4886, #3389, #1399 ) ;
#4279 = ORIENTED_EDGE ( 'NONE', *, *, #3810, .F. ) ;
#4280 = EDGE_CURVE ( 'NONE', #3960, #5226, #3563, .T. ) ;
#4281 = DIRECTION ( 'NONE',  ( 1.000000000000000000, 0.000000000000000000, 0.000000000000000000 ) ) ;
#4282 = ADVANCED_FACE ( 'NONE', ( #1106 ), #1072, .F. ) ;
#4283 = ORIENTED_EDGE ( 'NONE', *, *, #3807, .T. ) ;
#4284 = ADVANCED_FACE ( 'NONE', ( #4510 ), #4013, .T. ) ;
#4285 = VECTOR ( 'NONE', #1150, 1000.000000000000000 ) ;
#4286 = PLANE ( 'NONE',  #3801 ) ;
#4287 = DIRECTION ( 'NONE',  ( 1.000000000000000000, 0.000000000000000000, -0.000000000000000000 ) ) ;
#4288 = LINE ( 'NONE', #5731, #5930 ) ;
#4289 = VERTEX_POINT ( 'NONE', #5385 ) ;
#4290 = ORIENTED_EDGE ( 'NONE', *, *, #242, .T. ) ;
#4291 = ORIENTED_EDGE ( 'NONE', *, *, #3952, .F. ) ;
#4292 = DIRECTION ( 'NONE',  ( 0.000000000000000000, 0.000000000000000000, 1.000000000000000000 ) ) ;
#4293 = CARTESIAN_POINT ( 'NONE',  ( 0.9049999999999986944, 0.2500000000000152656, -1.899999999999998135 ) ) ;
#4294 = LINE ( 'NONE', #37, #4373 ) ;
#4295 = LINE ( 'NONE', #4767, #3428 ) ;
#4296 = VERTEX_POINT ( 'NONE', #3499 ) ;
#4297 = DIRECTION ( 'NONE',  ( 0.000000000000000000, -1.000000000000000000, -0.000000000000000000 ) ) ;
#4298 = DIRECTION ( 'NONE',  ( 0.000000000000000000, 0.000000000000000000, 1.000000000000000000 ) ) ;
#4299 = DIRECTION ( 'NONE',  ( -1.000000000000000000, 0.000000000000000000, -0.000000000000000000 ) ) ;
#4300 = VERTEX_POINT ( 'NONE', #2054 ) ;
#4301 = DIRECTION ( 'NONE',  ( 0.000000000000000000, -1.000000000000000000, -0.000000000000000000 ) ) ;
#4302 = CIRCLE ( 'NONE', #5203, 0.09999999999999982514 ) ;
#4303 = EDGE_CURVE ( 'NONE', #795, #3742, #1670, .T. ) ;
#4304 = ORIENTED_EDGE ( 'NONE', *, *, #1762, .F. ) ;
#4305 = ORIENTED_EDGE ( 'NONE', *, *, #2583, .T. ) ;
#4306 = LINE ( 'NONE', #1056, #4821 ) ;
#4307 = DIRECTION ( 'NONE',  ( -0.000000000000000000, 1.000000000000000000, 0.000000000000000000 ) ) ;
#4308 = CARTESIAN_POINT ( 'NONE',  ( -1.095000000000001306, 1.185809608451015462, 1.162805198833802178 ) ) ;
#4309 = ADVANCED_FACE ( 'NONE', ( #2119 ), #5953, .F. ) ;
#4310 = VECTOR ( 'NONE', #3372, 1000.000000000000000 ) ;
#4311 = CARTESIAN_POINT ( 'NONE',  ( 0.09499999999999872435, 0.8061074182865152205, -2.799999999999998490 ) ) ;
#4312 = EDGE_LOOP ( 'NONE', ( #1281, #2720, #3446, #5470 ) ) ;
#4313 = VECTOR ( 'NONE', #3605, 1000.000000000000000 ) ;
#4314 = VECTOR ( 'NONE', #2090, 1000.000000000000000 ) ;
#4315 = CARTESIAN_POINT ( 'NONE',  ( 1.094999999999998863, 0.09220050455074438323, -1.994766404375844626 ) ) ;
#4316 = EDGE_CURVE ( 'NONE', #3827, #3630, #157, .T. ) ;
#4317 = DIRECTION ( 'NONE',  ( 0.000000000000000000, 0.000000000000000000, -1.000000000000000000 ) ) ;
#4318 = LINE ( 'NONE', #2, #287 ) ;
#4319 = ORIENTED_EDGE ( 'NONE', *, *, #5189, .T. ) ;
#4320 = ORIENTED_EDGE ( 'NONE', *, *, #467, .F. ) ;
#4321 = VECTOR ( 'NONE', #6050, 1000.000000000000000 ) ;
#4322 = VERTEX_POINT ( 'NONE', #2562 ) ;
#4323 = CARTESIAN_POINT ( 'NONE',  ( -2.800000000000001155, 1.760000000000015330, 1.400000000000001910 ) ) ;
#4324 = PLANE ( 'NONE',  #5536 ) ;
#4325 = LINE ( 'NONE', #4855, #4578 ) ;
#4326 = FACE_OUTER_BOUND ( 'NONE', #4264, .T. ) ;
#4327 = ORIENTED_EDGE ( 'NONE', *, *, #1105, .F. ) ;
#4328 = UNCERTAINTY_MEASURE_WITH_UNIT (LENGTH_MEASURE( 1.000000000000000082E-05 ), #822, 'distance_accuracy_value', 'NONE');
#4329 = ORIENTED_EDGE ( 'NONE', *, *, #3728, .T. ) ;
#4330 = CARTESIAN_POINT ( 'NONE',  ( 1.599999999999998090, 0.1600000000000153244, 1.300000000000002043 ) ) ;
#4331 = VECTOR ( 'NONE', #4259, 1000.000000000000114 ) ;
#4332 = CARTESIAN_POINT ( 'NONE',  ( 3.499999999999998668, 0.2600000000000153300, 1.400000000000001910 ) ) ;
#4333 = AXIS2_PLACEMENT_3D ( 'NONE', #5257, #2243, #2779 ) ;
#4334 = CARTESIAN_POINT ( 'NONE',  ( -0.5950000000000013056, 0.09220050455070533113, -1.994766404375998281 ) ) ;
#4335 = ORIENTED_EDGE ( 'NONE', *, *, #2609, .F. ) ;
#4336 = DIRECTION ( 'NONE',  ( -1.000000000000000000, -0.000000000000000000, -0.000000000000000000 ) ) ;
#4337 = ORIENTED_EDGE ( 'NONE', *, *, #1889, .F. ) ;
#4338 = VERTEX_POINT ( 'NONE', #5921 ) ;
#4339 = DIRECTION ( 'NONE',  ( -0.000000000000000000, -1.000000000000000000, -0.000000000000000000 ) ) ;
#4340 = DIRECTION ( 'NONE',  ( 0.000000000000000000, 1.000000000000000000, 0.000000000000000000 ) ) ;
#4341 = LINE ( 'NONE', #26, #512 ) ;
#4342 = CARTESIAN_POINT ( 'NONE',  ( 1.499999999999998668, 1.260000000000015330, 1.900000000000001910 ) ) ;
#4343 = ORIENTED_EDGE ( 'NONE', *, *, #3529, .F. ) ;
#4344 = FACE_OUTER_BOUND ( 'NONE', #1565, .T. ) ;
#4345 = CARTESIAN_POINT ( 'NONE',  ( -1.301042606982605321E-15, 1.870000000000015206, 1.200000000000001954 ) ) ;
#4346 = VERTEX_POINT ( 'NONE', #4477 ) ;
#4347 = VERTEX_POINT ( 'NONE', #1612 ) ;
#4348 = EDGE_CURVE ( 'NONE', #4794, #2770, #3098, .T. ) ;
#4349 = LINE ( 'NONE', #3346, #706 ) ;
#4350 = FACE_OUTER_BOUND ( 'NONE', #3846, .T. ) ;
#4351 = DIRECTION ( 'NONE',  ( 0.000000000000000000, 0.05233595624297854298, 0.9986295347545720569 ) ) ;
#4352 = LINE ( 'NONE', #3384, #4124 ) ;
#4353 = EDGE_CURVE ( 'NONE', #5714, #773, #608, .T. ) ;
#4354 = VERTEX_POINT ( 'NONE', #3530 ) ;
#4355 = LINE ( 'NONE', #6213, #5783 ) ;
#4356 = CARTESIAN_POINT ( 'NONE',  ( -0.9050000000000012479, 0.09220050455070533113, -1.994766404375998281 ) ) ;
#4357 = DIRECTION ( 'NONE',  ( 1.000000000000000000, 0.000000000000000000, 0.000000000000000000 ) ) ;
#4358 = ORIENTED_EDGE ( 'NONE', *, *, #5766, .F. ) ;
#4359 = CARTESIAN_POINT ( 'NONE',  ( 0.5949999999999987521, 1.117991655295068387, 1.017369128957930968 ) ) ;
#4360 = ORIENTED_EDGE ( 'NONE', *, *, #2121, .F. ) ;
#4361 = ORIENTED_EDGE ( 'NONE', *, *, #3201, .F. ) ;
#4362 = DIRECTION ( 'NONE',  ( -0.000000000000000000, -1.000000000000000000, -0.000000000000000000 ) ) ;
#4363 = DIRECTION ( 'NONE',  ( 0.000000000000000000, 0.05303311836815849389, -0.9985927540074327480 ) ) ;
#4364 = DIRECTION ( 'NONE',  ( 0.000000000000000000, -0.000000000000000000, 1.000000000000000000 ) ) ;
#4365 = PLANE ( 'NONE',  #4403 ) ;
#4366 = ORIENTED_EDGE ( 'NONE', *, *, #4453, .F. ) ;
#4367 = EDGE_CURVE ( 'NONE', #5126, #4411, #1201, .T. ) ;
#4368 = VECTOR ( 'NONE', #3732, 1000.000000000000000 ) ;
#4369 = CARTESIAN_POINT ( 'NONE',  ( 2.799999999999998490, 0.1600000000000152967, 2.100000000000001865 ) ) ;
#4370 = CARTESIAN_POINT ( 'NONE',  ( -1.301042606982605321E-15, 0.2500000000000152656, -2.099999999999998757 ) ) ;
#4371 = ORIENTED_EDGE ( 'NONE', *, *, #5152, .T. ) ;
#4372 = EDGE_CURVE ( 'NONE', #661, #3263, #5040, .T. ) ;
#4373 = VECTOR ( 'NONE', #5292, 1000.000000000000000 ) ;
#4374 = EDGE_CURVE ( 'NONE', #3505, #5650, #3975, .T. ) ;
#4375 = VERTEX_POINT ( 'NONE', #2533 ) ;
#4376 = DIRECTION ( 'NONE',  ( 0.000000000000000000, -0.000000000000000000, 1.000000000000000000 ) ) ;
#4377 = EDGE_CURVE ( 'NONE', #5634, #2463, #4099, .T. ) ;
#4378 = CARTESIAN_POINT ( 'NONE',  ( -3.850000000000201261, 1.530757942277971573E-14, -1.399999999999998135 ) ) ;
#4379 = DIRECTION ( 'NONE',  ( -0.000000000000000000, -0.000000000000000000, -1.000000000000000000 ) ) ;
#4380 = EDGE_CURVE ( 'NONE', #2280, #1460, #1581, .T. ) ;
#4381 = PLANE ( 'NONE',  #412 ) ;
#4382 = DIRECTION ( 'NONE',  ( 0.000000000000000000, 0.000000000000000000, -1.000000000000000000 ) ) ;
#4383 = ORIENTED_EDGE ( 'NONE', *, *, #5014, .T. ) ;
#4384 = ADVANCED_FACE ( 'NONE', ( #6014 ), #2685, .T. ) ;
#4385 = LINE ( 'NONE', #3323, #141 ) ;
#4386 = PLANE ( 'NONE',  #2378 ) ;
#4387 = EDGE_CURVE ( 'NONE', #3185, #3162, #5827, .T. ) ;
#4388 = CARTESIAN_POINT ( 'NONE',  ( 0.6049999999999987610, 0.05000000000000778821, -1.399999999999998135 ) ) ;
#4389 = VECTOR ( 'NONE', #145, 1000.000000000000000 ) ;
#4390 = VERTEX_POINT ( 'NONE', #2211 ) ;
#4391 = CARTESIAN_POINT ( 'NONE',  ( -2.582216308760601375, 0.2000000000000153044, -1.489999999999997771 ) ) ;
#4392 = EDGE_LOOP ( 'NONE', ( #5635, #3085, #4865, #3116 ) ) ;
#4393 = EDGE_CURVE ( 'NONE', #3128, #422, #1700, .T. ) ;
#4394 = LINE ( 'NONE', #2896, #5620 ) ;
#4395 = CARTESIAN_POINT ( 'NONE',  ( -1.600000000000001421, 0.05000000000001530998, 1.200000000000001954 ) ) ;
#4396 = DIRECTION ( 'NONE',  ( 0.000000000000000000, 0.9986295347545720569, -0.05233595624297854298 ) ) ;
#4397 = ORIENTED_EDGE ( 'NONE', *, *, #1186, .T. ) ;
#4398 = VECTOR ( 'NONE', #2708, 1000.000000000000000 ) ;
#4399 = DIRECTION ( 'NONE',  ( 1.000000000000000000, -0.000000000000000000, 0.000000000000000000 ) ) ;
#4400 = DIRECTION ( 'NONE',  ( 0.000000000000000000, 1.000000000000000000, 0.000000000000000000 ) ) ;
#4401 = VECTOR ( 'NONE', #3164, 1000.000000000000000 ) ;
#4402 = EDGE_LOOP ( 'NONE', ( #445, #86, #2565, #6010 ) ) ;
#4403 = AXIS2_PLACEMENT_3D ( 'NONE', #4841, #1469, #2458 ) ;
#4404 = ORIENTED_EDGE ( 'NONE', *, *, #3354, .T. ) ;
#4405 = CARTESIAN_POINT ( 'NONE',  ( -1.095000000000001306, 1.251378662819916165, 1.303418489698998650 ) ) ;
#4406 = CARTESIAN_POINT ( 'NONE',  ( -1.301042606982605321E-15, 0.2500000000000152656, -1.749999999999998002 ) ) ;
#4407 = CARTESIAN_POINT ( 'NONE',  ( -1.600000000000001421, 1.315000000000015268, 1.750000000000001998 ) ) ;
#4408 = EDGE_CURVE ( 'NONE', #3065, #1111, #348, .T. ) ;
#4409 = LINE ( 'NONE', #3055, #819 ) ;
#4410 = CARTESIAN_POINT ( 'NONE',  ( 0.5949999999999987521, 1.203886659155923855, -0.6000000000000028644 ) ) ;
#4411 = VERTEX_POINT ( 'NONE', #1389 ) ;
#4412 = EDGE_LOOP ( 'NONE', ( #4607, #4361, #3037, #2673 ) ) ;
#4413 = CARTESIAN_POINT ( 'NONE',  ( -1.600000000000001421, 0.9600000000000152856, 1.370000000000002105 ) ) ;
#4414 = CARTESIAN_POINT ( 'NONE',  ( 1.599999999999998090, 0.9600000000000152856, 1.400000000000001910 ) ) ;
#4415 = ORIENTED_EDGE ( 'NONE', *, *, #5566, .F. ) ;
#4416 = DIRECTION ( 'NONE',  ( -1.000000000000000000, -0.000000000000000000, 0.000000000000000000 ) ) ;
#4417 = EDGE_LOOP ( 'NONE', ( #2946, #4533, #2730, #748 ) ) ;
#4418 = PLANE ( 'NONE',  #5412 ) ;
#4419 = VECTOR ( 'NONE', #876, 1000.000000000000000 ) ;
#4420 = VECTOR ( 'NONE', #3972, 1000.000000000000000 ) ;
#4421 = DIRECTION ( 'NONE',  ( -1.000000000000000000, 0.000000000000000000, -0.000000000000000000 ) ) ;
#4422 = CARTESIAN_POINT ( 'NONE',  ( 1.599999999999998090, 0.8700000000000153166, 1.400000000000001910 ) ) ;
#4423 = CARTESIAN_POINT ( 'NONE',  ( 1.599999999999998090, 0.8700000000000153166, 1.370000000000002105 ) ) ;
#4424 = ORIENTED_EDGE ( 'NONE', *, *, #3395, .T. ) ;
#4425 = VECTOR ( 'NONE', #3665, 1000.000000000000000 ) ;
#4426 = EDGE_CURVE ( 'NONE', #593, #465, #5165, .T. ) ;
#4427 = VECTOR ( 'NONE', #1451, 1000.000000000000000 ) ;
#4428 = PLANE ( 'NONE',  #277 ) ;
#4429 = PLANE ( 'NONE',  #3985 ) ;
#4430 = EDGE_LOOP ( 'NONE', ( #2136, #4923, #5780, #5320 ) ) ;
#4431 = VECTOR ( 'NONE', #3849, 1000.000000000000000 ) ;
#4432 = ORIENTED_EDGE ( 'NONE', *, *, #3517, .T. ) ;
#4433 = CARTESIAN_POINT ( 'NONE',  ( -1.301042606982605321E-15, 0.2800000000000152367, -2.099999999999998757 ) ) ;
#4434 = CARTESIAN_POINT ( 'NONE',  ( -1.370000000000001439, 1.640000000000015445, -2.089999999999998082 ) ) ;
#4435 = LINE ( 'NONE', #2048, #4431 ) ;
#4436 = SURFACE_SIDE_STYLE ('',( #1165 ) ) ;
#4437 = DIRECTION ( 'NONE',  ( -0.000000000000000000, -0.000000000000000000, 1.000000000000000000 ) ) ;
#4438 = ADVANCED_FACE ( 'NONE', ( #2377 ), #2852, .T. ) ;
#4439 = ORIENTED_EDGE ( 'NONE', *, *, #3993, .F. ) ;
#4440 = DIRECTION ( 'NONE',  ( 0.000000000000000000, -0.000000000000000000, 1.000000000000000000 ) ) ;
#4441 = CARTESIAN_POINT ( 'NONE',  ( -1.095000000000001306, 1.235000000000015419, 0.5500000000000018208 ) ) ;
#4442 = VERTEX_POINT ( 'NONE', #6078 ) ;
#4443 = DIRECTION ( 'NONE',  ( 0.000000000000000000, 0.9985927540074329700, 0.05303311836815174929 ) ) ;
#4444 = EDGE_LOOP ( 'NONE', ( #1829, #3780, #133, #3612 ) ) ;
#4445 = ORIENTED_EDGE ( 'NONE', *, *, #3728, .F. ) ;
#4446 = VERTEX_POINT ( 'NONE', #2247 ) ;
#4447 = CARTESIAN_POINT ( 'NONE',  ( -1.000000000000001332, 0.1920634580258153146, -1.899999999999998135 ) ) ;
#4448 = CARTESIAN_POINT ( 'NONE',  ( 3.149999999999998135, 3.031700324812591774E-14, -1.579999999999998073 ) ) ;
#4449 = EDGE_CURVE ( 'NONE', #1892, #293, #1291, .T. ) ;
#4450 = LINE ( 'NONE', #4025, #1509 ) ;
#4451 = FACE_OUTER_BOUND ( 'NONE', #1788, .T. ) ;
#4452 = EDGE_CURVE ( 'NONE', #6222, #1528, #890, .T. ) ;
#4453 = EDGE_CURVE ( 'NONE', #3814, #3204, #3684, .T. ) ;
#4454 = VERTEX_POINT ( 'NONE', #2344 ) ;
#4455 = EDGE_CURVE ( 'NONE', #2490, #5055, #6175, .T. ) ;
#4456 = EDGE_CURVE ( 'NONE', #905, #343, #4695, .T. ) ;
#4457 = VECTOR ( 'NONE', #3834, 1000.000000000000000 ) ;
#4458 = ORIENTED_EDGE ( 'NONE', *, *, #192, .F. ) ;
#4459 = DIRECTION ( 'NONE',  ( 0.000000000000000000, 0.000000000000000000, 1.000000000000000000 ) ) ;
#4460 = ADVANCED_FACE ( 'NONE', ( #5572 ), #5637, .F. ) ;
#4461 = ADVANCED_FACE ( 'NONE', ( #3190 ), #2818, .T. ) ;
#4462 = LINE ( 'NONE', #3117, #4689 ) ;
#4463 = EDGE_CURVE ( 'NONE', #4498, #2490, #5098, .T. ) ;
#4464 = EDGE_LOOP ( 'NONE', ( #1518, #380, #2639, #6139 ) ) ;
#4465 = VECTOR ( 'NONE', #3770, 1000.000000000000000 ) ;
#4466 = EDGE_LOOP ( 'NONE', ( #3461, #1044, #5693, #2158 ) ) ;
#4467 = LINE ( 'NONE', #2080, #2397 ) ;
#4468 = VECTOR ( 'NONE', #1994, 1000.000000000000000 ) ;
#4469 = CYLINDRICAL_SURFACE ( 'NONE', #811, 0.09999999999999982514 ) ;
#4470 = CARTESIAN_POINT ( 'NONE',  ( -3.150000000000201084, 0.9100000000000152411, -2.089999999999998082 ) ) ;
#4471 = VECTOR ( 'NONE', #6217, 1000.000000000000227 ) ;
#4472 = FACE_OUTER_BOUND ( 'NONE', #3454, .T. ) ;
#4473 = LINE ( 'NONE', #3440, #6028 ) ;
#4474 = ORIENTED_EDGE ( 'NONE', *, *, #6144, .T. ) ;
#4475 = VERTEX_POINT ( 'NONE', #2753 ) ;
#4476 = VECTOR ( 'NONE', #5206, 1000.000000000000000 ) ;
#4477 = CARTESIAN_POINT ( 'NONE',  ( 1.369999999999998774, 1.820000000000015383, -0.1899999999999978928 ) ) ;
#4478 = CARTESIAN_POINT ( 'NONE',  ( -3.500000000000001332, 0.2600000000000153300, 0.7000000000000020650 ) ) ;
#4479 = DIRECTION ( 'NONE',  ( 1.000000000000000000, 0.000000000000000000, -0.000000000000000000 ) ) ;
#4480 = ORIENTED_EDGE ( 'NONE', *, *, #4922, .F. ) ;
#4481 = DIRECTION ( 'NONE',  ( -0.01739543771130077493, 0.000000000000000000, -0.9998486879257442173 ) ) ;
#4482 = ORIENTED_EDGE ( 'NONE', *, *, #2971, .F. ) ;
#4483 = ORIENTED_EDGE ( 'NONE', *, *, #1566, .F. ) ;
#4484 = DIRECTION ( 'NONE',  ( 0.000000000000000000, -0.000000000000000000, 1.000000000000000000 ) ) ;
#4485 = CARTESIAN_POINT ( 'NONE',  ( -0.4050000000000013034, 1.210000000000013953, -0.5999999999999980904 ) ) ;
#4486 = VECTOR ( 'NONE', #6097, 1000.000000000000000 ) ;
#4487 = DIRECTION ( 'NONE',  ( -0.000000000000000000, 0.000000000000000000, -1.000000000000000000 ) ) ;
#4488 = PLANE ( 'NONE',  #4192 ) ;
#4489 = ADVANCED_FACE ( 'NONE', ( #2722 ), #1326, .T. ) ;
#4490 = ORIENTED_EDGE ( 'NONE', *, *, #6141, .F. ) ;
#4491 = VECTOR ( 'NONE', #647, 1000.000000000000000 ) ;
#4492 = EDGE_CURVE ( 'NONE', #4787, #5746, #448, .T. ) ;
#4493 = CARTESIAN_POINT ( 'NONE',  ( -0.6050000000000013145, 0.2500000000000152656, -1.749999999999998002 ) ) ;
#4494 = ORIENTED_EDGE ( 'NONE', *, *, #3815, .F. ) ;
#4495 = DIRECTION ( 'NONE',  ( -0.000000000000000000, -0.000000000000000000, 1.000000000000000000 ) ) ;
#4496 = VERTEX_POINT ( 'NONE', #2281 ) ;
#4497 = VECTOR ( 'NONE', #4906, 1000.000000000000000 ) ;
#4498 = VERTEX_POINT ( 'NONE', #3718 ) ;
#4499 = EDGE_CURVE ( 'NONE', #2179, #3717, #4665, .T. ) ;
#4500 = CARTESIAN_POINT ( 'NONE',  ( -3.200000000000001510, 1.870000000000015206, 0.05000000000000229955 ) ) ;
#4501 = CARTESIAN_POINT ( 'NONE',  ( -1.314432617521001490, 0.9100000000000152411, -2.089999999999998082 ) ) ;
#4502 = ORIENTED_EDGE ( 'NONE', *, *, #5615, .F. ) ;
#4503 = CARTESIAN_POINT ( 'NONE',  ( 0.9999999999999991118, 1.312198954710015242, -2.119999999999997886 ) ) ;
#4504 = VECTOR ( 'NONE', #4023, 1000.000000000000000 ) ;
#4505 = CARTESIAN_POINT ( 'NONE',  ( -1.000000000000001332, 0.2500000000000152656, -1.749999999999998002 ) ) ;
#4506 = CARTESIAN_POINT ( 'NONE',  ( -0.4050000000000013034, 0.09220050455070533113, -1.994766404375998281 ) ) ;
#4507 = ORIENTED_EDGE ( 'NONE', *, *, #1796, .F. ) ;
#4508 = VERTEX_POINT ( 'NONE', #6107 ) ;
#4509 = VECTOR ( 'NONE', #2441, 1000.000000000000000 ) ;
#4510 = FACE_OUTER_BOUND ( 'NONE', #5700, .T. ) ;
#4511 = CARTESIAN_POINT ( 'NONE',  ( -1.314432617520001179, 0.05000000000001530998, -0.3649999999999977152 ) ) ;
#4512 = LINE ( 'NONE', #3565, #2876 ) ;
#4513 = CARTESIAN_POINT ( 'NONE',  ( -1.550000000000001377, 0.9845652173915153682, 0.3000000000000018763 ) ) ;
#4514 = VERTEX_POINT ( 'NONE', #1799 ) ;
#4515 = DIRECTION ( 'NONE',  ( -1.000000000000000000, 0.000000000000000000, -0.000000000000000000 ) ) ;
#4516 = VERTEX_POINT ( 'NONE', #2309 ) ;
#4517 = ORIENTED_EDGE ( 'NONE', *, *, #2925, .T. ) ;
#4518 = AXIS2_PLACEMENT_3D ( 'NONE', #2392, #1529, #587 ) ;
#4519 = CARTESIAN_POINT ( 'NONE',  ( -1.370000000000001439, 1.870000000000015206, 0.05000000000000229955 ) ) ;
#4520 = DIRECTION ( 'NONE',  ( 0.000000000000000000, 0.000000000000000000, -1.000000000000000000 ) ) ;
#4521 = ADVANCED_FACE ( 'NONE', ( #6142 ), #5665, .F. ) ;
#4522 = CARTESIAN_POINT ( 'NONE',  ( 2.264432617519998914, 1.820000000000015383, -1.139999999999998126 ) ) ;
#4523 = CARTESIAN_POINT ( 'NONE',  ( -0.09500000000000133338, 1.312198954710015242, -2.119999999999997886 ) ) ;
#4524 = ORIENTED_EDGE ( 'NONE', *, *, #753, .T. ) ;
#4525 = VECTOR ( 'NONE', #4600, 1000.000000000000000 ) ;
#4526 = LINE ( 'NONE', #2675, #2192 ) ;
#4527 = VERTEX_POINT ( 'NONE', #1539 ) ;
#4528 = AXIS2_PLACEMENT_3D ( 'NONE', #470, #2840, #4682 ) ;
#4529 = CARTESIAN_POINT ( 'NONE',  ( -0.5000000000000013323, 0.2500000000000152656, -1.399999999999998135 ) ) ;
#4530 = VECTOR ( 'NONE', #4094, 1000.000000000000000 ) ;
#4531 = ORIENTED_EDGE ( 'NONE', *, *, #2429, .T. ) ;
#4532 = EDGE_LOOP ( 'NONE', ( #5210, #8, #4771, #181, #4366, #5654, #786, #4650, #4033, #5643, #3479, #1116, #5880, #4445, #906, #5140, #4932, #5779, #604, #3385, #3902, #1656, #3217, #2146, #1937, #2615, #2869, #4712, #2029, #2044, #4890, #4008, #2902, #3001, #3966, #3249, #134, #2947, #5327, #4087 ) ) ;
#4533 = ORIENTED_EDGE ( 'NONE', *, *, #1889, .T. ) ;
#4534 = CARTESIAN_POINT ( 'NONE',  ( -1.301042606982605321E-15, 0.9600000000000152856, 1.200000000000001954 ) ) ;
#4535 = PLANE ( 'NONE',  #3925 ) ;
#4536 = AXIS2_PLACEMENT_3D ( 'NONE', #1757, #2716, #2275 ) ;
#4537 = ORIENTED_EDGE ( 'NONE', *, *, #3608, .T. ) ;
#4538 = CARTESIAN_POINT ( 'NONE',  ( 1.094999999999998863, 1.251378662819916165, 1.303418489698997984 ) ) ;
#4539 =( LENGTH_UNIT ( ) NAMED_UNIT ( * ) SI_UNIT ( .MILLI., .METRE. ) );
#4540 = CARTESIAN_POINT ( 'NONE',  ( 0.4999999999999987232, 0.07110025227538531445, -2.397383202187997497 ) ) ;
#4541 = EDGE_CURVE ( 'NONE', #3994, #1095, #952, .T. ) ;
#4542 = ORIENTED_EDGE ( 'NONE', *, *, #1107, .F. ) ;
#4543 = CARTESIAN_POINT ( 'NONE',  ( -0.1050000000000013561, 0.1500000000000152878, -1.749999999999998002 ) ) ;
#4544 = DIRECTION ( 'NONE',  ( 1.000000000000000000, -0.000000000000000000, 0.000000000000000000 ) ) ;
#4545 = EDGE_CURVE ( 'NONE', #1199, #214, #2525, .T. ) ;
#4546 = CARTESIAN_POINT ( 'NONE',  ( 1.369999999999998774, 1.640000000000015445, -2.099999999999998757 ) ) ;
#4547 = DIRECTION ( 'NONE',  ( 0.000000000000000000, 0.05233595624290282577, 0.9986295347545759427 ) ) ;
#4548 = ORIENTED_EDGE ( 'NONE', *, *, #4912, .T. ) ;
#4549 = CARTESIAN_POINT ( 'NONE',  ( 1.369999999999998774, 1.755000000000015437, -2.089999999999998082 ) ) ;
#4550 = VECTOR ( 'NONE', #5409, 1000.000000000000000 ) ;
#4551 = EDGE_LOOP ( 'NONE', ( #5866, #2325, #4586, #2826 ) ) ;
#4552 = LINE ( 'NONE', #233, #3900 ) ;
#4553 = LINE ( 'NONE', #206, #4671 ) ;
#4554 = CARTESIAN_POINT ( 'NONE',  ( -1.550000000000001377, 1.235000000000015419, 0.5500000000000018208 ) ) ;
#4555 = DIRECTION ( 'NONE',  ( 0.000000000000000000, -0.000000000000000000, 1.000000000000000000 ) ) ;
#4556 = ORIENTED_EDGE ( 'NONE', *, *, #1027, .T. ) ;
#4557 = CARTESIAN_POINT ( 'NONE',  ( -1.095000000000001306, 0.2500000000000152656, -1.899999999999998135 ) ) ;
#4558 = EDGE_LOOP ( 'NONE', ( #65, #5313, #6124, #3370 ) ) ;
#4559 = DIRECTION ( 'NONE',  ( -0.000000000000000000, 0.000000000000000000, -1.000000000000000000 ) ) ;
#4560 = EDGE_CURVE ( 'NONE', #4390, #5212, #2879, .T. ) ;
#4561 = VERTEX_POINT ( 'NONE', #4823 ) ;
#4562 = CARTESIAN_POINT ( 'NONE',  ( 0.09499999999999872435, 1.203886659155923855, -0.6000000000000028644 ) ) ;
#4563 = VECTOR ( 'NONE', #5519, 1000.000000000000000 ) ;
#4564 = ADVANCED_FACE ( 'NONE', ( #1068 ), #1982, .F. ) ;
#4565 = CARTESIAN_POINT ( 'NONE',  ( -0.3950000000000012390, 0.2500000000000152656, -1.749999999999998002 ) ) ;
#4566 = CARTESIAN_POINT ( 'NONE',  ( 0.5949999999999987521, 0.2500000000000152656, -1.899999999999998135 ) ) ;
#4567 = VERTEX_POINT ( 'NONE', #515 ) ;
#4568 = EDGE_CURVE ( 'NONE', #967, #577, #2996, .T. ) ;
#4569 = ORIENTED_EDGE ( 'NONE', *, *, #3283, .T. ) ;
#4570 = VECTOR ( 'NONE', #2658, 1000.000000000000000 ) ;
#4571 = ORIENTED_EDGE ( 'NONE', *, *, #3983, .T. ) ;
#4572 = EDGE_CURVE ( 'NONE', #3600, #5748, #599, .T. ) ;
#4573 = CARTESIAN_POINT ( 'NONE',  ( 0.9049999999999986944, 0.09220050455070533113, -1.994766404375998281 ) ) ;
#4574 = CARTESIAN_POINT ( 'NONE',  ( -1.301042606982605321E-15, 0.2600000000000153300, 2.100000000000001865 ) ) ;
#4575 = CARTESIAN_POINT ( 'NONE',  ( -2.264432617520276469, 1.820000000000015383, -2.089999999999998082 ) ) ;
#4576 = FACE_OUTER_BOUND ( 'NONE', #76, .T. ) ;
#4577 = CARTESIAN_POINT ( 'NONE',  ( -4.000000000000001776, 0.9600000000000152856, 2.100000000000001865 ) ) ;
#4578 = VECTOR ( 'NONE', #3908, 1000.000000000000000 ) ;
#4579 = ORIENTED_EDGE ( 'NONE', *, *, #1514, .F. ) ;
#4580 = ORIENTED_EDGE ( 'NONE', *, *, #5027, .T. ) ;
#4581 = CARTESIAN_POINT ( 'NONE',  ( -1.301042606982605321E-15, 0.1600000000000152689, 1.200000000000001954 ) ) ;
#4582 = FACE_OUTER_BOUND ( 'NONE', #2510, .T. ) ;
#4583 = EDGE_CURVE ( 'NONE', #930, #2531, #5763, .T. ) ;
#4584 = CARTESIAN_POINT ( 'NONE',  ( 0.5949999999999987521, 0.1920634580260152935, -1.899999999999998135 ) ) ;
#4585 = ORIENTED_EDGE ( 'NONE', *, *, #1578, .F. ) ;
#4586 = ORIENTED_EDGE ( 'NONE', *, *, #165, .F. ) ;
#4587 = EDGE_CURVE ( 'NONE', #4216, #1843, #5852, .T. ) ;
#4588 = DIRECTION ( 'NONE',  ( 1.000000000000000000, 0.000000000000000000, -0.000000000000000000 ) ) ;
#4589 = ORIENTED_EDGE ( 'NONE', *, *, #5846, .F. ) ;
#4590 = DIRECTION ( 'NONE',  ( 0.000000000000000000, -0.000000000000000000, 1.000000000000000000 ) ) ;
#4591 = ORIENTED_EDGE ( 'NONE', *, *, #2895, .T. ) ;
#4592 = CARTESIAN_POINT ( 'NONE',  ( 1.094999999999998863, 0.9600000000000152856, -2.099999999999998757 ) ) ;
#4593 = CARTESIAN_POINT ( 'NONE',  ( 1.499999999999998668, 1.260000000000015774, 1.699999999999810107 ) ) ;
#4594 = SURFACE_STYLE_USAGE ( .BOTH. , #4152 ) ;
#4595 = DIRECTION ( 'NONE',  ( 1.000000000000000000, 0.000000000000000000, -0.000000000000000000 ) ) ;
#4596 = ORIENTED_EDGE ( 'NONE', *, *, #3444, .T. ) ;
#4597 = VERTEX_POINT ( 'NONE', #2493 ) ;
#4598 = AXIS2_PLACEMENT_3D ( 'NONE', #3676, #3089, #3181 ) ;
#4599 = EDGE_CURVE ( 'NONE', #3180, #3194, #61, .T. ) ;
#4600 = DIRECTION ( 'NONE',  ( -1.000000000000000000, -0.000000000000000000, 0.000000000000000000 ) ) ;
#4601 = LINE ( 'NONE', #3654, #5120 ) ;
#4602 = DIRECTION ( 'NONE',  ( 0.000000000000000000, 0.000000000000000000, -1.000000000000000000 ) ) ;
#4603 = DIRECTION ( 'NONE',  ( 1.000000000000000000, 0.000000000000000000, -0.000000000000000000 ) ) ;
#4604 = VERTEX_POINT ( 'NONE', #2468 ) ;
#4605 = AXIS2_PLACEMENT_3D ( 'NONE', #5706, #1394, #4735 ) ;
#4606 = DIRECTION ( 'NONE',  ( -0.000000000000000000, -1.000000000000000000, -0.000000000000000000 ) ) ;
#4607 = ORIENTED_EDGE ( 'NONE', *, *, #4227, .F. ) ;
#4608 = AXIS2_PLACEMENT_3D ( 'NONE', #2267, #5418, #2395 ) ;
#4609 = PLANE ( 'NONE',  #5097 ) ;
#4610 = DIRECTION ( 'NONE',  ( 1.000000000000000000, -0.000000000000000000, 0.000000000000000000 ) ) ;
#4611 = LINE ( 'NONE', #1781, #1710 ) ;
#4612 = FACE_OUTER_BOUND ( 'NONE', #563, .T. ) ;
#4613 = VERTEX_POINT ( 'NONE', #91 ) ;
#4614 = CARTESIAN_POINT ( 'NONE',  ( 0.5949999999999987521, 0.8061074182865152205, -2.799999999999998490 ) ) ;
#4615 = ORIENTED_EDGE ( 'NONE', *, *, #396, .T. ) ;
#4616 = VECTOR ( 'NONE', #1646, 1000.000000000000000 ) ;
#4617 = CARTESIAN_POINT ( 'NONE',  ( 1.549999999999998490, 0.8700000000000153166, 0.9250000000000020428 ) ) ;
#4618 = AXIS2_PLACEMENT_3D ( 'NONE', #4229, #3719, #5197 ) ;
#4619 = VERTEX_POINT ( 'NONE', #4853 ) ;
#4620 = DIRECTION ( 'NONE',  ( -0.000000000000000000, 0.000000000000000000, -1.000000000000000000 ) ) ;
#4621 = EDGE_CURVE ( 'NONE', #898, #5223, #4349, .T. ) ;
#4622 = ORIENTED_EDGE ( 'NONE', *, *, #2180, .F. ) ;
#4623 = DIRECTION ( 'NONE',  ( 0.000000000000000000, -0.000000000000000000, 1.000000000000000000 ) ) ;
#4624 = VECTOR ( 'NONE', #1041, 1000.000000000000000 ) ;
#4625 = CARTESIAN_POINT ( 'NONE',  ( -0.4050000000000013034, 0.04999999999985191290, -2.799999999999998490 ) ) ;
#4626 = LINE ( 'NONE', #3056, #5331 ) ;
#4627 = EDGE_LOOP ( 'NONE', ( #259, #3012, #3008, #5464 ) ) ;
#4628 = EDGE_LOOP ( 'NONE', ( #1402, #1080, #5681, #4905 ) ) ;
#4629 = ORIENTED_EDGE ( 'NONE', *, *, #4155, .T. ) ;
#4630 = VECTOR ( 'NONE', #1636, 1000.000000000000000 ) ;
#4631 = DIRECTION ( 'NONE',  ( 0.000000000000000000, 1.000000000000000000, 0.000000000000000000 ) ) ;
#4632 = DIRECTION ( 'NONE',  ( -1.000000000000000000, -0.000000000000000000, 0.000000000000000000 ) ) ;
#4633 = DIRECTION ( 'NONE',  ( 0.000000000000000000, -0.000000000000000000, 1.000000000000000000 ) ) ;
#4634 = LINE ( 'NONE', #3064, #2197 ) ;
#4635 = ORIENTED_EDGE ( 'NONE', *, *, #4921, .T. ) ;
#4636 = EDGE_CURVE ( 'NONE', #1145, #5918, #2968, .T. ) ;
#4637 = CARTESIAN_POINT ( 'NONE',  ( 1.094999999999998863, 0.8061074182865152205, -0.6999999999999979572 ) ) ;
#4638 = EDGE_LOOP ( 'NONE', ( #700, #4862, #489, #520 ) ) ;
#4639 = CARTESIAN_POINT ( 'NONE',  ( -2.285000000000001474, 0.1650000000000153011, 0.05000000000000229955 ) ) ;
#4640 = FACE_OUTER_BOUND ( 'NONE', #4257, .T. ) ;
#4641 = DIRECTION ( 'NONE',  ( 1.000000000000000000, -0.000000000000000000, 0.000000000000000000 ) ) ;
#4642 = LINE ( 'NONE', #4172, #1455 ) ;
#4643 = ORIENTED_EDGE ( 'NONE', *, *, #3883, .F. ) ;
#4644 = CARTESIAN_POINT ( 'NONE',  ( -0.3950000000000012390, 0.2500000000000152656, -2.099999999999998757 ) ) ;
#4645 = ADVANCED_FACE ( 'NONE', ( #35 ), #4796, .T. ) ;
#4646 = PLANE ( 'NONE',  #645 ) ;
#4647 = CARTESIAN_POINT ( 'NONE',  ( -1.600000000000001421, 0.8700000000000153166, 1.370000000000002105 ) ) ;
#4648 = EDGE_CURVE ( 'NONE', #4843, #3185, #1953, .T. ) ;
#4649 = ADVANCED_FACE ( 'NONE', ( #11 ), #3939, .T. ) ;
#4650 = ORIENTED_EDGE ( 'NONE', *, *, #5771, .T. ) ;
#4651 = FACE_OUTER_BOUND ( 'NONE', #815, .T. ) ;
#4652 = EDGE_CURVE ( 'NONE', #6013, #4619, #3465, .T. ) ;
#4653 = VERTEX_POINT ( 'NONE', #5321 ) ;
#4654 = EDGE_CURVE ( 'NONE', #4167, #1369, #4879, .T. ) ;
#4655 = DIRECTION ( 'NONE',  ( 1.000000000000000000, 0.000000000000000000, -0.000000000000000000 ) ) ;
#4656 = EDGE_CURVE ( 'NONE', #708, #482, #4179, .T. ) ;
#4657 = LINE ( 'NONE', #3678, #5842 ) ;
#4658 = DIRECTION ( 'NONE',  ( -0.000000000000000000, 1.000000000000000000, 0.000000000000000000 ) ) ;
#4659 = DIRECTION ( 'NONE',  ( 0.000000000000000000, 1.000000000000000000, 0.000000000000000000 ) ) ;
#4660 = ORIENTED_EDGE ( 'NONE', *, *, #2337, .F. ) ;
#4661 = ADVANCED_FACE ( 'NONE', ( #5623 ), #5408, .T. ) ;
#4662 = ORIENTED_EDGE ( 'NONE', *, *, #6031, .T. ) ;
#4663 = VERTEX_POINT ( 'NONE', #3090 ) ;
#4664 = ORIENTED_EDGE ( 'NONE', *, *, #6133, .F. ) ;
#4665 = LINE ( 'NONE', #4194, #4331 ) ;
#4666 = CARTESIAN_POINT ( 'NONE',  ( 0.9049999999999986944, 0.09220050455074438323, -1.994766404375844626 ) ) ;
#4667 = CARTESIAN_POINT ( 'NONE',  ( 3.199999999999998845, 1.870000000000015206, 1.370000000000002105 ) ) ;
#4668 = FACE_OUTER_BOUND ( 'NONE', #866, .T. ) ;
#4669 = ORIENTED_EDGE ( 'NONE', *, *, #4453, .T. ) ;
#4670 = DIRECTION ( 'NONE',  ( 0.000000000000000000, 0.000000000000000000, -1.000000000000000000 ) ) ;
#4671 = VECTOR ( 'NONE', #3072, 1000.000000000000000 ) ;
#4672 = ORIENTED_EDGE ( 'NONE', *, *, #3073, .T. ) ;
#4673 = DIRECTION ( 'NONE',  ( 1.000000000000000000, -0.000000000000000000, 0.000000000000000000 ) ) ;
#4674 = CARTESIAN_POINT ( 'NONE',  ( 1.719999999999998419, 0.9750000000000152989, 0.07500000000000214828 ) ) ;
#4675 = DIRECTION ( 'NONE',  ( -0.000000000000000000, 0.000000000000000000, -1.000000000000000000 ) ) ;
#4676 = PLANE ( 'NONE',  #5881 ) ;
#4677 = ORIENTED_EDGE ( 'NONE', *, *, #1005, .T. ) ;
#4678 = VECTOR ( 'NONE', #5332, 1000.000000000000000 ) ;
#4679 = DIRECTION ( 'NONE',  ( 1.000000000000000000, 0.000000000000000000, -0.000000000000000000 ) ) ;
#4681 = CARTESIAN_POINT ( 'NONE',  ( 1.499999999999998668, 1.870000000000015206, 2.100000000000001865 ) ) ;
#4680 = VECTOR ( 'NONE', #3170, 1000.000000000000000 ) ;
#4682 = DIRECTION ( 'NONE',  ( 0.000000000000000000, 0.000000000000000000, -1.000000000000000000 ) ) ;
#4683 = EDGE_CURVE ( 'NONE', #1430, #1631, #4037, .T. ) ;
#4684 = ORIENTED_EDGE ( 'NONE', *, *, #370, .F. ) ;
#4685 = CARTESIAN_POINT ( 'NONE',  ( 0.4999999999999987232, 0.2500000000000152656, -1.749999999999998002 ) ) ;
#4686 = VERTEX_POINT ( 'NONE', #1097 ) ;
#4687 = EDGE_CURVE ( 'NONE', #4354, #3289, #4996, .T. ) ;
#4688 = CARTESIAN_POINT ( 'NONE',  ( 1.719999999999998419, 1.370000000000015206, 0.07500000000000214828 ) ) ;
#4689 = VECTOR ( 'NONE', #3146, 1000.000000000000000 ) ;
#4690 = LINE ( 'NONE', #1381, #2487 ) ;
#4691 = DIRECTION ( 'NONE',  ( 0.000000000000000000, -0.000000000000000000, 1.000000000000000000 ) ) ;
#4692 = ORIENTED_EDGE ( 'NONE', *, *, #1768, .T. ) ;
#4693 = EDGE_CURVE ( 'NONE', #5612, #276, #122, .T. ) ;
#4694 = ORIENTED_EDGE ( 'NONE', *, *, #3073, .F. ) ;
#4695 = LINE ( 'NONE', #1261, #4123 ) ;
#4696 = CARTESIAN_POINT ( 'NONE',  ( -0.09500000000000133338, 0.04999999999986868421, -2.799999999999998490 ) ) ;
#4697 = DIRECTION ( 'NONE',  ( -1.000000000000000000, -0.000000000000000000, -0.000000000000000000 ) ) ;
#4698 = DIRECTION ( 'NONE',  ( 0.000000000000000000, 1.000000000000000000, 0.000000000000000000 ) ) ;
#4699 = VERTEX_POINT ( 'NONE', #3028 ) ;
#4700 = CARTESIAN_POINT ( 'NONE',  ( 1.094999999999998863, 0.2500000000000152656, -2.099999999999998757 ) ) ;
#4701 = ORIENTED_EDGE ( 'NONE', *, *, #3527, .T. ) ;
#4702 = VECTOR ( 'NONE', #625, 1000.000000000000000 ) ;
#4703 = DIRECTION ( 'NONE',  ( 1.000000000000000000, 0.000000000000000000, -0.000000000000000000 ) ) ;
#4704 = DIRECTION ( 'NONE',  ( -0.000000000000000000, 1.000000000000000000, 0.000000000000000000 ) ) ;
#4705 = LINE ( 'NONE', #397, #3075 ) ;
#4706 = VECTOR ( 'NONE', #4263, 1000.000000000000000 ) ;
#4707 = LINE ( 'NONE', #3763, #5978 ) ;
#4708 = VERTEX_POINT ( 'NONE', #5943 ) ;
#4709 = VECTOR ( 'NONE', #2640, 1000.000000000000000 ) ;
#4710 = ORIENTED_EDGE ( 'NONE', *, *, #776, .F. ) ;
#4711 = AXIS2_PLACEMENT_3D ( 'NONE', #1000, #2932, #2636 ) ;
#4712 = ORIENTED_EDGE ( 'NONE', *, *, #3889, .F. ) ;
#4713 = CARTESIAN_POINT ( 'NONE',  ( -1.370000000000001439, 0.9600000000000152856, -2.099999999999998757 ) ) ;
#4714 = CARTESIAN_POINT ( 'NONE',  ( 0.5949999999999987521, 0.8061074182865152205, -2.299999999999998046 ) ) ;
#4715 = ORIENTED_EDGE ( 'NONE', *, *, #4687, .F. ) ;
#4716 = CARTESIAN_POINT ( 'NONE',  ( 1.369999999999998774, 0.2800000000000153477, -2.089999999999998082 ) ) ;
#4717 = ORIENTED_EDGE ( 'NONE', *, *, #264, .T. ) ;
#4718 = VECTOR ( 'NONE', #110, 1000.000000000000000 ) ;
#4719 = CARTESIAN_POINT ( 'NONE',  ( 1.314432617519998514, 0.05000000000001530998, -2.089999999999998082 ) ) ;
#4720 = CARTESIAN_POINT ( 'NONE',  ( -1.301042606982605321E-15, 1.640000000000015445, -2.099999999999998757 ) ) ;
#4721 = CARTESIAN_POINT ( 'NONE',  ( 1.369999999999998774, 0.1650000000000153011, -0.1899999999999978928 ) ) ;
#4722 = ORIENTED_EDGE ( 'NONE', *, *, #5380, .F. ) ;
#4723 = ADVANCED_BREP_SHAPE_REPRESENTATION ( 'reoriented-SFV5R-2STBE1HLF', ( #6171, #4536 ), #3029 ) ;
#4724 = ORIENTED_EDGE ( 'NONE', *, *, #15, .T. ) ;
#4725 = AXIS2_PLACEMENT_3D ( 'NONE', #1013, #1926, #1478 ) ;
#4726 = ORIENTED_EDGE ( 'NONE', *, *, #4541, .T. ) ;
#4727 = CARTESIAN_POINT ( 'NONE',  ( -1.105000000000001315, 0.05000000000001530998, -0.3649999999999977152 ) ) ;
#4728 = CARTESIAN_POINT ( 'NONE',  ( 1.369999999999998774, 0.05000000000001530998, 0.05000000000000229955 ) ) ;
#4729 = EDGE_CURVE ( 'NONE', #519, #4516, #2047, .T. ) ;
#4730 = PLANE ( 'NONE',  #860 ) ;
#4731 = DIRECTION ( 'NONE',  ( 0.000000000000000000, 0.000000000000000000, 1.000000000000000000 ) ) ;
#4732 = ORIENTED_EDGE ( 'NONE', *, *, #4583, .T. ) ;
#4733 = VECTOR ( 'NONE', #646, 1000.000000000000000 ) ;
#4734 = EDGE_CURVE ( 'NONE', #3204, #2036, #4001, .T. ) ;
#4735 = DIRECTION ( 'NONE',  ( 0.000000000000000000, 0.000000000000000000, -1.000000000000000000 ) ) ;
#4736 = PRESENTATION_LAYER_ASSIGNMENT (  '', '', ( #2526 ) ) ;
#4737 = ORIENTED_EDGE ( 'NONE', *, *, #2616, .F. ) ;
#4738 = EDGE_CURVE ( 'NONE', #119, #1362, #4064, .T. ) ;
#4739 = CARTESIAN_POINT ( 'NONE',  ( 3.999999999999998224, 0.9600000000000152856, 2.100000000000001865 ) ) ;
#4740 = ADVANCED_FACE ( 'NONE', ( #694 ), #2556, .F. ) ;
#4741 = CARTESIAN_POINT ( 'NONE',  ( -0.09500000000000133338, 0.2499999999999153177, -2.799999999999998490 ) ) ;
#4742 = DIRECTION ( 'NONE',  ( -0.000000000000000000, -1.000000000000000000, -0.000000000000000000 ) ) ;
#4743 = CARTESIAN_POINT ( 'NONE',  ( 0.5949999999999987521, 0.2499999999999153177, -2.799999999999998490 ) ) ;
#4744 = EDGE_LOOP ( 'NONE', ( #2646, #2848, #6001, #1797, #3789, #5337 ) ) ;
#4745 = PLANE ( 'NONE',  #4769 ) ;
#4746 = VECTOR ( 'NONE', #6043, 1000.000000000000000 ) ;
#4747 = ORIENTED_EDGE ( 'NONE', *, *, #432, .F. ) ;
#4748 = EDGE_LOOP ( 'NONE', ( #4241, #5372, #2187, #5087, #5726, #6147, #3978, #1617 ) ) ;
#4749 = CARTESIAN_POINT ( 'NONE',  ( -0.5950000000000013056, 1.203886659155923855, -0.6000000000000028644 ) ) ;
#4750 = CARTESIAN_POINT ( 'NONE',  ( 1.549999999999998490, 1.249130434782918408, 1.200000000000003952 ) ) ;
#4751 = ORIENTED_EDGE ( 'NONE', *, *, #1653, .T. ) ;
#4752 = CARTESIAN_POINT ( 'NONE',  ( -1.301042606982605321E-15, 0.2500000000000152656, -1.899999999999998135 ) ) ;
#4753 = ORIENTED_EDGE ( 'NONE', *, *, #5762, .T. ) ;
#4754 = VECTOR ( 'NONE', #1479, 1000.000000000000000 ) ;
#4755 = CARTESIAN_POINT ( 'NONE',  ( -1.600000000000001421, 0.9600000000000152856, 1.400000000000001910 ) ) ;
#4756 = ADVANCED_FACE ( 'NONE', ( #1162 ), #4469, .T. ) ;
#4757 = LINE ( 'NONE', #3279, #2336 ) ;
#4758 = PLANE ( 'NONE',  #3507 ) ;
#4759 = VERTEX_POINT ( 'NONE', #4434 ) ;
#4760 = ORIENTED_EDGE ( 'NONE', *, *, #2006, .T. ) ;
#4761 = VERTEX_POINT ( 'NONE', #5914 ) ;
#4762 = EDGE_CURVE ( 'NONE', #361, #2179, #5500, .T. ) ;
#4763 = DIRECTION ( 'NONE',  ( 0.000000000000000000, 0.000000000000000000, -1.000000000000000000 ) ) ;
#4764 = FACE_OUTER_BOUND ( 'NONE', #566, .T. ) ;
#4765 = ADVANCED_FACE ( 'NONE', ( #3053 ), #3522, .T. ) ;
#4766 = DIRECTION ( 'NONE',  ( 1.000000000000000000, 0.000000000000000000, 0.000000000000000000 ) ) ;
#4767 = CARTESIAN_POINT ( 'NONE',  ( 0.4999999999999987232, 0.09220050455076719831, -1.994766404376001612 ) ) ;
#4768 = EDGE_LOOP ( 'NONE', ( #4057, #5920, #3935, #3536 ) ) ;
#4769 = AXIS2_PLACEMENT_3D ( 'NONE', #331, #5551, #4242 ) ;
#4770 = ADVANCED_FACE ( 'NONE', ( #4967 ), #4535, .T. ) ;
#4771 = ORIENTED_EDGE ( 'NONE', *, *, #2346, .F. ) ;
#4772 = DIRECTION ( 'NONE',  ( 0.000000000000000000, -1.000000000000000000, -0.000000000000000000 ) ) ;
#4773 = FACE_OUTER_BOUND ( 'NONE', #2520, .T. ) ;
#4774 = DIRECTION ( 'NONE',  ( 1.000000000000000000, -0.000000000000000000, 0.000000000000000000 ) ) ;
#4775 = VECTOR ( 'NONE', #4363, 999.9999999999998863 ) ;
#4776 = ORIENTED_EDGE ( 'NONE', *, *, #1505, .T. ) ;
#4777 = LINE ( 'NONE', #3447, #2762 ) ;
#4778 = ORIENTED_EDGE ( 'NONE', *, *, #5213, .F. ) ;
#4779 = EDGE_LOOP ( 'NONE', ( #170, #2843, #4371, #3949 ) ) ;
#4780 = ADVANCED_FACE ( 'NONE', ( #2109 ), #218, .F. ) ;
#4781 = CARTESIAN_POINT ( 'NONE',  ( 1.549999999999998490, 0.7250000000000152989, -0.2499999999999980571 ) ) ;
#4782 = VECTOR ( 'NONE', #17, 1000.000000000000000 ) ;
#4783 = CARTESIAN_POINT ( 'NONE',  ( -1.500000000000001554, 1.559565217391015279, 1.200000000000001954 ) ) ;
#4784 = FACE_OUTER_BOUND ( 'NONE', #995, .T. ) ;
#4785 = VECTOR ( 'NONE', #992, 1000.000000000000000 ) ;
#4786 = CARTESIAN_POINT ( 'NONE',  ( -1.301042606982605321E-15, 0.2500000000000152656, -2.099999999999998757 ) ) ;
#4787 = VERTEX_POINT ( 'NONE', #2652 ) ;
#4788 = VECTOR ( 'NONE', #2736, 1000.000000000000000 ) ;
#4789 = DIRECTION ( 'NONE',  ( -0.000000000000000000, 0.000000000000000000, -1.000000000000000000 ) ) ;
#4790 = DIRECTION ( 'NONE',  ( -0.000000000000000000, 1.000000000000000000, 0.000000000000000000 ) ) ;
#4791 = DIRECTION ( 'NONE',  ( 0.000000000000000000, 1.000000000000000000, -0.000000000000000000 ) ) ;
#4792 = ORIENTED_EDGE ( 'NONE', *, *, #5106, .T. ) ;
#4793 = VERTEX_POINT ( 'NONE', #4647 ) ;
#4794 = VERTEX_POINT ( 'NONE', #333 ) ;
#4795 = VECTOR ( 'NONE', #411, 1000.000000000000000 ) ;
#4796 = PLANE ( 'NONE',  #200 ) ;
#4797 = FACE_OUTER_BOUND ( 'NONE', #5819, .T. ) ;
#4798 = CARTESIAN_POINT ( 'NONE',  ( -4.000000000000001776, 0.2600000000000153300, 0.7000000000000020650 ) ) ;
#4799 = DIRECTION ( 'NONE',  ( -1.000000000000000000, 0.000000000000000000, -0.000000000000000000 ) ) ;
#4800 = VECTOR ( 'NONE', #5933, 1000.000000000000000 ) ;
#4801 = ORIENTED_EDGE ( 'NONE', *, *, #2037, .F. ) ;
#4802 = LINE ( 'NONE', #3914, #957 ) ;
#4803 = DIRECTION ( 'NONE',  ( 0.000000000000000000, 0.000000000000000000, 1.000000000000000000 ) ) ;
#4804 = DIRECTION ( 'NONE',  ( -1.000000000000000000, -0.000000000000000000, 0.000000000000000000 ) ) ;
#4805 = EDGE_LOOP ( 'NONE', ( #4343, #2064, #2802, #2491, #3990, #5729, #2246, #3353 ) ) ;
#4806 = FACE_OUTER_BOUND ( 'NONE', #376, .T. ) ;
#4807 = VECTOR ( 'NONE', #247, 1000.000000000000000 ) ;
#4808 = ORIENTED_EDGE ( 'NONE', *, *, #753, .F. ) ;
#4809 = VERTEX_POINT ( 'NONE', #4750 ) ;
#4810 = DIRECTION ( 'NONE',  ( -0.000000000000000000, 1.000000000000000000, 0.000000000000000000 ) ) ;
#4811 = DIRECTION ( 'NONE',  ( 1.000000000000000000, 0.000000000000000000, -0.000000000000000000 ) ) ;
#4812 = LINE ( 'NONE', #502, #3427 ) ;
#4813 = VECTOR ( 'NONE', #4051, 1000.000000000000000 ) ;
#4814 = LINE ( 'NONE', #437, #4314 ) ;
#4815 = ORIENTED_EDGE ( 'NONE', *, *, #3995, .F. ) ;
#4816 = EDGE_CURVE ( 'NONE', #4561, #3804, #3368, .T. ) ;
#4817 = VECTOR ( 'NONE', #6148, 1000.000000000000000 ) ;
#4818 = CARTESIAN_POINT ( 'NONE',  ( -1.500000000000001554, 1.260000000000015330, 2.100000000000005862 ) ) ;
#4819 = CARTESIAN_POINT ( 'NONE',  ( -1.301042606982605321E-15, 0.7250000000000152989, -0.2499999999999980571 ) ) ;
#4820 = VERTEX_POINT ( 'NONE', #405 ) ;
#4821 = VECTOR ( 'NONE', #2928, 1000.000000000000000 ) ;
#4822 = ORIENTED_EDGE ( 'NONE', *, *, #3731, .F. ) ;
#4823 = CARTESIAN_POINT ( 'NONE',  ( 0.5949999999999987521, 0.2762038896414996114, -2.300000000000002487 ) ) ;
#4824 = LINE ( 'NONE', #2469, #3906 ) ;
#4825 = DIRECTION ( 'NONE',  ( 1.000000000000000000, -0.000000000000000000, 0.000000000000000000 ) ) ;
#4826 = DIRECTION ( 'NONE',  ( -0.000000000000000000, 1.000000000000000000, 0.000000000000000000 ) ) ;
#4827 = EDGE_LOOP ( 'NONE', ( #5618, #3723, #438, #5588 ) ) ;
#4828 = CARTESIAN_POINT ( 'NONE',  ( 3.749999999999999112, 1.010000000000015330, 0.7000000000000020650 ) ) ;
#4829 = VECTOR ( 'NONE', #2331, 1000.000000000000000 ) ;
#4830 = FACE_OUTER_BOUND ( 'NONE', #5601, .T. ) ;
#4831 = EDGE_CURVE ( 'NONE', #3755, #1430, #942, .T. ) ;
#4832 = AXIS2_PLACEMENT_3D ( 'NONE', #4540, #4971, #2626 ) ;
#4833 = LINE ( 'NONE', #3832, #4678 ) ;
#4834 = ORIENTED_EDGE ( 'NONE', *, *, #446, .F. ) ;
#4835 = CARTESIAN_POINT ( 'NONE',  ( 0.4049999999999986944, 0.09220050455074438323, -1.994766404375844626 ) ) ;
#4836 = ORIENTED_EDGE ( 'NONE', *, *, #523, .F. ) ;
#4837 = ORIENTED_EDGE ( 'NONE', *, *, #539, .F. ) ;
#4838 = LINE ( 'NONE', #2455, #1090 ) ;
#4839 = PLANE ( 'NONE',  #4165 ) ;
#4840 = CARTESIAN_POINT ( 'NONE',  ( -2.010000000000001563, 1.370000000000015206, 0.07500000000000214828 ) ) ;
#4841 = CARTESIAN_POINT ( 'NONE',  ( -1.301042606982605321E-15, 1.235000000000015419, 0.5500000000000018208 ) ) ;
#4842 = EDGE_CURVE ( 'NONE', #809, #4202, #3865, .T. ) ;
#4843 = VERTEX_POINT ( 'NONE', #1850 ) ;
#4844 = EDGE_CURVE ( 'NONE', #4035, #5746, #1468, .T. ) ;
#4845 = EDGE_CURVE ( 'NONE', #293, #4663, #4277, .T. ) ;
#4846 = DIRECTION ( 'NONE',  ( 1.000000000000000000, 0.000000000000000000, -0.000000000000000000 ) ) ;
#4847 = CARTESIAN_POINT ( 'NONE',  ( 0.4049999999999986944, 0.8061074182865152205, -0.6999999999999979572 ) ) ;
#4848 = VERTEX_POINT ( 'NONE', #3303 ) ;
#4849 = EDGE_CURVE ( 'NONE', #4991, #4699, #4341, .T. ) ;
#4850 = ORIENTED_EDGE ( 'NONE', *, *, #4367, .T. ) ;
#4851 = EDGE_CURVE ( 'NONE', #5748, #5135, #1819, .T. ) ;
#4852 = DIRECTION ( 'NONE',  ( 0.000000000000000000, -0.000000000000000000, 1.000000000000000000 ) ) ;
#4853 = CARTESIAN_POINT ( 'NONE',  ( 0.4049999999999986944, 0.1920634580260152935, -1.899999999999998135 ) ) ;
#4854 = DIRECTION ( 'NONE',  ( 0.000000000000000000, 0.000000000000000000, -1.000000000000000000 ) ) ;
#4855 = CARTESIAN_POINT ( 'NONE',  ( 1.094999999999998863, 0.8061074182865152205, -1.899999999999998135 ) ) ;
#4856 = FACE_OUTER_BOUND ( 'NONE', #2220, .T. ) ;
#4857 = EDGE_CURVE ( 'NONE', #5343, #2227, #3398, .T. ) ;
#4858 = ORIENTED_EDGE ( 'NONE', *, *, #1032, .F. ) ;
#4859 = PLANE ( 'NONE',  #2269 ) ;
#4860 = FACE_OUTER_BOUND ( 'NONE', #4027, .T. ) ;
#4861 = CARTESIAN_POINT ( 'NONE',  ( 0.4049999999999986944, 1.251378662819930154, 1.303418489698991767 ) ) ;
#4862 = ORIENTED_EDGE ( 'NONE', *, *, #5631, .T. ) ;
#4863 = CARTESIAN_POINT ( 'NONE',  ( -1.301042606982605321E-15, 0.07110025227538531445, -2.397383202187997497 ) ) ;
#4864 = EDGE_CURVE ( 'NONE', #809, #5223, #2867, .T. ) ;
#4865 = ORIENTED_EDGE ( 'NONE', *, *, #4224, .T. ) ;
#4866 = ORIENTED_EDGE ( 'NONE', *, *, #3265, .T. ) ;
#4867 = CARTESIAN_POINT ( 'NONE',  ( 1.369999999999998774, 1.640000000000015445, -0.1899999999999978928 ) ) ;
#4868 = CARTESIAN_POINT ( 'NONE',  ( 0.5949999999999987521, 1.312198954710015242, -2.299999999999998046 ) ) ;
#4869 = LINE ( 'NONE', #4894, #3929 ) ;
#4870 = ORIENTED_EDGE ( 'NONE', *, *, #221, .F. ) ;
#4871 = CIRCLE ( 'NONE', #5869, 0.09999999999999982514 ) ;
#4872 = ADVANCED_FACE ( 'NONE', ( #972 ), #5216, .T. ) ;
#4873 = CARTESIAN_POINT ( 'NONE',  ( 1.599999999999998090, 1.870000000000015206, 1.370000000000002105 ) ) ;
#4874 = CARTESIAN_POINT ( 'NONE',  ( -1.095000000000001306, 0.8061074182865152205, -0.6999999999999979572 ) ) ;
#4875 = ORIENTED_EDGE ( 'NONE', *, *, #1683, .T. ) ;
#4876 = VECTOR ( 'NONE', #2153, 1000.000000000000000 ) ;
#4877 = VERTEX_POINT ( 'NONE', #2800 ) ;
#4878 = CARTESIAN_POINT ( 'NONE',  ( -1.600000000000001421, 0.1600000000000152689, 1.200000000000001954 ) ) ;
#4879 = LINE ( 'NONE', #541, #408 ) ;
#4880 = CARTESIAN_POINT ( 'NONE',  ( -0.6050000000000013145, 0.1500000000000152878, -1.399999999999998135 ) ) ;
#4881 = CARTESIAN_POINT ( 'NONE',  ( 0.3949999999999986300, 0.2500000000000152656, -1.399999999999998135 ) ) ;
#4882 = ORIENTED_EDGE ( 'NONE', *, *, #4455, .T. ) ;
#4883 = EDGE_LOOP ( 'NONE', ( #3575, #1259, #2671, #4913, #3166, #2118, #1052, #1621, #2700 ) ) ;
#4884 = CARTESIAN_POINT ( 'NONE',  ( 1.094999999999998863, 1.312198954710015242, -0.6999999999999979572 ) ) ;
#4885 = ADVANCED_FACE ( 'NONE', ( #5653 ), #6225, .F. ) ;
#4886 = CARTESIAN_POINT ( 'NONE',  ( -1.301042606982605321E-15, 0.1500000000000152878, -2.799999999999998490 ) ) ;
#4887 = VECTOR ( 'NONE', #4989, 1000.000000000000000 ) ;
#4888 = EDGE_LOOP ( 'NONE', ( #1596, #824, #4937, #575 ) ) ;
#4889 = LINE ( 'NONE', #46, #130 ) ;
#4890 = ORIENTED_EDGE ( 'NONE', *, *, #1146, .F. ) ;
#4891 = ORIENTED_EDGE ( 'NONE', *, *, #969, .T. ) ;
#4892 = LINE ( 'NONE', #3396, #6227 ) ;
#4893 = CARTESIAN_POINT ( 'NONE',  ( 1.719999999999998419, 1.370000000000015206, 1.370000000000002105 ) ) ;
#4894 = CARTESIAN_POINT ( 'NONE',  ( 2.284999999999998810, 0.2800000000000152922, 0.05000000000000229955 ) ) ;
#4895 = EDGE_CURVE ( 'NONE', #4527, #1144, #5752, .T. ) ;
#4896 = CARTESIAN_POINT ( 'NONE',  ( -1.301042606982605321E-15, 1.870000000000015206, 0.05000000000000229955 ) ) ;
#4897 = VERTEX_POINT ( 'NONE', #909 ) ;
#4898 = VECTOR ( 'NONE', #5790, 1000.000000000000000 ) ;
#4899 = LINE ( 'NONE', #594, #5903 ) ;
#4900 = ORIENTED_EDGE ( 'NONE', *, *, #925, .T. ) ;
#4901 = CARTESIAN_POINT ( 'NONE',  ( -1.370000000000001439, 1.755000000000015437, -2.089999999999998082 ) ) ;
#4902 = ADVANCED_FACE ( 'NONE', ( #4784 ), #2769, .F. ) ;
#4903 = ORIENTED_EDGE ( 'NONE', *, *, #497, .T. ) ;
#4904 = AXIS2_PLACEMENT_3D ( 'NONE', #4162, #5607, #5987 ) ;
#4905 = ORIENTED_EDGE ( 'NONE', *, *, #6231, .F. ) ;
#4906 = DIRECTION ( 'NONE',  ( 1.000000000000000000, 0.000000000000000000, -0.000000000000000000 ) ) ;
#4907 = DIRECTION ( 'NONE',  ( -0.000000000000000000, -0.4226182617420166654, -0.9063077870360357613 ) ) ;
#4908 = DIRECTION ( 'NONE',  ( 0.000000000000000000, -1.000000000000000000, -0.000000000000000000 ) ) ;
#4909 = FACE_OUTER_BOUND ( 'NONE', #156, .T. ) ;
#4910 = LINE ( 'NONE', #1043, #5129 ) ;
#4911 = EDGE_LOOP ( 'NONE', ( #108, #4329, #2592, #2130 ) ) ;
#4912 = EDGE_CURVE ( 'NONE', #1022, #1991, #1914, .T. ) ;
#4913 = ORIENTED_EDGE ( 'NONE', *, *, #1153, .T. ) ;
#4914 = VECTOR ( 'NONE', #3318, 1000.000000000000000 ) ;
#4916 = ADVANCED_FACE ( 'NONE', ( #2297 ), #1883, .T. ) ;
#4915 = DIRECTION ( 'NONE',  ( -1.000000000000000000, -0.000000000000000000, 0.000000000000000000 ) ) ;
#4917 = EDGE_CURVE ( 'NONE', #1427, #3040, #1343, .T. ) ;
#4918 = CARTESIAN_POINT ( 'NONE',  ( 2.299999999999998046, 0.9750000000000152989, 0.07500000000000214828 ) ) ;
#4919 = EDGE_LOOP ( 'NONE', ( #4717, #1229, #6098, #4669 ) ) ;
#4920 = CARTESIAN_POINT ( 'NONE',  ( -0.5950000000000013056, 0.2500000000000152656, -2.099999999999998757 ) ) ;
#4921 = EDGE_CURVE ( 'NONE', #1750, #1714, #4812, .T. ) ;
#4922 = EDGE_CURVE ( 'NONE', #6013, #4167, #619, .T. ) ;
#4923 = ORIENTED_EDGE ( 'NONE', *, *, #4114, .T. ) ;
#4924 = ORIENTED_EDGE ( 'NONE', *, *, #3995, .T. ) ;
#4925 = LINE ( 'NONE', #2602, #3405 ) ;
#4926 = VECTOR ( 'NONE', #1423, 1000.000000000000000 ) ;
#4927 = VECTOR ( 'NONE', #1100, 1000.000000000000000 ) ;
#4928 = DIRECTION ( 'NONE',  ( 0.000000000000000000, 0.000000000000000000, -1.000000000000000000 ) ) ;
#4929 = EDGE_CURVE ( 'NONE', #5594, #3228, #5830, .T. ) ;
#4930 = DIRECTION ( 'NONE',  ( -0.000000000000000000, 0.000000000000000000, -1.000000000000000000 ) ) ;
#4931 = CARTESIAN_POINT ( 'NONE',  ( 1.369999999999998774, 0.1650000000000153011, -1.489999999999997771 ) ) ;
#4932 = ORIENTED_EDGE ( 'NONE', *, *, #3793, .F. ) ;
#4933 = VECTOR ( 'NONE', #1439, 1000.000000000000000 ) ;
#4934 = ORIENTED_EDGE ( 'NONE', *, *, #475, .T. ) ;
#4935 = CARTESIAN_POINT ( 'NONE',  ( -1.301042606982605321E-15, 0.2600000000000153300, 2.100000000000001865 ) ) ;
#4936 = DIRECTION ( 'NONE',  ( -0.000000000000000000, 0.000000000000000000, -1.000000000000000000 ) ) ;
#4937 = ORIENTED_EDGE ( 'NONE', *, *, #5809, .F. ) ;
#4938 = ORIENTED_EDGE ( 'NONE', *, *, #2738, .F. ) ;
#4939 = CARTESIAN_POINT ( 'NONE',  ( -1.301042606982605321E-15, 0.2500000000000152656, -2.099999999999998757 ) ) ;
#4940 = DIRECTION ( 'NONE',  ( 0.000000000000000000, -0.000000000000000000, 1.000000000000000000 ) ) ;
#4941 = DIRECTION ( 'NONE',  ( 0.000000000000000000, -1.000000000000000000, -0.000000000000000000 ) ) ;
#4942 = DIRECTION ( 'NONE',  ( 0.000000000000000000, 1.000000000000000000, 0.000000000000000000 ) ) ;
#4943 = CARTESIAN_POINT ( 'NONE',  ( 0.9999999999999991118, 0.04999999999985190596, -2.799999999999998490 ) ) ;
#4944 = ORIENTED_EDGE ( 'NONE', *, *, #1494, .F. ) ;
#4945 = EDGE_CURVE ( 'NONE', #4994, #762, #138, .T. ) ;
#4946 = DIRECTION ( 'NONE',  ( 0.000000000000000000, 0.9985927540074329700, 0.05303311836815174929 ) ) ;
#4947 = CARTESIAN_POINT ( 'NONE',  ( -0.1050000000000013561, 0.2500000000000152656, -1.749999999999998002 ) ) ;
#4948 = CARTESIAN_POINT ( 'NONE',  ( -1.095000000000001306, 0.1920634580262153002, -1.999999999999997335 ) ) ;
#4949 = ORIENTED_EDGE ( 'NONE', *, *, #1107, .T. ) ;
#4950 = DIRECTION ( 'NONE',  ( 1.000000000000000000, 0.000000000000000000, 0.000000000000000000 ) ) ;
#4951 = ORIENTED_EDGE ( 'NONE', *, *, #370, .T. ) ;
#4952 = EDGE_LOOP ( 'NONE', ( #3272, #3797, #2244, #2308, #5461, #528, #6105, #4662, #2191, #3874, #3890, #146, #5683, #4870, #4145, #5550 ) ) ;
#4953 = CARTESIAN_POINT ( 'NONE',  ( 2.264432617519998914, 1.820000000000015383, -2.089999999999998082 ) ) ;
#4954 = DIRECTION ( 'NONE',  ( 1.000000000000000000, -0.000000000000000000, 0.000000000000000000 ) ) ;
#4955 = DIRECTION ( 'NONE',  ( 0.000000000000000000, -0.000000000000000000, 1.000000000000000000 ) ) ;
#4956 = LINE ( 'NONE', #1179, #4491 ) ;
#4957 = ORIENTED_EDGE ( 'NONE', *, *, #5963, .T. ) ;
#4958 = EDGE_CURVE ( 'NONE', #4411, #1922, #2067, .T. ) ;
#4959 = DIRECTION ( 'NONE',  ( -0.000000000000000000, 0.000000000000000000, -1.000000000000000000 ) ) ;
#4960 = LINE ( 'NONE', #2170, #5695 ) ;
#4961 = ORIENTED_EDGE ( 'NONE', *, *, #4078, .F. ) ;
#4962 = AXIS2_PLACEMENT_3D ( 'NONE', #469, #5720, #1406 ) ;
#4963 = APPLICATION_CONTEXT ( 'automotive_design' ) ;
#4964 = ORIENTED_EDGE ( 'NONE', *, *, #5846, .T. ) ;
#4965 = PLANE ( 'NONE',  #5708 ) ;
#4966 = VECTOR ( 'NONE', #2255, 1000.000000000000000 ) ;
#4967 = FACE_OUTER_BOUND ( 'NONE', #939, .T. ) ;
#4968 = CARTESIAN_POINT ( 'NONE',  ( 0.9999999999999991118, 0.7942014221757153214, -2.299999999999998046 ) ) ;
#4969 = VECTOR ( 'NONE', #3192, 1000.000000000000000 ) ;
#4970 =( NAMED_UNIT ( * ) SI_UNIT ( $, .STERADIAN. ) SOLID_ANGLE_UNIT ( ) );
#4971 = DIRECTION ( 'NONE',  ( 0.000000000000000000, 0.9986295347545731671, -0.05233595624295860060 ) ) ;
#4972 = VERTEX_POINT ( 'NONE', #3958 ) ;
#4973 = AXIS2_PLACEMENT_3D ( 'NONE', #3792, #359, #2323 ) ;
#4974 = DIRECTION ( 'NONE',  ( 1.000000000000000000, 0.000000000000000000, -0.000000000000000000 ) ) ;
#4975 = LINE ( 'NONE', #3158, #4022 ) ;
#4976 = LINE ( 'NONE', #5513, #3472 ) ;
#4977 = CARTESIAN_POINT ( 'NONE',  ( -1.370000000000001439, 0.2000000000000153044, -0.1899999999999978928 ) ) ;
#4978 = DIRECTION ( 'NONE',  ( 0.000000000000000000, -0.000000000000000000, 1.000000000000000000 ) ) ;
#4979 = VERTEX_POINT ( 'NONE', #4422 ) ;
#4980 = ORIENTED_EDGE ( 'NONE', *, *, #467, .T. ) ;
#4981 = LINE ( 'NONE', #135, #5504 ) ;
#4982 = DIRECTION ( 'NONE',  ( -0.000000000000000000, 0.000000000000000000, -1.000000000000000000 ) ) ;
#4983 = VECTOR ( 'NONE', #31, 1000.000000000000000 ) ;
#4984 = CARTESIAN_POINT ( 'NONE',  ( -1.550000000000001377, 0.8700000000000153166, 1.200000000000001954 ) ) ;
#4985 = LINE ( 'NONE', #4523, #5894 ) ;
#4986 = ORIENTED_EDGE ( 'NONE', *, *, #848, .F. ) ;
#4987 = DIRECTION ( 'NONE',  ( 0.000000000000000000, 0.000000000000000000, -1.000000000000000000 ) ) ;
#4988 = ORIENTED_EDGE ( 'NONE', *, *, #2629, .F. ) ;
#4989 = DIRECTION ( 'NONE',  ( -0.000000000000000000, -1.000000000000000000, -0.000000000000000000 ) ) ;
#4990 = EDGE_CURVE ( 'NONE', #2601, #2171, #4450, .T. ) ;
#4991 = VERTEX_POINT ( 'NONE', #2985 ) ;
#4992 = VECTOR ( 'NONE', #55, 1000.000000000000000 ) ;
#4993 = ADVANCED_FACE ( 'NONE', ( #5840 ), #5367, .F. ) ;
#4994 = VERTEX_POINT ( 'NONE', #167 ) ;
#4995 = DIRECTION ( 'NONE',  ( 1.000000000000000000, 0.000000000000000000, 0.000000000000000000 ) ) ;
#4996 = LINE ( 'NONE', #1315, #5627 ) ;
#4997 = ORIENTED_EDGE ( 'NONE', *, *, #1958, .T. ) ;
#4998 = LINE ( 'NONE', #2175, #719 ) ;
#4999 = AXIS2_PLACEMENT_3D ( 'NONE', #1777, #3229, #4139 ) ;
#5000 = DIRECTION ( 'NONE',  ( -1.000000000000000000, 0.000000000000000000, -0.000000000000000000 ) ) ;
#5001 = DIRECTION ( 'NONE',  ( 1.000000000000000000, -0.000000000000000000, 0.000000000000000000 ) ) ;
#5002 = VECTOR ( 'NONE', #6111, 1000.000000000000000 ) ;
#5003 = EDGE_LOOP ( 'NONE', ( #538, #5149, #695, #3020 ) ) ;
#5004 = EDGE_LOOP ( 'NONE', ( #5679, #1338, #3698, #5487, #554, #2071 ) ) ;
#5005 = DIRECTION ( 'NONE',  ( 0.000000000000000000, 1.000000000000000000, 0.000000000000000000 ) ) ;
#5006 = CARTESIAN_POINT ( 'NONE',  ( -1.789432617520001267, 1.820000000000015383, -1.135193183304997966 ) ) ;
#5007 = LINE ( 'NONE', #4441, #4876 ) ;
#5008 = FACE_OUTER_BOUND ( 'NONE', #1728, .T. ) ;
#5009 = LINE ( 'NONE', #132, #2195 ) ;
#5010 = ORIENTED_EDGE ( 'NONE', *, *, #242, .F. ) ;
#5011 = EDGE_LOOP ( 'NONE', ( #794, #4585, #5833, #433 ) ) ;
#5012 = VECTOR ( 'NONE', #4255, 1000.000000000000000 ) ;
#5013 = CARTESIAN_POINT ( 'NONE',  ( -1.301042606982605321E-15, 0.05000000000001530998, -0.3649999999999977152 ) ) ;
#5014 = EDGE_CURVE ( 'NONE', #964, #5026, #5871, .T. ) ;
#5015 = DIRECTION ( 'NONE',  ( 0.000000000000000000, -0.000000000000000000, 1.000000000000000000 ) ) ;
#5016 = LINE ( 'NONE', #679, #1009 ) ;
#5017 = DIRECTION ( 'NONE',  ( 1.000000000000000000, 0.000000000000000000, -0.000000000000000000 ) ) ;
#5018 = ORIENTED_EDGE ( 'NONE', *, *, #294, .T. ) ;
#5019 = VECTOR ( 'NONE', #4215, 1000.000000000000000 ) ;
#5020 = EDGE_CURVE ( 'NONE', #5602, #3620, #3986, .T. ) ;
#5021 = LINE ( 'NONE', #1249, #1384 ) ;
#5022 = ADVANCED_FACE ( 'NONE', ( #2513 ), #2931, .T. ) ;
#5023 = ORIENTED_EDGE ( 'NONE', *, *, #1686, .T. ) ;
#5024 = VECTOR ( 'NONE', #3544, 1000.000000000000000 ) ;
#5025 = DIRECTION ( 'NONE',  ( -0.000000000000000000, 1.000000000000000000, 0.000000000000000000 ) ) ;
#5026 = VERTEX_POINT ( 'NONE', #51 ) ;
#5027 = EDGE_CURVE ( 'NONE', #4475, #3506, #3016, .T. ) ;
#5028 = ORIENTED_EDGE ( 'NONE', *, *, #623, .F. ) ;
#5029 = VECTOR ( 'NONE', #5000, 1000.000000000000000 ) ;
#5030 = EDGE_CURVE ( 'NONE', #3980, #3570, #4869, .T. ) ;
#5031 = FACE_OUTER_BOUND ( 'NONE', #3503, .T. ) ;
#5032 = DIRECTION ( 'NONE',  ( 0.000000000000000000, -0.000000000000000000, 1.000000000000000000 ) ) ;
#5033 = ORIENTED_EDGE ( 'NONE', *, *, #4183, .T. ) ;
#5034 = DIRECTION ( 'NONE',  ( 0.000000000000000000, 1.000000000000000000, -0.000000000000000000 ) ) ;
#5035 = DIRECTION ( 'NONE',  ( 0.000000000000000000, 0.000000000000000000, -1.000000000000000000 ) ) ;
#5036 = AXIS2_PLACEMENT_3D ( 'NONE', #3123, #5034, #2846 ) ;
#5037 = EDGE_LOOP ( 'NONE', ( #2388, #2838, #2953, #1237 ) ) ;
#5038 = ADVANCED_FACE ( 'NONE', ( #1531 ), #1558, .T. ) ;
#5039 = ORIENTED_EDGE ( 'NONE', *, *, #5105, .T. ) ;
#5040 = LINE ( 'NONE', #4573, #6075 ) ;
#5041 = DIRECTION ( 'NONE',  ( -0.000000000000000000, 1.000000000000000000, 0.000000000000000000 ) ) ;
#5042 = EDGE_CURVE ( 'NONE', #1881, #5430, #2098, .T. ) ;
#5043 = CARTESIAN_POINT ( 'NONE',  ( 1.094999999999998863, 0.2499999999999479583, -2.800000000000000266 ) ) ;
#5044 = LINE ( 'NONE', #2725, #5108 ) ;
#5045 = CARTESIAN_POINT ( 'NONE',  ( -1.514432617520001578, 0.2000000000000152767, -1.389999999999998348 ) ) ;
#5046 = ORIENTED_EDGE ( 'NONE', *, *, #3527, .F. ) ;
#5047 = DIRECTION ( 'NONE',  ( 1.000000000000000000, 0.000000000000000000, -0.000000000000000000 ) ) ;
#5048 = DIRECTION ( 'NONE',  ( 1.000000000000000000, 0.000000000000000000, -0.000000000000000000 ) ) ;
#5049 = DIRECTION ( 'NONE',  ( 0.000000000000000000, -0.000000000000000000, 1.000000000000000000 ) ) ;
#5050 = VERTEX_POINT ( 'NONE', #5427 ) ;
#5051 = ORIENTED_EDGE ( 'NONE', *, *, #5568, .T. ) ;
#5052 = CARTESIAN_POINT ( 'NONE',  ( 0.1049999999999987610, 0.2500000000000152656, -1.399999999999998135 ) ) ;
#5053 = ORIENTED_EDGE ( 'NONE', *, *, #932, .F. ) ;
#5054 = DIRECTION ( 'NONE',  ( 0.000000000000000000, -0.000000000000000000, 1.000000000000000000 ) ) ;
#5055 = VERTEX_POINT ( 'NONE', #5932 ) ;
#5056 = AXIS2_PLACEMENT_3D ( 'NONE', #4863, #3329, #526 ) ;
#5057 = EDGE_CURVE ( 'NONE', #5212, #4848, #2003, .T. ) ;
#5058 = LINE ( 'NONE', #3119, #4807 ) ;
#5059 = VECTOR ( 'NONE', #1590, 1000.000000000000000 ) ;
#5060 = PLANE ( 'NONE',  #114 ) ;
#5061 = LINE ( 'NONE', #3246, #3931 ) ;
#5062 = LINE ( 'NONE', #1666, #2428 ) ;
#5063 = ORIENTED_EDGE ( 'NONE', *, *, #4408, .T. ) ;
#5064 = VECTOR ( 'NONE', #1137, 1000.000000000000000 ) ;
#5065 = ORIENTED_EDGE ( 'NONE', *, *, #658, .F. ) ;
#5066 = CARTESIAN_POINT ( 'NONE',  ( 1.094999999999998863, 0.1920634580262153002, -1.999999999999997335 ) ) ;
#5067 = VECTOR ( 'NONE', #4697, 1000.000000000000000 ) ;
#5068 = FACE_OUTER_BOUND ( 'NONE', #3520, .T. ) ;
#5069 = CARTESIAN_POINT ( 'NONE',  ( 0.5949999999999987521, 0.9600000000000152856, -2.099999999999998757 ) ) ;
#5070 = PLANE ( 'NONE',  #2409 ) ;
#5071 = ORIENTED_EDGE ( 'NONE', *, *, #4917, .F. ) ;
#5072 = DIRECTION ( 'NONE',  ( 0.000000000000000000, 0.000000000000000000, -1.000000000000000000 ) ) ;
#5073 = VECTOR ( 'NONE', #2257, 1000.000000000000000 ) ;
#5074 = ORIENTED_EDGE ( 'NONE', *, *, #3078, .F. ) ;
#5075 = DIRECTION ( 'NONE',  ( 0.000000000000000000, -0.000000000000000000, 1.000000000000000000 ) ) ;
#5076 = EDGE_CURVE ( 'NONE', #5258, #3540, #112, .T. ) ;
#5077 = CARTESIAN_POINT ( 'NONE',  ( -0.4050000000000013034, 0.1920634580260152935, -1.899999999999998135 ) ) ;
#5078 = CARTESIAN_POINT ( 'NONE',  ( -0.5950000000000013056, 1.312198954710015242, -2.099999999999998757 ) ) ;
#5079 = CARTESIAN_POINT ( 'NONE',  ( 1.599999999999998090, 0.9600000000000152856, 1.285000000000002141 ) ) ;
#5080 = ORIENTED_EDGE ( 'NONE', *, *, #1385, .T. ) ;
#5081 = CARTESIAN_POINT ( 'NONE',  ( -1.720000000000001528, 0.8700000000000153166, 0.9250000000000020428 ) ) ;
#5082 = ORIENTED_EDGE ( 'NONE', *, *, #5559, .F. ) ;
#5083 = EDGE_LOOP ( 'NONE', ( #948, #1630, #907, #1552 ) ) ;
#5084 = DIRECTION ( 'NONE',  ( 0.000000000000000000, 0.9063077870360357613, -0.4226182617420166654 ) ) ;
#5085 = ORIENTED_EDGE ( 'NONE', *, *, #763, .T. ) ;
#5086 = LINE ( 'NONE', #4217, #4486 ) ;
#5087 = ORIENTED_EDGE ( 'NONE', *, *, #935, .F. ) ;
#5088 = CARTESIAN_POINT ( 'NONE',  ( 0.4999999999999987232, 0.2460317290131153467, -1.899999999999998135 ) ) ;
#5089 = EDGE_CURVE ( 'NONE', #4663, #2172, #1084, .T. ) ;
#5090 = CARTESIAN_POINT ( 'NONE',  ( 0.9049999999999986944, 0.8061074182865152205, -1.899999999999998135 ) ) ;
#5091 =( NAMED_UNIT ( * ) PLANE_ANGLE_UNIT ( ) SI_UNIT ( $, .RADIAN. ) );
#5092 = DIRECTION ( 'NONE',  ( 1.000000000000000000, 0.000000000000000000, -0.000000000000000000 ) ) ;
#5093 = ORIENTED_EDGE ( 'NONE', *, *, #3736, .T. ) ;
#5094 = VECTOR ( 'NONE', #5407, 1000.000000000000000 ) ;
#5095 = ORIENTED_EDGE ( 'NONE', *, *, #5486, .T. ) ;
#5096 = ORIENTED_EDGE ( 'NONE', *, *, #234, .T. ) ;
#5097 = AXIS2_PLACEMENT_3D ( 'NONE', #5204, #1365, #296 ) ;
#5098 = LINE ( 'NONE', #4727, #3120 ) ;
#5099 = FACE_OUTER_BOUND ( 'NONE', #3888, .T. ) ;
#5100 = CARTESIAN_POINT ( 'NONE',  ( 0.4049999999999986944, 1.203886659155923855, -0.6000000000000028644 ) ) ;
#5101 = LINE ( 'NONE', #1173, #793 ) ;
#5102 = ORIENTED_EDGE ( 'NONE', *, *, #1386, .F. ) ;
#5103 = VECTOR ( 'NONE', #3574, 1000.000000000000000 ) ;
#5104 = LINE ( 'NONE', #833, #1182 ) ;
#5105 = EDGE_CURVE ( 'NONE', #3497, #2315, #1120, .T. ) ;
#5106 = EDGE_CURVE ( 'NONE', #5856, #1988, #5964, .T. ) ;
#5107 = ORIENTED_EDGE ( 'NONE', *, *, #2965, .F. ) ;
#5108 = VECTOR ( 'NONE', #6082, 1000.000000000000000 ) ;
#5109 = EDGE_CURVE ( 'NONE', #416, #3561, #4141, .T. ) ;
#5110 = LINE ( 'NONE', #3760, #5603 ) ;
#5111 = EDGE_CURVE ( 'NONE', #5650, #3782, #5016, .T. ) ;
#5112 = LINE ( 'NONE', #1839, #3664 ) ;
#5113 = DIRECTION ( 'NONE',  ( -0.000000000000000000, 0.000000000000000000, -1.000000000000000000 ) ) ;
#5114 = LINE ( 'NONE', #4240, #5179 ) ;
#5115 = ORIENTED_EDGE ( 'NONE', *, *, #1876, .T. ) ;
#5116 = EDGE_CURVE ( 'NONE', #3717, #977, #714, .T. ) ;
#5117 = ORIENTED_EDGE ( 'NONE', *, *, #3143, .F. ) ;
#5118 = VERTEX_POINT ( 'NONE', #5078 ) ;
#5119 = EDGE_CURVE ( 'NONE', #1199, #5634, #5586, .T. ) ;
#5120 = VECTOR ( 'NONE', #2595, 1000.000000000000000 ) ;
#5121 = ADVANCED_FACE ( 'NONE', ( #3573 ), #3109, .T. ) ;
#5122 = DIRECTION ( 'NONE',  ( -0.000000000000000000, 1.000000000000000000, 0.000000000000000000 ) ) ;
#5123 = ORIENTED_EDGE ( 'NONE', *, *, #1032, .T. ) ;
#5124 = CARTESIAN_POINT ( 'NONE',  ( -1.464432617519496382, 1.820000000000015383, -0.1900000000000096056 ) ) ;
#5125 = EDGE_CURVE ( 'NONE', #1979, #2402, #4611, .T. ) ;
#5126 = VERTEX_POINT ( 'NONE', #4171 ) ;
#5127 = CARTESIAN_POINT ( 'NONE',  ( 1.094999999999998863, 1.312198954710015242, -2.299999999999998046 ) ) ;
#5128 = AXIS2_PLACEMENT_3D ( 'NONE', #3741, #3800, #3839 ) ;
#5129 = VECTOR ( 'NONE', #154, 1000.000000000000000 ) ;
#5130 = CARTESIAN_POINT ( 'NONE',  ( 2.284999999999998810, 0.05000000000001530998, 0.05000000000000229955 ) ) ;
#5131 = FILL_AREA_STYLE ('',( #2748 ) ) ;
#5132 = CARTESIAN_POINT ( 'NONE',  ( -0.9050000000000012479, 1.117991655294979791, 1.017369128957926305 ) ) ;
#5133 = ORIENTED_EDGE ( 'NONE', *, *, #4990, .T. ) ;
#5134 = ORIENTED_EDGE ( 'NONE', *, *, #4842, .T. ) ;
#5135 = VERTEX_POINT ( 'NONE', #5548 ) ;
#5136 = DIRECTION ( 'NONE',  ( 1.000000000000000000, 0.000000000000000000, -0.000000000000000000 ) ) ;
#5137 = LINE ( 'NONE', #4160, #2719 ) ;
#5138 = DIRECTION ( 'NONE',  ( -1.000000000000000000, 0.000000000000000000, -0.000000000000000000 ) ) ;
#5139 = CARTESIAN_POINT ( 'NONE',  ( -1.600000000000001421, 0.5800000000000153921, 1.400000000000001910 ) ) ;
#5140 = ORIENTED_EDGE ( 'NONE', *, *, #4463, .F. ) ;
#5141 = LINE ( 'NONE', #391, #4817 ) ;
#5142 = ORIENTED_EDGE ( 'NONE', *, *, #1768, .F. ) ;
#5143 = EDGE_CURVE ( 'NONE', #436, #2742, #6089, .T. ) ;
#5144 = ORIENTED_EDGE ( 'NONE', *, *, #2808, .T. ) ;
#5145 = DIRECTION ( 'NONE',  ( -0.000000000000000000, 1.000000000000000000, 0.000000000000000000 ) ) ;
#5146 = DIRECTION ( 'NONE',  ( 0.000000000000000000, -1.000000000000000000, -0.000000000000000000 ) ) ;
#5147 = DIRECTION ( 'NONE',  ( -0.000000000000000000, -1.000000000000000000, -0.000000000000000000 ) ) ;
#5148 = PLANE ( 'NONE',  #1461 ) ;
#5149 = ORIENTED_EDGE ( 'NONE', *, *, #2141, .F. ) ;
#5150 = EDGE_CURVE ( 'NONE', #5126, #3095, #5484, .T. ) ;
#5151 = VERTEX_POINT ( 'NONE', #4984 ) ;
#5152 = EDGE_CURVE ( 'NONE', #1991, #5650, #746, .T. ) ;
#5153 = DIRECTION ( 'NONE',  ( 0.000000000000000000, 0.000000000000000000, -1.000000000000000000 ) ) ;
#5154 = DIRECTION ( 'NONE',  ( 0.000000000000000000, 0.000000000000000000, -1.000000000000000000 ) ) ;
#5155 = VERTEX_POINT ( 'NONE', #2670 ) ;
#5156 = CARTESIAN_POINT ( 'NONE',  ( -0.9050000000000012479, 0.2500000000000152656, -1.749999999999998002 ) ) ;
#5157 = EDGE_CURVE ( 'NONE', #5792, #4375, #2698, .T. ) ;
#5158 = ORIENTED_EDGE ( 'NONE', *, *, #1653, .F. ) ;
#5159 = CARTESIAN_POINT ( 'NONE',  ( -1.301042606982605321E-15, 1.870000000000015206, 1.734723475976807094E-15 ) ) ;
#5160 = CARTESIAN_POINT ( 'NONE',  ( 1.599999999999998090, 1.760000000000015330, 1.400000000000001910 ) ) ;
#5161 =( NAMED_UNIT ( * ) SI_UNIT ( $, .STERADIAN. ) SOLID_ANGLE_UNIT ( ) );
#5162 = PLANE ( 'NONE',  #5917 ) ;
#5163 = ORIENTED_EDGE ( 'NONE', *, *, #458, .T. ) ;
#5164 = ORIENTED_EDGE ( 'NONE', *, *, #1772, .T. ) ;
#5165 = LINE ( 'NONE', #3250, #2727 ) ;
#5166 = PLANE ( 'NONE',  #1571 ) ;
#5167 = DIRECTION ( 'NONE',  ( 0.000000000000000000, -1.000000000000000000, -0.000000000000000000 ) ) ;
#5168 = CARTESIAN_POINT ( 'NONE',  ( -1.550000000000001377, 0.7200000000000152944, -0.2499999999999980571 ) ) ;
#5169 = EDGE_LOOP ( 'NONE', ( #2917, #2710, #4722, #4507 ) ) ;
#5170 = EDGE_CURVE ( 'NONE', #5801, #6172, #298, .T. ) ;
#5171 = CARTESIAN_POINT ( 'NONE',  ( 1.599999999999998090, 0.3700000000000153166, 1.300000000000002043 ) ) ;
#5172 = VECTOR ( 'NONE', #1778, 1000.000000000000000 ) ;
#5173 = ORIENTED_EDGE ( 'NONE', *, *, #1114, .F. ) ;
#5174 = DIRECTION ( 'NONE',  ( -0.000000000000000000, 1.000000000000000000, 0.000000000000000000 ) ) ;
#5175 = CARTESIAN_POINT ( 'NONE',  ( -0.5000000000000013323, 1.312198954710015242, -2.299999999999998046 ) ) ;
#5176 = LINE ( 'NONE', #869, #3380 ) ;
#5177 = DIRECTION ( 'NONE',  ( 1.000000000000000000, 0.000000000000000000, 0.000000000000000000 ) ) ;
#5178 = ORIENTED_EDGE ( 'NONE', *, *, #2634, .F. ) ;
#5179 = VECTOR ( 'NONE', #1244, 1000.000000000000000 ) ;
#5180 = ORIENTED_EDGE ( 'NONE', *, *, #1485, .F. ) ;
#5181 = VERTEX_POINT ( 'NONE', #1178 ) ;
#5182 = DIRECTION ( 'NONE',  ( -1.000000000000000000, -0.000000000000000000, -0.000000000000000000 ) ) ;
#5183 = CARTESIAN_POINT ( 'NONE',  ( -2.285000000000001474, 0.2800000000000152922, 0.05000000000000229955 ) ) ;
#5184 = ORIENTED_EDGE ( 'NONE', *, *, #5876, .F. ) ;
#5185 = CARTESIAN_POINT ( 'NONE',  ( 0.4049999999999986944, 0.8061074182865152205, -0.6999999999999979572 ) ) ;
#5186 = ORIENTED_EDGE ( 'NONE', *, *, #6117, .T. ) ;
#5187 = EDGE_CURVE ( 'NONE', #5305, #4296, #2163, .T. ) ;
#5188 = CARTESIAN_POINT ( 'NONE',  ( 3.999999999999999112, 0.2600000000000153300, 1.400000000000001910 ) ) ;
#5189 = EDGE_CURVE ( 'NONE', #3804, #3854, #5994, .T. ) ;
#5190 = AXIS2_PLACEMENT_3D ( 'NONE', #1091, #721, #1691 ) ;
#5191 = DIRECTION ( 'NONE',  ( 0.000000000000000000, -0.000000000000000000, 1.000000000000000000 ) ) ;
#5192 = LINE ( 'NONE', #375, #5820 ) ;
#5193 = ORIENTED_EDGE ( 'NONE', *, *, #5919, .F. ) ;
#5194 = ORIENTED_EDGE ( 'NONE', *, *, #4958, .T. ) ;
#5195 = EDGE_LOOP ( 'NONE', ( #3219, #2684, #731, #2951 ) ) ;
#5196 = CARTESIAN_POINT ( 'NONE',  ( -2.400000000000001688, 0.9600000000000152856, 1.370000000000002105 ) ) ;
#5197 = DIRECTION ( 'NONE',  ( 1.000000000000000000, 0.000000000000000000, 0.000000000000000000 ) ) ;
#5198 = DIRECTION ( 'NONE',  ( 0.000000000000000000, -1.000000000000000000, -0.000000000000000000 ) ) ;
#5199 = DIRECTION ( 'NONE',  ( 1.000000000000000000, -0.000000000000000000, 0.000000000000000000 ) ) ;
#5200 = VERTEX_POINT ( 'NONE', #4584 ) ;
#5201 = CARTESIAN_POINT ( 'NONE',  ( -0.4050000000000013034, 1.117991655295015319, 1.017369128958002023 ) ) ;
#5202 = VERTEX_POINT ( 'NONE', #1681 ) ;
#5203 = AXIS2_PLACEMENT_3D ( 'NONE', #5499, #4995, #1695 ) ;
#5204 = CARTESIAN_POINT ( 'NONE',  ( -2.285000000000001474, 1.640000000000015445, -1.024999999999998135 ) ) ;
#5205 = CARTESIAN_POINT ( 'NONE',  ( -0.5950000000000013056, 0.9600000000000152856, -2.099999999999998757 ) ) ;
#5206 = DIRECTION ( 'NONE',  ( 0.000000000000000000, -0.000000000000000000, 1.000000000000000000 ) ) ;
#5207 = VECTOR ( 'NONE', #3959, 1000.000000000000000 ) ;
#5208 = CARTESIAN_POINT ( 'NONE',  ( 2.232216308760998746, 0.9100000000000152411, -2.089999999999998082 ) ) ;
#5209 = VERTEX_POINT ( 'NONE', #6024 ) ;
#5210 = ORIENTED_EDGE ( 'NONE', *, *, #1123, .T. ) ;
#5211 = VECTOR ( 'NONE', #1295, 1000.000000000000000 ) ;
#5212 = VERTEX_POINT ( 'NONE', #3604 ) ;
#5213 = EDGE_CURVE ( 'NONE', #5966, #2745, #267, .T. ) ;
#5214 = ORIENTED_EDGE ( 'NONE', *, *, #5919, .T. ) ;
#5215 = DIRECTION ( 'NONE',  ( -0.000000000000000000, 0.000000000000000000, 1.000000000000000000 ) ) ;
#5216 = PLANE ( 'NONE',  #5128 ) ;
#5217 = ORIENTED_EDGE ( 'NONE', *, *, #3338, .F. ) ;
#5218 = DIRECTION ( 'NONE',  ( 0.000000000000000000, 1.000000000000000000, -0.000000000000000000 ) ) ;
#5219 = ORIENTED_EDGE ( 'NONE', *, *, #1694, .T. ) ;
#5220 = EDGE_CURVE ( 'NONE', #964, #2911, #1243, .T. ) ;
#5221 = ADVANCED_FACE ( 'NONE', ( #2605 ), #4112, .F. ) ;
#5222 = DIRECTION ( 'NONE',  ( 0.000000000000000000, 0.4226182617420166654, 0.9063077870360357613 ) ) ;
#5223 = VERTEX_POINT ( 'NONE', #427 ) ;
#5224 = DIRECTION ( 'NONE',  ( 1.000000000000000000, 0.000000000000000000, -0.000000000000000000 ) ) ;
#5225 = CARTESIAN_POINT ( 'NONE',  ( 1.514432617520497848, 0.2800000000000153477, -2.089999999999998082 ) ) ;
#5226 = VERTEX_POINT ( 'NONE', #2354 ) ;
#5227 = ADVANCED_FACE ( 'NONE', ( #18 ), #3696, .T. ) ;
#5228 = EDGE_LOOP ( 'NONE', ( #3298, #5406, #213, #873, #3257, #1156, #115, #5882 ) ) ;
#5229 = AXIS2_PLACEMENT_3D ( 'NONE', #1449, #2407, #2942 ) ;
#5230 = ORIENTED_EDGE ( 'NONE', *, *, #1745, .F. ) ;
#5231 = VECTOR ( 'NONE', #5855, 1000.000000000000000 ) ;
#5232 = DIRECTION ( 'NONE',  ( 1.000000000000000000, 0.000000000000000000, 0.000000000000000000 ) ) ;
#5233 = DIRECTION ( 'NONE',  ( 0.9998486879257484361, 0.000000000000000000, 0.01739543771106084186 ) ) ;
#5234 = CARTESIAN_POINT ( 'NONE',  ( -1.301042606982605321E-15, 1.251378662819562670, 1.303418489699011973 ) ) ;
#5235 = DIRECTION ( 'NONE',  ( 1.000000000000000000, 0.000000000000000000, 0.000000000000000000 ) ) ;
#5236 = VERTEX_POINT ( 'NONE', #5646 ) ;
#5237 = VECTOR ( 'NONE', #4955, 1000.000000000000000 ) ;
#5238 = ADVANCED_FACE ( 'NONE', ( #3325 ), #2831, .T. ) ;
#5239 =( GEOMETRIC_REPRESENTATION_CONTEXT ( 3 ) GLOBAL_UNCERTAINTY_ASSIGNED_CONTEXT ( ( #2382 ) ) GLOBAL_UNIT_ASSIGNED_CONTEXT ( ( #4539, #1665, #4970 ) ) REPRESENTATION_CONTEXT ( 'NONE', 'WORKASPACE' ) );
#5240 = ORIENTED_EDGE ( 'NONE', *, *, #1503, .F. ) ;
#5241 = DIRECTION ( 'NONE',  ( 0.000000000000000000, 0.000000000000000000, -1.000000000000000000 ) ) ;
#5242 = LINE ( 'NONE', #4413, #1453 ) ;
#5243 = LINE ( 'NONE', #6119, #5582 ) ;
#5244 = DIRECTION ( 'NONE',  ( 0.000000000000000000, -0.000000000000000000, 1.000000000000000000 ) ) ;
#5245 = ORIENTED_EDGE ( 'NONE', *, *, #3113, .F. ) ;
#5246 = LINE ( 'NONE', #2891, #1242 ) ;
#5247 = VECTOR ( 'NONE', #1664, 1000.000000000000000 ) ;
#5248 = ORIENTED_EDGE ( 'NONE', *, *, #560, .F. ) ;
#5249 = ORIENTED_EDGE ( 'NONE', *, *, #1308, .F. ) ;
#5250 = DIRECTION ( 'NONE',  ( 1.000000000000000000, -0.000000000000000000, 0.000000000000000000 ) ) ;
#5251 = DIRECTION ( 'NONE',  ( -0.000000000000000000, 0.000000000000000000, -1.000000000000000000 ) ) ;
#5252 = DIRECTION ( 'NONE',  ( 0.000000000000000000, 1.000000000000000000, 0.000000000000000000 ) ) ;
#5253 = DIRECTION ( 'NONE',  ( -1.000000000000000000, -0.000000000000000000, 0.000000000000000000 ) ) ;
#5254 = VERTEX_POINT ( 'NONE', #934 ) ;
#5255 = DIRECTION ( 'NONE',  ( -0.000000000000000000, 0.000000000000000000, -1.000000000000000000 ) ) ;
#5256 = CARTESIAN_POINT ( 'NONE',  ( 0.9049999999999986944, 1.210000000000013953, -0.5999999999999980904 ) ) ;
#5257 = CARTESIAN_POINT ( 'NONE',  ( -1.301042606982605321E-15, 1.260000000000015330, 1.900000000000001910 ) ) ;
#5258 = VERTEX_POINT ( 'NONE', #5268 ) ;
#5259 = ORIENTED_EDGE ( 'NONE', *, *, #2166, .T. ) ;
#5260 = ORIENTED_EDGE ( 'NONE', *, *, #1647, .F. ) ;
#5261 = DIRECTION ( 'NONE',  ( 0.000000000000000000, 0.000000000000000000, -1.000000000000000000 ) ) ;
#5262 = PLANE ( 'NONE',  #5414 ) ;
#5263 = FACE_OUTER_BOUND ( 'NONE', #4827, .T. ) ;
#5264 = CARTESIAN_POINT ( 'NONE',  ( -1.600000000000001421, 0.1600000000000152689, 1.285000000000002141 ) ) ;
#5265 = VECTOR ( 'NONE', #6061, 1000.000000000000000 ) ;
#5266 = ORIENTED_EDGE ( 'NONE', *, *, #3529, .T. ) ;
#5267 = LINE ( 'NONE', #4330, #3169 ) ;
#5268 = CARTESIAN_POINT ( 'NONE',  ( -3.150000000000151346, 3.117081245895825248E-16, -1.579999999999998073 ) ) ;
#5269 = PLANE ( 'NONE',  #4278 ) ;
#5270 = VECTOR ( 'NONE', #5431, 1000.000000000000000 ) ;
#5271 = EDGE_LOOP ( 'NONE', ( #1804, #5904, #641, #6060 ) ) ;
#5272 = CARTESIAN_POINT ( 'NONE',  ( -1.720000000000001528, 1.370000000000015206, 0.07500000000000214828 ) ) ;
#5273 = VERTEX_POINT ( 'NONE', #492 ) ;
#5274 = EDGE_LOOP ( 'NONE', ( #1260, #1519, #4113, #2617 ) ) ;
#5275 = DIRECTION ( 'NONE',  ( 0.000000000000000000, 1.000000000000000000, 0.000000000000000000 ) ) ;
#5276 = VECTOR ( 'NONE', #3881, 1000.000000000000000 ) ;
#5277 = LINE ( 'NONE', #3367, #1248 ) ;
#5278 = CARTESIAN_POINT ( 'NONE',  ( -0.5000000000000013323, 0.2762038896414153455, -2.299999999999998046 ) ) ;
#5279 = VECTOR ( 'NONE', #3721, 1000.000000000000000 ) ;
#5280 = LINE ( 'NONE', #1915, #2809 ) ;
#5281 = VERTEX_POINT ( 'NONE', #4332 ) ;
#5282 = VECTOR ( 'NONE', #5330, 1000.000000000000000 ) ;
#5283 = FACE_OUTER_BOUND ( 'NONE', #1880, .T. ) ;
#5284 = DIRECTION ( 'NONE',  ( 1.000000000000000000, 0.000000000000000000, -0.000000000000000000 ) ) ;
#5285 = LINE ( 'NONE', #980, #401 ) ;
#5286 = ORIENTED_EDGE ( 'NONE', *, *, #877, .F. ) ;
#5287 = VERTEX_POINT ( 'NONE', #4239 ) ;
#5288 = EDGE_CURVE ( 'NONE', #5612, #2982, #1305, .T. ) ;
#5289 = VECTOR ( 'NONE', #406, 1000.000000000000000 ) ;
#5290 = DIRECTION ( 'NONE',  ( 0.000000000000000000, 0.000000000000000000, -1.000000000000000000 ) ) ;
#5291 = DIRECTION ( 'NONE',  ( 1.000000000000000000, -0.000000000000000000, 0.000000000000000000 ) ) ;
#5292 = DIRECTION ( 'NONE',  ( 1.000000000000000000, 0.000000000000000000, 0.000000000000000000 ) ) ;
#5293 = DIRECTION ( 'NONE',  ( 0.000000000000000000, 1.000000000000000000, 0.000000000000000000 ) ) ;
#5294 = EDGE_LOOP ( 'NONE', ( #1169, #2718, #2010, #5115 ) ) ;
#5295 = EDGE_CURVE ( 'NONE', #4809, #1115, #3231, .T. ) ;
#5296 = LINE ( 'NONE', #2502, #5369 ) ;
#5297 = LINE ( 'NONE', #3443, #1559 ) ;
#5298 = LINE ( 'NONE', #2386, #4076 ) ;
#5299 = ADVANCED_FACE ( 'NONE', ( #837 ), #2415, .F. ) ;
#5300 = VERTEX_POINT ( 'NONE', #1811 ) ;
#5301 = DIRECTION ( 'NONE',  ( 1.000000000000000000, -0.000000000000000000, 0.000000000000000000 ) ) ;
#5302 = EDGE_CURVE ( 'NONE', #1187, #1111, #5711, .T. ) ;
#5303 = AXIS2_PLACEMENT_3D ( 'NONE', #5462, #1753, #5942 ) ;
#5304 = EDGE_CURVE ( 'NONE', #2798, #4347, #5243, .T. ) ;
#5305 = VERTEX_POINT ( 'NONE', #1367 ) ;
#5306 = ORIENTED_EDGE ( 'NONE', *, *, #4106, .T. ) ;
#5307 = DIRECTION ( 'NONE',  ( 1.000000000000000000, 0.000000000000000000, 0.000000000000000000 ) ) ;
#5308 = LINE ( 'NONE', #588, #4775 ) ;
#5309 = DIRECTION ( 'NONE',  ( 1.000000000000000000, 0.000000000000000000, -0.000000000000000000 ) ) ;
#5310 = VECTOR ( 'NONE', #1040, 1000.000000000000000 ) ;
#5311 = ADVANCED_FACE ( 'NONE', ( #6155 ), #3733, .T. ) ;
#5312 = PLANE ( 'NONE',  #4711 ) ;
#5313 = ORIENTED_EDGE ( 'NONE', *, *, #1333, .F. ) ;
#5314 = EDGE_CURVE ( 'NONE', #6032, #2307, #5176, .T. ) ;
#5315 = DIRECTION ( 'NONE',  ( 0.000000000000000000, 0.000000000000000000, -1.000000000000000000 ) ) ;
#5316 = EDGE_CURVE ( 'NONE', #5792, #2236, #4705, .T. ) ;
#5317 = CARTESIAN_POINT ( 'NONE',  ( -0.9050000000000012479, 0.9650000000000152900, -0.5999999999999980904 ) ) ;
#5318 = ORIENTED_EDGE ( 'NONE', *, *, #2320, .F. ) ;
#5319 = VECTOR ( 'NONE', #2659, 1000.000000000000000 ) ;
#5320 = ORIENTED_EDGE ( 'NONE', *, *, #2149, .T. ) ;
#5321 = CARTESIAN_POINT ( 'NONE',  ( 1.549999999999998490, 0.7200000000000152944, -0.2499999999999980571 ) ) ;
#5322 = CARTESIAN_POINT ( 'NONE',  ( 0.9049999999999986944, 0.9650000000000152900, -0.5999999999999980904 ) ) ;
#5323 = PLANE ( 'NONE',  #1513 ) ;
#5324 = PLANE ( 'NONE',  #4032 ) ;
#5325 = VERTEX_POINT ( 'NONE', #962 ) ;
#5326 = VECTOR ( 'NONE', #1512, 1000.000000000000000 ) ;
#5327 = ORIENTED_EDGE ( 'NONE', *, *, #5781, .F. ) ;
#5328 = DIRECTION ( 'NONE',  ( 0.000000000000000000, 0.000000000000000000, 1.000000000000000000 ) ) ;
#5329 = VECTOR ( 'NONE', #5113, 1000.000000000000000 ) ;
#5330 = DIRECTION ( 'NONE',  ( -0.000000000000000000, -1.000000000000000000, -0.000000000000000000 ) ) ;
#5331 = VECTOR ( 'NONE', #3648, 1000.000000000000000 ) ;
#5332 = DIRECTION ( 'NONE',  ( 0.000000000000000000, 0.000000000000000000, 1.000000000000000000 ) ) ;
#5333 = ORIENTED_EDGE ( 'NONE', *, *, #1494, .T. ) ;
#5334 = PRESENTATION_LAYER_ASSIGNMENT (  '', '', ( #715 ) ) ;
#5335 = FACE_OUTER_BOUND ( 'NONE', #2974, .T. ) ;
#5336 = EDGE_CURVE ( 'NONE', #1190, #5662, #2385, .T. ) ;
#5337 = ORIENTED_EDGE ( 'NONE', *, *, #4303, .T. ) ;
#5338 = ORIENTED_EDGE ( 'NONE', *, *, #98, .F. ) ;
#5339 = LINE ( 'NONE', #1972, #2713 ) ;
#5340 = DIRECTION ( 'NONE',  ( -0.000000000000000000, -0.000000000000000000, -1.000000000000000000 ) ) ;
#5341 = CARTESIAN_POINT ( 'NONE',  ( -1.550000000000001377, 0.7200000000000152944, 0.3000000000000018763 ) ) ;
#5342 = EDGE_CURVE ( 'NONE', #6172, #1948, #4267, .T. ) ;
#5343 = VERTEX_POINT ( 'NONE', #2858 ) ;
#5344 = PLANE ( 'NONE',  #3401 ) ;
#5345 = FACE_OUTER_BOUND ( 'NONE', #5760, .T. ) ;
#5346 = ORIENTED_EDGE ( 'NONE', *, *, #4568, .F. ) ;
#5347 = ADVANCED_FACE ( 'NONE', ( #4773 ), #1432, .T. ) ;
#5348 = ORIENTED_EDGE ( 'NONE', *, *, #2895, .F. ) ;
#5349 = LINE ( 'NONE', #3051, #2910 ) ;
#5350 = CARTESIAN_POINT ( 'NONE',  ( 1.314432617519998514, 0.9100000000000152411, -2.089999999999998082 ) ) ;
#5351 = LINE ( 'NONE', #571, #3137 ) ;
#5352 = CARTESIAN_POINT ( 'NONE',  ( -1.000000000000001332, 0.2762038896414153455, -2.299999999999998046 ) ) ;
#5353 = ORIENTED_EDGE ( 'NONE', *, *, #2993, .T. ) ;
#5354 = VERTEX_POINT ( 'NONE', #5744 ) ;
#5355 = EDGE_CURVE ( 'NONE', #2704, #343, #548, .T. ) ;
#5356 = PLANE ( 'NONE',  #2371 ) ;
#5357 = CARTESIAN_POINT ( 'NONE',  ( -0.5950000000000013056, 0.2500000000000152656, -1.749999999999998002 ) ) ;
#5358 = LINE ( 'NONE', #1875, #3467 ) ;
#5359 = VECTOR ( 'NONE', #2924, 1000.000000000000114 ) ;
#5360 = VERTEX_POINT ( 'NONE', #3882 ) ;
#5361 = DIRECTION ( 'NONE',  ( -1.000000000000000000, -0.000000000000000000, 0.000000000000000000 ) ) ;
#5362 = VERTEX_POINT ( 'NONE', #68 ) ;
#5363 = ORIENTED_EDGE ( 'NONE', *, *, #304, .T. ) ;
#5364 = DIRECTION ( 'NONE',  ( -0.000000000000000000, 0.000000000000000000, 1.000000000000000000 ) ) ;
#5365 = DIRECTION ( 'NONE',  ( 0.000000000000000000, 1.000000000000000000, 0.000000000000000000 ) ) ;
#5366 = VECTOR ( 'NONE', #2608, 1000.000000000000000 ) ;
#5367 = PLANE ( 'NONE',  #2327 ) ;
#5368 = ORIENTED_EDGE ( 'NONE', *, *, #2548, .F. ) ;
#5369 = VECTOR ( 'NONE', #2384, 1000.000000000000000 ) ;
#5370 = DIRECTION ( 'NONE',  ( -1.000000000000000000, -0.000000000000000000, 0.000000000000000000 ) ) ;
#5371 = FACE_OUTER_BOUND ( 'NONE', #1158, .T. ) ;
#5372 = ORIENTED_EDGE ( 'NONE', *, *, #5656, .F. ) ;
#5373 = VECTOR ( 'NONE', #5417, 1000.000000000000000 ) ;
#5374 = EDGE_CURVE ( 'NONE', #3847, #1375, #2921, .T. ) ;
#5375 = ORIENTED_EDGE ( 'NONE', *, *, #5, .T. ) ;
#5376 = ADVANCED_FACE ( 'NONE', ( #4830 ), #1019, .F. ) ;
#5377 = CARTESIAN_POINT ( 'NONE',  ( 2.444432617519998630, 0.1000000000000453165, -0.8999999999999980238 ) ) ;
#5378 = DIRECTION ( 'NONE',  ( -1.000000000000000000, 0.000000000000000000, -0.000000000000000000 ) ) ;
#5379 = CARTESIAN_POINT ( 'NONE',  ( -0.6050000000000013145, 0.2500000000000152656, -2.099999999999998757 ) ) ;
#5380 = EDGE_CURVE ( 'NONE', #3175, #3243, #5297, .T. ) ;
#5381 = CARTESIAN_POINT ( 'NONE',  ( 2.264432617519998914, 1.640000000000015445, -2.089999999999998082 ) ) ;
#5382 = ORIENTED_EDGE ( 'NONE', *, *, #2234, .T. ) ;
#5383 = EDGE_CURVE ( 'NONE', #2549, #3622, #991, .T. ) ;
#5384 = VERTEX_POINT ( 'NONE', #522 ) ;
#5385 = CARTESIAN_POINT ( 'NONE',  ( 0.5949999999999987521, 1.210000000000013953, -0.5999999999999980904 ) ) ;
#5386 = PLANE ( 'NONE',  #2061 ) ;
#5387 = ORIENTED_EDGE ( 'NONE', *, *, #1694, .F. ) ;
#5388 = ORIENTED_EDGE ( 'NONE', *, *, #3736, .F. ) ;
#5389 = CARTESIAN_POINT ( 'NONE',  ( 2.582216308760998391, 0.2000000000000153044, -1.579999999999998073 ) ) ;
#5390 = ORIENTED_EDGE ( 'NONE', *, *, #304, .F. ) ;
#5391 = ORIENTED_EDGE ( 'NONE', *, *, #649, .T. ) ;
#5392 = ORIENTED_EDGE ( 'NONE', *, *, #6153, .F. ) ;
#5393 = FACE_OUTER_BOUND ( 'NONE', #4417, .T. ) ;
#5394 = CARTESIAN_POINT ( 'NONE',  ( 3.844432617519998541, 0.2000000000000153044, -1.139999999999998126 ) ) ;
#5395 = DIRECTION ( 'NONE',  ( -1.000000000000000000, -0.000000000000000000, -0.000000000000000000 ) ) ;
#5396 = DIRECTION ( 'NONE',  ( 1.000000000000000000, 0.000000000000000000, -0.000000000000000000 ) ) ;
#5397 = ORIENTED_EDGE ( 'NONE', *, *, #6231, .T. ) ;
#5398 = ORIENTED_EDGE ( 'NONE', *, *, #4929, .F. ) ;
#5399 = AXIS2_PLACEMENT_3D ( 'NONE', #477, #5692, #5222 ) ;
#5400 = PLANE ( 'NONE',  #1984 ) ;
#5401 = CARTESIAN_POINT ( 'NONE',  ( -1.314432617520501223, 3.320369153236857329E-16, -2.089999999999998082 ) ) ;
#5402 = VECTOR ( 'NONE', #2129, 1000.000000000000000 ) ;
#5403 = ORIENTED_EDGE ( 'NONE', *, *, #904, .F. ) ;
#5404 = EDGE_CURVE ( 'NONE', #1790, #4496, #2448, .T. ) ;
#5405 = VECTOR ( 'NONE', #533, 1000.000000000000000 ) ;
#5406 = ORIENTED_EDGE ( 'NONE', *, *, #462, .F. ) ;
#5407 = DIRECTION ( 'NONE',  ( 0.000000000000000000, -1.000000000000000000, -0.000000000000000000 ) ) ;
#5408 = PLANE ( 'NONE',  #1608 ) ;
#5409 = DIRECTION ( 'NONE',  ( 0.000000000000000000, 1.000000000000000000, 0.000000000000000000 ) ) ;
#5410 = EDGE_CURVE ( 'NONE', #399, #453, #1049, .T. ) ;
#5411 = CARTESIAN_POINT ( 'NONE',  ( 1.719999999999998419, 0.9600000000000152856, 1.370000000000002105 ) ) ;
#5412 = AXIS2_PLACEMENT_3D ( 'NONE', #5810, #970, #24 ) ;
#5413 = ORIENTED_EDGE ( 'NONE', *, *, #5404, .F. ) ;
#5414 = AXIS2_PLACEMENT_3D ( 'NONE', #4260, #5233, #891 ) ;
#5415 = DIRECTION ( 'NONE',  ( -0.000000000000000000, -0.000000000000000000, 1.000000000000000000 ) ) ;
#5416 = EDGE_CURVE ( 'NONE', #3026, #3814, #2476, .T. ) ;
#5417 = DIRECTION ( 'NONE',  ( 1.000000000000000000, 0.000000000000000000, -0.000000000000000000 ) ) ;
#5418 = DIRECTION ( 'NONE',  ( 1.000000000000000000, -0.000000000000000000, 0.000000000000000000 ) ) ;
#5419 = EDGE_LOOP ( 'NONE', ( #2814, #5306, #2093, #1269 ) ) ;
#5420 = FACE_OUTER_BOUND ( 'NONE', #2279, .T. ) ;
#5421 = ORIENTED_EDGE ( 'NONE', *, *, #5755, .T. ) ;
#5422 = ORIENTED_EDGE ( 'NONE', *, *, #2360, .T. ) ;
#5423 = PLANE ( 'NONE',  #2403 ) ;
#5424 = AXIS2_PLACEMENT_3D ( 'NONE', #4406, #570, #3848 ) ;
#5425 = AXIS2_PLACEMENT_3D ( 'NONE', #6045, #1258, #791 ) ;
#5426 = FACE_OUTER_BOUND ( 'NONE', #2553, .T. ) ;
#5427 = CARTESIAN_POINT ( 'NONE',  ( 1.599999999999998090, 1.760000000000015330, 2.100000000000001865 ) ) ;
#5428 = CARTESIAN_POINT ( 'NONE',  ( -1.370000000000001439, 0.05000000000001530998, -2.099999999999998757 ) ) ;
#5429 = VERTEX_POINT ( 'NONE', #5831 ) ;
#5430 = VERTEX_POINT ( 'NONE', #1933 ) ;
#5431 = DIRECTION ( 'NONE',  ( 0.000000000000000000, -0.000000000000000000, 1.000000000000000000 ) ) ;
#5432 = DIRECTION ( 'NONE',  ( 0.000000000000000000, 0.000000000000000000, 1.000000000000000000 ) ) ;
#5433 = VERTEX_POINT ( 'NONE', #2949 ) ;
#5434 = ORIENTED_EDGE ( 'NONE', *, *, #4851, .F. ) ;
#5435 = DIRECTION ( 'NONE',  ( -0.000000000000000000, 1.000000000000000000, 0.000000000000000000 ) ) ;
#5436 = DIRECTION ( 'NONE',  ( 0.000000000000000000, 1.000000000000000000, 0.000000000000000000 ) ) ;
#5437 = LINE ( 'NONE', #4565, #6047 ) ;
#5438 = PLANE ( 'NONE',  #2329 ) ;
#5439 = FACE_OUTER_BOUND ( 'NONE', #4059, .T. ) ;
#5440 = ORIENTED_EDGE ( 'NONE', *, *, #4545, .F. ) ;
#5441 = DIRECTION ( 'NONE',  ( 0.000000000000000000, 0.000000000000000000, -1.000000000000000000 ) ) ;
#5442 = DIRECTION ( 'NONE',  ( 1.000000000000000000, 0.000000000000000000, 0.000000000000000000 ) ) ;
#5443 = CARTESIAN_POINT ( 'NONE',  ( -0.4050000000000013034, 0.8061074182865152205, -2.799999999999998490 ) ) ;
#5444 = LINE ( 'NONE', #4786, #5911 ) ;
#5445 = DIRECTION ( 'NONE',  ( 1.000000000000000000, 0.000000000000000000, -0.000000000000000000 ) ) ;
#5446 = ORIENTED_EDGE ( 'NONE', *, *, #1378, .F. ) ;
#5447 = ORIENTED_EDGE ( 'NONE', *, *, #3983, .F. ) ;
#5448 = LINE ( 'NONE', #4447, #2820 ) ;
#5449 = ADVANCED_FACE ( 'NONE', ( #4860 ), #4386, .F. ) ;
#5450 = CARTESIAN_POINT ( 'NONE',  ( 3.199999999999998845, 1.870000000000015206, 0.05000000000000229955 ) ) ;
#5451 = CARTESIAN_POINT ( 'NONE',  ( -1.301042606982605321E-15, 1.251378662819562670, 1.303418489699011973 ) ) ;
#5452 = DIRECTION ( 'NONE',  ( -1.000000000000000000, -0.000000000000000000, -0.000000000000000000 ) ) ;
#5453 = ORIENTED_EDGE ( 'NONE', *, *, #4831, .F. ) ;
#5454 = ADVANCED_FACE ( 'NONE', ( #3171 ), #4676, .F. ) ;
#5455 = VECTOR ( 'NONE', #302, 1000.000000000000000 ) ;
#5456 = CARTESIAN_POINT ( 'NONE',  ( 1.514432617519998248, 0.2800000000000152922, -1.489999999999997771 ) ) ;
#5457 = EDGE_LOOP ( 'NONE', ( #429, #1910, #3003, #4615, #3772, #690, #353, #1275, #3155, #717, #1491 ) ) ;
#5458 = LINE ( 'NONE', #2104, #4389 ) ;
#5459 = ORIENTED_EDGE ( 'NONE', *, *, #5157, .T. ) ;
#5460 = AXIS2_PLACEMENT_3D ( 'NONE', #1711, #5931, #2189 ) ;
#5461 = ORIENTED_EDGE ( 'NONE', *, *, #3338, .T. ) ;
#5462 = CARTESIAN_POINT ( 'NONE',  ( -1.301042606982605321E-15, 0.1499999999999653277, -1.399999999999998135 ) ) ;
#5463 = CARTESIAN_POINT ( 'NONE',  ( -1.301042606982605321E-15, 0.7200000000000152944, 0.3000000000000018763 ) ) ;
#5464 = ORIENTED_EDGE ( 'NONE', *, *, #264, .F. ) ;
#5465 = LINE ( 'NONE', #631, #2024 ) ;
#5466 = VECTOR ( 'NONE', #2025, 1000.000000000000000 ) ;
#5467 = LINE ( 'NONE', #5946, #4630 ) ;
#5468 = FACE_OUTER_BOUND ( 'NONE', #4464, .T. ) ;
#5469 = EDGE_CURVE ( 'NONE', #3717, #4561, #4142, .T. ) ;
#5470 = ORIENTED_EDGE ( 'NONE', *, *, #3543, .T. ) ;
#5471 = VECTOR ( 'NONE', #3357, 1000.000000000000000 ) ;
#5472 = DIRECTION ( 'NONE',  ( -0.000000000000000000, 0.000000000000000000, -1.000000000000000000 ) ) ;
#5473 = CARTESIAN_POINT ( 'NONE',  ( -1.500000000000001554, 1.249130434782821597, 1.200000000000006173 ) ) ;
#5474 = DIRECTION ( 'NONE',  ( 0.000000000000000000, -0.000000000000000000, 1.000000000000000000 ) ) ;
#5475 = CARTESIAN_POINT ( 'NONE',  ( -1.301042606982605321E-15, 0.9600000000000152856, 2.100000000000001865 ) ) ;
#5476 = CARTESIAN_POINT ( 'NONE',  ( 2.264432617519998914, 0.9100000000000152411, -2.089999999999998082 ) ) ;
#5477 = EDGE_CURVE ( 'NONE', #4820, #4561, #2292, .T. ) ;
#5478 = VERTEX_POINT ( 'NONE', #3233 ) ;
#5479 = EDGE_CURVE ( 'NONE', #1300, #3386, #428, .T. ) ;
#5480 = CARTESIAN_POINT ( 'NONE',  ( -1.095000000000001306, 0.8061074182865152205, -2.799999999999998490 ) ) ;
#5481 = LINE ( 'NONE', #5900, #5059 ) ;
#5482 = EDGE_CURVE ( 'NONE', #3827, #5478, #4208, .T. ) ;
#5483 = VECTOR ( 'NONE', #6135, 1000.000000000000000 ) ;
#5484 = LINE ( 'NONE', #4554, #3621 ) ;
#5485 = CARTESIAN_POINT ( 'NONE',  ( 1.094999999999998863, 0.04999999999985191290, -2.799999999999998490 ) ) ;
#5486 = EDGE_CURVE ( 'NONE', #1111, #593, #1713, .T. ) ;
#5487 = ORIENTED_EDGE ( 'NONE', *, *, #3292, .F. ) ;
#5488 = ADVANCED_FACE ( 'NONE', ( #3636 ), #5148, .F. ) ;
#5489 = DIRECTION ( 'NONE',  ( 0.000000000000000000, 1.000000000000000000, 0.000000000000000000 ) ) ;
#5490 = EDGE_CURVE ( 'NONE', #4708, #4020, #778, .T. ) ;
#5491 = ORIENTED_EDGE ( 'NONE', *, *, #3576, .T. ) ;
#5492 = LINE ( 'NONE', #4058, #569 ) ;
#5493 = EDGE_CURVE ( 'NONE', #5634, #5273, #838, .T. ) ;
#5494 = ORIENTED_EDGE ( 'NONE', *, *, #1675, .F. ) ;
#5495 = ORIENTED_EDGE ( 'NONE', *, *, #3189, .T. ) ;
#5496 = VECTOR ( 'NONE', #5370, 1000.000000000000000 ) ;
#5497 = ORIENTED_EDGE ( 'NONE', *, *, #2888, .F. ) ;
#5498 = ADVANCED_FACE ( 'NONE', ( #4612 ), #808, .F. ) ;
#5499 = CARTESIAN_POINT ( 'NONE',  ( -0.5950000000000013056, 0.1920634580262153002, -1.999999999999997335 ) ) ;
#5500 = LINE ( 'NONE', #3555, #3022 ) ;
#5501 = AXIS2_PLACEMENT_3D ( 'NONE', #3567, #4950, #2155 ) ;
#5502 = VERTEX_POINT ( 'NONE', #5549 ) ;
#5503 = FACE_OUTER_BOUND ( 'NONE', #1628, .T. ) ;
#5504 = VECTOR ( 'NONE', #5047, 1000.000000000000000 ) ;
#5505 = CARTESIAN_POINT ( 'NONE',  ( -1.514432617520001578, 0.9100000000000152411, -1.389999999999998348 ) ) ;
#5506 = VECTOR ( 'NONE', #5253, 1000.000000000000000 ) ;
#5507 = ORIENTED_EDGE ( 'NONE', *, *, #5143, .F. ) ;
#5508 = ORIENTED_EDGE ( 'NONE', *, *, #6165, .T. ) ;
#5509 = ORIENTED_EDGE ( 'NONE', *, *, #5774, .F. ) ;
#5510 = EDGE_CURVE ( 'NONE', #6222, #2383, #1812, .T. ) ;
#5511 = CARTESIAN_POINT ( 'NONE',  ( 1.369999999999998774, 0.05000000000001530998, -1.024999999999998135 ) ) ;
#5512 = CARTESIAN_POINT ( 'NONE',  ( 1.599999999999998090, 1.315000000000015268, 1.750000000000001998 ) ) ;
#5513 = CARTESIAN_POINT ( 'NONE',  ( -0.09500000000000133338, 0.8061074182865152205, -1.899999999999998135 ) ) ;
#5514 = FACE_OUTER_BOUND ( 'NONE', #3435, .T. ) ;
#5515 = PLANE ( 'NONE',  #4010 ) ;
#5516 = ORIENTED_EDGE ( 'NONE', *, *, #363, .T. ) ;
#5517 = VECTOR ( 'NONE', #3107, 1000.000000000000000 ) ;
#5518 = LINE ( 'NONE', #1117, #490 ) ;
#5519 = DIRECTION ( 'NONE',  ( 0.000000000000000000, -0.000000000000000000, 1.000000000000000000 ) ) ;
#5520 = CARTESIAN_POINT ( 'NONE',  ( 0.4049999999999986944, 0.8061074182865152205, -2.299999999999998046 ) ) ;
#5521 = CARTESIAN_POINT ( 'NONE',  ( 2.799999999999998490, 0.9600000000000152856, 1.400000000000001910 ) ) ;
#5522 = EDGE_CURVE ( 'NONE', #3505, #1075, #902, .T. ) ;
#5523 = ORIENTED_EDGE ( 'NONE', *, *, #5841, .F. ) ;
#5524 = VECTOR ( 'NONE', #5795, 1000.000000000000000 ) ;
#5525 = DIRECTION ( 'NONE',  ( 0.000000000000000000, -0.000000000000000000, 1.000000000000000000 ) ) ;
#5526 = EDGE_LOOP ( 'NONE', ( #334, #6064, #2877, #2537 ) ) ;
#5527 = VECTOR ( 'NONE', #5395, 1000.000000000000000 ) ;
#5528 = DIRECTION ( 'NONE',  ( 0.000000000000000000, -0.000000000000000000, 1.000000000000000000 ) ) ;
#5529 = ORIENTED_EDGE ( 'NONE', *, *, #634, .F. ) ;
#5530 = COLOUR_RGB ( '',0.7921568627450980005, 0.8196078431372548767, 0.9333333333333333481 ) ;
#5531 = FACE_OUTER_BOUND ( 'NONE', #268, .T. ) ;
#5532 = DIRECTION ( 'NONE',  ( 0.000000000000000000, -1.000000000000000000, -0.000000000000000000 ) ) ;
#5533 = APPLICATION_PROTOCOL_DEFINITION ( 'draft international standard', 'automotive_design', 1998, #4963 ) ;
#5534 = DIRECTION ( 'NONE',  ( 0.000000000000000000, -0.000000000000000000, 1.000000000000000000 ) ) ;
#5535 = ORIENTED_EDGE ( 'NONE', *, *, #4729, .T. ) ;
#5536 = AXIS2_PLACEMENT_3D ( 'NONE', #3492, #1983, #12 ) ;
#5537 = EDGE_CURVE ( 'NONE', #3540, #534, #5114, .T. ) ;
#5538 = VERTEX_POINT ( 'NONE', #2699 ) ;
#5539 = DIRECTION ( 'NONE',  ( 0.000000000000000000, 0.000000000000000000, -1.000000000000000000 ) ) ;
#5540 = CARTESIAN_POINT ( 'NONE',  ( -0.5000000000000013323, 0.2500000000000152656, -1.899999999999998135 ) ) ;
#5541 = LINE ( 'NONE', #4230, #653 ) ;
#5542 = CARTESIAN_POINT ( 'NONE',  ( -1.095000000000001306, 0.04999999999986868421, -2.799999999999998490 ) ) ;
#5543 = ORIENTED_EDGE ( 'NONE', *, *, #655, .F. ) ;
#5544 = LINE ( 'NONE', #2317, #3898 ) ;
#5545 = ORIENTED_EDGE ( 'NONE', *, *, #4452, .F. ) ;
#5546 = CARTESIAN_POINT ( 'NONE',  ( 0.3949999999999986300, 0.1500000000000152878, -1.399999999999998135 ) ) ;
#5547 = CARTESIAN_POINT ( 'NONE',  ( -1.301042606982605321E-15, 1.185809608451015462, 1.162805198833802178 ) ) ;
#5548 = CARTESIAN_POINT ( 'NONE',  ( -0.4050000000000013034, 0.2762038896414996114, -2.300000000000002487 ) ) ;
#5549 = CARTESIAN_POINT ( 'NONE',  ( -1.720000000000001528, 1.370000000000015206, 1.400000000000001910 ) ) ;
#5550 = ORIENTED_EDGE ( 'NONE', *, *, #1108, .T. ) ;
#5551 = DIRECTION ( 'NONE',  ( -0.000000000000000000, 1.000000000000000000, 0.000000000000000000 ) ) ;
#5552 = EDGE_CURVE ( 'NONE', #6221, #2662, #4642, .T. ) ;
#5553 = CARTESIAN_POINT ( 'NONE',  ( -0.9050000000000012479, 1.312198954710015242, -2.299999999999998046 ) ) ;
#5554 = ORIENTED_EDGE ( 'NONE', *, *, #4040, .F. ) ;
#5555 = FACE_OUTER_BOUND ( 'NONE', #5004, .T. ) ;
#5556 = ORIENTED_EDGE ( 'NONE', *, *, #269, .T. ) ;
#5557 = AXIS2_PLACEMENT_3D ( 'NONE', #1998, #1936, #2980 ) ;
#5558 = CARTESIAN_POINT ( 'NONE',  ( -0.5950000000000013056, 1.235000000000015419, 0.5500000000000018208 ) ) ;
#5559 = EDGE_CURVE ( 'NONE', #5354, #826, #3734, .T. ) ;
#5560 = VECTOR ( 'NONE', #5340, 1000.000000000000000 ) ;
#5561 = LINE ( 'NONE', #2715, #4186 ) ;
#5562 = LINE ( 'NONE', #6044, #5834 ) ;
#5563 = DIRECTION ( 'NONE',  ( 0.000000000000000000, 0.000000000000000000, -1.000000000000000000 ) ) ;
#5564 = ORIENTED_EDGE ( 'NONE', *, *, #3547, .T. ) ;
#5565 = ADVANCED_FACE ( 'NONE', ( #6156 ), #1337, .F. ) ;
#5566 = EDGE_CURVE ( 'NONE', #5988, #3600, #4707, .T. ) ;
#5567 = ADVANCED_FACE ( 'NONE', ( #2978 ), #2950, .F. ) ;
#5568 = EDGE_CURVE ( 'NONE', #3622, #1720, #549, .T. ) ;
#5569 = AXIS2_PLACEMENT_3D ( 'NONE', #734, #4946, #3005 ) ;
#5570 = ORIENTED_EDGE ( 'NONE', *, *, #4387, .T. ) ;
#5571 = ORIENTED_EDGE ( 'NONE', *, *, #463, .T. ) ;
#5572 = FACE_OUTER_BOUND ( 'NONE', #3011, .T. ) ;
#5573 = VECTOR ( 'NONE', #2922, 999.9999999999998863 ) ;
#5574 = EDGE_CURVE ( 'NONE', #1330, #3300, #580, .T. ) ;
#5575 = CARTESIAN_POINT ( 'NONE',  ( -1.000000000000001332, 1.178400759486015303, -0.1201105361599980048 ) ) ;
#5576 = EDGE_CURVE ( 'NONE', #5856, #4411, #1934, .T. ) ;
#5577 = DIRECTION ( 'NONE',  ( 0.000000000000000000, 0.000000000000000000, -1.000000000000000000 ) ) ;
#5578 = DIRECTION ( 'NONE',  ( 0.000000000000000000, 0.000000000000000000, -1.000000000000000000 ) ) ;
#5579 = ORIENTED_EDGE ( 'NONE', *, *, #1879, .T. ) ;
#5580 = ADVANCED_FACE ( 'NONE', ( #3794 ), #3416, .F. ) ;
#5581 = LINE ( 'NONE', #2286, #2912 ) ;
#5582 = VECTOR ( 'NONE', #4742, 1000.000000000000000 ) ;
#5583 = ORIENTED_EDGE ( 'NONE', *, *, #1234, .F. ) ;
#5584 = DIRECTION ( 'NONE',  ( -0.000000000000000000, -1.000000000000000000, -0.000000000000000000 ) ) ;
#5585 = CARTESIAN_POINT ( 'NONE',  ( -1.600000000000001421, 0.3700000000000153166, 1.300000000000002043 ) ) ;
#5586 = LINE ( 'NONE', #6058, #4425 ) ;
#5587 = CARTESIAN_POINT ( 'NONE',  ( -1.500000000000001554, 1.565000000000015268, 2.100000000000001865 ) ) ;
#5588 = ORIENTED_EDGE ( 'NONE', *, *, #5477, .F. ) ;
#5589 = DIRECTION ( 'NONE',  ( 0.000000000000000000, 0.05303311836815849389, -0.9985927540074327480 ) ) ;
#5590 = VECTOR ( 'NONE', #1755, 1000.000000000000000 ) ;
#5591 = PLANE ( 'NONE',  #3659 ) ;
#5592 = ORIENTED_EDGE ( 'NONE', *, *, #5150, .F. ) ;
#5593 = FACE_OUTER_BOUND ( 'NONE', #3478, .T. ) ;
#5594 = VERTEX_POINT ( 'NONE', #3857 ) ;
#5595 = LINE ( 'NONE', #1632, #4098 ) ;
#5596 = CARTESIAN_POINT ( 'NONE',  ( 1.369999999999998774, 0.9100000000000152411, -2.089999999999998082 ) ) ;
#5597 = DIRECTION ( 'NONE',  ( -0.000000000000000000, 1.000000000000000000, 0.000000000000000000 ) ) ;
#5598 = EDGE_LOOP ( 'NONE', ( #6205, #3274, #48, #209 ) ) ;
#5599 = AXIS2_PLACEMENT_3D ( 'NONE', #3431, #4399, #5315 ) ;
#5600 = EDGE_CURVE ( 'NONE', #5181, #2770, #4833, .T. ) ;
#5601 = EDGE_LOOP ( 'NONE', ( #2193, #3308, #3488, #5641, #3284, #1734, #2804, #1247, #2000, #407, #611, #982 ) ) ;
#5602 = VERTEX_POINT ( 'NONE', #6187 ) ;
#5603 = VECTOR ( 'NONE', #5145, 1000.000000000000000 ) ;
#5604 = CARTESIAN_POINT ( 'NONE',  ( 2.582216308760998391, 0.2000000000000153044, -0.1899999999999978928 ) ) ;
#5605 = LINE ( 'NONE', #5738, #4914 ) ;
#5606 = CARTESIAN_POINT ( 'NONE',  ( -2.444432617520276629, 3.117081245895825248E-16, -0.1899999999999978928 ) ) ;
#5607 = DIRECTION ( 'NONE',  ( 1.000000000000000000, -0.000000000000000000, 0.000000000000000000 ) ) ;
#5608 = ORIENTED_EDGE ( 'NONE', *, *, #2583, .F. ) ;
#5609 = VECTOR ( 'NONE', #5642, 1000.000000000000000 ) ;
#5610 = LINE ( 'NONE', #4105, #2805 ) ;
#5611 = EDGE_LOOP ( 'NONE', ( #6086, #2085, #5937, #5018, #57, #5093, #5230, #2536 ) ) ;
#5612 = VERTEX_POINT ( 'NONE', #1021 ) ;
#5613 = CARTESIAN_POINT ( 'NONE',  ( 3.499999999999998668, 0.2600000000000153300, 1.050000000000001821 ) ) ;
#5614 = CARTESIAN_POINT ( 'NONE',  ( 0.9049999999999986944, 0.8061074182865152205, -0.6999999999999979572 ) ) ;
#5615 = EDGE_CURVE ( 'NONE', #482, #5325, #5358, .T. ) ;
#5616 = DIRECTION ( 'NONE',  ( 1.000000000000000000, 0.000000000000000000, -0.000000000000000000 ) ) ;
#5617 = DIRECTION ( 'NONE',  ( 0.000000000000000000, 0.05233595624290282577, 0.9986295347545759427 ) ) ;
#5618 = ORIENTED_EDGE ( 'NONE', *, *, #3930, .T. ) ;
#5619 = LINE ( 'NONE', #3669, #745 ) ;
#5620 = VECTOR ( 'NONE', #3837, 1000.000000000000000 ) ;
#5621 = VERTEX_POINT ( 'NONE', #3327 ) ;
#5622 = FACE_OUTER_BOUND ( 'NONE', #1194, .T. ) ;
#5623 = FACE_OUTER_BOUND ( 'NONE', #174, .T. ) ;
#5624 = ORIENTED_EDGE ( 'NONE', *, *, #2311, .T. ) ;
#5625 = CARTESIAN_POINT ( 'NONE',  ( -3.200000000000001510, 0.1650000000000153011, 0.05000000000000229955 ) ) ;
#5626 = EDGE_LOOP ( 'NONE', ( #4157, #5509, #5608, #6112 ) ) ;
#5627 = VECTOR ( 'NONE', #184, 1000.000000000000000 ) ;
#5628 = CARTESIAN_POINT ( 'NONE',  ( 1.314432617520249202, 1.778769189234030712E-14, -2.089999999999998082 ) ) ;
#5629 = VECTOR ( 'NONE', #5378, 1000.000000000000000 ) ;
#5630 = VECTOR ( 'NONE', #4799, 1000.000000000000000 ) ;
#5631 = EDGE_CURVE ( 'NONE', #4202, #3142, #1459, .T. ) ;
#5632 = DIRECTION ( 'NONE',  ( 0.000000000000000000, 0.000000000000000000, 1.000000000000000000 ) ) ;
#5633 = LINE ( 'NONE', #1860, #2728 ) ;
#5634 = VERTEX_POINT ( 'NONE', #4861 ) ;
#5635 = ORIENTED_EDGE ( 'NONE', *, *, #4200, .T. ) ;
#5636 = VECTOR ( 'NONE', #2624, 1000.000000000000000 ) ;
#5637 = PLANE ( 'NONE',  #1101 ) ;
#5638 = LINE ( 'NONE', #3685, #1909 ) ;
#5639 = CARTESIAN_POINT ( 'NONE',  ( -0.1007804343040015760, 0.1920634580262153002, -1.999999999999997335 ) ) ;
#5640 = CARTESIAN_POINT ( 'NONE',  ( 3.999999999999998224, 1.760000000000015330, 2.100000000000001865 ) ) ;
#5641 = ORIENTED_EDGE ( 'NONE', *, *, #3547, .F. ) ;
#5642 = DIRECTION ( 'NONE',  ( -0.000000000000000000, -1.000000000000000000, -0.000000000000000000 ) ) ;
#5643 = ORIENTED_EDGE ( 'NONE', *, *, #2360, .F. ) ;
#5644 = LINE ( 'NONE', #5613, #3598 ) ;
#5645 = LINE ( 'NONE', #1738, #3373 ) ;
#5646 = CARTESIAN_POINT ( 'NONE',  ( -1.500000000000001554, 1.260000000000015774, 1.699999999999810107 ) ) ;
#5647 = DIRECTION ( 'NONE',  ( 0.000000000000000000, -1.000000000000000000, -0.000000000000000000 ) ) ;
#5648 = ORIENTED_EDGE ( 'NONE', *, *, #1606, .F. ) ;
#5649 = DIRECTION ( 'NONE',  ( -0.000000000000000000, 1.000000000000000000, 0.000000000000000000 ) ) ;
#5650 = VERTEX_POINT ( 'NONE', #3917 ) ;
#5651 = ADVANCED_FACE ( 'NONE', ( #5713 ), #5269, .F. ) ;
#5652 = LINE ( 'NONE', #3269, #1350 ) ;
#5653 = FACE_OUTER_BOUND ( 'NONE', #1310, .T. ) ;
#5654 = ORIENTED_EDGE ( 'NONE', *, *, #3127, .F. ) ;
#5655 = LINE ( 'NONE', #3179, #4012 ) ;
#5656 = EDGE_CURVE ( 'NONE', #2864, #1460, #5298, .T. ) ;
#5657 = ORIENTED_EDGE ( 'NONE', *, *, #1477, .F. ) ;
#5658 = DIRECTION ( 'NONE',  ( 0.000000000000000000, 0.9986295347545720569, -0.05233595624297854298 ) ) ;
#5659 = VECTOR ( 'NONE', #5361, 1000.000000000000000 ) ;
#5660 = DIRECTION ( 'NONE',  ( 0.000000000000000000, -1.000000000000000000, -0.000000000000000000 ) ) ;
#5661 = LINE ( 'NONE', #3713, #9 ) ;
#5662 = VERTEX_POINT ( 'NONE', #4388 ) ;
#5663 = ORIENTED_EDGE ( 'NONE', *, *, #4274, .F. ) ;
#5664 = ORIENTED_EDGE ( 'NONE', *, *, #29, .F. ) ;
#5665 = PLANE ( 'NONE',  #5229 ) ;
#5666 = FACE_OUTER_BOUND ( 'NONE', #3599, .T. ) ;
#5667 = CARTESIAN_POINT ( 'NONE',  ( -2.300000000000001155, 0.5800000000000153921, 1.400000000000001910 ) ) ;
#5668 = LINE ( 'NONE', #3223, #5630 ) ;
#5669 = ORIENTED_EDGE ( 'NONE', *, *, #1113, .T. ) ;
#5670 = EDGE_CURVE ( 'NONE', #887, #2043, #5745, .T. ) ;
#5671 = CARTESIAN_POINT ( 'NONE',  ( 3.844432617519998541, 0.2000000000000153044, -0.8999999999999980238 ) ) ;
#5672 = VECTOR ( 'NONE', #3397, 1000.000000000000000 ) ;
#5673 = ORIENTED_EDGE ( 'NONE', *, *, #1798, .T. ) ;
#5674 = CARTESIAN_POINT ( 'NONE',  ( -1.301042606982605321E-15, 1.178400759486015303, -0.1201105361599980048 ) ) ;
#5675 = DIRECTION ( 'NONE',  ( 0.000000000000000000, 0.000000000000000000, -1.000000000000000000 ) ) ;
#5676 = CARTESIAN_POINT ( 'NONE',  ( -2.285000000000001474, 1.755000000000015437, 0.05000000000000229955 ) ) ;
#5677 = DIRECTION ( 'NONE',  ( -0.000000000000000000, -0.000000000000000000, 1.000000000000000000 ) ) ;
#5678 = EDGE_CURVE ( 'NONE', #3622, #5538, #1050, .T. ) ;
#5679 = ORIENTED_EDGE ( 'NONE', *, *, #1005, .F. ) ;
#5680 = AXIS2_PLACEMENT_3D ( 'NONE', #2213, #3753, #1732 ) ;
#5681 = ORIENTED_EDGE ( 'NONE', *, *, #3046, .F. ) ;
#5682 = EDGE_CURVE ( 'NONE', #1843, #2864, #2887, .T. ) ;
#5683 = ORIENTED_EDGE ( 'NONE', *, *, #5574, .T. ) ;
#5684 = ORIENTED_EDGE ( 'NONE', *, *, #3278, .F. ) ;
#5685 = EDGE_CURVE ( 'NONE', #1427, #202, #3445, .T. ) ;
#5686 = LINE ( 'NONE', #2741, #6174 ) ;
#5687 = DIRECTION ( 'NONE',  ( 0.000000000000000000, -1.000000000000000000, -0.000000000000000000 ) ) ;
#5688 = ADVANCED_FACE ( 'NONE', ( #1996 ), #2417, .T. ) ;
#5689 = ORIENTED_EDGE ( 'NONE', *, *, #3078, .T. ) ;
#5690 = LINE ( 'NONE', #5156, #592 ) ;
#5691 = ORIENTED_EDGE ( 'NONE', *, *, #1339, .F. ) ;
#5692 = DIRECTION ( 'NONE',  ( 0.000000000000000000, 0.9063077870360357613, -0.4226182617420166654 ) ) ;
#5693 = ORIENTED_EDGE ( 'NONE', *, *, #850, .T. ) ;
#5694 = EDGE_CURVE ( 'NONE', #3787, #5209, #43, .T. ) ;
#5695 = VECTOR ( 'NONE', #4936, 1000.000000000000000 ) ;
#5696 = CARTESIAN_POINT ( 'NONE',  ( 3.144432617519998807, 0.1000000000000453165, -0.8999999999999980238 ) ) ;
#5697 = DIRECTION ( 'NONE',  ( 0.000000000000000000, 0.000000000000000000, 1.000000000000000000 ) ) ;
#5698 = ORIENTED_EDGE ( 'NONE', *, *, #5809, .T. ) ;
#5699 = EDGE_CURVE ( 'NONE', #422, #4613, #5860, .T. ) ;
#5700 = EDGE_LOOP ( 'NONE', ( #6181, #3681, #6170, #464 ) ) ;
#5701 = CARTESIAN_POINT ( 'NONE',  ( -1.105000000000001315, 0.9600000000000152856, -2.099999999999998757 ) ) ;
#5702 = DIRECTION ( 'NONE',  ( 1.000000000000000000, 0.000000000000000000, 0.000000000000000000 ) ) ;
#5703 = CARTESIAN_POINT ( 'NONE',  ( -1.301042606982605321E-15, 1.312198954710015242, -2.099999999999998757 ) ) ;
#5704 = DIRECTION ( 'NONE',  ( 1.000000000000000000, 0.000000000000000000, -0.000000000000000000 ) ) ;
#5705 = ORIENTED_EDGE ( 'NONE', *, *, #1413, .T. ) ;
#5706 = CARTESIAN_POINT ( 'NONE',  ( 0.5949999999999987521, 0.8061074182865152205, -0.6999999999999979572 ) ) ;
#5707 = ORIENTED_EDGE ( 'NONE', *, *, #3046, .T. ) ;
#5708 = AXIS2_PLACEMENT_3D ( 'NONE', #278, #2714, #757 ) ;
#5709 = DIRECTION ( 'NONE',  ( 0.000000000000000000, -0.05233595624306891514, -0.9986295347545672829 ) ) ;
#5710 = DIRECTION ( 'NONE',  ( -0.000000000000000000, 1.000000000000000000, 0.000000000000000000 ) ) ;
#5711 = LINE ( 'NONE', #4207, #4177 ) ;
#5712 = VECTOR ( 'NONE', #2567, 1000.000000000000000 ) ;
#5713 = FACE_OUTER_BOUND ( 'NONE', #5011, .T. ) ;
#5714 = VERTEX_POINT ( 'NONE', #610 ) ;
#5715 = DIRECTION ( 'NONE',  ( 0.000000000000000000, 0.000000000000000000, 1.000000000000000000 ) ) ;
#5716 = VECTOR ( 'NONE', #816, 1000.000000000000000 ) ;
#5717 = ORIENTED_EDGE ( 'NONE', *, *, #148, .F. ) ;
#5718 = EDGE_LOOP ( 'NONE', ( #4327, #5390, #4107, #5927 ) ) ;
#5719 = CARTESIAN_POINT ( 'NONE',  ( -0.4050000000000013034, 1.235000000000015419, 0.5500000000000018208 ) ) ;
#5720 = DIRECTION ( 'NONE',  ( 0.000000000000000000, 0.000000000000000000, 1.000000000000000000 ) ) ;
#5721 = DIRECTION ( 'NONE',  ( 0.01739543770877736636, 0.000000000000000000, -0.9998486879257880711 ) ) ;
#5722 = ADVANCED_FACE ( 'NONE', ( #3534 ), #159, .T. ) ;
#5723 = ORIENTED_EDGE ( 'NONE', *, *, #4034, .F. ) ;
#5724 = LINE ( 'NONE', #4752, #6109 ) ;
#5725 = VECTOR ( 'NONE', #2571, 1000.000000000000114 ) ;
#5726 = ORIENTED_EDGE ( 'NONE', *, *, #5030, .F. ) ;
#5727 = VECTOR ( 'NONE', #5702, 1000.000000000000000 ) ;
#5728 = LINE ( 'NONE', #1857, #3097 ) ;
#5729 = ORIENTED_EDGE ( 'NONE', *, *, #4456, .T. ) ;
#5730 = DIRECTION ( 'NONE',  ( -0.000000000000000000, -1.000000000000000000, -0.000000000000000000 ) ) ;
#5731 = CARTESIAN_POINT ( 'NONE',  ( 3.499999999999998668, 1.010000000000015330, 0.7000000000000020650 ) ) ;
#5732 = ORIENTED_EDGE ( 'NONE', *, *, #2863, .F. ) ;
#5733 = ORIENTED_EDGE ( 'NONE', *, *, #5042, .T. ) ;
#5734 = VECTOR ( 'NONE', #5885, 1000.000000000000000 ) ;
#5735 = ORIENTED_EDGE ( 'NONE', *, *, #5568, .F. ) ;
#5736 = AXIS2_PLACEMENT_3D ( 'NONE', #2471, #5799, #4382 ) ;
#5737 = DIRECTION ( 'NONE',  ( -0.000000000000000000, -0.02173399540922035106, -0.9997637888239161441 ) ) ;
#5738 = CARTESIAN_POINT ( 'NONE',  ( -1.105000000000001315, 0.1500000000000152878, -1.399999999999998135 ) ) ;
#5739 = DIRECTION ( 'NONE',  ( 0.000000000000000000, 0.000000000000000000, -1.000000000000000000 ) ) ;
#5740 = DIRECTION ( 'NONE',  ( -0.000000000000000000, -0.000000000000000000, 1.000000000000000000 ) ) ;
#5741 = EDGE_CURVE ( 'NONE', #1508, #2293, #704, .T. ) ;
#5742 = ORIENTED_EDGE ( 'NONE', *, *, #10, .T. ) ;
#5743 = CARTESIAN_POINT ( 'NONE',  ( -1.720000000000001528, 0.9600000000000152856, 1.370000000000002105 ) ) ;
#5744 = CARTESIAN_POINT ( 'NONE',  ( 1.599999999999998090, 0.5800000000000153921, 1.400000000000001910 ) ) ;
#5745 = LINE ( 'NONE', #4334, #4785 ) ;
#5746 = VERTEX_POINT ( 'NONE', #4546 ) ;
#5747 = FACE_OUTER_BOUND ( 'NONE', #4551, .T. ) ;
#5748 = VERTEX_POINT ( 'NONE', #3007 ) ;
#5749 = ORIENTED_EDGE ( 'NONE', *, *, #4816, .F. ) ;
#5750 = LINE ( 'NONE', #2955, #3915 ) ;
#5751 = DIRECTION ( 'NONE',  ( -1.000000000000000000, -0.000000000000000000, 0.000000000000000000 ) ) ;
#5752 = LINE ( 'NONE', #1407, #4128 ) ;
#5753 = CARTESIAN_POINT ( 'NONE',  ( -2.800000000000001155, 1.760000000000015330, 1.400000000000001910 ) ) ;
#5754 = ORIENTED_EDGE ( 'NONE', *, *, #75, .T. ) ;
#5755 = EDGE_CURVE ( 'NONE', #4322, #529, #2055, .T. ) ;
#5756 = CARTESIAN_POINT ( 'NONE',  ( 3.499999999999998668, 1.760000000000015330, 1.050000000000001821 ) ) ;
#5757 = LINE ( 'NONE', #5317, #2889 ) ;
#5758 = DIRECTION ( 'NONE',  ( 1.000000000000000000, 0.000000000000000000, 0.000000000000000000 ) ) ;
#5759 = ORIENTED_EDGE ( 'NONE', *, *, #5600, .F. ) ;
#5760 = EDGE_LOOP ( 'NONE', ( #2418, #3315, #2444, #5494, #5387, #2115, #1127, #1476, #2334 ) ) ;
#5761 = ORIENTED_EDGE ( 'NONE', *, *, #148, .T. ) ;
#5762 = EDGE_CURVE ( 'NONE', #4097, #1966, #4976, .T. ) ;
#5763 = LINE ( 'NONE', #3821, #1410 ) ;
#5764 = DIRECTION ( 'NONE',  ( 1.000000000000000000, 0.000000000000000000, -0.000000000000000000 ) ) ;
#5765 = ADVANCED_FACE ( 'NONE', ( #3976 ), #5386, .T. ) ;
#5766 = EDGE_CURVE ( 'NONE', #1054, #5988, #5892, .T. ) ;
#5767 = FACE_OUTER_BOUND ( 'NONE', #4888, .T. ) ;
#5768 = LINE ( 'NONE', #5411, #2832 ) ;
#5769 = EDGE_CURVE ( 'NONE', #762, #2301, #1203, .T. ) ;
#5770 = ORIENTED_EDGE ( 'NONE', *, *, #1556, .T. ) ;
#5771 = EDGE_CURVE ( 'NONE', #3122, #1160, #3132, .T. ) ;
#5772 = CARTESIAN_POINT ( 'NONE',  ( 1.414432617519998825, 0.4425000000000153255, -1.489999999999997771 ) ) ;
#5773 = DIRECTION ( 'NONE',  ( 1.000000000000000000, 0.000000000000000000, -0.000000000000000000 ) ) ;
#5774 = EDGE_CURVE ( 'NONE', #6121, #4300, #3948, .T. ) ;
#5775 = DIRECTION ( 'NONE',  ( -0.000000000000000000, -1.000000000000000000, -0.000000000000000000 ) ) ;
#5776 = VECTOR ( 'NONE', #5936, 1000.000000000000000 ) ;
#5777 = ORIENTED_EDGE ( 'NONE', *, *, #2035, .T. ) ;
#5778 = CARTESIAN_POINT ( 'NONE',  ( -0.09500000000000133338, 0.9600000000000152856, -2.099999999999998757 ) ) ;
#5779 = ORIENTED_EDGE ( 'NONE', *, *, #737, .F. ) ;
#5780 = ORIENTED_EDGE ( 'NONE', *, *, #1020, .F. ) ;
#5781 = EDGE_CURVE ( 'NONE', #3742, #3039, #4512, .T. ) ;
#5782 = CARTESIAN_POINT ( 'NONE',  ( 0.5949999999999987521, 0.2500000000000152656, -2.099999999999998757 ) ) ;
#5783 = VECTOR ( 'NONE', #491, 1000.000000000000000 ) ;
#5784 = CARTESIAN_POINT ( 'NONE',  ( -1.301042606982605321E-15, 1.870000000000015206, -2.099999999999998757 ) ) ;
#5785 = CARTESIAN_POINT ( 'NONE',  ( 1.369999999999998774, 1.640000000000015445, -1.024999999999998135 ) ) ;
#5786 = AXIS2_PLACEMENT_3D ( 'NONE', #4918, #4016, #103 ) ;
#5787 = CARTESIAN_POINT ( 'NONE',  ( -1.095000000000001306, 0.2500000000000152656, -2.099999999999998757 ) ) ;
#5788 = ORIENTED_EDGE ( 'NONE', *, *, #586, .F. ) ;
#5789 = VECTOR ( 'NONE', #1368, 1000.000000000000000 ) ;
#5790 = DIRECTION ( 'NONE',  ( 0.000000000000000000, -1.000000000000000000, -0.000000000000000000 ) ) ;
#5791 = DIRECTION ( 'NONE',  ( -0.000000000000000000, -1.000000000000000000, -0.000000000000000000 ) ) ;
#5792 = VERTEX_POINT ( 'NONE', #3501 ) ;
#5793 = ORIENTED_EDGE ( 'NONE', *, *, #310, .T. ) ;
#5794 = VECTOR ( 'NONE', #4287, 1000.000000000000000 ) ;
#5795 = DIRECTION ( 'NONE',  ( 0.000000000000000000, -1.000000000000000000, -0.000000000000000000 ) ) ;
#5796 = CARTESIAN_POINT ( 'NONE',  ( 1.599999999999998090, 0.1600000000000152967, 1.400000000000001910 ) ) ;
#5797 = EDGE_CURVE ( 'NONE', #3040, #5982, #5007, .T. ) ;
#5798 = CARTESIAN_POINT ( 'NONE',  ( -3.844432617520201489, 0.09999999999996531108, -0.9899999999999977707 ) ) ;
#5799 = DIRECTION ( 'NONE',  ( 1.000000000000000000, -0.000000000000000000, 0.000000000000000000 ) ) ;
#5800 = EDGE_CURVE ( 'NONE', #3552, #2402, #1615, .T. ) ;
#5801 = VERTEX_POINT ( 'NONE', #4478 ) ;
#5802 = CARTESIAN_POINT ( 'NONE',  ( -1.301042606982605321E-15, 1.312198954710015242, -2.099999999999998757 ) ) ;
#5803 = DIRECTION ( 'NONE',  ( 0.000000000000000000, 0.000000000000000000, 1.000000000000000000 ) ) ;
#5804 = CARTESIAN_POINT ( 'NONE',  ( -1.301042606982605321E-15, 0.7200000000000152944, -0.5999999999999980904 ) ) ;
#5805 = ORIENTED_EDGE ( 'NONE', *, *, #3444, .F. ) ;
#5806 = LINE ( 'NONE', #5272, #1739 ) ;
#5807 = AXIS2_PLACEMENT_3D ( 'NONE', #5159, #6100, #1379 ) ;
#5808 = VERTEX_POINT ( 'NONE', #5043 ) ;
#5809 = EDGE_CURVE ( 'NONE', #2020, #4527, #4047, .T. ) ;
#5810 = CARTESIAN_POINT ( 'NONE',  ( -4.000000000000001776, 1.010000000000015330, 1.400000000000001910 ) ) ;
#5811 = CARTESIAN_POINT ( 'NONE',  ( -1.301042606982605321E-15, 0.05000000000001530998, -1.399999999999998135 ) ) ;
#5812 = VECTOR ( 'NONE', #2186, 1000.000000000000000 ) ;
#5813 = CARTESIAN_POINT ( 'NONE',  ( -0.5950000000000013056, 1.117991655295015319, 1.017369128958002023 ) ) ;
#5814 = VECTOR ( 'NONE', #2995, 1000.000000000000000 ) ;
#5815 = VECTOR ( 'NONE', #1110, 1000.000000000000000 ) ;
#5816 = ORIENTED_EDGE ( 'NONE', *, *, #5800, .T. ) ;
#5817 = PLANE ( 'NONE',  #5599 ) ;
#5818 = DIRECTION ( 'NONE',  ( -0.06395966218752797972, 0.000000000000000000, 0.9979524846468680321 ) ) ;
#5819 = EDGE_LOOP ( 'NONE', ( #2678, #6073, #1676, #903 ) ) ;
#5820 = VECTOR ( 'NONE', #920, 1000.000000000000000 ) ;
#5821 = ORIENTED_EDGE ( 'NONE', *, *, #2580, .T. ) ;
#5822 = CARTESIAN_POINT ( 'NONE',  ( 0.9049999999999986944, 1.251378662819930154, 1.303418489698991767 ) ) ;
#5823 = DIRECTION ( 'NONE',  ( 0.000000000000000000, 0.000000000000000000, -1.000000000000000000 ) ) ;
#5824 = CARTESIAN_POINT ( 'NONE',  ( 3.844432617519998541, 3.031700324812591774E-14, -0.8999999999999980238 ) ) ;
#5825 = CARTESIAN_POINT ( 'NONE',  ( -2.800000000000001155, 0.2600000000000153300, 1.750000000000001998 ) ) ;
#5826 = DIRECTION ( 'NONE',  ( 1.000000000000000000, 0.000000000000000000, 0.000000000000000000 ) ) ;
#5827 = CIRCLE ( 'NONE', #6027, 0.09999999999999982514 ) ;
#5828 = VERTEX_POINT ( 'NONE', #128 ) ;
#5829 = LINE ( 'NONE', #4884, #4275 ) ;
#5830 = CIRCLE ( 'NONE', #1209, 0.09999999999999982514 ) ;
#5831 = CARTESIAN_POINT ( 'NONE',  ( -0.4050000000000013034, 1.312198954710015242, -2.299999999999998046 ) ) ;
#5832 = DIRECTION ( 'NONE',  ( -0.000000000000000000, -0.02173399540922035106, -0.9997637888239161441 ) ) ;
#5833 = ORIENTED_EDGE ( 'NONE', *, *, #5769, .F. ) ;
#5834 = VECTOR ( 'NONE', #1287, 1000.000000000000000 ) ;
#5835 = CARTESIAN_POINT ( 'NONE',  ( 2.299999999999998046, 0.5800000000000153921, 1.400000000000001910 ) ) ;
#5836 = ORIENTED_EDGE ( 'NONE', *, *, #4185, .T. ) ;
#5837 = ORIENTED_EDGE ( 'NONE', *, *, #1230, .F. ) ;
#5838 = DIRECTION ( 'NONE',  ( 0.000000000000000000, -1.000000000000000000, -0.000000000000000000 ) ) ;
#5839 = DIRECTION ( 'NONE',  ( 0.000000000000000000, -0.000000000000000000, 1.000000000000000000 ) ) ;
#5840 = FACE_OUTER_BOUND ( 'NONE', #1371, .T. ) ;
#5841 = EDGE_CURVE ( 'NONE', #4848, #6032, #3474, .T. ) ;
#5842 = VECTOR ( 'NONE', #4187, 1000.000000000000000 ) ;
#5843 = ORIENTED_EDGE ( 'NONE', *, *, #4922, .T. ) ;
#5844 = EDGE_CURVE ( 'NONE', #4516, #1979, #197, .T. ) ;
#5845 = CARTESIAN_POINT ( 'NONE',  ( -3.850000000000001421, 0.09999999999996531108, -1.489999999999997771 ) ) ;
#5846 = EDGE_CURVE ( 'NONE', #1141, #4979, #1672, .T. ) ;
#5847 = ADVANCED_FACE ( 'NONE', ( #1547 ), #1074, .T. ) ;
#5848 = CARTESIAN_POINT ( 'NONE',  ( -0.09500000000000133338, 0.8061074182865152205, -0.6999999999999979572 ) ) ;
#5849 = ORIENTED_EDGE ( 'NONE', *, *, #5883, .T. ) ;
#5850 = ORIENTED_EDGE ( 'NONE', *, *, #6141, .T. ) ;
#5851 = DIRECTION ( 'NONE',  ( 1.000000000000000000, 0.000000000000000000, -0.000000000000000000 ) ) ;
#5852 = LINE ( 'NONE', #6206, #4926 ) ;
#5853 = LINE ( 'NONE', #1540, #1492 ) ;
#5854 = CARTESIAN_POINT ( 'NONE',  ( -0.5000000000000013323, 0.07110025227538531445, -2.397383202187997497 ) ) ;
#5855 = DIRECTION ( 'NONE',  ( -1.000000000000000000, -0.000000000000000000, 0.000000000000000000 ) ) ;
#5856 = VERTEX_POINT ( 'NONE', #1769 ) ;
#5857 = VERTEX_POINT ( 'NONE', #5100 ) ;
#5858 = DIRECTION ( 'NONE',  ( 1.000000000000000000, 0.000000000000000000, -0.000000000000000000 ) ) ;
#5859 = EDGE_CURVE ( 'NONE', #2043, #1054, #6110, .T. ) ;
#5860 = LINE ( 'NONE', #4947, #756 ) ;
#5861 = VECTOR ( 'NONE', #4336, 1000.000000000000000 ) ;
#5862 = ORIENTED_EDGE ( 'NONE', *, *, #339, .T. ) ;
#5863 = DIRECTION ( 'NONE',  ( 0.000000000000000000, -0.05303311836815174929, 0.9985927540074329700 ) ) ;
#5864 = VERTEX_POINT ( 'NONE', #5606 ) ;
#5865 = ORIENTED_EDGE ( 'NONE', *, *, #656, .T. ) ;
#5866 = ORIENTED_EDGE ( 'NONE', *, *, #5769, .T. ) ;
#5867 = CARTESIAN_POINT ( 'NONE',  ( -1.301042606982605321E-15, 1.565000000000015268, 2.100000000000001865 ) ) ;
#5868 = DIRECTION ( 'NONE',  ( -0.000000000000000000, 0.000000000000000000, -1.000000000000000000 ) ) ;
#5869 = AXIS2_PLACEMENT_3D ( 'NONE', #654, #4056, #4987 ) ;
#5870 = EDGE_CURVE ( 'NONE', #818, #2036, #4133, .T. ) ;
#5871 = LINE ( 'NONE', #2457, #2627 ) ;
#5872 = LINE ( 'NONE', #3076, #5402 ) ;
#5873 = ADVANCED_FACE ( 'NONE', ( #6016 ), #2785, .F. ) ;
#5874 = ORIENTED_EDGE ( 'NONE', *, *, #269, .F. ) ;
#5875 = VECTOR ( 'NONE', #5675, 1000.000000000000000 ) ;
#5876 = EDGE_CURVE ( 'NONE', #5226, #71, #321, .T. ) ;
#5877 = DIRECTION ( 'NONE',  ( -0.000000000000000000, -0.000000000000000000, -1.000000000000000000 ) ) ;
#5878 = ADVANCED_FACE ( 'NONE', ( #1833 ), #829, .T. ) ;
#5879 = CARTESIAN_POINT ( 'NONE',  ( -1.095000000000001306, 1.117991655294979791, 1.017369128957926083 ) ) ;
#5880 = ORIENTED_EDGE ( 'NONE', *, *, #4, .T. ) ;
#5881 = AXIS2_PLACEMENT_3D ( 'NONE', #2833, #5177, #2355 ) ;
#5882 = ORIENTED_EDGE ( 'NONE', *, *, #4636, .F. ) ;
#5883 = EDGE_CURVE ( 'NONE', #3854, #2601, #1328, .T. ) ;
#5884 = DIRECTION ( 'NONE',  ( -1.000000000000000000, -0.000000000000000000, -0.000000000000000000 ) ) ;
#5885 = DIRECTION ( 'NONE',  ( -0.000000000000000000, 0.000000000000000000, -1.000000000000000000 ) ) ;
#5886 = CARTESIAN_POINT ( 'NONE',  ( 1.599999999999998090, 0.1600000000000152967, 1.370000000000002105 ) ) ;
#5887 = DIRECTION ( 'NONE',  ( 0.000000000000000000, -0.000000000000000000, 1.000000000000000000 ) ) ;
#5888 = LINE ( 'NONE', #1016, #3518 ) ;
#5889 = VECTOR ( 'NONE', #5730, 1000.000000000000000 ) ;
#5890 = EDGE_LOOP ( 'NONE', ( #5033, #45, #2132, #3880 ) ) ;
#5891 = DIRECTION ( 'NONE',  ( 0.000000000000000000, -0.4226182617436403111, -0.9063077870352785892 ) ) ;
#5892 = LINE ( 'NONE', #5443, #3569 ) ;
#5893 = DIRECTION ( 'NONE',  ( 1.000000000000000000, 0.000000000000000000, 0.000000000000000000 ) ) ;
#5894 = VECTOR ( 'NONE', #4555, 1000.000000000000000 ) ;
#5895 = ORIENTED_EDGE ( 'NONE', *, *, #5490, .F. ) ;
#5896 = DIRECTION ( 'NONE',  ( -1.000000000000000000, -0.000000000000000000, -0.000000000000000000 ) ) ;
#5897 = ORIENTED_EDGE ( 'NONE', *, *, #2117, .T. ) ;
#5898 = ORIENTED_EDGE ( 'NONE', *, *, #503, .F. ) ;
#5899 = DIRECTION ( 'NONE',  ( 1.000000000000000000, 0.000000000000000000, -0.000000000000000000 ) ) ;
#5900 = CARTESIAN_POINT ( 'NONE',  ( 3.149999999999998135, 0.1000000000000453165, -1.579999999999998073 ) ) ;
#5901 = DIRECTION ( 'NONE',  ( -1.000000000000000000, -0.000000000000000000, 0.000000000000000000 ) ) ;
#5902 = LINE ( 'NONE', #1593, #978 ) ;
#5903 = VECTOR ( 'NONE', #1472, 1000.000000000000000 ) ;
#5904 = ORIENTED_EDGE ( 'NONE', *, *, #344, .T. ) ;
#5905 = EDGE_LOOP ( 'NONE', ( #537, #5925, #1475, #261 ) ) ;
#5906 = VECTOR ( 'NONE', #5709, 1000.000000000000000 ) ;
#5907 = DIRECTION ( 'NONE',  ( -1.000000000000000000, -0.000000000000000000, 0.000000000000000000 ) ) ;
#5908 = LINE ( 'NONE', #3962, #2988 ) ;
#5909 = VECTOR ( 'NONE', #4416, 1000.000000000000000 ) ;
#5910 = ORIENTED_EDGE ( 'NONE', *, *, #2152, .F. ) ;
#5911 = VECTOR ( 'NONE', #4479, 1000.000000000000000 ) ;
#5912 = ORIENTED_EDGE ( 'NONE', *, *, #1103, .F. ) ;
#5913 = FACE_OUTER_BOUND ( 'NONE', #5890, .T. ) ;
#5914 = CARTESIAN_POINT ( 'NONE',  ( -1.720000000000001528, 0.8700000000000153166, 1.370000000000002105 ) ) ;
#5915 = LINE ( 'NONE', #5977, #5247 ) ;
#5916 = PLANE ( 'NONE',  #4832 ) ;
#5917 = AXIS2_PLACEMENT_3D ( 'NONE', #4222, #4791, #1758 ) ;
#5918 = VERTEX_POINT ( 'NONE', #1802 ) ;
#5919 = EDGE_CURVE ( 'NONE', #930, #5236, #2249, .T. ) ;
#5920 = ORIENTED_EDGE ( 'NONE', *, *, #2738, .T. ) ;
#5921 = CARTESIAN_POINT ( 'NONE',  ( -0.09500000000000133338, 0.2762038896414996114, -2.300000000000002487 ) ) ;
#5922 = FACE_OUTER_BOUND ( 'NONE', #1549, .T. ) ;
#5923 = DIRECTION ( 'NONE',  ( -0.000000000000000000, 0.000000000000000000, -1.000000000000000000 ) ) ;
#5924 = PLANE ( 'NONE',  #4109 ) ;
#5925 = ORIENTED_EDGE ( 'NONE', *, *, #1298, .F. ) ;
#5926 = DIRECTION ( 'NONE',  ( -0.000000000000000000, -1.000000000000000000, -0.000000000000000000 ) ) ;
#5927 = ORIENTED_EDGE ( 'NONE', *, *, #294, .F. ) ;
#5928 = ORIENTED_EDGE ( 'NONE', *, *, #3810, .T. ) ;
#5929 = LINE ( 'NONE', #3571, #5725 ) ;
#5930 = VECTOR ( 'NONE', #1322, 1000.000000000000000 ) ;
#5931 = DIRECTION ( 'NONE',  ( 1.000000000000000000, 0.000000000000000000, -0.000000000000000000 ) ) ;
#5932 = CARTESIAN_POINT ( 'NONE',  ( -1.105000000000001315, 0.2500000000000152656, -2.099999999999998757 ) ) ;
#5933 = DIRECTION ( 'NONE',  ( -0.000000000000000000, 1.000000000000000000, 0.000000000000000000 ) ) ;
#5934 = VERTEX_POINT ( 'NONE', #5667 ) ;
#5935 = VECTOR ( 'NONE', #602, 1000.000000000000000 ) ;
#5936 = DIRECTION ( 'NONE',  ( 1.000000000000000000, 0.000000000000000000, -0.000000000000000000 ) ) ;
#5937 = ORIENTED_EDGE ( 'NONE', *, *, #1333, .T. ) ;
#5938 = LINE ( 'NONE', #1629, #4887 ) ;
#5939 = EDGE_CURVE ( 'NONE', #3963, #5538, #2755, .T. ) ;
#5940 = EDGE_LOOP ( 'NONE', ( #3667, #3210, #142, #1924 ) ) ;
#5941 = ORIENTED_EDGE ( 'NONE', *, *, #3517, .F. ) ;
#5942 = DIRECTION ( 'NONE',  ( 1.000000000000000000, 0.000000000000000000, 0.000000000000000000 ) ) ;
#5943 = CARTESIAN_POINT ( 'NONE',  ( -0.5950000000000013056, 0.1920634580260152935, -1.899999999999998135 ) ) ;
#5944 = VERTEX_POINT ( 'NONE', #4667 ) ;
#5945 = DIRECTION ( 'NONE',  ( -0.000000000000000000, 0.000000000000000000, -1.000000000000000000 ) ) ;
#5946 = CARTESIAN_POINT ( 'NONE',  ( -1.301042606982605321E-15, 0.8700000000000153166, 1.200000000000001954 ) ) ;
#5947 = CARTESIAN_POINT ( 'NONE',  ( -0.09500000000000133338, 1.312198954710015242, -2.099999999999998757 ) ) ;
#5948 = EDGE_CURVE ( 'NONE', #3485, #1115, #2283, .T. ) ;
#5949 = ORIENTED_EDGE ( 'NONE', *, *, #4449, .F. ) ;
#5950 = EDGE_CURVE ( 'NONE', #4180, #2561, #1294, .T. ) ;
#5951 = ORIENTED_EDGE ( 'NONE', *, *, #6230, .T. ) ;
#5952 = EDGE_CURVE ( 'NONE', #5200, #691, #6079, .T. ) ;
#5953 = PLANE ( 'NONE',  #5569 ) ;
#5954 = LINE ( 'NONE', #1497, #1904 ) ;
#5955 = CARTESIAN_POINT ( 'NONE',  ( -0.9050000000000012479, 1.185809608451015462, 1.162805198833802178 ) ) ;
#5956 = DIRECTION ( 'NONE',  ( -0.000000000000000000, 0.000000000000000000, -1.000000000000000000 ) ) ;
#5957 = CARTESIAN_POINT ( 'NONE',  ( -2.285000000000001474, 0.2800000000000152922, -1.489999999999997771 ) ) ;
#5958 = EDGE_CURVE ( 'NONE', #1362, #4793, #1702, .T. ) ;
#5959 = ORIENTED_EDGE ( 'NONE', *, *, #4176, .F. ) ;
#5960 = ORIENTED_EDGE ( 'NONE', *, *, #463, .F. ) ;
#5961 = LINE ( 'NONE', #4581, #4709 ) ;
#5962 = DIRECTION ( 'NONE',  ( 0.000000000000000000, 0.4226182617420166654, 0.9063077870360357613 ) ) ;
#5963 = EDGE_CURVE ( 'NONE', #1843, #104, #3222, .T. ) ;
#5964 = LINE ( 'NONE', #4082, #1415 ) ;
#5965 = CARTESIAN_POINT ( 'NONE',  ( 0.9999999999999991118, 0.2500000000000459077, -2.800000000000005596 ) ) ;
#5966 = VERTEX_POINT ( 'NONE', #3160 ) ;
#5967 = EDGE_CURVE ( 'NONE', #3620, #4166, #6145, .T. ) ;
#5968 = CARTESIAN_POINT ( 'NONE',  ( 0.4049999999999986944, 0.09220050455070533113, -1.994766404375998281 ) ) ;
#5969 = ORIENTED_EDGE ( 'NONE', *, *, #5490, .T. ) ;
#5970 = CARTESIAN_POINT ( 'NONE',  ( 0.4049999999999986944, 1.312198954710015242, -2.099999999999998757 ) ) ;
#5971 = ORIENTED_EDGE ( 'NONE', *, *, #3531, .F. ) ;
#5972 = VECTOR ( 'NONE', #5868, 1000.000000000000000 ) ;
#5973 = ORIENTED_EDGE ( 'NONE', *, *, #1869, .T. ) ;
#5974 = DIRECTION ( 'NONE',  ( -0.000000000000000000, 0.000000000000000000, 1.000000000000000000 ) ) ;
#5975 = DIRECTION ( 'NONE',  ( 0.000000000000000000, 0.9986295347545731671, -0.05233595624295860060 ) ) ;
#5976 = VERTEX_POINT ( 'NONE', #3626 ) ;
#5977 = CARTESIAN_POINT ( 'NONE',  ( -1.301042606982605321E-15, 0.8700000000000153166, 1.370000000000002105 ) ) ;
#5978 = VECTOR ( 'NONE', #4299, 1000.000000000000000 ) ;
#5979 = LINE ( 'NONE', #2018, #5935 ) ;
#5980 = CARTESIAN_POINT ( 'NONE',  ( -1.370000000000001439, 0.2800000000000152922, -1.489999999999997771 ) ) ;
#5981 = ORIENTED_EDGE ( 'NONE', *, *, #373, .F. ) ;
#5982 = VERTEX_POINT ( 'NONE', #387 ) ;
#5983 = EDGE_CURVE ( 'NONE', #1017, #4514, #5541, .T. ) ;
#5984 = CARTESIAN_POINT ( 'NONE',  ( 2.284999999999998810, 1.640000000000015445, 0.05000000000000229955 ) ) ;
#5985 = DIRECTION ( 'NONE',  ( -1.000000000000000000, -0.000000000000000000, 0.000000000000000000 ) ) ;
#5986 = DIRECTION ( 'NONE',  ( 0.000000000000000000, -0.000000000000000000, 1.000000000000000000 ) ) ;
#5987 = DIRECTION ( 'NONE',  ( 0.000000000000000000, 0.000000000000000000, -1.000000000000000000 ) ) ;
#5988 = VERTEX_POINT ( 'NONE', #2660 ) ;
#5989 = CARTESIAN_POINT ( 'NONE',  ( -3.847216308760101455, 0.09999999999996531108, -1.239999999999997993 ) ) ;
#5990 = ORIENTED_EDGE ( 'NONE', *, *, #1485, .T. ) ;
#5991 = CARTESIAN_POINT ( 'NONE',  ( 3.499999999999998668, 1.760000000000015330, 0.7000000000000020650 ) ) ;
#5992 = DIRECTION ( 'NONE',  ( 0.000000000000000000, 0.05233595624290282577, 0.9986295347545759427 ) ) ;
#5993 = AXIS2_PLACEMENT_3D ( 'NONE', #5696, #3312, #5224 ) ;
#5994 = LINE ( 'NONE', #2128, #5073 ) ;
#5995 = PLANE ( 'NONE',  #1687 ) ;
#5996 = ORIENTED_EDGE ( 'NONE', *, *, #2238, .T. ) ;
#5997 = CARTESIAN_POINT ( 'NONE',  ( 1.104999999999998428, 0.2500000000000152656, -2.099999999999998757 ) ) ;
#5998 = VERTEX_POINT ( 'NONE', #4575 ) ;
#5999 = FACE_OUTER_BOUND ( 'NONE', #1465, .T. ) ;
#6000 = ADVANCED_FACE ( 'NONE', ( #1235 ), #3824, .F. ) ;
#6001 = ORIENTED_EDGE ( 'NONE', *, *, #586, .T. ) ;
#6002 = ORIENTED_EDGE ( 'NONE', *, *, #2705, .F. ) ;
#6003 = AXIS2_PLACEMENT_3D ( 'NONE', #820, #2369, #3843 ) ;
#6004 = DIRECTION ( 'NONE',  ( -0.000000000000000000, -0.02173399540922035106, -0.9997637888239161441 ) ) ;
#6005 = VECTOR ( 'NONE', #260, 1000.000000000000000 ) ;
#6006 = CARTESIAN_POINT ( 'NONE',  ( 0.4049999999999986944, 1.312198954710015242, -2.299999999999998046 ) ) ;
#6007 = ADVANCED_FACE ( 'NONE', ( #2410 ), #4730, .F. ) ;
#6008 = PRESENTATION_STYLE_ASSIGNMENT (( #4594 ) ) ;
#6009 = CARTESIAN_POINT ( 'NONE',  ( -3.200000000000001510, 0.9600000000000152856, -2.099999999999998757 ) ) ;
#6010 = ORIENTED_EDGE ( 'NONE', *, *, #384, .T. ) ;
#6011 = CIRCLE ( 'NONE', #3617, 0.09999999999999982514 ) ;
#6012 = VERTEX_POINT ( 'NONE', #517 ) ;
#6013 = VERTEX_POINT ( 'NONE', #2442 ) ;
#6014 = FACE_OUTER_BOUND ( 'NONE', #308, .T. ) ;
#6015 = LINE ( 'NONE', #286, #5319 ) ;
#6016 = FACE_OUTER_BOUND ( 'NONE', #2342, .T. ) ;
#6017 = PLANE ( 'NONE',  #4904 ) ;
#6018 = ORIENTED_EDGE ( 'NONE', *, *, #4621, .F. ) ;
#6019 = EDGE_CURVE ( 'NONE', #5502, #1055, #955, .T. ) ;
#6020 = DIRECTION ( 'NONE',  ( -0.000000000000000000, -0.000000000000000000, -1.000000000000000000 ) ) ;
#6021 = ORIENTED_EDGE ( 'NONE', *, *, #67, .T. ) ;
#6022 = FACE_OUTER_BOUND ( 'NONE', #722, .T. ) ;
#6023 = CARTESIAN_POINT ( 'NONE',  ( -4.000000000000001776, 0.2600000000000153300, 2.100000000000001865 ) ) ;
#6024 = CARTESIAN_POINT ( 'NONE',  ( -0.09500000000000133338, 0.2499999999999479583, -2.800000000000000266 ) ) ;
#6025 = EDGE_LOOP ( 'NONE', ( #1759, #6066, #4737, #5723 ) ) ;
#6026 = LINE ( 'NONE', #5081, #5455 ) ;
#6027 = AXIS2_PLACEMENT_3D ( 'NONE', #5066, #766, #5539 ) ;
#6028 = VECTOR ( 'NONE', #4826, 1000.000000000000000 ) ;
#6029 = ADVANCED_FACE ( 'NONE', ( #5767 ), #1425, .F. ) ;
#6030 = FACE_OUTER_BOUND ( 'NONE', #747, .T. ) ;
#6031 = EDGE_CURVE ( 'NONE', #119, #5362, #4294, .T. ) ;
#6032 = VERTEX_POINT ( 'NONE', #2882 ) ;
#6033 = VECTOR ( 'NONE', #3635, 1000.000000000000000 ) ;
#6034 = CARTESIAN_POINT ( 'NONE',  ( 1.599999999999998090, 0.9600000000000152856, 2.100000000000001865 ) ) ;
#6035 = EDGE_CURVE ( 'NONE', #1660, #6221, #2915, .T. ) ;
#6036 = EDGE_CURVE ( 'NONE', #346, #3185, #4325, .T. ) ;
#6037 = ORIENTED_EDGE ( 'NONE', *, *, #3993, .T. ) ;
#6038 =( GEOMETRIC_REPRESENTATION_CONTEXT ( 3 ) GLOBAL_UNCERTAINTY_ASSIGNED_CONTEXT ( ( #1429 ) ) GLOBAL_UNIT_ASSIGNED_CONTEXT ( ( #6137, #2778, #3712 ) ) REPRESENTATION_CONTEXT ( 'NONE', 'WORKASPACE' ) );
#6039 = EDGE_CURVE ( 'NONE', #1508, #3040, #3410, .T. ) ;
#6040 = ADVANCED_FACE ( 'NONE', ( #5263 ), #5323, .T. ) ;
#6041 = DIRECTION ( 'NONE',  ( 0.000000000000000000, -1.000000000000000000, -0.000000000000000000 ) ) ;
#6042 = ADVANCED_FACE ( 'NONE', ( #2347 ), #13, .F. ) ;
#6043 = DIRECTION ( 'NONE',  ( -0.000000000000000000, -0.000000000000000000, 1.000000000000000000 ) ) ;
#6044 = CARTESIAN_POINT ( 'NONE',  ( -1.500000000000001554, 1.235000000000015419, 0.5500000000000018208 ) ) ;
#6045 = CARTESIAN_POINT ( 'NONE',  ( -1.100780434304001520, 0.1920634580262153002, -1.999999999999997335 ) ) ;
#6046 = ORIENTED_EDGE ( 'NONE', *, *, #5844, .F. ) ;
#6047 = VECTOR ( 'NONE', #248, 1000.000000000000000 ) ;
#6048 = ORIENTED_EDGE ( 'NONE', *, *, #4005, .F. ) ;
#6049 = VERTEX_POINT ( 'NONE', #4798 ) ;
#6050 = DIRECTION ( 'NONE',  ( -1.000000000000000000, -0.000000000000000000, 0.000000000000000000 ) ) ;
#6051 = DIRECTION ( 'NONE',  ( -1.000000000000000000, 0.000000000000000000, -0.000000000000000000 ) ) ;
#6052 = CARTESIAN_POINT ( 'NONE',  ( -2.550000000000001599, 1.370000000000015206, 1.400000000000001910 ) ) ;
#6053 = ORIENTED_EDGE ( 'NONE', *, *, #3868, .F. ) ;
#6054 = FACE_OUTER_BOUND ( 'NONE', #4392, .T. ) ;
#6055 = ORIENTED_EDGE ( 'NONE', *, *, #4316, .F. ) ;
#6056 = LINE ( 'NONE', #1737, #3103 ) ;
#6057 = LINE ( 'NONE', #2321, #1253 ) ;
#6058 = CARTESIAN_POINT ( 'NONE',  ( -1.301042606982605321E-15, 1.251378662819562670, 1.303418489699011973 ) ) ;
#6059 = DIRECTION ( 'NONE',  ( 1.000000000000000000, 0.000000000000000000, -0.000000000000000000 ) ) ;
#6060 = ORIENTED_EDGE ( 'NONE', *, *, #1844, .T. ) ;
#6061 = DIRECTION ( 'NONE',  ( 1.000000000000000000, 0.000000000000000000, -0.000000000000000000 ) ) ;
#6062 = FACE_OUTER_BOUND ( 'NONE', #3344, .T. ) ;
#6063 = ADVANCED_FACE ( 'NONE', ( #1900 ), #4381, .F. ) ;
#6064 = ORIENTED_EDGE ( 'NONE', *, *, #3462, .F. ) ;
#6065 = CARTESIAN_POINT ( 'NONE',  ( 0.8949999999999982414, 0.2500000000000152656, -2.099999999999998757 ) ) ;
#6066 = ORIENTED_EDGE ( 'NONE', *, *, #5685, .T. ) ;
#6067 = ADVANCED_FACE ( 'NONE', ( #1015 ), #450, .T. ) ;
#6068 = CARTESIAN_POINT ( 'NONE',  ( -2.800000000000001155, 0.1600000000000153244, 1.650000000000001910 ) ) ;
#6069 = VECTOR ( 'NONE', #5122, 1000.000000000000000 ) ;
#6070 = DIRECTION ( 'NONE',  ( 1.000000000000000000, -0.000000000000000000, 0.000000000000000000 ) ) ;
#6071 = DIRECTION ( 'NONE',  ( 0.000000000000000000, 0.000000000000000000, -1.000000000000000000 ) ) ;
#6072 = FACE_OUTER_BOUND ( 'NONE', #2232, .T. ) ;
#6073 = ORIENTED_EDGE ( 'NONE', *, *, #4864, .F. ) ;
#6074 = EDGE_CURVE ( 'NONE', #1375, #2299, #3878, .T. ) ;
#6075 = VECTOR ( 'NONE', #255, 1000.000000000000000 ) ;
#6076 = ORIENTED_EDGE ( 'NONE', *, *, #3348, .T. ) ;
#6077 = EDGE_LOOP ( 'NONE', ( #3, #219, #3817, #193 ) ) ;
#6078 = CARTESIAN_POINT ( 'NONE',  ( -1.095000000000001306, 0.09220050455074438323, -1.994766404375844626 ) ) ;
#6079 = CIRCLE ( 'NONE', #1551, 0.09999999999999982514 ) ;
#6080 = CARTESIAN_POINT ( 'NONE',  ( -2.444432617520276629, 0.2000000000000153044, -0.8999999999999980238 ) ) ;
#6081 = CARTESIAN_POINT ( 'NONE',  ( -1.301042606982605321E-15, 0.05000000000001530998, -2.099999999999998757 ) ) ;
#6082 = DIRECTION ( 'NONE',  ( 1.000000000000000000, 0.000000000000000000, -0.000000000000000000 ) ) ;
#6083 = ORIENTED_EDGE ( 'NONE', *, *, #1971, .F. ) ;
#6084 = LINE ( 'NONE', #4577, #6005 ) ;
#6085 = VECTOR ( 'NONE', #5773, 1000.000000000000000 ) ;
#6086 = ORIENTED_EDGE ( 'NONE', *, *, #4060, .T. ) ;
#6087 = LINE ( 'NONE', #3693, #6106 ) ;
#6088 = DIRECTION ( 'NONE',  ( 0.000000000000000000, 0.05233595624290282577, 0.9986295347545759427 ) ) ;
#6089 = LINE ( 'NONE', #4522, #5329 ) ;
#6090 = DIRECTION ( 'NONE',  ( -0.000000000000000000, 1.000000000000000000, 0.000000000000000000 ) ) ;
#6091 = ORIENTED_EDGE ( 'NONE', *, *, #3639, .F. ) ;
#6092 = LINE ( 'NONE', #1246, #3863 ) ;
#6093 = VECTOR ( 'NONE', #4249, 1000.000000000000000 ) ;
#6094 = FACE_OUTER_BOUND ( 'NONE', #3224, .T. ) ;
#6095 = DIRECTION ( 'NONE',  ( -0.000000000000000000, 1.000000000000000000, 0.000000000000000000 ) ) ;
#6096 = ORIENTED_EDGE ( 'NONE', *, *, #3159, .F. ) ;
#6097 = DIRECTION ( 'NONE',  ( 1.000000000000000000, 0.000000000000000000, -0.000000000000000000 ) ) ;
#6098 = ORIENTED_EDGE ( 'NONE', *, *, #5416, .T. ) ;
#6099 = VECTOR ( 'NONE', #113, 1000.000000000000000 ) ;
#6100 = DIRECTION ( 'NONE',  ( -0.000000000000000000, 1.000000000000000000, 0.000000000000000000 ) ) ;
#6101 = LINE ( 'NONE', #1793, #5483 ) ;
#6102 = PLANE ( 'NONE',  #812 ) ;
#6103 = ORIENTED_EDGE ( 'NONE', *, *, #5383, .F. ) ;
#6104 = AXIS2_PLACEMENT_3D ( 'NONE', #2844, #4220, #3746 ) ;
#6105 = ORIENTED_EDGE ( 'NONE', *, *, #1308, .T. ) ;
#6106 = VECTOR ( 'NONE', #835, 1000.000000000000000 ) ;
#6107 = CARTESIAN_POINT ( 'NONE',  ( 1.104999999999998428, 0.05000000000000778821, -1.399999999999998135 ) ) ;
#6108 = DIRECTION ( 'NONE',  ( 1.000000000000000000, 0.000000000000000000, 0.000000000000000000 ) ) ;
#6109 = VECTOR ( 'NONE', #3803, 1000.000000000000000 ) ;
#6110 = LINE ( 'NONE', #862, #2474 ) ;
#6111 = DIRECTION ( 'NONE',  ( -0.000000000000000000, -1.000000000000000000, -0.000000000000000000 ) ) ;
#6112 = ORIENTED_EDGE ( 'NONE', *, *, #2134, .F. ) ;
#6113 = EDGE_CURVE ( 'NONE', #3300, #640, #3439, .T. ) ;
#6114 = LINE ( 'NONE', #4234, #1285 ) ;
#6115 = EDGE_LOOP ( 'NONE', ( #5535, #2765, #3578, #3364 ) ) ;
#6116 = FACE_OUTER_BOUND ( 'NONE', #4883, .T. ) ;
#6117 = EDGE_CURVE ( 'NONE', #3782, #1075, #3785, .T. ) ;
#6118 = CARTESIAN_POINT ( 'NONE',  ( 3.149999999999998135, 0.9100000000000152411, -2.089999999999998082 ) ) ;
#6119 = CARTESIAN_POINT ( 'NONE',  ( 1.094999999999998863, 0.9650000000000152900, -0.5999999999999980904 ) ) ;
#6120 = DIRECTION ( 'NONE',  ( 1.000000000000000000, 0.000000000000000000, -0.000000000000000000 ) ) ;
#6121 = VERTEX_POINT ( 'NONE', #6208 ) ;
#6122 = LINE ( 'NONE', #4614, #2361 ) ;
#6123 = AXIS2_PLACEMENT_3D ( 'NONE', #5512, #4544, #4072 ) ;
#6124 = ORIENTED_EDGE ( 'NONE', *, *, #2680, .F. ) ;
#6125 = CARTESIAN_POINT ( 'NONE',  ( -0.5950000000000013056, 0.2499999999999479583, -2.800000000000000266 ) ) ;
#6126 = CARTESIAN_POINT ( 'NONE',  ( 3.999999999999999112, 1.010000000000015330, 0.7000000000000020650 ) ) ;
#6127 = ORIENTED_EDGE ( 'NONE', *, *, #4120, .T. ) ;
#6128 = CARTESIAN_POINT ( 'NONE',  ( 3.144432617519998807, 3.531788576871530694E-14, -0.8999999999999980238 ) ) ;
#6129 = ORIENTED_EDGE ( 'NONE', *, *, #377, .F. ) ;
#6130 = VECTOR ( 'NONE', #4940, 1000.000000000000000 ) ;
#6131 = CARTESIAN_POINT ( 'NONE',  ( 1.094999999999998863, 0.1920634580260152935, -1.899999999999998135 ) ) ;
#6132 = VECTOR ( 'NONE', #4487, 1000.000000000000000 ) ;
#6133 = EDGE_CURVE ( 'NONE', #4516, #4167, #2470, .T. ) ;
#6134 = VECTOR ( 'NONE', #2411, 1000.000000000000000 ) ;
#6135 = DIRECTION ( 'NONE',  ( -1.000000000000000000, 0.000000000000000000, -0.000000000000000000 ) ) ;
#6136 = VECTOR ( 'NONE', #3558, 1000.000000000000000 ) ;
#6137 =( LENGTH_UNIT ( ) NAMED_UNIT ( * ) SI_UNIT ( .MILLI., .METRE. ) );
#6138 = PLANE ( 'NONE',  #1801 ) ;
#6139 = ORIENTED_EDGE ( 'NONE', *, *, #215, .T. ) ;
#6140 = EDGE_LOOP ( 'NONE', ( #3894, #5353, #2834, #2340, #1400, #878, #3477, #4571, #2986, #764, #4951, #5391 ) ) ;
#6141 = EDGE_CURVE ( 'NONE', #5151, #1362, #5467, .T. ) ;
#6142 = FACE_OUTER_BOUND ( 'NONE', #4748, .T. ) ;
#6143 = DIRECTION ( 'NONE',  ( 1.000000000000000000, 0.000000000000000000, -0.000000000000000000 ) ) ;
#6144 = EDGE_CURVE ( 'NONE', #5305, #4897, #4409, .T. ) ;
#6145 = LINE ( 'NONE', #769, #5279 ) ;
#6146 = LINE ( 'NONE', #488, #5211 ) ;
#6147 = ORIENTED_EDGE ( 'NONE', *, *, #3425, .F. ) ;
#6148 = DIRECTION ( 'NONE',  ( 0.000000000000000000, -1.000000000000000000, -0.000000000000000000 ) ) ;
#6149 = ADVANCED_FACE ( 'NONE', ( #222 ), #3031, .F. ) ;
#6150 = ADVANCED_FACE ( 'NONE', ( #4909 ), #4041, .F. ) ;
#6151 = ORIENTED_EDGE ( 'NONE', *, *, #4851, .T. ) ;
#6152 = CARTESIAN_POINT ( 'NONE',  ( -1.370000000000001439, 0.05000000000001530998, -0.1899999999999978928 ) ) ;
#6153 = EDGE_CURVE ( 'NONE', #5223, #3142, #3494, .T. ) ;
#6154 = CARTESIAN_POINT ( 'NONE',  ( 1.369999999999998774, 1.640000000000015445, -1.024999999999998135 ) ) ;
#6155 = FACE_OUTER_BOUND ( 'NONE', #5940, .T. ) ;
#6156 = FACE_OUTER_BOUND ( 'NONE', #1620, .T. ) ;
#6157 = ORIENTED_EDGE ( 'NONE', *, *, #4353, .F. ) ;
#6158 = LINE ( 'NONE', #430, #337 ) ;
#6159 = ORIENTED_EDGE ( 'NONE', *, *, #1985, .T. ) ;
#6160 = EDGE_CURVE ( 'NONE', #5325, #402, #5979, .T. ) ;
#6161 = LINE ( 'NONE', #4783, #1149 ) ;
#6162 = DIRECTION ( 'NONE',  ( 0.000000000000000000, 0.000000000000000000, 1.000000000000000000 ) ) ;
#6163 = ORIENTED_EDGE ( 'NONE', *, *, #5486, .F. ) ;
#6164 = LINE ( 'NONE', #3773, #2709 ) ;
#6165 = EDGE_CURVE ( 'NONE', #444, #2795, #2049, .T. ) ;
#6166 = VERTEX_POINT ( 'NONE', #2528 ) ;
#6167 = LINE ( 'NONE', #4688, #6212 ) ;
#6168 = PLANE ( 'NONE',  #5993 ) ;
#6169 = CARTESIAN_POINT ( 'NONE',  ( -1.500000000000001554, 1.260000000000015330, 1.650000000000001910 ) ) ;
#6170 = ORIENTED_EDGE ( 'NONE', *, *, #2350, .T. ) ;
#6171 = MANIFOLD_SOLID_BREP ( 'Imported1', #3366 ) ;
#6172 = VERTEX_POINT ( 'NONE', #573 ) ;
#6173 = ORIENTED_EDGE ( 'NONE', *, *, #2618, .F. ) ;
#6174 = VECTOR ( 'NONE', #4246, 1000.000000000000000 ) ;
#6175 = LINE ( 'NONE', #5701, #2929 ) ;
#6176 = CARTESIAN_POINT ( 'NONE',  ( 0.09499999999999872435, 0.8061074182865152205, -0.6999999999999979572 ) ) ;
#6177 = DIRECTION ( 'NONE',  ( 0.000000000000000000, 0.000000000000000000, -1.000000000000000000 ) ) ;
#6178 = CARTESIAN_POINT ( 'NONE',  ( 1.499999999999998668, 1.870000000000015206, 1.734723475976807094E-15 ) ) ;
#6179 = CARTESIAN_POINT ( 'NONE',  ( 0.3949999999999986300, 0.05000000000001154910, -2.099999999999998757 ) ) ;
#6180 = VECTOR ( 'NONE', #3592, 1000.000000000000000 ) ;
#6181 = ORIENTED_EDGE ( 'NONE', *, *, #4393, .T. ) ;
#6182 = EDGE_CURVE ( 'NONE', #3714, #1720, #2496, .T. ) ;
#6183 = AXIS2_PLACEMENT_3D ( 'NONE', #3261, #870, #2794 ) ;
#6184 = CARTESIAN_POINT ( 'NONE',  ( 0.09499999999999872435, 1.235000000000015419, 0.5500000000000018208 ) ) ;
#6185 = CARTESIAN_POINT ( 'NONE',  ( -3.150000000000201084, 0.09999999999996531108, -1.579999999999998073 ) ) ;
#6186 = CARTESIAN_POINT ( 'NONE',  ( -2.800000000000001155, 1.760000000000015330, 0.7000000000000020650 ) ) ;
#6187 = CARTESIAN_POINT ( 'NONE',  ( -0.5950000000000013056, 1.117991655295210496, 1.017369128957864799 ) ) ;
#6188 = ORIENTED_EDGE ( 'NONE', *, *, #173, .F. ) ;
#6189 = AXIS2_PLACEMENT_3D ( 'NONE', #893, #986, #1867 ) ;
#6190 = CARTESIAN_POINT ( 'NONE',  ( 0.9999999999999991118, 1.312198954710015242, -2.299999999999998046 ) ) ;
#6191 = ORIENTED_EDGE ( 'NONE', *, *, #1113, .F. ) ;
#6192 = ORIENTED_EDGE ( 'NONE', *, *, #33, .F. ) ;
#6193 = DIRECTION ( 'NONE',  ( 0.000000000000000000, 1.000000000000000000, 0.000000000000000000 ) ) ;
#6194 = DIRECTION ( 'NONE',  ( 1.000000000000000000, 0.000000000000000000, -0.000000000000000000 ) ) ;
#6195 = ORIENTED_EDGE ( 'NONE', *, *, #177, .F. ) ;
#6196 = LINE ( 'NONE', #2900, #3310 ) ;
#6197 = ORIENTED_EDGE ( 'NONE', *, *, #5741, .T. ) ;
#6198 = CARTESIAN_POINT ( 'NONE',  ( 1.314432617519998514, 0.9100000000000152411, -1.139999999999998126 ) ) ;
#6199 = ORIENTED_EDGE ( 'NONE', *, *, #768, .F. ) ;
#6200 = EDGE_CURVE ( 'NONE', #5621, #5325, #1099, .T. ) ;
#6201 = CARTESIAN_POINT ( 'NONE',  ( -1.369999999999990115, 1.820000000000015383, -0.1839477295671734514 ) ) ;
#6202 = DIRECTION ( 'NONE',  ( 1.000000000000000000, 0.000000000000000000, -0.000000000000000000 ) ) ;
#6203 = ORIENTED_EDGE ( 'NONE', *, *, #4463, .T. ) ;
#6204 = VERTEX_POINT ( 'NONE', #2999 ) ;
#6205 = ORIENTED_EDGE ( 'NONE', *, *, #6200, .T. ) ;
#6206 = CARTESIAN_POINT ( 'NONE',  ( 1.369999999999998774, 0.05000000000001530998, -0.3649999999999977152 ) ) ;
#6207 = CARTESIAN_POINT ( 'NONE',  ( 3.199999999999998845, 0.05000000000001530998, 1.370000000000002105 ) ) ;
#6208 = CARTESIAN_POINT ( 'NONE',  ( 1.549999999999998490, 0.8700000000000153166, -0.2499999999999980571 ) ) ;
#6209 = CARTESIAN_POINT ( 'NONE',  ( 2.799999999999998490, 0.2100000000000153133, 2.100000000000001865 ) ) ;
#6210 = ORIENTED_EDGE ( 'NONE', *, *, #473, .T. ) ;
#6211 = ORIENTED_EDGE ( 'NONE', *, *, #3292, .T. ) ;
#6212 = VECTOR ( 'NONE', #3776, 1000.000000000000000 ) ;
#6213 = CARTESIAN_POINT ( 'NONE',  ( 2.549999999999998490, 0.2600000000000153300, 1.400000000000001910 ) ) ;
#6214 = DIRECTION ( 'NONE',  ( 1.000000000000000000, 0.000000000000000000, -0.000000000000000000 ) ) ;
#6215 = ADVANCED_FACE ( 'NONE', ( #2589 ), #124, .F. ) ;
#6216 = VECTOR ( 'NONE', #2091, 1000.000000000000000 ) ;
#6217 = DIRECTION ( 'NONE',  ( 0.000000000000000000, -0.4226182617436403111, -0.9063077870352785892 ) ) ;
#6218 = ORIENTED_EDGE ( 'NONE', *, *, #4348, .T. ) ;
#6219 = CARTESIAN_POINT ( 'NONE',  ( -1.600000000000001421, 1.870000000000015206, 1.200000000000001954 ) ) ;
#6220 = VECTOR ( 'NONE', #3399, 1000.000000000000000 ) ;
#6221 = VERTEX_POINT ( 'NONE', #632 ) ;
#6222 = VERTEX_POINT ( 'NONE', #2558 ) ;
#6223 = DIRECTION ( 'NONE',  ( -0.000000000000000000, -0.02173399540922035106, -0.9997637888239161441 ) ) ;
#6224 = DIRECTION ( 'NONE',  ( 0.000000000000000000, -1.000000000000000000, -0.000000000000000000 ) ) ;
#6225 = PLANE ( 'NONE',  #3225 ) ;
#6226 = DIRECTION ( 'NONE',  ( 1.000000000000000000, 0.000000000000000000, 0.000000000000000000 ) ) ;
#6227 = VECTOR ( 'NONE', #940, 1000.000000000000000 ) ;
#6228 = ORIENTED_EDGE ( 'NONE', *, *, #3163, .T. ) ;
#6229 = ADVANCED_FACE ( 'NONE', ( #4472 ), #5438, .T. ) ;
#6230 = EDGE_CURVE ( 'NONE', #2436, #5236, #5562, .T. ) ;
#6231 = EDGE_CURVE ( 'NONE', #3714, #3091, #5061, .T. ) ;
#6232 = DIRECTION ( 'NONE',  ( 0.000000000000000000, 1.000000000000000000, 0.000000000000000000 ) ) ;
#6233 = EDGE_CURVE ( 'NONE', #5934, #224, #3124, .T. ) ;
ENDSEC;
END-ISO-10303-21;
