ISO-10303-21;
HEADER;
FILE_DESCRIPTION (( 'STEP AP214' ),
    '1' );
FILE_NAME ('UUD1H100MCL1GS.STEP',
    '2022-11-07T15:33:15',
    ( '' ),
    ( '' ),
    'SwSTEP 2.0',
    'SolidWorks 2017',
    '' );
FILE_SCHEMA (( 'AUTOMOTIVE_DESIGN' ));
ENDSEC;

DATA;
#1 = CARTESIAN_POINT ( 'NONE',  ( 3.300000000000000700, 1.899999999999999900, 1.100000000000000300 ) ) ;
#2 = CARTESIAN_POINT ( 'NONE',  ( -1.099999999999999900, 1.100000000000000100, -3.299999999999999800 ) ) ;
#3 = DIRECTION ( 'NONE',  ( 0.7071067811865475700, 0.0000000000000000000, -0.7071067811865475700 ) ) ;
#4 = CARTESIAN_POINT ( 'NONE',  ( 0.0000000000000000000, 0.2999999999999999900, 0.0000000000000000000 ) ) ;
#5 = CARTESIAN_POINT ( 'NONE',  ( -2.978084538754587100, 1.168577677538967100, 1.026430158050881700 ) ) ;
#6 = PRESENTATION_STYLE_ASSIGNMENT (( #1849 ) ) ;
#7 = AXIS2_PLACEMENT_3D ( 'NONE', #1464, #1961, #430 ) ;
#8 = AXIS2_PLACEMENT_3D ( 'NONE', #1534, #1025, #658 ) ;
#9 = CARTESIAN_POINT ( 'NONE',  ( 3.500000000000002200, 0.2999999999999999300, -0.3250000000000007300 ) ) ;
#10 = LINE ( 'NONE', #563, #2217 ) ;
#11 = ORIENTED_EDGE ( 'NONE', *, *, #1324, .T. ) ;
#12 = DIRECTION ( 'NONE',  ( -1.000000000000000000, 0.0000000000000000000, 1.660421643713043200E-016 ) ) ;
#13 = CYLINDRICAL_SURFACE ( 'NONE', #906, 0.3250000000000004000 ) ;
#14 = CARTESIAN_POINT ( 'NONE',  ( -2.955111405838618800, 1.200000000003575100, 1.090831024916671100 ) ) ;
#15 = LINE ( 'NONE', #53, #1691 ) ;
#16 = CARTESIAN_POINT ( 'NONE',  ( -0.9999999999999997800, 1.100000000000000100, 3.299999999999999800 ) ) ;
#17 = UNCERTAINTY_MEASURE_WITH_UNIT (LENGTH_MEASURE( 1.000000000000000100E-005 ), #485, 'distance_accuracy_value', 'NONE');
#18 = VERTEX_POINT ( 'NONE', #561 ) ;
#19 = ORIENTED_EDGE ( 'NONE', *, *, #706, .F. ) ;
#20 = CARTESIAN_POINT ( 'NONE',  ( 0.0000000000000000000, 1.000000000000000000, 0.0000000000000000000 ) ) ;
#21 = CARTESIAN_POINT ( 'NONE',  ( 3.018691769624716400, 1.000000000000000000, 0.8999999999999999100 ) ) ;
#22 = VERTEX_POINT ( 'NONE', #2132 ) ;
#23 = DIRECTION ( 'NONE',  ( -1.000000000000000000, 0.0000000000000000000, 0.0000000000000000000 ) ) ;
#24 = CARTESIAN_POINT ( 'NONE',  ( -0.9913777486098155300, 1.057991010978290200, 2.989930281108785800 ) ) ;
#25 = ORIENTED_EDGE ( 'NONE', *, *, #1666, .T. ) ;
#26 = PRODUCT_DEFINITION_CONTEXT ( 'detailed design', #1868, 'design' ) ;
#27 = AXIS2_PLACEMENT_3D ( 'NONE', #1342, #472, #1685 ) ;
#28 = ORIENTED_EDGE ( 'NONE', *, *, #207, .T. ) ;
#29 = CARTESIAN_POINT ( 'NONE',  ( 1.425000000000001400, 0.0000000000000000000, 6.234162491791650500E-016 ) ) ;
#30 = PLANE ( 'NONE',  #681 ) ;
#31 = ORIENTED_EDGE ( 'NONE', *, *, #565, .F. ) ;
#32 = DIRECTION ( 'NONE',  ( -0.0000000000000000000, 0.0000000000000000000, 1.000000000000000000 ) ) ;
#33 = CARTESIAN_POINT ( 'NONE',  ( -0.9088929734724058300, 0.9999999999953227400, 3.016040397197352600 ) ) ;
#34 = CARTESIAN_POINT ( 'NONE',  ( 2.987055406248778900, 1.094236501279184400, -1.000000000000014000 ) ) ;
#35 = AXIS2_PLACEMENT_3D ( 'NONE', #960, #627, #984 ) ;
#36 = VERTEX_POINT ( 'NONE', #132 ) ;
#37 = CARTESIAN_POINT ( 'NONE',  ( 0.9000000000000008000, 1.000000000000000000, -3.018691769624716400 ) ) ;
#38 = EDGE_CURVE ( 'NONE', #777, #280, #15, .T. ) ;
#39 = FACE_OUTER_BOUND ( 'NONE', #1582, .T. ) ;
#40 = EDGE_CURVE ( 'NONE', #1717, #121, #1174, .T. ) ;
#41 = CARTESIAN_POINT ( 'NONE',  ( 0.9343549430889641600, 1.006086540446248500, 3.008235502803133300 ) ) ;
#42 = VECTOR ( 'NONE', #1433, 1000.000000000000000 ) ;
#43 = AXIS2_PLACEMENT_3D ( 'NONE', #29, #728, #1937 ) ;
#44 = CARTESIAN_POINT ( 'NONE',  ( 3.008235502803133800, 1.006086540446248200, -0.9343549430889623900 ) ) ;
#45 = VERTEX_POINT ( 'NONE', #574 ) ;
#46 = FACE_OUTER_BOUND ( 'NONE', #1541, .T. ) ;
#47 = LINE ( 'NONE', #1557, #1690 ) ;
#48 = CARTESIAN_POINT ( 'NONE',  ( 1.000000000000000900, 1.089223426384342800, -2.987055406248769500 ) ) ;
#49 = CARTESIAN_POINT ( 'NONE',  ( -3.299999999999998900, 1.100000000000000100, -0.9000000000000000200 ) ) ;
#50 = ORIENTED_EDGE ( 'NONE', *, *, #554, .F. ) ;
#51 = VECTOR ( 'NONE', #712, 1000.000000000000000 ) ;
#52 = CARTESIAN_POINT ( 'NONE',  ( -3.500000000000001300, 2.786463351831272900, -0.3249999999999999000 ) ) ;
#53 = CARTESIAN_POINT ( 'NONE',  ( 2.987055406248770000, 1.000000000000000000, 1.000000000000000000 ) ) ;
#54 = VERTEX_POINT ( 'NONE', #1775 ) ;
#55 = VERTEX_POINT ( 'NONE', #753 ) ;
#56 = ADVANCED_FACE ( 'NONE', ( #2042 ), #823, .T. ) ;
#57 = ORIENTED_EDGE ( 'NONE', *, *, #459, .T. ) ;
#58 = DIRECTION ( 'NONE',  ( -2.828353493440445800E-016, 0.0000000000000000000, -1.000000000000000000 ) ) ;
#59 = DIRECTION ( 'NONE',  ( -1.000000000000000000, 0.0000000000000000000, 0.0000000000000000000 ) ) ;
#60 = VERTEX_POINT ( 'NONE', #530 ) ;
#61 = DIRECTION ( 'NONE',  ( -1.314184451497581300E-016, 0.0000000000000000000, -1.000000000000000000 ) ) ;
#62 = CARTESIAN_POINT ( 'NONE',  ( -0.9870627072728519500, 1.050805640543639200, -2.991355413840219900 ) ) ;
#63 = PRESENTATION_LAYER_ASSIGNMENT (  '', '', ( #449 ) ) ;
#64 = EDGE_LOOP ( 'NONE', ( #908 ) ) ;
#65 = PLANE ( 'NONE',  #140 ) ;
#66 = ORIENTED_EDGE ( 'NONE', *, *, #2124, .T. ) ;
#67 = CARTESIAN_POINT ( 'NONE',  ( 0.9000000000000008000, 1.000000000000000000, -3.299999999999999800 ) ) ;
#68 = ORIENTED_EDGE ( 'NONE', *, *, #1030, .T. ) ;
#69 = CARTESIAN_POINT ( 'NONE',  ( 0.0000000000000000000, 6.299999999999998900, 0.0000000000000000000 ) ) ;
#70 = CARTESIAN_POINT ( 'NONE',  ( 1.425000000000001400, 2.786463351831272900, -0.3249999999999997900 ) ) ;
#71 = CARTESIAN_POINT ( 'NONE',  ( -2.987055406248770000, 1.100000000000000100, 1.000000000000000000 ) ) ;
#72 = CIRCLE ( 'NONE', #2108, 3.050000000000000700 ) ;
#73 = CARTESIAN_POINT ( 'NONE',  ( -2.987055406248769500, 1.089223426384342800, -1.000000000000000000 ) ) ;
#74 = LINE ( 'NONE', #213, #1782 ) ;
#75 = DIRECTION ( 'NONE',  ( 1.000000000000000000, 0.0000000000000000000, 0.0000000000000000000 ) ) ;
#76 = CARTESIAN_POINT ( 'NONE',  ( -0.9000000000000000200, 1.000000000000000000, -3.018691769624717300 ) ) ;
#77 = CIRCLE ( 'NONE', #1313, 3.066666666666660700 ) ;
#78 = DIRECTION ( 'NONE',  ( 1.000000000000000000, -0.0000000000000000000, 0.0000000000000000000 ) ) ;
#79 = PLANE ( 'NONE',  #1856 ) ;
#80 = VECTOR ( 'NONE', #1308, 1000.000000000000000 ) ;
#81 = FACE_OUTER_BOUND ( 'NONE', #1828, .T. ) ;
#82 = EDGE_CURVE ( 'NONE', #543, #313, #1924, .T. ) ;
#83 = CARTESIAN_POINT ( 'NONE',  ( 1.000000000000000900, 1.800000000000000000, -2.987055406248769500 ) ) ;
#84 = ORIENTED_EDGE ( 'NONE', *, *, #325, .F. ) ;
#85 = CARTESIAN_POINT ( 'NONE',  ( -3.299999999999998900, 1.200000000000000200, -3.299999999999999400 ) ) ;
#86 = DIRECTION ( 'NONE',  ( -1.000000000000000000, 0.0000000000000000000, 0.0000000000000000000 ) ) ;
#87 = VERTEX_POINT ( 'NONE', #16 ) ;
#88 =( GEOMETRIC_REPRESENTATION_CONTEXT ( 3 ) GLOBAL_UNCERTAINTY_ASSIGNED_CONTEXT ( ( #604 ) ) GLOBAL_UNIT_ASSIGNED_CONTEXT ( ( #2059, #1022, #2220 ) ) REPRESENTATION_CONTEXT ( 'NONE', 'WORKASPACE' ) );
#89 = VERTEX_POINT ( 'NONE', #2099 ) ;
#90 = CARTESIAN_POINT ( 'NONE',  ( -1.799999999999999200, 1.899999999999999900, 3.299999999999999800 ) ) ;
#91 = ORIENTED_EDGE ( 'NONE', *, *, #287, .F. ) ;
#92 = ORIENTED_EDGE ( 'NONE', *, *, #1567, .F. ) ;
#93 = CARTESIAN_POINT ( 'NONE',  ( -3.300000000000001600, 1.100000000000000100, -1.000000000000000000 ) ) ;
#94 = CARTESIAN_POINT ( 'NONE',  ( -1.425000000000001800, 2.786463351831272900, 6.234162491791650500E-016 ) ) ;
#95 = ADVANCED_FACE ( 'NONE', ( #179 ), #358, .T. ) ;
#96 = ORIENTED_EDGE ( 'NONE', *, *, #2232, .F. ) ;
#97 = CARTESIAN_POINT ( 'NONE',  ( -1.000000000000013800, 1.094236501279184400, -2.987055406248779300 ) ) ;
#98 = DIRECTION ( 'NONE',  ( 1.000000000000000000, -0.0000000000000000000, -2.612535355386758000E-016 ) ) ;
#99 = DIRECTION ( 'NONE',  ( 0.0000000000000000000, -1.000000000000000000, 0.0000000000000000000 ) ) ;
#100 = DIRECTION ( 'NONE',  ( -9.427844978134821400E-017, 0.0000000000000000000, 1.000000000000000000 ) ) ;
#101 = DIRECTION ( 'NONE',  ( -0.0000000000000000000, 1.000000000000000000, -0.0000000000000000000 ) ) ;
#102 = CARTESIAN_POINT ( 'NONE',  ( 1.000000000000001800, 1.000000000000000000, 2.987055406248769500 ) ) ;
#103 = EDGE_CURVE ( 'NONE', #1144, #165, #407, .T. ) ;
#104 = TOROIDAL_SURFACE ( 'NONE', #416, 3.050000000000000700, 0.1000000000000000100 ) ;
#105 = EDGE_CURVE ( 'NONE', #147, #1903, #1017, .T. ) ;
#106 = ADVANCED_FACE ( 'NONE', ( #1533 ), #171, .T. ) ;
#107 = CIRCLE ( 'NONE', #2115, 0.5000000000000000000 ) ;
#108 = B_SPLINE_CURVE_WITH_KNOTS ( 'NONE', 3,
 ( #722, #1912, #2254, #1237, #526, #1056, #1066, #533, #174, #870, #1243, #2111, #707, #2087, #1222, #538 ),
 .UNSPECIFIED., .F., .F.,
 ( 4, 3, 3, 3, 3, 4 ),
 ( 0.0000000000000000000, 3.740423512006500900E-005, 7.489527431726915700E-005, 0.0001109589145255290400, 0.0001449120518475358100, 0.0001610784583162285700 ),
 .UNSPECIFIED. ) ;
#109 = CARTESIAN_POINT ( 'NONE',  ( 2.956048360759466800, 1.899999999999999900, 1.088316838898304000 ) ) ;
#110 = CIRCLE ( 'NONE', #1088, 0.3250000000000004000 ) ;
#111 = AXIS2_PLACEMENT_3D ( 'NONE', #1702, #1018, #1348 ) ;
#112 = CIRCLE ( 'NONE', #161, 0.1000000000000000500 ) ;
#113 = CARTESIAN_POINT ( 'NONE',  ( 1.000000000000000900, 1.200000000000000200, -3.299999999999999800 ) ) ;
#114 = ORIENTED_EDGE ( 'NONE', *, *, #1549, .F. ) ;
#115 = CYLINDRICAL_SURFACE ( 'NONE', #1007, 3.150000000000000400 ) ;
#116 = AXIS2_PLACEMENT_3D ( 'NONE', #957, #1827, #437 ) ;
#117 = VERTEX_POINT ( 'NONE', #1572 ) ;
#118 = EDGE_LOOP ( 'NONE', ( #1612 ) ) ;
#119 = ADVANCED_FACE ( 'NONE', ( #1061 ), #2092, .F. ) ;
#120 = CARTESIAN_POINT ( 'NONE',  ( -0.9994971975047046700, 1.088449417434993700, -2.987223868983701600 ) ) ;
#121 = VERTEX_POINT ( 'NONE', #1233 ) ;
#122 = PLANE ( 'NONE',  #1177 ) ;
#123 = ORIENTED_EDGE ( 'NONE', *, *, #283, .F. ) ;
#124 = EDGE_LOOP ( 'NONE', ( #1416 ) ) ;
#125 = VERTEX_POINT ( 'NONE', #1 ) ;
#126 = CARTESIAN_POINT ( 'NONE',  ( -3.300000000000001600, 1.100000000000000100, 1.000000000000000000 ) ) ;
#127 = CARTESIAN_POINT ( 'NONE',  ( 0.0000000000000000000, 6.299999999999998900, 0.0000000000000000000 ) ) ;
#128 = EDGE_CURVE ( 'NONE', #1882, #1736, #1366, .T. ) ;
#129 = UNCERTAINTY_MEASURE_WITH_UNIT (LENGTH_MEASURE( 1.000000000000000100E-005 ), #2139, 'distance_accuracy_value', 'NONE');
#130 = VERTEX_POINT ( 'NONE', #1700 ) ;
#131 = DIRECTION ( 'NONE',  ( -1.000000000000000000, 0.0000000000000000000, -0.0000000000000000000 ) ) ;
#132 = CARTESIAN_POINT ( 'NONE',  ( 2.000000000000000000, 0.2999999999999999900, 1.500000000000000000 ) ) ;
#133 = LINE ( 'NONE', #1913, #1729 ) ;
#134 = DIRECTION ( 'NONE',  ( -1.000000000000000000, 0.0000000000000000000, 0.0000000000000000000 ) ) ;
#135 = VECTOR ( 'NONE', #1497, 1000.000000000000000 ) ;
#136 = CIRCLE ( 'NONE', #1160, 0.5000000000000000000 ) ;
#137 = CYLINDRICAL_SURFACE ( 'NONE', #629, 0.5000000000000000000 ) ;
#138 = CARTESIAN_POINT ( 'NONE',  ( 2.972105215661919400, 1.883482436762514500, 1.043639749755612700 ) ) ;
#139 = CIRCLE ( 'NONE', #253, 0.5000000000000000000 ) ;
#140 = AXIS2_PLACEMENT_3D ( 'NONE', #962, #583, #2157 ) ;
#141 = ORIENTED_EDGE ( 'NONE', *, *, #1156, .T. ) ;
#142 = VERTEX_POINT ( 'NONE', #887 ) ;
#143 = ORIENTED_EDGE ( 'NONE', *, *, #372, .F. ) ;
#144 = CARTESIAN_POINT ( 'NONE',  ( 1.034514359159178300, 1.875575332243178300, -2.975278145097274500 ) ) ;
#145 = ORIENTED_EDGE ( 'NONE', *, *, #915, .T. ) ;
#146 = CARTESIAN_POINT ( 'NONE',  ( 0.0000000000000000000, 1.000000000000000000, 3.150000000000000400 ) ) ;
#147 = VERTEX_POINT ( 'NONE', #1062 ) ;
#148 = DIRECTION ( 'NONE',  ( 0.0000000000000000000, 0.0000000000000000000, -1.000000000000000000 ) ) ;
#149 = CARTESIAN_POINT ( 'NONE',  ( -1.005187518598628300, 1.131789831243883200, -2.985313727642964700 ) ) ;
#150 = AXIS2_PLACEMENT_3D ( 'NONE', #992, #2032, #1671 ) ;
#151 = VERTEX_POINT ( 'NONE', #1865 ) ;
#152 = LINE ( 'NONE', #1926, #1944 ) ;
#153 = AXIS2_PLACEMENT_3D ( 'NONE', #2183, #101, #295 ) ;
#154 = VECTOR ( 'NONE', #258, 1000.000000000000000 ) ;
#155 = VECTOR ( 'NONE', #1594, 1000.000000000000000 ) ;
#156 = CARTESIAN_POINT ( 'NONE',  ( -3.500000000000001300, 0.2999999999999999300, -0.3249999999999999000 ) ) ;
#157 = EDGE_CURVE ( 'NONE', #2156, #1909, #1853, .T. ) ;
#158 = EDGE_CURVE ( 'NONE', #1560, #1994, #518, .T. ) ;
#159 = FACE_OUTER_BOUND ( 'NONE', #1878, .T. ) ;
#160 = ORIENTED_EDGE ( 'NONE', *, *, #2216, .T. ) ;
#161 = AXIS2_PLACEMENT_3D ( 'NONE', #697, #705, #1916 ) ;
#162 = CARTESIAN_POINT ( 'NONE',  ( 0.0000000000000000000, 0.2999999999999999900, 0.0000000000000000000 ) ) ;
#163 = ORIENTED_EDGE ( 'NONE', *, *, #638, .T. ) ;
#164 = CARTESIAN_POINT ( 'NONE',  ( -2.964373415873049900, 1.193808399563077500, -1.065359212315335000 ) ) ;
#165 = VERTEX_POINT ( 'NONE', #1261 ) ;
#166 = EDGE_LOOP ( 'NONE', ( #525, #1910, #942, #1140 ) ) ;
#167 = ORIENTED_EDGE ( 'NONE', *, *, #38, .T. ) ;
#168 = CARTESIAN_POINT ( 'NONE',  ( 3.300000000000000700, 1.100000000000000100, 1.000000000000000000 ) ) ;
#169 = CARTESIAN_POINT ( 'NONE',  ( -2.972105215661919400, 1.183482436762514500, -1.043639749755612700 ) ) ;
#170 = AXIS2_PLACEMENT_3D ( 'NONE', #708, #1918, #884 ) ;
#171 = PLANE ( 'NONE',  #1418 ) ;
#172 = FACE_OUTER_BOUND ( 'NONE', #241, .T. ) ;
#173 = DIRECTION ( 'NONE',  ( -0.0000000000000000000, 1.000000000000000000, -0.0000000000000000000 ) ) ;
#174 = CARTESIAN_POINT ( 'NONE',  ( -1.018088167200780900, 1.158573912877972000, 2.980944960399708700 ) ) ;
#175 = CARTESIAN_POINT ( 'NONE',  ( 1.000000000000001800, 1.100000000000000100, 2.987055406248769500 ) ) ;
#176 = CYLINDRICAL_SURFACE ( 'NONE', #2227, 0.1000000000000000500 ) ;
#177 = CYLINDRICAL_SURFACE ( 'NONE', #1332, 0.1000000000000000500 ) ;
#178 = FACE_OUTER_BOUND ( 'NONE', #1426, .T. ) ;
#179 = FACE_OUTER_BOUND ( 'NONE', #1019, .T. ) ;
#180 = CARTESIAN_POINT ( 'NONE',  ( 1.425000000000001400, 0.0000000000000000000, 6.234162491791650500E-016 ) ) ;
#181 = CARTESIAN_POINT ( 'NONE',  ( -3.500000000000001300, 0.0000000000000000000, 0.3250000000000000700 ) ) ;
#182 = CARTESIAN_POINT ( 'NONE',  ( -3.299999999999998900, 0.2999999999999999900, 1.800000000000000000 ) ) ;
#183 = ORIENTED_EDGE ( 'NONE', *, *, #1203, .F. ) ;
#184 = CARTESIAN_POINT ( 'NONE',  ( 0.9925941675185399000, 1.060595053587806800, 2.989530188358814100 ) ) ;
#185 = ORIENTED_EDGE ( 'NONE', *, *, #1906, .F. ) ;
#186 = ORIENTED_EDGE ( 'NONE', *, *, #128, .F. ) ;
#187 = EDGE_CURVE ( 'NONE', #1736, #1589, #298, .T. ) ;
#188 = ORIENTED_EDGE ( 'NONE', *, *, #725, .T. ) ;
#189 = CARTESIAN_POINT ( 'NONE',  ( -3.299999999999998900, 1.100000000000000100, 0.9000000000000000200 ) ) ;
#190 = CARTESIAN_POINT ( 'NONE',  ( 2.987055406248769500, 1.000000000000000000, -1.000000000000000000 ) ) ;
#191 = CARTESIAN_POINT ( 'NONE',  ( -3.299999999999998900, 1.899999999999999900, -1.800000000000000000 ) ) ;
#192 = ORIENTED_EDGE ( 'NONE', *, *, #1078, .F. ) ;
#193 = AXIS2_PLACEMENT_3D ( 'NONE', #1477, #1285, #591 ) ;
#194 = CARTESIAN_POINT ( 'NONE',  ( 1.000000000000000900, 1.100000000000000100, -2.987055406248769500 ) ) ;
#195 = CARTESIAN_POINT ( 'NONE',  ( -1.799999999999999200, 1.899999999999999900, 3.299999999999999800 ) ) ;
#196 = DIRECTION ( 'NONE',  ( 0.0000000000000000000, -1.000000000000000000, 0.0000000000000000000 ) ) ;
#197 = CARTESIAN_POINT ( 'NONE',  ( -2.969137917002691900, 1.188449428432642300, 1.052051681108400200 ) ) ;
#198 = FACE_OUTER_BOUND ( 'NONE', #333, .T. ) ;
#199 = CARTESIAN_POINT ( 'NONE',  ( -0.9862672483990512200, 1.048332040644944800, 2.991625238315851500 ) ) ;
#200 = CARTESIAN_POINT ( 'NONE',  ( 0.9654524271960772700, 1.023648033646491500, -2.998414013708745600 ) ) ;
#201 = VECTOR ( 'NONE', #1570, 1000.000000000000000 ) ;
#202 = DIRECTION ( 'NONE',  ( -1.000000000000000000, 0.0000000000000000000, 1.008560160451632200E-016 ) ) ;
#203 = DIRECTION ( 'NONE',  ( 0.0000000000000000000, -1.000000000000000000, 0.0000000000000000000 ) ) ;
#204 = CIRCLE ( 'NONE', #1592, 0.1000000000000000500 ) ;
#205 = LINE ( 'NONE', #1049, #155 ) ;
#206 = DIRECTION ( 'NONE',  ( -0.0000000000000000000, -1.000000000000000000, -0.0000000000000000000 ) ) ;
#207 = EDGE_CURVE ( 'NONE', #415, #1141, #2244, .T. ) ;
#208 = EDGE_CURVE ( 'NONE', #724, #724, #139, .T. ) ;
#209 = FACE_OUTER_BOUND ( 'NONE', #1217, .T. ) ;
#210 = CARTESIAN_POINT ( 'NONE',  ( -3.300000000000001600, 1.000000000000000000, -0.9000000000000000200 ) ) ;
#211 = ORIENTED_EDGE ( 'NONE', *, *, #946, .T. ) ;
#212 = CARTESIAN_POINT ( 'NONE',  ( 3.300000000000000700, 1.899999999999999900, 1.000000000000000000 ) ) ;
#213 = CARTESIAN_POINT ( 'NONE',  ( 3.300000000000000700, 1.000000000000000000, 0.9000000000000000200 ) ) ;
#214 = ORIENTED_EDGE ( 'NONE', *, *, #1376, .T. ) ;
#215 = AXIS2_PLACEMENT_3D ( 'NONE', #1938, #902, #1934 ) ;
#216 = CARTESIAN_POINT ( 'NONE',  ( 1.000000000000015500, 1.094236501279184400, 2.987055406248778000 ) ) ;
#217 = CARTESIAN_POINT ( 'NONE',  ( -0.9264257055162059600, 1.003554771564526100, 3.010686867171477000 ) ) ;
#218 = CARTESIAN_POINT ( 'NONE',  ( 0.0000000000000000000, 2.191607978309962700, 0.0000000000000000000 ) ) ;
#219 = VERTEX_POINT ( 'NONE', #2106 ) ;
#220 = AXIS2_PLACEMENT_3D ( 'NONE', #189, #1399, #1569 ) ;
#221 = EDGE_LOOP ( 'NONE', ( #834 ) ) ;
#222 = CARTESIAN_POINT ( 'NONE',  ( 0.9913777486098164200, 1.057991010978290200, -2.989930281108785300 ) ) ;
#223 = DIRECTION ( 'NONE',  ( 2.828353493440445800E-016, -0.0000000000000000000, 1.000000000000000000 ) ) ;
#224 = CARTESIAN_POINT ( 'NONE',  ( -3.016040397197352600, 0.9999999999953227400, -0.9088929734724059400 ) ) ;
#225 = ADVANCED_FACE ( 'NONE', ( #767 ), #1748, .T. ) ;
#226 = ORIENTED_EDGE ( 'NONE', *, *, #1171, .T. ) ;
#227 = CARTESIAN_POINT ( 'NONE',  ( 3.500000000000002200, 0.2999999999999999300, -0.3250000000000007300 ) ) ;
#228 = PLANE ( 'NONE',  #2135 ) ;
#229 = CARTESIAN_POINT ( 'NONE',  ( -0.9999999999999997800, 1.000000000000000000, -3.299999999999999800 ) ) ;
#230 = DIRECTION ( 'NONE',  ( 1.000000000000000000, -0.0000000000000000000, -1.008560160451632200E-016 ) ) ;
#231 = CARTESIAN_POINT ( 'NONE',  ( -0.9925941675185379100, 1.060595053587807000, -2.989530188358815000 ) ) ;
#232 = CARTESIAN_POINT ( 'NONE',  ( -2.998631852676607600, 1.023777803907699200, 0.9647315751613293500 ) ) ;
#233 = FACE_OUTER_BOUND ( 'NONE', #1098, .T. ) ;
#234 = CARTESIAN_POINT ( 'NONE',  ( 3.018691769624716400, 1.000000000000000000, -0.9000000000000000200 ) ) ;
#235 = CIRCLE ( 'NONE', #611, 3.050000000000000700 ) ;
#236 = EDGE_CURVE ( 'NONE', #1141, #2073, #1732, .T. ) ;
#237 = VECTOR ( 'NONE', #230, 1000.000000000000000 ) ;
#238 = CARTESIAN_POINT ( 'NONE',  ( 1.575000000000001500, 6.299999999999998900, 2.611871934073338100 ) ) ;
#239 = CARTESIAN_POINT ( 'NONE',  ( 1.425000000000002700, 2.786463351831272900, 0.3249999999999997900 ) ) ;
#240 = VECTOR ( 'NONE', #893, 1000.000000000000000 ) ;
#241 = EDGE_LOOP ( 'NONE', ( #475, #2071, #1517, #520 ) ) ;
#242 = PLANE ( 'NONE',  #1730 ) ;
#243 = DIRECTION ( 'NONE',  ( 0.0000000000000000000, 1.000000000000000000, 0.0000000000000000000 ) ) ;
#244 = ORIENTED_EDGE ( 'NONE', *, *, #2192, .T. ) ;
#245 = CARTESIAN_POINT ( 'NONE',  ( 1.575000000000000600, 6.399999999999999500, -2.611871934073338500 ) ) ;
#246 = VERTEX_POINT ( 'NONE', #1077 ) ;
#247 = CARTESIAN_POINT ( 'NONE',  ( -2.987055406248769500, 1.100000000000000100, -1.000000000000000000 ) ) ;
#248 = CARTESIAN_POINT ( 'NONE',  ( 1.001337659984250300, 1.816301615337641000, -2.986607254176094200 ) ) ;
#249 = VERTEX_POINT ( 'NONE', #1756 ) ;
#250 = DIRECTION ( 'NONE',  ( 0.0000000000000000000, 0.0000000000000000000, 1.000000000000000000 ) ) ;
#251 = ADVANCED_FACE ( 'NONE', ( #1635 ), #1251, .F. ) ;
#252 = DIRECTION ( 'NONE',  ( 0.0000000000000000000, 0.0000000000000000000, 1.000000000000000000 ) ) ;
#253 = AXIS2_PLACEMENT_3D ( 'NONE', #1928, #1069, #1591 ) ;
#254 = AXIS2_PLACEMENT_3D ( 'NONE', #628, #1879, #1866 ) ;
#255 = CARTESIAN_POINT ( 'NONE',  ( -3.004834040812055300, 1.010092688188192200, 0.9453062403434832100 ) ) ;
#256 = VERTEX_POINT ( 'NONE', #1597 ) ;
#257 = EDGE_LOOP ( 'NONE', ( #19, #1484, #1479, #709 ) ) ;
#258 = DIRECTION ( 'NONE',  ( -0.0000000000000000000, -1.000000000000000000, -0.0000000000000000000 ) ) ;
#259 = CARTESIAN_POINT ( 'NONE',  ( -1.799999999999998300, 1.200000000000000200, 3.300000000000000300 ) ) ;
#260 = CARTESIAN_POINT ( 'NONE',  ( -2.987055406248770000, 1.000000000000000000, 0.9000000000000000200 ) ) ;
#261 = DIRECTION ( 'NONE',  ( -1.000000000000000000, 0.0000000000000000000, 2.612535355386758000E-016 ) ) ;
#262 = DIRECTION ( 'NONE',  ( 0.0000000000000000000, 0.0000000000000000000, -1.000000000000000000 ) ) ;
#263 = EDGE_CURVE ( 'NONE', #54, #713, #1476, .T. ) ;
#264 = LINE ( 'NONE', #260, #881 ) ;
#265 = VECTOR ( 'NONE', #1471, 1000.000000000000000 ) ;
#266 = CARTESIAN_POINT ( 'NONE',  ( 1.034309851246410200, 1.876130557175153900, 2.975363387831879300 ) ) ;
#267 = DIRECTION ( 'NONE',  ( 1.000000000000000000, 0.0000000000000000000, 0.0000000000000000000 ) ) ;
#268 = DIRECTION ( 'NONE',  ( -1.000000000000000000, 0.0000000000000000000, 0.0000000000000000000 ) ) ;
#269 = CYLINDRICAL_SURFACE ( 'NONE', #2204, 3.050000000000000700 ) ;
#270 = CARTESIAN_POINT ( 'NONE',  ( 0.0000000000000000000, 1.000000000000000000, 0.0000000000000000000 ) ) ;
#271 = ORIENTED_EDGE ( 'NONE', *, *, #903, .T. ) ;
#272 = VECTOR ( 'NONE', #1291, 1000.000000000000000 ) ;
#273 = FACE_OUTER_BOUND ( 'NONE', #257, .T. ) ;
#274 = ORIENTED_EDGE ( 'NONE', *, *, #1991, .T. ) ;
#275 = CARTESIAN_POINT ( 'NONE',  ( 1.013673041231419400, 1.851559996675503000, 2.982450584489611900 ) ) ;
#276 = ORIENTED_EDGE ( 'NONE', *, *, #1565, .T. ) ;
#277 = ADVANCED_FACE ( 'NONE', ( #81, #686 ), #1188, .T. ) ;
#278 = ADVANCED_FACE ( 'NONE', ( #159 ), #1814, .F. ) ;
#279 = CARTESIAN_POINT ( 'NONE',  ( -1.099999999999999900, 1.200000000000000200, -2.951694428629088900 ) ) ;
#280 = VERTEX_POINT ( 'NONE', #1488 ) ;
#281 = CARTESIAN_POINT ( 'NONE',  ( 3.300000000000000700, 1.800000000000000000, 1.100000000000000100 ) ) ;
#282 = ORIENTED_EDGE ( 'NONE', *, *, #638, .F. ) ;
#283 = EDGE_CURVE ( 'NONE', #937, #976, #704, .T. ) ;
#284 = B_SPLINE_CURVE_WITH_KNOTS ( 'NONE', 3,
 ( #759, #1441, #572, #751, #1970, #1275, #932, #2146, #1114, #62, #231, #413, #1664, #120, #97, #1511 ),
 .UNSPECIFIED., .F., .F.,
 ( 4, 3, 3, 3, 3, 4 ),
 ( 0.0000000000000000000, 3.642309164656119600E-005, 7.288024959482071600E-005, 0.0001087188780353233600, 0.0001429073855806731400, 0.0001600016939516925500 ),
 .UNSPECIFIED. ) ;
#285 = ORIENTED_EDGE ( 'NONE', *, *, #1383, .T. ) ;
#286 = CARTESIAN_POINT ( 'NONE',  ( 1.575000000000000600, 6.299999999999998900, -2.611871934073338500 ) ) ;
#287 = EDGE_CURVE ( 'NONE', #1095, #1374, #473, .T. ) ;
#288 = ORIENTED_EDGE ( 'NONE', *, *, #1719, .F. ) ;
#289 = DIRECTION ( 'NONE',  ( 0.0000000000000000000, -0.0000000000000000000, 1.000000000000000000 ) ) ;
#290 = AXIS2_PLACEMENT_3D ( 'NONE', #195, #3, #883 ) ;
#291 = CARTESIAN_POINT ( 'NONE',  ( -3.299999999999998900, 1.899999999999999900, -1.800000000000000000 ) ) ;
#292 = ORIENTED_EDGE ( 'NONE', *, *, #974, .T. ) ;
#293 = ADVANCED_FACE ( 'NONE', ( #1851 ), #1106, .F. ) ;
#294 = DIRECTION ( 'NONE',  ( 0.0000000000000000000, 0.0000000000000000000, -1.000000000000000000 ) ) ;
#295 = DIRECTION ( 'NONE',  ( 0.0000000000000000000, 0.0000000000000000000, 1.000000000000000000 ) ) ;
#296 = LINE ( 'NONE', #392, #1246 ) ;
#297 = FACE_OUTER_BOUND ( 'NONE', #690, .T. ) ;
#298 = B_SPLINE_CURVE_WITH_KNOTS ( 'NONE', 3,
 ( #910, #879, #1417, #41, #896, #364, #395, #710, #1060, #370, #184, #886, #1270, #733, #216, #1443 ),
 .UNSPECIFIED., .F., .F.,
 ( 4, 3, 3, 3, 3, 4 ),
 ( 0.0000000000000000000, 3.642309164656134600E-005, 7.288024959482116400E-005, 0.0001087188780353236700, 0.0001429073855806731100, 0.0001600016939516925000 ),
 .UNSPECIFIED. ) ;
#299 = CARTESIAN_POINT ( 'NONE',  ( 1.019986136328855600, 1.859981510654661100, 2.980289966043058400 ) ) ;
#300 = SURFACE_STYLE_FILL_AREA ( #817 ) ;
#301 = AXIS2_PLACEMENT_3D ( 'NONE', #2121, #1407, #1425 ) ;
#302 = AXIS2_PLACEMENT_3D ( 'NONE', #1958, #1655, #440 ) ;
#303 = ADVANCED_FACE ( 'NONE', ( #209 ), #65, .F. ) ;
#304 = CYLINDRICAL_SURFACE ( 'NONE', #517, 3.150000000000000400 ) ;
#305 =( NAMED_UNIT ( * ) SI_UNIT ( $, .STERADIAN. ) SOLID_ANGLE_UNIT ( ) );
#306 = VECTOR ( 'NONE', #1143, 1000.000000000000000 ) ;
#307 = LINE ( 'NONE', #2019, #2174 ) ;
#308 = DIRECTION ( 'NONE',  ( 0.0000000000000000000, 0.0000000000000000000, 1.000000000000000000 ) ) ;
#309 = ORIENTED_EDGE ( 'NONE', *, *, #1838, .F. ) ;
#310 = DIRECTION ( 'NONE',  ( 1.314184451497581300E-016, -0.0000000000000000000, 1.000000000000000000 ) ) ;
#311 = ORIENTED_EDGE ( 'NONE', *, *, #915, .F. ) ;
#312 = CARTESIAN_POINT ( 'NONE',  ( -1.001788747302620600, 1.121653069654365800, -2.986458130810271300 ) ) ;
#313 = VERTEX_POINT ( 'NONE', #1792 ) ;
#314 = PLANE ( 'NONE',  #464 ) ;
#315 = ORIENTED_EDGE ( 'NONE', *, *, #1607, .T. ) ;
#316 = ORIENTED_EDGE ( 'NONE', *, *, #679, .T. ) ;
#317 = CARTESIAN_POINT ( 'NONE',  ( -2.000000000000000000, 0.1999999999999999800, -2.000000000000000000 ) ) ;
#318 = CARTESIAN_POINT ( 'NONE',  ( -1.019986136328853600, 1.159981510654661400, -2.980289966043058800 ) ) ;
#319 = CARTESIAN_POINT ( 'NONE',  ( 3.500000000000002200, 2.786463351831272900, -0.3250000000000007300 ) ) ;
#320 = EDGE_CURVE ( 'NONE', #1929, #1994, #1875, .T. ) ;
#321 = CARTESIAN_POINT ( 'NONE',  ( 2.985989665971768400, 1.827450138194187200, 1.003179689386362700 ) ) ;
#322 =( GEOMETRIC_REPRESENTATION_CONTEXT ( 3 ) GLOBAL_UNCERTAINTY_ASSIGNED_CONTEXT ( ( #1977 ) ) GLOBAL_UNIT_ASSIGNED_CONTEXT ( ( #1320, #2008, #457 ) ) REPRESENTATION_CONTEXT ( 'NONE', 'WORKASPACE' ) );
#323 = CARTESIAN_POINT ( 'NONE',  ( 2.000000000000000000, 0.2999999999999999900, -2.500000000000000000 ) ) ;
#324 = CARTESIAN_POINT ( 'NONE',  ( 0.0000000000000000000, 6.399999999999999500, 0.0000000000000000000 ) ) ;
#325 = EDGE_CURVE ( 'NONE', #1793, #2156, #2031, .T. ) ;
#326 = LINE ( 'NONE', #239, #272 ) ;
#327 = VECTOR ( 'NONE', #1064, 1000.000000000000000 ) ;
#328 = ORIENTED_EDGE ( 'NONE', *, *, #1515, .F. ) ;
#329 = AXIS2_PLACEMENT_3D ( 'NONE', #1229, #331, #1215 ) ;
#330 = ORIENTED_EDGE ( 'NONE', *, *, #446, .F. ) ;
#331 = DIRECTION ( 'NONE',  ( -1.314184451497581300E-016, 0.0000000000000000000, -1.000000000000000000 ) ) ;
#332 = ORIENTED_EDGE ( 'NONE', *, *, #1385, .T. ) ;
#333 = EDGE_LOOP ( 'NONE', ( #1539, #900, #410, #1175 ) ) ;
#334 = ORIENTED_EDGE ( 'NONE', *, *, #1037, .T. ) ;
#335 = EDGE_CURVE ( 'NONE', #219, #2159, #959, .T. ) ;
#336 = EDGE_CURVE ( 'NONE', #625, #625, #1284, .T. ) ;
#337 = DIRECTION ( 'NONE',  ( 1.660421643713043000E-016, 0.0000000000000000000, 1.000000000000000000 ) ) ;
#338 = ORIENTED_EDGE ( 'NONE', *, *, #1428, .F. ) ;
#339 = CARTESIAN_POINT ( 'NONE',  ( -2.980944960399708700, 1.158573912877971700, -1.018088167200780900 ) ) ;
#340 = ORIENTED_EDGE ( 'NONE', *, *, #501, .F. ) ;
#341 = STYLED_ITEM ( 'NONE', ( #1499 ), #1881 ) ;
#342 = DIRECTION ( 'NONE',  ( 1.000000000000000000, 0.0000000000000000000, 0.0000000000000000000 ) ) ;
#343 = AXIS2_PLACEMENT_3D ( 'NONE', #1883, #131, #1187 ) ;
#344 = CARTESIAN_POINT ( 'NONE',  ( -2.984709850923602700, 1.138403667111252300, -1.006995236753197800 ) ) ;
#345 = LINE ( 'NONE', #781, #1893 ) ;
#346 = LINE ( 'NONE', #731, #1919 ) ;
#347 = DIRECTION ( 'NONE',  ( 0.0000000000000000000, 0.0000000000000000000, -1.000000000000000000 ) ) ;
#348 = CIRCLE ( 'NONE', #397, 0.5000000000000000000 ) ;
#349 = CARTESIAN_POINT ( 'NONE',  ( -2.985989665971768400, 1.127450138194187300, -1.003179689386362700 ) ) ;
#350 = LINE ( 'NONE', #291, #634 ) ;
#351 = VERTEX_POINT ( 'NONE', #1314 ) ;
#352 = DIRECTION ( 'NONE',  ( 0.0000000000000000000, -0.0000000000000000000, -1.000000000000000000 ) ) ;
#353 = ORIENTED_EDGE ( 'NONE', *, *, #1767, .F. ) ;
#354 = EDGE_CURVE ( 'NONE', #280, #1908, #1510, .T. ) ;
#355 = CARTESIAN_POINT ( 'NONE',  ( -3.299999999999998900, 0.2999999999999999900, -1.800000000000000000 ) ) ;
#356 = CARTESIAN_POINT ( 'NONE',  ( 0.0000000000000000000, 1.100000000000000100, -0.9000000000000000200 ) ) ;
#357 = EDGE_LOOP ( 'NONE', ( #2025 ) ) ;
#358 = PLANE ( 'NONE',  #492 ) ;
#359 = ORIENTED_EDGE ( 'NONE', *, *, #283, .T. ) ;
#360 = ORIENTED_EDGE ( 'NONE', *, *, #1535, .F. ) ;
#361 = CARTESIAN_POINT ( 'NONE',  ( 1.000000000000000900, 1.200000000000000200, -3.299999999999999800 ) ) ;
#362 = DIRECTION ( 'NONE',  ( 0.0000000000000000000, 1.000000000000000000, 0.0000000000000000000 ) ) ;
#363 = DIRECTION ( 'NONE',  ( -0.0000000000000000000, -1.000000000000000000, -0.0000000000000000000 ) ) ;
#364 = CARTESIAN_POINT ( 'NONE',  ( 0.9557392806267256400, 1.016141112505699400, 3.001524888866742300 ) ) ;
#365 = AXIS2_PLACEMENT_3D ( 'NONE', #1369, #2212, #1363 ) ;
#366 = DIRECTION ( 'NONE',  ( 0.0000000000000000000, -1.000000000000000000, 0.0000000000000000000 ) ) ;
#367 = DIRECTION ( 'NONE',  ( 0.0000000000000000000, 0.0000000000000000000, 1.000000000000000000 ) ) ;
#368 = DIRECTION ( 'NONE',  ( 0.0000000000000000000, -1.000000000000000000, 0.0000000000000000000 ) ) ;
#369 = VECTOR ( 'NONE', #754, 1000.000000000000000 ) ;
#370 = CARTESIAN_POINT ( 'NONE',  ( 0.9870627072728541700, 1.050805640543639200, 2.991355413840219000 ) ) ;
#371 = LINE ( 'NONE', #1651, #1280 ) ;
#372 = EDGE_CURVE ( 'NONE', #966, #1701, #1954, .T. ) ;
#373 = VECTOR ( 'NONE', #653, 1000.000000000000000 ) ;
#374 = LINE ( 'NONE', #721, #327 ) ;
#375 = CARTESIAN_POINT ( 'NONE',  ( 0.9734158779015668100, 1.031246360324316900, -2.995831823695610700 ) ) ;
#376 = VECTOR ( 'NONE', #61, 1000.000000000000000 ) ;
#377 = VERTEX_POINT ( 'NONE', #1513 ) ;
#378 = DIRECTION ( 'NONE',  ( 0.7071067811865475700, -0.0000000000000000000, 0.7071067811865475700 ) ) ;
#379 = CARTESIAN_POINT ( 'NONE',  ( -0.9799166046543352800, 1.039888966898557800, 2.993703967983929500 ) ) ;
#380 = ORIENTED_EDGE ( 'NONE', *, *, #459, .F. ) ;
#381 = ORIENTED_EDGE ( 'NONE', *, *, #1154, .F. ) ;
#382 = CARTESIAN_POINT ( 'NONE',  ( 0.9178456488475914600, 1.001203861576388300, -3.013327057069424600 ) ) ;
#383 = EDGE_LOOP ( 'NONE', ( #1191, #226, #933, #271 ) ) ;
#384 = CARTESIAN_POINT ( 'NONE',  ( 2.998414013708746100, 1.023648033646491500, 0.9654524271960762700 ) ) ;
#385 = FILL_AREA_STYLE ('',( #1742 ) ) ;
#386 = CARTESIAN_POINT ( 'NONE',  ( -3.004149278135893800, 1.011273074872693500, -0.9474600451728717500 ) ) ;
#387 = VERTEX_POINT ( 'NONE', #1650 ) ;
#388 = CARTESIAN_POINT ( 'NONE',  ( -0.9982033005036794500, 1.078298504013962800, 2.987658467627431100 ) ) ;
#389 = CLOSED_SHELL ( 'NONE', ( #2193, #278, #980, #1157, #1507, #1135 ) ) ;
#390 = EDGE_CURVE ( 'NONE', #1960, #1000, #350, .T. ) ;
#391 = CARTESIAN_POINT ( 'NONE',  ( 0.9000000000000008000, 1.000000000000000000, -3.018691769624716400 ) ) ;
#392 = CARTESIAN_POINT ( 'NONE',  ( 3.300000000000000700, 1.100000000000000100, -1.000000000000000000 ) ) ;
#393 = EDGE_CURVE ( 'NONE', #1589, #618, #571, .T. ) ;
#394 = CARTESIAN_POINT ( 'NONE',  ( 1.000000000000000900, 1.800000000000000000, -3.299999999999999800 ) ) ;
#395 = CARTESIAN_POINT ( 'NONE',  ( 0.9647315751613311200, 1.023777803907699200, 2.998631852676607100 ) ) ;
#396 = CARTESIAN_POINT ( 'NONE',  ( 0.0000000000000000000, 0.8720054347853278800, 0.0000000000000000000 ) ) ;
#397 = AXIS2_PLACEMENT_3D ( 'NONE', #2076, #2251, #1386 ) ;
#398 = DIRECTION ( 'NONE',  ( 9.427844978134821400E-017, 0.0000000000000000000, 1.000000000000000000 ) ) ;
#399 = CIRCLE ( 'NONE', #1469, 0.1000000000000000500 ) ;
#400 = VECTOR ( 'NONE', #203, 1000.000000000000000 ) ;
#401 = CARTESIAN_POINT ( 'NONE',  ( 1.012377116426083700, 1.848189524527554100, -2.982883265254745500 ) ) ;
#402 = DIRECTION ( 'NONE',  ( 0.0000000000000000000, 0.0000000000000000000, -1.000000000000000000 ) ) ;
#403 = DIRECTION ( 'NONE',  ( 0.0000000000000000000, 0.0000000000000000000, -1.000000000000000000 ) ) ;
#404 = VECTOR ( 'NONE', #622, 1000.000000000000000 ) ;
#405 = DIRECTION ( 'NONE',  ( 1.000000000000000000, 0.0000000000000000000, -4.180056568618812500E-016 ) ) ;
#406 = FACE_BOUND ( 'NONE', #1240, .T. ) ;
#407 = LINE ( 'NONE', #880, #51 ) ;
#408 = CARTESIAN_POINT ( 'NONE',  ( -2.993703967983929000, 1.039888966898557800, -0.9799166046543352800 ) ) ;
#409 = CARTESIAN_POINT ( 'NONE',  ( 1.425000000000001400, 0.0000000000000000000, -0.3249999999999997900 ) ) ;
#410 = ORIENTED_EDGE ( 'NONE', *, *, #860, .F. ) ;
#411 = CARTESIAN_POINT ( 'NONE',  ( 0.0000000000000000000, 6.399999999999999500, 0.0000000000000000000 ) ) ;
#412 = ADVANCED_FACE ( 'NONE', ( #1040 ), #450, .F. ) ;
#413 = CARTESIAN_POINT ( 'NONE',  ( -0.9965482612739797700, 1.071578775073021900, -2.988209468184789900 ) ) ;
#414 = AXIS2_PLACEMENT_3D ( 'NONE', #1972, #1657, #1781 ) ;
#415 = VERTEX_POINT ( 'NONE', #1336 ) ;
#416 = AXIS2_PLACEMENT_3D ( 'NONE', #218, #912, #593 ) ;
#417 = CARTESIAN_POINT ( 'NONE',  ( 2.991355413840219400, 1.050805640543639000, -0.9870627072728521700 ) ) ;
#418 = EDGE_LOOP ( 'NONE', ( #744 ) ) ;
#419 = ORIENTED_EDGE ( 'NONE', *, *, #689, .F. ) ;
#420 = CARTESIAN_POINT ( 'NONE',  ( -1.099999999999999000, 1.200000000000000200, 3.299999999999999800 ) ) ;
#421 = PLANE ( 'NONE',  #1044 ) ;
#422 = ORIENTED_EDGE ( 'NONE', *, *, #263, .T. ) ;
#423 = CARTESIAN_POINT ( 'NONE',  ( 0.0000000000000000000, 1.000000000000000000, 0.0000000000000000000 ) ) ;
#424 = CARTESIAN_POINT ( 'NONE',  ( -3.001524888866742700, 1.016141112505699400, 0.9557392806267239700 ) ) ;
#425 =( NAMED_UNIT ( * ) PLANE_ANGLE_UNIT ( ) SI_UNIT ( $, .RADIAN. ) );
#426 = ADVANCED_FACE ( 'NONE', ( #2150 ), #115, .F. ) ;
#427 = DIRECTION ( 'NONE',  ( 1.000000000000000000, 0.0000000000000000000, 1.567521213232055000E-016 ) ) ;
#428 = CARTESIAN_POINT ( 'NONE',  ( -1.099999999999999000, 1.200000000000000200, -3.299999999999999800 ) ) ;
#429 = CYLINDRICAL_SURFACE ( 'NONE', #153, 0.5000000000000000000 ) ;
#430 = DIRECTION ( 'NONE',  ( 0.0000000000000000000, -0.0000000000000000000, -1.000000000000000000 ) ) ;
#431 = DIRECTION ( 'NONE',  ( 0.0000000000000000000, 0.0000000000000000000, -1.000000000000000000 ) ) ;
#432 = TOROIDAL_SURFACE ( 'NONE', #254, 3.050000000000000700, 0.1000000000000000100 ) ;
#433 = EDGE_CURVE ( 'NONE', #2190, #1459, #1899, .T. ) ;
#434 = UNCERTAINTY_MEASURE_WITH_UNIT (LENGTH_MEASURE( 1.000000000000000100E-005 ), #1103, 'distance_accuracy_value', 'NONE');
#435 = DIRECTION ( 'NONE',  ( -0.0000000000000000000, -1.000000000000000000, -0.0000000000000000000 ) ) ;
#436 = LINE ( 'NONE', #2001, #2090 ) ;
#437 = DIRECTION ( 'NONE',  ( 1.000000000000000000, 0.0000000000000000000, -0.0000000000000000000 ) ) ;
#438 = LINE ( 'NONE', #931, #1531 ) ;
#439 = CARTESIAN_POINT ( 'NONE',  ( -2.000000000000000000, 0.1999999999999999800, 1.500000000000000000 ) ) ;
#440 = DIRECTION ( 'NONE',  ( 0.0000000000000000000, -0.0000000000000000000, -1.000000000000000000 ) ) ;
#441 = AXIS2_PLACEMENT_3D ( 'NONE', #1310, #978, #289 ) ;
#442 = ORIENTED_EDGE ( 'NONE', *, *, #973, .F. ) ;
#443 = DIRECTION ( 'NONE',  ( -0.0000000000000000000, -1.000000000000000000, -0.0000000000000000000 ) ) ;
#444 = ORIENTED_EDGE ( 'NONE', *, *, #990, .T. ) ;
#445 = CARTESIAN_POINT ( 'NONE',  ( 1.072678426805653300, 1.896195278668892300, 2.961732768611265800 ) ) ;
#446 = EDGE_CURVE ( 'NONE', #1559, #1257, #1226, .T. ) ;
#447 = EDGE_LOOP ( 'NONE', ( #338 ) ) ;
#448 = CARTESIAN_POINT ( 'NONE',  ( -2.000000000000000000, 0.1999999999999999800, 2.000000000000000000 ) ) ;
#449 = STYLED_ITEM ( 'NONE', ( #2241 ), #1405 ) ;
#450 = PLANE ( 'NONE',  #609 ) ;
#451 = EDGE_LOOP ( 'NONE', ( #1063, #673, #1287, #332 ) ) ;
#452 = CARTESIAN_POINT ( 'NONE',  ( 0.0000000000000000000, 1.106993351408326600, 0.0000000000000000000 ) ) ;
#453 = ADVANCED_FACE ( 'NONE', ( #663 ), #2014, .T. ) ;
#454 = ORIENTED_EDGE ( 'NONE', *, *, #1340, .T. ) ;
#455 = EDGE_LOOP ( 'NONE', ( #582, #1644 ) ) ;
#456 = CARTESIAN_POINT ( 'NONE',  ( 0.0000000000000000000, 1.100000000000000100, -0.9000000000000000200 ) ) ;
#457 =( NAMED_UNIT ( * ) SI_UNIT ( $, .STERADIAN. ) SOLID_ANGLE_UNIT ( ) );
#458 = CARTESIAN_POINT ( 'NONE',  ( 0.0000000000000000000, 1.200000000000000200, 0.0000000000000000000 ) ) ;
#459 = EDGE_CURVE ( 'NONE', #1960, #1319, #307, .T. ) ;
#460 = EDGE_CURVE ( 'NONE', #387, #219, #1601, .T. ) ;
#461 = DIRECTION ( 'NONE',  ( 0.0000000000000000000, 1.000000000000000000, 0.0000000000000000000 ) ) ;
#462 = B_SPLINE_CURVE_WITH_KNOTS ( 'NONE', 3,
 ( #1602, #1438, #1075, #738, #578, #1613, #755, #1778, #1099, #1786, #882, #2102, #588, #1131, #1290, #2152 ),
 .UNSPECIFIED., .F., .F.,
 ( 4, 3, 3, 3, 3, 4 ),
 ( 0.0000000000000000000, 3.225735829385233700E-005, 6.447218052397801100E-005, 9.734414413074869900E-005, 0.0001318568514794976900, 0.0001610781948975088800 ),
 .UNSPECIFIED. ) ;
#463 = CARTESIAN_POINT ( 'NONE',  ( 1.052051681108401700, 1.888449428432642100, 2.969137917002691500 ) ) ;
#464 = AXIS2_PLACEMENT_3D ( 'NONE', #2206, #998, #148 ) ;
#465 = ADVANCED_FACE ( 'NONE', ( #1447, #989 ), #865, .T. ) ;
#466 = ADVANCED_FACE ( 'NONE', ( #1554 ), #2094, .F. ) ;
#467 = LINE ( 'NONE', #1223, #2085 ) ;
#468 = ORIENTED_EDGE ( 'NONE', *, *, #1219, .F. ) ;
#469 = DIRECTION ( 'NONE',  ( 0.0000000000000000000, 0.0000000000000000000, 1.000000000000000000 ) ) ;
#470 = FACE_OUTER_BOUND ( 'NONE', #1563, .T. ) ;
#471 = FACE_OUTER_BOUND ( 'NONE', #1265, .T. ) ;
#472 = DIRECTION ( 'NONE',  ( 0.0000000000000000000, 0.0000000000000000000, -1.000000000000000000 ) ) ;
#473 = LINE ( 'NONE', #600, #1986 ) ;
#474 = EDGE_LOOP ( 'NONE', ( #183, #714, #1802, #2120 ) ) ;
#475 = ORIENTED_EDGE ( 'NONE', *, *, #990, .F. ) ;
#476 = ADVANCED_FACE ( 'NONE', ( #795 ), #2080, .T. ) ;
#477 = B_SPLINE_CURVE_WITH_KNOTS ( 'NONE', 3,
 ( #247, #73, #938, #1472, #605, #778, #408, #1625, #954, #1449, #386, #1665, #1072, #1421, #224, #1968 ),
 .UNSPECIFIED., .F., .F.,
 ( 4, 3, 3, 3, 3, 4 ),
 ( 0.0000000000000000000, 3.232972084709906800E-005, 6.461040155830461300E-005, 9.764617592425176300E-005, 0.0001323020452051533900, 0.0001599977686133805100 ),
 .UNSPECIFIED. ) ;
#478 = ORIENTED_EDGE ( 'NONE', *, *, #1873, .F. ) ;
#479 = CARTESIAN_POINT ( 'NONE',  ( 3.018691769624716400, 1.000000000000000000, 0.8999999999999999100 ) ) ;
#480 = ORIENTED_EDGE ( 'NONE', *, *, #832, .F. ) ;
#481 = CARTESIAN_POINT ( 'NONE',  ( -1.072678426805651300, 1.196195278668892300, -2.961732768611266700 ) ) ;
#482 = ORIENTED_EDGE ( 'NONE', *, *, #1171, .F. ) ;
#483 = CARTESIAN_POINT ( 'NONE',  ( 1.100000000000001000, 1.800000000000000000, -3.299999999999999800 ) ) ;
#484 = AXIS2_PLACEMENT_3D ( 'NONE', #361, #877, #1212 ) ;
#485 =( LENGTH_UNIT ( ) NAMED_UNIT ( * ) SI_UNIT ( .MILLI., .METRE. ) );
#486 = CYLINDRICAL_SURFACE ( 'NONE', #586, 0.1000000000000000500 ) ;
#487 = DIRECTION ( 'NONE',  ( -0.0000000000000000000, 1.000000000000000000, -0.0000000000000000000 ) ) ;
#488 = CYLINDRICAL_SURFACE ( 'NONE', #215, 0.5000000000000000000 ) ;
#489 = VERTEX_POINT ( 'NONE', #537 ) ;
#490 = CARTESIAN_POINT ( 'NONE',  ( 2.980944960399708700, 1.858573912877971900, 1.018088167200780900 ) ) ;
#491 = FACE_OUTER_BOUND ( 'NONE', #2207, .T. ) ;
#492 = AXIS2_PLACEMENT_3D ( 'NONE', #1241, #1581, #1245 ) ;
#493 = CARTESIAN_POINT ( 'NONE',  ( -1.026430158050881400, 1.168577677538967100, -2.978084538754587100 ) ) ;
#494 = FACE_OUTER_BOUND ( 'NONE', #1043, .T. ) ;
#495 = EDGE_LOOP ( 'NONE', ( #1003, #580, #811, #163 ) ) ;
#496 = DIRECTION ( 'NONE',  ( -1.000000000000000000, 0.0000000000000000000, 0.0000000000000000000 ) ) ;
#497 = ORIENTED_EDGE ( 'NONE', *, *, #796, .T. ) ;
#498 = CARTESIAN_POINT ( 'NONE',  ( 2.987055406248770000, 1.800000000000000000, 1.000000000000000000 ) ) ;
#499 = EDGE_LOOP ( 'NONE', ( #1218 ) ) ;
#500 = CARTESIAN_POINT ( 'NONE',  ( -1.042966178657956900, 1.182140995995446300, -2.972325949517586400 ) ) ;
#501 = EDGE_CURVE ( 'NONE', #543, #142, #112, .T. ) ;
#502 = ORIENTED_EDGE ( 'NONE', *, *, #1682, .F. ) ;
#503 = DIRECTION ( 'NONE',  ( 0.0000000000000000000, -0.0000000000000000000, -1.000000000000000000 ) ) ;
#504 = ORIENTED_EDGE ( 'NONE', *, *, #899, .F. ) ;
#505 = EDGE_LOOP ( 'NONE', ( #1419, #2079, #1670, #1885 ) ) ;
#506 = ORIENTED_EDGE ( 'NONE', *, *, #2070, .T. ) ;
#507 = CARTESIAN_POINT ( 'NONE',  ( 0.0000000000000000000, 6.299999999999998900, 0.0000000000000000000 ) ) ;
#508 = AXIS2_PLACEMENT_3D ( 'NONE', #1595, #2246, #367 ) ;
#509 = DIRECTION ( 'NONE',  ( 1.000000000000000000, 0.0000000000000000000, -4.180056568618812500E-016 ) ) ;
#510 = FACE_OUTER_BOUND ( 'NONE', #1021, .T. ) ;
#511 = CYLINDRICAL_SURFACE ( 'NONE', #1008, 0.09999999999999993600 ) ;
#512 = DIRECTION ( 'NONE',  ( 0.0000000000000000000, -1.000000000000000000, 0.0000000000000000000 ) ) ;
#513 = CYLINDRICAL_SURFACE ( 'NONE', #329, 0.1000000000000000500 ) ;
#514 = EDGE_CURVE ( 'NONE', #936, #543, #848, .T. ) ;
#515 = EDGE_CURVE ( 'NONE', #1909, #60, #1252, .T. ) ;
#516 = FACE_BOUND ( 'NONE', #687, .T. ) ;
#517 = AXIS2_PLACEMENT_3D ( 'NONE', #2137, #1957, #590 ) ;
#518 = LINE ( 'NONE', #1093, #1091 ) ;
#519 = DIRECTION ( 'NONE',  ( 0.0000000000000000000, -0.0000000000000000000, -1.000000000000000000 ) ) ;
#520 = ORIENTED_EDGE ( 'NONE', *, *, #1154, .T. ) ;
#521 = ORIENTED_EDGE ( 'NONE', *, *, #514, .T. ) ;
#522 = ORIENTED_EDGE ( 'NONE', *, *, #515, .T. ) ;
#523 = CARTESIAN_POINT ( 'NONE',  ( -0.9999999999999997800, 1.100000000000000100, -3.299999999999999800 ) ) ;
#524 = ORIENTED_EDGE ( 'NONE', *, *, #1170, .F. ) ;
#525 = ORIENTED_EDGE ( 'NONE', *, *, #1945, .F. ) ;
#526 = CARTESIAN_POINT ( 'NONE',  ( -1.054261430601848300, 1.189710302783916700, 2.968361821625651300 ) ) ;
#527 = CARTESIAN_POINT ( 'NONE',  ( -2.986607254176094200, 1.116301615337641900, -1.001337659984249400 ) ) ;
#528 = VERTEX_POINT ( 'NONE', #168 ) ;
#529 = AXIS2_PLACEMENT_3D ( 'NONE', #483, #1688, #134 ) ;
#530 = CARTESIAN_POINT ( 'NONE',  ( -1.099999999999999600, 1.200000000000000200, 2.951694428629088900 ) ) ;
#531 = UNCERTAINTY_MEASURE_WITH_UNIT (LENGTH_MEASURE( 1.000000000000000100E-005 ), #1146, 'distance_accuracy_value', 'NONE');
#532 = CARTESIAN_POINT ( 'NONE',  ( 3.500000000000002200, 0.2999999999999999300, -0.3250000000000007300 ) ) ;
#533 = CARTESIAN_POINT ( 'NONE',  ( -1.025736749871051900, 1.167969578457886700, 2.978330149785514800 ) ) ;
#534 = CIRCLE ( 'NONE', #1831, 0.1000000000000000500 ) ;
#535 = DIRECTION ( 'NONE',  ( 0.0000000000000000000, -1.000000000000000000, 0.0000000000000000000 ) ) ;
#536 = LINE ( 'NONE', #548, #1339 ) ;
#537 = CARTESIAN_POINT ( 'NONE',  ( -3.500000000000001300, 0.2999999999999999300, -0.3249999999999999000 ) ) ;
#538 = CARTESIAN_POINT ( 'NONE',  ( -0.9999999999999997800, 1.100000000000000100, 2.987055406248770000 ) ) ;
#539 = DIRECTION ( 'NONE',  ( -0.0000000000000000000, -1.000000000000000000, -0.0000000000000000000 ) ) ;
#540 = FACE_OUTER_BOUND ( 'NONE', #1452, .T. ) ;
#541 = VECTOR ( 'NONE', #1434, 1000.000000000000000 ) ;
#542 = CARTESIAN_POINT ( 'NONE',  ( -2.000000000000000000, 0.1999999999999999800, -2.000000000000000000 ) ) ;
#543 = VERTEX_POINT ( 'NONE', #523 ) ;
#544 = PLANE ( 'NONE',  #1179 ) ;
#545 = ORIENTED_EDGE ( 'NONE', *, *, #1376, .F. ) ;
#546 = EDGE_CURVE ( 'NONE', #1903, #1384, #2201, .T. ) ;
#547 = CARTESIAN_POINT ( 'NONE',  ( 2.987055406248770000, 1.100000000000000100, 1.000000000000000000 ) ) ;
#548 = CARTESIAN_POINT ( 'NONE',  ( -3.299999999999998900, 1.899999999999999900, 1.800000000000000000 ) ) ;
#549 = ORIENTED_EDGE ( 'NONE', *, *, #812, .F. ) ;
#550 = DIRECTION ( 'NONE',  ( 1.000000000000000000, 0.0000000000000000000, 0.0000000000000000000 ) ) ;
#551 = ORIENTED_EDGE ( 'NONE', *, *, #1300, .T. ) ;
#552 = EDGE_LOOP ( 'NONE', ( #1614, #859, #545, #2101, #801, #1585, #114, #28, #497, #2233, #1608, #551 ) ) ;
#553 = DIRECTION ( 'NONE',  ( 0.0000000000000000000, -0.0000000000000000000, -1.000000000000000000 ) ) ;
#554 = EDGE_CURVE ( 'NONE', #1903, #2159, #1731, .T. ) ;
#555 = DIRECTION ( 'NONE',  ( 0.7071067811865474600, 0.0000000000000000000, -0.7071067811865474600 ) ) ;
#556 = AXIS2_PLACEMENT_3D ( 'NONE', #2003, #749, #261 ) ;
#557 = DIRECTION ( 'NONE',  ( 0.0000000000000000000, 0.0000000000000000000, 1.000000000000000000 ) ) ;
#558 = DIRECTION ( 'NONE',  ( 1.000000000000000000, -0.0000000000000000000, 0.0000000000000000000 ) ) ;
#559 = FACE_OUTER_BOUND ( 'NONE', #1898, .T. ) ;
#560 = DIRECTION ( 'NONE',  ( -0.0000000000000000000, -1.000000000000000000, -0.0000000000000000000 ) ) ;
#561 = CARTESIAN_POINT ( 'NONE',  ( -1.425000000000001800, 0.0000000000000000000, 0.3250000000000010700 ) ) ;
#562 = SURFACE_STYLE_FILL_AREA ( #385 ) ;
#563 = CARTESIAN_POINT ( 'NONE',  ( 1.100000000000001400, 1.899999999999999900, -1.445602896647341100E-016 ) ) ;
#564 = EDGE_CURVE ( 'NONE', #1548, #1548, #348, .T. ) ;
#565 = EDGE_CURVE ( 'NONE', #36, #36, #822, .T. ) ;
#566 = LINE ( 'NONE', #1864, #1816 ) ;
#567 = LINE ( 'NONE', #1620, #1225 ) ;
#568 = CARTESIAN_POINT ( 'NONE',  ( 0.9982033005036803400, 1.078298504013962800, -2.987658467627430700 ) ) ;
#569 = CARTESIAN_POINT ( 'NONE',  ( 1.000000000000000900, 1.200000000000000200, -3.299999999999999800 ) ) ;
#570 =( NAMED_UNIT ( * ) SI_UNIT ( $, .STERADIAN. ) SOLID_ANGLE_UNIT ( ) );
#571 = LINE ( 'NONE', #102, #1412 ) ;
#572 = CARTESIAN_POINT ( 'NONE',  ( -0.9234090449600163000, 1.002082367784902900, -3.011635287831201200 ) ) ;
#573 = MECHANICAL_DESIGN_GEOMETRIC_PRESENTATION_REPRESENTATION (  '', ( #449 ), #815 ) ;
#574 = CARTESIAN_POINT ( 'NONE',  ( 2.987055406248769500, 1.100000000000000100, -1.000000000000000000 ) ) ;
#575 = ORIENTED_EDGE ( 'NONE', *, *, #1272, .T. ) ;
#576 = ORIENTED_EDGE ( 'NONE', *, *, #812, .T. ) ;
#577 = AXIS2_PLACEMENT_3D ( 'NONE', #1450, #1787, #756 ) ;
#578 = CARTESIAN_POINT ( 'NONE',  ( 2.984170165656697500, 1.841919141917595500, -1.008583791664945800 ) ) ;
#579 = CARTESIAN_POINT ( 'NONE',  ( -3.299999999999998500, 1.200000000000000200, 1.099999999999999900 ) ) ;
#580 = ORIENTED_EDGE ( 'NONE', *, *, #372, .T. ) ;
#581 = DIRECTION ( 'NONE',  ( 0.0000000000000000000, 1.000000000000000000, 0.0000000000000000000 ) ) ;
#582 = ORIENTED_EDGE ( 'NONE', *, *, #320, .F. ) ;
#583 = DIRECTION ( 'NONE',  ( 0.0000000000000000000, 1.000000000000000000, 0.0000000000000000000 ) ) ;
#584 = ORIENTED_EDGE ( 'NONE', *, *, #2188, .F. ) ;
#585 = CARTESIAN_POINT ( 'NONE',  ( 3.001524888866743200, 1.016141112505699200, -0.9557392806267236400 ) ) ;
#586 = AXIS2_PLACEMENT_3D ( 'NONE', #1839, #2169, #1819 ) ;
#587 = VERTEX_POINT ( 'NONE', #1221 ) ;
#588 = CARTESIAN_POINT ( 'NONE',  ( 2.961732768611266200, 1.896195278668892300, -1.072678426805651300 ) ) ;
#589 = CARTESIAN_POINT ( 'NONE',  ( -2.000000000000000000, 0.2999999999999999900, 2.000000000000000000 ) ) ;
#590 = DIRECTION ( 'NONE',  ( 0.0000000000000000000, 0.0000000000000000000, 1.000000000000000000 ) ) ;
#591 = DIRECTION ( 'NONE',  ( 0.0000000000000000000, 0.0000000000000000000, -1.000000000000000000 ) ) ;
#592 = DIRECTION ( 'NONE',  ( -0.0000000000000000000, 1.000000000000000000, -0.0000000000000000000 ) ) ;
#593 = DIRECTION ( 'NONE',  ( 0.0000000000000000000, 0.0000000000000000000, 1.000000000000000000 ) ) ;
#594 = LINE ( 'NONE', #2028, #1117 ) ;
#595 = EDGE_CURVE ( 'NONE', #1560, #736, #1712, .T. ) ;
#596 = CIRCLE ( 'NONE', #841, 3.150000000000000400 ) ;
#597 = CARTESIAN_POINT ( 'NONE',  ( 1.000000000000000900, 1.200000000000000200, -3.299999999999999800 ) ) ;
#598 = CARTESIAN_POINT ( 'NONE',  ( 3.300000000000000700, 1.899999999999999900, -1.000000000000000000 ) ) ;
#599 = FACE_OUTER_BOUND ( 'NONE', #1772, .T. ) ;
#600 = CARTESIAN_POINT ( 'NONE',  ( -2.987055406248769500, 1.100000000000000100, -1.000000000000000000 ) ) ;
#601 = FILL_AREA_STYLE ('',( #635 ) ) ;
#602 = FACE_OUTER_BOUND ( 'NONE', #2250, .T. ) ;
#603 = ORIENTED_EDGE ( 'NONE', *, *, #786, .T. ) ;
#604 = UNCERTAINTY_MEASURE_WITH_UNIT (LENGTH_MEASURE( 1.000000000000000100E-005 ), #2059, 'distance_accuracy_value', 'NONE');
#605 = CARTESIAN_POINT ( 'NONE',  ( -2.989930281108785800, 1.057991010978290400, -0.9913777486098155300 ) ) ;
#606 = PLANE ( 'NONE',  #2238 ) ;
#607 = ORIENTED_EDGE ( 'NONE', *, *, #621, .T. ) ;
#608 = DIRECTION ( 'NONE',  ( -0.0000000000000000000, -1.000000000000000000, -0.0000000000000000000 ) ) ;
#609 = AXIS2_PLACEMENT_3D ( 'NONE', #113, #986, #1830 ) ;
#610 = ORIENTED_EDGE ( 'NONE', *, *, #1549, .T. ) ;
#611 = AXIS2_PLACEMENT_3D ( 'NONE', #324, #646, #2043 ) ;
#612 = CARTESIAN_POINT ( 'NONE',  ( -2.987223868983701200, 1.088449417434993900, 0.9994971975047048900 ) ) ;
#613 = DIRECTION ( 'NONE',  ( -1.000000000000000000, 0.0000000000000000000, 1.660421643713043000E-016 ) ) ;
#614 = ORIENTED_EDGE ( 'NONE', *, *, #1203, .T. ) ;
#615 = ADVANCED_FACE ( 'NONE', ( #2148, #1663, #516, #406, #1345 ), #1724, .T. ) ;
#616 = CLOSED_SHELL ( 'NONE', ( #465, #293, #1784, #1506, #1004, #95, #1327, #303, #277, #1847, #1458 ) ) ;
#617 = CARTESIAN_POINT ( 'NONE',  ( 1.006995236753198500, 1.838403667111251600, -2.984709850923602700 ) ) ;
#618 = VERTEX_POINT ( 'NONE', #862 ) ;
#619 = CARTESIAN_POINT ( 'NONE',  ( 3.300000000000000700, 1.100000000000000100, -1.000000000000000000 ) ) ;
#620 = DIRECTION ( 'NONE',  ( 0.0000000000000000000, 0.0000000000000000000, -1.000000000000000000 ) ) ;
#621 = EDGE_CURVE ( 'NONE', #736, #1929, #47, .T. ) ;
#622 = DIRECTION ( 'NONE',  ( -0.0000000000000000000, -1.000000000000000000, -0.0000000000000000000 ) ) ;
#623 = PLANE ( 'NONE',  #150 ) ;
#624 = DIRECTION ( 'NONE',  ( 0.0000000000000000000, 0.0000000000000000000, -1.000000000000000000 ) ) ;
#625 = VERTEX_POINT ( 'NONE', #439 ) ;
#626 = ADVANCED_FACE ( 'NONE', ( #2065 ), #684, .F. ) ;
#627 = DIRECTION ( 'NONE',  ( -1.000000000000000000, 0.0000000000000000000, 0.0000000000000000000 ) ) ;
#628 = CARTESIAN_POINT ( 'NONE',  ( 0.0000000000000000000, 1.008392021690039100, 0.0000000000000000000 ) ) ;
#629 = AXIS2_PLACEMENT_3D ( 'NONE', #317, #2054, #1529 ) ;
#630 = CIRCLE ( 'NONE', #111, 0.1000000000000000500 ) ;
#631 = LINE ( 'NONE', #939, #1948 ) ;
#632 = LINE ( 'NONE', #1803, #2039 ) ;
#633 = DIRECTION ( 'NONE',  ( 0.0000000000000000000, 0.0000000000000000000, 1.000000000000000000 ) ) ;
#634 = VECTOR ( 'NONE', #1822, 1000.000000000000000 ) ;
#635 = FILL_AREA_STYLE_COLOUR ( '', #1123 ) ;
#636 = ADVANCED_FACE ( 'NONE', ( #734 ), #544, .F. ) ;
#637 = ADVANCED_FACE ( 'NONE', ( #1281 ), #1740, .F. ) ;
#638 = EDGE_CURVE ( 'NONE', #1800, #377, #1848, .T. ) ;
#639 = EDGE_LOOP ( 'NONE', ( #1832 ) ) ;
#640 = B_SPLINE_CURVE_WITH_KNOTS ( 'NONE', 3,
 ( #1654, #664, #312, #149, #1362, #671, #318, #493, #2040, #500, #1709, #1353, #481, #2033, #1373, #2055 ),
 .UNSPECIFIED., .F., .F.,
 ( 4, 3, 3, 3, 3, 4 ),
 ( 0.0000000000000000000, 3.225735829385233700E-005, 6.447218052397818700E-005, 9.734414413074874000E-005, 0.0001318568514794977200, 0.0001610781948975089000 ),
 .UNSPECIFIED. ) ;
#641 = DIRECTION ( 'NONE',  ( -1.660421643713043000E-016, 0.0000000000000000000, -1.000000000000000000 ) ) ;
#642 = EDGE_CURVE ( 'NONE', #1826, #976, #205, .T. ) ;
#643 = ORIENTED_EDGE ( 'NONE', *, *, #1838, .T. ) ;
#644 = DIRECTION ( 'NONE',  ( -0.0000000000000000000, 1.000000000000000000, -0.0000000000000000000 ) ) ;
#645 = VERTEX_POINT ( 'NONE', #1266 ) ;
#646 = DIRECTION ( 'NONE',  ( -0.0000000000000000000, 1.000000000000000000, -0.0000000000000000000 ) ) ;
#647 = ORIENTED_EDGE ( 'NONE', *, *, #2010, .T. ) ;
#648 = ORIENTED_EDGE ( 'NONE', *, *, #746, .T. ) ;
#649 = CARTESIAN_POINT ( 'NONE',  ( -1.099999999999999900, 1.100000000000000100, 3.299999999999999800 ) ) ;
#650 = CARTESIAN_POINT ( 'NONE',  ( -2.987055406248770000, 1.100000000000000100, 1.000000000000000000 ) ) ;
#651 = CARTESIAN_POINT ( 'NONE',  ( -1.425000000000001800, 2.786463351831272900, 0.3250000000000010700 ) ) ;
#652 = B_SPLINE_CURVE_WITH_KNOTS ( 'NONE', 3,
 ( #2181, #109, #820, #807, #1165, #138, #1194, #1365, #490, #2046, #662, #321, #1013, #1703, #1543, #498 ),
 .UNSPECIFIED., .F., .F.,
 ( 4, 3, 3, 3, 3, 4 ),
 ( 0.0000000000000000000, 3.740423512006511700E-005, 7.489527431726937300E-005, 0.0001109589145255296000, 0.0001449120518475361600, 0.0001610784583162289300 ),
 .UNSPECIFIED. ) ;
#653 = DIRECTION ( 'NONE',  ( -1.000000000000000000, -0.0000000000000000000, 9.427844978134816500E-017 ) ) ;
#654 = AXIS2_PLACEMENT_3D ( 'NONE', #281, #971, #1151 ) ;
#655 = AXIS2_PLACEMENT_3D ( 'NONE', #1843, #99, #1641 ) ;
#656 = SURFACE_STYLE_USAGE ( .BOTH. , #1359 ) ;
#657 = CIRCLE ( 'NONE', #8, 3.150000000000000400 ) ;
#658 = DIRECTION ( 'NONE',  ( 0.0000000000000000000, 0.0000000000000000000, -1.000000000000000000 ) ) ;
#659 = LINE ( 'NONE', #2005, #135 ) ;
#660 = CIRCLE ( 'NONE', #802, 0.5000000000000000000 ) ;
#661 = LINE ( 'NONE', #2218, #1755 ) ;
#662 = CARTESIAN_POINT ( 'NONE',  ( 2.984709850923602700, 1.838403667111252200, 1.006995236753197800 ) ) ;
#663 = FACE_OUTER_BOUND ( 'NONE', #963, .T. ) ;
#664 = CARTESIAN_POINT ( 'NONE',  ( -0.9999999999999997800, 1.110752452764584700, -2.987055406248769500 ) ) ;
#665 = CLOSED_SHELL ( 'NONE', ( #476, #1527, #1834, #2022, #1298, #1681 ) ) ;
#666 = SURFACE_SIDE_STYLE ('',( #300 ) ) ;
#667 = ORIENTED_EDGE ( 'NONE', *, *, #642, .F. ) ;
#668 = ORIENTED_EDGE ( 'NONE', *, *, #1079, .T. ) ;
#669 = DIRECTION ( 'NONE',  ( 0.0000000000000000000, 0.0000000000000000000, -1.000000000000000000 ) ) ;
#670 = ORIENTED_EDGE ( 'NONE', *, *, #1788, .F. ) ;
#671 = CARTESIAN_POINT ( 'NONE',  ( -1.013673041231417400, 1.151559996675503200, -2.982450584489612300 ) ) ;
#672 = AXIS2_PLACEMENT_3D ( 'NONE', #1645, #58, #764 ) ;
#673 = ORIENTED_EDGE ( 'NONE', *, *, #1535, .T. ) ;
#674 = EDGE_CURVE ( 'NONE', #772, #60, #567, .T. ) ;
#675 = DIRECTION ( 'NONE',  ( 0.0000000000000000000, -1.000000000000000000, 0.0000000000000000000 ) ) ;
#676 = CARTESIAN_POINT ( 'NONE',  ( -2.000000000000000000, 0.2999999999999999900, -2.500000000000000000 ) ) ;
#677 = DIRECTION ( 'NONE',  ( 0.0000000000000000000, -1.000000000000000000, 0.0000000000000000000 ) ) ;
#678 = EDGE_CURVE ( 'NONE', #1190, #351, #374, .T. ) ;
#679 = EDGE_CURVE ( 'NONE', #1236, #387, #763, .T. ) ;
#680 = LINE ( 'NONE', #190, #400 ) ;
#681 = AXIS2_PLACEMENT_3D ( 'NONE', #212, #1975, #1258 ) ;
#682 = APPLICATION_PROTOCOL_DEFINITION ( 'draft international standard', 'automotive_design', 1998, #1868 ) ;
#683 = CIRCLE ( 'NONE', #1777, 0.1000000000000000500 ) ;
#684 = CYLINDRICAL_SURFACE ( 'NONE', #2179, 3.150000000000000400 ) ;
#685 = DIRECTION ( 'NONE',  ( -0.0000000000000000000, 1.000000000000000000, -0.0000000000000000000 ) ) ;
#686 = FACE_OUTER_BOUND ( 'NONE', #1566, .T. ) ;
#687 = EDGE_LOOP ( 'NONE', ( #31 ) ) ;
#688 = EDGE_CURVE ( 'NONE', #1000, #1800, #1387, .T. ) ;
#689 = EDGE_CURVE ( 'NONE', #1190, #1826, #923, .T. ) ;
#690 = EDGE_LOOP ( 'NONE', ( #1610, #1668, #1606, #2211 ) ) ;
#691 = DIRECTION ( 'NONE',  ( 0.0000000000000000000, 0.0000000000000000000, -1.000000000000000000 ) ) ;
#692 = ORIENTED_EDGE ( 'NONE', *, *, #1204, .F. ) ;
#693 = ORIENTED_EDGE ( 'NONE', *, *, #2103, .F. ) ;
#694 = ORIENTED_EDGE ( 'NONE', *, *, #849, .T. ) ;
#695 = CARTESIAN_POINT ( 'NONE',  ( 0.0000000000000000000, 1.000000000000000000, 0.0000000000000000000 ) ) ;
#696 = CARTESIAN_POINT ( 'NONE',  ( 0.0000000000000000000, 6.399999999999999500, 0.0000000000000000000 ) ) ;
#697 = CARTESIAN_POINT ( 'NONE',  ( -0.8999999999999998000, 1.100000000000000100, -3.299999999999999800 ) ) ;
#698 = CARTESIAN_POINT ( 'NONE',  ( -2.987055406248769500, 1.100000000000000100, -1.000000000000000000 ) ) ;
#699 = CYLINDRICAL_SURFACE ( 'NONE', #1580, 0.1000000000000000500 ) ;
#700 = VECTOR ( 'NONE', #435, 1000.000000000000000 ) ;
#701 = DIRECTION ( 'NONE',  ( 1.000000000000000000, 0.0000000000000000000, 1.567521213232055000E-016 ) ) ;
#702 = CYLINDRICAL_SURFACE ( 'NONE', #672, 0.09999999999999993600 ) ;
#703 = FACE_OUTER_BOUND ( 'NONE', #1861, .T. ) ;
#704 = CIRCLE ( 'NONE', #840, 3.150000000000000400 ) ;
#705 = DIRECTION ( 'NONE',  ( 0.0000000000000000000, 0.0000000000000000000, 1.000000000000000000 ) ) ;
#706 = EDGE_CURVE ( 'NONE', #165, #855, #1683, .T. ) ;
#707 = CARTESIAN_POINT ( 'NONE',  ( -1.001337659984249400, 1.116301615337641900, 2.986607254176094200 ) ) ;
#708 = CARTESIAN_POINT ( 'NONE',  ( 3.300000000000000700, 1.800000000000000000, 1.100000000000000100 ) ) ;
#709 = ORIENTED_EDGE ( 'NONE', *, *, #1603, .F. ) ;
#710 = CARTESIAN_POINT ( 'NONE',  ( 0.9735673690903310400, 1.031281587426773800, 2.995789166473792300 ) ) ;
#711 = ORIENTED_EDGE ( 'NONE', *, *, #706, .T. ) ;
#712 = DIRECTION ( 'NONE',  ( 0.0000000000000000000, -1.000000000000000000, 0.0000000000000000000 ) ) ;
#713 = VERTEX_POINT ( 'NONE', #210 ) ;
#714 = ORIENTED_EDGE ( 'NONE', *, *, #1378, .F. ) ;
#715 = CARTESIAN_POINT ( 'NONE',  ( 2.987658467627431100, 1.078298504013962800, 0.9982033005036794500 ) ) ;
#716 = DIRECTION ( 'NONE',  ( -0.0000000000000000000, -1.000000000000000000, -0.0000000000000000000 ) ) ;
#717 = CARTESIAN_POINT ( 'NONE',  ( 2.987055406248769500, 1.800000000000000000, -1.000000000000000000 ) ) ;
#718 = ORIENTED_EDGE ( 'NONE', *, *, #1501, .F. ) ;
#719 = AXIS2_PLACEMENT_3D ( 'NONE', #696, #1905, #2062 ) ;
#720 = CARTESIAN_POINT ( 'NONE',  ( -2.987055406248770000, 1.100000000000000100, 1.000000000000000000 ) ) ;
#721 = CARTESIAN_POINT ( 'NONE',  ( 3.300000000000000700, 1.899999999999999900, -3.299999999999999800 ) ) ;
#722 = CARTESIAN_POINT ( 'NONE',  ( -1.099999999999999600, 1.200000000000000200, 2.951694428629088900 ) ) ;
#723 = PLANE ( 'NONE',  #2049 ) ;
#724 = VERTEX_POINT ( 'NONE', #1009 ) ;
#725 = EDGE_CURVE ( 'NONE', #2073, #937, #462, .T. ) ;
#726 = LINE ( 'NONE', #245, #265 ) ;
#727 = EDGE_CURVE ( 'NONE', #587, #55, #2117, .T. ) ;
#728 = DIRECTION ( 'NONE',  ( 0.0000000000000000000, 1.000000000000000000, -0.0000000000000000000 ) ) ;
#729 = LINE ( 'NONE', #1823, #2200 ) ;
#730 = CARTESIAN_POINT ( 'NONE',  ( -2.000000000000000000, 0.2999999999999999900, -2.000000000000000000 ) ) ;
#731 = CARTESIAN_POINT ( 'NONE',  ( 1.575000000000000600, 0.8720054347853278800, -2.611871934073338500 ) ) ;
#732 = FACE_OUTER_BOUND ( 'NONE', #495, .T. ) ;
#733 = CARTESIAN_POINT ( 'NONE',  ( 0.9994971975047066700, 1.088449417434993700, 2.987223868983700700 ) ) ;
#734 = FACE_OUTER_BOUND ( 'NONE', #1481, .T. ) ;
#735 = FILL_AREA_STYLE_COLOUR ( '', #2237 ) ;
#736 = VERTEX_POINT ( 'NONE', #238 ) ;
#737 = AXIS2_PLACEMENT_3D ( 'NONE', #456, #1837, #2026 ) ;
#738 = CARTESIAN_POINT ( 'NONE',  ( 2.985313727642964700, 1.831789831243883200, -1.005187518598628500 ) ) ;
#739 = ORIENTED_EDGE ( 'NONE', *, *, #1682, .T. ) ;
#740 = ORIENTED_EDGE ( 'NONE', *, *, #1945, .T. ) ;
#741 = CARTESIAN_POINT ( 'NONE',  ( -2.975363387831879700, 1.176130557175154100, 1.034309851246408600 ) ) ;
#742 = CARTESIAN_POINT ( 'NONE',  ( 3.300000000000000700, 0.2999999999999999900, 3.299999999999999800 ) ) ;
#743 = ORIENTED_EDGE ( 'NONE', *, *, #1454, .T. ) ;
#744 = ORIENTED_EDGE ( 'NONE', *, *, #1100, .F. ) ;
#745 = DIRECTION ( 'NONE',  ( 0.0000000000000000000, -0.0000000000000000000, -1.000000000000000000 ) ) ;
#746 = EDGE_CURVE ( 'NONE', #1793, #121, #2088, .T. ) ;
#747 = DIRECTION ( 'NONE',  ( -1.314184451497581300E-016, 0.0000000000000000000, -1.000000000000000000 ) ) ;
#748 = ORIENTED_EDGE ( 'NONE', *, *, #2010, .F. ) ;
#749 = DIRECTION ( 'NONE',  ( -2.612535355386758000E-016, 0.0000000000000000000, -1.000000000000000000 ) ) ;
#750 = EDGE_CURVE ( 'NONE', #1319, #1459, #632, .T. ) ;
#751 = CARTESIAN_POINT ( 'NONE',  ( -0.9343549430889623900, 1.006086540446248500, -3.008235502803134200 ) ) ;
#752 = DIRECTION ( 'NONE',  ( -0.7071067811865474600, 0.0000000000000000000, -0.7071067811865474600 ) ) ;
#753 = CARTESIAN_POINT ( 'NONE',  ( -1.425000000000001800, 0.2999999999999999300, 0.3250000000000010700 ) ) ;
#754 = DIRECTION ( 'NONE',  ( 0.0000000000000000000, 0.0000000000000000000, -1.000000000000000000 ) ) ;
#755 = CARTESIAN_POINT ( 'NONE',  ( 2.980289966043058800, 1.859981510654661100, -1.019986136328853800 ) ) ;
#756 = DIRECTION ( 'NONE',  ( 0.0000000000000000000, 0.0000000000000000000, -1.000000000000000000 ) ) ;
#757 = ADVANCED_FACE ( 'NONE', ( #1897 ), #702, .F. ) ;
#758 = LINE ( 'NONE', #943, #885 ) ;
#759 = CARTESIAN_POINT ( 'NONE',  ( -0.9000000000000000200, 1.000000000000000000, -3.018691769624717300 ) ) ;
#760 = VECTOR ( 'NONE', #2247, 1000.000000000000000 ) ;
#761 = CARTESIAN_POINT ( 'NONE',  ( 2.998631852676608000, 1.023777803907698800, -0.9647315751613291200 ) ) ;
#762 = FACE_OUTER_BOUND ( 'NONE', #1997, .T. ) ;
#763 = CIRCLE ( 'NONE', #43, 0.3250000000000004000 ) ;
#764 = DIRECTION ( 'NONE',  ( -1.000000000000000000, 0.0000000000000000000, 2.828353493440446300E-016 ) ) ;
#765 = CYLINDRICAL_SURFACE ( 'NONE', #1437, 0.1000000000000000500 ) ;
#766 = DIRECTION ( 'NONE',  ( 0.0000000000000000000, -1.000000000000000000, 0.0000000000000000000 ) ) ;
#767 = FACE_OUTER_BOUND ( 'NONE', #2030, .T. ) ;
#768 = AXIS2_PLACEMENT_3D ( 'NONE', #1922, #1051, #1744 ) ;
#769 = CARTESIAN_POINT ( 'NONE',  ( -2.993267859141631500, 1.040548432779097300, 0.9812669218947792600 ) ) ;
#770 = ORIENTED_EDGE ( 'NONE', *, *, #82, .F. ) ;
#771 = CARTESIAN_POINT ( 'NONE',  ( 2.988209468184789900, 1.071578775073021700, -0.9965482612739800000 ) ) ;
#772 = VERTEX_POINT ( 'NONE', #420 ) ;
#773 = CARTESIAN_POINT ( 'NONE',  ( 3.007399091230802400, 1.006482312990125000, 0.9371102793442562800 ) ) ;
#774 = ORIENTED_EDGE ( 'NONE', *, *, #325, .T. ) ;
#775 = ORIENTED_EDGE ( 'NONE', *, *, #460, .T. ) ;
#776 = CARTESIAN_POINT ( 'NONE',  ( -0.9999999999999997800, 1.100000000000000100, 2.987055406248770000 ) ) ;
#777 = VERTEX_POINT ( 'NONE', #928 ) ;
#778 = CARTESIAN_POINT ( 'NONE',  ( -2.991625238315851000, 1.048332040644944800, -0.9862672483990512200 ) ) ;
#779 = CARTESIAN_POINT ( 'NONE',  ( 3.300000000000000700, 1.100000000000000100, 0.9000000000000000200 ) ) ;
#780 = ADVANCED_FACE ( 'NONE', ( #1757 ), #228, .F. ) ;
#781 = CARTESIAN_POINT ( 'NONE',  ( 1.000000000000000200, 1.000000000000000000, 3.299999999999999800 ) ) ;
#782 = CARTESIAN_POINT ( 'NONE',  ( -2.989530188358814600, 1.060595053587807000, 0.9925941675185383500 ) ) ;
#783 =( NAMED_UNIT ( * ) PLANE_ANGLE_UNIT ( ) SI_UNIT ( $, .RADIAN. ) );
#784 = AXIS2_PLACEMENT_3D ( 'NONE', #180, #512, #352 ) ;
#785 = CIRCLE ( 'NONE', #1808, 3.150000000000000400 ) ;
#786 = EDGE_CURVE ( 'NONE', #1374, #54, #477, .T. ) ;
#787 = VECTOR ( 'NONE', #223, 1000.000000000000000 ) ;
#788 = CARTESIAN_POINT ( 'NONE',  ( 1.003179689386363600, 1.827450138194186600, -2.985989665971768400 ) ) ;
#789 = DIRECTION ( 'NONE',  ( 0.0000000000000000000, 0.0000000000000000000, 1.000000000000000000 ) ) ;
#790 = PLANE ( 'NONE',  #556 ) ;
#791 = DIRECTION ( 'NONE',  ( -0.0000000000000000000, 1.000000000000000000, -0.0000000000000000000 ) ) ;
#792 = DIRECTION ( 'NONE',  ( -2.828353493440445800E-016, -0.0000000000000000000, -1.000000000000000000 ) ) ;
#793 = VECTOR ( 'NONE', #1120, 1000.000000000000000 ) ;
#794 = ADVANCED_FACE ( 'NONE', ( #1444 ), #304, .F. ) ;
#795 = FACE_OUTER_BOUND ( 'NONE', #1694, .T. ) ;
#796 = EDGE_CURVE ( 'NONE', #1141, #2185, #1317, .T. ) ;
#797 = CARTESIAN_POINT ( 'NONE',  ( 1.000000000000000900, 1.800000000000000000, -2.987055406248769500 ) ) ;
#798 = EDGE_CURVE ( 'NONE', #246, #1542, #2242, .T. ) ;
#799 = EDGE_LOOP ( 'NONE', ( #718 ) ) ;
#800 = CARTESIAN_POINT ( 'NONE',  ( -1.799999999999999200, 1.899999999999999900, 3.299999999999999800 ) ) ;
#801 = ORIENTED_EDGE ( 'NONE', *, *, #1873, .T. ) ;
#802 = AXIS2_PLACEMENT_3D ( 'NONE', #1797, #766, #1081 ) ;
#803 = CARTESIAN_POINT ( 'NONE',  ( 0.0000000000000000000, 21.40954544295049900, 0.0000000000000000000 ) ) ;
#804 = DIRECTION ( 'NONE',  ( -1.000000000000000000, 0.0000000000000000000, 2.612535355386758000E-016 ) ) ;
#805 = ORIENTED_EDGE ( 'NONE', *, *, #1104, .F. ) ;
#806 = ORIENTED_EDGE ( 'NONE', *, *, #158, .F. ) ;
#807 = CARTESIAN_POINT ( 'NONE',  ( 2.964373415873049900, 1.893808399563077400, 1.065359212315335000 ) ) ;
#808 = ADVANCED_FACE ( 'NONE', ( #471 ), #30, .T. ) ;
#809 = ORIENTED_EDGE ( 'NONE', *, *, #433, .F. ) ;
#810 = EDGE_CURVE ( 'NONE', #966, #772, #1785, .T. ) ;
#811 = ORIENTED_EDGE ( 'NONE', *, *, #1745, .T. ) ;
#812 = EDGE_CURVE ( 'NONE', #936, #249, #890, .T. ) ;
#813 = CARTESIAN_POINT ( 'NONE',  ( 3.500000000000002200, 0.2999999999999999300, 0.3249999999999992300 ) ) ;
#814 = B_SPLINE_CURVE_WITH_KNOTS ( 'NONE', 3,
 ( #1696, #839, #2038, #1006, #1020, #1198, #144, #1967, #955, #401, #617, #788, #248, #2166, #1627, #83 ),
 .UNSPECIFIED., .F., .F.,
 ( 4, 3, 3, 3, 3, 4 ),
 ( 0.0000000000000000000, 3.740423512006555700E-005, 7.489527431727002400E-005, 0.0001109589145255300600, 0.0001449120518475367100, 0.0001610784583162287900 ),
 .UNSPECIFIED. ) ;
#815 =( GEOMETRIC_REPRESENTATION_CONTEXT ( 3 ) GLOBAL_UNCERTAINTY_ASSIGNED_CONTEXT ( ( #531 ) ) GLOBAL_UNIT_ASSIGNED_CONTEXT ( ( #1146, #783, #1999 ) ) REPRESENTATION_CONTEXT ( 'NONE', 'WORKASPACE' ) );
#816 = FACE_OUTER_BOUND ( 'NONE', #2122, .T. ) ;
#817 = FILL_AREA_STYLE ('',( #1011 ) ) ;
#818 = AXIS2_PLACEMENT_3D ( 'NONE', #2153, #1473, #1804 ) ;
#819 = FACE_OUTER_BOUND ( 'NONE', #1932, .T. ) ;
#820 = CARTESIAN_POINT ( 'NONE',  ( 2.960390253712587700, 1.897901108538340200, 1.076442403677546000 ) ) ;
#821 = CYLINDRICAL_SURFACE ( 'NONE', #529, 0.1000000000000000500 ) ;
#822 = CIRCLE ( 'NONE', #857, 0.5000000000000000000 ) ;
#823 = CYLINDRICAL_SURFACE ( 'NONE', #1807, 3.050000000000000700 ) ;
#824 = CARTESIAN_POINT ( 'NONE',  ( 0.0000000000000000000, 1.000000000000000000, 0.0000000000000000000 ) ) ;
#825 = ORIENTED_EDGE ( 'NONE', *, *, #1156, .F. ) ;
#826 = B_SPLINE_CURVE_WITH_KNOTS ( 'NONE', 3,
 ( #234, #1465, #1279, #44, #1624, #585, #761, #1973, #935, #417, #1086, #771, #907, #1979, #34, #1297 ),
 .UNSPECIFIED., .F., .F.,
 ( 4, 3, 3, 3, 3, 4 ),
 ( 0.0000000000000000000, 3.642309164656108100E-005, 7.288024959482048600E-005, 0.0001087188780353233700, 0.0001429073855806731100, 0.0001600016939516927700 ),
 .UNSPECIFIED. ) ;
#827 = ORIENTED_EDGE ( 'NONE', *, *, #1029, .F. ) ;
#828 = ADVANCED_FACE ( 'NONE', ( #273 ), #177, .F. ) ;
#829 = CARTESIAN_POINT ( 'NONE',  ( 0.0000000000000000000, 0.0000000000000000000, 0.0000000000000000000 ) ) ;
#830 = ORIENTED_EDGE ( 'NONE', *, *, #1030, .F. ) ;
#831 = SURFACE_STYLE_USAGE ( .BOTH. , #666 ) ;
#832 = EDGE_CURVE ( 'NONE', #256, #1000, #438, .T. ) ;
#833 = ORIENTED_EDGE ( 'NONE', *, *, #688, .T. ) ;
#834 = ORIENTED_EDGE ( 'NONE', *, *, #1220, .T. ) ;
#835 = CARTESIAN_POINT ( 'NONE',  ( 3.300000000000000700, 1.899999999999999900, -3.299999999999999800 ) ) ;
#836 = CARTESIAN_POINT ( 'NONE',  ( 1.575000000000001500, 6.299999999999998900, 2.611871934073338100 ) ) ;
#837 = SURFACE_STYLE_FILL_AREA ( #1692 ) ;
#838 = CYLINDRICAL_SURFACE ( 'NONE', #1998, 0.1000000000000000500 ) ;
#839 = CARTESIAN_POINT ( 'NONE',  ( 1.088316838898304700, 1.899999999999999900, -2.956048360759466300 ) ) ;
#840 = AXIS2_PLACEMENT_3D ( 'NONE', #2138, #243, #2147 ) ;
#841 = AXIS2_PLACEMENT_3D ( 'NONE', #1424, #909, #1754 ) ;
#842 = UNCERTAINTY_MEASURE_WITH_UNIT (LENGTH_MEASURE( 1.000000000000000100E-005 ), #2035, 'distance_accuracy_value', 'NONE');
#843 = FACE_OUTER_BOUND ( 'NONE', #1393, .T. ) ;
#844 = DIRECTION ( 'NONE',  ( 0.0000000000000000000, 1.000000000000000000, 0.0000000000000000000 ) ) ;
#845 = CIRCLE ( 'NONE', #927, 3.150000000000000400 ) ;
#846 = FACE_OUTER_BOUND ( 'NONE', #118, .T. ) ;
#847 = DIRECTION ( 'NONE',  ( -1.000000000000000000, 0.0000000000000000000, 0.0000000000000000000 ) ) ;
#848 = CIRCLE ( 'NONE', #1024, 0.1000000000000000500 ) ;
#849 = EDGE_CURVE ( 'NONE', #713, #1095, #1981, .T. ) ;
#850 = APPLICATION_CONTEXT ( 'automotive_design' ) ;
#851 = EDGE_CURVE ( 'NONE', #1526, #1526, #136, .T. ) ;
#852 = ORIENTED_EDGE ( 'NONE', *, *, #1323, .T. ) ;
#853 = DIRECTION ( 'NONE',  ( 0.0000000000000000000, 0.0000000000000000000, -1.000000000000000000 ) ) ;
#854 = ORIENTED_EDGE ( 'NONE', *, *, #1430, .T. ) ;
#855 = VERTEX_POINT ( 'NONE', #391 ) ;
#856 = ORIENTED_EDGE ( 'NONE', *, *, #595, .F. ) ;
#857 = AXIS2_PLACEMENT_3D ( 'NONE', #2086, #1235, #1733 ) ;
#858 = ORIENTED_EDGE ( 'NONE', *, *, #336, .T. ) ;
#859 = ORIENTED_EDGE ( 'NONE', *, *, #1788, .T. ) ;
#860 = EDGE_CURVE ( 'NONE', #18, #117, #1057, .T. ) ;
#861 = FACE_OUTER_BOUND ( 'NONE', #451, .T. ) ;
#862 = CARTESIAN_POINT ( 'NONE',  ( 1.000000000000001800, 1.800000000000000000, 2.987055406248769500 ) ) ;
#863 = TOROIDAL_SURFACE ( 'NONE', #577, 3.149999999999999900, 0.4999999999999998900 ) ;
#864 = CARTESIAN_POINT ( 'NONE',  ( 2.995831823695610700, 1.031246360324316900, 0.9734158779015658100 ) ) ;
#865 = CYLINDRICAL_SURFACE ( 'NONE', #1124, 3.150000000000000400 ) ;
#866 = CARTESIAN_POINT ( 'NONE',  ( -2.951694428629088900, 1.200000000000000200, -1.100000000000000100 ) ) ;
#867 = VECTOR ( 'NONE', #23, 1000.000000000000000 ) ;
#868 = ORIENTED_EDGE ( 'NONE', *, *, #1643, .T. ) ;
#869 = ORIENTED_EDGE ( 'NONE', *, *, #2011, .F. ) ;
#870 = CARTESIAN_POINT ( 'NONE',  ( -1.012377116426083100, 1.148189524527554900, 2.982883265254745500 ) ) ;
#871 = CARTESIAN_POINT ( 'NONE',  ( -2.982883265254745500, 1.148189524527554600, -1.012377116426083100 ) ) ;
#872 = ORIENTED_EDGE ( 'NONE', *, *, #903, .F. ) ;
#873 = AXIS2_PLACEMENT_3D ( 'NONE', #1630, #592, #944 ) ;
#874 = PRESENTATION_LAYER_ASSIGNMENT (  '', '', ( #341 ) ) ;
#875 = ORIENTED_EDGE ( 'NONE', *, *, #1769, .F. ) ;
#876 = VERTEX_POINT ( 'NONE', #2119 ) ;
#877 = DIRECTION ( 'NONE',  ( 1.000000000000000000, 0.0000000000000000000, -1.314184451497581300E-016 ) ) ;
#878 = CARTESIAN_POINT ( 'NONE',  ( -1.425000000000001800, 2.786463351831272900, -0.3250000000000007300 ) ) ;
#879 = CARTESIAN_POINT ( 'NONE',  ( 0.9116349298389182500, 1.000000000000000000, 3.015222903753615600 ) ) ;
#880 = CARTESIAN_POINT ( 'NONE',  ( 1.000000000000000900, 1.000000000000000000, -2.987055406248769500 ) ) ;
#881 = VECTOR ( 'NONE', #2017, 1000.000000000000000 ) ;
#882 = CARTESIAN_POINT ( 'NONE',  ( 2.969137917002691900, 1.888449428432642100, -1.052051681108400200 ) ) ;
#883 = DIRECTION ( 'NONE',  ( -0.7071067811865474600, 0.0000000000000000000, -0.7071067811865474600 ) ) ;
#884 = DIRECTION ( 'NONE',  ( 0.0000000000000000000, 0.0000000000000000000, 1.000000000000000000 ) ) ;
#885 = VECTOR ( 'NONE', #1798, 1000.000000000000000 ) ;
#886 = CARTESIAN_POINT ( 'NONE',  ( 0.9965482612739816600, 1.071578775073021700, 2.988209468184789100 ) ) ;
#887 = CARTESIAN_POINT ( 'NONE',  ( -0.8999999999999998000, 1.000000000000000000, -3.299999999999999800 ) ) ;
#888 = CIRCLE ( 'NONE', #1214, 0.5000000000000000000 ) ;
#889 = AXIS2_PLACEMENT_3D ( 'NONE', #1662, #2161, #250 ) ;
#890 = LINE ( 'NONE', #569, #1206 ) ;
#891 = CARTESIAN_POINT ( 'NONE',  ( 0.9566690389519959500, 1.017606917618908900, -3.001213812761541100 ) ) ;
#892 = EDGE_CURVE ( 'NONE', #911, #911, #660, .T. ) ;
#893 = DIRECTION ( 'NONE',  ( -1.000000000000000000, -0.0000000000000000000, 9.427844978134816500E-017 ) ) ;
#894 = CARTESIAN_POINT ( 'NONE',  ( -3.299999999999998900, 1.200000000000000200, 1.799999999999998700 ) ) ;
#895 = ORIENTED_EDGE ( 'NONE', *, *, #157, .T. ) ;
#896 = CARTESIAN_POINT ( 'NONE',  ( 0.9453062403434849800, 1.010092688188192200, 3.004834040812054900 ) ) ;
#897 = ORIENTED_EDGE ( 'NONE', *, *, #1721, .F. ) ;
#898 = ORIENTED_EDGE ( 'NONE', *, *, #1256, .F. ) ;
#899 = EDGE_CURVE ( 'NONE', #1619, #1462, #1577, .T. ) ;
#900 = ORIENTED_EDGE ( 'NONE', *, *, #1964, .F. ) ;
#901 = CARTESIAN_POINT ( 'NONE',  ( 1.000000000000001800, 1.200000000000000200, 3.299999999999999800 ) ) ;
#902 = DIRECTION ( 'NONE',  ( -0.0000000000000000000, 1.000000000000000000, -0.0000000000000000000 ) ) ;
#903 = EDGE_CURVE ( 'NONE', #1900, #618, #1415, .T. ) ;
#904 = ORIENTED_EDGE ( 'NONE', *, *, #1403, .F. ) ;
#905 = CARTESIAN_POINT ( 'NONE',  ( -0.9566690389519950700, 1.017606917618909100, 3.001213812761541500 ) ) ;
#906 = AXIS2_PLACEMENT_3D ( 'NONE', #94, #608, #347 ) ;
#907 = CARTESIAN_POINT ( 'NONE',  ( 2.987555001319082600, 1.082781377933203600, -0.9985064416884541500 ) ) ;
#908 = ORIENTED_EDGE ( 'NONE', *, *, #564, .F. ) ;
#909 = DIRECTION ( 'NONE',  ( 0.0000000000000000000, 1.000000000000000000, 0.0000000000000000000 ) ) ;
#910 = CARTESIAN_POINT ( 'NONE',  ( 0.9000000000000016900, 1.000000000000000000, 3.018691769624716400 ) ) ;
#911 = VERTEX_POINT ( 'NONE', #1538 ) ;
#912 = DIRECTION ( 'NONE',  ( 0.0000000000000000000, 1.000000000000000000, 0.0000000000000000000 ) ) ;
#913 = EDGE_CURVE ( 'NONE', #1571, #1571, #1186, .T. ) ;
#914 = LINE ( 'NONE', #1617, #2083 ) ;
#915 = EDGE_CURVE ( 'NONE', #351, #256, #1710, .T. ) ;
#916 = DIRECTION ( 'NONE',  ( -1.000000000000000000, 0.0000000000000000000, 0.0000000000000000000 ) ) ;
#917 = LINE ( 'NONE', #1375, #201 ) ;
#918 = DIRECTION ( 'NONE',  ( 0.0000000000000000000, -1.000000000000000000, 0.0000000000000000000 ) ) ;
#919 = PLANE ( 'NONE',  #922 ) ;
#920 = CARTESIAN_POINT ( 'NONE',  ( -3.500000000000001300, 0.0000000000000000000, -0.3249999999999999000 ) ) ;
#921 = LINE ( 'NONE', #90, #404 ) ;
#922 = AXIS2_PLACEMENT_3D ( 'NONE', #1440, #1820, #2133 ) ;
#923 = LINE ( 'NONE', #1759, #1158 ) ;
#924 = CARTESIAN_POINT ( 'NONE',  ( 8.485060480321331300E-017, 1.100000000000000100, 0.8999999999999996900 ) ) ;
#925 = ADVANCED_FACE ( 'NONE', ( #1442 ), #1134, .T. ) ;
#926 = VECTOR ( 'NONE', #1478, 1000.000000000000000 ) ;
#927 = AXIS2_PLACEMENT_3D ( 'NONE', #2195, #461, #1989 ) ;
#928 = CARTESIAN_POINT ( 'NONE',  ( 2.987055406248770000, 1.100000000000000100, 1.000000000000000000 ) ) ;
#929 = CARTESIAN_POINT ( 'NONE',  ( 1.100000000000001000, 1.800000000000000000, -3.299999999999999800 ) ) ;
#930 = ORIENTED_EDGE ( 'NONE', *, *, #236, .T. ) ;
#931 = CARTESIAN_POINT ( 'NONE',  ( -3.299999999999998900, 0.2999999999999999900, -1.800000000000000000 ) ) ;
#932 = CARTESIAN_POINT ( 'NONE',  ( -0.9647315751613291200, 1.023777803907699000, -2.998631852676608000 ) ) ;
#933 = ORIENTED_EDGE ( 'NONE', *, *, #1552, .T. ) ;
#934 = CARTESIAN_POINT ( 'NONE',  ( -3.018691769624716400, 1.000000000000000000, 0.8999999999999999100 ) ) ;
#935 = CARTESIAN_POINT ( 'NONE',  ( 2.993267859141631500, 1.040548432779097000, -0.9812669218947790400 ) ) ;
#936 = VERTEX_POINT ( 'NONE', #428 ) ;
#937 = VERTEX_POINT ( 'NONE', #967 ) ;
#938 = CARTESIAN_POINT ( 'NONE',  ( -2.987658467627431100, 1.078298504013962800, -0.9982033005036794500 ) ) ;
#939 = CARTESIAN_POINT ( 'NONE',  ( 3.300000000000000700, 1.899999999999999900, 1.000000000000000000 ) ) ;
#940 = DIRECTION ( 'NONE',  ( 0.0000000000000000000, 1.000000000000000000, 0.0000000000000000000 ) ) ;
#941 = ADVANCED_FACE ( 'NONE', ( #1895 ), #1087, .F. ) ;
#942 = ORIENTED_EDGE ( 'NONE', *, *, #1340, .F. ) ;
#943 = CARTESIAN_POINT ( 'NONE',  ( 3.500000000000002200, 0.0000000000000000000, -0.3250000000000007300 ) ) ;
#944 = DIRECTION ( 'NONE',  ( 8.881784197001252300E-016, 0.0000000000000000000, -1.000000000000000000 ) ) ;
#945 = DIRECTION ( 'NONE',  ( -1.000000000000000000, 0.0000000000000000000, 0.0000000000000000000 ) ) ;
#946 = EDGE_CURVE ( 'NONE', #1299, #1701, #988, .T. ) ;
#947 = FACE_OUTER_BOUND ( 'NONE', #1520, .T. ) ;
#948 = DIRECTION ( 'NONE',  ( -0.0000000000000000000, -0.0000000000000000000, 1.000000000000000000 ) ) ;
#949 = CARTESIAN_POINT ( 'NONE',  ( 3.500000000000002200, 0.0000000000000000000, -0.3250000000000007300 ) ) ;
#950 = FACE_OUTER_BOUND ( 'NONE', #221, .T. ) ;
#951 = PLANE ( 'NONE',  #655 ) ;
#952 = ORIENTED_EDGE ( 'NONE', *, *, #1498, .F. ) ;
#953 = COLOUR_RGB ( '',1.000000000000000000, 1.000000000000000000, 1.000000000000000000 ) ;
#954 = CARTESIAN_POINT ( 'NONE',  ( -2.998414013708746100, 1.023648033646491500, -0.9654524271960762700 ) ) ;
#955 = CARTESIAN_POINT ( 'NONE',  ( 1.018088167200781500, 1.858573912877971500, -2.980944960399708700 ) ) ;
#956 = CIRCLE ( 'NONE', #220, 0.1000000000000000500 ) ;
#957 = CARTESIAN_POINT ( 'NONE',  ( -1.799999999999999200, 1.899999999999999900, -3.299999999999999800 ) ) ;
#958 = ORIENTED_EDGE ( 'NONE', *, *, #1259, .T. ) ;
#959 = LINE ( 'NONE', #949, #926 ) ;
#960 = CARTESIAN_POINT ( 'NONE',  ( 3.300000000000000700, 1.100000000000000100, -0.9000000000000000200 ) ) ;
#961 = AXIS2_PLACEMENT_3D ( 'NONE', #1584, #196, #1605 ) ;
#962 = CARTESIAN_POINT ( 'NONE',  ( 0.0000000000000000000, 1.000000000000000000, 0.0000000000000000000 ) ) ;
#963 = EDGE_LOOP ( 'NONE', ( #524, #904, #670, #2182 ) ) ;
#964 = CARTESIAN_POINT ( 'NONE',  ( 3.500000000000002200, 0.2999999999999999300, 0.3249999999999992300 ) ) ;
#965 = ORIENTED_EDGE ( 'NONE', *, *, #187, .T. ) ;
#966 = VERTEX_POINT ( 'NONE', #259 ) ;
#967 = CARTESIAN_POINT ( 'NONE',  ( 2.951694428629088900, 1.899999999999999900, -1.100000000000000100 ) ) ;
#968 = ADVANCED_FACE ( 'NONE', ( #703 ), #765, .T. ) ;
#969 = ADVANCED_FACE ( 'NONE', ( #494 ), #1995, .F. ) ;
#970 = DIRECTION ( 'NONE',  ( 1.000000000000000000, -0.0000000000000000000, -0.0000000000000000000 ) ) ;
#971 = DIRECTION ( 'NONE',  ( -1.000000000000000000, 0.0000000000000000000, -9.427844978134812800E-017 ) ) ;
#972 = ORIENTED_EDGE ( 'NONE', *, *, #554, .T. ) ;
#973 = EDGE_CURVE ( 'NONE', #2190, #936, #1923, .T. ) ;
#974 = EDGE_CURVE ( 'NONE', #999, #1559, #2013, .T. ) ;
#975 = EDGE_LOOP ( 'NONE', ( #805, #276, #1693, #875 ) ) ;
#976 = VERTEX_POINT ( 'NONE', #2167 ) ;
#977 = CARTESIAN_POINT ( 'NONE',  ( 1.100000000000001900, 1.899999999999999900, 2.951694428629088500 ) ) ;
#978 = DIRECTION ( 'NONE',  ( 0.0000000000000000000, 1.000000000000000000, 0.0000000000000000000 ) ) ;
#979 = CARTESIAN_POINT ( 'NONE',  ( 3.300000000000000700, 1.899999999999999900, 3.299999999999999800 ) ) ;
#980 = ADVANCED_FACE ( 'NONE', ( #2064 ), #13, .T. ) ;
#981 = AXIS2_PLACEMENT_3D ( 'NONE', #1653, #1646, #789 ) ;
#982 = CIRCLE ( 'NONE', #1337, 0.1000000000000000500 ) ;
#983 = ADVANCED_FACE ( 'NONE', ( #732 ), #1076, .F. ) ;
#984 = DIRECTION ( 'NONE',  ( 0.0000000000000000000, 0.0000000000000000000, 1.000000000000000000 ) ) ;
#985 = LINE ( 'NONE', #2239, #1599 ) ;
#986 = DIRECTION ( 'NONE',  ( 1.000000000000000000, 0.0000000000000000000, -1.314184451497581300E-016 ) ) ;
#987 = STYLED_ITEM ( 'NONE', ( #6 ), #2213 ) ;
#988 = LINE ( 'NONE', #85, #306 ) ;
#989 = FACE_OUTER_BOUND ( 'NONE', #1770, .T. ) ;
#990 = EDGE_CURVE ( 'NONE', #1299, #876, #2116, .T. ) ;
#991 = PRODUCT ( 'UUD1H100MCL1GS', 'UUD1H100MCL1GS', '', ( #1015 ) ) ;
#992 = CARTESIAN_POINT ( 'NONE',  ( 0.0000000000000000000, 0.2999999999999999900, 0.0000000000000000000 ) ) ;
#993 = EDGE_CURVE ( 'NONE', #1909, #1299, #1874, .T. ) ;
#994 = VECTOR ( 'NONE', #1401, 1000.000000000000000 ) ;
#995 = DIRECTION ( 'NONE',  ( -1.000000000000000000, -0.0000000000000000000, -9.427844978134812800E-017 ) ) ;
#996 = ORIENTED_EDGE ( 'NONE', *, *, #913, .T. ) ;
#997 = ORIENTED_EDGE ( 'NONE', *, *, #1170, .T. ) ;
#998 = DIRECTION ( 'NONE',  ( 1.000000000000000000, 0.0000000000000000000, 0.0000000000000000000 ) ) ;
#999 = VERTEX_POINT ( 'NONE', #1746 ) ;
#1000 = VERTEX_POINT ( 'NONE', #355 ) ;
#1001 = EDGE_LOOP ( 'NONE', ( #2100, #774, #895, #522, #1330, #1676 ) ) ;
#1002 = ORIENTED_EDGE ( 'NONE', *, *, #798, .T. ) ;
#1003 = ORIENTED_EDGE ( 'NONE', *, *, #1451, .F. ) ;
#1004 = ADVANCED_FACE ( 'NONE', ( #602 ), #2081, .F. ) ;
#1005 = B_SPLINE_CURVE_WITH_KNOTS ( 'NONE', 3,
 ( #547, #1248, #715, #1404, #1761, #1917, #1904, #864, #384, #2155, #1494, #773, #1966, #2141, #1680, #479 ),
 .UNSPECIFIED., .F., .F.,
 ( 4, 3, 3, 3, 3, 4 ),
 ( 0.0000000000000000000, 3.232972084709904800E-005, 6.461040155830455900E-005, 9.764617592425168100E-005, 0.0001323020452051532800, 0.0001599977686133805100 ),
 .UNSPECIFIED. ) ;
#1006 = CARTESIAN_POINT ( 'NONE',  ( 1.065359212315335500, 1.893808399563077200, -2.964373415873049500 ) ) ;
#1007 = AXIS2_PLACEMENT_3D ( 'NONE', #270, #791, #2004 ) ;
#1008 = AXIS2_PLACEMENT_3D ( 'NONE', #924, #1436, #398 ) ;
#1009 = CARTESIAN_POINT ( 'NONE',  ( -2.000000000000000000, 0.1999999999999999800, -2.500000000000000000 ) ) ;
#1010 = LINE ( 'NONE', #394, #1891 ) ;
#1011 = FILL_AREA_STYLE_COLOUR ( '', #953 ) ;
#1012 = LINE ( 'NONE', #1773, #42 ) ;
#1013 = CARTESIAN_POINT ( 'NONE',  ( 2.986607254176094200, 1.816301615337641700, 1.001337659984249400 ) ) ;
#1014 = FACE_OUTER_BOUND ( 'NONE', #799, .T. ) ;
#1015 = PRODUCT_CONTEXT ( 'NONE', #850, 'mechanical' ) ;
#1016 = FACE_OUTER_BOUND ( 'NONE', #639, .T. ) ;
#1017 = LINE ( 'NONE', #9, #1817 ) ;
#1018 = DIRECTION ( 'NONE',  ( 0.0000000000000000000, 0.0000000000000000000, -1.000000000000000000 ) ) ;
#1019 = EDGE_LOOP ( 'NONE', ( #2018, #2224 ) ) ;
#1020 = CARTESIAN_POINT ( 'NONE',  ( 1.054261430601849000, 1.889710302783916600, -2.968361821625650900 ) ) ;
#1021 = EDGE_LOOP ( 'NONE', ( #1956 ) ) ;
#1022 =( NAMED_UNIT ( * ) PLANE_ANGLE_UNIT ( ) SI_UNIT ( $, .RADIAN. ) );
#1023 = ORIENTED_EDGE ( 'NONE', *, *, #689, .T. ) ;
#1024 = AXIS2_PLACEMENT_3D ( 'NONE', #2, #2235, #342 ) ;
#1025 = DIRECTION ( 'NONE',  ( -0.0000000000000000000, -1.000000000000000000, -0.0000000000000000000 ) ) ;
#1026 = VERTEX_POINT ( 'NONE', #1575 ) ;
#1027 = ORIENTED_EDGE ( 'NONE', *, *, #1667, .T. ) ;
#1028 = CARTESIAN_POINT ( 'NONE',  ( -0.8999999999999998000, 1.000000000000000000, 3.299999999999999800 ) ) ;
#1029 = EDGE_CURVE ( 'NONE', #60, #1717, #108, .T. ) ;
#1030 = EDGE_CURVE ( 'NONE', #876, #2125, #956, .T. ) ;
#1031 = VERTEX_POINT ( 'NONE', #1525 ) ;
#1032 = AXIS2_PLACEMENT_3D ( 'NONE', #49, #558, #1102 ) ;
#1033 = CARTESIAN_POINT ( 'NONE',  ( -3.500000000000001300, 0.2999999999999999300, -0.3249999999999999000 ) ) ;
#1034 = CIRCLE ( 'NONE', #170, 0.1000000000000000500 ) ;
#1035 = CIRCLE ( 'NONE', #508, 3.050000000000000700 ) ;
#1036 = VECTOR ( 'NONE', #1413, 1000.000000000000100 ) ;
#1037 = EDGE_CURVE ( 'NONE', #1391, #18, #1205, .T. ) ;
#1038 = ORIENTED_EDGE ( 'NONE', *, *, #236, .F. ) ;
#1039 = EDGE_CURVE ( 'NONE', #1133, #1512, #1035, .T. ) ;
#1040 = FACE_OUTER_BOUND ( 'NONE', #383, .T. ) ;
#1041 = DIRECTION ( 'NONE',  ( 0.0000000000000000000, 0.0000000000000000000, -1.000000000000000000 ) ) ;
#1042 = ORIENTED_EDGE ( 'NONE', *, *, #1273, .F. ) ;
#1043 = EDGE_LOOP ( 'NONE', ( #2053, #1234, #419, #1990, #145, #1110, #549, #521, #1936, #1193, #1672 ) ) ;
#1044 = AXIS2_PLACEMENT_3D ( 'NONE', #20, #362, #1491 ) ;
#1045 = ORIENTED_EDGE ( 'NONE', *, *, #1451, .T. ) ;
#1046 = ORIENTED_EDGE ( 'NONE', *, *, #913, .F. ) ;
#1047 = DIRECTION ( 'NONE',  ( 1.660421643713043200E-016, 0.0000000000000000000, 1.000000000000000000 ) ) ;
#1048 = EDGE_LOOP ( 'NONE', ( #50, #1588, #506, #1870 ) ) ;
#1049 = CARTESIAN_POINT ( 'NONE',  ( 1.100000000000001400, 1.899999999999999900, -1.445602896647341100E-016 ) ) ;
#1050 = CARTESIAN_POINT ( 'NONE',  ( 2.000000000000000000, 0.1999999999999999800, -2.000000000000000000 ) ) ;
#1051 = DIRECTION ( 'NONE',  ( 0.0000000000000000000, -1.000000000000000000, 0.0000000000000000000 ) ) ;
#1052 = LINE ( 'NONE', #156, #1626 ) ;
#1053 = DIRECTION ( 'NONE',  ( -0.0000000000000000000, -1.000000000000000000, -0.0000000000000000000 ) ) ;
#1054 = LINE ( 'NONE', #70, #700 ) ;
#1055 = EDGE_CURVE ( 'NONE', #777, #1695, #1005, .T. ) ;
#1056 = CARTESIAN_POINT ( 'NONE',  ( -1.043639749755612500, 1.183482436762514700, 2.972105215661919400 ) ) ;
#1057 = CIRCLE ( 'NONE', #1611, 0.3250000000000004000 ) ;
#1058 = CARTESIAN_POINT ( 'NONE',  ( -3.018691769624716400, 1.000000000000000000, 0.8999999999999999100 ) ) ;
#1059 = LINE ( 'NONE', #126, #373 ) ;
#1060 = CARTESIAN_POINT ( 'NONE',  ( 0.9812669218947809300, 1.040548432779097300, 2.993267859141631100 ) ) ;
#1061 = FACE_OUTER_BOUND ( 'NONE', #1579, .T. ) ;
#1062 = CARTESIAN_POINT ( 'NONE',  ( 1.425000000000001400, 0.2999999999999999300, -0.3249999999999997900 ) ) ;
#1063 = ORIENTED_EDGE ( 'NONE', *, *, #1272, .F. ) ;
#1064 = DIRECTION ( 'NONE',  ( -0.0000000000000000000, -1.000000000000000000, -0.0000000000000000000 ) ) ;
#1065 = EDGE_LOOP ( 'NONE', ( #1699, #1422, #898, #1821 ) ) ;
#1066 = CARTESIAN_POINT ( 'NONE',  ( -1.034514359159177700, 1.175575332243178800, 2.975278145097274500 ) ) ;
#1067 = DIRECTION ( 'NONE',  ( 1.000000000000000000, 0.0000000000000000000, 0.0000000000000000000 ) ) ;
#1068 = EDGE_LOOP ( 'NONE', ( #1722, #868, #603, #1648, #1760, #1347 ) ) ;
#1069 = DIRECTION ( 'NONE',  ( 0.0000000000000000000, -1.000000000000000000, 0.0000000000000000000 ) ) ;
#1070 = AXIS2_PLACEMENT_3D ( 'NONE', #458, #644, #620 ) ;
#1071 = AXIS2_PLACEMENT_3D ( 'NONE', #423, #1987, #252 ) ;
#1072 = CARTESIAN_POINT ( 'NONE',  ( -3.010686867171477000, 1.003554771564526100, -0.9264257055162059600 ) ) ;
#1073 = ORIENTED_EDGE ( 'NONE', *, *, #1889, .F. ) ;
#1074 = ORIENTED_EDGE ( 'NONE', *, *, #1947, .F. ) ;
#1075 = CARTESIAN_POINT ( 'NONE',  ( 2.986458130810271300, 1.821653069654365800, -1.001788747302620800 ) ) ;
#1076 = PLANE ( 'NONE',  #290 ) ;
#1077 = CARTESIAN_POINT ( 'NONE',  ( 3.300000000000000700, 1.000000000000000000, 0.9000000000000000200 ) ) ;
#1078 = EDGE_CURVE ( 'NONE', #1960, #249, #566, .T. ) ;
#1079 = EDGE_CURVE ( 'NONE', #142, #2066, #2041, .T. ) ;
#1080 = CARTESIAN_POINT ( 'NONE',  ( 0.9474600451728728600, 1.011273074872693500, -3.004149278135893400 ) ) ;
#1081 = DIRECTION ( 'NONE',  ( 0.0000000000000000000, 0.0000000000000000000, -1.000000000000000000 ) ) ;
#1082 = VECTOR ( 'NONE', #948, 1000.000000000000000 ) ;
#1083 = CARTESIAN_POINT ( 'NONE',  ( -2.958513475189042700, 1.198719856892922500, 1.081567098920338100 ) ) ;
#1084 = CARTESIAN_POINT ( 'NONE',  ( -0.9371102793442562800, 1.006482312990125200, 3.007399091230802400 ) ) ;
#1085 = LINE ( 'NONE', #1033, #2037 ) ;
#1086 = CARTESIAN_POINT ( 'NONE',  ( 2.989530188358814600, 1.060595053587806800, -0.9925941675185381300 ) ) ;
#1087 = CYLINDRICAL_SURFACE ( 'NONE', #981, 3.150000000000000400 ) ;
#1088 = AXIS2_PLACEMENT_3D ( 'NONE', #1707, #675, #669 ) ;
#1089 = VECTOR ( 'NONE', #337, 1000.000000000000000 ) ;
#1090 = CARTESIAN_POINT ( 'NONE',  ( 0.9371102793442571700, 1.006482312990125000, -3.007399091230802000 ) ) ;
#1091 = VECTOR ( 'NONE', #2098, 1000.000000000000000 ) ;
#1092 = CARTESIAN_POINT ( 'NONE',  ( 2.987055406248769500, 1.800000000000000000, -1.000000000000000000 ) ) ;
#1093 = CARTESIAN_POINT ( 'NONE',  ( 1.575000000000000600, 6.299999999999998900, -2.611871934073338500 ) ) ;
#1094 = CARTESIAN_POINT ( 'NONE',  ( -2.985313727642964700, 1.131789831243883200, 1.005187518598628500 ) ) ;
#1095 = VERTEX_POINT ( 'NONE', #93 ) ;
#1096 = CARTESIAN_POINT ( 'NONE',  ( 0.9000000000000016900, 1.000000000000000000, 3.299999999999999800 ) ) ;
#1097 = PRESENTATION_LAYER_ASSIGNMENT (  '', '', ( #987 ) ) ;
#1098 = EDGE_LOOP ( 'NONE', ( #1107, #2160, #91, #1328 ) ) ;
#1099 = CARTESIAN_POINT ( 'NONE',  ( 2.975363387831879700, 1.876130557175154100, -1.034309851246408600 ) ) ;
#1100 = EDGE_CURVE ( 'NONE', #2057, #2057, #1411, .T. ) ;
#1101 = EDGE_LOOP ( 'NONE', ( #1195, #1737, #1397, #360 ) ) ;
#1102 = DIRECTION ( 'NONE',  ( 0.0000000000000000000, 0.0000000000000000000, -1.000000000000000000 ) ) ;
#1103 =( LENGTH_UNIT ( ) NAMED_UNIT ( * ) SI_UNIT ( .MILLI., .METRE. ) );
#1104 = EDGE_CURVE ( 'NONE', #1512, #1133, #436, .T. ) ;
#1105 = DIRECTION ( 'NONE',  ( -0.0000000000000000000, -1.000000000000000000, -0.0000000000000000000 ) ) ;
#1106 = PLANE ( 'NONE',  #7 ) ;
#1107 = ORIENTED_EDGE ( 'NONE', *, *, #263, .F. ) ;
#1108 = DIRECTION ( 'NONE',  ( -0.0000000000000000000, 1.000000000000000000, -0.0000000000000000000 ) ) ;
#1109 = DIRECTION ( 'NONE',  ( -0.0000000000000000000, -0.0000000000000000000, 1.000000000000000000 ) ) ;
#1110 = ORIENTED_EDGE ( 'NONE', *, *, #1836, .F. ) ;
#1111 = CARTESIAN_POINT ( 'NONE',  ( 0.0000000000000000000, 1.000000000000000000, 0.0000000000000000000 ) ) ;
#1112 = CARTESIAN_POINT ( 'NONE',  ( -0.9000000000000001300, 1.100000000000000100, -8.485060480321341100E-017 ) ) ;
#1113 = DIRECTION ( 'NONE',  ( 0.0000000000000000000, -1.000000000000000000, 0.0000000000000000000 ) ) ;
#1114 = CARTESIAN_POINT ( 'NONE',  ( -0.9812669218947788200, 1.040548432779097300, -2.993267859141632000 ) ) ;
#1115 = CARTESIAN_POINT ( 'NONE',  ( -3.015222903753616000, 1.000000000000000000, 0.9116349298389164700 ) ) ;
#1116 = SURFACE_SIDE_STYLE ('',( #1338 ) ) ;
#1117 = VECTOR ( 'NONE', #970, 1000.000000000000000 ) ;
#1118 = DIRECTION ( 'NONE',  ( 0.0000000000000000000, 0.0000000000000000000, -1.000000000000000000 ) ) ;
#1119 = LINE ( 'NONE', #1762, #1844 ) ;
#1120 = DIRECTION ( 'NONE',  ( -0.0000000000000000000, 1.000000000000000000, -0.0000000000000000000 ) ) ;
#1121 = DIRECTION ( 'NONE',  ( -1.000000000000000000, 0.0000000000000000000, 1.314184451497580500E-016 ) ) ;
#1122 = CARTESIAN_POINT ( 'NONE',  ( 0.0000000000000000000, 2.191607978309962700, 0.0000000000000000000 ) ) ;
#1123 = COLOUR_RGB ( '',0.2509803921568627400, 0.2509803921568627400, 0.2509803921568627400 ) ;
#1124 = AXIS2_PLACEMENT_3D ( 'NONE', #803, #1675, #1168 ) ;
#1125 = MECHANICAL_DESIGN_GEOMETRIC_PRESENTATION_REPRESENTATION (  '', ( #341 ), #1623 ) ;
#1126 = CARTESIAN_POINT ( 'NONE',  ( -2.987055406248778900, 1.094236501279184400, 1.000000000000014000 ) ) ;
#1127 = VECTOR ( 'NONE', #1789, 1000.000000000000000 ) ;
#1128 = CARTESIAN_POINT ( 'NONE',  ( 1.000000000000001800, 1.800000000000000000, 3.299999999999999800 ) ) ;
#1129 = FACE_OUTER_BOUND ( 'NONE', #1101, .T. ) ;
#1130 = VECTOR ( 'NONE', #2184, 1000.000000000000000 ) ;
#1131 = CARTESIAN_POINT ( 'NONE',  ( 2.958513475189042700, 1.898719856892922400, -1.081567098920338100 ) ) ;
#1132 = DIRECTION ( 'NONE',  ( -0.0000000000000000000, -0.0000000000000000000, -1.000000000000000000 ) ) ;
#1133 = VERTEX_POINT ( 'NONE', #286 ) ;
#1134 = PLANE ( 'NONE',  #1148 ) ;
#1135 = ADVANCED_FACE ( 'NONE', ( #1129 ), #623, .F. ) ;
#1136 = DIRECTION ( 'NONE',  ( 0.0000000000000000000, -0.0000000000000000000, -1.000000000000000000 ) ) ;
#1137 = ORIENTED_EDGE ( 'NONE', *, *, #642, .T. ) ;
#1138 = CARTESIAN_POINT ( 'NONE',  ( -2.988209468184789500, 1.071578775073022100, 0.9965482612739800000 ) ) ;
#1139 = CARTESIAN_POINT ( 'NONE',  ( -3.500000000000001300, 0.0000000000000000000, 0.3250000000000000700 ) ) ;
#1140 = ORIENTED_EDGE ( 'NONE', *, *, #2216, .F. ) ;
#1141 = VERTEX_POINT ( 'NONE', #1854 ) ;
#1142 = DIRECTION ( 'NONE',  ( 0.0000000000000000000, 0.0000000000000000000, 1.000000000000000000 ) ) ;
#1143 = DIRECTION ( 'NONE',  ( 1.314184451497581300E-016, 0.0000000000000000000, 1.000000000000000000 ) ) ;
#1144 = VERTEX_POINT ( 'NONE', #797 ) ;
#1145 = CARTESIAN_POINT ( 'NONE',  ( 3.300000000000000700, 1.800000000000000000, 1.000000000000000000 ) ) ;
#1146 =( LENGTH_UNIT ( ) NAMED_UNIT ( * ) SI_UNIT ( .MILLI., .METRE. ) );
#1147 = ADVANCED_FACE ( 'NONE', ( #178 ), #1532, .F. ) ;
#1148 = AXIS2_PLACEMENT_3D ( 'NONE', #448, #1303, #1475 ) ;
#1149 = DIRECTION ( 'NONE',  ( 1.000000000000000000, 0.0000000000000000000, 0.0000000000000000000 ) ) ;
#1150 = LINE ( 'NONE', #1996, #2214 ) ;
#1151 = DIRECTION ( 'NONE',  ( 0.0000000000000000000, 0.0000000000000000000, 1.000000000000000000 ) ) ;
#1152 = DIRECTION ( 'NONE',  ( 1.660421643713043000E-016, 0.0000000000000000000, 1.000000000000000000 ) ) ;
#1153 = TOROIDAL_SURFACE ( 'NONE', #961, 3.050000000000000700, 0.1000000000000000100 ) ;
#1154 = EDGE_CURVE ( 'NONE', #2156, #876, #1059, .T. ) ;
#1155 = CARTESIAN_POINT ( 'NONE',  ( 1.001788747302622600, 1.821653069654365800, 2.986458130810270900 ) ) ;
#1156 = EDGE_CURVE ( 'NONE', #618, #1860, #2202, .T. ) ;
#1157 = ADVANCED_FACE ( 'NONE', ( #1364 ), #1518, .F. ) ;
#1158 = VECTOR ( 'NONE', #1255, 1000.000000000000000 ) ;
#1159 = CARTESIAN_POINT ( 'NONE',  ( 2.987055406248770000, 1.100000000000000100, 1.000000000000000000 ) ) ;
#1160 = AXIS2_PLACEMENT_3D ( 'NONE', #730, #1113, #402 ) ;
#1161 = DIRECTION ( 'NONE',  ( 1.314184451497581300E-016, 0.0000000000000000000, 1.000000000000000000 ) ) ;
#1162 = VECTOR ( 'NONE', #1750, 1000.000000000000000 ) ;
#1163 = DIRECTION ( 'NONE',  ( 0.0000000000000000000, 0.0000000000000000000, 1.000000000000000000 ) ) ;
#1164 = EDGE_LOOP ( 'NONE', ( #1074, #694, #1289, #380, #2175, #833, #1714, #1489, #444, #68 ) ) ;
#1165 = CARTESIAN_POINT ( 'NONE',  ( 2.968361821625651300, 1.889710302783917100, 1.054261430601848500 ) ) ;
#1166 = ORIENTED_EDGE ( 'NONE', *, *, #1964, .T. ) ;
#1167 = CARTESIAN_POINT ( 'NONE',  ( -3.300000000000001600, 1.000000000000000000, 0.9000000000000000200 ) ) ;
#1168 = DIRECTION ( 'NONE',  ( 0.0000000000000000000, 0.0000000000000000000, -1.000000000000000000 ) ) ;
#1169 = VERTEX_POINT ( 'NONE', #1176 ) ;
#1170 = EDGE_CURVE ( 'NONE', #1026, #280, #652, .T. ) ;
#1171 = EDGE_CURVE ( 'NONE', #1589, #1616, #661, .T. ) ;
#1172 = ORIENTED_EDGE ( 'NONE', *, *, #810, .T. ) ;
#1173 = ADVANCED_FACE ( 'NONE', ( #1984 ), #1316, .T. ) ;
#1174 = B_SPLINE_CURVE_WITH_KNOTS ( 'NONE', 3,
 ( #1253, #1940, #388, #1598, #24, #199, #379, #1435, #1765, #905, #1427, #1084, #217, #1445, #33, #1609 ),
 .UNSPECIFIED., .F., .F.,
 ( 4, 3, 3, 3, 3, 4 ),
 ( 0.0000000000000000000, 3.232972084709903400E-005, 6.461040155830460000E-005, 9.764617592425134200E-005, 0.0001323020452051532300, 0.0001599977686133804500 ),
 .UNSPECIFIED. ) ;
#1175 = ORIENTED_EDGE ( 'NONE', *, *, #1037, .F. ) ;
#1176 = CARTESIAN_POINT ( 'NONE',  ( -3.500000000000001300, 0.2999999999999999300, 0.3250000000000000700 ) ) ;
#1177 = AXIS2_PLACEMENT_3D ( 'NONE', #319, #1705, #469 ) ;
#1178 = DIRECTION ( 'NONE',  ( -0.0000000000000000000, -1.000000000000000000, -0.0000000000000000000 ) ) ;
#1179 = AXIS2_PLACEMENT_3D ( 'NONE', #1943, #366, #745 ) ;
#1180 = FACE_OUTER_BOUND ( 'NONE', #1368, .T. ) ;
#1181 = CARTESIAN_POINT ( 'NONE',  ( 0.0000000000000000000, 6.299999999999999800, 0.0000000000000000000 ) ) ;
#1182 = ADVANCED_FACE ( 'NONE', ( #846, #1016 ), #137, .T. ) ;
#1183 = DIRECTION ( 'NONE',  ( 0.0000000000000000000, 0.0000000000000000000, 1.000000000000000000 ) ) ;
#1184 = CYLINDRICAL_SURFACE ( 'NONE', #1357, 0.1000000000000000500 ) ;
#1185 = VECTOR ( 'NONE', #1392, 1000.000000000000000 ) ;
#1186 = CIRCLE ( 'NONE', #889, 3.150000000000000400 ) ;
#1187 = DIRECTION ( 'NONE',  ( 0.0000000000000000000, 0.0000000000000000000, -1.000000000000000000 ) ) ;
#1188 = CYLINDRICAL_SURFACE ( 'NONE', #1697, 3.150000000000000400 ) ;
#1189 = APPLICATION_PROTOCOL_DEFINITION ( 'draft international standard', 'automotive_design', 1998, #850 ) ;
#1190 = VERTEX_POINT ( 'NONE', #835 ) ;
#1191 = ORIENTED_EDGE ( 'NONE', *, *, #393, .F. ) ;
#1192 = EDGE_CURVE ( 'NONE', #1095, #1319, #2172, .T. ) ;
#1193 = ORIENTED_EDGE ( 'NONE', *, *, #1323, .F. ) ;
#1194 = CARTESIAN_POINT ( 'NONE',  ( 2.975278145097274500, 1.875575332243178700, 1.034514359159177900 ) ) ;
#1195 = ORIENTED_EDGE ( 'NONE', *, *, #1850, .F. ) ;
#1196 = MECHANICAL_DESIGN_GEOMETRIC_PRESENTATION_REPRESENTATION (  '', ( #1304 ), #88 ) ;
#1197 = ORIENTED_EDGE ( 'NONE', *, *, #2036, .F. ) ;
#1198 = CARTESIAN_POINT ( 'NONE',  ( 1.043639749755613100, 1.883482436762514300, -2.972105215661919400 ) ) ;
#1199 = AXIS2_PLACEMENT_3D ( 'NONE', #1468, #1463, #403 ) ;
#1200 = DIRECTION ( 'NONE',  ( 1.000000000000000000, 0.0000000000000000000, 0.0000000000000000000 ) ) ;
#1201 = CIRCLE ( 'NONE', #1071, 3.150000000000000400 ) ;
#1202 = CIRCLE ( 'NONE', #1921, 3.066666666666660700 ) ;
#1203 = EDGE_CURVE ( 'NONE', #89, #147, #110, .T. ) ;
#1204 = EDGE_CURVE ( 'NONE', #976, #1144, #814, .T. ) ;
#1205 = LINE ( 'NONE', #181, #1474 ) ;
#1206 = VECTOR ( 'NONE', #202, 1000.000000000000000 ) ;
#1207 = CARTESIAN_POINT ( 'NONE',  ( -2.975278145097274500, 1.175575332243178600, -1.034514359159177900 ) ) ;
#1208 = VERTEX_POINT ( 'NONE', #2058 ) ;
#1209 = EDGE_LOOP ( 'NONE', ( #1880, #1394, #1558, #1679 ) ) ;
#1210 = ORIENTED_EDGE ( 'NONE', *, *, #688, .F. ) ;
#1211 = DIRECTION ( 'NONE',  ( 0.0000000000000000000, 0.0000000000000000000, 1.000000000000000000 ) ) ;
#1212 = DIRECTION ( 'NONE',  ( -1.314184451497581300E-016, 0.0000000000000000000, -1.000000000000000000 ) ) ;
#1213 = ORIENTED_EDGE ( 'NONE', *, *, #460, .F. ) ;
#1214 = AXIS2_PLACEMENT_3D ( 'NONE', #589, #918, #1974 ) ;
#1215 = DIRECTION ( 'NONE',  ( -1.000000000000000000, 0.0000000000000000000, 0.0000000000000000000 ) ) ;
#1216 = ORIENTED_EDGE ( 'NONE', *, *, #1204, .T. ) ;
#1217 = EDGE_LOOP ( 'NONE', ( #1046 ) ) ;
#1218 = ORIENTED_EDGE ( 'NONE', *, *, #208, .T. ) ;
#1219 = EDGE_CURVE ( 'NONE', #645, #1826, #204, .T. ) ;
#1220 = EDGE_CURVE ( 'NONE', #1593, #1593, #888, .T. ) ;
#1221 = CARTESIAN_POINT ( 'NONE',  ( -1.425000000000001800, 0.2999999999999999300, -0.3250000000000007300 ) ) ;
#1222 = CARTESIAN_POINT ( 'NONE',  ( -0.9999999999999756900, 1.105454181241443600, 2.987055406248804600 ) ) ;
#1223 = CARTESIAN_POINT ( 'NONE',  ( 2.987055406248769500, 1.000000000000000000, -0.9000000000000000200 ) ) ;
#1224 = LINE ( 'NONE', #1859, #760 ) ;
#1225 = VECTOR ( 'NONE', #1752, 1000.000000000000000 ) ;
#1226 = LINE ( 'NONE', #979, #1130 ) ;
#1227 = DIRECTION ( 'NONE',  ( -0.0000000000000000000, 1.000000000000000000, -0.0000000000000000000 ) ) ;
#1228 = CARTESIAN_POINT ( 'NONE',  ( -3.299999999999998900, 1.100000000000000100, 1.100000000000000100 ) ) ;
#1229 = CARTESIAN_POINT ( 'NONE',  ( 1.100000000000001000, 1.800000000000000000, -3.299999999999999800 ) ) ;
#1230 = ORIENTED_EDGE ( 'NONE', *, *, #1552, .F. ) ;
#1231 = AXIS2_PLACEMENT_3D ( 'NONE', #191, #378, #555 ) ;
#1232 = EDGE_LOOP ( 'NONE', ( #328, #1292, #575, #334 ) ) ;
#1233 = CARTESIAN_POINT ( 'NONE',  ( -0.8999999999999999100, 1.000000000000000000, 3.018691769624716900 ) ) ;
#1234 = ORIENTED_EDGE ( 'NONE', *, *, #1219, .T. ) ;
#1235 = DIRECTION ( 'NONE',  ( 0.0000000000000000000, -1.000000000000000000, 0.0000000000000000000 ) ) ;
#1236 = VERTEX_POINT ( 'NONE', #409 ) ;
#1237 = CARTESIAN_POINT ( 'NONE',  ( -1.065359212315334800, 1.193808399563077300, 2.964373415873049900 ) ) ;
#1238 = DIRECTION ( 'NONE',  ( 1.000000000000000000, -0.0000000000000000000, 9.427844978134812800E-017 ) ) ;
#1239 = CARTESIAN_POINT ( 'NONE',  ( -2.972325949517586000, 1.182140995995446300, 1.042966178657956900 ) ) ;
#1240 = EDGE_LOOP ( 'NONE', ( #2000 ) ) ;
#1241 = CARTESIAN_POINT ( 'NONE',  ( 0.0000000000000000000, 6.299999999999998900, 0.0000000000000000000 ) ) ;
#1242 = CARTESIAN_POINT ( 'NONE',  ( -1.799999999999999200, 0.2999999999999999900, 3.299999999999999800 ) ) ;
#1243 = CARTESIAN_POINT ( 'NONE',  ( -1.006995236753197600, 1.138403667111252300, 2.984709850923602700 ) ) ;
#1244 = CARTESIAN_POINT ( 'NONE',  ( -2.951694428629088900, 1.200000000000000200, 1.100000000000000100 ) ) ;
#1245 = DIRECTION ( 'NONE',  ( 0.0000000000000000000, -0.0000000000000000000, 1.000000000000000000 ) ) ;
#1246 = VECTOR ( 'NONE', #1632, 1000.000000000000000 ) ;
#1247 = CLOSED_SHELL ( 'NONE', ( #637, #969, #2044, #1835, #636, #2024, #626, #941, #794, #426, #1358, #119, #251, #983, #615, #1334, #466, #412, #225, #808, #1673, #1634, #1862, #2145, #757, #1173, #2168, #1480, #1309, #453, #1147, #968, #1658, #828, #1495, #1333, #1521, #925, #1659, #1812, #1182, #106, #2194, #1647 ) ) ;
#1248 = CARTESIAN_POINT ( 'NONE',  ( 2.987055406248770000, 1.089223426384342800, 1.000000000000000000 ) ) ;
#1249 = CARTESIAN_POINT ( 'NONE',  ( -0.9999999999999997800, 1.100000000000000100, 2.987055406248770000 ) ) ;
#1250 = VECTOR ( 'NONE', #267, 1000.000000000000000 ) ;
#1251 = PLANE ( 'NONE',  #1231 ) ;
#1252 = CIRCLE ( 'NONE', #1840, 3.150000000000000400 ) ;
#1253 = CARTESIAN_POINT ( 'NONE',  ( -0.9999999999999997800, 1.100000000000000100, 2.987055406248770000 ) ) ;
#1254 = ORIENTED_EDGE ( 'NONE', *, *, #974, .F. ) ;
#1255 = DIRECTION ( 'NONE',  ( -1.000000000000000000, -0.0000000000000000000, -0.0000000000000000000 ) ) ;
#1256 = EDGE_CURVE ( 'NONE', #1208, #645, #2221, .T. ) ;
#1257 = VERTEX_POINT ( 'NONE', #2143 ) ;
#1258 = DIRECTION ( 'NONE',  ( -1.000000000000000000, 0.0000000000000000000, -9.427844978134812800E-017 ) ) ;
#1259 = EDGE_CURVE ( 'NONE', #1908, #528, #631, .T. ) ;
#1260 = ORIENTED_EDGE ( 'NONE', *, *, #1300, .F. ) ;
#1261 = CARTESIAN_POINT ( 'NONE',  ( 1.000000000000000900, 1.100000000000000100, -2.987055406248769500 ) ) ;
#1262 = AXIS2_PLACEMENT_3D ( 'NONE', #411, #940, #1293 ) ;
#1263 = CARTESIAN_POINT ( 'NONE',  ( 3.300000000000000700, 1.800000000000000000, 1.000000000000000000 ) ) ;
#1264 = ORIENTED_EDGE ( 'NONE', *, *, #1889, .T. ) ;
#1265 = EDGE_LOOP ( 'NONE', ( #958, #244, #167, #1953 ) ) ;
#1266 = CARTESIAN_POINT ( 'NONE',  ( 1.000000000000000900, 1.800000000000000000, -3.299999999999999800 ) ) ;
#1267 = DIRECTION ( 'NONE',  ( 0.0000000000000000000, 0.0000000000000000000, 1.000000000000000000 ) ) ;
#1268 = ORIENTED_EDGE ( 'NONE', *, *, #1666, .F. ) ;
#1269 = DIRECTION ( 'NONE',  ( 1.000000000000000000, -0.0000000000000000000, 0.0000000000000000000 ) ) ;
#1270 = CARTESIAN_POINT ( 'NONE',  ( 0.9985064416884559300, 1.082781377933203600, 2.987555001319081700 ) ) ;
#1271 = CARTESIAN_POINT ( 'NONE',  ( -1.799999999999999200, 1.899999999999999900, -3.299999999999999800 ) ) ;
#1272 = EDGE_CURVE ( 'NONE', #1169, #1391, #1661, .T. ) ;
#1273 = EDGE_CURVE ( 'NONE', #89, #387, #326, .T. ) ;
#1274 = CARTESIAN_POINT ( 'NONE',  ( 0.9862672483990521100, 1.048332040644944800, -2.991625238315851000 ) ) ;
#1275 = CARTESIAN_POINT ( 'NONE',  ( -0.9557392806267236400, 1.016141112505699400, -3.001524888866743200 ) ) ;
#1276 = AXIS2_PLACEMENT_3D ( 'NONE', #824, #844, #308 ) ;
#1277 = DIRECTION ( 'NONE',  ( 1.000000000000000000, 0.0000000000000000000, 9.427844978134812800E-017 ) ) ;
#1278 = LINE ( 'NONE', #878, #1470 ) ;
#1279 = CARTESIAN_POINT ( 'NONE',  ( 3.011635287831200700, 1.002082367784902700, -0.9234090449600163000 ) ) ;
#1280 = VECTOR ( 'NONE', #1669, 1000.000000000000000 ) ;
#1281 = FACE_OUTER_BOUND ( 'NONE', #552, .T. ) ;
#1282 = DIRECTION ( 'NONE',  ( 0.0000000000000000000, -0.0000000000000000000, 1.000000000000000000 ) ) ;
#1283 = CARTESIAN_POINT ( 'NONE',  ( 3.300000000000000700, 1.000000000000000000, -1.000000000000000000 ) ) ;
#1284 = CIRCLE ( 'NONE', #414, 0.5000000000000000000 ) ;
#1285 = DIRECTION ( 'NONE',  ( 1.000000000000000000, -0.0000000000000000000, 0.0000000000000000000 ) ) ;
#1286 = CARTESIAN_POINT ( 'NONE',  ( -3.011635287831200700, 1.002082367784902900, 0.9234090449600164100 ) ) ;
#1287 = ORIENTED_EDGE ( 'NONE', *, *, #1721, .T. ) ;
#1288 = SURFACE_STYLE_USAGE ( .BOTH. , #1116 ) ;
#1289 = ORIENTED_EDGE ( 'NONE', *, *, #1192, .T. ) ;
#1290 = CARTESIAN_POINT ( 'NONE',  ( 2.955111405838618800, 1.900000000003575100, -1.090831024916671100 ) ) ;
#1291 = DIRECTION ( 'NONE',  ( -0.0000000000000000000, -1.000000000000000000, -0.0000000000000000000 ) ) ;
#1292 = ORIENTED_EDGE ( 'NONE', *, *, #1850, .T. ) ;
#1293 = DIRECTION ( 'NONE',  ( 0.0000000000000000000, 0.0000000000000000000, 1.000000000000000000 ) ) ;
#1294 = DIRECTION ( 'NONE',  ( -1.000000000000000000, -0.0000000000000000000, 4.180056568618813000E-016 ) ) ;
#1295 = DIRECTION ( 'NONE',  ( 4.180056568618812500E-016, -0.0000000000000000000, 1.000000000000000000 ) ) ;
#1296 = ORIENTED_EDGE ( 'NONE', *, *, #2234, .F. ) ;
#1297 = CARTESIAN_POINT ( 'NONE',  ( 2.987055406248769500, 1.100000000000000100, -1.000000000000000000 ) ) ;
#1298 = ADVANCED_FACE ( 'NONE', ( #1600 ), #606, .F. ) ;
#1299 = VERTEX_POINT ( 'NONE', #579 ) ;
#1300 = EDGE_CURVE ( 'NONE', #246, #528, #683, .T. ) ;
#1301 = DIRECTION ( 'NONE',  ( 0.0000000000000000000, 1.000000000000000000, 0.0000000000000000000 ) ) ;
#1302 = DIRECTION ( 'NONE',  ( -1.000000000000000000, -0.0000000000000000000, -0.0000000000000000000 ) ) ;
#1303 = DIRECTION ( 'NONE',  ( 0.0000000000000000000, -1.000000000000000000, 0.0000000000000000000 ) ) ;
#1304 = STYLED_ITEM ( 'NONE', ( #1524 ), #1576 ) ;
#1305 = CARTESIAN_POINT ( 'NONE',  ( 3.018691769624716400, 1.000000000000000000, -0.9000000000000000200 ) ) ;
#1306 = FACE_OUTER_BOUND ( 'NONE', #1164, .T. ) ;
#1307 = DIRECTION ( 'NONE',  ( 0.0000000000000000000, -1.000000000000000000, 0.0000000000000000000 ) ) ;
#1308 = DIRECTION ( 'NONE',  ( -1.000000000000000000, -0.0000000000000000000, -0.0000000000000000000 ) ) ;
#1309 = ADVANCED_FACE ( 'NONE', ( #540 ), #1872, .F. ) ;
#1310 = CARTESIAN_POINT ( 'NONE',  ( -1.425000000000001800, 0.0000000000000000000, 6.234162491791650500E-016 ) ) ;
#1311 = VECTOR ( 'NONE', #1302, 1000.000000000000000 ) ;
#1312 =( NAMED_UNIT ( * ) PLANE_ANGLE_UNIT ( ) SI_UNIT ( $, .RADIAN. ) );
#1313 = AXIS2_PLACEMENT_3D ( 'NONE', #1677, #443, #431 ) ;
#1314 = CARTESIAN_POINT ( 'NONE',  ( 3.300000000000000700, 0.2999999999999999900, -3.299999999999999800 ) ) ;
#1315 = CARTESIAN_POINT ( 'NONE',  ( 3.300000000000000700, 1.899999999999999900, 3.299999999999999800 ) ) ;
#1316 = CYLINDRICAL_SURFACE ( 'NONE', #2074, 0.1000000000000000500 ) ;
#1317 = LINE ( 'NONE', #598, #1631 ) ;
#1318 = CARTESIAN_POINT ( 'NONE',  ( 1.000000000000001800, 1.810752452764584600, 2.987055406248769500 ) ) ;
#1319 = VERTEX_POINT ( 'NONE', #1652 ) ;
#1320 =( LENGTH_UNIT ( ) NAMED_UNIT ( * ) SI_UNIT ( .MILLI., .METRE. ) );
#1321 = ORIENTED_EDGE ( 'NONE', *, *, #2036, .T. ) ;
#1322 = DIRECTION ( 'NONE',  ( -0.0000000000000000000, 1.000000000000000000, -0.0000000000000000000 ) ) ;
#1323 = EDGE_CURVE ( 'NONE', #1863, #142, #1505, .T. ) ;
#1324 = EDGE_CURVE ( 'NONE', #147, #1236, #1054, .T. ) ;
#1325 = ORIENTED_EDGE ( 'NONE', *, *, #2011, .T. ) ;
#1326 = PRODUCT_DEFINITION_SHAPE ( 'NONE', 'NONE',  #1942 ) ;
#1327 = ADVANCED_FACE ( 'NONE', ( #1344, #1846 ), #863, .F. ) ;
#1328 = ORIENTED_EDGE ( 'NONE', *, *, #849, .F. ) ;
#1329 = DIRECTION ( 'NONE',  ( 0.0000000000000000000, -1.000000000000000000, 0.0000000000000000000 ) ) ;
#1330 = ORIENTED_EDGE ( 'NONE', *, *, #1029, .T. ) ;
#1331 = ORIENTED_EDGE ( 'NONE', *, *, #514, .F. ) ;
#1332 = AXIS2_PLACEMENT_3D ( 'NONE', #2127, #747, #1121 ) ;
#1333 = ADVANCED_FACE ( 'NONE', ( #470 ), #1753, .F. ) ;
#1334 = ADVANCED_FACE ( 'NONE', ( #491 ), #421, .T. ) ;
#1335 = CARTESIAN_POINT ( 'NONE',  ( -1.000000000000000400, 1.100000000000000100, 1.099999999999999900 ) ) ;
#1336 = CARTESIAN_POINT ( 'NONE',  ( 3.300000000000000700, 1.899999999999999900, -1.100000000000000300 ) ) ;
#1337 = AXIS2_PLACEMENT_3D ( 'NONE', #1496, #1829, #268 ) ;
#1338 = SURFACE_STYLE_FILL_AREA ( #2149 ) ;
#1339 = VECTOR ( 'NONE', #363, 1000.000000000000000 ) ;
#1340 = EDGE_CURVE ( 'NONE', #87, #1717, #1980, .T. ) ;
#1341 = ORIENTED_EDGE ( 'NONE', *, *, #1403, .T. ) ;
#1342 = CARTESIAN_POINT ( 'NONE',  ( -3.500000000000001300, 2.786463351831272900, 0.3250000000000000700 ) ) ;
#1343 = EDGE_CURVE ( 'NONE', #2066, #54, #845, .T. ) ;
#1344 = FACE_OUTER_BOUND ( 'NONE', #2051, .T. ) ;
#1345 = FACE_OUTER_BOUND ( 'NONE', #1370, .T. ) ;
#1346 = DIRECTION ( 'NONE',  ( -1.314184451497581300E-016, 0.0000000000000000000, -1.000000000000000000 ) ) ;
#1347 = ORIENTED_EDGE ( 'NONE', *, *, #2252, .T. ) ;
#1348 = DIRECTION ( 'NONE',  ( -1.000000000000000000, 0.0000000000000000000, 0.0000000000000000000 ) ) ;
#1349 = ADVANCED_FACE ( 'NONE', ( #2114 ), #79, .T. ) ;
#1350 = ORIENTED_EDGE ( 'NONE', *, *, #621, .F. ) ;
#1351 = CARTESIAN_POINT ( 'NONE',  ( 1.000000000000001800, 1.800000000000000000, 2.987055406248769500 ) ) ;
#1352 = ORIENTED_EDGE ( 'NONE', *, *, #725, .F. ) ;
#1353 = CARTESIAN_POINT ( 'NONE',  ( -1.062221716468850300, 1.193225343129515400, -2.965519973085795100 ) ) ;
#1354 = ORIENTED_EDGE ( 'NONE', *, *, #899, .T. ) ;
#1355 = EDGE_LOOP ( 'NONE', ( #1042, #614, #11, #316 ) ) ;
#1356 = ORIENTED_EDGE ( 'NONE', *, *, #2151, .F. ) ;
#1357 = AXIS2_PLACEMENT_3D ( 'NONE', #356, #1269, #2112 ) ;
#1358 = ADVANCED_FACE ( 'NONE', ( #599 ), #951, .F. ) ;
#1359 = SURFACE_SIDE_STYLE ('',( #837 ) ) ;
#1360 = CARTESIAN_POINT ( 'NONE',  ( -1.100000000000000100, 1.100000000000000100, -1.000000000000000000 ) ) ;
#1361 = CARTESIAN_POINT ( 'NONE',  ( -2.984170165656697500, 1.141919141917595600, 1.008583791664945800 ) ) ;
#1362 = CARTESIAN_POINT ( 'NONE',  ( -1.008583791664945600, 1.141919141917595600, -2.984170165656697500 ) ) ;
#1363 = DIRECTION ( 'NONE',  ( 0.0000000000000000000, 0.0000000000000000000, 1.000000000000000000 ) ) ;
#1364 = FACE_OUTER_BOUND ( 'NONE', #1232, .T. ) ;
#1365 = CARTESIAN_POINT ( 'NONE',  ( 2.978330149785514800, 1.867969578457886500, 1.025736749871052100 ) ) ;
#1366 = LINE ( 'NONE', #1587, #1162 ) ;
#1367 = CARTESIAN_POINT ( 'NONE',  ( 0.0000000000000000000, 2.093006648591673200, -3.066666666666660700 ) ) ;
#1368 = EDGE_LOOP ( 'NONE', ( #2075, #160, #66, #1446, #1045, #1371, #330, #1254, #1264, #1230, #2131 ) ) ;
#1369 = CARTESIAN_POINT ( 'NONE',  ( -2.000000000000000000, 0.1999999999999999800, 2.000000000000000000 ) ) ;
#1370 = EDGE_LOOP ( 'NONE', ( #478, #353, #282, #1210, #480, #311 ) ) ;
#1371 = ORIENTED_EDGE ( 'NONE', *, *, #1767, .T. ) ;
#1372 = EDGE_LOOP ( 'NONE', ( #743, #185 ) ) ;
#1373 = CARTESIAN_POINT ( 'NONE',  ( -1.090831024916671100, 1.200000000003575100, -2.955111405838619200 ) ) ;
#1374 = VERTEX_POINT ( 'NONE', #1833 ) ;
#1375 = CARTESIAN_POINT ( 'NONE',  ( 1.575000000000001500, 0.8720054347853278800, 2.611871934073338100 ) ) ;
#1376 = EDGE_CURVE ( 'NONE', #1559, #125, #1629, .T. ) ;
#1377 = EDGE_LOOP ( 'NONE', ( #1855, #141, #739, #997, #2077, #2091, #748, #965 ) ) ;
#1378 = EDGE_CURVE ( 'NONE', #1384, #89, #2219, .T. ) ;
#1379 = AXIS2_PLACEMENT_3D ( 'NONE', #1181, #1329, #294 ) ;
#1380 = LINE ( 'NONE', #1159, #1915 ) ;
#1381 = CARTESIAN_POINT ( 'NONE',  ( -2.978330149785514800, 1.167969578457886500, -1.025736749871052100 ) ) ;
#1382 = CIRCLE ( 'NONE', #1276, 3.150000000000000400 ) ;
#1383 = EDGE_CURVE ( 'NONE', #1867, #1867, #77, .T. ) ;
#1384 = VERTEX_POINT ( 'NONE', #813 ) ;
#1385 = EDGE_CURVE ( 'NONE', #22, #1391, #371, .T. ) ;
#1386 = DIRECTION ( 'NONE',  ( 0.0000000000000000000, 0.0000000000000000000, -1.000000000000000000 ) ) ;
#1387 = LINE ( 'NONE', #1771, #1950 ) ;
#1388 = CARTESIAN_POINT ( 'NONE',  ( 3.300000000000000700, 1.000000000000000000, -0.9000000000000000200 ) ) ;
#1389 = MECHANICAL_DESIGN_GEOMETRIC_PRESENTATION_REPRESENTATION (  '', ( #1545 ), #1519 ) ;
#1390 = EDGE_LOOP ( 'NONE', ( #1720, #1969, #972, #1325 ) ) ;
#1391 = VERTEX_POINT ( 'NONE', #1139 ) ;
#1392 = DIRECTION ( 'NONE',  ( 0.0000000000000000000, 0.0000000000000000000, 1.000000000000000000 ) ) ;
#1393 = EDGE_LOOP ( 'NONE', ( #1887 ) ) ;
#1394 = ORIENTED_EDGE ( 'NONE', *, *, #1078, .T. ) ;
#1395 = DIRECTION ( 'NONE',  ( 0.0000000000000000000, -0.0000000000000000000, -1.000000000000000000 ) ) ;
#1396 = VERTEX_POINT ( 'NONE', #1305 ) ;
#1397 = ORIENTED_EDGE ( 'NONE', *, *, #1618, .F. ) ;
#1398 = DIRECTION ( 'NONE',  ( 0.0000000000000000000, 0.0000000000000000000, 1.000000000000000000 ) ) ;
#1399 = DIRECTION ( 'NONE',  ( 1.000000000000000000, -0.0000000000000000000, 0.0000000000000000000 ) ) ;
#1400 = CARTESIAN_POINT ( 'NONE',  ( -2.960390253712587700, 1.197901108538340400, -1.076442403677546000 ) ) ;
#1401 = DIRECTION ( 'NONE',  ( -9.427844978134821400E-017, 0.0000000000000000000, 1.000000000000000000 ) ) ;
#1402 = FACE_OUTER_BOUND ( 'NONE', #1741, .T. ) ;
#1403 = EDGE_CURVE ( 'NONE', #125, #1026, #659, .T. ) ;
#1404 = CARTESIAN_POINT ( 'NONE',  ( 2.988794857105431500, 1.068140442359824600, 0.9947890741961981100 ) ) ;
#1405 = MANIFOLD_SOLID_BREP ( 'Boss-Extrude5', #2177 ) ;
#1406 = FACE_OUTER_BOUND ( 'NONE', #357, .T. ) ;
#1407 = DIRECTION ( 'NONE',  ( 1.000000000000000000, -0.0000000000000000000, -0.0000000000000000000 ) ) ;
#1408 = ORIENTED_EDGE ( 'NONE', *, *, #565, .T. ) ;
#1409 = VECTOR ( 'NONE', #792, 1000.000000000000000 ) ;
#1410 = AXIS2_PLACEMENT_3D ( 'NONE', #829, #1550, #1200 ) ;
#1411 = CIRCLE ( 'NONE', #1379, 3.150000000000000400 ) ;
#1412 = VECTOR ( 'NONE', #1322, 1000.000000000000000 ) ;
#1413 = DIRECTION ( 'NONE',  ( 0.7071067811865474600, -0.0000000000000000000, 0.7071067811865474600 ) ) ;
#1414 = DIRECTION ( 'NONE',  ( 1.000000000000000000, 0.0000000000000000000, 0.0000000000000000000 ) ) ;
#1415 = LINE ( 'NONE', #1946, #376 ) ;
#1416 = ORIENTED_EDGE ( 'NONE', *, *, #1428, .T. ) ;
#1417 = CARTESIAN_POINT ( 'NONE',  ( 0.9234090449600181900, 1.002082367784902900, 3.011635287831200300 ) ) ;
#1418 = AXIS2_PLACEMENT_3D ( 'NONE', #542, #535, #1395 ) ;
#1419 = ORIENTED_EDGE ( 'NONE', *, *, #1667, .F. ) ;
#1420 = AXIS2_PLACEMENT_3D ( 'NONE', #1050, #2255, #503 ) ;
#1421 = CARTESIAN_POINT ( 'NONE',  ( -3.013327057069425100, 1.001203861576388300, -0.9178456488475905700 ) ) ;
#1422 = ORIENTED_EDGE ( 'NONE', *, *, #2123, .T. ) ;
#1423 = EDGE_LOOP ( 'NONE', ( #858 ) ) ;
#1424 = CARTESIAN_POINT ( 'NONE',  ( 0.0000000000000000000, 1.899999999999999900, 0.0000000000000000000 ) ) ;
#1425 = DIRECTION ( 'NONE',  ( 0.0000000000000000000, 2.168404344971007700E-015, 1.000000000000000000 ) ) ;
#1426 = EDGE_LOOP ( 'NONE', ( #1356, #309, #1555, #92 ) ) ;
#1427 = CARTESIAN_POINT ( 'NONE',  ( -0.9474600451728718600, 1.011273074872693700, 3.004149278135893800 ) ) ;
#1428 = EDGE_CURVE ( 'NONE', #1031, #1031, #1202, .T. ) ;
#1429 = ORIENTED_EDGE ( 'NONE', *, *, #1343, .T. ) ;
#1430 = EDGE_CURVE ( 'NONE', #1462, #1619, #729, .T. ) ;
#1431 = CARTESIAN_POINT ( 'NONE',  ( 0.9264257055162068400, 1.003554771564526100, -3.010686867171476600 ) ) ;
#1432 = DIRECTION ( 'NONE',  ( 0.0000000000000000000, 1.000000000000000000, 0.0000000000000000000 ) ) ;
#1433 = DIRECTION ( 'NONE',  ( 1.314184451497581300E-016, -0.0000000000000000000, 1.000000000000000000 ) ) ;
#1434 = DIRECTION ( 'NONE',  ( -1.000000000000000000, 0.0000000000000000000, -0.0000000000000000000 ) ) ;
#1435 = CARTESIAN_POINT ( 'NONE',  ( -0.9734158779015659200, 1.031246360324317200, 2.995831823695611200 ) ) ;
#1436 = DIRECTION ( 'NONE',  ( -1.000000000000000000, 0.0000000000000000000, 9.427844978134816500E-017 ) ) ;
#1437 = AXIS2_PLACEMENT_3D ( 'NONE', #1985, #1149, #624 ) ;
#1438 = CARTESIAN_POINT ( 'NONE',  ( 2.987055406248769500, 1.810752452764584600, -1.000000000000000000 ) ) ;
#1439 = VECTOR ( 'NONE', #1178, 1000.000000000000000 ) ;
#1440 = CARTESIAN_POINT ( 'NONE',  ( -1.799999999999999200, 1.899999999999999900, 3.299999999999999800 ) ) ;
#1441 = CARTESIAN_POINT ( 'NONE',  ( -0.9116349298389162500, 1.000000000000000000, -3.015222903753615600 ) ) ;
#1442 = FACE_OUTER_BOUND ( 'NONE', #1423, .T. ) ;
#1443 = CARTESIAN_POINT ( 'NONE',  ( 1.000000000000001800, 1.100000000000000100, 2.987055406248769500 ) ) ;
#1444 = FACE_OUTER_BOUND ( 'NONE', #1001, .T. ) ;
#1445 = CARTESIAN_POINT ( 'NONE',  ( -0.9178456488475905700, 1.001203861576388300, 3.013327057069425100 ) ) ;
#1446 = ORIENTED_EDGE ( 'NONE', *, *, #810, .F. ) ;
#1447 = FACE_OUTER_BOUND ( 'NONE', #2027, .T. ) ;
#1448 = ORIENTED_EDGE ( 'NONE', *, *, #679, .F. ) ;
#1449 = CARTESIAN_POINT ( 'NONE',  ( -3.001213812761541500, 1.017606917618908900, -0.9566690389519948400 ) ) ;
#1450 = CARTESIAN_POINT ( 'NONE',  ( 0.0000000000000000000, 1.599999999999999900, 0.0000000000000000000 ) ) ;
#1451 = EDGE_CURVE ( 'NONE', #966, #377, #921, .T. ) ;
#1452 = EDGE_LOOP ( 'NONE', ( #2093, #1930, #1260, #288 ) ) ;
#1453 = DIRECTION ( 'NONE',  ( -0.7071067811865474600, -0.0000000000000000000, 0.7071067811865474600 ) ) ;
#1454 = EDGE_CURVE ( 'NONE', #1994, #1929, #235, .T. ) ;
#1455 = CARTESIAN_POINT ( 'NONE',  ( 1.575000000000000600, 6.399999999999999500, -2.611871934073338500 ) ) ;
#1456 = ORIENTED_EDGE ( 'NONE', *, *, #1618, .T. ) ;
#1457 = ORIENTED_EDGE ( 'NONE', *, *, #851, .F. ) ;
#1458 = ADVANCED_FACE ( 'NONE', ( #1014, #1574 ), #432, .T. ) ;
#1459 = VERTEX_POINT ( 'NONE', #2170 ) ;
#1460 = EDGE_LOOP ( 'NONE', ( #1516, #2180, #504, #2045 ) ) ;
#1461 = DIRECTION ( 'NONE',  ( 9.427844978134821400E-017, 0.0000000000000000000, -1.000000000000000000 ) ) ;
#1462 = VERTEX_POINT ( 'NONE', #1540 ) ;
#1463 = DIRECTION ( 'NONE',  ( -0.0000000000000000000, -1.000000000000000000, -0.0000000000000000000 ) ) ;
#1464 = CARTESIAN_POINT ( 'NONE',  ( 0.0000000000000000000, 6.399999999999999500, 0.0000000000000000000 ) ) ;
#1465 = CARTESIAN_POINT ( 'NONE',  ( 3.015222903753615600, 1.000000000000000000, -0.9116349298389163600 ) ) ;
#1466 = DIRECTION ( 'NONE',  ( 0.0000000000000000000, 0.0000000000000000000, 1.000000000000000000 ) ) ;
#1467 = DIRECTION ( 'NONE',  ( -1.000000000000000000, 0.0000000000000000000, -9.427844978134833800E-017 ) ) ;
#1468 = CARTESIAN_POINT ( 'NONE',  ( 1.425000000000001400, 2.786463351831272900, 6.234162491791650500E-016 ) ) ;
#1469 = AXIS2_PLACEMENT_3D ( 'NONE', #1801, #1109, #945 ) ;
#1470 = VECTOR ( 'NONE', #716, 1000.000000000000000 ) ;
#1471 = DIRECTION ( 'NONE',  ( 1.660421643713043000E-016, 0.0000000000000000000, 1.000000000000000000 ) ) ;
#1472 = CARTESIAN_POINT ( 'NONE',  ( -2.988794857105431500, 1.068140442359824600, -0.9947890741961981100 ) ) ;
#1473 = DIRECTION ( 'NONE',  ( -1.000000000000000000, 0.0000000000000000000, -9.427844978134812800E-017 ) ) ;
#1474 = VECTOR ( 'NONE', #1414, 1000.000000000000000 ) ;
#1475 = DIRECTION ( 'NONE',  ( 0.0000000000000000000, -0.0000000000000000000, -1.000000000000000000 ) ) ;
#1476 = LINE ( 'NONE', #1774, #541 ) ;
#1477 = CARTESIAN_POINT ( 'NONE',  ( -3.299999999999998900, 1.899999999999999900, 1.800000000000000000 ) ) ;
#1478 = DIRECTION ( 'NONE',  ( -0.0000000000000000000, -0.0000000000000000000, -1.000000000000000000 ) ) ;
#1479 = ORIENTED_EDGE ( 'NONE', *, *, #2072, .F. ) ;
#1480 = ADVANCED_FACE ( 'NONE', ( #762 ), #821, .T. ) ;
#1481 = EDGE_LOOP ( 'NONE', ( #123, #1715, #610, #1023, #1137 ) ) ;
#1482 = DIRECTION ( 'NONE',  ( -1.567521213232055000E-016, 0.0000000000000000000, 1.000000000000000000 ) ) ;
#1483 = ORIENTED_EDGE ( 'NONE', *, *, #320, .T. ) ;
#1484 = ORIENTED_EDGE ( 'NONE', *, *, #1726, .F. ) ;
#1485 = CARTESIAN_POINT ( 'NONE',  ( -1.099999999999999900, 1.200000000000000200, -3.299999999999999800 ) ) ;
#1486 = CARTESIAN_POINT ( 'NONE',  ( 3.500000000000002200, 0.0000000000000000000, -0.3250000000000007300 ) ) ;
#1487 = PLANE ( 'NONE',  #302 ) ;
#1488 = CARTESIAN_POINT ( 'NONE',  ( 2.987055406248770000, 1.800000000000000000, 1.000000000000000000 ) ) ;
#1489 = ORIENTED_EDGE ( 'NONE', *, *, #946, .F. ) ;
#1490 = MANIFOLD_SOLID_BREP ( 'Fillet3', #616 ) ;
#1491 = DIRECTION ( 'NONE',  ( 0.0000000000000000000, -0.0000000000000000000, 1.000000000000000000 ) ) ;
#1492 = ORIENTED_EDGE ( 'NONE', *, *, #1039, .T. ) ;
#1493 = CARTESIAN_POINT ( 'NONE',  ( 1.062221716468852100, 1.893225343129515400, 2.965519973085794200 ) ) ;
#1494 = CARTESIAN_POINT ( 'NONE',  ( 3.004149278135893800, 1.011273074872693500, 0.9474600451728717500 ) ) ;
#1495 = ADVANCED_FACE ( 'NONE', ( #46 ), #699, .T. ) ;
#1496 = CARTESIAN_POINT ( 'NONE',  ( -1.099999999999999900, 1.100000000000000100, 3.299999999999999800 ) ) ;
#1497 = DIRECTION ( 'NONE',  ( -1.000000000000000000, -0.0000000000000000000, -9.427844978134812800E-017 ) ) ;
#1498 = EDGE_CURVE ( 'NONE', #1396, #855, #1382, .T. ) ;
#1499 = PRESENTATION_STYLE_ASSIGNMENT (( #1288 ) ) ;
#1500 = CARTESIAN_POINT ( 'NONE',  ( 1.081567098920340100, 1.898719856892922200, 2.958513475189042300 ) ) ;
#1501 = EDGE_CURVE ( 'NONE', #151, #151, #657, .T. ) ;
#1502 = PLANE ( 'NONE',  #441 ) ;
#1503 = COLOUR_RGB ( '',0.7921568627450980000, 0.8196078431372548800, 0.9333333333333333500 ) ;
#1504 = AXIS2_PLACEMENT_3D ( 'NONE', #1112, #1461, #1467 ) ;
#1505 = LINE ( 'NONE', #229, #1311 ) ;
#1506 = ADVANCED_FACE ( 'NONE', ( #2142 ), #269, .F. ) ;
#1507 = ADVANCED_FACE ( 'NONE', ( #861 ), #314, .F. ) ;
#1508 = VECTOR ( 'NONE', #98, 1000.000000000000000 ) ;
#1509 = CARTESIAN_POINT ( 'NONE',  ( 1.026430158050883400, 1.868577677538966600, 2.978084538754586700 ) ) ;
#1510 = LINE ( 'NONE', #1145, #2016 ) ;
#1511 = CARTESIAN_POINT ( 'NONE',  ( -0.9999999999999997800, 1.100000000000000100, -2.987055406248769500 ) ) ;
#1512 = VERTEX_POINT ( 'NONE', #836 ) ;
#1513 = CARTESIAN_POINT ( 'NONE',  ( -1.799999999999999200, 0.2999999999999999900, 3.299999999999999800 ) ) ;
#1514 = EDGE_CURVE ( 'NONE', #1616, #1882, #630, .T. ) ;
#1515 = EDGE_CURVE ( 'NONE', #55, #18, #2009, .T. ) ;
#1516 = ORIENTED_EDGE ( 'NONE', *, *, #1039, .F. ) ;
#1517 = ORIENTED_EDGE ( 'NONE', *, *, #157, .F. ) ;
#1518 = PLANE ( 'NONE',  #27 ) ;
#1519 =( GEOMETRIC_REPRESENTATION_CONTEXT ( 3 ) GLOBAL_UNCERTAINTY_ASSIGNED_CONTEXT ( ( #434 ) ) GLOBAL_UNIT_ASSIGNED_CONTEXT ( ( #1103, #1312, #570 ) ) REPRESENTATION_CONTEXT ( 'NONE', 'WORKASPACE' ) );
#1520 = EDGE_LOOP ( 'NONE', ( #1796, #482, #1743, #186 ) ) ;
#1521 = ADVANCED_FACE ( 'NONE', ( #1406, #950 ), #2063, .T. ) ;
#1522 = ORIENTED_EDGE ( 'NONE', *, *, #103, .T. ) ;
#1523 = CARTESIAN_POINT ( 'NONE',  ( 1.042966178657958500, 1.882140995995445800, 2.972325949517585600 ) ) ;
#1524 = PRESENTATION_STYLE_ASSIGNMENT (( #656 ) ) ;
#1525 = CARTESIAN_POINT ( 'NONE',  ( 0.0000000000000000000, 1.106993351408326600, 3.066666666666660700 ) ) ;
#1526 = VERTEX_POINT ( 'NONE', #676 ) ;
#1527 = ADVANCED_FACE ( 'NONE', ( #1687 ), #122, .F. ) ;
#1528 = FACE_OUTER_BOUND ( 'NONE', #474, .T. ) ;
#1529 = DIRECTION ( 'NONE',  ( 0.0000000000000000000, 0.0000000000000000000, 1.000000000000000000 ) ) ;
#1530 = PRESENTATION_STYLE_ASSIGNMENT (( #831 ) ) ;
#1531 = VECTOR ( 'NONE', #1453, 1000.000000000000100 ) ;
#1532 = CYLINDRICAL_SURFACE ( 'NONE', #737, 0.1000000000000000500 ) ;
#1533 = FACE_OUTER_BOUND ( 'NONE', #499, .T. ) ;
#1534 = CARTESIAN_POINT ( 'NONE',  ( 0.0000000000000000000, 1.008392021690039100, 0.0000000000000000000 ) ) ;
#1535 = EDGE_CURVE ( 'NONE', #1169, #489, #1052, .T. ) ;
#1536 = ORIENTED_EDGE ( 'NONE', *, *, #1890, .T. ) ;
#1537 = EDGE_LOOP ( 'NONE', ( #1492, #2208 ) ) ;
#1538 = CARTESIAN_POINT ( 'NONE',  ( 2.000000000000000000, 0.1999999999999999800, 1.500000000000000000 ) ) ;
#1539 = ORIENTED_EDGE ( 'NONE', *, *, #1385, .F. ) ;
#1540 = CARTESIAN_POINT ( 'NONE',  ( 1.575000000000000600, 6.399999999999999500, -2.611871934073338500 ) ) ;
#1541 = EDGE_LOOP ( 'NONE', ( #770, #1331, #442, #1583 ) ) ;
#1542 = VERTEX_POINT ( 'NONE', #1388 ) ;
#1543 = CARTESIAN_POINT ( 'NONE',  ( 2.987055406248805100, 1.805454181241443500, 0.9999999999999756900 ) ) ;
#1544 = AXIS2_PLACEMENT_3D ( 'NONE', #52, #1295, #405 ) ;
#1545 = STYLED_ITEM ( 'NONE', ( #1842 ), #1810 ) ;
#1546 = DIRECTION ( 'NONE',  ( 0.0000000000000000000, 1.000000000000000000, 0.0000000000000000000 ) ) ;
#1547 = CARTESIAN_POINT ( 'NONE',  ( -2.956048360759466800, 1.200000000000000200, -1.088316838898304000 ) ) ;
#1548 = VERTEX_POINT ( 'NONE', #323 ) ;
#1549 = EDGE_CURVE ( 'NONE', #415, #1190, #1224, .T. ) ;
#1550 = DIRECTION ( 'NONE',  ( 0.0000000000000000000, 0.0000000000000000000, 1.000000000000000000 ) ) ;
#1551 = LINE ( 'NONE', #1271, #1684 ) ;
#1552 = EDGE_CURVE ( 'NONE', #1616, #1900, #133, .T. ) ;
#1553 = CARTESIAN_POINT ( 'NONE',  ( 1.000000000000001800, 1.100000000000000100, 3.299999999999999800 ) ) ;
#1554 = FACE_OUTER_BOUND ( 'NONE', #1065, .T. ) ;
#1555 = ORIENTED_EDGE ( 'NONE', *, *, #1890, .F. ) ;
#1556 = ORIENTED_EDGE ( 'NONE', *, *, #1719, .T. ) ;
#1557 = CARTESIAN_POINT ( 'NONE',  ( 1.575000000000001500, 6.299999999999998900, 2.611871934073338100 ) ) ;
#1558 = ORIENTED_EDGE ( 'NONE', *, *, #1836, .T. ) ;
#1559 = VERTEX_POINT ( 'NONE', #1713 ) ;
#1560 = VERTEX_POINT ( 'NONE', #1728 ) ;
#1561 = PRESENTATION_LAYER_ASSIGNMENT (  '', '', ( #1304 ) ) ;
#1562 = DIRECTION ( 'NONE',  ( 0.0000000000000000000, -1.000000000000000000, 0.0000000000000000000 ) ) ;
#1563 = EDGE_LOOP ( 'NONE', ( #340, #1907, #693, #1988 ) ) ;
#1564 = CARTESIAN_POINT ( 'NONE',  ( 1.575000000000001500, 6.399999999999999500, 2.611871934073338100 ) ) ;
#1565 = EDGE_CURVE ( 'NONE', #1512, #1619, #917, .T. ) ;
#1566 = EDGE_LOOP ( 'NONE', ( #996 ) ) ;
#1567 = EDGE_CURVE ( 'NONE', #1542, #1396, #467, .T. ) ;
#1568 = DIRECTION ( 'NONE',  ( -0.0000000000000000000, 1.000000000000000000, -0.0000000000000000000 ) ) ;
#1569 = DIRECTION ( 'NONE',  ( 0.0000000000000000000, 0.0000000000000000000, -1.000000000000000000 ) ) ;
#1570 = DIRECTION ( 'NONE',  ( 0.0000000000000000000, 1.000000000000000000, 0.0000000000000000000 ) ) ;
#1571 = VERTEX_POINT ( 'NONE', #146 ) ;
#1572 = CARTESIAN_POINT ( 'NONE',  ( -1.425000000000001800, 0.0000000000000000000, -0.3250000000000007300 ) ) ;
#1573 = FACE_OUTER_BOUND ( 'NONE', #455, .T. ) ;
#1574 = FACE_OUTER_BOUND ( 'NONE', #447, .T. ) ;
#1575 = CARTESIAN_POINT ( 'NONE',  ( 2.951694428629088900, 1.899999999999999900, 1.100000000000000100 ) ) ;
#1576 = ADVANCED_BREP_SHAPE_REPRESENTATION ( 'UUD1H100MCL1GS', ( #1810, #2213, #1881, #1405, #1490, #1410 ), #1876 ) ;
#1577 = CIRCLE ( 'NONE', #1262, 3.050000000000000700 ) ;
#1578 = VECTOR ( 'NONE', #100, 1000.000000000000000 ) ;
#1579 = EDGE_LOOP ( 'NONE', ( #2256, #2205, #211, #143, #1172, #1766 ) ) ;
#1580 = AXIS2_PLACEMENT_3D ( 'NONE', #1360, #2056, #496 ) ;
#1581 = DIRECTION ( 'NONE',  ( 0.0000000000000000000, 1.000000000000000000, 0.0000000000000000000 ) ) ;
#1582 = EDGE_LOOP ( 'NONE', ( #1637, #1818, #2097, #775 ) ) ;
#1583 = ORIENTED_EDGE ( 'NONE', *, *, #2252, .F. ) ;
#1584 = CARTESIAN_POINT ( 'NONE',  ( 0.0000000000000000000, 6.299999999999999800, 0.0000000000000000000 ) ) ;
#1585 = ORIENTED_EDGE ( 'NONE', *, *, #678, .F. ) ;
#1586 = CARTESIAN_POINT ( 'NONE',  ( -2.965519973085794600, 1.193225343129515400, 1.062221716468850300 ) ) ;
#1587 = CARTESIAN_POINT ( 'NONE',  ( 0.9000000000000012400, 1.000000000000000000, -1.182766006347824800E-016 ) ) ;
#1588 = ORIENTED_EDGE ( 'NONE', *, *, #546, .T. ) ;
#1589 = VERTEX_POINT ( 'NONE', #175 ) ;
#1590 = DIRECTION ( 'NONE',  ( 0.0000000000000000000, 0.0000000000000000000, -1.000000000000000000 ) ) ;
#1591 = DIRECTION ( 'NONE',  ( 0.0000000000000000000, 0.0000000000000000000, -1.000000000000000000 ) ) ;
#1592 = AXIS2_PLACEMENT_3D ( 'NONE', #929, #1132, #75 ) ;
#1593 = VERTEX_POINT ( 'NONE', #2210 ) ;
#1594 = DIRECTION ( 'NONE',  ( 1.314184451497581300E-016, -0.0000000000000000000, 1.000000000000000000 ) ) ;
#1595 = CARTESIAN_POINT ( 'NONE',  ( 0.0000000000000000000, 6.299999999999998900, 0.0000000000000000000 ) ) ;
#1596 = CARTESIAN_POINT ( 'NONE',  ( 0.9000000000000016900, 1.000000000000000000, 3.018691769624716400 ) ) ;
#1597 = CARTESIAN_POINT ( 'NONE',  ( -1.799999999999999200, 0.2999999999999999900, -3.299999999999999800 ) ) ;
#1598 = CARTESIAN_POINT ( 'NONE',  ( -0.9947890741961981100, 1.068140442359824600, 2.988794857105431500 ) ) ;
#1599 = VECTOR ( 'NONE', #1892, 1000.000000000000000 ) ;
#1600 = FACE_OUTER_BOUND ( 'NONE', #1390, .T. ) ;
#1601 = LINE ( 'NONE', #1841, #1508 ) ;
#1602 = CARTESIAN_POINT ( 'NONE',  ( 2.987055406248769500, 1.800000000000000000, -1.000000000000000000 ) ) ;
#1603 = EDGE_CURVE ( 'NONE', #855, #1863, #985, .T. ) ;
#1604 = DIRECTION ( 'NONE',  ( 0.0000000000000000000, -1.000000000000000000, 0.0000000000000000000 ) ) ;
#1605 = DIRECTION ( 'NONE',  ( 0.0000000000000000000, 0.0000000000000000000, -1.000000000000000000 ) ) ;
#1606 = ORIENTED_EDGE ( 'NONE', *, *, #1192, .F. ) ;
#1607 = EDGE_CURVE ( 'NONE', #2006, #2006, #107, .T. ) ;
#1608 = ORIENTED_EDGE ( 'NONE', *, *, #798, .F. ) ;
#1609 = CARTESIAN_POINT ( 'NONE',  ( -0.8999999999999999100, 1.000000000000000000, 3.018691769624716900 ) ) ;
#1610 = ORIENTED_EDGE ( 'NONE', *, *, #1643, .F. ) ;
#1611 = AXIS2_PLACEMENT_3D ( 'NONE', #2144, #1432, #1267 ) ;
#1612 = ORIENTED_EDGE ( 'NONE', *, *, #208, .F. ) ;
#1613 = CARTESIAN_POINT ( 'NONE',  ( 2.982450584489612300, 1.851559996675503000, -1.013673041231417700 ) ) ;
#1614 = ORIENTED_EDGE ( 'NONE', *, *, #1259, .F. ) ;
#1615 = CARTESIAN_POINT ( 'NONE',  ( 1.100000000000000800, 1.899999999999999900, -3.299999999999999800 ) ) ;
#1616 = VERTEX_POINT ( 'NONE', #1553 ) ;
#1617 = CARTESIAN_POINT ( 'NONE',  ( -3.500000000000001300, 0.2999999999999999300, 0.3250000000000000700 ) ) ;
#1618 = EDGE_CURVE ( 'NONE', #489, #587, #1085, .T. ) ;
#1619 = VERTEX_POINT ( 'NONE', #1564 ) ;
#1620 = CARTESIAN_POINT ( 'NONE',  ( -1.099999999999999900, 1.200000000000000200, 2.987055406248770000 ) ) ;
#1621 = ADVANCED_FACE ( 'NONE', ( #1894 ), #1888, .T. ) ;
#1622 = DIRECTION ( 'NONE',  ( 0.0000000000000000000, -1.000000000000000000, 0.0000000000000000000 ) ) ;
#1623 =( GEOMETRIC_REPRESENTATION_CONTEXT ( 3 ) GLOBAL_UNCERTAINTY_ASSIGNED_CONTEXT ( ( #129 ) ) GLOBAL_UNIT_ASSIGNED_CONTEXT ( ( #2139, #425, #1962 ) ) REPRESENTATION_CONTEXT ( 'NONE', 'WORKASPACE' ) );
#1624 = CARTESIAN_POINT ( 'NONE',  ( 3.004834040812055300, 1.010092688188191800, -0.9453062403434829800 ) ) ;
#1625 = CARTESIAN_POINT ( 'NONE',  ( -2.995831823695610700, 1.031246360324316900, -0.9734158779015658100 ) ) ;
#1626 = VECTOR ( 'NONE', #691, 1000.000000000000000 ) ;
#1627 = CARTESIAN_POINT ( 'NONE',  ( 0.9999999999999768000, 1.805454181241443300, -2.987055406248805100 ) ) ;
#1628 = CARTESIAN_POINT ( 'NONE',  ( -3.299999999999998900, 1.200000000000000200, -1.799999999999999600 ) ) ;
#1629 = LINE ( 'NONE', #1315, #1689 ) ;
#1630 = CARTESIAN_POINT ( 'NONE',  ( 0.0000000000000000000, 6.399999999999999500, 0.0000000000000000000 ) ) ;
#1631 = VECTOR ( 'NONE', #1604, 1000.000000000000000 ) ;
#1632 = DIRECTION ( 'NONE',  ( 1.000000000000000000, -0.0000000000000000000, 0.0000000000000000000 ) ) ;
#1633 = VECTOR ( 'NONE', #2173, 1000.000000000000000 ) ;
#1634 = ADVANCED_FACE ( 'NONE', ( #297 ), #176, .T. ) ;
#1635 = FACE_OUTER_BOUND ( 'NONE', #1209, .T. ) ;
#1636 = DIRECTION ( 'NONE',  ( 0.0000000000000000000, -1.000000000000000000, 0.0000000000000000000 ) ) ;
#1637 = ORIENTED_EDGE ( 'NONE', *, *, #2070, .F. ) ;
#1638 = CARTESIAN_POINT ( 'NONE',  ( 0.9000000000000008000, 1.100000000000000100, -3.299999999999999800 ) ) ;
#1639 = VERTEX_POINT ( 'NONE', #1028 ) ;
#1640 = CARTESIAN_POINT ( 'NONE',  ( -2.991355413840219400, 1.050805640543639200, 0.9870627072728523900 ) ) ;
#1641 = DIRECTION ( 'NONE',  ( 0.0000000000000000000, -0.0000000000000000000, -1.000000000000000000 ) ) ;
#1642 = ORIENTED_EDGE ( 'NONE', *, *, #892, .F. ) ;
#1643 = EDGE_CURVE ( 'NONE', #1459, #1374, #2189, .T. ) ;
#1644 = ORIENTED_EDGE ( 'NONE', *, *, #1454, .F. ) ;
#1645 = CARTESIAN_POINT ( 'NONE',  ( -0.9000000000000006900, 1.100000000000000100, 2.545518144096403500E-016 ) ) ;
#1646 = DIRECTION ( 'NONE',  ( -0.0000000000000000000, 1.000000000000000000, -0.0000000000000000000 ) ) ;
#1647 = ADVANCED_FACE ( 'NONE', ( #2199 ), #2089, .T. ) ;
#1648 = ORIENTED_EDGE ( 'NONE', *, *, #1343, .F. ) ;
#1649 = DIRECTION ( 'NONE',  ( 1.000000000000000000, 0.0000000000000000000, 0.0000000000000000000 ) ) ;
#1650 = CARTESIAN_POINT ( 'NONE',  ( 1.425000000000002700, 0.0000000000000000000, 0.3249999999999997900 ) ) ;
#1651 = CARTESIAN_POINT ( 'NONE',  ( -3.500000000000001300, 0.0000000000000000000, -0.3249999999999999000 ) ) ;
#1652 = CARTESIAN_POINT ( 'NONE',  ( -3.299999999999998500, 1.200000000000000200, -1.099999999999999900 ) ) ;
#1653 = CARTESIAN_POINT ( 'NONE',  ( 0.0000000000000000000, 1.000000000000000000, 0.0000000000000000000 ) ) ;
#1654 = CARTESIAN_POINT ( 'NONE',  ( -0.9999999999999997800, 1.100000000000000100, -2.987055406248769500 ) ) ;
#1655 = DIRECTION ( 'NONE',  ( 0.0000000000000000000, -1.000000000000000000, 0.0000000000000000000 ) ) ;
#1656 =( GEOMETRIC_REPRESENTATION_CONTEXT ( 3 ) GLOBAL_UNCERTAINTY_ASSIGNED_CONTEXT ( ( #842 ) ) GLOBAL_UNIT_ASSIGNED_CONTEXT ( ( #2035, #2215, #1871 ) ) REPRESENTATION_CONTEXT ( 'NONE', 'WORKASPACE' ) );
#1657 = DIRECTION ( 'NONE',  ( 0.0000000000000000000, -1.000000000000000000, 0.0000000000000000000 ) ) ;
#1658 = ADVANCED_FACE ( 'NONE', ( #1978 ), #513, .T. ) ;
#1659 = ADVANCED_FACE ( 'NONE', ( #819, #2240 ), #488, .T. ) ;
#1660 = DIRECTION ( 'NONE',  ( 0.7071067811865474600, 0.0000000000000000000, -0.7071067811865474600 ) ) ;
#1661 = LINE ( 'NONE', #1993, #154 ) ;
#1662 = CARTESIAN_POINT ( 'NONE',  ( 0.0000000000000000000, 1.000000000000000000, 0.0000000000000000000 ) ) ;
#1663 = FACE_BOUND ( 'NONE', #2134, .T. ) ;
#1664 = CARTESIAN_POINT ( 'NONE',  ( -0.9985064416884539300, 1.082781377933203600, -2.987555001319082600 ) ) ;
#1665 = CARTESIAN_POINT ( 'NONE',  ( -3.007399091230802400, 1.006482312990125000, -0.9371102793442562800 ) ) ;
#1666 = EDGE_CURVE ( 'NONE', #2073, #45, #680, .T. ) ;
#1667 = EDGE_CURVE ( 'NONE', #587, #117, #1278, .T. ) ;
#1668 = ORIENTED_EDGE ( 'NONE', *, *, #750, .F. ) ;
#1669 = DIRECTION ( 'NONE',  ( 0.0000000000000000000, 0.0000000000000000000, 1.000000000000000000 ) ) ;
#1670 = ORIENTED_EDGE ( 'NONE', *, *, #1515, .T. ) ;
#1671 = DIRECTION ( 'NONE',  ( 0.0000000000000000000, -0.0000000000000000000, -1.000000000000000000 ) ) ;
#1672 = ORIENTED_EDGE ( 'NONE', *, *, #2072, .T. ) ;
#1673 = ADVANCED_FACE ( 'NONE', ( #233 ), #1184, .F. ) ;
#1674 = DIRECTION ( 'NONE',  ( -1.000000000000000000, 0.0000000000000000000, 9.427844978134816500E-017 ) ) ;
#1675 = DIRECTION ( 'NONE',  ( -0.0000000000000000000, -1.000000000000000000, -0.0000000000000000000 ) ) ;
#1676 = ORIENTED_EDGE ( 'NONE', *, *, #40, .T. ) ;
#1677 = CARTESIAN_POINT ( 'NONE',  ( 0.0000000000000000000, 2.093006648591673200, 0.0000000000000000000 ) ) ;
#1678 = ORIENTED_EDGE ( 'NONE', *, *, #2124, .F. ) ;
#1679 = ORIENTED_EDGE ( 'NONE', *, *, #832, .T. ) ;
#1680 = CARTESIAN_POINT ( 'NONE',  ( 3.016040397197352600, 0.9999999999953227400, 0.9088929734724058300 ) ) ;
#1681 = ADVANCED_FACE ( 'NONE', ( #1528 ), #723, .F. ) ;
#1682 = EDGE_CURVE ( 'NONE', #1860, #1026, #596, .T. ) ;
#1683 = B_SPLINE_CURVE_WITH_KNOTS ( 'NONE', 3,
 ( #194, #48, #568, #2118, #222, #1274, #1931, #375, #200, #891, #1080, #1090, #1431, #382, #2110, #37 ),
 .UNSPECIFIED., .F., .F.,
 ( 4, 3, 3, 3, 3, 4 ),
 ( 0.0000000000000000000, 3.232972084709904800E-005, 6.461040155830461300E-005, 9.764617592425149200E-005, 0.0001323020452051532500, 0.0001599977686133804800 ),
 .UNSPECIFIED. ) ;
#1684 = VECTOR ( 'NONE', #206, 1000.000000000000000 ) ;
#1685 = DIRECTION ( 'NONE',  ( -1.000000000000000000, 0.0000000000000000000, -0.0000000000000000000 ) ) ;
#1686 = CARTESIAN_POINT ( 'NONE',  ( -0.8999999999999998000, 1.100000000000000100, 3.299999999999999800 ) ) ;
#1687 = FACE_OUTER_BOUND ( 'NONE', #1048, .T. ) ;
#1688 = DIRECTION ( 'NONE',  ( -1.314184451497581300E-016, 0.0000000000000000000, -1.000000000000000000 ) ) ;
#1689 = VECTOR ( 'NONE', #2165, 1000.000000000000000 ) ;
#1690 = VECTOR ( 'NONE', #1227, 1000.000000000000000 ) ;
#1691 = VECTOR ( 'NONE', #1108, 1000.000000000000000 ) ;
#1692 = FILL_AREA_STYLE ('',( #1886 ) ) ;
#1693 = ORIENTED_EDGE ( 'NONE', *, *, #1430, .F. ) ;
#1694 = EDGE_LOOP ( 'NONE', ( #869, #1858, #1213, #1448 ) ) ;
#1695 = VERTEX_POINT ( 'NONE', #21 ) ;
#1696 = CARTESIAN_POINT ( 'NONE',  ( 1.100000000000001000, 1.899999999999999900, -2.951694428629088500 ) ) ;
#1697 = AXIS2_PLACEMENT_3D ( 'NONE', #1764, #560, #262 ) ;
#1698 = PRESENTATION_LAYER_ASSIGNMENT (  '', '', ( #1971 ) ) ;
#1699 = ORIENTED_EDGE ( 'NONE', *, *, #103, .F. ) ;
#1700 = CARTESIAN_POINT ( 'NONE',  ( 0.0000000000000000000, 2.191607978309962700, 3.150000000000000400 ) ) ;
#1701 = VERTEX_POINT ( 'NONE', #894 ) ;
#1702 = CARTESIAN_POINT ( 'NONE',  ( 0.9000000000000016900, 1.100000000000000100, 3.299999999999999800 ) ) ;
#1703 = CARTESIAN_POINT ( 'NONE',  ( 2.986904910382812700, 1.810928411962400700, 1.000449865365349100 ) ) ;
#1704 = COLOUR_RGB ( '',0.7921568627450980000, 0.8196078431372548800, 0.9333333333333333500 ) ;
#1705 = DIRECTION ( 'NONE',  ( -1.000000000000000000, 0.0000000000000000000, 0.0000000000000000000 ) ) ;
#1706 = LINE ( 'NONE', #2105, #787 ) ;
#1707 = CARTESIAN_POINT ( 'NONE',  ( 1.425000000000001400, 0.2999999999999999300, 6.234162491791650500E-016 ) ) ;
#1708 = VECTOR ( 'NONE', #804, 1000.000000000000000 ) ;
#1709 = CARTESIAN_POINT ( 'NONE',  ( -1.052051681108400200, 1.188449428432642300, -2.969137917002692400 ) ) ;
#1710 = LINE ( 'NONE', #1805, #80 ) ;
#1711 = AXIS2_PLACEMENT_3D ( 'NONE', #162, #1562, #519 ) ;
#1712 = LINE ( 'NONE', #1902, #1089 ) ;
#1713 = CARTESIAN_POINT ( 'NONE',  ( 3.300000000000000700, 1.899999999999999900, 3.299999999999999800 ) ) ;
#1714 = ORIENTED_EDGE ( 'NONE', *, *, #1745, .F. ) ;
#1715 = ORIENTED_EDGE ( 'NONE', *, *, #2188, .T. ) ;
#1716 =( NAMED_UNIT ( * ) PLANE_ANGLE_UNIT ( ) SI_UNIT ( $, .RADIAN. ) );
#1717 = VERTEX_POINT ( 'NONE', #1249 ) ;
#1718 = DIRECTION ( 'NONE',  ( -1.000000000000000000, 0.0000000000000000000, -0.0000000000000000000 ) ) ;
#1719 = EDGE_CURVE ( 'NONE', #1695, #246, #74, .T. ) ;
#1720 = ORIENTED_EDGE ( 'NONE', *, *, #1324, .F. ) ;
#1721 = EDGE_CURVE ( 'NONE', #489, #22, #152, .T. ) ;
#1722 = ORIENTED_EDGE ( 'NONE', *, *, #433, .T. ) ;
#1723 = ORIENTED_EDGE ( 'NONE', *, *, #1100, .T. ) ;
#1724 = PLANE ( 'NONE',  #1711 ) ;
#1725 = CARTESIAN_POINT ( 'NONE',  ( -2.987055406248805100, 1.105454181241443600, -0.9999999999999759100 ) ) ;
#1726 = EDGE_CURVE ( 'NONE', #1208, #165, #1012, .T. ) ;
#1727 = LINE ( 'NONE', #1780, #1082 ) ;
#1728 = CARTESIAN_POINT ( 'NONE',  ( 1.575000000000000600, 6.299999999999998900, -2.611871934073338500 ) ) ;
#1729 = VECTOR ( 'NONE', #685, 1000.000000000000000 ) ;
#1730 = AXIS2_PLACEMENT_3D ( 'NONE', #1791, #1622, #1136 ) ;
#1731 = LINE ( 'NONE', #2068, #2222 ) ;
#1732 = LINE ( 'NONE', #717, #867 ) ;
#1733 = DIRECTION ( 'NONE',  ( 0.0000000000000000000, 0.0000000000000000000, -1.000000000000000000 ) ) ;
#1734 = CARTESIAN_POINT ( 'NONE',  ( -3.299999999999998500, 1.200000000000000200, 1.100000000000000100 ) ) ;
#1735 = CARTESIAN_POINT ( 'NONE',  ( -2.986904910382812700, 1.110928411962400800, -1.000449865365349100 ) ) ;
#1736 = VERTEX_POINT ( 'NONE', #1596 ) ;
#1737 = ORIENTED_EDGE ( 'NONE', *, *, #727, .F. ) ;
#1738 = CARTESIAN_POINT ( 'NONE',  ( -0.9999999999999997800, 1.100000000000000100, -2.987055406248769500 ) ) ;
#1739 = ORIENTED_EDGE ( 'NONE', *, *, #1911, .T. ) ;
#1740 = PLANE ( 'NONE',  #1825 ) ;
#1741 = EDGE_LOOP ( 'NONE', ( #2228 ) ) ;
#1742 = FILL_AREA_STYLE_COLOUR ( '', #1503 ) ;
#1743 = ORIENTED_EDGE ( 'NONE', *, *, #187, .F. ) ;
#1744 = DIRECTION ( 'NONE',  ( 0.0000000000000000000, -0.0000000000000000000, -1.000000000000000000 ) ) ;
#1745 = EDGE_CURVE ( 'NONE', #1701, #1800, #536, .T. ) ;
#1746 = CARTESIAN_POINT ( 'NONE',  ( 1.100000000000001600, 1.899999999999999900, 3.299999999999999800 ) ) ;
#1747 = SURFACE_SIDE_STYLE ('',( #562 ) ) ;
#1748 = PLANE ( 'NONE',  #2047 ) ;
#1749 = CIRCLE ( 'NONE', #1783, 0.1000000000000000500 ) ;
#1750 = DIRECTION ( 'NONE',  ( -1.314184451497581300E-016, 0.0000000000000000000, -1.000000000000000000 ) ) ;
#1751 = LINE ( 'NONE', #920, #2140 ) ;
#1752 = DIRECTION ( 'NONE',  ( -2.828353493440445800E-016, -0.0000000000000000000, -1.000000000000000000 ) ) ;
#1753 = CYLINDRICAL_SURFACE ( 'NONE', #1504, 0.09999999999999993600 ) ;
#1754 = DIRECTION ( 'NONE',  ( 0.0000000000000000000, 0.0000000000000000000, 1.000000000000000000 ) ) ;
#1755 = VECTOR ( 'NONE', #310, 1000.000000000000000 ) ;
#1756 = CARTESIAN_POINT ( 'NONE',  ( -1.799999999999997600, 1.200000000000000200, -3.299999999999999800 ) ) ;
#1757 = FACE_OUTER_BOUND ( 'NONE', #1537, .T. ) ;
#1758 = ORIENTED_EDGE ( 'NONE', *, *, #1906, .T. ) ;
#1759 = CARTESIAN_POINT ( 'NONE',  ( -1.799999999999999200, 1.899999999999999900, -3.299999999999999800 ) ) ;
#1760 = ORIENTED_EDGE ( 'NONE', *, *, #2103, .T. ) ;
#1761 = CARTESIAN_POINT ( 'NONE',  ( 2.989930281108785800, 1.057991010978290400, 0.9913777486098155300 ) ) ;
#1762 = CARTESIAN_POINT ( 'NONE',  ( -1.799999999999999200, 0.2999999999999999900, 3.299999999999999800 ) ) ;
#1763 = EDGE_LOOP ( 'NONE', ( #315 ) ) ;
#1764 = CARTESIAN_POINT ( 'NONE',  ( 0.0000000000000000000, 21.40954544295049900, 0.0000000000000000000 ) ) ;
#1765 = CARTESIAN_POINT ( 'NONE',  ( -0.9654524271960763800, 1.023648033646491700, 2.998414013708746100 ) ) ;
#1766 = ORIENTED_EDGE ( 'NONE', *, *, #674, .T. ) ;
#1767 = EDGE_CURVE ( 'NONE', #377, #1257, #1119, .T. ) ;
#1768 = CARTESIAN_POINT ( 'NONE',  ( -2.982450584489612300, 1.151559996675503000, 1.013673041231417700 ) ) ;
#1769 = EDGE_CURVE ( 'NONE', #1133, #1462, #346, .T. ) ;
#1770 = EDGE_LOOP ( 'NONE', ( #1723 ) ) ;
#1771 = CARTESIAN_POINT ( 'NONE',  ( -3.299999999999998900, 0.2999999999999999900, 1.800000000000000000 ) ) ;
#1772 = EDGE_LOOP ( 'NONE', ( #57, #1794, #809, #2229, #576, #192 ) ) ;
#1773 = CARTESIAN_POINT ( 'NONE',  ( 1.000000000000000900, 1.100000000000000100, -3.299999999999999800 ) ) ;
#1774 = CARTESIAN_POINT ( 'NONE',  ( -3.300000000000001600, 1.000000000000000000, -0.9000000000000000200 ) ) ;
#1775 = CARTESIAN_POINT ( 'NONE',  ( -3.018691769624716400, 1.000000000000000000, -0.9000000000000000200 ) ) ;
#1776 = CARTESIAN_POINT ( 'NONE',  ( -2.951694428629088900, 1.200000000000000200, 1.100000000000000100 ) ) ;
#1777 = AXIS2_PLACEMENT_3D ( 'NONE', #779, #59, #1142 ) ;
#1778 = CARTESIAN_POINT ( 'NONE',  ( 2.978084538754587100, 1.868577677538966900, -1.026430158050881700 ) ) ;
#1779 = LINE ( 'NONE', #742, #369 ) ;
#1780 = CARTESIAN_POINT ( 'NONE',  ( -3.300000000000001600, 1.000000000000000000, 1.000000000000000000 ) ) ;
#1781 = DIRECTION ( 'NONE',  ( 0.0000000000000000000, 0.0000000000000000000, -1.000000000000000000 ) ) ;
#1782 = VECTOR ( 'NONE', #1238, 1000.000000000000000 ) ;
#1783 = AXIS2_PLACEMENT_3D ( 'NONE', #1638, #1959, #1649 ) ;
#1784 = ADVANCED_FACE ( 'NONE', ( #1573, #1869 ), #1153, .T. ) ;
#1785 = LINE ( 'NONE', #901, #237 ) ;
#1786 = CARTESIAN_POINT ( 'NONE',  ( 2.972325949517586000, 1.882140995995446000, -1.042966178657956900 ) ) ;
#1787 = DIRECTION ( 'NONE',  ( -0.0000000000000000000, -1.000000000000000000, -0.0000000000000000000 ) ) ;
#1788 = EDGE_CURVE ( 'NONE', #1908, #125, #1034, .T. ) ;
#1789 = DIRECTION ( 'NONE',  ( -0.0000000000000000000, -0.0000000000000000000, -1.000000000000000000 ) ) ;
#1790 = EDGE_LOOP ( 'NONE', ( #1354, #854 ) ) ;
#1791 = CARTESIAN_POINT ( 'NONE',  ( 0.0000000000000000000, 1.899999999999999900, 0.0000000000000000000 ) ) ;
#1792 = CARTESIAN_POINT ( 'NONE',  ( -0.9999999999999997800, 1.100000000000000100, -2.987055406248769500 ) ) ;
#1793 = VERTEX_POINT ( 'NONE', #1058 ) ;
#1794 = ORIENTED_EDGE ( 'NONE', *, *, #750, .T. ) ;
#1795 = CARTESIAN_POINT ( 'NONE',  ( -1.425000000000001800, 0.2999999999999999300, 6.234162491791650500E-016 ) ) ;
#1796 = ORIENTED_EDGE ( 'NONE', *, *, #1514, .F. ) ;
#1797 = CARTESIAN_POINT ( 'NONE',  ( 2.000000000000000000, 0.1999999999999999800, 2.000000000000000000 ) ) ;
#1798 = DIRECTION ( 'NONE',  ( -1.000000000000000000, 0.0000000000000000000, -1.567521213232055000E-016 ) ) ;
#1799 = CARTESIAN_POINT ( 'NONE',  ( -2.995789166473792800, 1.031281587426773800, 0.9735673690903292600 ) ) ;
#1800 = VERTEX_POINT ( 'NONE', #182 ) ;
#1801 = CARTESIAN_POINT ( 'NONE',  ( 1.100000000000001900, 1.800000000000000000, 3.299999999999999800 ) ) ;
#1802 = ORIENTED_EDGE ( 'NONE', *, *, #546, .F. ) ;
#1803 = CARTESIAN_POINT ( 'NONE',  ( -2.987055406248769500, 1.200000000000000200, -1.100000000000000100 ) ) ;
#1804 = DIRECTION ( 'NONE',  ( -9.427844978134821400E-017, 0.0000000000000000000, 1.000000000000000000 ) ) ;
#1805 = CARTESIAN_POINT ( 'NONE',  ( -1.799999999999999200, 0.2999999999999999900, -3.299999999999999800 ) ) ;
#1806 = PLANE ( 'NONE',  #193 ) ;
#1807 = AXIS2_PLACEMENT_3D ( 'NONE', #396, #2231, #1211 ) ;
#1808 = AXIS2_PLACEMENT_3D ( 'NONE', #1122, #581, #2163 ) ;
#1809 = CARTESIAN_POINT ( 'NONE',  ( -3.008235502803133800, 1.006086540446248500, 0.9343549430889625000 ) ) ;
#1810 = MANIFOLD_SOLID_BREP ( 'Boss-Extrude2[1]', #389 ) ;
#1811 = SURFACE_SIDE_STYLE ('',( #1920 ) ) ;
#1812 = ADVANCED_FACE ( 'NONE', ( #843 ), #1487, .T. ) ;
#1813 = SURFACE_STYLE_FILL_AREA ( #2198 ) ;
#1814 = PLANE ( 'NONE',  #1544 ) ;
#1815 = SURFACE_STYLE_USAGE ( .BOTH. , #1811 ) ;
#1816 = VECTOR ( 'NONE', #1660, 1000.000000000000100 ) ;
#1817 = VECTOR ( 'NONE', #701, 1000.000000000000000 ) ;
#1818 = ORIENTED_EDGE ( 'NONE', *, *, #1378, .T. ) ;
#1819 = DIRECTION ( 'NONE',  ( -1.000000000000000000, 0.0000000000000000000, 1.314184451497580500E-016 ) ) ;
#1820 = DIRECTION ( 'NONE',  ( 0.0000000000000000000, 0.0000000000000000000, -1.000000000000000000 ) ) ;
#1821 = ORIENTED_EDGE ( 'NONE', *, *, #1726, .T. ) ;
#1822 = DIRECTION ( 'NONE',  ( -0.0000000000000000000, -1.000000000000000000, -0.0000000000000000000 ) ) ;
#1823 = CARTESIAN_POINT ( 'NONE',  ( 1.575000000000000600, 6.399999999999999500, -2.611871934073338500 ) ) ;
#1824 = ORIENTED_EDGE ( 'NONE', *, *, #1603, .T. ) ;
#1825 = AXIS2_PLACEMENT_3D ( 'NONE', #1955, #916, #557 ) ;
#1826 = VERTEX_POINT ( 'NONE', #1615 ) ;
#1827 = DIRECTION ( 'NONE',  ( 0.0000000000000000000, 0.0000000000000000000, 1.000000000000000000 ) ) ;
#1828 = EDGE_LOOP ( 'NONE', ( #1852 ) ) ;
#1829 = DIRECTION ( 'NONE',  ( -0.0000000000000000000, -0.0000000000000000000, 1.000000000000000000 ) ) ;
#1830 = DIRECTION ( 'NONE',  ( -1.314184451497581300E-016, 0.0000000000000000000, -1.000000000000000000 ) ) ;
#1831 = AXIS2_PLACEMENT_3D ( 'NONE', #1686, #1857, #86 ) ;
#1832 = ORIENTED_EDGE ( 'NONE', *, *, #851, .T. ) ;
#1833 = CARTESIAN_POINT ( 'NONE',  ( -2.987055406248769500, 1.100000000000000100, -1.000000000000000000 ) ) ;
#1834 = ADVANCED_FACE ( 'NONE', ( #39 ), #790, .F. ) ;
#1835 = ADVANCED_FACE ( 'NONE', ( #1180 ), #919, .F. ) ;
#1836 = EDGE_CURVE ( 'NONE', #249, #256, #1551, .T. ) ;
#1837 = DIRECTION ( 'NONE',  ( 1.000000000000000000, -0.0000000000000000000, 0.0000000000000000000 ) ) ;
#1838 = EDGE_CURVE ( 'NONE', #45, #2185, #296, .T. ) ;
#1839 = CARTESIAN_POINT ( 'NONE',  ( 0.9000000000000012400, 1.100000000000000100, -1.182766006347824800E-016 ) ) ;
#1840 = AXIS2_PLACEMENT_3D ( 'NONE', #2245, #1568, #1925 ) ;
#1841 = CARTESIAN_POINT ( 'NONE',  ( 3.500000000000002200, 0.0000000000000000000, 0.3249999999999992300 ) ) ;
#1842 = PRESENTATION_STYLE_ASSIGNMENT (( #2096 ) ) ;
#1843 = CARTESIAN_POINT ( 'NONE',  ( 0.0000000000000000000, 1.200000000000000200, 0.0000000000000000000 ) ) ;
#1844 = VECTOR ( 'NONE', #1067, 1000.000000000000000 ) ;
#1845 = CARTESIAN_POINT ( 'NONE',  ( 1.005187518598630300, 1.831789831243883200, 2.985313727642964200 ) ) ;
#1846 = FACE_OUTER_BOUND ( 'NONE', #124, .T. ) ;
#1847 = ADVANCED_FACE ( 'NONE', ( #2007, #559 ), #104, .T. ) ;
#1848 = LINE ( 'NONE', #1242, #1036 ) ;
#1849 = SURFACE_STYLE_USAGE ( .BOTH. , #2176 ) ;
#1850 = EDGE_CURVE ( 'NONE', #55, #1169, #914, .T. ) ;
#1851 = FACE_OUTER_BOUND ( 'NONE', #1372, .T. ) ;
#1852 = ORIENTED_EDGE ( 'NONE', *, *, #1501, .T. ) ;
#1853 = B_SPLINE_CURVE_WITH_KNOTS ( 'NONE', 3,
 ( #720, #2107, #1914, #1094, #1361, #1768, #2130, #5, #741, #1239, #197, #1586, #1949, #1083, #14, #1244 ),
 .UNSPECIFIED., .F., .F.,
 ( 4, 3, 3, 3, 3, 4 ),
 ( 0.0000000000000000000, 3.225735829385235100E-005, 6.447218052397806500E-005, 9.734414413074878100E-005, 0.0001318568514794977700, 0.0001610781948975090100 ),
 .UNSPECIFIED. ) ;
#1854 = CARTESIAN_POINT ( 'NONE',  ( 3.300000000000000700, 1.800000000000000000, -1.000000000000000000 ) ) ;
#1855 = ORIENTED_EDGE ( 'NONE', *, *, #393, .T. ) ;
#1856 = AXIS2_PLACEMENT_3D ( 'NONE', #2186, #613, #1152 ) ;
#1857 = DIRECTION ( 'NONE',  ( 0.0000000000000000000, 0.0000000000000000000, -1.000000000000000000 ) ) ;
#1858 = ORIENTED_EDGE ( 'NONE', *, *, #335, .F. ) ;
#1859 = CARTESIAN_POINT ( 'NONE',  ( 3.300000000000000700, 1.899999999999999900, 3.299999999999999800 ) ) ;
#1860 = VERTEX_POINT ( 'NONE', #2158 ) ;
#1861 = EDGE_LOOP ( 'NONE', ( #2052, #584, #1352, #1038 ) ) ;
#1862 = ADVANCED_FACE ( 'NONE', ( #816 ), #511, .F. ) ;
#1863 = VERTEX_POINT ( 'NONE', #67 ) ;
#1864 = CARTESIAN_POINT ( 'NONE',  ( -3.299999999999998900, 1.200000000000000200, -1.800000000000000000 ) ) ;
#1865 = CARTESIAN_POINT ( 'NONE',  ( 0.0000000000000000000, 1.008392021690039100, -3.150000000000000400 ) ) ;
#1866 = DIRECTION ( 'NONE',  ( 0.0000000000000000000, 0.0000000000000000000, -1.000000000000000000 ) ) ;
#1867 = VERTEX_POINT ( 'NONE', #1367 ) ;
#1868 = APPLICATION_CONTEXT ( 'automotive_design' ) ;
#1869 = FACE_OUTER_BOUND ( 'NONE', #418, .T. ) ;
#1870 = ORIENTED_EDGE ( 'NONE', *, *, #335, .T. ) ;
#1871 =( NAMED_UNIT ( * ) SI_UNIT ( $, .STERADIAN. ) SOLID_ANGLE_UNIT ( ) );
#1872 = CYLINDRICAL_SURFACE ( 'NONE', #818, 0.09999999999999993600 ) ;
#1873 = EDGE_CURVE ( 'NONE', #1257, #351, #1779, .T. ) ;
#1874 = LINE ( 'NONE', #1734, #240 ) ;
#1875 = CIRCLE ( 'NONE', #873, 3.050000000000000700 ) ;
#1876 =( GEOMETRIC_REPRESENTATION_CONTEXT ( 3 ) GLOBAL_UNCERTAINTY_ASSIGNED_CONTEXT ( ( #17 ) ) GLOBAL_UNIT_ASSIGNED_CONTEXT ( ( #485, #1716, #305 ) ) REPRESENTATION_CONTEXT ( 'NONE', 'WORKASPACE' ) );
#1877 = CARTESIAN_POINT ( 'NONE',  ( 2.000000000000000000, 0.1999999999999999800, -2.500000000000000000 ) ) ;
#1878 = EDGE_LOOP ( 'NONE', ( #897, #1456, #1027, #1166 ) ) ;
#1879 = DIRECTION ( 'NONE',  ( -0.0000000000000000000, -1.000000000000000000, -0.0000000000000000000 ) ) ;
#1880 = ORIENTED_EDGE ( 'NONE', *, *, #390, .F. ) ;
#1881 = MANIFOLD_SOLID_BREP ( 'Boss-Extrude3', #1247 ) ;
#1882 = VERTEX_POINT ( 'NONE', #1096 ) ;
#1883 = CARTESIAN_POINT ( 'NONE',  ( -3.299999999999998900, 1.100000000000000100, -1.100000000000000100 ) ) ;
#1884 = PRESENTATION_LAYER_ASSIGNMENT (  '', '', ( #1545 ) ) ;
#1885 = ORIENTED_EDGE ( 'NONE', *, *, #860, .T. ) ;
#1886 = FILL_AREA_STYLE_COLOUR ( '', #1704 ) ;
#1887 = ORIENTED_EDGE ( 'NONE', *, *, #892, .T. ) ;
#1888 = PLANE ( 'NONE',  #719 ) ;
#1889 = EDGE_CURVE ( 'NONE', #999, #1900, #399, .T. ) ;
#1890 = EDGE_CURVE ( 'NONE', #1396, #45, #826, .T. ) ;
#1891 = VECTOR ( 'NONE', #1346, 1000.000000000000000 ) ;
#1892 = DIRECTION ( 'NONE',  ( -1.314184451497581300E-016, 0.0000000000000000000, -1.000000000000000000 ) ) ;
#1893 = VECTOR ( 'NONE', #2129, 1000.000000000000000 ) ;
#1894 = FACE_OUTER_BOUND ( 'NONE', #1790, .T. ) ;
#1895 = FACE_OUTER_BOUND ( 'NONE', #1068, .T. ) ;
#1896 = AXIS2_PLACEMENT_3D ( 'NONE', #1111, #1301, #1466 ) ;
#1897 = FACE_OUTER_BOUND ( 'NONE', #166, .T. ) ;
#1898 = EDGE_LOOP ( 'NONE', ( #2225 ) ) ;
#1899 = CIRCLE ( 'NONE', #1070, 3.150000000000000400 ) ;
#1900 = VERTEX_POINT ( 'NONE', #1128 ) ;
#1901 = PRODUCT_DEFINITION_FORMATION_WITH_SPECIFIED_SOURCE ( 'ANY', '', #991, .NOT_KNOWN. ) ;
#1902 = CARTESIAN_POINT ( 'NONE',  ( 1.575000000000000600, 6.299999999999998900, -2.611871934073338500 ) ) ;
#1903 = VERTEX_POINT ( 'NONE', #227 ) ;
#1904 = CARTESIAN_POINT ( 'NONE',  ( 2.993703967983929000, 1.039888966898557800, 0.9799166046543352800 ) ) ;
#1905 = DIRECTION ( 'NONE',  ( 0.0000000000000000000, 1.000000000000000000, 0.0000000000000000000 ) ) ;
#1906 = EDGE_CURVE ( 'NONE', #1994, #1929, #726, .T. ) ;
#1907 = ORIENTED_EDGE ( 'NONE', *, *, #82, .T. ) ;
#1908 = VERTEX_POINT ( 'NONE', #1263 ) ;
#1909 = VERTEX_POINT ( 'NONE', #1776 ) ;
#1910 = ORIENTED_EDGE ( 'NONE', *, *, #40, .F. ) ;
#1911 = EDGE_CURVE ( 'NONE', #1860, #999, #10, .T. ) ;
#1912 = CARTESIAN_POINT ( 'NONE',  ( -1.088316838898304000, 1.200000000000000200, 2.956048360759467200 ) ) ;
#1913 = CARTESIAN_POINT ( 'NONE',  ( 1.000000000000001800, 1.200000000000000200, 3.299999999999999800 ) ) ;
#1914 = CARTESIAN_POINT ( 'NONE',  ( -2.986458130810271300, 1.121653069654365800, 1.001788747302620800 ) ) ;
#1915 = VECTOR ( 'NONE', #995, 1000.000000000000000 ) ;
#1916 = DIRECTION ( 'NONE',  ( 1.000000000000000000, 0.0000000000000000000, 0.0000000000000000000 ) ) ;
#1917 = CARTESIAN_POINT ( 'NONE',  ( 2.991625238315851000, 1.048332040644944800, 0.9862672483990512200 ) ) ;
#1918 = DIRECTION ( 'NONE',  ( 1.000000000000000000, -0.0000000000000000000, -0.0000000000000000000 ) ) ;
#1919 = VECTOR ( 'NONE', #2128, 1000.000000000000000 ) ;
#1920 = SURFACE_STYLE_FILL_AREA ( #601 ) ;
#1921 = AXIS2_PLACEMENT_3D ( 'NONE', #452, #2012, #1163 ) ;
#1922 = CARTESIAN_POINT ( 'NONE',  ( 0.0000000000000000000, 1.200000000000000200, 0.0000000000000000000 ) ) ;
#1923 = LINE ( 'NONE', #1485, #1633 ) ;
#1924 = LINE ( 'NONE', #1738, #994 ) ;
#1925 = DIRECTION ( 'NONE',  ( 0.0000000000000000000, 0.0000000000000000000, -1.000000000000000000 ) ) ;
#1926 = CARTESIAN_POINT ( 'NONE',  ( -3.500000000000001300, 2.786463351831272900, -0.3249999999999999000 ) ) ;
#1927 = EDGE_LOOP ( 'NONE', ( #1197 ) ) ;
#1928 = CARTESIAN_POINT ( 'NONE',  ( -2.000000000000000000, 0.1999999999999999800, -2.000000000000000000 ) ) ;
#1929 = VERTEX_POINT ( 'NONE', #1952 ) ;
#1930 = ORIENTED_EDGE ( 'NONE', *, *, #2192, .F. ) ;
#1931 = CARTESIAN_POINT ( 'NONE',  ( 0.9799166046543360500, 1.039888966898557800, -2.993703967983929000 ) ) ;
#1932 = EDGE_LOOP ( 'NONE', ( #1642 ) ) ;
#1933 = DIRECTION ( 'NONE',  ( -1.000000000000000000, 0.0000000000000000000, -0.0000000000000000000 ) ) ;
#1934 = DIRECTION ( 'NONE',  ( 0.0000000000000000000, 0.0000000000000000000, 1.000000000000000000 ) ) ;
#1935 = CARTESIAN_POINT ( 'NONE',  ( 0.9999999999999995600, 1.899999999999999900, -1.000000000000000000 ) ) ;
#1936 = ORIENTED_EDGE ( 'NONE', *, *, #501, .T. ) ;
#1937 = DIRECTION ( 'NONE',  ( 0.0000000000000000000, 0.0000000000000000000, -1.000000000000000000 ) ) ;
#1938 = CARTESIAN_POINT ( 'NONE',  ( 2.000000000000000000, 0.1999999999999999800, 2.000000000000000000 ) ) ;
#1939 = SHAPE_DEFINITION_REPRESENTATION ( #1326, #1576 ) ;
#1940 = CARTESIAN_POINT ( 'NONE',  ( -0.9999999999999997800, 1.089223426384342800, 2.987055406248770000 ) ) ;
#1941 = DIRECTION ( 'NONE',  ( -1.000000000000000000, 0.0000000000000000000, 0.0000000000000000000 ) ) ;
#1942 = PRODUCT_DEFINITION ( 'UNKNOWN', '', #1901, #26 ) ;
#1943 = CARTESIAN_POINT ( 'NONE',  ( 0.0000000000000000000, 1.899999999999999900, 0.0000000000000000000 ) ) ;
#1944 = VECTOR ( 'NONE', #539, 1000.000000000000000 ) ;
#1945 = EDGE_CURVE ( 'NONE', #121, #1639, #1706, .T. ) ;
#1946 = CARTESIAN_POINT ( 'NONE',  ( 1.000000000000000900, 1.800000000000000000, -3.299999999999999800 ) ) ;
#1947 = EDGE_CURVE ( 'NONE', #713, #2125, #1727, .T. ) ;
#1948 = VECTOR ( 'NONE', #1307, 1000.000000000000000 ) ;
#1949 = CARTESIAN_POINT ( 'NONE',  ( -2.961732768611266200, 1.196195278668892300, 1.072678426805651300 ) ) ;
#1950 = VECTOR ( 'NONE', #2136, 1000.000000000000000 ) ;
#1951 = AXIS2_PLACEMENT_3D ( 'NONE', #1228, #1933, #1590 ) ;
#1952 = CARTESIAN_POINT ( 'NONE',  ( 1.575000000000001500, 6.399999999999999500, 2.611871934073338100 ) ) ;
#1953 = ORIENTED_EDGE ( 'NONE', *, *, #354, .T. ) ;
#1954 = LINE ( 'NONE', #2164, #2203 ) ;
#1955 = CARTESIAN_POINT ( 'NONE',  ( 3.300000000000000700, 1.899999999999999900, 3.299999999999999800 ) ) ;
#1956 = ORIENTED_EDGE ( 'NONE', *, *, #1607, .F. ) ;
#1957 = DIRECTION ( 'NONE',  ( -0.0000000000000000000, 1.000000000000000000, -0.0000000000000000000 ) ) ;
#1958 = CARTESIAN_POINT ( 'NONE',  ( 2.000000000000000000, 0.1999999999999999800, 2.000000000000000000 ) ) ;
#1959 = DIRECTION ( 'NONE',  ( 0.0000000000000000000, 0.0000000000000000000, 1.000000000000000000 ) ) ;
#1960 = VERTEX_POINT ( 'NONE', #1628 ) ;
#1961 = DIRECTION ( 'NONE',  ( 0.0000000000000000000, -1.000000000000000000, 0.0000000000000000000 ) ) ;
#1962 =( NAMED_UNIT ( * ) SI_UNIT ( $, .STERADIAN. ) SOLID_ANGLE_UNIT ( ) );
#1963 = EDGE_LOOP ( 'NONE', ( #502, #1739, #292, #214, #1341 ) ) ;
#1964 = EDGE_CURVE ( 'NONE', #117, #22, #1751, .T. ) ;
#1965 = ORIENTED_EDGE ( 'NONE', *, *, #796, .F. ) ;
#1966 = CARTESIAN_POINT ( 'NONE',  ( 3.010686867171477000, 1.003554771564526100, 0.9264257055162059600 ) ) ;
#1967 = CARTESIAN_POINT ( 'NONE',  ( 1.025736749871052600, 1.867969578457886000, -2.978330149785514800 ) ) ;
#1968 = CARTESIAN_POINT ( 'NONE',  ( -3.018691769624716400, 1.000000000000000000, -0.9000000000000000200 ) ) ;
#1969 = ORIENTED_EDGE ( 'NONE', *, *, #105, .T. ) ;
#1970 = CARTESIAN_POINT ( 'NONE',  ( -0.9453062403434829800, 1.010092688188192200, -3.004834040812055700 ) ) ;
#1971 = STYLED_ITEM ( 'NONE', ( #1530 ), #1490 ) ;
#1972 = CARTESIAN_POINT ( 'NONE',  ( -2.000000000000000000, 0.1999999999999999800, 2.000000000000000000 ) ) ;
#1973 = CARTESIAN_POINT ( 'NONE',  ( 2.995789166473793200, 1.031281587426773600, -0.9735673690903291500 ) ) ;
#1974 = DIRECTION ( 'NONE',  ( 0.0000000000000000000, 0.0000000000000000000, -1.000000000000000000 ) ) ;
#1975 = DIRECTION ( 'NONE',  ( 9.427844978134812800E-017, 0.0000000000000000000, -1.000000000000000000 ) ) ;
#1976 = CARTESIAN_POINT ( 'NONE',  ( -2.987555001319082100, 1.082781377933203800, 0.9985064416884541500 ) ) ;
#1977 = UNCERTAINTY_MEASURE_WITH_UNIT (LENGTH_MEASURE( 1.000000000000000100E-005 ), #1320, 'distance_accuracy_value', 'NONE');
#1978 = FACE_OUTER_BOUND ( 'NONE', #2154, .T. ) ;
#1979 = CARTESIAN_POINT ( 'NONE',  ( 2.987223868983701600, 1.088449417434993700, -0.9994971975047048900 ) ) ;
#1980 = LINE ( 'NONE', #776, #1409 ) ;
#1981 = CIRCLE ( 'NONE', #1032, 0.1000000000000000500 ) ;
#1982 = DIRECTION ( 'NONE',  ( 0.0000000000000000000, 1.000000000000000000, 0.0000000000000000000 ) ) ;
#1983 = CARTESIAN_POINT ( 'NONE',  ( 3.500000000000002200, 2.786463351831272900, -0.3250000000000007300 ) ) ;
#1984 = FACE_OUTER_BOUND ( 'NONE', #2021, .T. ) ;
#1985 = CARTESIAN_POINT ( 'NONE',  ( 0.9999999999999995600, 1.800000000000000000, -1.100000000000000100 ) ) ;
#1986 = VECTOR ( 'NONE', #78, 1000.000000000000000 ) ;
#1987 = DIRECTION ( 'NONE',  ( 0.0000000000000000000, 1.000000000000000000, 0.0000000000000000000 ) ) ;
#1988 = ORIENTED_EDGE ( 'NONE', *, *, #1079, .F. ) ;
#1989 = DIRECTION ( 'NONE',  ( 0.0000000000000000000, 0.0000000000000000000, 1.000000000000000000 ) ) ;
#1990 = ORIENTED_EDGE ( 'NONE', *, *, #678, .T. ) ;
#1991 = EDGE_CURVE ( 'NONE', #1639, #1882, #345, .T. ) ;
#1992 = DIRECTION ( 'NONE',  ( 1.000000000000000000, -0.0000000000000000000, -0.0000000000000000000 ) ) ;
#1993 = CARTESIAN_POINT ( 'NONE',  ( -3.500000000000001300, 2.786463351831272900, 0.3250000000000000700 ) ) ;
#1994 = VERTEX_POINT ( 'NONE', #1455 ) ;
#1995 = PLANE ( 'NONE',  #116 ) ;
#1996 = CARTESIAN_POINT ( 'NONE',  ( 3.500000000000002200, 2.786463351831272900, 0.3249999999999992300 ) ) ;
#1997 = EDGE_LOOP ( 'NONE', ( #1073, #2162, #825, #872 ) ) ;
#1998 = AXIS2_PLACEMENT_3D ( 'NONE', #1335, #1674, #633 ) ;
#1999 =( NAMED_UNIT ( * ) SI_UNIT ( $, .STERADIAN. ) SOLID_ANGLE_UNIT ( ) );
#2000 = ORIENTED_EDGE ( 'NONE', *, *, #1220, .F. ) ;
#2001 = CARTESIAN_POINT ( 'NONE',  ( 1.575000000000000600, 6.299999999999998900, -2.611871934073338500 ) ) ;
#2002 = FILL_AREA_STYLE_COLOUR ( '', #2034 ) ;
#2003 = CARTESIAN_POINT ( 'NONE',  ( 3.500000000000002200, 2.786463351831272900, 0.3249999999999992300 ) ) ;
#2004 = DIRECTION ( 'NONE',  ( 0.0000000000000000000, 0.0000000000000000000, 1.000000000000000000 ) ) ;
#2005 = CARTESIAN_POINT ( 'NONE',  ( 2.987055406248770000, 1.899999999999999900, 1.100000000000000100 ) ) ;
#2006 = VERTEX_POINT ( 'NONE', #1877 ) ;
#2007 = FACE_OUTER_BOUND ( 'NONE', #1927, .T. ) ;
#2008 =( NAMED_UNIT ( * ) PLANE_ANGLE_UNIT ( ) SI_UNIT ( $, .RADIAN. ) );
#2009 = LINE ( 'NONE', #651, #1439 ) ;
#2010 = EDGE_CURVE ( 'NONE', #1736, #1695, #1201, .T. ) ;
#2011 = EDGE_CURVE ( 'NONE', #2159, #1236, #758, .T. ) ;
#2012 = DIRECTION ( 'NONE',  ( 0.0000000000000000000, 1.000000000000000000, 0.0000000000000000000 ) ) ;
#2013 = LINE ( 'NONE', #800, #1250 ) ;
#2014 = CYLINDRICAL_SURFACE ( 'NONE', #654, 0.1000000000000000500 ) ;
#2015 = CARTESIAN_POINT ( 'NONE',  ( -0.8999999999999998000, 1.000000000000000000, -2.987055406248769500 ) ) ;
#2016 = VECTOR ( 'NONE', #1277, 1000.000000000000000 ) ;
#2017 = DIRECTION ( 'NONE',  ( 1.000000000000000000, 0.0000000000000000000, -9.427844978134816500E-017 ) ) ;
#2018 = ORIENTED_EDGE ( 'NONE', *, *, #2234, .T. ) ;
#2019 = CARTESIAN_POINT ( 'NONE',  ( -3.299999999999998900, 1.200000000000000200, -3.299999999999999400 ) ) ;
#2020 = DIRECTION ( 'NONE',  ( 1.660421643713043000E-016, 0.0000000000000000000, 1.000000000000000000 ) ) ;
#2021 = EDGE_LOOP ( 'NONE', ( #827, #2048, #1678, #454 ) ) ;
#2022 = ADVANCED_FACE ( 'NONE', ( #2196 ), #2060, .T. ) ;
#2023 = AXIS2_PLACEMENT_3D ( 'NONE', #2104, #12, #1047 ) ;
#2024 = ADVANCED_FACE ( 'NONE', ( #2113 ), #242, .F. ) ;
#2025 = ORIENTED_EDGE ( 'NONE', *, *, #336, .F. ) ;
#2026 = DIRECTION ( 'NONE',  ( 0.0000000000000000000, 0.0000000000000000000, -1.000000000000000000 ) ) ;
#2027 = EDGE_LOOP ( 'NONE', ( #1321 ) ) ;
#2028 = CARTESIAN_POINT ( 'NONE',  ( 3.300000000000000700, 1.899999999999999900, -1.100000000000000100 ) ) ;
#2029 = PRODUCT_RELATED_PRODUCT_CATEGORY ( 'part', '', ( #991 ) ) ;
#2030 = EDGE_LOOP ( 'NONE', ( #25, #643, #1965, #930 ) ) ;
#2031 = B_SPLINE_CURVE_WITH_KNOTS ( 'NONE', 3,
 ( #934, #1115, #1286, #1809, #255, #424, #232, #1799, #769, #1640, #782, #1138, #1976, #612, #1126, #71 ),
 .UNSPECIFIED., .F., .F.,
 ( 4, 3, 3, 3, 3, 4 ),
 ( 0.0000000000000000000, 3.642309164656134600E-005, 7.288024959482115000E-005, 0.0001087188780353236500, 0.0001429073855806735200, 0.0001600016939516925000 ),
 .UNSPECIFIED. ) ;
#2032 = DIRECTION ( 'NONE',  ( 0.0000000000000000000, -1.000000000000000000, 0.0000000000000000000 ) ) ;
#2033 = CARTESIAN_POINT ( 'NONE',  ( -1.081567098920338100, 1.198719856892922500, -2.958513475189043200 ) ) ;
#2034 = COLOUR_RGB ( '',0.7921568627450980000, 0.8196078431372548800, 0.9333333333333333500 ) ;
#2035 =( LENGTH_UNIT ( ) NAMED_UNIT ( * ) SI_UNIT ( .MILLI., .METRE. ) );
#2036 = EDGE_CURVE ( 'NONE', #130, #130, #785, .T. ) ;
#2037 = VECTOR ( 'NONE', #509, 1000.000000000000000 ) ;
#2038 = CARTESIAN_POINT ( 'NONE',  ( 1.076442403677546400, 1.897901108538340200, -2.960390253712587200 ) ) ;
#2039 = VECTOR ( 'NONE', #1992, 1000.000000000000000 ) ;
#2040 = CARTESIAN_POINT ( 'NONE',  ( -1.034309851246408600, 1.176130557175154100, -2.975363387831880100 ) ) ;
#2041 = LINE ( 'NONE', #2015, #1578 ) ;
#2042 = FACE_OUTER_BOUND ( 'NONE', #1460, .T. ) ;
#2043 = DIRECTION ( 'NONE',  ( 1.776356839400250500E-015, 0.0000000000000000000, -1.000000000000000000 ) ) ;
#2044 = ADVANCED_FACE ( 'NONE', ( #1306 ), #1806, .F. ) ;
#2045 = ORIENTED_EDGE ( 'NONE', *, *, #1565, .F. ) ;
#2046 = CARTESIAN_POINT ( 'NONE',  ( 2.982883265254745500, 1.848189524527554600, 1.012377116426083100 ) ) ;
#2047 = AXIS2_PLACEMENT_3D ( 'NONE', #1935, #32, #550 ) ;
#2048 = ORIENTED_EDGE ( 'NONE', *, *, #674, .F. ) ;
#2049 = AXIS2_PLACEMENT_3D ( 'NONE', #4, #368, #553 ) ;
#2050 = CARTESIAN_POINT ( 'NONE',  ( 0.0000000000000000000, 6.299999999999999800, -3.150000000000000400 ) ) ;
#2051 = EDGE_LOOP ( 'NONE', ( #285 ) ) ;
#2052 = ORIENTED_EDGE ( 'NONE', *, *, #207, .F. ) ;
#2053 = ORIENTED_EDGE ( 'NONE', *, *, #1256, .T. ) ;
#2054 = DIRECTION ( 'NONE',  ( -0.0000000000000000000, 1.000000000000000000, -0.0000000000000000000 ) ) ;
#2055 = CARTESIAN_POINT ( 'NONE',  ( -1.099999999999999900, 1.200000000000000200, -2.951694428629088900 ) ) ;
#2056 = DIRECTION ( 'NONE',  ( 9.427844978134821400E-017, 0.0000000000000000000, -1.000000000000000000 ) ) ;
#2057 = VERTEX_POINT ( 'NONE', #2050 ) ;
#2058 = CARTESIAN_POINT ( 'NONE',  ( 1.000000000000000900, 1.100000000000000100, -3.299999999999999800 ) ) ;
#2059 =( LENGTH_UNIT ( ) NAMED_UNIT ( * ) SI_UNIT ( .MILLI., .METRE. ) );
#2060 = CYLINDRICAL_SURFACE ( 'NONE', #1199, 0.3250000000000004000 ) ;
#2061 = AXIS2_PLACEMENT_3D ( 'NONE', #1795, #1636, #1118 ) ;
#2062 = DIRECTION ( 'NONE',  ( 0.0000000000000000000, -0.0000000000000000000, 1.000000000000000000 ) ) ;
#2063 = CYLINDRICAL_SURFACE ( 'NONE', #365, 0.5000000000000000000 ) ;
#2064 = FACE_OUTER_BOUND ( 'NONE', #505, .T. ) ;
#2065 = FACE_OUTER_BOUND ( 'NONE', #2249, .T. ) ;
#2066 = VERTEX_POINT ( 'NONE', #76 ) ;
#2067 = EDGE_LOOP ( 'NONE', ( #1483, #806, #1296, #607 ) ) ;
#2068 = CARTESIAN_POINT ( 'NONE',  ( 3.500000000000002200, 2.786463351831272900, -0.3250000000000007300 ) ) ;
#2069 = CARTESIAN_POINT ( 'NONE',  ( 2.000000000000000000, 0.1999999999999999800, -2.000000000000000000 ) ) ;
#2070 = EDGE_CURVE ( 'NONE', #1384, #219, #1150, .T. ) ;
#2071 = ORIENTED_EDGE ( 'NONE', *, *, #993, .F. ) ;
#2072 = EDGE_CURVE ( 'NONE', #1863, #1208, #1749, .T. ) ;
#2073 = VERTEX_POINT ( 'NONE', #1092 ) ;
#2074 = AXIS2_PLACEMENT_3D ( 'NONE', #649, #2171, #847 ) ;
#2075 = ORIENTED_EDGE ( 'NONE', *, *, #1991, .F. ) ;
#2076 = CARTESIAN_POINT ( 'NONE',  ( 2.000000000000000000, 0.2999999999999999900, -2.000000000000000000 ) ) ;
#2077 = ORIENTED_EDGE ( 'NONE', *, *, #38, .F. ) ;
#2078 = CARTESIAN_POINT ( 'NONE',  ( -3.300000000000001600, 1.100000000000000100, -1.100000000000000100 ) ) ;
#2079 = ORIENTED_EDGE ( 'NONE', *, *, #727, .T. ) ;
#2080 = PLANE ( 'NONE',  #784 ) ;
#2081 = PLANE ( 'NONE',  #2023 ) ;
#2082 = CARTESIAN_POINT ( 'NONE',  ( -2.968361821625651300, 1.189710302783916900, -1.054261430601848500 ) ) ;
#2083 = VECTOR ( 'NONE', #1941, 1000.000000000000000 ) ;
#2084 = MECHANICAL_DESIGN_GEOMETRIC_PRESENTATION_REPRESENTATION (  '', ( #1971 ), #1656 ) ;
#2085 = VECTOR ( 'NONE', #1718, 1000.000000000000000 ) ;
#2086 = CARTESIAN_POINT ( 'NONE',  ( 2.000000000000000000, 0.2999999999999999900, 2.000000000000000000 ) ) ;
#2087 = CARTESIAN_POINT ( 'NONE',  ( -1.000449865365349100, 1.110928411962400800, 2.986904910382812700 ) ) ;
#2088 = CIRCLE ( 'NONE', #1896, 3.150000000000000400 ) ;
#2089 = PLANE ( 'NONE',  #1420 ) ;
#2090 = VECTOR ( 'NONE', #641, 1000.000000000000000 ) ;
#2091 = ORIENTED_EDGE ( 'NONE', *, *, #1055, .T. ) ;
#2092 = PLANE ( 'NONE',  #768 ) ;
#2093 = ORIENTED_EDGE ( 'NONE', *, *, #1055, .F. ) ;
#2094 = PLANE ( 'NONE',  #484 ) ;
#2095 = ORIENTED_EDGE ( 'NONE', *, *, #158, .T. ) ;
#2096 = SURFACE_STYLE_USAGE ( .BOTH. , #1747 ) ;
#2097 = ORIENTED_EDGE ( 'NONE', *, *, #1273, .T. ) ;
#2098 = DIRECTION ( 'NONE',  ( -0.0000000000000000000, 1.000000000000000000, -0.0000000000000000000 ) ) ;
#2099 = CARTESIAN_POINT ( 'NONE',  ( 1.425000000000003200, 0.2999999999999999300, 0.3249999999999997900 ) ) ;
#2100 = ORIENTED_EDGE ( 'NONE', *, *, #746, .F. ) ;
#2101 = ORIENTED_EDGE ( 'NONE', *, *, #446, .T. ) ;
#2102 = CARTESIAN_POINT ( 'NONE',  ( 2.965519973085794600, 1.893225343129515400, -1.062221716468850300 ) ) ;
#2103 = EDGE_CURVE ( 'NONE', #2066, #313, #284, .T. ) ;
#2104 = CARTESIAN_POINT ( 'NONE',  ( 1.575000000000000600, 6.299999999999998900, -2.611871934073338500 ) ) ;
#2105 = CARTESIAN_POINT ( 'NONE',  ( -0.8999999999999998000, 1.000000000000000000, 3.299999999999999800 ) ) ;
#2106 = CARTESIAN_POINT ( 'NONE',  ( 3.500000000000002200, 0.0000000000000000000, 0.3249999999999992300 ) ) ;
#2107 = CARTESIAN_POINT ( 'NONE',  ( -2.987055406248770000, 1.110752452764584700, 1.000000000000000000 ) ) ;
#2108 = AXIS2_PLACEMENT_3D ( 'NONE', #507, #1546, #1183 ) ;
#2109 = CIRCLE ( 'NONE', #35, 0.1000000000000000500 ) ;
#2110 = CARTESIAN_POINT ( 'NONE',  ( 0.9088929734724067200, 0.9999999999953227400, -3.016040397197352600 ) ) ;
#2111 = CARTESIAN_POINT ( 'NONE',  ( -1.003179689386362700, 1.127450138194187300, 2.985989665971768400 ) ) ;
#2112 = DIRECTION ( 'NONE',  ( 0.0000000000000000000, 0.0000000000000000000, -1.000000000000000000 ) ) ;
#2113 = FACE_OUTER_BOUND ( 'NONE', #1963, .T. ) ;
#2114 = FACE_OUTER_BOUND ( 'NONE', #975, .T. ) ;
#2115 = AXIS2_PLACEMENT_3D ( 'NONE', #2069, #677, #853 ) ;
#2116 = CIRCLE ( 'NONE', #1951, 0.1000000000000000500 ) ;
#2117 = CIRCLE ( 'NONE', #2061, 0.3250000000000004000 ) ;
#2118 = CARTESIAN_POINT ( 'NONE',  ( 0.9947890741961988900, 1.068140442359824600, -2.988794857105431000 ) ) ;
#2119 = CARTESIAN_POINT ( 'NONE',  ( -3.300000000000001600, 1.100000000000000100, 1.000000000000000000 ) ) ;
#2120 = ORIENTED_EDGE ( 'NONE', *, *, #105, .F. ) ;
#2121 = CARTESIAN_POINT ( 'NONE',  ( 3.300000000000000700, 1.800000000000000000, -1.100000000000000100 ) ) ;
#2122 = EDGE_LOOP ( 'NONE', ( #96, #830, #381, #84 ) ) ;
#2123 = EDGE_CURVE ( 'NONE', #1144, #645, #1010, .T. ) ;
#2124 = EDGE_CURVE ( 'NONE', #87, #772, #982, .T. ) ;
#2125 = VERTEX_POINT ( 'NONE', #1167 ) ;
#2126 = ORIENTED_EDGE ( 'NONE', *, *, #2123, .F. ) ;
#2127 = CARTESIAN_POINT ( 'NONE',  ( 0.9000000000000012400, 1.100000000000000100, -1.182766006347824800E-016 ) ) ;
#2128 = DIRECTION ( 'NONE',  ( 0.0000000000000000000, 1.000000000000000000, 0.0000000000000000000 ) ) ;
#2129 = DIRECTION ( 'NONE',  ( 1.000000000000000000, -0.0000000000000000000, -0.0000000000000000000 ) ) ;
#2130 = CARTESIAN_POINT ( 'NONE',  ( -2.980289966043058800, 1.159981510654661200, 1.019986136328853800 ) ) ;
#2131 = ORIENTED_EDGE ( 'NONE', *, *, #1514, .T. ) ;
#2132 = CARTESIAN_POINT ( 'NONE',  ( -3.500000000000001300, 0.0000000000000000000, -0.3249999999999999000 ) ) ;
#2133 = DIRECTION ( 'NONE',  ( -1.000000000000000000, 0.0000000000000000000, -0.0000000000000000000 ) ) ;
#2134 = EDGE_LOOP ( 'NONE', ( #1457 ) ) ;
#2135 = AXIS2_PLACEMENT_3D ( 'NONE', #69, #1982, #1282 ) ;
#2136 = DIRECTION ( 'NONE',  ( -0.0000000000000000000, -0.0000000000000000000, 1.000000000000000000 ) ) ;
#2137 = CARTESIAN_POINT ( 'NONE',  ( 0.0000000000000000000, 1.000000000000000000, 0.0000000000000000000 ) ) ;
#2138 = CARTESIAN_POINT ( 'NONE',  ( 0.0000000000000000000, 1.899999999999999900, 0.0000000000000000000 ) ) ;
#2139 =( LENGTH_UNIT ( ) NAMED_UNIT ( * ) SI_UNIT ( .MILLI., .METRE. ) );
#2140 = VECTOR ( 'NONE', #1294, 1000.000000000000000 ) ;
#2141 = CARTESIAN_POINT ( 'NONE',  ( 3.013327057069425100, 1.001203861576388300, 0.9178456488475905700 ) ) ;
#2142 = FACE_OUTER_BOUND ( 'NONE', #2067, .T. ) ;
#2143 = CARTESIAN_POINT ( 'NONE',  ( 3.300000000000000700, 0.2999999999999999900, 3.299999999999999800 ) ) ;
#2144 = CARTESIAN_POINT ( 'NONE',  ( -1.425000000000001800, 0.0000000000000000000, 6.234162491791650500E-016 ) ) ;
#2145 = ADVANCED_FACE ( 'NONE', ( #172 ), #838, .T. ) ;
#2146 = CARTESIAN_POINT ( 'NONE',  ( -0.9735673690903291500, 1.031281587426773600, -2.995789166473793200 ) ) ;
#2147 = DIRECTION ( 'NONE',  ( 0.0000000000000000000, 0.0000000000000000000, 1.000000000000000000 ) ) ;
#2148 = FACE_BOUND ( 'NONE', #64, .T. ) ;
#2149 = FILL_AREA_STYLE ('',( #735 ) ) ;
#2150 = FACE_OUTER_BOUND ( 'NONE', #1377, .T. ) ;
#2151 = EDGE_CURVE ( 'NONE', #2185, #1542, #2109, .T. ) ;
#2152 = CARTESIAN_POINT ( 'NONE',  ( 2.951694428629088900, 1.899999999999999900, -1.100000000000000100 ) ) ;
#2153 = CARTESIAN_POINT ( 'NONE',  ( -8.485060480321328800E-017, 1.100000000000000100, 0.8999999999999996900 ) ) ;
#2154 = EDGE_LOOP ( 'NONE', ( #692, #667, #468, #2126 ) ) ;
#2155 = CARTESIAN_POINT ( 'NONE',  ( 3.001213812761541500, 1.017606917618908900, 0.9566690389519948400 ) ) ;
#2156 = VERTEX_POINT ( 'NONE', #650 ) ;
#2157 = DIRECTION ( 'NONE',  ( 0.0000000000000000000, -0.0000000000000000000, 1.000000000000000000 ) ) ;
#2158 = CARTESIAN_POINT ( 'NONE',  ( 1.100000000000001900, 1.899999999999999900, 2.951694428629088500 ) ) ;
#2159 = VERTEX_POINT ( 'NONE', #1486 ) ;
#2160 = ORIENTED_EDGE ( 'NONE', *, *, #786, .F. ) ;
#2161 = DIRECTION ( 'NONE',  ( 0.0000000000000000000, 1.000000000000000000, 0.0000000000000000000 ) ) ;
#2162 = ORIENTED_EDGE ( 'NONE', *, *, #1911, .F. ) ;
#2163 = DIRECTION ( 'NONE',  ( 0.0000000000000000000, 0.0000000000000000000, 1.000000000000000000 ) ) ;
#2164 = CARTESIAN_POINT ( 'NONE',  ( -1.799999999999999200, 1.200000000000000200, 3.299999999999999800 ) ) ;
#2165 = DIRECTION ( 'NONE',  ( 0.0000000000000000000, 0.0000000000000000000, -1.000000000000000000 ) ) ;
#2166 = CARTESIAN_POINT ( 'NONE',  ( 1.000449865365350200, 1.810928411962400300, -2.986904910382812700 ) ) ;
#2167 = CARTESIAN_POINT ( 'NONE',  ( 1.100000000000001000, 1.899999999999999900, -2.951694428629088500 ) ) ;
#2168 = ADVANCED_FACE ( 'NONE', ( #947 ), #486, .F. ) ;
#2169 = DIRECTION ( 'NONE',  ( -1.314184451497581300E-016, 0.0000000000000000000, -1.000000000000000000 ) ) ;
#2170 = CARTESIAN_POINT ( 'NONE',  ( -2.951694428629088900, 1.200000000000000200, -1.100000000000000100 ) ) ;
#2171 = DIRECTION ( 'NONE',  ( -2.828353493440445800E-016, 0.0000000000000000000, -1.000000000000000000 ) ) ;
#2172 = CIRCLE ( 'NONE', #343, 0.1000000000000000500 ) ;
#2173 = DIRECTION ( 'NONE',  ( 9.427844978134821400E-017, -0.0000000000000000000, -1.000000000000000000 ) ) ;
#2174 = VECTOR ( 'NONE', #1161, 1000.000000000000000 ) ;
#2175 = ORIENTED_EDGE ( 'NONE', *, *, #390, .T. ) ;
#2176 = SURFACE_SIDE_STYLE ('',( #1813 ) ) ;
#2177 = CLOSED_SHELL ( 'NONE', ( #56, #1349, #1621, #780 ) ) ;
#2178 = DIRECTION ( 'NONE',  ( 1.314184451497581300E-016, -0.0000000000000000000, 1.000000000000000000 ) ) ;
#2179 = AXIS2_PLACEMENT_3D ( 'NONE', #695, #173, #1398 ) ;
#2180 = ORIENTED_EDGE ( 'NONE', *, *, #1769, .T. ) ;
#2181 = CARTESIAN_POINT ( 'NONE',  ( 2.951694428629088900, 1.899999999999999900, 1.100000000000000100 ) ) ;
#2182 = ORIENTED_EDGE ( 'NONE', *, *, #354, .F. ) ;
#2183 = CARTESIAN_POINT ( 'NONE',  ( 2.000000000000000000, 0.1999999999999999800, -2.000000000000000000 ) ) ;
#2184 = DIRECTION ( 'NONE',  ( -0.0000000000000000000, -1.000000000000000000, -0.0000000000000000000 ) ) ;
#2185 = VERTEX_POINT ( 'NONE', #619 ) ;
#2186 = CARTESIAN_POINT ( 'NONE',  ( 1.575000000000000600, 0.8720054347853278800, -2.611871934073338500 ) ) ;
#2187 = ORIENTED_EDGE ( 'NONE', *, *, #1567, .T. ) ;
#2188 = EDGE_CURVE ( 'NONE', #937, #415, #594, .T. ) ;
#2189 = B_SPLINE_CURVE_WITH_KNOTS ( 'NONE', 3,
 ( #866, #1547, #1400, #164, #2082, #169, #1207, #1381, #339, #871, #344, #349, #527, #1735, #1725, #698 ),
 .UNSPECIFIED., .F., .F.,
 ( 4, 3, 3, 3, 3, 4 ),
 ( 0.0000000000000000000, 3.740423512006511700E-005, 7.489527431726953600E-005, 0.0001109589145255296100, 0.0001449120518475361900, 0.0001610784583162289500 ),
 .UNSPECIFIED. ) ;
#2190 = VERTEX_POINT ( 'NONE', #279 ) ;
#2191 = CARTESIAN_POINT ( 'NONE',  ( 1.008583791664947600, 1.841919141917595500, 2.984170165656697000 ) ) ;
#2192 = EDGE_CURVE ( 'NONE', #528, #777, #1380, .T. ) ;
#2193 = ADVANCED_FACE ( 'NONE', ( #198 ), #1502, .F. ) ;
#2194 = ADVANCED_FACE ( 'NONE', ( #510, #1402 ), #429, .T. ) ;
#2195 = CARTESIAN_POINT ( 'NONE',  ( 0.0000000000000000000, 1.000000000000000000, 0.0000000000000000000 ) ) ;
#2196 = FACE_OUTER_BOUND ( 'NONE', #1355, .T. ) ;
#2197 = CARTESIAN_POINT ( 'NONE',  ( 1.090831024916672600, 1.900000000003575100, 2.955111405838618300 ) ) ;
#2198 = FILL_AREA_STYLE ('',( #2002 ) ) ;
#2199 = FACE_OUTER_BOUND ( 'NONE', #1763, .T. ) ;
#2200 = VECTOR ( 'NONE', #2020, 1000.000000000000000 ) ;
#2201 = LINE ( 'NONE', #532, #1185 ) ;
#2202 = B_SPLINE_CURVE_WITH_KNOTS ( 'NONE', 3,
 ( #1351, #1318, #1155, #1845, #2191, #275, #299, #1509, #266, #1523, #463, #1493, #445, #1500, #2197, #977 ),
 .UNSPECIFIED., .F., .F.,
 ( 4, 3, 3, 3, 3, 4 ),
 ( 0.0000000000000000000, 3.225735829385235100E-005, 6.447218052397806500E-005, 9.734414413074846900E-005, 0.0001318568514794980100, 0.0001610781948975090100 ),
 .UNSPECIFIED. ) ;
#2203 = VECTOR ( 'NONE', #752, 1000.000000000000100 ) ;
#2204 = AXIS2_PLACEMENT_3D ( 'NONE', #127, #487, #2223 ) ;
#2205 = ORIENTED_EDGE ( 'NONE', *, *, #993, .T. ) ;
#2206 = CARTESIAN_POINT ( 'NONE',  ( -3.500000000000001300, 2.786463351831272900, -0.3249999999999999000 ) ) ;
#2207 = EDGE_LOOP ( 'NONE', ( #1429, #422, #2209, #2226, #648, #740, #274, #2248, #647, #1556, #1002, #2187, #2230, #1824, #852, #668 ) ) ;
#2208 = ORIENTED_EDGE ( 'NONE', *, *, #1104, .T. ) ;
#2209 = ORIENTED_EDGE ( 'NONE', *, *, #1947, .T. ) ;
#2210 = CARTESIAN_POINT ( 'NONE',  ( -2.000000000000000000, 0.2999999999999999900, 1.500000000000000000 ) ) ;
#2211 = ORIENTED_EDGE ( 'NONE', *, *, #287, .T. ) ;
#2212 = DIRECTION ( 'NONE',  ( -0.0000000000000000000, 1.000000000000000000, -0.0000000000000000000 ) ) ;
#2213 = MANIFOLD_SOLID_BREP ( 'Boss-Extrude2[2]', #665 ) ;
#2214 = VECTOR ( 'NONE', #1105, 1000.000000000000000 ) ;
#2215 =( NAMED_UNIT ( * ) PLANE_ANGLE_UNIT ( ) SI_UNIT ( $, .RADIAN. ) );
#2216 = EDGE_CURVE ( 'NONE', #1639, #87, #534, .T. ) ;
#2217 = VECTOR ( 'NONE', #2178, 1000.000000000000000 ) ;
#2218 = CARTESIAN_POINT ( 'NONE',  ( 1.000000000000000900, 1.100000000000000100, -3.299999999999999800 ) ) ;
#2219 = LINE ( 'NONE', #964, #1708 ) ;
#2220 =( NAMED_UNIT ( * ) SI_UNIT ( $, .STERADIAN. ) SOLID_ANGLE_UNIT ( ) );
#2221 = LINE ( 'NONE', #597, #793 ) ;
#2222 = VECTOR ( 'NONE', #1053, 1000.000000000000000 ) ;
#2223 = DIRECTION ( 'NONE',  ( 0.0000000000000000000, 0.0000000000000000000, 1.000000000000000000 ) ) ;
#2224 = ORIENTED_EDGE ( 'NONE', *, *, #595, .T. ) ;
#2225 = ORIENTED_EDGE ( 'NONE', *, *, #1383, .F. ) ;
#2226 = ORIENTED_EDGE ( 'NONE', *, *, #2232, .T. ) ;
#2227 = AXIS2_PLACEMENT_3D ( 'NONE', #2078, #2236, #1041 ) ;
#2228 = ORIENTED_EDGE ( 'NONE', *, *, #564, .T. ) ;
#2229 = ORIENTED_EDGE ( 'NONE', *, *, #973, .T. ) ;
#2230 = ORIENTED_EDGE ( 'NONE', *, *, #1498, .T. ) ;
#2231 = DIRECTION ( 'NONE',  ( 0.0000000000000000000, 1.000000000000000000, 0.0000000000000000000 ) ) ;
#2232 = EDGE_CURVE ( 'NONE', #2125, #1793, #264, .T. ) ;
#2233 = ORIENTED_EDGE ( 'NONE', *, *, #2151, .T. ) ;
#2234 = EDGE_CURVE ( 'NONE', #736, #1560, #72, .T. ) ;
#2235 = DIRECTION ( 'NONE',  ( -0.0000000000000000000, -0.0000000000000000000, -1.000000000000000000 ) ) ;
#2236 = DIRECTION ( 'NONE',  ( 1.000000000000000000, 0.0000000000000000000, 0.0000000000000000000 ) ) ;
#2237 = COLOUR_RGB ( '',0.2509803921568627400, 0.2509803921568627400, 0.2509803921568627400 ) ;
#2238 = AXIS2_PLACEMENT_3D ( 'NONE', #1983, #1482, #427 ) ;
#2239 = CARTESIAN_POINT ( 'NONE',  ( 0.9000000000000012400, 1.000000000000000000, -1.182766006347824800E-016 ) ) ;
#2240 = FACE_OUTER_BOUND ( 'NONE', #2253, .T. ) ;
#2241 = PRESENTATION_STYLE_ASSIGNMENT (( #1815 ) ) ;
#2242 = LINE ( 'NONE', #1283, #1127 ) ;
#2243 = MECHANICAL_DESIGN_GEOMETRIC_PRESENTATION_REPRESENTATION (  '', ( #987 ), #322 ) ;
#2244 = CIRCLE ( 'NONE', #301, 0.1000000000000000500 ) ;
#2245 = CARTESIAN_POINT ( 'NONE',  ( 0.0000000000000000000, 1.200000000000000200, 0.0000000000000000000 ) ) ;
#2246 = DIRECTION ( 'NONE',  ( -0.0000000000000000000, -1.000000000000000000, -0.0000000000000000000 ) ) ;
#2247 = DIRECTION ( 'NONE',  ( 0.0000000000000000000, 0.0000000000000000000, -1.000000000000000000 ) ) ;
#2248 = ORIENTED_EDGE ( 'NONE', *, *, #128, .T. ) ;
#2249 = EDGE_LOOP ( 'NONE', ( #1268, #188, #359, #1216, #1522, #711, #952, #1536 ) ) ;
#2250 = EDGE_LOOP ( 'NONE', ( #1758, #1350, #856, #2095 ) ) ;
#2251 = DIRECTION ( 'NONE',  ( 0.0000000000000000000, -1.000000000000000000, 0.0000000000000000000 ) ) ;
#2252 = EDGE_CURVE ( 'NONE', #313, #2190, #640, .T. ) ;
#2253 = EDGE_LOOP ( 'NONE', ( #1408 ) ) ;
#2254 = CARTESIAN_POINT ( 'NONE',  ( -1.076442403677545700, 1.197901108538340200, 2.960390253712587700 ) ) ;
#2255 = DIRECTION ( 'NONE',  ( 0.0000000000000000000, -1.000000000000000000, 0.0000000000000000000 ) ) ;
#2256 = ORIENTED_EDGE ( 'NONE', *, *, #515, .F. ) ;
ENDSEC;
END-ISO-10303-21;
